book_id,canonical_title,authors,observed_edition_count,earliest_observed_year,latest_observed_year,known_publication_languages_display,known_publication_language_count,multilingual_publication_evidence,observed_publication_countries,observed_publication_country_count,observed_publication_places,observed_publication_place_count,observed_publisher_count,observed_isbn_13_count,observed_format_count,minimum_observed_pages,maximum_observed_pages,known_publication_language_codes,observed_publishers,observed_isbn_10,observed_isbn_10_count,observed_isbn_13,observed_physical_formats,known_publication_languages,first_publish_year,earliest_vs_first_difference,year_discrepancy_flag
BOOK00001,Principle-Centered Leadership,['Stephen R. Covey'],21,1989,2012,English,1,False,"['xxk', 'nyu']",2,"['London', 'New York', 'New York, New York']",3,13,16,5,1,336,['eng'],"['Franklin Covey on Brilliance Audio', 'Simon & Schuster Audio', 'Simon & Schuster', 'Simon & Schuster (Trade Division)', 'Summit Books', 'Covey', 'Simon Schuster Trade', 'Free Press', 'Covey Leadership Center', 'Pocket Books', 'Cedar Fort', 'Simon & Schuster Inc.', 'Coach Series']","['145589348X', '0743501551', '068485841X', '0671711350', '0671711164', '0916095312', '188321906X', '1883219248', '0671011138', '0671317032', '0671792806', '0671749102', '1929494610', '0671755455', '002863912X', '0743468600', '155517048X', '1596590084']",18,"['9781455893485', '9780743501552', '9780671711351', '9780671711160', '9780916095314', '9781883219062', '9780684858418', '9781883219246', '9780671011130', '9780671317034', '9780671792800', '9781929494613', '9780671755454', '9780028639123', '9781555170486', '9781596590083']","['audio cd', 'Audio CD', 'Paperback', 'Hardcover', 'Audio Cassette']",['English'],1989.0,0.0,False
BOOK00002,Leadership in Organizations,['Gary A. Yukl'],26,1981,2020,"English, Turkish",2,True,"['nju', 'xxk', 'xxu', 'enk']",4,"['Upper Saddle River, N.J', 'London', 'Englewood Cliffs, NJ', 'Englewood Cliffs, N.J', 'Upper Saddle River, NJ']",5,12,14,4,338,648,"['eng', 'tur']","['Pearson Education', 'PEARSON EDUCATION', 'PEARSON INDIA', 'Nobel Akademik Yayincilik', 'Pearson Higher Education & Professional Group', 'Pearson Education, Limited', 'Pearson', 'Prentice-Hall International', 'Prentice-Hall', 'Prentice Hall', 'Prentice Hall College Div', 'Pearson/Prentice Hall']","['0132771977', '8129700999', '9332518130', '9332575215', '6053208469', '0135271851', '0130647500', '0139067027', '0134895134', '0132771861', '0135308747', '0536867038', '0135271762', '0130323128', '0132424312', '0138975213', '013527169X', '0131494848']",18,"['9780132771979', '9788129700995', '9789332518131', '9789332575219', '9786053208464', '9780273765660', '9780138157142', '9780132771863', '9780138142681', '9780134895130', '9780136072805', '9780536867032', '9780130323125', '9780132424318']","['Paperback', 'paperback', 'hardcover', 'Hardcover']","['English', 'Turkish']",1981.0,0.0,False
BOOK00003,Kepemimpinan =,['Karjadi M.'],1,1977,1977,Indonesian,1,False,['io'],1,['Bogor'],1,1,0,0,102,102,['ind'],['Politeia'],[],0,[],[],['Indonesian'],1977.0,0.0,False
BOOK00004,Spiritual leadership,['J. Oswald Sanders'],8,1967,2006,English,1,False,"['enk', 'ilu']",2,"['Basingstoke', 'Bromley', 'Chicago']",3,5,4,4,159,255,['eng'],"['Moody Press', 'Marshall Pickering', 'STL Books', 'Lifeway', 'Hovel Audio']","['0802482228', '055100651X', '0903843463', '0802482473', '0767394496', '1596441801', '0802467997', '080248221X']",8,"['9780802482228', '9780802482471', '9780767394499', '9781596441804']","['Hardcover', 'Paperback', 'Unknown Binding', 'Audio CD']",['English'],1967.0,0.0,False
BOOK00005,Leadership,['Peter Guy Northouse'],5,1997,2010,English,1,False,['cau'],1,"['Thousand Oaks', 'Thousand Oaks,  Calif', 'Thousand Oaks, CA', 'Thousand Oaks, Calif']",4,2,2,0,274,395,['eng'],"['SAGE Publications', 'Sage Publications']","['141294161X', '0761919252', '0761919260', '0803957688', '0803957696']",5,"['9781412941617', '9781412974882']",[],['English'],1997.0,0.0,False
BOOK00006,The 21 Irrefutable Laws of Leadership,['John C. Maxwell'],12,1998,2007,"Spanish, Mandarin Chinese, English",3,True,['tnu'],1,"['Nashville', 'Nashville, Tenn']",2,5,9,3,180,368,"['spa', 'cmn', 'eng']","['Grupo Nelson', 'Xinhua Publishing House', 'Thomas Nelson', 'Nelson, Thomas@ Publishing Co', 'Thomas Nelson Publishers']","['0881138983', '7501161283', '0785288376', '1602550689', '0785270345', '0785261362', '1602550271', '0785289054', '0785289356', '0785274316', '0881139319']",11,"['9780881138986', '9780785288374', '9781602550681', '9780785270348', '9780785261360', '9781602550278', '9780785289050', '9780785289357', '9780881139310']","['Audio CD', 'Hardcover', 'Paperback']","['Spanish', 'Mandarin Chinese', 'English']",1998.0,0.0,False
BOOK00007,Leadership,['Peter G. Northouse'],8,2000,2021,English,1,False,[],0,[],0,3,8,2,312,600,['eng'],"['SAGE Publications, Inc', 'SAGE Publications, Incorporated', 'Sage Publications, Inc']","['1544397569', '1506362311', '0761919260', '141294161X', '076192566X']",5,"['9781544397566', '9781544331942', '9781544327839', '9781483393643', '9781506362311', '9780761919261', '9781412941617', '9780761925668']","['paperback', 'Paperback']",['English'],2000.0,0.0,False
BOOK00008,Leadership and performance beyond expectations,['Bernard M. Bass'],1,1985,1985,English,1,False,['nyu'],1,"['New York', 'London']",2,2,0,0,256,256,['eng'],"['Free Press', 'Collier Macmillan']",['0029018102'],1,[],[],['English'],1985.0,0.0,False
BOOK00009,A Higher Loyalty,"['James Comey', 'James B. Comey', 'James Comey']",9,2018,2019,English,1,False,"['meu', 'nyu']",2,[],0,4,8,2,290,469,['eng'],"['Large Print Press', 'Pan Macmillan', 'Flatiron Books', 'PAN MACMILLAN']","['1432868284', '1529000831', '1432855832', '1427298297', '1250192471', '1250192455']",6,"['9781432868284', '9781529000825', '9781250192462', '9781529000832', '9781529000863', '9781432855833', '9781427298294', '9781250192479']","['paperback', '[sound recording] :']",['English'],2018.0,0.0,False
BOOK00010,Leadership and Self Deception,"['The Arbinger Institute', 'Dick Ruhe']",31,2000,2025,"English, Spanish, Chinese",3,True,"['cc', 'cau', 'nyu']",3,"['Beijing', 'San Francisco', 'San Francisco, Calif']",3,14,29,6,175,372,"['eng', 'spa', 'chi']","['ReadHowYouWant.com, Limited', 'Empresa Activa', 'Ediciones Urano S. A.', 'Berrett-Koehler Publishers, Incorporated', 'Berrett-Koehler Publishers', 'Penguin Books, Limited', 'ReadHowYouWant', 'Dreamscape Media', 'Dang dai Zhongguo chu ban she', 'Berrett-Koehler', 'Penguin Books', 'Penguin', 'Berrett-Koehler Publishers, Inc.', 'The Audio Partners']","['8495787059', '0369304632', '1974922200', '1974922219', '7801703278', '1576750949', '1459626184', '1523097809', '014103632X', '1576751740', '1609946960', '1576759776', '1572704446']",13,"['9781038701763', '9788416997107', '9788492921577', '9788495787057', '9781523006564', '9781282299139', '9781282467149', '9781583763872', '9781576755020', '9781626566248', '9780141030067', '9781427087867', '9781458769558', '9781523097814', '9781523097821', '9780369304636', '9781974922208', '9781974922215', '9787801703279', '9781576750940', '9781459626188', '9781576759776', '9781523097807', '9780141036328', '9781576751749', '9781609946968', '9781576759783', '9781605095288', '9781572704442']","['Paperback', 'paperback', 'audio cd', 'Hardcover', 'eBook', 'Audio CD']","['English', 'Spanish', 'Chinese']",2000.0,0.0,False
BOOK00011,Leadership,['Elesa Zehndorfer'],12,2013,2020,English,1,False,['enk'],1,[],0,2,13,0,284,302,['eng'],"['Routledge', 'Taylor & Francis Group']","['0415625939', '0415625947']",2,"['9781306218382', '9781317975724', '9781315871448', '9781003011507', '9781000194197', '9781000194234', '9781000194159', '9780367406165', '9780367374822', '9781317975748', '9781317975731', '9780415625937', '9780415625944']",[],['English'],2013.0,0.0,False
BOOK00012,Leadership,"['Richard L. Hughes', 'Robert C. Ginnett', 'Gordon J Curphy', 'Richard Hughes', 'Robert Ginnett', 'Gordon Curphy', 'Gordon J. Curphy']",11,1993,2018,English,1,False,"['ilu', 'mau']",2,"['Homewood, IL', 'Boston, Mass', 'Boston', 'Chicago']",4,8,6,2,543,786,['eng'],"['McGraw-Hill Education', 'McGraw Hill', 'McGraw-Hill Companies', 'McGraw-Hill/Irwin', 'Irwin', 'Irwin/McGraw Hill', 'McGraw-Hill', 'McGraw-Hill Irwin']","['1259963268', '0256261431', '0072445297', '0256102783', '0073405043', '0256162123']",6,"['9781259963261', '9781260092530', '9780077862404', '9780256261431', '9780072445299', '9780073405049']","['hardcover', 'Hardcover']",['English'],1993.0,0.0,False
BOOK00013,Lincoln on Leadership,['Donald T. Phillips'],3,1992,1999,English,1,False,['nyu'],1,['New York'],1,3,2,1,188,208,['eng'],"['Warner Books', 'Business Plus', 'Recorded Books INc']","['0446516465', '0446394599', '078873573X']",3,"['9780446394598', '9780788735738']",['Audio cassette'],['English'],1992.0,0.0,False
BOOK00014,Leadership,['James MacGregor Burns'],4,1978,1979,English,1,False,"['nyu', 'xxu']",2,['New York'],1,3,0,0,530,530,['eng'],"['Harper & Row', 'Harper and Row', 'Perennial']","['0060105887', '0060906979', '0061319759']",3,[],[],['English'],1978.0,0.0,False
BOOK00015,Leadership,['Robert N. Lussier'],5,2000,2014,English,1,False,['ohu'],1,"['Cincinnati, Ohio']",1,5,4,1,450,552,['eng'],"['Cengage Learning', 'Cengage', 'South-Western Educational Publishing', 'South-Western College Pub.', 'South-Western College Pub']","['0324041667', '0324155565']",2,"['9781285866352', '9781111827076', '9780324041668', '9780324155563']",['Paperback'],['English'],2000.0,0.0,False
BOOK00016,The leadership challenge,"['James M. Kouzes', 'Barry Z. Posner', 'Elaine Biech', 'Barry Posner']",40,1987,2023,"English, German",2,True,"['cau', 'xxu', 'nyu']",3,"['San Francisco', 'New York', 'San Francisco, Calif', 'San Francisco, CA']",4,10,31,6,350,800,"['eng', 'ger']","['Jossey-Bass', 'Coach Series', 'Wiley & Sons, Incorporated, John', 'Wiley & Sons, Limited, John', 'Center for Creative Leadership', 'Jossey-Bass Inc Pub', 'Pfeiffer & Company', 'Pfeiffer & Co', 'John Wiley & Sons, Ltd.', 'Jossey Bass Wiley']","['1596591226', '155542211X', '0787909882', '0787958816', '0787974005', '0787956783', '0787968331', '1555420613', '0787997463', '0787901105', '0787984914', '0787995703']",12,"['9781596591226', '9781118606919', '9781118596999', '9780470594568', '9780470559727', '9781119278986', '9781596599857', '9783527503742', '9781119736127', '9781119736165', '9781119736158', '9780787984922', '9780470947609', '9780470947593', '9781118282489', '9780470403822', '9780787983505', '9780470594551', '9780470594575', '9781118281963', '9781118284315', '9781119278979', '9781555422110', '9780787909888', '9780787958817', '9780787974008', '9780787964214', '9780787997465', '9780787997106', '9780787984915', '9780787995706']","['Audio CD', 'Paperback', 'Ring-bound', 'Hardcover', 'Electronic resource', 'eBook']","['English', 'German']",1987.0,0.0,False
BOOK00017,ORGANIZATIONAL CULTURE AND LEADERSHIP,"['Schein, Edgar H.', 'Peter Schein']",10,1991,2017,English,1,False,[],0,[],0,2,10,0,416,464,['eng'],"['Wiley & Sons, Incorporated, John', 'JOHN WILEY']",[],0,"['9781555423315', '9781118207833', '9780470244951', '9780787985059', '9780470640562', '9781119212133', '9781119212058', '9780470640579', '9780470640555', '9781119212041']",[],['English'],1991.0,0.0,False
BOOK00018,Leadership,['Richard L. Hughes'],1,2012,2012,English,1,False,['nyu'],1,['New York'],1,1,1,0,716,716,['eng'],['McGraw-Hill Irwin'],['0078112656'],1,['9780078112652'],[],['English'],2012.0,0.0,False
BOOK00019,Leadership In Turbulent Times,"['Doris Kearns Goodwin', 'Doris Kearns Goodwin']",11,2018,2019,"English, Spanish",2,True,['miu'],1,"['Nashville', 'New York', 'Farmington Hills, MI', 'New York, USA']",4,8,11,6,473,921,"['eng', 'spa']","['Penguin Books, Limited', 'Grupo Nelson', 'Large Print Press', 'Simon & Schuster Audio', 'Viking', 'Simon & Schuster Paperbacks', 'Thorndike Press', 'Simon & Schuster']","['1404111298', '1432869213', '1508232954', '1476795932', '1432853821', '1476795940', '0241300711', '1476795924']",8,"['9780241987711', '9781404111295', '9781432869212', '9781508232957', '9780241300732', '9780241300725', '9781476795935', '9781432853822', '9781476795942', '9780241300718', '9781476795928']","['Hardcover', 'paperback', 'audio cd', 'Paperback', 'Epub', 'hardcover']","['English', 'Spanish']",2018.0,0.0,False
BOOK00020,Leadership,"['Michael Z. Hackman', 'Craig E. Johnson']",7,1991,2018,English,1,False,['ilu'],1,"['Long Grove, Illinois', 'Prospect Heights, Ill', 'Long Grove, Ill']",3,3,3,2,254,574,['eng'],"['Waveland Press', 'Waveland Press, Inc.', 'Waveland Pr Inc']","['1478602597', '1478635029', '1577662849', '0881338869', '0881335339', '1577660692']",6,"['9781478602590', '9781478635024', '9781577662846']","['paperback', 'Paperback']",['English'],1991.0,0.0,False
BOOK00021,Transformational Leadership,"['Bernard M. Bass', 'Ronald E. Riggio']",9,2005,2023,English,1,False,[],0,[],0,2,9,1,282,296,['eng'],"['Taylor & Francis Group', 'Lawrence Erlbaum Associates, Inc.']",['0805847618'],1,"['9781410617095', '9781135618865', '9781138671799', '9781135618896', '9781135618841', '9781135618889', '9781282375628', '9781138672185', '9780805847611']",['Hardcover'],['English'],2005.0,0.0,False
BOOK00022,Tribal leadership,"['David Logan', 'Dave Logan', 'John King', 'Halee Fischer-Wright', 'King, John, III', 'John King (undifferentiated)']",13,2007,2012,English,1,False,['nyu'],1,['New York'],1,5,10,3,297,320,['eng'],"['HarperCollins Publishers', 'HarperBusiness', 'Harper Business', 'Collins', 'HarperCollins']","['0061251321', '0061251305']",2,"['9780062196798', '9780061542411', '9780061542428', '9780061542398', '9780061542435', '9780061251320', '9780061251306', '9780061542381', '9780061754722', '9780061542404']","['paperback', 'Hardcover', 'Electronic resource']",['English'],2007.0,0.0,False
BOOK00023,Tough Minded Leadership,['Joe D. Batten'],3,1989,2001,English,1,False,['nyu'],1,"['New York, NY']",1,3,2,1,236,254,['eng'],"['Resource Publications (OR)', 'AMACOM', 'AMACOM/American Management Association']","['157910732X', '0814459013', '0814477615']",3,"['9781579107321', '9780814477618']",['Paperback'],['English'],1989.0,0.0,False
BOOK00024,Transforming Leadership,['James MacGregor Burns'],6,2003,2004,English,1,False,[],0,[],0,5,6,5,240,320,['eng'],"['Blackstone Audiobooks', 'Atlantic Books', 'Grove Press', 'Atlantic Monthly Press', 'Grove/Atlantic, Incorporated']","['0786186216', '0786126418', '1843541688', '0786187387', '0802141188', '0871138662']",6,"['9780786186211', '9780786126415', '9781843541684', '9780786187386', '9780802141187', '9780871138668']","['MP3 CD', 'Audio Cassette', 'Hardcover', 'Audio CD', 'Paperback']",['English'],2003.0,0.0,False
BOOK00025,Leadership,['Rudolph W. Giuliani'],5,2002,2004,"Russian, Chinese, English",3,True,"['ru', 'ch', 'meu', 'nyu']",4,"['Moskva', 'Taibei Shi', 'Waterville, Me', 'Bath, England', 'New York']",5,7,0,0,407,640,"['rus', 'chi', 'eng']","['Izd-vo ""AST""', '""Tranzitkniga""', 'Da kuai wen hua', 'Thorndike Press', 'Chivers Press', 'Talk Miramax Books', 'Hyperion']","['5170249020', '5957810010', '9867975588', '0786251638', '0786868414']",5,[],[],"['Russian', 'Chinese', 'English']",2002.0,0.0,False
BOOK00026,Transformation leadership,"['Bernard M. Bass', 'Ronald E. Riggio']",1,2005,2005,English,1,False,[],0,[],0,1,1,1,296,296,['eng'],"['Lawrence Erlbaum Associates, Inc.']",['0805847626'],1,['9780805847628'],['Paperback'],['English'],2005.0,0.0,False
BOOK00027,Las cinco disfunciones de un equipo,['Patrick Lencioni'],18,2002,2022,"English, Spanish",2,True,"['cau', 'nyu']",2,"['San Francisco', 'New York']",2,7,13,6,184,600,"['eng', 'spa']","['Empresa Activa', 'Wiley & Sons, Incorporated, John', 'Jossey-Bass', 'Singapore', 'Books on Tape', 'John Wiley & Sons, Ltd.', 'Ediciones Urano']","['8416997640', '0787960756', '1415929769', '1415929777', '8495787326']",5,"['9788416997640', '9788495787323', '9781118176740', '9781118118795', '9780470893869', '9781118294338', '9781118179147', '9781118179154', '9781118179130', '9780787960759', '9780470823385', '9781415929773', '9780787962807']","['paperback', 'Paperback', 'Audio cassette', 'Hardcover', 'Audio CD', 'Electronic resource']","['English', 'Spanish']",2002.0,0.0,False
BOOK00028,The Tao of leadership,['John Heider'],14,1985,2005,"English, Spanish",2,True,"['xxk', 'gau', 'mx']",3,"['Atlanta, Ga', 'México', 'Aldershot']",3,11,8,5,161,196,"['eng', 'spa']","['Bantam Books', 'Humanics Pub Group', 'Humanics Ltd Partners', 'Lightning Source UK Ltd', 'Gower Pub Co', 'Humanics Publishing Group', 'Humanics New Age', 'Bantam', 'Ediciones Castillo', 'Wildwood House', 'Tandem Library']","['0704530791', '0893341207', '0893341940', '0566074729', '0893340790', '0553257889', '968741569X', '0704505282', '0613913426', '0553278207']",10,"['9780704530799', '9780893341206', '9780566074721', '9780893340797', '9780553257885', '9780893341947', '9780613913423', '9780553278200']","['Paperback', 'Audio cassette', 'Mass Market Paperback', 'Hardcover', 'School & Library Binding']","['English', 'Spanish']",1985.0,0.0,False
BOOK00029,The student leadership challenge,"['James M. Kouzes', 'Barry Z. Posner', 'Beth High', 'Gary M. Morgan', 'Martin Tan']",39,2000,2024,English,1,False,['cau'],1,['San Francisco'],1,5,39,1,1,336,['eng'],"['Wiley & Sons, Incorporated, John', 'Wiley & Sons, Limited, John', 'Jossey-Bass', 'The Leadership Challenge, A Wiley Brand', 'John Wiley & Sons Inc']",['1119421918'],1,"['9781394279975', '9781394279999', '9781394279982', '9781118718469', '9781118692981', '9781394206094', '9781394206100', '9780470887011', '9781118612484', '9781118718360', '9780470614976', '9780470596555', '9780470596630', '9781118599679', '9781118599990', '9781118600290', '9781118602560', '9781118602577', '9781118602584', '9781118602539', '9781118602553', '9781118599655', '9781118599723', '9781119422242', '9781119422259', '9781118718575', '9781118718582', '9781118754849', '9781118754757', '9781118718537', '9781118754788', '9781118693209', '9781118441275', '9781119421917', '9781118390085', '9781118390092', '9780470596470', '9781118390078', '9780470177051']",['paperback'],['English'],2000.0,0.0,False
BOOK00030,Reframing Organizations,['Lee G. Bolman'],36,1991,2021,English,1,False,"['cau', 'nyu']",2,"['San Francisco, CA', 'San Francisco', 'New York']",3,8,35,3,2,544,['eng'],"['Wiley & Sons, Incorporated, John', 'Wiley & Sons, Limited, John', 'Jossey-Bass', 'Jossey-Bass, a Wiley brand', 'Wiley-Interscience', 'John Wiley & Sons', 'John Wiley & Sons, Ltd.', 'Jossey-Bass Publishers']","['1118557387', '1118573331', '1119281822', '111806481X', '1119281814', '1555422993', '155542323X', '0787987999', '0787964263', '0787964271', '0787908223', '0787908215']",12,"['9781119366188', '9781119275114', '9781119366348', '9781119275251', '9781119193838', '9781119275213', '9781119193852', '9781119275183', '9781119366201', '9781119283270', '9781118922637', '9781118850923', '9781119281856', '9781118717523', '9780470605073', '9781118047392', '9780470540381', '9781119756835', '9781119855125', '9781119756842', '9781119756859', '9781118573396', '9781119281832', '9781119281849', '9780470327746', '9781118557389', '9781118573334', '9781118573235', '9781118573310', '9781119281825', '9781118064818', '9781119281818', '9780787972554', '9780787987985', '9780787987992']","['paperback', 'hardcover', 'Electronic resource']",['English'],1991.0,0.0,False
BOOK00031,Wooden on Leadership,['John Wooden'],3,2005,2009,English,1,False,['nyu'],1,['New York'],1,1,2,2,256,256,['eng'],['McGraw-Hill'],['0071453393'],1,"['9780071467100', '9780071453394']","['eBook', 'Hardcover']",['English'],2005.0,0.0,False
BOOK00032,Brand leadership,"['David A. Aaker', 'Erich Joachimsthaler']",5,2000,2012,English,1,False,['nyu'],1,['New York'],1,2,4,1,351,368,['eng'],"['Simon & Schuster, Limited', 'Free Press']",['0684839245'],1,"['9781471104374', '9781439172919', '9780743203784', '9780684839240']",['Hardcover'],['English'],2000.0,0.0,False
BOOK00033,SuperVision and Instructional Leadership,"['Carl D. Glickman', 'Stephen P. Gordon', 'Jovita M. Ross-Gordon']",15,2000,2023,English,1,False,['mau'],1,"['Boston, Mass', 'Boston']",2,8,12,2,382,528,['eng'],"['Pearson Education', 'Pearson Education, Limited', 'Pearson Education Canada', 'Pearson', 'Allyn & Bacon', 'Pearson Allyn & Bacon', 'Allyn and Bacon', 'Pearson/Allyn and Bacon']","['0134449894', '0205489532', '0205380794', '0205322026', '0205625037']",5,"['9780137878864', '9780134521947', '9780133398649', '9780205679393', '9780205620456', '9780134290089', '9780132852135', '9780134449890', '9780205489534', '9780205380794', '9780205322022', '9780205625031']","['paperback', 'Hardcover']",['English'],2000.0,0.0,False
BOOK00034,Leadership,['Simon Western'],13,2007,2019,English,1,False,['cau'],1,['Los Angeles'],1,6,10,2,234,456,['eng'],"['SAGE Publications, Limited', 'SAGE Publications, Incorporated', 'SAGE Publications Ltd', 'Sage Publications Ltd', 'Sage Publications', 'SAGE']","['1446280292', '1412923050', '1412923042']",3,"['9781446294208', '9780857029485', '9781446280294', '9781282795006', '9781526459510', '9781526459527', '9781446269909', '9781446269893', '9781412923057', '9781412923040']","['Paperback', 'Hardcover']",['English'],2007.0,0.0,False
BOOK00035,Leadership Strategy and Tactics,['Jocko Willink'],7,2020,2023,English,1,False,[],0,[],0,3,7,2,320,320,['eng'],"[""St. Martin's Press"", 'Pan Macmillan', 'Macmillan Audio']","['1250259940', '1250226848']",2,"['9781250334794', '9781250334800', '9781529033007', '9781250226853', '9781250259943', '9781529032970', '9781250226846']","['audio cd', 'hardcover']",['English'],2020.0,0.0,False
BOOK00036,Leadership,['Henry Kissinger'],10,2022,2023,English,1,False,[],0,[],0,5,7,2,336,944,['eng'],"['Debate', 'Random House Espanol', 'Penguin Books, Limited', 'Penguin Publishing Group', 'Penguin Audio']","['8418967285', '0593587065']",2,"['9788418967283', '9780141998688', '9780593489451', '9780141998695', '9780593587065', '9780593489444', '9780241542002']","['paperback', 'audio cd']",['English'],2022.0,0.0,False
BOOK00037,Improving organizational effectiveness through transformational leadership,"['Bernard M. Bass', 'Bruce J. Avolio']",2,1994,2012,English,1,False,['cau'],1,['Thousand Oaks'],1,2,1,0,238,238,['eng'],"['SAGE Publications, Incorporated', 'Sage Publications']","['080395235X', '0803952368']",2,['9781452254494'],[],['English'],1994.0,0.0,False
BOOK00038,Introduction to Leadership,['Peter G. Northouse'],5,2011,2020,English,1,False,[],0,[],0,2,5,1,248,432,['eng'],"['SAGE Publications, Incorporated', 'SAGE Publications, Inc']","['1544351593', '1506330088']",2,"['9781506389844', '9781544351599', '9781452259666', '9781412997768', '9781506330082']",['paperback'],['English'],2011.0,0.0,False
BOOK00039,Teacher leadership,"['Ann Lieberman', 'Lynne Miller']",7,1950,2014,English,1,False,[],0,[],0,3,7,1,112,160,['eng'],"['Wiley & Sons, Limited, John', 'Wiley & Sons, Incorporated, John', 'Jossey-Bass']",['0787962457'],1,"['9780470947180', '9781118137178', '9781118137185', '9781118137161', '9780471223405', '9781118113349', '9780787962456']",['Paperback'],['English'],1950.0,0.0,False
BOOK00040,HR leadership,['Linda Holbeche'],8,2010,2017,English,1,False,['enk'],1,['Amsterdam'],1,3,9,1,241,242,['eng'],"['Routledge', 'Taylor & Francis Group', 'Butterworth-Heinemann']","['075068173X', '0080941591']",2,"['9781282618497', '9781136439193', '9781136439247', '9781136439230', '9781136439186', '9781136439216', '9781138433823', '9780750681735', '9780080941592']",['[electronic resource] /'],['English'],2010.0,0.0,False
BOOK00041,Leadership in health care,"['Jill Barr', 'Lesley L Dowding']",16,2008,2025,English,1,False,['cau'],1,"['Los Angeles, CA']",1,6,15,2,253,392,['eng'],"['SAGE Publications, Limited', 'CQ Press', 'SAGE Publications, Incorporated', 'SAGE Publications Ltd', 'Sage Publications Ltd', 'Sage Publications']","['141292068X', '1412920671']",2,"['9781036201432', '9781036201449', '9781473943339', '9781473943346', '9781446258583', '9781446206300', '9781280299827', '9781529770629', '9781529770605', '9781526459404', '9781526459398', '9781473904552', '9781473904569', '9781412920681', '9781412920674']","['Paperback', 'Hardcover']",['English'],2008.0,0.0,False
BOOK00042,Organizational culture and leadership,"['Schein, Edgar H.']",5,1985,1992,English,1,False,"['xx', 'cau']",2,"['USA', 'San Francisco']",2,2,0,0,358,418,['eng'],"['Jossey-Bass', 'Jossey-Bass Publishers']","['1555424872', '0875896391']",2,[],[],['English'],1985.0,0.0,False
BOOK00043,Leadership and the one minute manager,"['Kenneth H. Blanchard', 'Patricia Zigarmi', 'Drea Zigarmi']",7,1985,2000,"English, Chinese",2,True,"['enk', 'ch', 'xxk', 'nyu']",4,"['London', 'Taibei Shi', '(London)', 'New York']",4,6,1,1,111,113,"['eng', 'chi']","['HarperCollins Business', 'HarperCollinsBusiness', 'Chang he chu ban she', 'Fontana', 'Morrow', 'Collins']","['0007103417', '0006370802', '0688039693', '0002182076']",4,['9780007103416'],['Paperback'],"['English', 'Chinese']",1985.0,0.0,False
BOOK00044,School leadership and administration,"['Richard A. Gorton', 'Judy A. Alston', 'Petra E. Snowden']",7,1987,2018,English,1,False,"['iau', 'nyu', 'wiu', 'mau']",4,"['Dubuque, Iowa', 'New York, NY', 'Madison, Wis', 'Boston']",4,5,4,1,326,464,['eng'],"['McGraw-Hill Education', 'McGraw-Hill Humanities/Social Sciences/Languages', 'W.C. Brown Publishers', 'McGraw-Hill', 'Brown & Benchmark']","['0073010308', '0697009750', '0073378658', '069710317X']",4,"['9780078110351', '9781259672255', '9780073010304', '9780073378657']",['Paperback'],['English'],1987.0,0.0,False
BOOK00045,Leadership Is an Art,['Max DePree'],7,1989,2009,English,1,False,[],0,[],0,6,7,3,136,176,['eng'],"['Crown Publishing Group, The', 'Media Books Audio Publishing', 'Crown Business', 'Currency', 'Dell', 'Phoenix Audio']","['0385513380', '1578151376', '0385512465', '0385427387', '0440503248', '0385264968', '1597771619']",7,"['9780385513388', '9781578151370', '9780385512466', '9780385427388', '9780440503248', '9780385264969', '9781597771610']","['Audio Cassette', 'Paperback', 'Audio CD']",['English'],1989.0,0.0,False
BOOK00046,Small unit leadership,['Dandridge M. Malone'],2,1983,2009,English,1,False,"['nyu', 'cau']",2,"['New York', 'Novato, CA']",2,2,1,1,170,170,['eng'],"['Random House Publishing Group', 'Presidio Press']",['0891411739'],1,['9780307546715'],['E-book'],['English'],1983.0,0.0,False
BOOK00047,Leadership Wisdom from the Monk Who Sold His Ferrari,['Robin S. Sharma'],22,1998,2018,"Spanish, Hebrew, English",3,True,"['is', 'sp']",2,"['Yerushalayim', 'Barcelona']",2,15,17,4,240,288,"['spa', 'heb', 'eng']","['Debolsillo', 'DEBOLSILLO', 'Grijalbo Mondadori Sa', 'Plaza y Janes', 'Keter', 'HarperCollins Canada, Limited', 'HarperCollins Publishers Limited', 'Hay House', 'HarperCollins Publishers Australia', 'HighBridge Audio', 'HarperCollins Publishers', 'Jaico Publishing House', 'Hay House Inc', 'Harpercollins Canada', 'Plaza & Janés Editores']","['8499086152', '0307274292', '8425338441', '9506440565', '8497597648', '1400002699', '9650711279', '1401900135', '1684414288', '0002557223', '8179922316', '1401905463', '0006385621', '8401378052']",14,"['9788499086156', '9780307274298', '9788425338441', '9789506440565', '9788497597647', '9781400002696', '9788184950632', '9781443409025', '9780007549627', '9780007382767', '9781401900137', '9780007348404', '9781684414284', '9780002557221', '9788179922316', '9781401905460', '9780006385622']","['mass market paperback', 'Paperback', 'audio cd', 'Hardcover']","['Spanish', 'Hebrew', 'English']",1998.0,0.0,False
BOOK00048,Monday morning leadership,['David Cottrell'],1,2002,2002,English,1,False,['txu'],1,"['Dallas, Tex']",1,1,0,0,112,112,['eng'],['CornerStone Leadership Institute'],['0971942439'],1,[],[],['English'],2002.0,0.0,False
BOOK00049,Leadership for dummies,['Marshall Loeb'],3,1999,2010,English,1,False,['inu'],1,"['Foster City, CA']",1,2,2,0,358,384,['eng'],"['Wiley & Sons, Incorporated, John', 'IDG Books Worldwide']",['0764551760'],1,"['9781118055786', '9781118053492']",[],['English'],1999.0,0.0,False
BOOK00050,Leadership,['Peter Guy Northouse'],2,2010,2016,English,1,False,['cau'],1,['Thousand Oaks'],1,2,3,0,435,494,['eng'],"['SAGE Publications, Inc', 'Sage Publications']","['1483317536', '1506311164']",2,"['9781483317533', '9781506311166', '9781412974882']",[],['English'],2010.0,0.0,False
BOOK00051,Curriculum leadership,"['Allan A. Glatthorn', 'Floyd Boschee', 'Bruce M. Whitehead']",4,1987,2008,English,1,False,"['cau', 'ilu']",2,"['Thousand Oaks, Calif', 'Thousand Oaks', 'Glenview, Ill']",3,4,2,1,372,488,['eng'],"['Sage Publications, Inc', 'Sage Publications', 'SAGE Publications', 'Scott, Foresman']","['1412904269', '0673182673']",2,"['9781412904261', '9781412967815']",['Hardcover'],['English'],1987.0,0.0,False
BOOK00052,Transformational leadership development,['Bernard M. Bass'],1,1990,1990,English,1,False,['cau'],1,"['Palo Alto, Calif']",1,1,0,0,65,65,['eng'],['Consulting Psychologists Press'],[],0,[],[],['English'],1990.0,0.0,False
BOOK00053,Full range leadership development,['Bruce J. Avolio'],4,2010,2014,English,1,False,['cau'],1,['Thousand Oaks'],1,2,4,0,264,264,['eng'],"['SAGE Publications, Incorporated', 'SAGE Publications']",['1483349101'],1,"['9781483349107', '9781322282541', '9781452206264', '9781412974752']",[],['English'],2010.0,0.0,False
BOOK00054,Leadership Development in Balance,['Bruce J. Avolio'],7,2004,2005,English,1,False,[],0,[],0,2,7,2,176,248,['eng'],"['Taylor & Francis Group', 'Lawrence Erlbaum']","['0805832831', '080583284X']",2,"['9781410611819', '9781135705664', '9781135705640', '9781135705695', '9781135705688', '9780805832839', '9780805832846']","['Hardcover', 'Paperback']",['English'],2004.0,0.0,False
BOOK00055,Full range leadership development,['John J. Sosik'],8,2010,2018,English,1,False,['nyu'],1,['New York'],1,2,9,1,330,424,['eng'],"['Taylor & Francis Group', 'Routledge']",['1138053678'],1,"['9781351682268', '9781315167206', '9781351682282', '9781351682275', '9780203843161', '9781138053649', '9781138053670', '9781848728059', '9781848728066']",['paperback'],['English'],2010.0,0.0,False
BOOK00056,Leadership Development,['Kevin Flinn'],6,2018,2018,English,1,False,[],0,[],0,2,6,1,206,206,['eng'],"['Taylor & Francis Group', 'Routledge']",['1138934038'],1,"['9781317390640', '9781315678269', '9781317390657', '9781317390664', '9781138934023', '9781138934030']",['paperback'],['English'],2018.0,0.0,False
BOOK00057,Leadership development basics,['Karen Lawson'],3,2008,2009,English,1,False,['vau'],1,"['Alexandria, Va']",1,2,2,0,120,120,['eng'],"['American Society for Training & Development', 'ASTD Press']",['1562865358'],1,"['9781607282402', '9781562865351']",[],['English'],2008.0,0.0,False
BOOK00058,Leadership development,['Rosemary Ryan'],8,2008,2009,English,1,False,['ne'],1,"['Amsterdam', 'London']",2,3,8,0,272,288,['eng'],"['Routledge', 'Taylor & Francis Group', 'Butterworth-Heinemann']",['0750681934'],1,"['9781282345096', '9781136388651', '9780080561288', '9781136388705', '9781136388699', '9781136388644', '9781136388675', '9780750681933']",[],['English'],2008.0,0.0,False
BOOK00059,The Center for Creative Leadership handbook of leadership development,"['Cynthia D. McCauley', 'Ellen Van Velsor']",5,2003,2010,English,1,False,['cau'],1,['San Francisco'],1,2,4,1,528,560,['eng'],"['Wiley & Sons, Incorporated, John', 'Jossey-Bass']",['0787965294'],1,"['9780470249451', '9780470570265', '9780470570272', '9780787965297']",['Hardcover'],['English'],2003.0,0.0,False
BOOK00060,Applied leadership development,['Al Bolea'],5,2015,2015,English,1,False,['nyu'],1,['New York'],1,2,7,0,312,312,['eng'],"['Taylor & Francis Group', 'Routledge']",[],0,"['9781315658261', '9781317330516', '9781317330530', '9781317330523', '9781848725836', '9781848725843', '9781315778938']",[],['English'],2015.0,0.0,False
BOOK00061,Full leadership development,['Bruce J. Avolio'],1,1999,1999,English,1,False,['cau'],1,"['Thousand Oaks, Calif']",1,1,0,0,234,234,['eng'],['Sage Publications'],"['0761906029', '0761906037']",2,[],[],['English'],1999.0,0.0,False
BOOK00062,Implementing problem-based learning in leadership development,['Edwin M. Bridges'],2,1995,1995,English,1,False,['oru'],1,"['Eugene, Or', 'Eugene, Ore']",2,1,0,1,194,194,['eng'],"['ERIC Clearinghouse on Educational Management, University of Oregon']",['086552131X'],1,[],['Microform'],['English'],1995.0,0.0,False
BOOK00063,Leadership Development Studies,"['Monika Byrd', 'Susan Edwards']",1,2014,2014,,0,False,[],0,[],0,1,1,1,647,647,[],['Hayden-McNeil Publishing'],['0738066044'],1,['9780738066042'],['paperback'],[],2014.0,0.0,False
BOOK00064,The making of a leader,['J. Robert Clinton'],2,1988,2017,English,1,False,['cou'],1,"['Colorado Springs, Colo']",1,4,1,1,272,272,['eng'],"['Two Words Publishing, LLC', 'Two Words Publishing, LLC and Blackstone Audio', 'NavPress', 'Navpress Publishing Group']","['1538425890', '0891091920']",2,['9781538425893'],['mp3 cd'],['English'],1988.0,0.0,False
BOOK00065,Accelerating Leadership Development,['Jocelyn Berard'],4,2013,2013,English,1,False,[],0,[],0,2,4,1,320,320,['eng'],"['Wiley & Sons, Incorporated, John', 'Jossey-Bass']",['1118464117'],1,"['9781118464724', '9781118464779', '9781118464731', '9781118464113']",['hardcover'],['English'],2013.0,0.0,False
BOOK00066,Innovations in public leadership development,['Terry F. Buss'],8,2008,2014,English,1,False,['nyu'],1,"['Armonk, N.Y']",1,3,7,1,352,372,['eng'],"['Taylor & Francis Group', 'M.E. Sharpe', 'Routledge']",['0765620693'],1,"['9781317467823', '9781315703435', '9781317467847', '9780765624529', '9781317467830', '9780765620705', '9780765620699']",['Hardcover'],['English'],2008.0,0.0,False
BOOK00067,College Student Leadership Development,['Valerie I. Sessa'],4,2017,2017,English,1,False,[],0,[],0,1,4,0,,,['eng'],['Taylor & Francis Group'],[],0,"['9781317378815', '9781315674322', '9781317378822', '9781317378839']",[],['English'],2017.0,0.0,False
BOOK00068,The Center for Creative Leadership handbook of leadership development,['Ellen Van Velsor'],2,2010,2010,English,1,False,['cau'],1,['San Francisco'],1,2,1,0,484,484,['eng'],"['Jossey-Bass, a Wiley Imprint', 'Jossey-Bass']",['0470387394'],1,['9780470387399'],[],['English'],2010.0,0.0,False
BOOK00069,Leadership development program,['Frances A. Karnes'],2,2000,2005,English,1,False,['azu'],1,"['Scottsdale, AZ']",1,2,1,1,81,81,['eng'],"['Great Potential Press, Inc.', 'Great Potential Press']","['0910707693', '0910707332']",2,['9780910707336'],['Paperback'],['English'],2000.0,0.0,False
BOOK00070,Servant Leadership,"['Dirk van Dierendonck', 'K. Patterson']",4,2010,2026,English,1,False,[],0,[],0,2,4,0,237,305,['eng'],"['Palgrave Macmillan', 'Palgrave Macmillan Limited']",[],0,"['9783031699245', '9783031699214', '9780230299184', '9781349315406']",[],['English'],2010.0,0.0,False
BOOK00071,Real time leadership development,['Paul R. Yost'],5,2009,2011,English,1,False,['mau'],1,"['Malden, MA']",1,4,6,0,252,256,['eng'],"['Wiley & Sons, Incorporated, John', 'Wiley & Sons, Limited, John', 'Wiley-Blackwell', 'Wiley-Interscience']",[],0,"['9781444359442', '9781444359435', '9781444315981', '9781444315998', '9781405186759', '9781405186674']",[],['English'],2009.0,0.0,False
BOOK00072,Leading Small Business,"['Steve Kempster', 'Sue Smith']",4,2015,2020,English,1,False,[],0,[],0,1,4,0,180,180,['eng'],"['Elgar Publishing Limited, Edward']",[],0,"['9781783475506', '9781786432575', '9781783475490', '9781782545361']",[],['English'],2015.0,0.0,False
BOOK00073,Women's Leadership Development,['Gelaye Debebe'],6,2019,2021,English,1,False,[],0,[],0,1,6,0,200,200,['eng'],['Taylor & Francis Group'],[],0,"['9781317418177', '9781315687452', '9781317418191', '9781317418184', '9780367786076', '9781138920019']",[],['English'],2019.0,0.0,False
BOOK00074,Leadership Development,['Manuel London'],4,2001,2002,English,1,False,['nju'],1,"['Mahwah, N.J']",1,3,3,2,272,312,['eng'],"['Taylor & Francis Group', 'Lawrence Erlbaum', 'Lawrence Erlbaum Associates']","['0805838511', '080583852X']",2,"['9781410604514', '9780805838510', '9780805838527']","['Hardcover', 'Paperback']",['English'],2001.0,0.0,False
BOOK00075,Accelerated Leadership Development,['Ines Wichert'],2,2018,2018,English,1,False,[],0,[],0,2,2,1,248,248,['eng'],"['Kogan Page, Limited', 'Kogan Page']",['0749483059'],1,"['9780749483067', '9780749483050']",['paperback'],['English'],2018.0,0.0,False
BOOK00076,Business Leadership Development in China,"['Shuang Ren', 'Robert Wood', 'Ying Zhu']",7,2015,2018,English,1,False,[],0,[],0,2,7,1,178,197,['eng'],"['Taylor & Francis Group', 'Routledge']",['0415747198'],1,"['9781336196513', '9781317752769', '9781315797182', '9781317752776', '9781317752783', '9780815364238', '9780415747196']",['hardcover'],['English'],2015.0,0.0,False
BOOK00077,Leadership for a Better World,"['Susan R. Komives', 'Wendy Wagner']",6,2012,2016,English,1,False,[],0,[],0,3,6,0,336,496,['eng'],"['Wiley & Sons, Incorporated, John', 'Wiley & Sons, Limited, John', 'Jossey-Bass']",[],0,"['9781118454718', '9781119207597', '9781119207603', '9781119207610', '9781118454732', '9781118454688']",[],['English'],2012.0,0.0,False
BOOK00078,Future of Leadership Development,"['Susan Elaine Murphy', 'Ronald E. Riggio']",6,2003,2012,English,1,False,[],0,[],0,1,6,0,306,306,['eng'],['Taylor & Francis Group'],[],0,"['9781410608895', '9781135630096', '9781135630041', '9781135630065', '9781135630089', '9780415654487']",[],['English'],2003.0,0.0,False
BOOK00079,Curriculum Leadership Development,['Carol A. Mullen'],6,2012,2017,English,1,False,[],0,[],0,2,6,0,296,296,['eng'],"['Routledge', 'Taylor & Francis Group']",[],0,"['9781283846189', '9781138466104', '9781136503511', '9781136503658', '9781136503580', '9780203063095']",[],['English'],2012.0,0.0,False
BOOK00080,The handbook for student leadership development,['Susan R. Komives'],1,2011,2011,English,1,False,['cau'],1,['San Francisco'],1,1,1,0,416,416,['eng'],['Jossey-Bass'],['047053107X'],1,['9780470531075'],[],['English'],2011.0,0.0,False
BOOK00081,Leadership Development,['Manuel London'],5,2001,2001,English,1,False,[],0,[],0,1,5,0,312,312,['eng'],['Taylor & Francis Group'],[],0,"['9780585394190', '9781135647841', '9781135647827', '9781135647872', '9781135647865']",[],['English'],2001.0,0.0,False
BOOK00082,Servant Leadership Development,['Janine Williams'],1,2021,2021,English,1,False,[],0,[],0,1,1,0,,,['eng'],['Independently Published'],[],0,['9798758751435'],[],['English'],2021.0,0.0,False
BOOK00083,Full range leadership development,['Bruce J. Avolio'],1,2011,2011,English,1,False,['cau'],1,['Thousand Oaks'],1,1,1,0,,,['eng'],['SAGE Publications'],[],0,['9781412974752'],[],['English'],2011.0,0.0,False
BOOK00084,The Art of Christian Leadership,['Jon Byler'],3,2009,2016,,0,False,[],0,[],0,3,3,1,348,348,[],"['Global Disciples', 'Leadersserve', 'LeadersServe']","['0976204835', '0977008525', '097700855X']",3,"['9780976204831', '9780977008520', '9780977008551']",['paperback'],[],2009.0,0.0,False
BOOK00085,Community Leadership Development,['Mark A. Brennan'],5,2014,2015,English,1,False,[],0,[],0,1,5,0,192,192,['eng'],['Taylor & Francis Group'],[],0,"['9781317980773', '9781317980780', '9781317980766', '9781315873114', '9781138945098']",[],['English'],2014.0,0.0,False
BOOK00086,Ethical leadership,"['Stephen Connock', 'Ted Johns']",1,1995,1995,,0,False,[],0,[],0,1,1,1,160,160,[],['Chartered Institute of Personnel & Development'],['0852925611'],1,['9780852925614'],['Paperback'],[],1995.0,0.0,False
BOOK00087,Leadership development,['Lee Barr'],1,1994,1994,English,1,False,['txu'],1,"['Austin, Tex']",1,1,0,0,480,480,['eng'],['Eakin Press'],['0890159459'],1,[],[],['English'],1994.0,0.0,False
BOOK00088,Phi Theta Kappa leadership development program,['Carlene S. Feldman'],2,1996,1996,English,1,False,['msu'],1,"['Jackson, Miss']",1,1,0,0,76,76,['eng'],['Phi Theta Kappa International Honor Society'],[],0,[],[],['English'],1996.0,0.0,False
BOOK00089,Best practices in leadership development and organization change,"['Louis Carter', 'David Ulrich', 'Marshall Goldsmith']",5,2004,2012,English,1,False,['cau'],1,['San Francisco'],1,3,4,0,475,512,['eng'],"['Wiley & Sons, Incorporated, John', 'Center for Creative Leadership', 'Pfeiffer']",['0787976253'],1,"['9781280273834', '9780470335130', '9781118429495', '9780787977337']",[],['English'],2004.0,0.0,False
BOOK00090,Collaborative leadership,['Hank Rubin'],5,2002,2009,English,1,False,['cau'],1,"['Thousand Oaks, Calif']",1,4,3,2,111,136,['eng'],"['Corwin Press', 'Corwin', 'American Association of School Administrators', 'Institute for Collaborative Leadership']","['0761978917', '0761978925']",2,"['9781412965446', '9780761978916', '9780761978923']","['Hardcover', 'Paperback']",['English'],2002.0,0.0,False
BOOK00091,Transnational leadership development,['Beth Fisher-Yoshida'],4,2009,2012,English,1,False,['nyu'],1,['New York'],1,2,4,0,10,224,['eng'],"['AMACOM', 'American Management Association']",[],0,"['9780814432594', '9780814432600', '9780814410431', '9780814410394']",[],['English'],2009.0,0.0,False
BOOK00092,Distributed School Leadership,['Alma Harris'],3,2008,2008,English,1,False,['enk'],1,"['London : New York, NY']",1,1,2,2,160,160,['eng'],['Routledge'],"['0415419581', '0415419573']",2,"['9780415419581', '9780415419574']","['Paperback', 'Hardcover']",['English'],2008.0,0.0,False
BOOK00093,Leadership Development,['Ideal Curtis'],3,2011,2011,English,1,False,[],0,[],0,1,3,0,,,['eng'],['Upper Room Books'],[],0,"['9780835811392', '9780835810678', '9780835811408']",[],['English'],2011.0,0.0,False
BOOK00094,Management and leadership development,"['Christopher Mabey', 'Tim Finch Lees']",3,2007,2009,English,1,False,[],0,[],0,3,3,1,280,280,['eng'],"['SAGE Publications, Incorporated', 'SAGE Publications, Limited', 'Sage Publications Ltd']",['1412929016'],1,"['9781282055926', '9781849203555', '9781412929011']",['Hardcover'],['English'],2007.0,0.0,False
BOOK00095,The Pfeiffer book of successful leadership development tools,['Jack Gordon'],3,2007,2007,English,1,False,['cau'],1,"['San Francisco, CA']",1,2,1,1,435,464,['eng'],"['Pfeiffer', 'Wiley-Interscience']",['0470181818'],1,['9780470181812'],['Paperback'],['English'],2007.0,0.0,False
BOOK00096,Leadership development,['Abdullahi Sheikh Ali'],1,1980,1980,English,1,False,['xx'],1,['Muqdisho'],1,1,0,0,10,10,['eng'],['Somali Institute of Development Administration & Management'],[],0,[],[],['English'],1980.0,0.0,False
BOOK00097,Foundations of Educational Leadership,['Jeffrey S. Brooks'],6,2017,2017,English,1,False,[],0,[],0,2,6,1,202,212,['eng'],"['Taylor & Francis Group', 'Routledge']",['0415709350'],1,"['9781315885599', '9781134629114', '9781134629046', '9781134628971', '9780415709347', '9780415709354']",['paperback'],['English'],2017.0,0.0,False
BOOK00098,Strategic leadership development,['Jeff Stouffer'],1,2007,2007,English,1,False,['mbc'],1,['Winnipeg'],1,1,2,0,194,194,['eng'],['Canadian Defence Academy Press'],"['0662465695', '0662465709']",2,"['9780662465690', '9780662465706']",[],['English'],2007.0,0.0,False
BOOK00099,Executive Leadership,['Albert Ellis'],3,1972,1979,English,1,False,['nju'],1,"['Secaucus, N.J']",1,3,2,1,190,190,['eng'],"['Citadel Press', 'Pfeiffer & Co', 'Albert Ellis Institute']","['0806502843', '9991575561', '0917476115']",3,"['9789991575568', '9780917476112']",['Paperback'],['English'],1972.0,0.0,False
BOOK00100,Executive leadership,"['Elliott Jaques', 'Stephen D. Clement']",5,1991,2004,English,1,False,"['vau', 'xxu', 'enk']",3,"['Arlington, Va', 'Cambridge, Mass', 'Oxford', 'Arlington, VA']",4,5,1,1,240,316,['eng'],"['Blackwell Publishers', 'Cason Hall', 'Blackwell Business', 'Casan Hall', 'Cason Hall/Blackwellk']","['1557862575', '0962107018', '0631193138']",3,['9781557862570'],['Hardcover'],['English'],1991.0,0.0,False
BOOK00101,Executive leadership,['Chris Argyris'],6,1953,1967,English,1,False,"['xxu', 'xx', 'ctu', 'xxk']",4,"['Hamden, Conn', '[Hamden, Conn.]', 'New York', 'London']",4,4,0,0,139,139,['eng'],"['Archon Books', 'Harper & Row', 'Harper', 'Harper and Row']",[],0,[],[],['English'],1953.0,0.0,False
BOOK00102,Executive Leadership,['Joseph Olmstead'],6,2010,2010,English,1,False,['nyu'],1,['San Diego'],1,2,6,1,340,340,['eng'],"['Taylor & Francis Group', 'Elsevier Science']",[],0,"['9781136404337', '9781136404382', '9781136404375', '9781136404320', '9781136404351', '9780080573830']",['eBook'],['English'],2010.0,0.0,False
BOOK00103,Executive leadership,['Bureau of Business Practice.'],1,1940,1940,English,1,False,['nyu'],1,['New York'],1,1,0,0,15,15,['eng'],['Bureau of business practice'],[],0,[],[],['English'],1940.0,0.0,False
BOOK00104,Effective Executive,"['Peter F. Drucker', 'Joseph A. Maciariello', 'Jim Collins', 'Tim Andres Pabon', 'Zachary First']",43,1967,2018,"English, Chinese",2,True,"['enk', 'cc', 'xxk', 'nyu', 'hk']",5,"['London', 'New York', 'Beijing', 'Xianggang', 'New York, NY']",5,25,25,8,148,35167,"['eng', 'chi']","['Audio Partners', 'Harper & Row', 'Routledge', 'HARPER & ROW', 'Vahlen GmbH', 'Taylor & Francis Group', 'HarperCollins Publishers', 'Harpercollins Publisher', 'HARPER COLLINS PUBLISHERS', 'Butterworth-Heinemann', 'HarperAudio', 'HarperCollins Publishers and Blackstone Audio', 'HarperBusiness', 'HarperBusiness, an imprint of HarperCollinsPublishers', 'Ji xie gong ye chu ban she', 'Heinemann', 'Heinemann Professional', 'HEINEMANN PROFESSIONAL', 'HarperBusiness Essentials', 'Jin ri shi jie she', 'Pan', 'HarperCollins', 'CollinsBusiness', 'Collins', 'HarperCollins Publishers Ltd']","['0886902355', '006239987X', '0750643900', '1470854627', '1470854619', '0062574345', '0750685077', '7111280717', '0434903930', '0060516070', '075060834X', '0330025074', '0887306128', '006091209X', '0060832622', '0060833459']",16,"['9780886902353', '9781136017490', '9780080549354', '9783800646722', '9781136017544', '9780062574350', '9780061185731', '9780060318253', '9780066620190', '9780062399878', '9781138470101', '9781136017537', '9780750643900', '9781470854621', '9780061983740', '9781470854614', '9780062574343', '9780750685078', '9787111280712', '9780060537685', '9780060769017', '9780060832629', '9780060833459', '9780060516079', '9780060912093']","['Audio Cassette', 'unknown binding', 'Paperback', 'audio cd', 'hardcover', 'Zhuan zhu.', 'Electronic resource', 'Leather bound']","['English', 'Chinese']",1967.0,0.0,False
BOOK00105,Executive Leadership for Effective Administration,['M. Scott Norton'],2,2004,2005,English,1,False,['mau'],1,['Boston'],1,2,1,0,347,368,['eng'],"['Pearson/Allyn and Bacon', 'Allyn & Bacon']",['0205386717'],1,['9780205386710'],[],['English'],2004.0,0.0,False
BOOK00106,Executive Leadership and Legislative Assemblies,['Nicholas D. J. Baldwin'],5,2014,2016,English,1,False,[],0,[],0,1,5,0,324,324,['eng'],['Taylor & Francis Group'],[],0,"['9781317984061', '9781317984078', '9781315874210', '9781317984085', '9781138969247']",[],['English'],2014.0,0.0,False
BOOK00107,The Palestinian executive,['Farid A. Muna'],5,2012,2016,English,1,False,['vtu'],1,"['Burlington, VT']",1,2,7,0,,,['eng'],"['Taylor & Francis Group', 'Gower']",[],0,"['9781317021865', '9781315554853', '9781317021872', '9781317021889', '9781409445951', '9781409445968', '9781409454960']",[],['English'],2012.0,0.0,False
BOOK00108,Executive Leadership Council Journal,"['The Executive Leadership Council', 'The Executive Leadership Council']",4,2020,2022,English,1,False,[],0,[],0,1,4,0,,,['eng'],"['Executive Leadership Council, The']",[],0,"['9780578768106', '9798218115982', '9780578984186', '9780578640600']",[],['English'],2020.0,0.0,False
BOOK00109,The Development of Executive Leadership,['Marvin Bower'],3,1949,2014,,0,False,[],0,[],0,1,1,1,154,154,[],['Harvard University Press'],['0674863224'],1,['9780674863224'],['hardcover'],[],1949.0,0.0,False
BOOK00110,Executive Leadership,['Nathan Axelrod'],3,1969,1969,English,1,False,['inu'],1,['Indianapolis'],1,2,2,1,196,196,['eng'],"['Bobbs-Merrill', 'Bobbs-Merrill Co']","['0672960540', '0672960559']",2,"['9780672960550', '9780672960543']",['Paperback'],['English'],1969.0,0.0,False
BOOK00111,Legislative liaison; executive leadership in Congress,['abraham holtzman'],3,1970,1970,,0,False,[],0,[],0,1,0,0,,,[],['Rand McNally'],[],0,[],[],[],1970.0,0.0,False
BOOK00112,Principles and problems of executive leadership,['Joseph Leo Krieger'],2,1956,1959,English,1,False,"['xx', 'dcu']",2,"['Arlington, Va', 'Washington']",2,2,0,0,188,189,['eng'],"['Universal Printers', 'George Wasington University Book Store']",[],0,[],[],['English'],1956.0,0.0,False
BOOK00113,The technique of executive leadership,['James Frederick Bender'],2,1950,1950,English,1,False,"['xxk', 'nyu']",2,['New York'],1,1,0,0,291,291,['eng'],['McGraw-Hill'],[],0,[],[],['English'],1950.0,0.0,False
BOOK00114,The development of executive leadership,['Marvin Bower'],2,1949,1951,English,1,False,['mau'],1,['Cambridge'],1,1,0,0,130,130,['eng'],['Harvard University Press'],[],0,[],[],['English'],1949.0,0.0,False
BOOK00115,Executive leadership,['Phillip Donald Grub'],2,1969,1969,English,1,False,['pau'],1,"['Wayne, Pa']",1,1,0,0,688,688,['eng'],['[Management Development Institute'],[],0,[],[],['English'],1969.0,0.0,False
BOOK00116,Chief nursing executives' leadership style and effectiveness,['Pamela R. Cronrath'],1,1990,1990,English,1,False,['xx'],1,[],0,0,0,0,105,105,['eng'],[],[],0,[],[],['English'],1990.0,0.0,False
BOOK00117,Navigate,"['Casey Kroll', 'Judi Williams', 'Rahul Dogra', 'Jacqui Malpass']",2,2015,2015,English,1,False,[],0,[],0,1,2,0,154,170,['eng'],['CreateSpace Independent Publishing Platform'],[],0,"['9781499277456', '9781507891377']",[],['English'],2015.0,0.0,False
BOOK00118,Executive leadership in a dynamic society,"['Ralph Currier Davis Management Symposium (1964 Ohio State University, Columbus)']",2,1964,1965,English,1,False,"['xx', 'ohu']",2,['[Columbus]'],1,1,0,0,114,114,['eng'],"['College of Commerce and Administration, Ohio State University']",[],0,[],[],['English'],1964.0,0.0,False
BOOK00119,Executive leadership in Anglo-American systems,"['Campbell, Colin', 'Margaret Jane Wyszomirski']",2,1991,2001,English,1,False,['pau'],1,"['Pittsburgh, Pa']",1,1,1,0,416,416,['eng'],['University of Pittsburgh Press'],['0822936771'],1,['9780822985310'],[],['English'],1991.0,0.0,False
BOOK00120,The focused executive,['Virginia Mansell'],1,2014,2014,English,1,False,['xna'],1,"['North Sydney, N.S.W']",1,1,1,0,,,['eng'],['Armstrong!'],['099236910X'],1,['9780992369101'],[],['English'],2014.0,0.0,False
BOOK00121,Executive leadership,['William N. Egan'],1,1960,1960,English,1,False,['dcu'],1,['Washington'],1,1,0,0,16,16,['eng'],['University Press'],[],0,[],[],['English'],1960.0,0.0,False
BOOK00122,Executive Leadership,['Miles Garrett'],1,2024,2024,English,1,False,[],0,[],0,1,1,0,,,['eng'],['On Executive Leadership'],[],0,['9798992084610'],[],['English'],2024.0,0.0,False
BOOK00124,Executive leadership,['Edutext.'],1,1971,1971,English,1,False,['xxk'],1,['London'],1,1,0,0,19,19,['eng'],['Intertext Training Services Ltd'],[],0,[],[],['English'],1971.0,0.0,False
BOOK00125,Executive Leadership,['Ph D. Joseph Olmstead'],1,2010,2010,English,1,False,[],0,[],0,1,1,0,,,['eng'],['Routledge'],[],0,['9781282380769'],[],['English'],2010.0,0.0,False
BOOK00126,Executive leadership,['Joseph A. Olmstead'],1,2000,2000,English,1,False,['txu'],1,"['Houston, TX']",1,1,0,0,303,303,['eng'],['Cashman Dudley'],['087719369X'],1,[],[],['English'],2000.0,0.0,False
BOOK00127,Executive Leadership in Nonprofit Organizations,"['Robert D. Herman & Associates', 'Richard D. Heimovics']",2,1991,2010,English,1,False,[],0,[],0,2,2,0,151,174,['eng'],"['Wiley & Sons, Incorporated, John', 'Wiley & Sons, Limited, John']",[],0,"['9781555423346', '9780470631195']",[],['English'],1991.0,0.0,False
BOOK00128,Executive Leadership Series,['Alan C. Walter'],1,1996,1996,,0,False,[],0,[],0,1,1,1,136,136,[],['Wisdom Publishing Co'],['1575690144'],1,['9781575690148'],['Spiral-bound'],[],1996.0,0.0,False
BOOK00129,Police Executive Leadership,['Donald G. Hanna'],1,1990,1990,English,1,False,[],0,[],0,1,1,1,127,127,['eng'],"['Stipes Publishing, LLC']",['0875633552'],1,['9780875633558'],['Paperback'],['English'],1990.0,0.0,False
BOOK00130,"Presidents, Prime Ministers and Chancellors",['Ludger Helms'],3,2004,2005,English,1,False,[],0,[],0,1,3,2,320,320,['eng'],['Palgrave Macmillan'],"['140394251X', '1403942501']",2,"['9781280425318', '9781403942517', '9781403942500']","['Paperback', 'Hardcover']",['English'],2004.0,0.0,False
BOOK00131,Presidential Administration and the Environment,['David M. Shafie'],7,2013,2015,English,1,False,[],0,[],0,2,7,0,164,184,['eng'],"['Routledge', 'Taylor & Francis Group']",[],0,"['9781306217521', '9781136240478', '9780203102558', '9781136240522', '9781136240515', '9780415626668', '9781138124714']",[],['English'],2013.0,0.0,False
BOOK00132,Executive leadership,['Mary E. Tramel'],1,1981,1981,English,1,False,['nju'],1,"['Englewood Cliffs, N.J']",1,1,0,0,268,268,['eng'],['Prentice-Hall'],"['0132941325', '0132941244']",2,[],[],['English'],1981.0,0.0,False
BOOK00133,Development of Executive Leadership,['Marvin Bower'],1,1949,1949,English,1,False,[],0,[],0,1,1,0,152,152,['eng'],['Harvard University Press'],[],0,['9780674866188'],[],['English'],1949.0,0.0,False
BOOK00134,Models and theories of executive leadership,['Stephen J. Zaccaro'],2,1996,1996,English,1,False,"['dcu', 'vau']",2,"['[Washington, D.C.?]', 'Alexandria, Va']",2,1,0,1,469,469,['eng'],['U.S. Army Research Institute for the Behavioral and Social Sciences'],[],0,[],['Microform'],['English'],1996.0,0.0,False
BOOK00135,Legislative liaison; executive leadership in Congress,['Abraham Holtzman'],1,1970,1970,English,1,False,['ilu'],1,['Chicago'],1,1,0,0,308,308,['eng'],['Rand McNally'],[],0,[],[],['English'],1970.0,0.0,False
BOOK00136,Reset Your Thinking Before Presenting to Executive Leadership,['P. J. Pierce'],2,2020,2020,English,1,False,[],0,[],0,1,2,0,48,48,['eng'],['Xlibris Corporation LLC'],[],0,"['9781796082883', '9781796082760']",[],['English'],2020.0,0.0,False
BOOK00137,Executive leadership through communication,['Barry Lenson'],1,1990,1990,English,1,False,['nyu'],1,"['New York, NY']",1,1,0,0,71,71,['eng'],"['National Institute of Business Management, Inc.']",[],0,[],[],['English'],1990.0,0.0,False
BOOK00138,Executive leadership in a dynamic society,['Ralph Currier Davis Management Symposium (1964 Ohio State University)'],1,1966,1966,English,1,False,['ohu'],1,['Columbus]'],1,1,0,0,114,114,['eng'],"['College of Commerce and Administration, Ohio State University']",[],0,[],[],['English'],1966.0,0.0,False
BOOK00139,Executive leadership and organizational outcomes,['Elaine Romanelli'],1,1983,1983,English,1,False,['nyu'],1,['New York'],1,1,0,0,26,26,['eng'],"['Graduate School of Business, Columbia University']",[],0,[],[],['English'],1983.0,0.0,False
BOOK00140,Human nature and management,['Ordway Tead'],3,1929,1977,English,1,False,"['nyu', 'xx']",2,"['New York', 'London']",2,4,0,0,312,338,['eng'],"['Arno Press', 'Arno Pr', 'McGraw-Hill Book Company, inc.', 'McGraw-Hill']",['0405102070'],1,[],[],['English'],1929.0,0.0,False
BOOK00141,NURSE EXECUTIVES: LEADERSHIP/POWER MOTIVATION AND LEADERSHIP EFFECTIVENESS,['Melinda Crenshaw Henderson'],1,1988,1988,,0,False,[],0,[],0,0,0,0,222,222,[],[],[],0,[],[],[],1988.0,0.0,False
BOOK00142,executive leadership course volume 3,[],1,1963,1963,,0,False,[],0,[],0,0,0,0,,,[],[],[],0,[],[],[],1963.0,0.0,False
BOOK00143,Dinosaur Tracks (Executive Leadership Series),['Ph. D. Keith Mathis'],1,2004,2004,,0,False,[],0,[],0,1,1,0,,,[],"[""Equipper's Press International""]",['0972108300'],1,['9780972108300'],[],[],2004.0,0.0,False
BOOK00144,The Technique of Executive Leadership,['JAMES FREDERICK BENDER'],1,1950,1950,,0,False,[],0,[],0,1,0,0,,,[],['McGraw-Hill'],[],0,[],[],[],1950.0,0.0,False
BOOK00145,Applied team leadership,['United States. Department of the Army'],1,2009,2009,English,1,False,['nyu'],1,"['[Washington, D.C.]', 'New York']",2,2,1,0,321,321,['eng'],"['U.S. Army', 'Pearson Custom Pub.']",['0536563217'],1,['9780536563217'],[],['English'],2009.0,0.0,False
BOOK00146,Team leadership,['John Apps'],6,1999,1999,English,1,False,['xxk'],1,[],0,1,0,0,12,16,['eng'],['Essential Learning Systems'],[],0,[],[],['English'],1999.0,0.0,False
BOOK00147,Nursing team leadership,['Thora Kron'],4,1961,1966,English,1,False,"['xx', 'pau']",2,['Philadelphia'],1,2,0,0,168,172,['eng'],"['Saunders', 'W.B. Saunders Co.']",[],0,[],[],['English'],1961.0,0.0,False
BOOK00148,Team leadership,"['Parker, Glenn M.']",1,2009,2009,English,1,False,['mau'],1,"['Amherst, MA']",1,1,2,0,43,43,['eng'],['HRD Press'],['159996452X'],1,"['9781599964522', '9781599961828']",[],['English'],2009.0,0.0,False
BOOK00149,Team leadership,['Graham Kelly'],2,1998,1998,English,1,False,"['vtu', 'enk']",2,"['Brookfield, Vt', 'Aldershot']",2,1,0,0,301,301,['eng'],['Gower'],['0566079232'],1,[],[],['English'],1998.0,0.0,False
BOOK00150,Team of Rivals,['Doris Kearns Goodwin'],14,2003,2013,"English, Chinese, Korean",3,True,"['enk', 'ch', 'ko', 'nyu']",4,"['London', 'Taibei Shi', 'Detroit', 'Kyŏnggi-do Pʻaju-si', 'New York, USA', 'New York']",6,12,13,7,1,1308,"['eng', 'chi', 'kor']","['imusti', 'Penguin Books', 'Recorded Books, Inc. and Blackstone Publishing', 'Recorded Books', 'Thorndike Press', 'Penguin', 'Da kuai wen hua chu ban gu fen you xian gong si', 'Not Avail', 'Recorded Books, LLC', 'Buk Isibil, 21-segi Buksŭ', 'Simon & Schuster', 'Simon & Schuster Paperbacks']","['0141043725', '1664631631', '1419364626', '0241966086', '9862133090', '1449895190', '1410457907', '1419364618', '1419364596', '8950911779', '0684824906', '0743270754']",12,"['9780141043722', '9781664631632', '9781419364624', '9781594137150', '9780241966082', '9789862133095', '9781449895198', '9781410457905', '9781419364617', '9781419364594', '9788950911775', '9780684824901', '9780743270755']","['paperback', 'audio cd', 'Audio CD', 'Paperback', 'Digital Audio', 'Hardcover', 'Audio Cassette']","['English', 'Chinese', 'Korean']",2003.0,0.0,False
BOOK00151,Interprofessional Health Care Team,"['Donna Weiss', 'Felice J. Tilin', 'Marlene J. Morgan']",2,2016,2023,English,1,False,[],0,[],0,1,2,0,192,192,['eng'],"['Jones & Bartlett Learning, LLC']",[],0,"['9781284273380', '9781284112009']",[],['English'],2016.0,0.0,False
BOOK00152,Team leadership in Christian ministry,['Kenneth O. Gangel'],1,1997,1997,English,1,False,['ilu'],1,['Chicago'],1,1,0,0,480,480,['eng'],['Moody Press'],['0802490166'],1,[],[],['English'],1997.0,0.0,False
BOOK00153,Leading self-directed work teams,['Kimball Fisher'],5,1993,2001,English,1,False,['nyu'],1,['New York'],1,1,2,2,263,339,['eng'],['McGraw-Hill'],"['0070210713', '0071349243']",2,"['9780071349246', '9780071367851']","['Hardcover', 'E-book']",['English'],1993.0,0.0,False
BOOK00154,Team Leadership,['Charles J. Margerison'],2,2002,2002,English,1,False,[],0,[],0,2,2,2,208,224,['eng'],"['BPI (India) PVT Ltd', 'Int. Cengage Business Press']","['9812431012', '1861528639']",2,"['9789812431011', '9781861528636']","['Hardcover', 'Paperback']",['English'],2002.0,0.0,False
BOOK00155,Team leadership in the game industry,"['Spaulding, Seth II.']",3,2009,2009,English,1,False,['mau'],1,"['Boston, MA']",1,2,1,0,274,274,['eng'],"['Course Technology', 'Delmar Cengage Learning']",['1598635727'],1,['9781598635720'],[],['English'],2009.0,0.0,False
BOOK00156,Team leadership,['David C. Kolb'],1,1996,1996,English,1,False,['cou'],1,"['Durango, CO']",1,1,0,0,120,120,['eng'],['International LearningWorks'],['1577400550'],1,[],[],['English'],1996.0,0.0,False
BOOK00157,Team Leadership,['Drikus Kriek'],1,2018,2018,English,1,False,[],0,[],0,1,1,0,484,484,['eng'],['Knowledge Resources'],[],0,['9781869227722'],[],['English'],2018.0,0.0,False
BOOK00158,The Team Leadership Practices Inventory,"['James M. Kouzes', 'Barry Z. Posner']",2,1992,1996,English,1,False,['cau'],1,"['San Diego, CA']",1,2,1,1,24,24,['eng'],"['Pfeiffer Wiley', 'Pfeiffer']",['088390313X'],1,['9780883903131'],['Paperback'],['English'],1992.0,0.0,False
BOOK00159,Leading teams,['Paolo Guenzi'],5,2013,2015,English,1,False,['nju'],1,"['Hoboken, N.J']",1,3,5,0,340,352,['eng'],"['Wiley & Sons, Limited, John', 'Wiley & Sons, Incorporated, John', 'Jossey-Bass']",['1118392094'],1,"['9781119207849', '9781118392126', '9781118392119', '9781118392102', '9781118392096']",[],['English'],2013.0,0.0,False
BOOK00160,Team Leadership in Community Colleges,"['George R. Boggs', 'Christine Johnson McPhail', 'Eloy Ortiz Oakley']",4,2019,2019,English,1,False,[],0,[],0,1,4,0,256,256,['eng'],"['Stylus Publishing, LLC']",[],0,"['9781620368879', '9781620368886', '9781620368893', '9781620368862']",[],['English'],2019.0,0.0,False
BOOK00161,Team Leadership in High-Hazard Environments,['Randy E. Cadieux'],6,2014,2024,English,1,False,[],0,[],0,1,6,0,288,288,['eng'],['Taylor & Francis Group'],[],0,"['9781317046493', '9781315611945', '9781032837178', '9781317046509', '9781317046516', '9781472433534']",[],['English'],2014.0,0.0,False
BOOK00162,Effective Team Leadership,['Don Page'],1,2008,2008,,0,False,[],0,[],0,1,1,1,468,468,[],"['Evangel Publishing House, Nairobi']",['9966201491'],1,['9789966201492'],['hardcover'],[],2008.0,0.0,False
BOOK00163,Leadership Team Coaching,['Peter Hawkins'],11,2011,2021,English,1,False,[],0,[],0,2,11,1,360,408,['eng'],"['Kogan Page, Limited', 'Kogan Page']",['1398694428'],1,"['9781306457132', '9781283093781', '9780749478506', '9780749469719', '9781789667462', '9781789667455', '9781789667479', '9781398694422', '9780749478490', '9780749476052', '9780749469702']",['hardcover'],['English'],2011.0,0.0,False
BOOK00164,Team leadership,['Michal K. Rosenberger'],2,1997,1998,English,1,False,['pau'],1,"['Lancaster, Pa']",1,2,1,0,170,170,['eng'],"['Rowman & Littlefield Education', 'Technomic Pub. Co.']",['1566765269'],1,['9781299134850'],[],['English'],1997.0,0.0,False
BOOK00165,Remote Team Leadership,['Emanuela Giangregorio'],1,2017,2017,English,1,False,[],0,[],0,1,1,0,,,['eng'],['Independently Published'],[],0,['9781521224038'],[],['English'],2017.0,0.0,False
BOOK00166,Operations Team Leadership (Leadership Guides),['Graham Little'],1,2000,2000,,0,False,[],0,[],0,1,1,1,180,180,[],['Management Books 2000 Ltd'],['1852523360'],1,['9781852523367'],['Paperback'],[],2000.0,0.0,False
BOOK00167,Leaders Eat Last,['Simon Sinek'],11,1900,2017,English,1,False,[],0,[],0,5,9,4,7,368,['eng'],"['Brilliance Audio', 'Portfolio Penguin', 'Portfolio', 'Portfolio/Penguin', 'Penguin']","['1543614620', '0670923168', '1591845327', '1591848016', '1511321083', '1480542598', '1480542555', '1480542601', '0670923176', '1480542571']",10,"['9781543614626', '9780670923168', '9781591845324', '9780241979549', '9781511321082', '9781480542594', '9781480542556', '9781480542600', '9780670923175']","['mp3 cd', 'paperback', 'Audiobook', 'audio cd']",['English'],1900.0,0.0,False
BOOK00168,Sales Team Leadership,['Coach Joe Sasso'],2,2012,2012,,0,False,[],0,[],0,2,2,0,,,[],"['iUniverse', 'iUniverse.com']","['1469789647', '1469789663']",2,"['9781469789644', '9781469789668']",[],[],2012.0,0.0,False
BOOK00169,Tools for team leadership,['Gregory E. Huszczo'],3,2004,2011,English,1,False,['cau'],1,"['Palo Alto, Calif']",1,3,2,1,228,300,['eng'],"['Brealey Publishing, Nicholas', 'Nicholas Brealey', 'Davies-Black Pub.']","['0891063862', '0891062017']",2,"['9780891063520', '9780891063865']",['paperback'],['English'],2004.0,0.0,False
BOOK00170,Strategic Team Leadership,['Peter Saul'],2,1992,1992,,0,False,[],0,[],0,1,1,1,159,159,[],['McGraw-Hill Education'],['007452853X'],1,['9780074528532'],['Paperback'],[],1992.0,0.0,False
BOOK00171,Team leadership,"['Douglas A. Johnson', 'Susan T. Beyerlein']",2,1996,1996,English,1,False,['ctu'],1,"['Greenwich, Conn']",1,1,1,1,293,320,['eng'],['JAI Press'],['076230006X'],1,['9780762300068'],['Hardcover'],['English'],1996.0,0.0,False
BOOK00172,Team Leadership,"['Geoff Ribbens', 'Mark Abraham', 'Alistair Cumming']",2,2024,2024,English,1,False,[],0,[],0,1,2,0,112,112,['eng'],['Productivity Press'],[],0,"['9781032757742', '9781032757704']",[],['English'],2024.0,0.0,False
BOOK00173,The team leadership practices inventory,['James M. Kouzes'],2,1992,1993,English,1,False,['xxu'],1,"['San Diego, Calif', 'San Diego']",2,2,0,0,47,47,['eng'],"['Pfeiffer', 'Pfeiffer & Company']",['0883903148'],1,[],[],['English'],1992.0,0.0,False
BOOK00174,Executive Team Leadership in the Global Economic and Competitive Environment,['Richard L. Nolan'],5,2014,2014,English,1,False,[],0,[],0,1,5,0,168,186,['eng'],['Taylor & Francis Group'],[],0,"['9781322506692', '9781315747842', '9781317602545', '9781317602552', '9781317602569']",[],['English'],2014.0,0.0,False
BOOK00175,Practical Remote Team Leadership,['Emanuela Giangregorio'],3,2016,2017,English,1,False,[],0,[],0,1,3,0,,,['eng'],['Independently Published'],[],0,"['9781521251225', '9781522073086', '9781522079996']",[],['English'],2016.0,0.0,False
BOOK00176,Virtual team leadership and collaborative engineering advancements,['Ned F. Kock'],1,2008,2008,English,1,False,['pau'],1,['Hershey PA'],1,1,2,0,376,376,['eng'],['Information Science Reference'],[],0,"['9781605661100', '9781605661117']",[],['English'],2008.0,0.0,False
BOOK00177,Effective Team Leadership for Engineers,"['Pat Wellington', 'Niall Foster']",2,2009,2009,English,1,False,[],0,[],0,1,2,0,280,280,['eng'],['Institution of Engineering & Technology'],[],0,"['9781849191005', '9780863419546']",[],['English'],2009.0,0.0,False
BOOK00178,Art of Middle Management,"['Peter Fleming', 'Max Amesbury']",6,2013,2017,English,1,False,[],0,[],0,2,6,0,176,176,['eng'],"['Routledge', 'Taylor & Francis Group']",[],0,"['9781306076654', '9781134129249', '9781315069180', '9781134129171', '9781134129102', '9781138180987']",[],['English'],2013.0,0.0,False
BOOK00179,Team Leadership,"['Paul Newton', 'Helen Bristoll']",1,2013,2013,English,1,False,[],0,[],0,1,1,0,,,['eng'],['Independent Publisher'],[],0,['9781626209886'],[],['English'],2013.0,0.0,False
BOOK00180,Adaptive team leadership,['United States. Department of the Army'],1,2008,2008,English,1,False,['dcu'],1,"['[Washington, D.C.]', '[Boston, Mass.]']",2,2,1,0,389,389,['eng'],"['U.S. Army', 'Pearson Custom Publishing']",['0536563195'],1,['9780536563194'],[],['English'],2008.0,0.0,False
BOOK00181,Team Leadership,['Rosenberger'],1,1998,1998,English,1,False,[],0,[],0,1,1,0,,,['eng'],['Rowman & Littlefield Education'],[],0,['9781461733249'],[],['English'],1998.0,0.0,False
BOOK00182,Tim lidŏsip =,['Sŭng-gak Yi'],1,1996,1996,Korean,1,False,['ko'],1,['Sŏul-si'],1,1,0,0,155,155,['kor'],['Hanʾguk Nŭngnyul Hyŏphoe'],['8972771007'],1,[],[],['Korean'],1996.0,0.0,False
BOOK00183,Leading project teams,['Anthony T. Cobb'],4,2005,2013,English,1,False,['cau'],1,['Thousand Oaks'],1,3,3,1,178,184,['eng'],"['SAGE Publications, Incorporated', 'Sage Publications', 'Sage Publications, Inc']",['1412909473'],1,"['9781322283401', '9781483341712', '9781412909471']",['Paperback'],['English'],2005.0,0.0,False
BOOK00184,The Five Dysfunctions of a Team,['Patrick Lencioni'],1,2002,2002,,0,False,[],0,[],0,1,0,0,240,240,[],['Jossey-Bass'],['0787960756'],1,[],[],[],2002.0,0.0,False
BOOK00185,Team leadership in action,['Laura Mae Douglass'],2,1970,1970,English,1,False,['mou'],1,['Saint Louis'],1,1,0,0,139,139,['eng'],['Mosby'],['080161435X'],1,[],[],['English'],1970.0,0.0,False
BOOK00186,Effective team leadership,['David Parkes'],1,1994,1994,English,1,False,['nz'],1,"['Wellington, NZ']",1,1,0,0,177,177,['eng'],['Champagne Consultants'],['0958353646'],1,[],[],['English'],1994.0,0.0,False
BOOK00187,Team Leadership Questionnaire,"['D. Kayes', 'Anna Kayes']",1,2011,2011,English,1,False,[],0,[],0,1,1,0,32,32,['eng'],['CreateSpace Independent Publishing Platform'],[],0,['9781466466296'],[],['English'],2011.0,0.0,False
BOOK00188,Five Dysfunctions of a Team,['Patrick Lencioni'],8,2007,2013,English,1,False,[],0,[],0,4,8,0,1,96,['eng'],"['Wiley & Sons, Incorporated, John', 'Center for Creative Leadership', 'Wiley-Interscience', 'Pfeiffer']",[],0,"['9781280590351', '9780470250914', '9781118063286', '9781118063293', '9781118229774', '9781118229828', '9781118229835', '9781118118757']",[],['English'],2007.0,0.0,False
BOOK00189,Team of Teams,"['Stanley A. McChrystal', 'Tantum Collins', 'David Silverman', 'Chris Fussell']",5,2015,2016,English,1,False,['nyu'],1,[],0,4,5,2,290,304,['eng'],"['Penguin Books, Limited', 'Penguin Group USA', 'Penguin Audio', 'Portfolio/Penguin']","['1467601624', '161176372X', '1591847486']",3,"['9780241250846', '9781467601627', '9781611763720', '9780241250839', '9781591847489']","['preloaded digital audio player', 'audio cd']",['English'],2015.0,0.0,False
BOOK00190,Executive Team Leadership for the 21st Century,['Richard L. Nolan'],2,2014,2018,English,1,False,[],0,[],0,2,2,0,186,186,['eng'],"['Taylor & Francis Group', 'Routledge, Taylor & Francis Group']",[],0,"['9781138617070', '9781138813878']",[],['English'],2014.0,0.0,False
BOOK00191,Team Leadership Assessments,['LeaderTreks'],1,2005,2005,,0,False,[],0,[],0,1,0,1,,,[],['LeaderTreks'],['1934577324'],1,[],['Paperback'],[],2005.0,0.0,False
BOOK00192,Legendary team leadership,['Wendy W. Peche'],1,1994,1994,English,1,False,['ilu'],1,"['Rockford, IL']",1,1,0,0,134,134,['eng'],['Spring Brook Press'],['0963072714'],1,[],[],['English'],1994.0,0.0,False
BOOK00193,Transformational Leadership,['Bernard M. Bass'],3,1997,1998,English,1,False,['nju'],1,"['Mahwah, N.J']",1,2,2,2,208,216,['eng'],"['Lea', 'Lawrence Erlbaum Associates']","['0805826963', '0805826971']",2,"['9780805826968', '9780805826975']","['Hardcover', 'Paperback']",['English'],1997.0,0.0,False
BOOK00194,Transformational leadership,"['Stephen Hacker', 'Tammy Roberts']",3,2003,2004,English,1,False,[],0,[],0,2,3,1,179,179,['eng'],"['Quality Press', 'ASQ Quality Press']",['0873896106'],1,"['9780873894012', '9780873894005', '9780873896108']",['Hardcover'],['English'],2003.0,0.0,False
BOOK00195,Transformative leadership in education,['Carolyn M. Shields'],9,2012,2017,English,1,False,['nyu'],1,['New York'],1,2,11,0,150,162,['eng'],"['Taylor & Francis Group', 'Routledge']",[],0,"['9781315207148', '9781283607315', '9781351799164', '9781351799140', '9781351799157', '9781136706943', '9781138633773', '9781138633766', '9780415892537', '9780415892544', '9780203814406']",[],['English'],2012.0,0.0,False
BOOK00196,Transforming leadership,['Leighton Ford'],2,1991,1993,English,1,False,['ilu'],1,"['Downers Grove, Ill']",1,1,1,1,308,320,['eng'],['InterVarsity Press'],"['0830818316', '0830816526']",2,['9780830816521'],['Paperback'],['English'],1991.0,0.0,False
BOOK00197,Transformational Leadership,['Glenn Walter'],4,2018,2018,English,1,False,[],0,[],0,1,4,0,,,['eng'],['Independently Published'],[],0,"['9781729225622', '9781729263976', '9781729261651', '9781729262702']",[],['English'],2018.0,0.0,False
BOOK00198,Radical Transformational Leadership,['Monica Sharma'],2,2017,2023,"French, English",2,True,[],0,[],0,2,2,0,368,368,"['fre', 'eng']","['Jill Angelo and Khadija Moalla, PhD', 'North Atlantic Books']",[],0,"['9798218101961', '9781583948958']",[],"['French', 'English']",2017.0,0.0,False
BOOK00199,Transformative Leadership Primer,['Carolyn M. Shields'],5,2015,2016,English,1,False,[],0,[],0,2,5,0,192,192,['eng'],"['Lang Publishing, Incorporated, Peter', 'Lang AG International Academic Publishers, Peter']",[],0,"['9781433131981', '9781454199304', '9781454199298', '9781453917961', '9781433131974']",[],['English'],2015.0,0.0,False
BOOK00200,The dark side of transformational leadership,['Dennis Tourish'],6,2013,2013,English,1,False,['enk'],1,"['Hove, East Sussex', 'New York']",2,2,7,0,252,252,['eng'],"['Routledge', 'Taylor & Francis Group']","['0415564271', '041556428X']",2,"['9781299319837', '9781136766824', '9780203558119', '9781136766756', '9781136766688', '9780415564274', '9780415564281']",[],['English'],2013.0,0.0,False
BOOK00201,Transformational leadership,['Charles B. Bugg'],1,2010,2010,English,1,False,['gau'],1,"['Macon, Ga']",1,1,1,0,98,98,['eng'],['Smyth & Helwys Pub.'],[],0,['9781573125581'],[],['English'],2010.0,0.0,False
BOOK00202,Transforming leadership: from vision to results,[],1,1986,1986,English,1,False,['xxu'],1,"['Alexandria, Va. ((1009 Duke St., Alexandria 22314))']",1,1,0,0,314,314,['eng'],['Miles River Press'],['0917917022'],1,[],[],['English'],1986.0,0.0,False
BOOK00203,Transforming leadership,['John D. Adams'],1,1998,1998,English,1,False,['vau'],1,"['Alexandria, Va']",1,1,0,0,380,380,['eng'],['Miles River Press'],['0917917111'],1,[],[],['English'],1998.0,0.0,False
BOOK00204,Charismatic and transformational leadership,['Gary A. Yukl'],1,1989,1989,English,1,False,['xxk'],1,[],0,1,0,0,,,['eng'],['Prentice Hall'],[],0,[],[],['English'],1989.0,0.0,False
BOOK00205,Transformational Leadership,['Halima Kabara'],1,2021,2021,English,1,False,[],0,[],0,1,1,0,,,['eng'],['Independently Published'],[],0,['9798543167823'],[],['English'],2021.0,0.0,False
BOOK00206,Transformative Leadership in Action,"['Jacklyn A. Bruce', 'Katherine E. McKee']",3,2020,2020,English,1,False,[],0,[],0,1,3,0,295,295,['eng'],['Emerald Publishing Limited'],[],0,"['9781839095238', '9781839095221', '9781839095207']",[],['English'],2020.0,0.0,False
BOOK00207,Transformational Leadership Styles for Global Leaders,['Darcia Ann-Marie Roache'],4,2023,2023,English,1,False,[],0,[],0,1,4,0,,,['eng'],['IGI Global'],[],0,"['9798369313817', '9798369313824', '9798369313800', '9798369313831']",[],['English'],2023.0,0.0,False
BOOK00208,7 principles of transformational leadership,['Hugh Blane'],2,2017,2017,English,1,False,['nju'],1,[],0,1,2,0,256,256,['eng'],['Red Wheel/Weiser'],['1632650932'],1,"['9781632659101', '9781632650931']",[],['English'],2017.0,0.0,False
BOOK00209,Uniting the Virtual Workforce,['Karen Sobel Lojeski'],11,2008,2015,English,1,False,"['nyu', 'nju']",2,"['New York', 'Hoboken, N.J']",2,10,10,4,224,224,['eng'],"['Wiley & Sons, Limited, John', 'Wiley & Sons, Incorporated, John', 'Brilliance Audio on MP3-CD', 'Brilliance Audio Unabridged Lib Ed', 'Brilliance Audio on CD Unabridged Lib Ed', 'Wiley', 'John Wiley & Sons, Ltd.', 'Brilliance Audio on MP3-CD Lib Ed', 'John Wiley & Sons, Inc.', 'Brilliance Audio on CD Unabridged']","['1423360249', '1423360214', '1423360230', '0470193956', '1423360257', '1423360222']",6,"['9781119197041', '9780470376492', '9780470893432', '9781423360247', '9781423360216', '9781423360230', '9780470193952', '9780470369647', '9781423360254', '9781423360223']","['Audio CD', 'Audio Cassette', 'Hardcover', 'Electronic resource']",['English'],2008.0,0.0,False
BOOK00210,"Women, spirituality, and transformative leadership",['Kathe Schaaf'],3,2011,2014,English,1,False,['vtu'],1,"['Woodstock, VT']",1,4,3,0,269,288,['eng'],"['LongHill Partners, Incorporated', 'Skylight Paths Pub', 'Skylight Paths', 'SkyLight Paths Pub.']",[],0,"['9781594733970', '9781594735486', '9781594733130']",[],['English'],2011.0,0.0,False
BOOK00211,Transformational leadership,['Mary K. Kohles'],1,1995,1995,English,1,False,['ilu'],1,"['Chicago, Ill']",1,1,0,0,275,275,['eng'],['American Hospital Association'],['1556481446'],1,[],[],['English'],1995.0,0.0,False
BOOK00212,Transformative Leadership and Sustainable Innovation in Education,"['Sandra Baroudi', 'Miltiadis D. Lytras']",3,2024,2024,English,1,False,[],0,[],0,1,3,0,,,['eng'],['Emerald Publishing Limited'],[],0,"['9781837535378', '9781837535361', '9781837535385']",[],['English'],2024.0,0.0,False
BOOK00213,Transforming leadership,['Terry D. Anderson'],2,1992,1998,English,1,False,"['mau', 'flu']",2,"['Amherst, Mass', 'Boca Raton, Fla']",2,2,0,0,299,337,['eng'],"['Human Resource Development Press', 'St. Lucie Press']","['0874251818', '1574441094']",2,[],[],['English'],1992.0,0.0,False
BOOK00214,Transforming Leadership,['John D. Adams'],1,2005,2005,English,1,False,[],0,[],0,1,1,1,392,392,['eng'],['Cosimo Books'],['1596053658'],1,['9781596053656'],['Paperback'],['English'],2005.0,0.0,False
BOOK00215,Transforming Leadership,['Terry Anderson'],1,1999,1999,,0,False,[],0,[],0,1,1,1,335,335,[],['Blackhall Publishing Ltd'],['1901657396'],1,['9781901657395'],['Paperback'],[],1999.0,0.0,False
BOOK00216,Transformative Leadership,"['May Khadem', 'Joan Hernandez']",1,2014,2014,English,1,False,[],0,[],0,1,1,0,244,244,['eng'],['Authors Place Press'],[],0,['9781628650662'],[],['English'],2014.0,0.0,False
BOOK00217,The Transformational Leadership Compass,['Benny Ausmus'],3,2021,2021,English,1,False,[],0,[],0,2,3,2,416,416,['eng'],"['Scribe Media', 'Lioncrest Publishing']","['1544517416', '1544517394']",2,"['9781544517407', '9781544517414', '9781544517391']","['hardcover', 'paperback']",['English'],2021.0,0.0,False
BOOK00218,Sustainability Mindset and Transformative Leadership,"['Aixa A. Ritz', 'Isabel Rimanoczy']",2,2021,2022,English,1,False,[],0,[],0,3,2,0,193,193,['eng'],"['Springer International Publishing AG', 'MOXIC', 'Palgrave Macmillan']",[],0,"['9783030760717', '9783030760687']",[],['English'],2021.0,0.0,False
BOOK00219,Transforming Leadership,['Richard Higginson'],1,2002,2002,English,1,False,[],0,[],0,1,1,1,160,160,['eng'],['Society for Promoting Christian'],['0281048304'],1,['9780281048304'],['Paperback'],['English'],2002.0,0.0,False
BOOK00220,Transformational leadership in East Africa,"['Eric Masinde Aseka', 'ERIC MASINDE ASEKA']",2,2005,2005,English,1,False,"['xx', 'ug']",2,"['KAMPALA, UGANDA', 'Kampala', 'Oxford, U.K']",3,3,0,0,464,464,['eng'],"['FOUNTAIN PUBLISHERS', 'Fountain Publishers', 'Distributed in Europe, North America, and Australia by African Books Collective']",['9970024809'],1,[],[],['English'],2005.0,0.0,False
BOOK00221,Transformational leadership,['Randy Dobbs'],3,2010,2019,English,1,False,['aru'],1,['Little Rock'],1,3,3,1,192,274,['eng'],"['Independently Published', 'Dobbs Leadership', 'Parkhurst Brothers, Inc.']","['0983080607', '1935166190']",2,"['9781797716725', '9780983080602', '9781935166191']",['hardcover'],['English'],2010.0,0.0,False
BOOK00222,Transforming leadership,['Girl Scouts of the United States of America.'],1,2008,2008,English,1,False,['nyu'],1,"['New York, NY']",1,1,1,0,68,68,['eng'],['Girl Scouts of the USA'],['0884417085'],1,['9780884417088'],[],['English'],2008.0,0.0,False
BOOK00223,Reframing Transformational Leadership,"['Issa M. Saleh', 'Myint Swe Khine']",3,2014,2014,English,1,False,[],0,[],0,1,3,0,126,126,['eng'],['BRILL'],[],0,"['9789462096370', '9789462096363', '9789462096387']",[],['English'],2014.0,0.0,False
BOOK00224,Action Inquiry,['William Torbert'],3,2004,2011,English,1,False,[],0,[],0,3,3,1,592,592,['eng'],"['ReadHowYouWant.com, Limited', 'Berrett-Koehler Publishers, Incorporated', 'ReadHowYouWant']",['0369323734'],1,"['9781459625877', '9781283268646', '9780369323736']",['paperback'],['English'],2004.0,0.0,False
BOOK00225,Transforming Leadership,['Terry Anderson'],4,2017,2017,English,1,False,[],0,[],0,1,4,0,368,368,['eng'],['Taylor & Francis Group'],[],0,"['9781351407229', '9780203735237', '9781351407243', '9781351407236']",[],['English'],2017.0,0.0,False
BOOK00226,Transformational leadership,['Annmarie Sanders'],1,2015,2015,English,1,False,['nyu'],1,"['Maryknoll, New York']",1,1,1,0,207,207,['eng'],['Orbis Books'],['1626981388'],1,['9781626981386'],[],['English'],2015.0,0.0,False
BOOK00227,Advancing Inclusive Open Education Through Transformative Leadership,['Madikela Titus Lekalakala'],5,2025,2025,English,1,False,[],0,[],0,1,5,0,,,['eng'],['IGI Global Scientific Publishing'],[],0,"['9798337343723', '9798337343730', '9798337343761', '9798337343754', '9798337343747']",[],['English'],2025.0,0.0,False
BOOK00228,Transformative Leadership,['Shana Burnett Ed.D'],1,2024,2024,English,1,False,[],0,[],0,1,1,0,182,182,['eng'],"['iUniverse, Incorporated']",[],0,['9781663261908'],[],['English'],2024.0,0.0,False
BOOK00229,Transformational leadership,['Phillip V. Lewis'],1,1996,1996,English,1,False,['tnu'],1,"['Nashville, Tenn']",1,1,0,0,264,264,['eng'],['Broadman & Holman'],['0805412395'],1,[],[],['English'],1996.0,0.0,False
BOOK00230,Shared vision,"['John E. Roueche', 'George A. Baker', 'Robert R. Rose']",5,1989,2014,English,1,False,['dcu'],1,"['Washington, D.C']",1,4,3,1,344,344,['eng'],"['Rowman & Littlefield Publishers, Incorporated', 'Community College Pr/Amer Assoc', 'Community College Press, American Association of Community and Junior Colleges', 'National Center for Higher Education']",['0871171902'],1,"['9781475814361', '9781322081144', '9780871171900']",['Paperback'],['English'],1989.0,0.0,False
BOOK00231,Transformative Leadership,['Joshua P. Trout'],2,2024,2024,English,1,False,[],0,[],0,1,2,0,94,94,['eng'],['Palmetto Publishing'],[],0,"['9798822942325', '9798822942318']",[],['English'],2024.0,0.0,False
BOOK00232,Transformational Leadership and Not for Profits and Social Enterprises,['Ken Wiltshire'],6,2018,2019,English,1,False,[],0,[],0,2,6,1,332,350,['eng'],"['Taylor & Francis Group', 'Routledge']",['113820482X'],1,"['9781315468549', '9781315468570', '9781315468563', '9781315468556', '9780367355494', '9781138204829']",['hardcover'],['English'],2018.0,0.0,False
BOOK00233,Transformational Leadership Unleashed,['Ismael sanchez'],3,2025,2025,English,1,False,[],0,[],0,1,3,0,,,['eng'],['USA Book Services'],[],0,"['9781969775635', '9781969775642', '9781969775659']",[],['English'],2025.0,0.0,False
BOOK00234,Servant leadership,['Robert K. Greenleaf'],4,1977,2002,English,1,False,['nyu'],1,['New York'],1,1,1,1,335,370,['eng'],['Paulist Press'],"['0809125277', '080910220X', '0809105543']",3,['9780809125272'],['Paperback'],['English'],1977.0,0.0,False
BOOK00235,The case for servant leadership,['Kent M. Keith'],3,2008,2015,English,1,False,"['hiu', 'inu']",2,"['[Honolulu, Hawaii]', 'Westfield, Ind']",2,3,3,1,85,112,['eng'],"['Terrace Press', 'Greenleaf Center, The', 'Greenleaf Center for Servant Leadership']","['0970752636', '0982882599', '0982201249']",3,"['9780970752635', '9780982882597', '9780982201244']",['paperback'],['English'],2008.0,0.0,False
BOOK00236,The power of servant-leadership,['Robert K. Greenleaf'],5,1998,2014,English,1,False,['cau'],1,"['San Francisco, Calif']",1,3,4,0,313,313,['eng'],"['Berrett-Koehler Publishers, Incorporated', 'ReadHowYouWant.com, Limited', 'Berrett-Koehler Publishers']",['1576750353'],1,"['9781609941451', '9781626563926', '9781306889698', '9780369372178']",[],['English'],1998.0,0.0,False
BOOK00237,Servant leadership,[],1,,,,0,False,[],0,"['Mahwah, NJ']",1,1,0,0,338,338,[],['Paulist Press'],['0809125277'],1,[],[],[],,,False
BOOK00238,Servant leadership,['Efrain Agosto'],2,2004,2005,English,1,False,"['mou', 'us']",2,"['St. Louis, Mo', 'St. Louis, MO']",2,1,0,0,248,248,['eng'],['Chalice Press'],['0827234635'],1,[],[],['English'],2004.0,0.0,False
BOOK00239,Scrum Mastery,"['Geoff Watts', 'Rebecca Traeger', 'Ole Storksen', 'Mike Cohn', 'Esther Derby']",7,2013,2021,"Spanish, English",2,True,[],0,[],0,2,7,1,288,316,"['spa', 'eng']","['Independently Published', 'Inspect & Adapt Ltd']","['0957587481', '0957587406']",2,"['9798516839108', '9798511935799', '9798732208566', '9798733307589', '9798733310176', '9780957587489', '9780957587403']",['paperback'],"['Spanish', 'English']",2013.0,0.0,False
BOOK00240,Servant-leadership across cultures,['Alfons Trompenaars'],2,2009,2010,English,1,False,['nyu'],1,['New York'],1,1,2,2,,,['eng'],['McGraw-Hill'],[],0,"['9780071717571', '9780071664356']","['Electronic resource', 'Hardcover']",['English'],2009.0,0.0,False
BOOK00241,Seven pillars of servant leadership,['James W. Sipe'],1,2009,2009,English,1,False,['nyu'],1,['New York'],1,1,1,0,,,['eng'],['Paulist Press'],[],0,['9780809145607'],[],['English'],2009.0,0.0,False
BOOK00242,Servant leadership,['Jack Schaap'],1,2008,2008,English,1,False,['inu'],1,"['Hammond, IN']",1,1,1,0,192,192,['eng'],['Hyles Publications'],['0980059445'],1,['9780980059441'],[],['English'],2008.0,0.0,False
BOOK00243,Reflections on leadership,['Larry C. Spears'],1,1995,1995,English,1,False,['nyu'],1,['New York'],1,1,0,0,352,352,['eng'],['J. Wiley'],['0471036862'],1,[],[],['English'],1995.0,0.0,False
BOOK00244,Strength in servant leadership,['Paul A. Cedar'],1,1987,1987,English,1,False,['txu'],1,"['Waco, Tex']",1,1,0,0,173,173,['eng'],['Word Books'],"['0849930863', '0849905303']",2,[],[],['English'],1987.0,0.0,False
BOOK00245,Servant leadership,[],1,1977,1977,,0,False,[],0,[],0,1,1,1,,,[],['Paulist Press'],['080910220X'],1,['9780809102204'],['Hardcover'],[],1977.0,0.0,False
BOOK00246,Servant leadership,['Dirk van Dierendonck'],1,2010,2010,English,1,False,['enk'],1,"['Houndmills, Basingstoke, Hampshire', 'New York']",2,1,1,0,219,219,['eng'],['Palgrave Macmillan'],[],0,['9780230238268'],[],['English'],2010.0,0.0,False
BOOK00247,Handbook for secular Franciscan servant leadership,[],1,1998,1998,English,1,False,['ksu'],1,"['[Kirksville, MO']",1,1,0,0,,,['eng'],['National Fraternity of the Secular Franciscan Order-USA]'],[],0,[],[],['English'],1998.0,0.0,False
BOOK00248,Focus on Leadership,"['Larry C. Spears', 'Michele Lawrence', 'Ken Blanchard']",3,2001,2007,English,1,False,[],0,[],0,2,3,1,416,416,['eng'],"['Wiley & Sons, Incorporated, John', 'Wiley']",['0471411620'],1,"['9781280341533', '9780470193075', '9780471411628']",['Hardcover'],['English'],2001.0,0.0,False
BOOK00249,Servant Leadership in Action,"['Ken Blanchard', 'Renee Broadwell']",2,2018,2018,,0,False,[],0,[],0,2,2,2,288,614,[],"['ReadHowYouWant', 'Berrett-Koehler Publishers']","['0369315421', '152309396X']",2,"['9780369315427', '9781523093960']","['paperback', 'hardcover']",[],2018.0,0.0,False
BOOK00250,Servant Leadership,"['Michael Rucker', 'Holly Spence']",1,2019,2019,English,1,False,[],0,[],0,1,1,0,,,['eng'],['Independently Published'],[],0,['9781691541515'],[],['English'],2019.0,0.0,False
BOOK00251,Servant leadership,['Jane Fryar'],1,2001,2001,English,1,False,['mou'],1,"['St. Louis, MO']",1,1,0,0,109,109,['eng'],['Concordia Pub. House'],[],0,[],[],['English'],2001.0,0.0,False
BOOK00252,Servant leadership,['Rocky Wallace'],1,2011,2011,English,1,False,['mdu'],1,"['Lanham, Md']",1,1,3,0,116,116,['eng'],['Rowman & Littlefield Education'],[],0,"['9781610486347', '9781610486354', '9781610486361']",[],['English'],2011.0,0.0,False
BOOK00253,Applying Servant Leadership in Today's Schools,['Mary Culver'],6,2008,2017,English,1,False,[],0,[],0,1,6,0,144,144,['eng'],['Taylor & Francis Group'],[],0,"['9781317930280', '9781317930273', '9781317930297', '9781315856308', '9781138472617', '9781614420217']",[],['English'],2008.0,0.0,False
BOOK00254,Servant Leadership for Slow Learners,['J. David Lundy'],1,2002,2002,English,1,False,[],0,[],0,1,1,1,242,242,['eng'],['Paternoster Pub'],['1850784426'],1,['9781850784425'],['Paperback'],['English'],2002.0,0.0,False
BOOK00255,Robert K. Greenleaf,['Don M Frick'],1,2004,2004,English,1,False,[],0,[],0,1,1,1,432,432,['eng'],['Berrett-Koehler Publishers'],['1576752763'],1,['9781576752760'],['Hardcover'],['English'],2004.0,0.0,False
BOOK00256,The Servant Leadership Training Course,['James C. Hunter'],1,2006,2006,English,1,False,[],0,[],0,1,1,1,,,['eng'],['Sounds True'],['1591794765'],1,['9781591794769'],['Audio CD'],['English'],2006.0,0.0,False
BOOK00257,The Model of Servant-Leadership,['Henry P. Hildebrand'],2,1990,1990,English,1,False,[],0,[],0,2,1,1,,,['eng'],"['Welch Publishing', 'Welch Publishing Company Inc.']",['1550111760'],1,['9781550111767'],['Paperback'],['English'],1990.0,0.0,False
BOOK00258,Cases on Servant Leadership and Equity,['Ursula Thomas'],5,2022,2022,English,1,False,[],0,[],0,1,5,0,,,['eng'],['IGI Global'],[],0,"['9781668458136', '9781668458143', '9781668458150', '9781668458167', '9781668458129']",[],['English'],2022.0,0.0,False
BOOK00259,Leader As Servant Leadership Model,['Sylvanus Wosu'],2,2022,2022,English,1,False,[],0,[],0,1,2,0,,,['eng'],['Proisle Publishing.com'],[],0,"['9781959449980', '9798986510064']",[],['English'],2022.0,0.0,False
BOOK00260,Servant Leadership,"['Stevens, David']",1,2017,2017,English,1,False,[],0,[],0,1,1,0,,,['eng'],['Christian Medical & Dental Associations'],[],0,['9780989759878'],[],['English'],2017.0,0.0,False
BOOK00261,Global Servant-Leadership,"['Philip Mathew', 'Jiying Song', 'Shann Ray Ferch']",2,2020,2022,English,1,False,[],0,[],0,1,2,0,,,['eng'],"['Rowman & Littlefield Publishers, Incorporated']",[],0,"['9781793621887', '9781793621863']",[],['English'],2020.0,0.0,False
BOOK00262,Servant leadership in nursing,"[""Mary Elizabeth O'Brien""]",2,2010,2010,English,1,False,['mau'],1,"['Sudbury, MA']",1,3,2,0,355,356,['eng'],"['Jones & Bartlett Learning, LLC', 'Jones and Bartlett', 'Jones and Bartlett Publishers']",[],0,"['9781449611002', '9780763774851']",[],['English'],2010.0,0.0,False
BOOK00263,Servant Leadership,"['Ralph Lewis', 'Noble, John']",1,2008,2008,English,1,False,['enk'],1,"['Gloucestershire, UK']",1,1,1,0,213,213,['eng'],['Management Books 2000 Ltd'],['1852525711'],1,['9781852525712'],[],['English'],2008.0,0.0,False
BOOK00264,Servant Leadership Roadmap,['Cara H Bramlett'],1,2018,2018,,0,False,[],0,[],0,1,1,1,124,124,[],['CreateSpace Independent Publishing Platform'],['1982058684'],1,['9781982058685'],['paperback'],[],2018.0,0.0,False
BOOK00265,Using Servant Leadership,['Angelo J. Letizia'],4,2018,2018,English,1,False,[],0,[],0,1,4,2,200,200,['eng'],['Rutgers University Press'],"['0813587344', '0813587352']",2,"['9780813587363', '9780813587370', '9780813587349', '9780813587356']","['paperback', 'hardcover']",['English'],2018.0,0.0,False
BOOK00266,Servant Leadership,['Pastor Cecil Hollaway'],2,2022,2022,English,1,False,[],0,[],0,1,2,0,,,['eng'],"['Trilogy Christian Publishing, Inc.']",[],0,"['9798887386126', '9798887386119']",[],['English'],2022.0,0.0,False
BOOK00267,The servant,"['James C. Hunter', 'James Hunter']",4,1998,2008,English,1,False,"['nyu', 'cau']",2,"['New York', 'Rocklin, Calif']",2,3,3,2,187,208,['eng'],"['Crown Publishing Group', 'Prima Pub.', 'Crown Business']","['9576679400', '0761513698']",2,"['9789576679407', '9780307453563', '9780761513698']","['E-book', 'Hardcover']",['English'],1998.0,0.0,False
BOOK00268,A Woman's Guide to Servant Leadership,['Rhonda Kelley'],1,2002,2002,English,1,False,[],0,[],0,1,1,1,112,112,['eng'],['New Hope Publishers (AL)'],['1563094347'],1,['9781563094347'],['Paperback'],['English'],2002.0,0.0,False
BOOK00269,Servant Leadership for Higher Education,['Daniel W. Wheeler'],3,2011,2011,English,1,False,[],0,[],0,1,3,0,208,208,['eng'],"['Wiley & Sons, Incorporated, John']",[],0,"['9781118181386', '9781118181379', '9781118181362']",[],['English'],2011.0,0.0,False
BOOK00270,Principal to Principal,['Rocky Wallace'],5,2008,2023,English,1,False,[],0,[],0,2,5,1,108,124,['eng'],"['Rowman & Littlefield Publishers, Incorporated', 'Rowman & Littlefield Education']",['1578867606'],1,"['9781475872057', '9781475872040', '9781475872064', '9781578867592', '9781578867608']",['Paperback'],['English'],2008.0,0.0,False
BOOK00271,Servant Leadership,['Samuel O. Enyia'],2,2021,2021,English,1,False,[],0,[],0,1,2,0,,,['eng'],['PageTurner: Press & Media'],[],0,"['9781638716945', '9781638716952']",[],['English'],2021.0,0.0,False
BOOK00272,Personal and Organizational Excellence Through Servant Leadership,['Sen Sendjaya'],3,2015,2016,English,1,False,[],0,[],0,2,3,0,,,['eng'],"['Springer', 'Springer International Publishing AG']",[],0,"['9783319161969', '9783319161952', '9783319382159']",[],['English'],2015.0,0.0,False
BOOK00273,Understanding Servant Leadership,['Chad Audi'],1,2017,2017,English,1,False,[],0,[],0,1,1,0,72,72,['eng'],['CreateSpace Independent Publishing Platform'],[],0,['9781544600390'],[],['English'],2017.0,0.0,False
BOOK00274,Servant Leadership Styles and Strategic Decision Making,"['Yasir Hayat Mughal', 'Shahid Kamal']",4,2018,2018,English,1,False,[],0,[],0,1,4,0,305,305,['eng'],['IGI Global'],[],0,"['9781522549987', '9781522562382', '9781522587248', '9781522549963']",[],['English'],2018.0,0.0,False
BOOK00275,The spirit of servant-leadership,['Robert K. Greenleaf Center. International Conference on Servant-Leadership'],1,2011,2011,English,1,False,['nyu'],1,['New York'],1,1,1,0,,,['eng'],['Paulist Press'],[],0,['9780809105946'],[],['English'],2011.0,0.0,False
BOOK00276,Idiot Guide to Servant Leadership,['Pierre Walter'],1,2010,2010,English,1,False,[],0,[],0,1,1,0,460,460,['eng'],['CreateSpace Independent Publishing Platform'],[],0,['9781453765890'],[],['English'],2010.0,0.0,False
BOOK00277,Servant Leadership in diakonischen Unternehmen,['Mathias Hartmann'],2,2013,2013,German,1,False,['gw'],1,['Stuttgart'],1,2,2,0,221,221,['ger'],"['Kohlhammer Verlag', 'Verlag W. Kohlhammer']",[],0,"['9783170264106', '9783170229594']",[],['German'],2013.0,0.0,False
BOOK00278,Servant Leadership,['John Wallace Whitehead'],2,2019,2019,English,1,False,[],0,[],0,1,2,0,,,['eng'],"['Outskirts Press, Incorporated']",[],0,"['9781977213136', '9781977211989']",[],['English'],2019.0,0.0,False
BOOK00279,Developing Christian Servant Leadership,['G. Roberts'],3,2015,2015,English,1,False,[],0,[],0,2,3,2,245,245,['eng'],"['Palgrave Macmillan Limited', 'Palgrave Macmillan']","['1137489634', '1349504246']",2,"['9781137492456', '9781137489630', '9781349504244']","['hardcover', 'paperback']",['English'],2015.0,0.0,False
BOOK00280,Paul on leadership,['C. Gene Wilkes'],2,2004,2004,English,1,False,['miu'],1,"['Nashville, TN']",1,1,1,0,160,160,['eng'],['LifeWay Press'],['0633195316'],1,['9780633195311'],[],['English'],2004.0,0.0,False
BOOK00281,Marketing management,['Philip Kotler'],66,1973,2016,"English, French, German, Chinese, Norwegian",5,True,"['si', 'fr', 'xxk', 'gw', 'nju', 'onc', 'enk', 'xxc', 'xxu', 'ii', 'cc']",11,"['Singapore', 'New York', 'Paris', 'Englewood Cliffs', 'London (etc.)', 'Stuttgart', '[Upper Saddle River, N.J.]', '[London]', 'Scarborough, Ont', 'Englewood Cliffs, N.J', 'Englewood Cliffs, NJ', 'Upper Saddle River, NJ', 'Upper Saddle River, N.J', 'London', 'Toronto', 'Scarborough (Ontario)', 'Stuttgart,Germany', 'New Delhi']",18,27,15,3,76,1321,"['eng', 'fre', 'ger', 'chi', 'nor']","['2016', 'keller', 'Prentice Hall', 'Publi-Union', 'Prentice-Hall', 'C.E. Poeschel Verlag', 'Pearson Education International', 'Longman Higher Education', 'Prentice Hall Canada', 'Prentice Hall (Higher Education Division, Pearson Education)', 'Not Avail', 'Pearson College Div', 'Publi-Union Éditions', 'Prentice Hall International (UK)', 'Pearson Education', 'Pearson Prentice Hall', 'Prentice-Hall of Canada', 'Prentice-Hall International', 'Prentice-Hall Canada', 'Schaffer', 'Prentice Hall of India', 'C.E. Poeschel', 'Publi Union', 'Pearson Custom Pub', 'Pearson/Prentice Hall', 'China Renmin University Press', 'Prentice Hall College Div']","['0131066250', '0131001353', '2857900090', '0135574544', '0135634792', '2857900929', '0135580242', '3791003372', '0130497150', '0135562678', '0136034322', '0131257250', '0132703807', '0135579279', '0130122173', '0135561507', '0132435101', '0135580072', '0130739537', '0135524806', '2857901127', '0130156841', '0135586852', '2852000024', '0135579759', '0137228511', '0135579597', '2857900759', '0130336297', '2857900139', '0130144290', '0135580579', '3791013106', '8120316096', '3791005049', '2857900392', '0135580498', '0536622256', '013039713X', '7300037461', '0139149465', '0132435284', '0135796652']",43,"['9780131066250', '9780135634790', '9780135580240', '9780135562673', '9780132703802', '9780130122179', '9780130739537', '9780135524800', '9780131001350', '9780136009986', '9780135561508', '9780536622259', '9780139149467', '9780132435284', '9780135796658']","['Hardcover', 'Paperback', 'Unknown Binding']","['English', 'French', 'German', 'Chinese', 'Norwegian']",1973.0,0.0,False
BOOK00282,Management information systems,"['Kenneth C. Laudon', 'Jane P. Laudon', 'Jane Price Laudon', 'Jane Laudon']",95,1945,2021,"English, Indonesian",2,True,"['onc', 'nju', 'xxu', 'mau', 'enk', 'nyu']",6,"['Boston, USA', 'Toronto', 'Upper Saddle River, NJ', 'Upper Saddle River', '[New York]', 'Boston', 'Oxford', 'New York', 'Upper Saddle River, N.J', 'Upper Saddle River,N.J', 'London']",11,25,68,7,1,99998,"['eng', 'ind']","['Pearson', 'Pearson Education', 'Pearson Canada', 'Pearson Education, Limited', 'Prentice Hall College Div', 'Pearson Prentice Hall', 'Pearson Custom Publishing', 'Prentice Hall', 'Pearson Education Canada', 'Pearson/Education', 'Prentice Hall PTR', 'Pearson/Prentice Hall', 'Azimuth', 'Maxwell Macmillan International', 'Prentice Hall India', 'managing the digital firm', 'Pearson Higher Education & Professional Group', 'Macmillan Pub Co', 'Macmillan Pub. Co.', 'Collier Macmillan Canada', 'Prentice Hall International', 'Prentice-Hall', 'Prentice-Hall Inc', 'Macmillan', 'Collier Macmillan']","['0133156842', '0131226843', '0131014994', '1292094001', '0131579843', '0131538411', '0134639715', '0536674965', '0131598430', '0130663557', '0132337746', '0131694553', '013071108X', '027375453X', '0133898318', '013609368X', '0135191793', '0132574799', '0133898164', '0132304619', '013389830X', '0136078877', '0135409098', '0135409047', '0135078857', '013607846X', '0131409166', '0130117323', '0131973886', '0131538446', '0132142856', '0029463645', '0131206818', '8120329082', '0138577234', '0131014986', '0130330663', '0023681217', '0023681012', '002439128X', '013055197X', '0131213520', '0139064621', '0132328852', '0130619604', '0023681004', '013213778X', '0130783927']",48,"['9780133156843', '9780135205563', '9780133974522', '9780133058574', '9780133826135', '9780131226845', '9780131014992', '9781292094007', '9780131579842', '9780131538412', '9780134639710', '9780536674968', '9781292128153', '9780134744162', '9780131598430', '9780133898187', '9781292403694', '9781292403281', '9781292296715', '9780130663559', '9780132337748', '9780132478083', '9780132576581', '9780133050691', '9780273790358', '9780134058474', '9781292296562', '9780131694552', '9780132415798', '9780130711083', '9780131971929', '9780273754534', '9780133898316', '9780135191927', '9780136094678', '9780273754596', '9780136093688', '9780135191798', '9780132574792', '9780133898163', '9780133130782', '9780134684857', '9780134745992', '9780130156822', '9780132304610', '9780133898309', '9780134639840', '9780136078876', '9780135409091', '9780135409046', '9780135078853', '9780136078463', '9780131409163', '9780130117328', '9780131538443', '9780132142854', '9780131206816', '9788120329089', '9780273779803', '9781292211756', '9780138577230', '9780131014985', '9780130330666', '9780023681219', '9780023681011', '9780130551979', '9780130619600', '9780130783929']","['hardcover', 'paperback', 'Hardcover', 'Paperback', 'digital', 'loose leaf', '[Recurs electro  nic] :']","['English', 'Indonesian']",1945.0,0.0,False
BOOK00283,Marketing Management,"['Philip Kotler', 'Kevin Lane Keller']",1,2016,2016,English,1,False,[],0,[],0,1,1,0,,,['eng'],['Pearson Education'],[],0,['9781292092621'],[],['English'],2016.0,0.0,False
BOOK00284,Human Resource management,['Gary Dessler'],6,1994,2016,English,1,False,"['enk', 'xxu']",2,"['Englewood Cliffs, N.J', 'London', 'Upper Saddle River, N.J']",3,3,4,2,715,721,['eng'],"['Pearson', 'Prentice Hall', 'Prentice-Hall International']","['0134237528', '0133525945', '0134237269', '0134235452', '0136589073', '0132343525']",6,"['9780134237527', '9780133525946', '9780134237268', '9780134235455']","['digital', 'hardcover']",['English'],1994.0,0.0,False
BOOK00285,Operations management,"['Jay H. Heizer', 'Jay Heizer', 'Barry Render']",23,1999,2019,English,1,False,['nju'],1,"['Upper Saddle River, N.J', 'Upper Saddle River, NJ']",2,9,16,5,56,912,['eng'],"['oxford university press', 'Pearson Education, Limited', 'Pearson Education Canada', 'Prentice Hall PTR', 'Pearson Higher Education & Professional Group', 'Pearson', 'Pearson Prentice Hall', 'Prentice Hall', 'Pearson/Prentice Hall']","['0134163451', '0132921146', '0132342715', '0132412896', '0138128782', '0138134545', '0131585592', '013185755X', '0130082732', '0136025676', '0136119417', '013905068X', '0132370603', '0131016121', '0131209744', '0131422723', '013018604X']",17,"['9780136120902', '9780135233924', '9780134838076', '9780132931250', '9781292295039', '9780134163451', '9780132921145', '9780132342711', '9780132412896', '9780138128784', '9780138134549', '9780131585591', '9780131857551', '9780130082732', '9780136025672', '9780136119418']","['paperback', 'digital', 'hardcover', 'Hardcover', 'Paperback']",['English'],1999.0,0.0,False
BOOK00286,Principles of management,['George Robert Terry'],16,1953,1982,English,1,False,"['ilu', 'xx']",2,"['Homewood, Ill']",1,3,0,0,614,822,['eng'],"['R.D. Irwin', 'Richard D. Irwin', 'R. D. Irwin']","['0256018766', '0256026408']",2,[],[],['English'],1953.0,0.0,False
BOOK00287,Strategic management,['Fred R. David'],25,1969,2009,English,1,False,"['ohu', 'nju', 'enk', 'nyu', 'xxk', 'xxu']",6,"['Columbus', 'Englewood Cliffs, N.J', 'Upper Saddler River, NJ', 'Upper Saddle River, N.J', 'London', 'New York', 'Toronto', 'Upper Saddle River', 'Upper Saddle River, NJ', 'Upper Saddle River,NJ', 'Upper Saddler River, N.J']",11,11,5,3,234,1088,['eng'],"['Prentice Hall', 'Merrill Pub. Co.', 'Prentice Hall International', 'Merrill', 'Collier Macmillan Canada', 'Maxwell Macmillan International', 'Pearson Education', 'Macmillan', 'Maxwell Macmillan Canada', 'Pearson Prentice Hall', 'Pearson/Prentice Hall']","['0023278617', '0675209382', '0130807834', '0130663425', '0130497959', '0136067247', '067521386X', '0131276751', '0136015700', '0131503464', '0130879029', '0023278412', '0130807850', '0131503472', '0130497940', '0131202359', '013486011X', '0131869558', '0130479128', '0130807842', '0130879037']",21,"['9780023278617', '9780130497956', '9780136015703', '9780130879028', '9780130479129']","['Textbook Binding', 'Paperback', 'Hardcover']",['English'],1969.0,0.0,False
BOOK00288,Statistics for management,['Richard I. Levin & David S. Rubin'],12,1978,1998,English,1,False,"['nju', 'enk']",2,"['Englewood Cliffs, N.J', 'Upper Saddle River, N.J', 'Hemel Hempstead']",3,2,2,1,356,1026,['eng'],"['Prentice-Hall', 'Prentice Hall']","['0138453055', '0134762924', '0138452806', '0138519730', '0138452555', '0138453489', '013851965X', '0138477817', '0070965129', '812031235X', '0138452482']",11,"['9780138519735', '9780138519650']",['Hardcover'],['English'],1978.0,0.0,False
BOOK00289,The Night Manager,['John le Carré'],39,1993,2020,"English, Chinese, German",3,True,"['enk', 'nyu', 'ch', 'onc', 'gw']",5,"['New York, USA', 'New York', 'Taibei Xian Xindian Shi', 'Toronto', 'Anstey, Leicestershire', 'London', 'München']",7,26,31,8,300,751,"['eng', 'chi', 'ger']","['Ullstein Taschenbuchvlg.', 'Heyne', 'Kiepenheuer & Witsch', 'Hodder & Stoughton', 'Penguin Books, Limited', 'Leatherbound Bestsellers', 'Bolinda audio', 'Hodder & Stoughton General Division', 'Ballantine Books', 'Trafalgar Square', 'Books On Tape', 'Random House Value Publishing', 'Random House Audio', 'Books on Tape, Inc.', 'Sceptre', 'Chivers Audio Books', 'Century Hutchinson (A Division of Random House Group)', 'Knopf', 'Alfred A. Knopf, Inc.', 'Published by Random House Large Print in association with Knopf', 'Mu ma wen hua shi ye gu fen you xian gong si', 'fa xing Yuan zu wen hua shi ye gu fen you xian gong si', 'Viking', 'Thorpe', 'Coronet Books', 'Wilhelm Heyne']","['3548288626', '345308201X', '3462022776', '1489358676', '0340937688', '0241247527', '0241291259', '1524796956', '0399594000', '0345418301', '0340600888', '5552758609', '0345385764', '0517137631', '0517396165', '067942508X', '0736627898', '5557103368', '0340766522', '0754053598', '1858918960', '0340597658', '0340592818', '0345480325', '0745143539', '0679425136', '0679747281', '9867475534', '0670851191', '0708988148']",30,"['9783548288628', '9783453082014', '9783462022773', '9781844569144', '9780241294192', '9781627153928', '9780141393018', '9781489358677', '9780241337219', '9780340937686', '9780241247525', '9780241291252', '9781524796952', '9780399594007', '9780345418302', '9780340600887', '9785552758609', '9780345385765', '9780517137635', '9780517396162', '9780679425083', '9780736627894', '9785557103367', '9780340766521', '9780754053590', '9781858918969', '9780340597651', '9780340592816', '9780345480323', '9780745143538', '9789867475534']","['paperback', 'Paperback', 'Hardcover', 'audio cd', 'Audio Cassette', 'Mass Market Paperback', 'Audio cassette', 'Audio CD']","['English', 'Chinese', 'German']",1993.0,0.0,False
BOOK00290,Strategic management,"['Gregory G. Dess', 'G. T. Lumpkin', 'Alan B. Eisner', 'Gerry McNamara', 'Seung-Hyun Lee', 'Marilyn L. Taylor']",55,1992,2024,English,1,False,"['mau', 'onc', 'xxu', 'nyu']",4,"['Boston', 'Boston, Mass', 'Toronto', 'New York', 'London', 'New York, NY']",6,10,43,6,432,984,['eng'],"['McGraw-Hill Education', 'McGraw-Hill Ryerson', 'Irwin/McGraw-Hill', 'MC GRAW HILL INDIA', 'McGraw-Hill Irwin', 'McGraw-Hill Ryerson Higher Education', 'McGraw-Hill/Irwin', 'McGraw Hill', 'McGraw-Hill', 'McGraw Hill Higher Education']","['1266006885', '007287290X', '0077636155', '007131704X', '0077246268', '007111114X', '1259813959', '1259900452', '0070979979', '1260075087', '1259196550', '1259209040', '1260706621', '1259899977', '1260706664', '1266002278', '0071317686', '0070401810', '0072843829', '0073124575', '0073381217', '0073102466', '0072509171', '0071151060', '0070922918', '0073530417', '0071125949', '0070165696', '0072952423', '0072849150', '0073404985', '0077636082', '007786252X', '0070165718', '007016570X', '0077161092', '1259255875', '0077439562']",38,"['9781266006883', '9780072872903', '9780077636159', '9780071317047', '9780077246266', '9780071111140', '9781259813955', '9781259900457', '9780070979970', '9781259275845', '9781260075083', '9781259196553', '9781259209048', '9781260706628', '9781259899973', '9781259900525', '9781260706666', '9781260706581', '9781266002274', '9781266011832', '9780071317689', '9780070401815', '9780072843828', '9780073124575', '9780073381213', '9780073102467', '9780073530413', '9780072952421', '9780072849158', '9780073404981', '9780071151061', '9780072509175', '9781259303500', '9781259024993', '9780077636081', '9780077862527', '9780070165717', '9780070165700', '9781259278211', '9780077161095', '9781259921322', '9781259255878', '9780077439569']","['Hardcover', 'paperback', 'Paperback', 'hardcover', 'printed access code', 'loose leaf']",['English'],1992.0,0.0,False
BOOK00291,Management,['Stephen P. Robbins'],28,1984,2008,English,1,False,"['xxk', 'nju', 'xxu', 'enk']",4,"['Englewood Cliffs, N.J', 'Upper Saddle River, N.J', 'Englewood Cliffs (N.J.)', 'Scarborough, Ont', 'Inglewood Cliffs, NJ', 'London', 'Upper Saddle River, NJ']",7,10,8,2,133,852,['eng'],"['Pearson', 'Prentice-Hall', 'Prentice Hall', 'Prentice-Hall International', 'Prentice Hall College Div', 'Prentice-Hall Int', 'Pearson/Prentice-Hall', 'Pearson Prentice Hall', 'Prentice-Hall Canada', 'Longman Higher Education']","['0135511445', '013556655X', '0131410814', '0132257734', '0130319651', '0135514177', '0132279924', '0139215034', '0131439944', '0135526965', '0130663662', '0131272721', '0132328771', '0135480655', '0132090716', '0130619205', '0130976350', '0134865561', '0131306693', '0135490723', '0135489598']",21,"['9780131410817', '9780130319654', '9780131439948', '9780132090711', '9780131306691', '9780135490723', '9780135514177', '9780135489598']","['Hardcover', 'Paperback']",['English'],1984.0,0.0,False
BOOK00292,High Output Management,['Andrew S. Grove'],7,1983,1997,"English, Chinese",2,True,"['xxk', 'nyu', 'ch']",3,"['London', 'New York', 'Taibei Shi']",3,7,1,1,217,264,"['eng', 'chi']","['Souvenir', 'Souvenir Press Ltd', 'Pan', 'Vintage', 'Yuan liu chu ban shi ye gu fen you xian gong si', 'Random House', 'Vintage Books']","['0285626590', '0330289632', '0679772049', '0679762884', '9573232790', '0394532341', '0394728270']",7,['9780679772040'],['Paperback'],"['English', 'Chinese']",1983.0,0.0,False
BOOK00293,Financial Management,"['Eugene F. Brigham', 'Michael C. Ehrhardt']",29,1977,2010,English,1,False,"['at', 'ilu', 'txu', 'xxu', 'xxk', 'ohu', 'ja']",7,"['Australia', 'United States', 'Chicago', 'Fort Worth', 'London', 'Hinsdale, Ill', 'USA', 'Mason, Ohio', 'Tokyo']",9,14,11,2,23,1192,['eng'],"['Harcourt College Publishers', 'Dryden Press', 'Thomson Learning', 'South-Western/Thomson Learning', 'Dryden P.', 'South-Western Pub', 'Dryden', 'Dryden Press/Harcourt Brace Jovanovich College Publishers', 'Thomson Business and Economics', 'South-Western College Pub', 'South-Western Publishing', 'Thomson South-Western', 'Holt-Saunders Japan', 'Harcourt College Pub']","['0030335612', '0030210291', '0030989299', '003012543X', '0030980666', '003022828X', '0030454018', '0030189667', '0030233682', '0030047633', '003033568X', '0030595932', '0324422695', '0030329310', '0030177898', '0030716934', '0324235976', '0030240530', '0030243998', '0324224168', '0030326729', '4833702495', '003021209X']",23,"['9780030335617', '9780030210297', '9780030989292', '9780030233685', '9780030335686', '9780030329319', '9781439078099', '9780324235975', '9780030240539', '9780324224160', '9780030212093']","['Hardcover', 'Paperback']",['English'],1977.0,0.0,False
BOOK00294,Human resource management,"['R. Wayne Mondy', 'Robert M. Noe', 'Shane R. Premeaux', 'Ronald Knowles', 'Joseph J. Martocchio']",43,1990,2018,English,1,False,"['onc', 'nju', 'mau', 'enk']",4,"['Toronto', 'Boston', 'Upper Saddle River, NJ', 'Upper Saddle River, N.J', 'London']",5,10,30,3,410,744,['eng'],"['Prentice Hall', 'Person Learning Solutions', 'Pearson Higher Education & Professional Group', 'PEARSON', 'Pearson Education, Limited', 'Pearson', 'Pearson Canada, Toronto', 'Prentice Hall College Div', 'Allyn and Bacon', 'Pearson Prentice Hall']","['0133063275', '1256774790', '1256732850', '0133796043', '0133848892', '0130143367', '0133848809', '0131447068', '0205142184', '0139227822', '0132225956', '0132298325', '0136077285', '0131447165', '0205121217', '0130322806']",16,"['9780133063271', '9781256774792', '9781256732853', '9781292094373', '9781292264332', '9781292094380', '9780133796049', '9780133848892', '9780130423504', '9780131273894', '9780137128235', '9780130143365', '9780133848809', '9780132553070', '9780133043549', '9780132553001', '9780136077282', '9780138005689', '9780132553605', '9780273752998', '9780133129939', '9780133130676', '9780132574853', '9780133254112', '9780273787006', '9780131447066', '9780131467262', '9780132667333', '9780273753070', '9780130104809']","['digital', 'Paperback', 'hardcover']",['English'],1990.0,0.0,False
BOOK00295,"Mind Management, Not Time Management",['David Kadavy'],2,2020,2021,English,1,False,[],0,[],0,1,2,2,262,262,['eng'],"['Kadavy, Inc.']","['057830175X', '0578733692']",2,"['9780578301754', '9780578733692']","['hardcover', 'paperback']",['English'],2020.0,0.0,False
BOOK00296,Strategic management and business policy,"['Thomas L. Wheelen', 'J. David Hunger', 'Tom Wheelen']",45,1983,2020,English,1,False,"['mau', 'nju', 'xxk', 'xxu']",4,"['Reading, Mass', 'Upper Saddle River, N.J', 'Boston', 'Reading, Ma', 'Wokingham', '[Great Britain]', 'Upper Saddle River, NJ']",7,11,26,2,136,99998,['eng'],"['Pearson', 'Prentice Hall', 'Pearson Education, Limited', 'Pearson Education', 'Pearson Higher Education & Professional Group', 'Addison Wesley Publishing Company', 'Addison-Wesley Pub. Co.', 'Pearson/Prentice Hall', 'Addison-Wesley', 'Pearson Education Prentice Hall', 'Pearson Prentice Hall']","['0131421824', '0134522052', '0131424068', '0201846578', '0201090112', '0131494600', '0136097359', '0201845555', '0136097391', '0131494619', '0201532816', '0131225510', '0201600005', '0132323192', '0201563886', '0201615436', '0131494597', '0130651214', '0201090422', '013232346X']",20,"['9789586992558', '9780134525778', '9780136097310', '9780133740370', '9780131421820', '9781292215617', '9781292060811', '9780133254181', '9780133126143', '9780132967341', '9780133130010', '9780132570206', '9780132478120', '9780137029150', '9780135100837', '9780136068273', '9780130873590', '9780130090867', '9781292215488', '9780134522050', '9780131424067', '9780201846577', '9780136097358', '9780136097396', '9780132323192', '9780132323468']","['hardcover', 'Paperback']",['English'],1983.0,0.0,False
BOOK00297,The Practice of Management,['Peter F. Drucker'],37,1954,2017,"English, Chinese",2,True,"['cc', 'nyu', 'enk', 'xxk', 'xx']",5,"['Beijing', 'New York', 'Oxford', 'London']",4,17,19,3,368,635,"['eng', 'chi']","['Harper & Brothers Publishers, New York, NY, U.S.A.', 'Heinemann', 'Taylor & Francis Group', 'Routledge', 'HarperCollins Publishers', 'Butterworth-Heinemann', 'Ji xie gong ye chu ban she', 'Harper', 'HarperBusiness', 'Butterworth Heinemann', 'Heinemann Professional', 'Perennial Library', 'Pan', 'Collins', 'HarperCollins', 'HarperAudio', 'Butterworth-Heinemann Ltd']","['0750643935', '7111189574', '0887306136', '0060913169', '0750619104', '0434903892', '0434209538', '0330020315', '1559942789', '0750609230', '0060878975']",11,"['9780080942360', '9781136356179', '9781283519366', '9780066620268', '9780750685047', '9781136356193', '9781138454057', '9781136356162', '9781136356216', '9781136356223', '9780750643931', '9787111189572', '9780887306136', '9780060913168', '9780062005441', '9781559942782', '9780750619103', '9780750609234', '9780060878979']","['Paperback', 'Electronic resource', 'Audio Cassette']","['English', 'Chinese']",1954.0,0.0,False
BOOK00298,Human Resource Management,['Gary Dessler'],11,1994,2010,English,1,False,"['nju', 'xxu', 'mau']",3,"['Upper Saddle River, N.J', 'Englewood Cliffs, N.J', 'Boston', 'London']",4,3,5,2,490,784,['eng'],"['Prentice Hall', 'Prentice-Hall International', 'Pearson Prentice Hall']","['0132343525', '0131440977', '0136589073', '0130664928', '013608995X', '0130141240', '013123448X', '0131746170']",8,"['9780131440975', '9780130664921', '9780136089957', '9780131234482', '9780131746176']","['Hardcover', 'Paperback']",['English'],1994.0,0.0,False
BOOK00299,Project management,['Dennis Lock'],13,1968,2007,English,1,False,"['enk', 'nyu']",2,"['London', 'Aldershot, Hants, England', 'Brookfield, Vt., USA', 'New York', 'Aldershot, Hants., England', 'Brookfield, Vt., U.S.A', 'Aldershot, Hampshire, England', 'Brookfield, Vt', 'Farnborough']",9,8,6,2,210,656,['eng'],"['Gower P.', 'Gower', 'Wiley', 'Ashgate', 'Gower Publishing Company', 'Gower Pub Co', ""St. Martin's Press"", 'Gower Press']","['0716100061', '0566073390', '0566073404', '0470237236', '0566087723', '0566027240', '0566077094', '0566077388', '0566085518', '056608578X', '0312651082', '056608225X', '0566020343', '0566082233', '0566087693']",15,"['9780566087721', '9780566085512', '9780566085789', '9780566082252', '9780566082238', '9780566087691']","['Paperback', 'Hardcover']",['English'],1968.0,0.0,False
BOOK00300,Introduction to management accounting,['Charles T. Horngren'],20,1978,2005,English,1,False,"['xxk', 'nju', 'xxu', 'enk']",4,"['London', 'Englewood Cliffs, N.J', 'Upper Saddle River, NJ', 'Upper Saddle River, N.J', 'Englewood Cliffs, NJ']",5,5,0,0,428,837,['eng'],"['Prentice Hall', 'Prentice-Hall', 'Prentice Hall International', 'Pearson/Prentice-Hall', 'Prentice-Hall International']","['0132726831', '0134872649', '0134875958', '0134872088', '0134776623', '013487885X', '013205535X', '0134884124', '0130423521', '0134876520', '0134870751', '0134774809', '013144073X', '0134879848', '0131273078', '0132136384', '0134878361', '0131273086']",18,[],[],['English'],1978.0,0.0,False
BOOK00301,The Principles of Scientific Management,['Frederick Winslow Taylor'],37,1911,2009,"English, Spanish",2,True,"['gau', 'nyu', 'pau', 'enk', 'xxk', 'xxu', 'ag']",7,"['Easton, Pa', 'Norcross, GA', 'New York', 'Easton [Pa.]', 'Mineola, N.Y', 'Easton, PA', 'London', 'Buenos Aires']",8,17,13,5,76,1480,"['eng', 'spa']","['Engineering & Management Press', 'Harper', '1st World Library', 'Norton', 'Hive Pub. Co.', 'Dover Publications', 'Hive Publishing', 'Harper & Brothers', 'BiblioBazaar', 'Cosimo Classics', 'IndyPublish.com', 'Kessinger Publishing', 'Routledge/Thoemmes Press', 'Arden Library', 'Editorial argentina de finanzas y administración', 'IndyPublish', 'NuVision Publications']","['0898061822', '1421803402', '0879601175', '0879601221', '0879600241', '0486299880', '1414218915', '1434638219', '1596058897', '1414262248', '1414262256', '1419178849', '1421804409', '1434638200', '0849551625', '0393003981', '1428065229', '1116424096', '1595478027']",19,"['9781421803401', '9781414218915', '9781434638212', '9781596058897', '9781414262246', '9781414262253', '9781419178849', '9781421804408', '9781434638205', '9780849551628', '9781428065222', '9781116424096', '9781595478023']","['Hardcover', 'Perfect Paperback', 'Paperback', 'Microform', 'Textbook Binding']","['English', 'Spanish']",1911.0,0.0,False
BOOK00302,Management of organizational behavior,"['Paul Hersey', 'Blanchard Hersey']",21,1969,2008,English,1,False,"['onc', 'nju', 'enk']",3,"['Scarborough, Ont', 'Englewood Cliffs, NJ', 'Englewood Cliffs, N.J', 'Upper Saddle River, N.J', 'London', 'Upper Saddle River, NJ']",6,7,7,1,147,627,['eng'],"['Prentice Hall', 'Pearson Education, Limited', 'Prentice-Hall of Canada', 'Prentice-Hall', 'Not Avail', 'Prentice-Hall International (UK)', 'Pearson Prentice Hall']","['0135550041', '0135496187', '0135488672', '0135496004', '013032518X', '0135512689', '0135512506', '0135488753', '0135486696', '0132617692', '0132441128', '013554999X', '0135487439', '0131441396']",14,"['9780135487198', '9780130124104', '9780135496183', '9780130325181', '9780131441392', '9780135488751', '9780135488676']",['Hardcover'],['English'],1969.0,0.0,False
BOOK00303,Retailing management,['Michael Levy'],5,1992,2011,English,1,False,"['mau', 'ilu']",2,"['Boston, Mass', 'Homewood, IL', 'Boston', 'Chicago']",4,3,1,0,616,774,['eng'],"['Irwin/McGraw-Hill', 'Irwin', 'McGraw-Hill Companies, The']","['0072315776', '0256059896', '0256223467', '007115387X', '0256136610', '0073530026']",6,['9780073530024'],[],['English'],1992.0,0.0,False
BOOK00304,Strategic management,"['Arthur A. Thompson', 'Alonzo J. Strickland', 'Arthur A., Jr. Thompson', 'A. J. Strickland', 'Alonzo J., III Strickland']",17,1984,2003,English,1,False,"['txu', 'ilu', 'mau', 'xxu']",4,"['Plano, Tex', 'Chicago', 'Boston, Mass', 'Burr Ridge', 'Homewood, IL', 'Boston']",6,11,5,3,1,1117,['eng'],"['Irwin Professional Publishing', 'Richard D Irwin', 'Irwin', 'McGraw-Hill Primis', 'Business Publications', 'Irwin McGraw Hill', 'R.D.Irwin', 'BPI, Irwin', 'Irwin/McGraw-Hill', 'McGraw-Hill/Irwin', 'McGraw-Hill/Irvin']","['0256237387', '0256165483', '025613930X', '0390364266', '0256140553', '0073037141', '0256162050', '0256078378', '0256127077', '0256096988', '0256030774', '0072443715', '0071121323', '0072314990']",14,"['9780256237382', '9780256165487', '9780256139303', '9780390364265', '9780256140552']","['Hardcover', 'Paperback', 'Unknown Binding']",['English'],1984.0,0.0,False
BOOK00305,Operations Management,['Lee J. Krajewski'],34,1987,2018,English,1,False,"['mau', 'xxk', 'xxu', 'enk', 'nju']",5,"['Reading, Mass', 'Wokingham', 'Upper Saddle River,NJ', 'Upper Saddle River, N.J', '[London]', 'Upper Saddle River, NJ', 'Reading, Ma']",7,12,24,5,1,99998,['eng'],"['Pearson Education, Limited', 'Pearson Education Canada', 'Pearson', 'Pearson Higher Education & Professional Group', 'Prentice Hall', 'Addison-Wesley', 'Not Avail', 'Addison-Wesley Pub. Co.', 'Addison Wesley Publishing Company', 'Addison Wesley', 'Pearson Education, Inc', 'Prentice-Hall']","['0133872130', '0201889501', '0201504103', '0201765608', '0201566303', '0201400162', '0201509571', '0201331187', '0131273108', '0130423564', '0030423564', '0201607158', '0201822938', '0136065767', '0201134802', '0201517191', '0201765187', '0201566311', '0131437143', '0201540843', '0131697390', '0201615452', '0131436643', '0130664278']",24,"['9780273766834', '9780132912259', '9780132458917', '9780134742205', '9780134890357', '9780134855424', '9780134741062', '9781292259932', '9780133872132', '9780201889505', '9780201765601', '9780201509571', '9780136065760', '9780201765182', '9780201331189', '9780201566314', '9780201566307', '9780131437142', '9780201540840', '9780131697393', '9780201607154', '9780201615456', '9780131436640', '9780130664273']","['hardcover', 'Unknown Binding', 'Paperback', 'Hardcover', 'CD-ROM']",['English'],1987.0,0.0,False
BOOK00306,Contemporary management,"['Gareth R. Jones', 'Jennifer M. George']",11,1998,2017,English,1,False,"['onc', 'xxu', 'mau', 'enk']",4,"['Toronto', 'Boston', 'Boston, Mass', 'London']",4,6,6,1,600,840,['eng'],"['McGraw-Hill Education', 'McGraw-Hill Ryerson', 'McGraw-Hill/Irwin', 'McGraw-Hill Irwin', 'Irwin/McGraw-Hill', 'Irwin McGraw-Hill']","['0070922012', '0073530220', '0072469447', '0071151214', '0073530433', '0256213518', '0072896647', '007117608X']",8,"['9781259732669', '9780077718374', '9780077111151', '9780070922013', '9780073530222', '9780073530437']",['Hardcover'],['English'],1998.0,0.0,False
BOOK00307,Developing mangement skills,"['David A. Whetten', 'Kim S. Cameron', 'Whetten', 'David A. Whetten', 'DAVID A. WHETTEN', 'David Whetten', 'Kim Cameron']",39,1984,2019,English,1,False,"['nju', 'xxk', 'xxu', 'ilu', 'nyu', 'mau']",6,"['Upper Saddle River, N.J', 'Glenview, Ill', 'London', 'Upper Saddle River, NJ', 'New York, NY', 'Reading, Mass', 'Harlow']",7,16,19,2,4,99999,['eng'],"['Pearson Education', 'Prentice Hall', 'Pearson Higher Education & Professional Group', 'Pearson', 'Pearson Education, Limited', 'Prentice Hall/Pearson', 'Scott, Foresman', 'Prentice Hall PTR', 'Addison-Wesley Educational Publishers', 'HarperCollins', 'Pearson Prentice Hall', 'Pearson Custom Publishing', 'Addison Wesley', 'HarperCollins College Publishers', 'HarperCollinsPublishers', 'Harpercollins College Div']","['0131790471', '0131542400', '0131441426', '0133127583', '0136121004', '0673155900', '0131225146', '0321012410', '0065017935', '0131273205', '0321013085', '0673992462', '0065015916', '0131747428', '0065017927', '0065017943', '0673380262', '0065015886', '0130914088', '0065015894', '0065017951']",21,"['9780135643006', '9780131790476', '9780131542402', '9780131441422', '9781292097480', '9780133127584', '9780273673361', '9780136121008', '9780133134674', '9780135103029', '9780136125754', '9780135032800', '9780133134711', '9781282650312', '9780133127478', '9780135175460', '9780321012418', '9780131747425', '9780130914088']","['Paperback', 'digital']",['English'],1984.0,0.0,False
BOOK00308,Essentials of management,['Harold Koontz'],8,1974,2007,English,1,False,"['nyu', 'en']",2,"['New York', '2nd ed\x1e00', 'London [etc.]']",3,3,2,1,475,564,['eng'],"['TBS', 'McGraw Hill Higher Education', 'McGraw-Hill']","['007062030X', '0070355177', '0070353727', '0070353719', '007035605X', '0070354197', '0070355169']",7,"['9780070620308', '9780070355170']",['Hardcover'],['English'],1974.0,0.0,False
BOOK00309,A Guide to the Project Management Body of Knowledge (PMBOK® Guide),['Project Management Institute'],15,1996,2013,"English, Japanese",2,True,"['pau', 'xxu', 'at']",3,"['Newtown Square, Pa', 'Upper Darby, PA', 'Upper Darby, Pa', 'Newtown Square, USA', 'Newton Square, USA', 'Newtown Square, Pennsylvania', 'S.l']",7,3,9,3,1,589,"['eng', 'jpn']","['Project Management Institute, Inc.', 'Project Management Institute', 'Project Mangagement Institute']","['1880410125', '193069945X', '1930699506', '1930699751', '1930699727', '1930699956', '1935589679', '1930699808', '1880410222', '1880410230', '1880410257']",11,"['9781933890517', '9781930699755', '9781930699502', '9781930699724', '9781930699953', '9781935589679', '9781930699809', '9781880410233', '9781880410257']","['Paperback', 'CD-ROM', 'Hardcover']","['English', 'Japanese']",1996.0,0.0,False
BOOK00310,Analysis for financial management,['Robert C. Higgins'],18,1983,2026,English,1,False,"['mau', 'ilu', 'xxu']",3,"['Boston', 'Boston, Mass', 'Homewood, IL', 'Chicago', 'Homewood, Ill', 'London']",6,10,6,0,235,464,['eng'],"['McGraw-Hill Education', 'McGraw-Hill Companies, The', 'McGraw-Hill Irwin', 'Irwin/McGraw-Hill', 'Business One Irwin', 'Irwin', 'Dow Jones-Irwin', 'R.D. Irwin', 'McGraw-Hill', 'McGraw-Hill/Irwin']","['007253656X', '0256167036', '1556235496', '0256135681', '1556231423', '0870943774', '0256030049', '0072315318', '0256068992', '0256092346', '0073041807', '0071181172', '0073382310']",13,"['9781266826023', '9781260772364', '9781260091915', '9780077861780', '9780073041803', '9780073382319']",[],['English'],1983.0,0.0,False
BOOK00311,Strategic market management,['David A. Aaker'],14,1984,2008,English,1,False,"['nyu', 'nju', 'xxu']",3,"['New York', 'Hoboken, NJ']",2,7,5,1,322,720,['eng'],"['Wiley', 'John Wiley and Sons (WIE)', 'John Wiley & Sons', 'John Wiley', 'John Wiley & Sons Inc', 'J. Wiley & Sons', 'J. Wiley']","['0471532533', '0471659037', '0471871109', '0471852627', '0470056231', '0470059869', '0471484261', '0470180315', '0471177431', '0470088052', '0471359955', '0471415723', '0471309567']",13,"['9780471659037', '9780470056233', '9780470059869', '9780470180310', '9780470088050']",['Paperback'],['English'],1984.0,0.0,False
BOOK00312,Strategic management,"['Pearce, John A.', 'John A. Pearce', 'Richard B. Robinson']",15,1982,2015,English,1,False,"['ilu', 'mau', 'xxu']",3,"['Chicago', 'Boston', 'Burr Ridge, Ill', 'Homewood, IL', 'Homewood, Ill', 'Boston, Mass']",6,9,6,1,403,1049,['eng'],"['Business Expert Press', 'McGraw-Hill Education', 'McGraw Hill', 'Irwin Professional Publishing', 'Irwin', 'McGraw Hill Irwin', 'R.D. Irwin', 'McGraw-Hill', 'Irwin/McGraw-Hill']","['0256154783', '0256170673', '0073381365', '0256113629', '0256083231', '025602636X', '0256032300', '0256062366', '0073054224', '0072290757']",10,"['9781631570742', '9781631570735', '9780077862510', '9780256154788', '9780073381367', '9780073054223']",['Hardcover'],['English'],1982.0,0.0,False
BOOK00313,Retailing management,"['Michael Levy', 'Michael Levy', 'Barton A. Weitz']",18,2000,2026,English,1,False,"['si', 'mau', 'onc']",3,"['[Singapore]', 'Boston', 'Toronto', '[Whitby, Ont.]', 'Boston, MA']",5,8,12,2,572,775,['eng'],"['mc grew hill', 'McGraw-Hill Education', 'McGraw-Hill Higher Education', 'McGraw-Hill Ryerson', 'Mcgraw-Hill College', 'McGraw-Hill/Irwin', 'McGraw-Hill Irwin', 'Mcgraw-Hill (Tx)']","['1264469276', '9814670324', '0070931739', '0070073376', '0072429410', '1259573087', '0070974241', '007301978X', '0073381047', '0072497203', '007121481X']",11,"['9789814670326', '9781265279974', '9781264157440', '9780070931732', '9780070073371', '9781259269202', '9780078028991', '9780072429411', '9781259573088', '9780070974241', '9780073019789', '9780073381046']","['hardcover', 'Hardcover']",['English'],2000.0,0.0,False
BOOK00314,Supply chain logistics management,['Donald J. Bowersox'],4,2002,2010,English,1,False,"['mau', 'xxu']",2,"['Boston, Mass', 'Boston', 'New York, N.Y', 'London']",4,1,3,1,424,656,['eng'],['McGraw-Hill/Irwin'],"['0072947888', '0073377872', '0071123067', '7111110145']",4,"['9780072947885', '9780073377872', '9787111110149']",['Paperback'],['English'],2002.0,0.0,False
BOOK00315,The one minute manager,"['Kenneth H. Blanchard', 'Spencer Johnson', 'Kenneth Blanchard']",15,1981,2003,"English, Spanish",2,True,"['nyu', 'mx', 'enk', 'xxu', 'xxk']",5,"['New York', 'New York, NY', 'México, D.F', 'London', 'New York, N.Y']",5,9,3,2,111,190,"['eng', 'spa']","['Morrow', 'Berkley Trade', 'HarperCollins Business', 'Rayo', 'Grijalbo', 'HarperCollins', 'Blanchard-Johnson Publishers', 'Berkley Books', 'Willow']","['0688014291', '0425093980', '0007107927', '0060556404', '9684193238', '0939760002', '0425098478', '0425062651', '0002180618', '0006367534']",10,"['9780425093986', '9780007107926', '9780939760008']","['Paperback', 'Unknown Binding']","['English', 'Spanish']",1981.0,0.0,False
BOOK00316,Entrepreneurship,['Robert D. Hisrich'],14,1989,2016,English,1,False,"['ilu', 'xxu', 'mau', 'nyu']",4,"['Chicago', 'Boston', 'Homewood, IL', 'New York', 'Boston, Mass', 'New York, NY']",6,8,6,1,574,681,['eng'],"['McGraw-Hill Education', 'Irwin', 'McGraw-Hill/Irwin', 'Mcgraw-Hill (Tx)', 'BPI, Irwin', 'Irwin Professional Publishing', 'Richard D Irwin', 'Irwin/McGraw-Hill']","['0256141479', '0072873744', '0256035431', '0073210560', '0073530328', '0071267689', '0256234787', '0256086915', '0072314060']",9,"['9780078112843', '9780073210568', '9780073530321', '9780071267687', '9780256141474', '9780256086911']",['Hardcover'],['English'],1989.0,0.0,False
BOOK00317,Fundamentals of financial management,"['Eugene F. Brigham', 'Joel F. Houston']",20,1978,2008,English,1,False,"['ohu', 'txu', 'xxu', 'ilu', 'enk', 'xxk']",6,"['Mason, OH', 'Fort Worth', 'Hinsdale, Ill', 'Chicago', 'Cincinnati, Ohio', 'London', 'Fort Worth, TX']",7,8,5,2,575,904,['eng'],"['Cengage Learning', 'Dryden Press', 'South-Western College Pub', 'South-Western', 'Thomson Learning', 'Harcourt College Publishers', 'Dryden', 'Thomson/South-Western']","['0324611161', '0324617194', '0030244366', '0324659180', '0324319800', '0030547717', '0030398363', '0324178301', '0030314615', '003031481X', '0030143845', '0030321018', '0030550270', '0030043824', '0030254825', '0030244188', '0030626196']",17,"['9780324611168', '9780324617191', '9780030244360', '9780324659184', '9780324319804']","['Ring-bound', 'Hardcover']",['English'],1978.0,0.0,False
BOOK00318,Fundamentals of financial management,['James C. Van Horne'],25,1971,2008,English,1,False,"['nju', 'onc', 'xxk', 'enk', 'mau']",5,"['Engelewood Cliffs, N.J', 'Scarborough, Ont', 'Englewood Cliffs, N.J', 'Englewood Cliffs', 'London', 'Harlow, England', 'New York', 'Upper Saddle River, N.J']",8,8,8,1,308,833,['eng'],"['Pearson Education, Limited', 'Prentice-Hall', 'Prentice-Hall Canada', 'Prentice-Hall of Canada', 'Prentice Hall', 'Blackwell Pub', 'FT Prentice Hall', 'Prentice-Hall, Inc.']","['0133394999', '0133392503', '0133393410', '0133393747', '0133396495', '0133392759', '0133394654', '0133396150', '013339557X', '0133395324', '0133518345', '1405832886', '0133177459', '0133002039', '0133394573', '0138596875', '0133185362', '0133394085', '0133393178']",19,"['9780133392425', '9781405821742', '9781405821766', '9781405821759', '9780133394993', '9780133392500', '9781405832885', '9780273713630']",['Paperback'],['English'],1971.0,0.0,False
BOOK00319,Management information systems,"[""James A. O'Brien""]",14,1990,2009,English,1,False,"['mau', 'xxk', 'onc', 'ilu']",4,"['Boston', 'London', 'Whitby, Ont', 'Homewood, IL', 'Chicago', 'New York, USA']",6,8,7,2,529,752,['eng'],"['McGraw-Hill/Irwin', 'McGraw-Hill Irwin', 'McGraw-Hill Ryerson', 'McGraw-Hill Ryerson Higher Education', 'Irwin', 'Richard D Irwin', 'Irwin Professional Publishing', 'McGraw Hill-Irwin']","['0073511544', '0072823119', '0071214984', '0070909636', '0256103461', '0256108307', '0073376760', '0256173540', '007293588X', '0256078629', '0071101403']",11,"['9780073511542', '9780073376769', '9780256108309', '9780256173543', '9780256103465', '9780072823110', '9780071101400']","['Paperback', 'Hardcover']",['English'],1990.0,0.0,False
BOOK00320,Retail management,"['Barry Berman', 'Joel R. Evans']",21,1979,2017,English,1,False,"['nyu', 'nju', 'enk', 'xxu']",4,"['New York', 'Upper Saddle River, NJ', 'Oxford', 'London', 'Englewood Cliffs, N.J', 'Upper Saddle River, N.J', '[Great Britain]', 'Toronto']",8,14,7,3,144,704,['eng'],"['Pearson', 'Prentice Hall College Div', 'Prentice Hall', 'Prentice Hall International Paperback Editions', 'Macmillan', 'Not Avail', 'Maxwell', 'Collier Macmillan', 'Prentice-Hall', 'Palgrave Macmillan', 'Pearson Prentice Hall', 'Maxwell Macmillan Canada', 'Maxwell Macmillan International', 'Orion Publishing Group, Limited']","['0133796841', '0136138292', '0131009443', '0029460565', '0023084804', '0131870246', '0023086203', '013181009X', '0023085207', '0131870165', '013123028X', '0023086610', '0136087582', '0023086572', '0023086416', '0130963291']",16,"['9780133796841', '9780136138297', '9780131009448', '9780029460566', '9780131870246', '9780136087588', '9780130963291']","['hardcover', 'Hardcover', 'Paperback']",['English'],1979.0,0.0,False
BOOK00321,Principles and Practice of Management,"['L. M. Prasad', 'L.M. Prasad']",3,2019,2020,English,1,False,[],0,['New Delhi'],1,3,1,1,,,['eng'],"['Sultan chand & son', 'Sultan chand and sons', 'Sultan Chand & Sons']",['9351610500'],1,['9789351610502'],['paperback'],['English'],2019.0,0.0,False
BOOK00322,Comprehensive stress management,"['Jerrold S. Greenberg', 'Jerrold Greenberg', 'Jerrold S Greenberg', 'Gerrold Greenberg']",28,1983,2020,English,1,False,"['nyu', 'mau', 'iau', 'wiu', 'enk']",5,"['New York, NY', 'New York', 'Boston, Mass', 'Dubuque, Iowa', 'Dubuque, IA', 'Madison', 'Boston', 'London']",8,11,14,3,344,512,['eng'],"['McGraw-Hill Education', 'McGraw Hill', 'McGraw-Hill Companies,Inc', 'McGraw-Hill', 'McGraw-Hill Higher Education', 'W.C. Brown Co.', 'Mcgraw-Hill College', 'McGraw-Hill Humanities/Social Sciences/Languages', 'Brown & Benchmark', 'W.C. Brown', 'WCB/McGraw-Hill']","['1260240681', '0077496507', '0073380911', '0072972408', '0697064336', '0073304050', '007313886X', '007248506X', '0073028355', '0073529621', '0697126323', '0697071995', '069722306X', '0073380768', '0697072398', '0072319704', '0072557079', '069729434X']",18,"['9781260240689', '9780077496500', '9781260575750', '9781259910692', '9780077804831', '9780073529721', '9780073380919', '9780078028663', '9780073304052', '9780073138862', '9780072485066', '9780073028354', '9780073529622', '9780073380766']","['hardcover', 'psychology', 'Paperback']",['English'],1983.0,0.0,False
BOOK00323,Principles of management,"['Harold Koontz', ""Cyril O'Donnell""]",12,1955,1972,English,1,False,"['nyu', 'xxk', 'xx']",3,"['New York', 'London']",2,2,1,1,637,822,['eng'],"['McGraw-Hill', 'Mcgraw-hill Book Company']","['0070353301', '0070353328']",2,['9780070353305'],['Hardcover'],['English'],1955.0,0.0,False
BOOK00324,Operations Management,['William J. Stevenson'],12,2004,2020,English,1,False,"['nyu', 'onc']",2,"['[New York]', 'Whitby, Ontario]', '[Toronto]', 'New York']",4,7,13,2,160,944,['eng'],"['McGraw-Hill Higher Education', 'McGraw-Hill Education', 'McGraw-Hill Create', 'Mcgraw-Hill College', 'McGraw-Hill Ryerson', 'McGraw-Hill/Irwin', 'AIPI']","['0390233625', '8838667187', '0071339590', '0070969574', '0073525251', '0077133013', '1428804617']",7,"['9781259562594', '9780077284091', '9780071284370', '9781259301520', '9780390233622', '9781260238891', '9788838667183', '9780071339599', '9780070969575', '9780078024108', '9780073525259', '9780077133016', '9781428804616']","['paperback', 'Paperback']",['English'],2004.0,0.0,False
BOOK00325,Marketing management,"['Philip Kotler', 'Mairead Brady', 'Malcolm Goodman', 'Torben Hansen', 'Kevin Lane Keller']",7,2008,2011,English,1,False,['nyu'],1,['New York'],1,2,7,0,816,896,['eng'],"['Pearson Education, Limited', 'Prentice Hall Financial Times']",[],0,"['9780132606226', '9780131394957', '9780273755029', '9789810679934', '9780131357976', '9780138146030', '9780273718567']",[],['English'],2008.0,0.0,False
BOOK00326,Intermediate financial management,['Eugene F. Brigham'],28,1985,2021,English,1,False,"['ohu', 'enk', 'xxk', 'xxu', 'ilu', 'txu']",6,"['Mason, OH', 'Cincinnati, Ohio', 'United Kingdom', 'Fort Worth', 'London', 'Chicago', '[Fort Worth, TX]', 'Fort Worth, Pa']",8,14,14,3,528,1248,['eng'],"['Thompson South-Western', 'South-Western College Pub', 'Cengage Learning, Inc', 'Thomson/South-Western', 'South-Western, Cengage Learning', 'South-Western Educational Publishing', 'South-Western Thompson Learning', 'HB Dryden,U.S.', 'Cengage Learning', 'Cengage South-Western', 'CENGAGE Learning Custom Publishing', 'Dryden Press', 'South-Western/Thomson Learning', 'International Thomson Publishing']","['0324319878', '1305631552', '0324282850', '0324405537', '0324594690', '0030333288', '032431986X', '0324258917', '0030210283', '0030168988', '1337395080', '0357516664', '0324594712', '0030754828', '0030638496', '0030305527', '0030331927', '0030157145', '0030159571', '0030234514', '0030638488', '0030097746']",22,"['9781305631557', '9780324282856', '9780324405538', '9780324594690', '9780030333286', '9780324319866', '9780324258912', '9781337395083', '9781111530266', '9781111530273', '9781285850030', '9780357516669', '9781111530259', '9780324594713']","['loose leaf', 'Hardcover', 'hardcover']",['English'],1985.0,0.0,False
BOOK00327,Sales management,"['Douglas J. Dalrymple', 'William Cron', 'William L. Cron', 'Thomas E. DeCarlo']",19,1982,2009,English,1,False,"['nyu', 'nju', 'xxk']",3,"['New York', 'Hoboken, NJ']",2,6,9,2,472,832,['eng'],"['John Wiley & Sons Ltd', 'Wiley & Sons, Incorporated, John', 'Wiley', 'John Wiley & Sons', 'John Wiley & Sons Inc', 'John Wiley and Sons (WIE)']","['0470418893', '0471388807', '0471191973', '0471055484', '0471532495', '0471878723', '0471111503', '0471624950', '0471632945', '047123060X', '0471852155', '0471078670', '0471602469']",13,"['9780470418895', '9780471114772', '9780471388807', '9780471191971', '9780471055488', '9780471532491', '9780471111504', '9780471632948', '9780471602460']","['paperback', 'Paperback']",['English'],1982.0,0.0,False
BOOK00328,Strategic Management,['Charles W. L. Hill'],21,1989,2010,English,1,False,"['mau', 'xxk', 'xxu', 'ohu']",4,"['Boston', 'London', 'Boston, MA', 'Australia', 'Mason, OH']",5,8,13,2,353,1143,['eng'],"['Houghton Mifflin', 'Houghton Mifflin Co.', 'Houghton Mifflin Company', 'Not Avail', 'Houghton Mifflin Co', 'Houghton Mifflin College Div', 'South-Western Cengage Learning', 'John Wiley & Sons Australia Ltd']","['0618241264', '039585184X', '0618497714', '0618381996', '0618147209', '0395655846', '0618309535', '0618101519', '0618040722', '0395592453', '0395434114', '0395709431', '0538748567', '0618894691', '0618543686', '0618641629', '047080176X', '0395523699', '0618416447']",19,"['9780618497713', '9780618381999', '9780618147205', '9780618309535', '9780618101511', '9780538748568', '9780395592458', '9780618894697', '9780618543687', '9780618641628', '9780470801765', '9780395523698', '9780618416448']","['Hardcover', 'Paperback']",['English'],1989.0,0.0,False
BOOK00329,Production & inventory management,"['Donald W. Fogarty', 'Thomas R. Hoffmann']",6,1983,2007,English,1,False,"['xxu', 'ohu']",2,"['Cincinnati, OH', 'Cincinnati']",2,4,2,1,722,870,['eng'],"['South-Western Educational Publishing', 'South-Western Pub. Co.', 'South-Western Pub', 'South-Western Publishing']","['0538074612', '0538070404', '0324311370', '0534982816']",4,"['9780538070409', '9780324311372']",['Hardcover'],['English'],1983.0,0.0,False
BOOK00330,Project management,['Harold Kerzner'],25,2003,2022,English,1,False,['nju'],1,"['Hoboken, N.J', 'Hoboken, New Jersey']",2,4,24,1,437,1296,['eng'],"['Wiley & Sons, Incorporated, John', 'Wiley & Sons, Limited, John', 'Wiley', 'John Wiley & Sons, Inc.']","['1119165350', '1118022270']",2,"['9781281134684', '9781283949989', '9781280344817', '9781283978033', '9781118005064', '9781118000328', '9781118207611', '9781118483220', '9781118480717', '9781119165361', '9781118433584', '9781118433577', '9781119805397', '9781119805380', '9781119805373', '9781119165378', '9780470315736', '9781118418550', '9781118415856', '9780470464847', '9780470503836', '9780470502181', '9781119165354', '9781118022276']",['hardcover'],['English'],2003.0,0.0,False
BOOK00331,Unraveling the mystery of health,['Aaron Antonovsky'],1,1987,1987,English,1,False,['cau'],1,['San Francisco'],1,1,0,0,218,218,['eng'],['Jossey-Bass'],['1555420281'],1,[],[],['English'],1987.0,0.0,False
BOOK00332,Mary Kay on people management,['Mary Kay Ash'],6,1984,2006,"English, Chinese",2,True,"['xxk', 'nyu', 'cc']",3,"['London', 'New York, N.Y', 'Beijing Shi']",3,6,3,2,184,223,"['eng', 'chi']","['Grand Central Publishing', 'Futura', 'Warner Books', 'Tape Data Media - Audio', 'Zhong xin chu ban she', 'Macdonald']","['0446329746', '0708829082', '0446513148', '0070021791', '7508604954', '0356108635']",6,"['9780446329743', '9780070021792', '9787508604954']","['mass market paperback', 'Audio cassette']","['English', 'Chinese']",1984.0,0.0,False
BOOK00333,The 7 Habits of Highly Effective People,['Stephen R. Covey'],78,1989,2020,"English, Portuguese, Chinese, Vietnamese, Spanish, Russian, Japanese, Czech, Korean",9,True,"['cc', 'vm', 'mx', 'ru', 'ch', 'nyu', 'ja', 'xxu', 'pau', 'meu', 'sp', 'ko']",12,"['Beijing', 'TP. Hồ Chí Minh', 'Moskva', 'Tai bei shi', 'New York', 'Salt Lake City, UT', 'New York, NY', 'Japan', 'Carlsbad, Calif', 'Philadelphia', '[Provo, Utah]', 'Thorndike, Me', 'New York, USA', 'Taibei Shi', 'México', 'Barcelona', 'Tōkyō', 'Sŏul Tʻŭkpyŏlsi']",18,52,53,14,1,572,"['eng', 'por', 'chi', 'vie', 'spa', 'rus', 'jpn', 'cze', 'kor']","['Simon & Schuster', 'Mango Media', 'SIMON & SCHUSTER', 'Simon & Schuster (Trade Division)', 'Simon & Schuster Ltd', 'Best Seller', 'Franklin Covey on Brilliance Audio', 'Simon & Schuster, Incorporated', 'Zhongguo qing nian chu ban she', 'Zhong guo qing nian chu ban she', 'Simon & Schuster Audio and Blackstone Publishing', 'Simon & Schuster, Limited', 'Turtleback Books', 'First News', 'NXB Trẻ', 'simon & schuster india', 'Pocket Books UK', 'Planeta Publishing', 'Alʹpina Biznes Buks', 'Tian xia yuan jian chu ban', 'Li ming zong jing xiao', 'Management Press', 'Al £pina biznes buks', 'The 7 Habits of Highly Effective People', 'Simon and Schuster', 'FranklinCovey', 'King Bear', 'Rebound by Sagebrush', 'Nightingale Conant Corp (a)', 'Tian Xia', 'Prentice Hall', 'Audiofy/FranklinCovey', 'Hay House', 'Running Press', 'Simon & Schuster Audio', ""Al'pina Biznes Buks"", 'Covey', 'Covey Leadership Center', 'Free Press', 'G.K. Hall', 'Fireside Book', 'Tian xia wen hua chu ban you xian gong si', 'Editorial Paidos', 'Paidós', 'Kingu Beā Shuppan', 'Gimyŏngsa', 'Gimm Young Co.', 'Gimm Young Co', 'Fireside', 'Running Press Book Publishers', 'FonoLibro Inc.', 'Meadwestvaco']","['1471195708', '0671711172', '8576840626', '1511317302', '7500695357', '7515342609', '1455892823', '147112939X', '1982137134', '179711509X', '1417656646', '1511317310', '1476740054', '1471131823', '0743408853', '6079377063', '5961410293', '7515326395', '9576214610', '5961402517', '0671708635', '1929494750', '0671663984', '4906638015', '0613191455', '9992006684', '9576213037', '0130983772', '159912825X', '1401901166', '0762408332', '0671687964', '5961404455', '188321923X', '1883219337', '0743272455', '0743269519', '0671315285', '1883219027', '0684858398', '0743501071', '1883219973', '188321937X', '0783881150', '9576211123', '9688531820', '8475098355', '7500649037', '8934901500', '1933499397', '1883219426', '0768875560', '0768837332']",53,"['9781476740058', '9781451639612', '9781633532168', '9781471195709', '9780671711177', '9788576840626', '9781511317306', '9781982137274', '9787500695356', '9787515342603', '9781455892822', '9781471129391', '9781982137137', '9781797115092', '9781416502494', '9781417656646', '9781982143817', '9781471195204', '9781511317313', '9781471131820', '9780743408851', '9786079377069', '9785961410297', '9787515326399', '9789576214615', '9788072612413', '9785961402513', '9781929494750', '9780613191456', '9789992006689', '9789576213038', '9780130983770', '9781599128252', '9780671687960', '9785961404456', '9781883219239', '9781883219338', '9780671663988', '9780743269513', '9780671315283', '9781883219024', '9780684858395', '9780743501071', '9781883219970', '9781883219376', '9780671708634', '9788934901501', '9789688531822', '9780762408337', '9781933499390', '9781883219420', '9780768875560', '9780768837339']","['paperback', 'audio cd', 'Zhuan zhu /', 'hardcover', 'library binding', 'mp3 cd', 'CD', 'Audio cassette', 'Paperback', 'Hardcover', 'Cards', 'Audio Cassette', 'Audio CD', 'Calendar']","['English', 'Portuguese', 'Chinese', 'Vietnamese', 'Spanish', 'Russian', 'Japanese', 'Czech', 'Korean']",1989.0,0.0,False
BOOK00334,Armstrong's Handbook of Human Resource Management Practice,"['Michael Armstrong', 'Taylor, Stephen']",4,2017,2023,English,1,False,[],0,[],0,2,4,0,776,800,['eng'],"['Kogan Page, Limited', 'Kogan Page']",[],0,"['9781398606654', '9781398606630', '9780749498283', '9780749474126']",[],['English'],2017.0,0.0,False
BOOK00335,"People, Management and Organizations",['Anna Sutton'],1,2018,2018,,0,False,[],0,[],0,1,1,1,360,360,[],['Red Globe Press'],['1137605049'],1,['9781137605047'],['paperback'],[],2018.0,0.0,False
BOOK00336,Human resource management at work,"['Mick Marchington', 'Mick Marchington', 'Adrian Wilkinson']",9,2005,2020,English,1,False,['enk'],1,['London'],1,4,8,1,288,622,['eng'],"['Kogan Page, Limited', 'Chartered Institute of Personnel and Development', 'Chartered Institute of Personnel & Development', 'CIPD']","['1843982676', '1843982005', '1843980622']",3,"['9781843984368', '9781789664874', '9781843982678', '9781843982005', '9781789664881', '9781789664867', '9781843983712', '9781843980629']",['Paperback'],['English'],2005.0,0.0,False
BOOK00337,Supervisory management,"['Donald C. Mosley', 'Jr., Donald C. Mosley', 'Paul H. Pietri', 'Leon C. Megginson', 'Paul H., Jr. Pietri']",17,1985,2018,English,1,False,"['ohu', 'xxu']",2,"['Cincinnati, Ohio', 'Cincinnati', 'Mason, Ohio', 'Mason, OH']",4,8,7,1,507,656,['eng'],"['Cengage South-Western', 'Thomson South-Western', 'South-Western College Pub', 'South-Western College Pub.', 'College Division, South-Western Pub. Co.', 'South-Western Pub. Co.', 'Thomson/South-Western', 'Southwestern Pub Co']","['0538822465', '0324421435', '0538855606', '0538277963', '0538800275', '0538800267', '0324178921', '0324232535', '0324021291', '0324021275', '0538076607']",11,"['9780357033920', '9781285063003', '9780538822466', '9780324421439', '9780324021295', '9780324232530', '9780324021271']",['Paperback'],['English'],1985.0,0.0,False
BOOK00338,People Management and Performance,['John Purcell'],5,2007,2008,English,1,False,['enk'],1,"['Abingdon, Oxon', 'New York, NY']",2,2,4,2,248,272,['eng'],"['Taylor & Francis Group', 'Routledge']","['0415427797', '0415427800']",2,"['9781134089680', '9781281706881', '9780415427791', '9780415427807']","['Hardcover', 'Paperback']",['English'],2007.0,0.0,False
BOOK00339,Armstrong's Handbook of Strategic Human Resource Management,['Michael Armstrong'],4,2015,2020,English,1,False,[],0,[],0,2,4,1,280,328,['eng'],"['Kogan Page, Limited', 'Kogan Page']",['0749476826'],1,"['9781789661729', '9781789661743', '9780749476410', '9780749476823']",['paperback'],['English'],2015.0,0.0,False
BOOK00340,Corporate Reputations Branding and People Management,['Susan Hetrick'],6,2006,2018,English,1,False,[],0,[],0,2,6,0,400,400,['eng'],"['Routledge', 'Taylor & Francis Group']",[],0,"['9781280642500', '9781136413780', '9781136413834', '9781136413827', '9781136413773', '9781138407879']",[],['English'],2006.0,0.0,False
BOOK00341,Hotel Management,"['Charalampos Giousmpasoglou', 'Evangelia Marinakou']",1,2024,2024,English,1,False,[],0,[],0,1,1,0,,,['eng'],['Springer International Publishing AG'],[],0,['9783031528026'],[],['English'],2024.0,0.0,False
BOOK00342,People Managing Forests,"['Carol J. P. Colfer', 'Yvonne Byron']",7,2010,2010,English,1,False,[],0,[],0,2,7,0,464,464,['eng'],"['Routledge', 'Taylor & Francis Group']",[],0,"['9781280686849', '9781136522659', '9781936331789', '9781136522703', '9781136522697', '9781136522642', '9781136522673']",[],['English'],2010.0,0.0,False
BOOK00343,Strategic People Management and Development,"['Gary Rees', 'Raymond French']",3,2022,2022,English,1,False,[],0,[],0,1,3,0,,,['eng'],"['Kogan Page, Limited']",[],0,"['9781398607613', '9781398607606', '9781398607620']",[],['English'],2022.0,0.0,False
BOOK00344,Short Guide to People Management,['Antonios Panagiotakopoulos'],6,2016,2021,English,1,False,[],0,[],0,1,6,0,66,66,['eng'],['Taylor & Francis Group'],[],0,"['9781315526416', '9781315526386', '9781032097916', '9781315526409', '9781315526393', '9781472478528']",[],['English'],2016.0,0.0,False
BOOK00345,People management,"['David Rees', 'Richard McBain']",3,2003,2005,English,1,False,['xxu'],1,['New York'],1,1,2,1,257,320,['eng'],['Palgrave Macmillan'],['0333920309'],1,"['9780333920299', '9780333920305']",['Paperback'],['English'],2003.0,0.0,False
BOOK00346,People management and development,"['David Farnham', 'Paul Smith CIPD']",2,2003,2005,English,1,False,"['xxk', 'enk']",2,['London'],1,1,0,0,66,112,['eng'],['Chartered Institute of Personnel and Development'],"['1843980800', '1843980150']",2,[],[],['English'],2003.0,0.0,False
BOOK00347,VOL.2.NO.13.27th JUNE 1998,['PEOPLE MANAGEMENT.'],1,,,English,1,False,['xxk'],1,[],0,0,0,0,,,['eng'],[],[],0,[],[],['English'],,,False
BOOK00348,People Management and Performance,"['John Purcell', 'Nicholas Kinnie', 'Juani Swart', 'Bruce Rayton', 'Susan Hutchinson']",4,2008,2008,English,1,False,[],0,[],0,1,4,0,248,248,['eng'],['Taylor & Francis Group'],[],0,"['9781134089666', '9780203885604', '9781134089703', '9781134089710']",[],['English'],2008.0,0.0,False
BOOK00349,The changing face of people management in India,['Pawan S. Budhwar'],5,2008,2009,English,1,False,['nyu'],1,"['New York, NY']",1,2,7,0,312,312,['eng'],"['Taylor & Francis Group', 'Routledge']",[],0,"['9781134083015', '9781134083060', '9781134083053', '9781134083039', '9780415431866', '9780415431873', '9780203884867']",[],['English'],2008.0,0.0,False
BOOK00350,Organizational Behavior,"['Ricky W. Griffin', 'Jean M. Phillips', 'Stanley M. Gully']",6,2012,2023,English,1,False,['ohu'],1,"['Mason, OH']",1,3,6,1,586,640,['eng'],"['Cengage Learning', 'Cengage South-Western', 'South-Western/Cengage Learning']","['0538478136', '130550139X']",2,"['9780357899083', '9780357899076', '9781305501416', '9780538478137', '9780357042502', '9781305501393']",['hardcover'],['English'],2012.0,0.0,False
BOOK00351,The People of the Abyss,['Jack London'],72,1900,2020,"French, Finnish, English, Spanish",4,True,"['ag', 'tnu', 'enk', 'nyu', 'xxk', 'ilu', 'xx', 'nju', 'onc']",9,"['Santa Fe', 'Memphis, TN', 'London', 'New York', '[Chicago, Ill.]', 'Sterling, Va', 'Waiheke Island', '[S.l.]', 'Fairfield', 'Upper Saddle River, N.J', '[St. Albans, Herts]', 'Toronto', 'New York, USA']",13,60,46,12,105,390,"['fre', 'fin', 'eng', 'spa']","['Franklin Classics', 'Franklin Classics Trade Press', 'Antipodes Press', 'Audiocite', 'Project Gutenberg', 'LibriVox', 'Independently Published', 'University of Cambridge ESOL Examinations', 'Tangerine Press', 'Pluto Press', 'Phébus', 'El Cid Editor', 'El Viejo Topo', 'IndyPublish.com', 'General Books', 'Hesperus', 'Hesperus Press', 'SeaWolf Press', 'CreateSpace Independent Publishing Platform', 'Garrett', 'Infobase Holdings, Inc.', 'Stylus Pub Llc', 'Bottom of the Hill Publishing', 'Classic Publishers', 'Quiet Vision Pub', 'L. Hill Books', 'Distributed by Independent Publishers Group', 'Arco', 'Synergy International of the Americas, Ltd', 'MSS Information Corp.', 'Diane Pub Co', 'T. Nelson', 'The Floating Press', 'Macmillan', 'Archer House', '1st World Library - Literary Society', 'Book Jungle', 'J. Simon', 'Garrett Press', 'Hard Press', 'Aegypan', 'BiblioBazaar', '1st World Library', 'Dodo Press', 'Literature House', 'Nelson', 'Lawrence Hill Books', 'Panther', 'CIHM (G.N. Morang)', 'Isbister', 'Kessinger Publishing', 'Thomas Nelson and sons', 'The Macmillan company', 'Macmillan & co., ltd.', 'North Books', 'Journeyman Press', 'IndyPublish', 'Echo Library', 'Lulu', 'Grosset & Dunlap']","['0342962477', '0344114368', '0342153951', '0999428322', '2859405992', '1413520782', '8495224097', '141420051X', '1414200501', '1443213543', '1843914506', '1948132591', '1477697756', '0512007632', '0745314155', '1530983959', '1612034802', '1582017328', '1576466663', '1461047609', '1556521677', '0745318029', '0745318037', '9977124175', '084228091X', '0756782074', '1421814714', '1604243236', '0934710031', '1406919071', '1598181521', '1434616088', '1421816717', '1421815710', '1406552313', '0839811705', '0882080792', '0665749635', '1434615146', '1419276999', '1419176994', '1598189735', '1582873550', '1582878471', '0904526178', '143536791X', '1934568112', '1406814938']",48,"['9780342962471', '9780344114366', '9780342153954', '9780999428320', '9781077473799', '9781694671639', '9781108064552', '9780957338531', '9780745314105', '9782859405991', '9781413520781', '9788495224095', '9781414200514', '9781414200507', '9781443213547', '9781843914501', '9781948132596', '9781477697757', '9780745314150', '9781530983957', '9781612034805', '9781582017327', '9781576466667', '9781461047605', '9789977124179', '9780756782078', '9781775414032', '9781421814711', '9781604243239', '9781406919073', '9781598181524', '9781434616081', '9781421815718', '9781406552317', '9780882080796', '9781434615145', '9781556521676', '9781419276996', '9781419176999', '9781598189735', '9781582873558', '9781582878478', '9781435367913', '9781934568118', '9781406814934', '9780557477968']","['hardcover', 'paperback', 'Mass Market Paperback', '[electronic resource] /', 'Paperback', 'Hardcover', 'Library Binding', 'E-book', 'Microform', 'eBook', 'Perfect Paperback', 'Paperback; eBook']","['French', 'Finnish', 'English', 'Spanish']",1900.0,0.0,False
BOOK00352,Olson People Management Skills Set,['OLSON *PEOPLE*'],1,1986,1986,,0,False,[],0,[],0,1,1,1,,,[],['John Wiley & Sons Inc'],['0471829110'],1,['9780471829119'],['Unknown Binding'],[],1986.0,0.0,False
BOOK00353,Professional HR,['Paul Kearns'],5,2013,2013,English,1,False,['enk'],1,"['London', 'New York']",2,2,6,0,206,224,['eng'],"['Taylor & Francis Group', 'Routledge']","['0415632315', '0415632323']",2,"['9781135626341', '9781299480957', '9781135626273', '9781135626204', '9780415632317', '9780415632324']",[],['English'],2013.0,0.0,False
BOOK00354,Armstrong's Handbook of Human Resource Management Practice,"['Michael Armstrong', 'Taylor, Stephen']",3,2014,2023,English,1,False,[],0,[],0,1,3,0,,,['eng'],"['Kogan Page, Limited']",[],0,"['9781306537834', '9780749469658', '9781398606647']",[],['English'],2014.0,0.0,False
BOOK00355,How to Be a Super-Effective Manager,['Clive T. Goodworth'],3,1984,1984,English,1,False,['xx'],1,['London'],1,2,2,2,176,176,['eng'],"['Business Books', 'Business Bks.']","['0091518504', '0091518512']",2,"['9780091518509', '9780091518516']","['Hardcover', 'Paperback']",['English'],1984.0,0.0,False
BOOK00356,Other People Manage,['Ellen Hawley'],1,2022,2022,English,1,False,[],0,[],0,1,1,0,,,['eng'],['Swift'],[],0,['9781800750975'],[],['English'],2022.0,0.0,False
BOOK00357,Team play,['Shirley McKinnon'],2,1998,2011,English,1,False,['at'],1,['Melbourne'],1,2,1,0,,,['eng'],"['Smashwords', 'Lothian Publishing Co.,Australia']",['0850919355'],1,['9781465881144'],[],['English'],1998.0,0.0,False
BOOK00358,People Management,['Rus Slater'],2,2010,2010,English,1,False,[],0,[],0,2,2,1,128,128,['eng'],"['HarperCollins Publishers Limited', 'HarperCollins Publishers']",['0007346786'],1,"['9780007360406', '9780007346783']",['paperback'],['English'],2010.0,0.0,False
BOOK00359,The people manager's pocketbook,['Ian Fleming'],1,1993,1993,English,1,False,['enk'],1,['Alresford'],1,1,0,0,106,106,['eng'],['Management Pocketbooks'],['1870471164'],1,[],[],['English'],1993.0,0.0,False
BOOK00360,Business Models and People Management in the Indian IT Industry,"['Ashish Malik', 'Chris Rowley']",6,2015,2017,English,1,False,[],0,[],0,1,6,0,238,258,['eng'],['Taylor & Francis Group'],[],0,"['9781317667469', '9781315768786', '9781317667476', '9781317667483', '9781138295339', '9781138783188']",[],['English'],2015.0,0.0,False
BOOK00361,Armstrong's Handbook of Strategic Human Resource Management,['Michael Armstrong'],5,2011,2024,English,1,False,[],0,[],0,1,5,0,312,360,['eng'],"['Kogan Page, Limited']",[],0,"['9781398617711', '9781398617698', '9781398617704', '9780749476830', '9781283247399']",[],['English'],2011.0,0.0,False
BOOK00362,Successful People Management,"['David W. Griffiths', 'JAMES RICHARDSON']",2,2017,2017,English,1,False,[],0,[],0,1,2,0,288,288,['eng'],['Troubador Publishing Limited'],[],0,"['9781788031486', '9781785899898']",[],['English'],2017.0,0.0,False
BOOK00363,Mastering people management,"['Thomas, Mark']",1,1997,1997,English,1,False,['enk'],1,['London'],1,1,0,0,234,234,['eng'],['Thorogood'],['1854180967'],1,[],[],['English'],1997.0,0.0,False
BOOK00364,People management for small business,['William Laird Siegel'],1,1978,1978,English,1,False,['nyu'],1,['New York'],1,1,0,0,130,130,['eng'],['Wiley'],['0471040304'],1,[],[],['English'],1978.0,0.0,False
BOOK00365,Perspectives in People Management,['Satish Bendigiri'],1,2019,2019,English,1,False,[],0,[],0,1,1,0,,,['eng'],['Independently Published'],[],0,['9781793343109'],[],['English'],2019.0,0.0,False
BOOK00366,People Management (Management Papers: 4),['Great Britain. Audit Commission for Local Authorities in England and Wales.'],2,1989,1989,English,1,False,['xxk'],1,['London'],1,2,1,1,16,16,['eng'],"['HMSO', 'Audit Commission']",['0117014419'],1,['9780117014411'],['Paperback'],['English'],1989.0,0.0,False
BOOK00367,CMO of People,"['David Creelman', 'Peter Navin']",6,2018,2021,English,1,False,[],0,[],0,3,6,0,266,266,['eng'],"['de Gruyter GmbH, Walter', 'DEG Press', 'De Gruyter, Inc.']",[],0,"['9783110752960', '9783110753035', '9783110753110', '9781547416639', '9781547400539', '9781547400515']",[],['English'],2018.0,0.0,False
BOOK00368,Mastering People Management,['PAGE'],1,2024,2024,English,1,False,[],0,[],0,1,1,0,,,['eng'],['Practical Inspiration Publishing'],[],0,['9781788606707'],[],['English'],2024.0,0.0,False
BOOK00369,Successful People Management in a Week,['Norma Barry'],3,2013,2013,English,1,False,[],0,[],0,3,3,0,128,128,['eng'],"['Hodder & Stoughton', 'Hodder Education Group', 'Teach Yourself']",[],0,"['9781444185874', '9781444185867', '9781444185850']",[],['English'],2013.0,0.0,False
BOOK00370,People Manager's Tool Kit,['Karen Gately'],3,2013,2013,English,1,False,[],0,[],0,1,3,0,280,280,['eng'],"['Wiley & Sons, Incorporated, John']",[],0,"['9781118590904', '9781118590928', '9781118590911']",[],['English'],2013.0,0.0,False
BOOK00371,International human resource management,"['Peter Dowling', 'Peter J. Dowling', 'Denice E. Welch', 'Randall S. Schuler']",7,1998,2017,English,1,False,['ohu'],1,"['Cincinnati, OH', 'Mason, Ohio']",2,6,5,1,324,440,['eng'],"['Cengage Learning Business Press', 'Cengage Learning', 'South-Western Educational Publishing', 'South-Western College Pub', 'South-Western College Publ.', 'Thomson/South-Western']","['0538861371', '0324318669']",2,"['9781844800131', '9781473719026', '9781408075746', '9780538861373', '9780324318661']",['Paperback'],['English'],1998.0,0.0,False
BOOK00372,Sustainable People Management,['Morgan Orioha'],1,2021,2021,English,1,False,[],0,[],0,1,1,0,,,['eng'],"['Lulu Press, Inc.']",[],0,['9781008955851'],[],['English'],2021.0,0.0,False
BOOK00373,Effective People Management,['Richard Blackmon'],1,2013,2013,English,1,False,[],0,[],0,1,1,0,26,26,['eng'],['CreateSpace Independent Publishing Platform'],[],0,['9781482006933'],[],['English'],2013.0,0.0,False
BOOK00374,Management,['Peter F. Drucker'],14,1973,2008,"Arabic, English",2,True,"['ua', 'nyu', 'xx']",3,"['Miṣr al-Jadīdah, al-Qāhirah', 'New York, NY', 'New York', 'London']",4,10,11,3,568,864,"['ara', 'eng']","['al-Dār al-Dawlīyah lil-Nashr wa-al-Tawzīʻ', 'Collins', 'HarperCollins', 'Harper & Row', 'Butterworth-Heinemann', 'Butterworth-Heinemann Ltd', 'Heinemann', 'HarperCollins Publishers', ""Harper's College Press, New York"", 'PAN']","['977282003X', '0061252662', '0434903914', '075060445X', '006662021X', '0330256386', '0887306152', '0750619090']",8,"['9780061252662', '9780061686870', '9780061851889', '9780061686887', '9780434903917', '9780750604451', '9780066620213', '9780060546779', '9780060770020', '9780887306150', '9780750619097']","['Electronic resource', 'Hardcover', 'Paperback']","['Arabic', 'English']",1973.0,0.0,False
BOOK00375,People Management,"['Diana Dias', 'Carla Magalhães']",1,2023,2023,English,1,False,[],0,[],0,1,1,0,,,['eng'],['IntechOpen'],[],0,['9781803550428'],[],['English'],2023.0,0.0,False
BOOK00376,Effective people management,['Patricia Wellington'],1,2011,2011,English,1,False,['enk'],1,"['London', 'Philadelphia']",2,1,2,0,236,236,['eng'],['Kogan Page'],"['074946285X', '0749462868']",2,"['9780749462857', '9780749462864']",[],['English'],2011.0,0.0,False
BOOK00377,People Management,['Gerardus Blokdyk'],1,2018,2018,English,1,False,[],0,[],0,1,1,0,140,140,['eng'],['CreateSpace Independent Publishing Platform'],[],0,['9781718797963'],[],['English'],2018.0,0.0,False
BOOK00378,Developing Excellent People Managers,"['Gerrit, Ph.D. Knodt']",2,2003,2003,English,1,False,[],0,[],0,1,2,2,136,136,['eng'],['Xlibris Corporation'],"['1401080375', '1401080383']",2,"['9781401080372', '9781401080389']","['Paperback', 'Hardcover']",['English'],2003.0,0.0,False
BOOK00379,Benchmarking for People Managers,['John Bramham'],2,2000,2006,,0,False,[],0,[],0,2,2,2,244,248,[],"['Jaico Publishing House', 'Beekman Books Inc']","['817992243X', '0846450062']",2,"['9788179922439', '9780846450061']","['Hardcover', 'Paperback']",[],2000.0,0.0,False
BOOK00380,People managing forests,['Carol J. Pierce Colfer'],3,2001,2001,English,1,False,['dcu'],1,"['Washington, DC', 'Bogor, Indonesia']",2,3,2,2,447,464,['eng'],"['RFF Press', 'Resources for the Future', 'Center for International Forestry Research']","['1891853066', '1891853058']",2,"['9781891853067', '9781891853050']","['Paperback', 'Hardcover']",['English'],2001.0,0.0,False
BOOK00381,Strategic management,"['Michael A. Hitt', 'Robert E. Hoskisson', 'R. Duane Ireland, Robert E. Hoskisson Michael A.  Hitt', 'Duane Ireland', 'R. Duane Ireland']",24,1995,2009,English,1,False,"['ohu', 'enk', 'mnu', 'xxu']",4,"['Mason, OH', 'Cincinnati, Ohio', 'London', 'Cincinnati', 'Minneapolis/St. Paul', 'Mason, Ohio', 'Minneapolis/St. Paul, MN']",7,10,8,3,343,1280,['eng'],"['Thomson South-Western', 'South-Western College Pub', 'South-Western College Publishing', 'Thomson/South-Western', 'Whirlpool', 'South Western College Publishing', 'South-Western College Pub.', 'West Pub. Co.', 'West Pub. Co', 'South-Western Cengage Learning']","['0538881895', '0538881887', '0538881828', '0324581130', '0324048920', '0324017316', '0324316941', '0324227132', '0314043403', '0314043411', '0324048912', '0324114796', '0324275307', '0314201130', '0314043381', '0314201122', '031404339X', '0314200762']",18,"['9780538881890', '9780538881883', '9780538881821', '9780324581133', '9780324048926', '9780324017311', '9780324316940', '9780324227130']","['Paperback', 'Hardcover', 'Spiral-bound']",['English'],1995.0,0.0,False
BOOK00382,Strategic management,['Frank T. Rothaermel'],9,2012,2025,English,1,False,['nyu'],1,['New York'],1,6,8,0,2,960,['eng'],"['McGraw-Hill Companies, The', 'McGraw-Hill Education', 'McGraw-Hill', 'Mcgrawhill Education Europe', 'McGraw Hill', 'McGraw-Hill Irwin']","['0077771281', '0071317910', '0078112737']",3,"['9781266032790', '9780077771287', '9780071317917', '9781264124312', '9781265951504', '9781260092370', '9781259420474', '9780078112737']",[],['English'],2012.0,0.0,False
BOOK00383,Strategic management,['R. Edward Freeman'],1,1984,1984,English,1,False,['mau'],1,['Boston'],1,1,0,0,276,276,['eng'],['Pitman'],['0273019139'],1,[],[],['English'],1984.0,0.0,False
BOOK00384,Strategic management,['Fred R. David'],32,1994,2019,English,1,False,['mau'],1,['Boston'],1,8,32,2,290,99998,['eng'],"['Pearson', 'Pearson Custom Publishing', 'Pearson Education, Limited', 'Pearson Education', 'Prentice Hall PTR', 'Pearson Higher Education & Professional Group', 'Prentice-Hall', 'Prentice Hall']","['013382389X', '053635362X', '0134153979', '0133444791', '0136125417', '0136120997']",6,"['9780133823899', '9780536353627', '9780132834223', '9780138023362', '9780138023355', '9780132544252', '9780132544276', '9780135890134', '9780135192221', '9780135173947', '9781292016801', '9780133444896', '9780133058659', '9780133035674', '9780133250138', '9780133130713', '9780273767480', '9780132666275', '9780132666213', '9780137034994', '9780136125389', '9781408259214', '9780135013205', '9780134467238', '9780134167909', '9780134167848', '9780134471853', '9781292164977', '9780134153971', '9780133444797', '9780136125419', '9780136120995']","['paperback', 'hardcover']",['English'],1994.0,0.0,False
BOOK00385,Strategic Management,['Fred David'],30,2001,2022,English,1,False,[],0,[],0,5,27,4,6,824,['eng'],"['Prentice HAll', 'Pearson Education, Limited', 'Pearson Education Limited', 'Pearson', 'Prentice Hall']","['0132356066', '129201931X', '1292078146', '0134167910', '0131503464', '0131503499', '0131869493', '0131869558', '0136015700', '0136015697']",10,"['9780132356060', '9780273767589', '9780273767640', '9780137053797', '9781292441405', '9781292441290', '9781292441306', '9781292441313', '9780135203736', '9781292164984', '9781292148601', '9781408289631', '9781292019314', '9781292078144', '9781336029033', '9781292018874', '9781292016894', '9781408255674', '9780273767602', '9780273755999', '9780134167916', '9780131503465', '9780131503496', '9780131869493', '9780131869554', '9780136015703', '9780136015697']","['paperback', 'digital', 'Paperback', 'Hardcover']",['English'],2001.0,0.0,False
BOOK00386,Implanting strategic management,"['H. Igor Ansoff', 'Edward McDonnell']",6,1984,2019,"German, English",2,True,"['nyu', 'nju']",2,"['New York', 'Englewood Cliffs, N.J']",2,3,4,2,500,614,"['ger', 'eng']","['Prentice Hall', 'Palgrave Macmillan', 'Prentice/Hall International']","['0134518810', '3319995995', '3030076148', '3319995987', '0134519159', '013451808X']",6,"['9780134518817', '9783319995991', '9783030076146', '9783319995984']","['paperback', 'hardcover']","['German', 'English']",1984.0,0.0,False
BOOK00387,Strategic management and competitive advantage,"['Jay B. Barney', 'Jay Barney', 'William S Hesterly']",29,2007,2019,English,1,False,"['mau', 'nju']",2,"['Boston', 'Upper Saddle River, NJ', 'Upper Saddle River, N.J']",3,8,24,4,4,656,['eng'],"['Pearson', 'Pearson Education, Limited', 'Pearson Education', 'Pearson Education Canada', 'Prentice Hall PTR', 'Pearson Higher Education & Professional Group', 'Prentice Hall', 'Pearson/Prentice Hall']","['0134741145', '0134099001', '0133129306', '0133127400', '0136094945', '0132338238', '0136094589', '013613520X']",8,"['9781292058405', '9781292266978', '9780135983034', '9781292266954', '9780134743080', '9781292057835', '9781292057675', '9780133113006', '9780132620949', '9780132560443', '9780132560450', '9780132546348', '9780134890517', '9780134743554', '9780134890500', '9780133823929', '9781292258041', '9780134741147', '9780134099002', '9780133129304', '9780133127409', '9780136094944', '9780132338233', '9780136094586']","['hardcover', 'digital', 'paperback', 'Hardcover']",['English'],2007.0,0.0,False
BOOK00388,Strategic Management,"['Jeffrey H. Dyer', 'Paul Godfrey', 'Robert Jensen', 'David Bryce']",62,2013,2024,English,1,False,[],0,[],0,5,62,2,352,512,['eng'],"['Wiley & Sons, Incorporated, John', 'Wiley & Sons, Limited, John', 'Wiley (WileyPLUS Products)', 'Wiley', 'Wiley & Sons Canada, Limited, John']","['1119563151', '111941167X']",2,"['9781119794417', '9781119503033', '9781119411598', '9781394161881', '9781394161904', '9781119889090', '9781119411659', '9781119411826', '9781119411567', '9781119411642', '9781119411802', '9781119411581', '9781119411666', '9781119411819', '9781119539667', '9781119411574', '9781119134787', '9781119359265', '9781119700067', '9781119134800', '9781119327202', '9781119276500', '9781119327172', '9781119359272', '9781119327158', '9781119262190', '9781119303138', '9781119134770', '9781119097877', '9781119134824', '9781119443933', '9781119097884', '9781119388173', '9781119327219', '9781119302377', '9781119227403', '9781119256403', '9781119135722', '9781119135708', '9781119220749', '9781119135715', '9781118679302', '9780470939246', '9781119563150', '9781119763536', '9781119411673', '9781119521617', '9781119223757', '9781119763543', '9781119455516', '9781119502814', '9781119411840', '9781119411857', '9781119411833', '9781119411772', '9781119411796', '9781119411789', '9781119294146', '9781119505228', '9781119411604', '9781119134763', '9781119563136']","['ring-bound', 'paperback']",['English'],2013.0,0.0,False
BOOK00389,Strategic management,"['Samuel C. Certo', 'J.Paul Peter']",9,1988,1995,English,1,False,"['ilu', 'xxu', 'xxk', 'nyu']",4,"['Homewood, IL', 'Chicago', 'Maidenhead', 'New York']",4,5,2,1,355,1231,['eng'],"['McGraw-Hill Education (ISE Editions)', 'Austen Press', 'Irwin', 'McGraw-Hill', 'Random House, Business Division']","['0071008381', '025615158X', '0256141223', '0256141207', '0394359208', '0070104581', '0070104468']",7,"['9780071008389', '9780256141221']",['Paperback'],['English'],1988.0,0.0,False
BOOK00390,Strategic Management Theory,['Gareth R. Jones'],13,1992,2016,English,1,False,"['ohu', 'xxu']",2,"['Mason, OH', 'Boston', 'New York']",3,6,10,2,450,511,['eng'],"['South-Western College Pub', 'Houghton Mifflin Company', 'Houghton Mifflin College Div', 'Houghton Mifflin (Academic)', 'Houghton Mifflin', 'South-Western/Cengage Learning']","['1305644131', '0618641645', '0618543716', '0395857783', '0395655854', '0395621356', '0618497722', '0618071466', '0395939933', '0618318194']",10,"['9781305644137', '9780618641642', '9780618543717', '9780395857786', '9780395655856', '9780395621356', '9780618497720', '9780618071463', '9780538751070', '9780395939932']","['loose leaf', 'Paperback']",['English'],1992.0,0.0,False
BOOK00391,Concepts of strategic management,['Fred R. David'],7,1987,1997,English,1,False,"['nyu', 'xxk', 'nju']",3,"['New York', 'Toronto', 'Columbus, Ohio', 'London', 'Englewood Cliffs, N.J', 'Columbus', 'Upper Saddle River, N.J']",7,9,1,1,250,419,['eng'],"['Merrill Pub Co', 'Macmillan', 'Maxwell Macmillan Canada', 'Maxwell Macmillan International', 'Merrill', 'Merrill, an imprint of Macmillan', 'Collier Macmillan Canada', 'Maxwell Macmillan International Pub. Group', 'Prentice Hall']","['0675207649', '0023272724', '0675213886', '0023278684', '0675209390', '0135654661']",6,['9780675207645'],['Paperback'],['English'],1987.0,0.0,False
BOOK00392,Strategic management of technological innovation,['Melissa A. Schilling'],6,2007,2026,English,1,False,['nyu'],1,['New York'],1,7,7,1,312,368,['eng'],"['McGraw-Hill Education', 'McGraw Hill Higher Education', 'Brand: McGraw Hill Higher Education', 'Mcgraw Hill Higher Education', 'McGraw-Hill Higher Education', 'McGraw Hill', 'McGraw-Hill/Irwin']","['0071259422', '007338156X', '0071289577']",3,"['9781264945757', '9780071326445', '9780071259422', '9781264080939', '9781259539060', '9780073381565', '9780071289573']",['paperback'],['English'],2007.0,0.0,False
BOOK00393,Strategic management,"['Pearce, John A.', 'John A. Pearce', 'Richard B. Robinson']",2,2005,2005,English,1,False,['mau'],1,"['Boston, Mass']",1,2,2,1,1,1,['eng'],"['McGraw-Hill Companies', 'McGraw-Hill']","['0071112154', '007289024X']",2,"['9780071112154', '9780072890242']",['Hardcover'],['English'],2005.0,0.0,False
BOOK00394,Strategic Management,"['Garth Saloner', 'Andrea Shepard', 'Joel Podolny']",8,2000,2018,English,1,False,['nyu'],1,['New York'],1,6,7,2,442,464,['eng'],"['Wiley & Sons, Incorporated, John', 'Wiley', 'John Wiley and Sons (WIE)', 'John Wiley', 'John Wiley and Sons', 'John Wiley & Sons Inc']","['0470009470', '0471380717', '0470088311', '047083482X', '0471412651']",5,"['9781119080626', '9781119080640', '9780470009475', '9780471380719', '9780470088319', '9780470834824', '9780471412656']","['hardcover', 'Hardcover']",['English'],2000.0,0.0,False
BOOK00395,Strategic management,['Garth Saloner'],1,2001,2001,English,1,False,['nyu'],1,['New York'],1,1,0,0,442,442,['eng'],['John Wiley'],['0471380717'],1,[],[],['English'],2001.0,0.0,False
BOOK00396,International business,"['Alan M. Rugman', 'Richard M. Hodgetts']",19,1985,2020,English,1,False,"['nyu', 'xxu', 'enk', 'xxk']",4,"['New York', 'Harlow, England', 'Singapore', 'Harlow']",4,12,9,2,4,736,['eng'],"['Pearson Education, Limited', 'Mcgraw-Hill College', 'Pearson Education Limited, Financial Times', 'McGraw-Hill Education', 'Routledge', 'McGraw-Hill', 'Prentice Hall/Financial Times', 'Financial Times/Prentice Hall', 'Pearson Education', 'Prentice Hall Financial Times', 'McGraw-Hill Book Co.', 'Financial Times Prentice Hall']","['007054915X', '0273673742', '0070665648', '0415247128', '0415247144', '0415247152', '0415247136', '0273701746', '0070542740', '0273638971', '0071136355']",11,"['9780273641087', '9781292274157', '9780070549159', '9780070665644', '9780415247122', '9780415247146', '9780415247153', '9780415247139', '9780273716549']","['Hardcover', 'Paperback']",['English'],1985.0,0.0,False
BOOK00397,Creating public value,['Mark Harrison Moore'],3,1995,1997,English,1,False,"['mau', 'nju']",2,"['Cambridge, Mass', 'Bridgewater, NJ']",2,2,1,1,402,416,['eng'],"['Harvard University Press', 'Replica Books']","['0674175581', '0674175573', '0735100047']",3,['9780674175587'],['Paperback'],['English'],1995.0,0.0,False
BOOK00398,Strategic Management,['Tienie Ehlers'],2,2004,2004,English,1,False,[],0,['Pretoria'],1,2,2,0,309,309,['eng'],"['Van Schaik Publishers', 'J. L. Van Schaik']",['0627025560'],1,"['9780627040092', '9780627025563']",[],['English'],2004.0,0.0,False
BOOK00399,Global Strategic Management,['Philippe Lasserre'],8,2002,2022,English,1,False,['nyu'],1,['New York'],1,4,7,3,384,492,['eng'],"['Bloomsbury Academic & Professional', 'Atlantic Publishers & Distributers Pvt Ltd', 'Springer', 'Palgrave Macmillan']","['1137582413', '1137584580', '0230008364', '0333793757', '0333793749']",5,"['9781350932968', '9781350932951', '9781137582416', '9781137584588', '9780230008366', '9780333793756', '9780333793749']","['paperback', 'Paperback', 'Hardcover']",['English'],2002.0,0.0,False
BOOK00400,Strategic Management : Theory & Cases,"['Charles W. L. Hill', 'Gareth R. Jones', 'Melissa A. Schilling']",6,2013,2023,English,1,False,[],0,[],0,2,6,2,736,896,['eng'],"['Cengage Learning', 'Cengage South-Western']","['0357033841', '1305081765']",2,"['9780357716632', '9780357716625', '9781305502277', '9781285184487', '9780357033845', '9781305081765']","['paperback', 'loose leaf']",['English'],2013.0,0.0,False
BOOK00401,Strategic Management,['John Parnell'],10,2020,2024,English,1,False,[],0,[],0,1,10,0,,,['eng'],['Academic Media Solutions'],[],0,"['9798990341920', '9798990341906', '9798990341937', '9798990341944', '9798990341913', '9781950377121', '9781950377152', '9781950377169', '9781950377138', '9781950377145']",[],['English'],2020.0,0.0,False
BOOK00402,Strategic management of health care organizations,"['Peter M. Ginter', 'Linda E. Swayne', 'W. Jack Duncan']",13,2002,2018,English,1,False,[],0,[],0,3,13,1,476,1012,['eng'],"['Wiley & Sons, Incorporated, John', 'Wiley', 'Blackwell Publishers']","['1119349702', '0631225862']",2,"['9781118466469', '9781444324259', '9781118785218', '9781119349716', '9781119349693', '9781444329094', '9781118466742', '9781118466735', '9781118466728', '9781444300031', '9780470745625', '9781119349709', '9780631225867']",['hardcover'],['English'],2002.0,0.0,False
BOOK00403,Strategic management and business analysis,"['Cooke, Peter', 'David Williamson', 'Wyn Jenkins', 'Keith Michael Moreton']",7,2003,2015,English,1,False,['mau'],1,['Boston'],1,3,6,0,280,280,['eng'],"['Routledge', 'Taylor & Francis Group', 'Butterworth-Heineman']",['0750642955'],1,"['9781282768888', '9781317595663', '9781317595687', '9781317595670', '9781315745565', '9780080517919']",[],['English'],2003.0,0.0,False
BOOK00404,Strategic management,"['Miller, Alex']",3,1996,1998,English,1,False,"['mau', 'enk', 'nyu']",3,"['Boston, Mass', 'New York', 'London']",3,2,0,0,992,992,['eng'],"['Irwin/McGraw Hill', 'McGraw-Hill']","['0070430144', '0071145060', '0070427917']",3,[],[],['English'],1996.0,0.0,False
BOOK00405,Strategic management,['Allen C. Amason'],8,2011,2020,English,1,False,['nyu'],1,"['New York, NY']",1,2,10,0,304,318,['eng'],"['Routledge', 'Taylor & Francis Group']",[],0,"['9781283045292', '9781000166453', '9781000166460', '9781000166446', '9781003000594', '9780367430061', '9780367430054', '9780415871723', '9780415871693', '9780203865835']",[],['English'],2011.0,0.0,False
BOOK00406,Strategic management,"['John L. Thompson', 'Frank Martin']",1,2005,2005,English,1,False,[],0,[],0,1,1,1,873,873,['eng'],['CENGAGE Lrng Business Press'],['1844800830'],1,['9781844800834'],['Paperback'],['English'],2005.0,0.0,False
BOOK00407,Sustainable strategic management,"['W. Edward Stead', 'Jean Garner Stead', 'Mark Starik']",8,2003,2014,English,1,False,['nyu'],1,"['Armonk, N.Y']",1,3,7,1,245,304,['eng'],"['Taylor & Francis Group', 'Routledge', 'M.E. Sharpe']",['0765611317'],1,"['9781317459132', '9781317459149', '9781907643965', '9780765635457', '9780765635440', '9781906093532', '9780765611314']",['Hardcover'],['English'],2003.0,0.0,False
BOOK00408,Strategic management in action,['Mary K. Coulter'],5,1998,2010,English,1,False,['nju'],1,"['Upper Saddle River, N.J', 'Upper Saddle River, NJ']",2,2,3,1,343,383,['eng'],"['Prentice Hall', 'Pearson/Prentice Hall']","['0136067735', '0132277476', '0131579878', '0136078281']",4,"['9780132277471', '9780131579873', '9780136078289']",['Paperback'],['English'],1998.0,0.0,False
BOOK00409,Strategize!,"['C. Gopinath', 'Julie I. Siciliano']",5,2004,2013,English,1,False,"['at', 'ohu']",2,"['Australia', 'Mason, OH', 'Mason, Ohio']",3,4,5,1,172,224,['eng'],"['South-Western, Cengage Learning', 'Cengage South-Western', 'South-Western College Pub', 'South-Western']","['0324597134', '0324596383', '0324259123']",3,"['9780324597134', '9780324596380', '9781133953289', '9781133953371', '9780324259124']",['Paperback'],['English'],2004.0,0.0,False
BOOK00410,Strategy safari,['Henry Mintzberg'],6,1998,2009,English,1,False,"['enk', 'nyu']",2,"['Harlow, UK', 'New York', 'London']",3,4,1,0,406,464,['eng'],"['FT Prentice Hall', 'Free Press', 'Prentice Hall', 'Pearson Prentice Hall']","['0273719580', '0684847434', '0136956777']",3,['9780273719588'],[],['English'],1998.0,0.0,False
BOOK00411,Strategic management,"['Mason Andrew Carpenter', 'Mason A. Carpenter', 'William Gerard Sanders']",9,2006,2012,English,1,False,"['onc', 'nju']",2,"['[Toronto]', 'Upper Saddle River, N.J', 'Upper Saddle River, NJ']",3,4,5,1,403,861,['eng'],"['Pearson', 'Pearson Prentice Hall', 'Prentice Hall', 'Pearson/Prentice Hall']","['1269414607', '0131453548', '0132341387', '0136149057']",4,"['9781269414609', '9780132341400', '9780131453548', '9780132341387', '9780136149057']",['Paperback'],['English'],2006.0,0.0,False
BOOK00412,Strategic Management,['Frank Rothaermel'],3,2012,2020,,0,False,[],0,[],0,3,3,3,576,576,[],"['McGraw Hill', 'McGraw-Hill Education', 'McGraw-Hill/Irwin']","['126026128X', '0077647475', '1260571238']",3,"['9781260261288', '9780077647476', '9781260571233']","['hardcover', 'printed access code', 'paperback']",[],2012.0,0.0,False
BOOK00413,Understanding Strategic Management,['Anthony Henry'],2,2008,2021,English,1,False,[],0,[],0,3,2,1,384,387,['eng'],"['Oxford University Press', 'Oxford University Press, USA', 'Oxford Univ Pr']",['0199288305'],1,"['9780198859833', '9780199288304']",['Paperback'],['English'],2008.0,0.0,False
BOOK00414,Sustainable Strategic Management,"['W. Edward Stead', 'Jean Garner Stead', 'Mark Starik']",9,2003,2017,English,1,False,[],0,[],0,3,9,1,280,304,['eng'],"['Taylor & Francis Group', 'Routledge', 'M.E. Sharpe']",['0765611325'],1,"['9781322509051', '9781317459125', '9781315700533', '9781351276290', '9781351276320', '9781351276313', '9781351276306', '9780765635471', '9780765611321']",['Paperback'],['English'],2003.0,0.0,False
BOOK00415,Strategic management,['Fred R. David'],1,2011,2011,English,1,False,['nju'],1,"['Upper Saddle River, N.J']",1,1,1,0,290,290,['eng'],['Prentice Hall'],['0136120989'],1,['9780136120988'],[],['English'],2011.0,0.0,False
BOOK00416,The Strategic Manager,['Harry Sminia'],16,2014,2021,English,1,False,[],0,[],0,2,16,2,168,206,['eng'],"['Routledge', 'Taylor & Francis Group']","['0415785847', '0415785871']",2,"['9781322032474', '9781000412703', '9781003031260', '9781000412727', '9781351855037', '9781351855044', '9781351855020', '9780367468088', '9780367468064', '9781315228075', '9781317675983', '9781315771632', '9781138778825', '9781138778818', '9780415785846', '9780415785877']","['hardcover', 'paperback']",['English'],2014.0,0.0,False
BOOK00417,Strategic management,['Fred R. David'],1,2001,2001,English,1,False,['nju'],1,"['Upper Saddle River, N.J']",1,1,1,0,432,432,['eng'],['Prentice Hall'],['0130269956'],1,['9780130269959'],[],['English'],2001.0,0.0,False
BOOK00418,Strategic Management,['Lester A. Digman'],13,1986,2005,English,1,False,"['txu', 'ilu']",2,"['Plano, Tex', 'Homewood, IL']",2,8,11,3,592,964,['eng'],"['Dame Publishing', 'Dame Publications', 'Business Publications', 'Custom Publishing', 'Business Pubns', 'Dame Pub', 'South-Western Educational Publishing', 'BPI/Irwin']","['0759321213', '0873939115', '0873937929', '0873936183', '0256032564', '0873936191', '0759350442', '0256066736', '0873933141', '0873933974', '0873939107', '0759321221']",12,"['9780759321212', '9780873939119', '9780873937924', '9780873936187', '9780873936194', '9780759350441', '9780256066739', '9780873933148', '9780873933971', '9780873939102', '9780759321229']","['Paperback', 'Unknown Binding', 'Hardcover']",['English'],1986.0,0.0,False
BOOK00419,Strategic Management,['R. Edward Freeman'],2,2010,2015,English,1,False,[],0,[],0,1,2,0,292,292,['eng'],['Cambridge University Press'],[],0,"['9781139192675', '9780521151740']",[],['English'],2010.0,0.0,False
BOOK00420,Strategic Management Accounting,['Zahirul Hoque'],3,2003,2006,English,1,False,[],0,[],0,3,3,1,220,420,['eng'],"['Spiro Press', 'Pearson Education Australia', 'Pearson Higher Education']","['1904298729', '1904298737']",2,"['9781904298724', '9780733984457', '9781904298731']",['Paperback'],['English'],2003.0,0.0,False
BOOK00421,Essentials of strategic management,"['J. David Hunger', 'Thomas L. Wheelen']",7,2003,2013,English,1,False,['nju'],1,['Upper Saddle River'],1,2,7,0,191,216,['eng'],"['Pearson Education, Limited', 'Prentice Hall']",['0136006698'],1,"['9780136125501', '9781282726741', '9781292020907', '9780132478816', '9780135041086', '9780131227880', '9780136006695']",[],['English'],2003.0,0.0,False
BOOK00422,Global strategic management,"['Kamel Mellahi', 'Jedrzej George Frynas', 'Paul Finlay']",2,2005,2015,English,1,False,[],0,[],0,2,2,1,420,474,['eng'],"['Oxford University Press', 'Oxford University Press, USA']","['0198706596', '0199266158']",2,"['9780198706595', '9780199266159']",['paperback'],['English'],2005.0,0.0,False
BOOK00423,Strategic management,['Richard L. Lynch'],2,2008,2009,English,1,False,['enk'],1,"['Harlow, England', 'N.Y']",2,2,2,0,,,['eng'],"['Pearson Education, Limited', 'Prentice Hall / Financial Times']",[],0,"['9780273724001', '9780273716389']",[],['English'],2008.0,0.0,False
BOOK00424,Change management,"['Jeffrey M. Hiatt', 'Timothy J. Creasey']",1,2003,2003,English,1,False,[],0,[],0,1,1,1,149,149,['eng'],['Prosci Research'],['1930885180'],1,['9781930885189'],['Paperback'],['English'],2003.0,0.0,False
BOOK00425,Managing Change/Changing Managers,['Julian Randall'],6,2004,2014,English,1,False,[],0,[],0,2,6,0,272,272,['eng'],"['Taylor & Francis Group', 'Routledge']",[],0,"['9781134350766', '9781283584784', '9781134350810', '9781134350803', '9781134350780', '9781280036965']",[],['English'],2004.0,0.0,False
BOOK00426,Change management,"['Robert Sullivan', 'Stephen Lytton']",1,2000,2000,,0,False,[],0,[],0,1,1,1,160,160,[],['Management Books 2000 Ltd'],['1852523514'],1,['9781852523510'],['Paperback'],[],2000.0,0.0,False
BOOK00427,Change Management,['Thomas Lauer'],6,2010,2021,"German, English",2,True,['gw'],1,"['Berlin', 'Heidelberg']",2,4,7,2,216,268,"['ger', 'eng']","['Springer', 'Springer Berlin / Heidelberg', 'Springer Gabler', 'Lauer Thomas']","['3662591014', '3662437368', '3642043399', '3642043402']",4,"['9783662437377', '9783662621868', '9783662621899', '9783662591017', '9783662437360', '9783642043390', '9783642043406']","['paperback', 'hardcover']","['German', 'English']",2010.0,0.0,False
BOOK00428,"Managing change, changing managers",['Julian Randall'],2,2004,2004,English,1,False,['nyu'],1,"['London', 'New York']",2,2,1,1,259,272,['eng'],"['Taylor & Francis Inc', 'Routledge']","['0415323118', '0415323126']",2,['9780203300732'],['Electronic resource'],['English'],2004.0,0.0,False
BOOK00429,Change management in information services,['Lyndon Pugh'],13,2000,2019,English,1,False,['enk'],1,"['Aldershot, Hampshire, England', 'Brookfield, Vt']",2,3,12,1,200,99999,['eng'],"['Taylor & Francis Group', 'Ashgate Publishing', 'Gower']","['0754646653', '0566082535']",2,"['9781351773188', '9781317168652', '9781315571225', '9781315198507', '9781351773201', '9781351773195', '9781317168669', '9781317168676', '9781138713642', '9781138713659', '9781138259263', '9780754646655']",['Hardcover'],['English'],2000.0,0.0,False
BOOK00430,Making sense of change management,"['Esther Cameron', 'Mike Green']",12,2004,2024,English,1,False,[],0,[],0,2,12,1,288,464,['eng'],"['Kogan Page, Limited', 'Kogan Page']",['0749440872'],1,"['9781398612884', '9781398612860', '9781398612853', '9781282101159', '9781280494833', '9781280435140', '9780749447328', '9780749496982', '9780749472597', '9780749496975', '9781789660456', '9780749440879']",['Paperback'],['English'],2004.0,0.0,False
BOOK00431,Changing Change Management,['Darren McCabe'],6,2020,2021,English,1,False,[],0,[],0,1,6,0,200,216,['eng'],['Taylor & Francis Group'],[],0,"['9781032175935', '9780429638831', '9780429029981', '9780429642005', '9780429635663', '9780367140656']",[],['English'],2020.0,0.0,False
BOOK00432,Change Management,"['Klaus Doppler', 'Christoph Lauterburg']",2,2014,2019,,0,False,[],0,[],0,2,2,1,588,588,[],"['Campus Verlag', 'Campus Verlag GmbH']","['3593512440', '3593500477']",2,"['9783593512440', '9783593500478']",['hardcover'],[],2014.0,0.0,False
BOOK00433,Making sense of change management,['Esther Cameron'],2,2008,2009,English,1,False,"['enk', 'nyu']",2,"['London', 'Philadelphia']",2,2,2,1,304,304,['eng'],"['Kogan Page', 'Kogan Page Publishers']",[],0,"['9780749453107', '9780749456023']",['Electronic resource'],['English'],2008.0,0.0,False
BOOK00434,The Theory and Practice of Change Management,['John Hayes'],6,2014,2021,English,1,False,[],0,[],0,4,6,2,496,592,['eng'],"['Macmillan Education UK', 'Red Globe Press', 'Palgrave', 'Palgrave Macmillan']","['1352001233', '0230298060', '1137582383', '1137275340']",4,"['9781352012538', '9781352012552', '9781352001235', '9780230298064', '9781137582386', '9781137275349']","['paperback', 'printed access code']",['English'],2014.0,0.0,False
BOOK00435,Effective Change Manager,['The Change Management Institute'],1,2014,2014,English,1,False,[],0,[],0,1,1,0,,,['eng'],['Vivid Publishing'],[],0,['9781925171020'],[],['English'],2014.0,0.0,False
BOOK00436,Making sense of change management,['Esther Cameron'],2,2015,2016,English,1,False,['enk'],1,[],0,1,2,1,450,464,['eng'],['Kogan Page'],"['0749479132', '0749472588']",2,"['9780749479138', '9780749472580']",['hardcover'],['English'],2015.0,0.0,False
BOOK00437,Managing change,"['Todd Jick', 'Maury Peiperl', 'Todd D. Jick']",6,1993,2003,English,1,False,"['ilu', 'mau']",2,"['Homewood, IL', 'Boston']",2,4,3,2,489,544,['eng'],"['McGraw-Hill/Irwin', 'Irwin/McGraw-Hill', 'Mayibuye Books,South Africa', 'IRWIN']","['0256264589', '0071122206', '0071199640', '0256112312']",4,"['9780256264586', '9780071122207', '9780071199643']","['Hardcover', 'Paperback']",['English'],1993.0,0.0,False
BOOK00438,Change Management,['Jeff Hiatt'],2,2003,2012,English,1,False,['cou'],1,"['Loveland, Colorado']",1,2,2,1,148,148,['eng'],"['Prosci Learning Center Publications', 'Prosci Research']","['193088561X', '1930885199']",2,"['9781930885615', '9781930885196']",['Hardcover'],['English'],2003.0,0.0,False
BOOK00439,Lean Change Management,['Jason Little'],1,2014,2014,English,1,False,[],0,[],0,1,1,1,180,180,['eng'],['Happy Melly Express'],['0990466507'],1,['9780990466505'],['Paperback'],['English'],2014.0,0.0,False
BOOK00440,Change Management,['James McCalman'],8,1992,2016,English,1,False,['enk'],1,['London'],1,5,7,1,229,440,['eng'],"['SAGE Publications, Limited', 'SAGE Publications, Incorporated', 'SAGE Publications Ltd', 'P. Chapman Pub.', 'Paul Chapman Pub']","['1853961558', '185396381X']",2,"['9781473943377', '9781473943384', '9781849205252', '9781280347467', '9781446274118', '9781446274101', '9781853963810']",['Paperback'],['English'],1992.0,0.0,False
BOOK00441,Strategic Change Management Strategic Change Management,['Djamel Eddine Laouisset'],2,2008,2008,English,1,False,[],0,['Ottawa'],1,0,0,0,,,['eng'],[],[],0,[],[],['English'],2008.0,0.0,False
BOOK00442,Organizational Behaviour and Change Management,"['Cornell Vernooij', 'Judith Stuijt', 'Maarten Hendriks', 'Wouter ten Have', 'Steven ten Have']",5,2022,2022,English,1,False,[],0,[],0,2,5,0,,,['eng'],"['Routledge', 'Taylor & Francis Group']",[],0,"['9781032264240', '9781032264233', '9781000648010', '9781000647969', '9781003288237']",[],['English'],2022.0,0.0,False
BOOK00443,The Manager's Path,['Camille Fournier'],1,2017,2017,English,1,False,[],0,[],0,1,1,1,244,244,['eng'],"[""O'Reilly Media""]",['1491973897'],1,['9781491973899'],['Paperback'],['English'],2017.0,0.0,False
BOOK00444,Agile Change Management,['Melanie Franklin'],6,2014,2021,English,1,False,[],0,[],0,2,6,0,288,288,['eng'],"['Kogan Page, Limited', 'Kogan Page']",[],0,"['9781306457231', '9781398603158', '9781398603165', '9781398603141', '9780749470999', '9780749470982']",[],['English'],2014.0,0.0,False
BOOK00445,The Effective Change Manager's Handbook,['APMG'],3,2014,2021,English,1,False,[],0,[],0,2,3,2,632,632,['eng'],"['Kogan Page, Limited', 'Kogan Page']","['1398696013', '074947307X']",2,"['9780749473082', '9781398696013', '9780749473075']","['hardcover', 'paperback']",['English'],2014.0,0.0,False
BOOK00446,Breakthrough IT Change Management,"['Bennet Lientz', 'Kathryn Rea']",8,2004,2017,English,1,False,[],0,[],0,2,8,0,311,311,['eng'],"['Routledge', 'Taylor & Francis Group']",[],0,"['9781282344969', '9781136425967', '9780080500287', '9781136426018', '9781136426001', '9781136425950', '9781138461116', '9781136425981']",[],['English'],2004.0,0.0,False
BOOK00447,Beyond change management,['Dean Anderson'],1,2001,2001,English,1,False,['cau'],1,['San Francisco'],1,1,0,0,236,236,['eng'],['Jossey-Bass/Pfeiffer'],['0787956457'],1,[],[],['English'],2001.0,0.0,False
BOOK00448,Managing Change,['Bernard Burnes'],7,1992,2009,English,1,False,"['enk', 'nyu']",2,"['London', 'New York']",2,5,5,1,224,640,['eng'],"['Pitman', 'Pearson Education', 'Trans-Atlantic Publications', 'Prentice Hall/Financial Times', 'Prentice Hall']","['0273611186', '0273641662', '027303376X', '0273683365']",4,"['9780273641667', '9780273611189', '9780273033769', '9780273711742', '9780273683360']",['Paperback'],['English'],1992.0,0.0,False
BOOK00449,Business process change management,['August-Wilhelm Scheer'],2,2003,2003,English,1,False,['gw'],1,"['Berlin', 'New York']",2,1,1,1,290,292,['eng'],['Springer'],['354000243X'],1,['9783540002437'],['Hardcover'],['English'],2003.0,0.0,False
BOOK00450,Change Management,"['Frank Voehl', 'H. James Harrington']",2,2017,2017,English,1,False,[],0,[],0,2,2,0,424,424,['eng'],"['Taylor & Francis Group', 'Productivity Press']",[],0,"['9781138463950', '9781482214192']",[],['English'],2017.0,0.0,False
BOOK00451,Change Management Für Dummies,['Alexandra Schichtel'],6,2010,2016,German,1,False,[],0,[],0,2,6,0,432,448,['ger'],"['Wiley & Sons, Incorporated, John', 'Wiley & Sons, Limited, John']",[],0,"['9783527705375', '9783527639007', '9783527800278', '9783527711628', '9783527800285', '9783527638987']",[],['German'],2010.0,0.0,False
BOOK00452,Reconsidering Change Management,"['Steven ten Have', 'ten Have Wouter', 'Anne-Bregj Huijsmans']",6,2016,2018,English,1,False,[],0,[],0,1,6,0,214,228,['eng'],['Taylor & Francis Group'],[],0,"['9781315646015', '9781317293729', '9781317293736', '9781317293743', '9781138340039', '9781138183148']",[],['English'],2016.0,0.0,False
BOOK00453,Correctional administration and change management,['Martha Henderson Hurley'],7,2010,2013,English,1,False,['flu'],1,['Boca Raton'],1,3,7,0,222,224,['eng'],"['CRC Press LLC', 'Taylor & Francis Group', 'Taylor & Francis']",[],0,"['9781482218152', '9780429250774', '9781466532472', '9781482218145', '9781439803936', '9781322618128', '9781439803929']",[],['English'],2010.0,0.0,False
BOOK00454,Change management,['Marcus Gonçalves'],1,2007,2007,English,1,False,['nyu'],1,['New York'],1,1,1,0,126,126,['eng'],['ASME Press'],['0791802647'],1,['9780791802649'],[],['English'],2007.0,0.0,False
BOOK00455,The Theory and Practice of Change Management,['John Hayes'],1,2010,2010,,0,False,[],0,[],0,1,1,1,496,496,[],['Palgrave Macmillan'],['0230210694'],1,['9780230210691'],['Paperback'],[],2010.0,0.0,False
BOOK00456,Appreciative inquiry for change management,['Sarah Lewis'],1,2011,2011,English,1,False,['enk'],1,"['London', 'Philadelphia']",2,1,2,0,,,['eng'],['Kogan Page'],[],0,"['9780749463557', '9780749463670']",[],['English'],2011.0,0.0,False
BOOK00457,Leadership and change management,['Annabel C. Beerel'],1,2009,2009,English,1,False,['cau'],1,['Los Angeles'],1,3,2,0,264,264,['eng'],"['SAGE', 'SAGE Publications Ltd', 'Sage Publications Ltd']","['1847873405', '1847873413']",2,"['9781847873408', '9781847873415']",[],['English'],2009.0,0.0,False
BOOK00458,Changing managers and managing change,"['Mahmoud Ezzamel', 'Simon Lilley', 'Hugh Wilmott', 'Chris Green']",1,1995,1995,,0,False,[],0,[],0,1,1,1,110,110,[],['CIMA Publishing'],['1874784353'],1,['9781874784357'],['Paperback'],[],1995.0,0.0,False
BOOK00459,Managing innovation,"['Joseph Tidd', 'Joe Tidd', 'John Bessant', 'Keith Pavitt']",26,1997,2021,English,1,False,"['enk', 'nju']",2,"['Chichester, [England]', 'New York', 'Hoboken, NJ', 'Chichester, West Sussex, England', 'Hoboken']",5,9,23,1,2,680,['eng'],"['Wiley & Sons, Incorporated, John', 'Wiley', 'Wiley & Sons, Limited, John', 'World Scientific Publishing UK Limited', 'World Scientific Europe Ltd', 'World Scientific Publishing Europe Ltd', 'World Scientific Publishing Co Pte Ltd', 'John Wiley & Sons', 'John Wiley']","['1119441099', '111836063X', '0471496154', '0470998105', '047197076X', '0470093269']",6,"['9780470338032', '9780470093276', '9781119441090', '9781118538593', '9781119719311', '9781119379393', '9781119713180', '9781119713302', '9781119713197', '9781118538647', '9781118538500', '9781118362853', '9781119719335', '9781118320624', '9781119959335', '9781786346483', '9781786346544', '9781119959342', '9781119959328', '9781786346513', '9781118360637', '9780471496151', '9780470998106']",['paperback'],['English'],1997.0,0.0,False
BOOK00460,Change Management During Unprecedented Times,['Kyla Latrice Tennin'],5,2023,2023,English,1,False,[],0,[],0,1,5,0,,,['eng'],['IGI Global'],[],0,"['9781668475119', '9781668475126', '9781668475133', '9781668475102', '9781668475096']",[],['English'],2023.0,0.0,False
BOOK00461,"Change Management in schwierigen Zeiten, m. CD-ROM",['Dietmar Vahs'],1,2003,2003,German,1,False,[],0,[],0,1,1,1,136,136,['ger'],['Deutscher Universitätsverlag'],['3824407116'],1,['9783824407118'],['Paperback'],['German'],2003.0,0.0,False
BOOK00462,Leadership and Change Management,"['Daphne Halkias', 'Joseph C. Santora', 'Nicholas Harkiolakis', 'Paul W. Thurman']",4,2017,2017,English,1,False,[],0,[],0,1,4,0,,,['eng'],['Taylor & Francis Group'],[],0,"['9781317107033', '9781315591766', '9781317107040', '9781317107057']",[],['English'],2017.0,0.0,False
BOOK00463,The complete idiot's guide to change management,['Jeffrey P. Davidson'],1,2002,2002,English,1,False,['inu'],1,"['Indianapolis, IN']",1,1,0,0,331,331,['eng'],['Alpha'],['0028642171'],1,[],[],['English'],2002.0,0.0,False
BOOK00464,Additive Manufacturing Change Management,"['David M. Dietrich', 'Michael Kenworthy', 'Elizabeth A. Cudney']",6,2019,2019,English,1,False,[],0,[],0,2,6,1,160,180,['eng'],"['Taylor & Francis Group', 'CRC Press']",['036715207X'],1,"['9781138611757', '9780429465246', '9780429878039', '9780429878053', '9780429878046', '9780367152079']",['hardcover'],['English'],2019.0,0.0,False
BOOK00465,Enterprise Change Management,"['David Miller', 'Audra Proctor']",2,2016,2016,English,1,False,[],0,[],0,2,2,1,208,208,['eng'],"['Kogan Page, Limited', 'Kogan Page']",['0749473010'],1,"['9780749473020', '9780749473013']",['paperback'],['English'],2016.0,0.0,False
BOOK00466,Switch,"['Chip Heath', 'Chip; Heath, Dan Heath']",13,1999,2013,English,1,False,"['nyu', 'onc']",2,"['New York, USA', 'New York', 'Toronto', 'Nueva York']",4,9,11,4,6,320,['eng'],"['Broadway Books', 'Crown Publishing Group', 'Random House, Inc.', 'FISCHER Taschenbuch', 'Random House Business Books', 'Random House Audio', 'Penguin Random House', 'Random House Canada', 'Vintage español']","['9780385528757', '3596190258', '0307885038', '0739376969', '0307357279']",5,"['9780385528757', '9783596190256', '9780307885036', '9780739376966', '9781847940322', '9781448108213', '9780307357274', '9781847940308', '9781847940315', '9780307742353', '9780307590169']","['Hardcover', 'paperback', 'audio cd', 'Electronic resource']",['English'],1999.0,0.0,False
BOOK00467,Leading Change,['John P. Kotter'],4,1996,2010,English,1,False,['mau'],1,"['Boston, Mass', 'Boston']",2,2,1,0,187,187,['eng'],"['Harvard Business School Press', 'Harvard Business Press']",['0875847471'],1,['9781422133415'],[],['English'],1996.0,0.0,False
BOOK00468,Employee Empowerment,['Daniel Bloom'],6,2020,2020,English,1,False,[],0,[],0,2,6,0,88,88,['eng'],"['Productivity Press', 'CRC Press']",[],0,"['9780429683589', '9780429683572', '9780429400735', '9780429683565', '9780367002176', '9780367002169']",[],['English'],2020.0,0.0,False
BOOK00469,Change Management Masterclass,['Mike Green'],2,2007,2007,English,1,False,['nyu'],1,['London'],1,2,2,2,273,273,['eng'],"['Kogan Page', 'Kogan Page Publishers']",['0749445076'],1,"['9780749445072', '9780749452100']","['Paperback', 'Electronic resource']",['English'],2007.0,0.0,False
BOOK00470,Change Manager,['Tracey Torble'],4,2019,2019,English,1,False,[],0,[],0,1,4,0,,,['eng'],['BCS Learning & Development Limited'],[],0,"['9781780174679', '9781780174655', '9781780174648', '9781780174662']",[],['English'],2019.0,0.0,False
BOOK00471,Rework,"['Jason Fried', 'David Heinemeier Hansson']",15,2010,2020,"Romanian, French, English",3,True,"['quc', 'nyu']",2,"['București', 'Montréal', 'New York', 'London']",4,10,10,7,3,288,"['rum', 'fre', 'eng']","['Publica', 'Éditions Transcontinental', 'Ebury Publishing', 'Vermilion', 'Crown Business', 'Random House Audio', 'Riemann I.Bertelsmann Vlg', 'Crown Currency', 'Crown Business of the Crown Publishing Group, a division of Random House, Inc.', 'Crown Publishing Group']","['2894724705', '0307463745', '0307704513', '3570501256', '0091929784']",5,"['9789731931777', '9782894724705', '9781785043024', '9781407062860', '9780307463746', '9780307704511', '9783570501252', '9781407062853', '9780091929787', '9780307463760']","['Paperback', 'audio cd', 'hardcover', 'kindle edition', 'eBook', 'Hardcover', 'E-book']","['Romanian', 'French', 'English']",2010.0,0.0,False
BOOK00472,Production and operations management,"['Everett E. Adam', 'Ronald J. Ebert']",14,1978,1996,English,1,False,"['enk', 'nju', 'xxk']",3,"['Englewood Cliffs, N.J', 'London', 'Englewood Cliffs, NJ', 'Englewood Cliffs']",4,7,3,3,207,860,['eng'],"['Prentice Hall College Div', 'Prentice Hall', 'Prentice-Hall', 'Prentice-Hall International', 'Pearson Higher Education', 'Prentice Hall (Higher Education Division, Pearson Education)', 'Prentice Hall International']","['013717943X', '0137718008X', '0137249551', '0137250290', '0137248571', '0137249713', '0137199155', '0137248326', '0137252684', '013725069X', '0137248733', '9813076615']",12,"['9780137179435', '9780137248735', '9789813076617']","['Hardcover', 'Paperback', 'Unknown Binding']",['English'],1978.0,0.0,False
BOOK00473,Production and operations management,['Richard B. Chase'],13,1973,1998,English,1,False,"['xx', 'ilu', 'xxu', 'enk', 'mau']",5,"['Homewood, Ill', 'Homewood, IL', 'Boston', 'Chicago']",4,6,2,2,691,1062,['eng'],"['Richard D Irwin', 'Irwin', 'R. D. Irwin', 'R.D. Irwin', '(U.S.), R.D.Irwin', 'Irwin/McGraw-Hill']","['007561278X', '0256069204', '0256124108', '0256019193', '025610039X', '0256113092', '0256025258', '0256032262', '0256128111', '0256014280', '0256225567', '0256269211', '0256140235']",13,"['9780075612780', '9780256124101']","['hardcover', 'Paperback']",['English'],1973.0,0.0,False
BOOK00474,Operations management,['Roger G. Schroeder'],22,1981,2008,English,1,False,"['xxu', 'mau', 'nyu', 'ilu', 'enk', 'xxk']",6,"['New York', 'Boston, Mass', 'Boston', 'Miadenhead', 'London', 'Auckland', 'NewYork, N.Y']",7,11,8,2,385,864,['eng'],"['McGraw-Hill Education', 'McGraw-Hill', 'McGraw-Hill/Irwin', 'McGraw-Hill Inc.,US', 'Irwin/McGraw-Hill', 'McGraw Hill', 'McGraw Hill Higher Education', 'McGraw-Hill Irwin', 'McGRAW-HILL PUBLISHING COMPANY', 'McGraw-Hill International', 'McGraw-Hill Publishing Co.']","['0070556849', '0070556156', '0073137065', '0070556180', '0070556121', '0072362901', '0073230588', '0079114377', '0079116442', '0070665524', '0071254366', '0073377864', '0071263861', '0071128425', '0070665508', '0071121277', '0072498943', '0071006036']",18,"['9780070556843', '9780073137063', '9780073230580', '9780071254366', '9780073377865', '9780071263863', '9780071121279', '9780072498943']","['Hardcover', 'Paperback']",['English'],1981.0,0.0,False
BOOK00475,Operations management,['William J. Stevenson'],5,2004,2009,English,1,False,"['xxu', 'onc', 'mau']",3,"['New York', 'Toronto', 'Montréal', 'Boston']",4,5,3,2,834,906,['eng'],"['McGraw-Hill/Irwin', 'McGraw-Hill Ryerson', 'Mcgraw-Hill College', 'McGraw Hill Higher Education', 'McGraw-Hill']","['0071112189', '0070911894', '0072971037', '0071112197', '0073377848']",5,"['9780072971033', '9780071112192', '9780073377841']","['Hardcover', 'Paperback']",['English'],2004.0,0.0,False
BOOK00476,Operations management,['Joseph G. Monks'],5,1977,1988,English,1,False,['nyu'],1,['New York'],1,2,1,1,671,800,['eng'],"['Macmillan/Mcgraw-Hill School', 'McGraw-Hill']","['0070427275', '0070427186', '0070427208']",3,['9780070427273'],['Hardcover'],['English'],1977.0,0.0,False
BOOK00477,Production/operations management,['William J. Stevenson'],15,1982,2001,English,1,False,"['onc', 'ilu', 'mau', 'xxu']",4,"['Toronto', 'Homewood, Ill', 'Boston', 'Homewood, IL', 'Chicago, IL']",5,8,6,2,296,929,['eng'],"['McGraw-Hill Ryerson', 'Irwin', 'R.D. Irwin', 'McGraw-Hill Higher Education', 'Mcgraw-Hill College', 'Irwin/McGraw-Hill', 'Richard D Irwin', 'McGraw-Hill Companies']","['007087154X', '0256117683', '0256025282', '0072359587', '0256208514', '0073661120', '0073661139', '0071158561', '025603379X', '0256248664', '0072476567', '0256080291', '0256108285', '0256139008', '0256105111']",15,"['9780070871540', '9780256117684', '9780072359589', '9780256208511', '9780256248661', '9780072476569']","['Paperback', 'Hardcover']",['English'],1982.0,0.0,False
BOOK00478,Production and operations management,['Norman Gaither'],15,1980,1999,English,1,False,"['ilu', 'xxk', 'xx', 'xxu', 'txu', 'ohu', 'cau']",7,"['Chicago', 'Hinsdale, Ill', 'Fort Worth', 'London', 'Toronto', 'Belmont, Calif', 'Cincinnati, Ohio', 'Fort Worth, TX']",8,5,1,1,716,948,['eng'],"['Dryden Press', 'The Dryden Press', 'Duxbury Press', 'Harcourt Brace College Publishers', 'South-Western College Pub.']","['0030092949', '0030427010', '0030625688', '0030753813', '0030989353', '0534510000', '0030263425', '0030309638', '0030975611', '0538891084', '0030746221']",11,['9780030309632'],['Paperback'],['English'],1980.0,0.0,False
BOOK00479,Operations Management,"['Norman Gaither', 'Gregory Frazier']",4,2001,2003,English,1,False,['at'],1,"['Australia', 'Cincinnati, Ohio']",2,3,3,1,811,864,['eng'],"['South-Western College Pub', 'South Western College Publishing', 'South-Western/Thomson Learning']","['0324066856', '0324162405', '0324162391', '0324066864', '032415092X', '0324066872']",6,"['9780324066852', '9780324162400', '9780324162394']",['Hardcover'],['English'],2001.0,0.0,False
BOOK00480,Operations management for MBAs,"['Jack R. Meredith', 'Scott M. Shafer']",11,1999,2013,English,1,False,"['nju', 'nyu']",2,"['Hoboken, NJ', 'Hoboken, N.J', 'New York, NY', 'New York']",4,3,8,0,361,460,['eng'],"['Wiley & Sons, Incorporated, John', 'Wiley', 'John Wiley & Sons']","['0471351423', '0471000604', '047129828X']",3,"['9781118476055', '9781118546260', '9781118545973', '9780471427810', '9781118369975', '9780470485767', '9780471351429', '9780471000600']",[],['English'],1999.0,0.0,False
BOOK00481,Operations management,['William J. Stevenson'],3,2001,2002,English,1,False,['mau'],1,['Boston'],1,2,2,1,910,910,['eng'],"['McGraw-Hill School Education', 'McGraw-Hill Irwin']","['0072443901', '0071121293']",2,"['9780072443905', '9780071121293']",['Hardcover'],['English'],2001.0,0.0,False
BOOK00482,Operations management,['Andrew Greasley'],9,2005,2013,English,1,False,"['enk', 'nju']",2,"['Chichester, West Sussex, United Kingdom', 'Hoboken, NJ', 'Chichester, England']",3,5,11,0,,,['eng'],"['Wiley & Sons, Incorporated, John', 'SAGE Publications, Limited', 'John Wiley & Sons Ltd.', 'Wiley', 'John Wiley & Sons']",['0470012099'],1,"['9781118358849', '9781118362747', '9780470032282', '9781849202374', '9781118606834', '9781118606896', '9781119978541', '9781118606629', '9781118606636', '9781118606674', '9780470997611']",[],['English'],2005.0,0.0,False
BOOK00483,Operations Management,['Jay Heizer'],12,2004,2023,English,1,False,[],0,[],0,3,12,0,,,['eng'],"['Pearson Education, Limited', 'Pearson Books', 'Pearson Education']",[],0,"['9781292358185', '9781292295107', '9780137476442', '9781292444833', '9780137649495', '9781292148748', '9780273788300', '9781408283387', '9780132912273', '9780131486669', '9780136025771', '9780132412919']",[],['English'],2004.0,0.0,False
BOOK00484,Principles of operations management,"['Barry Render', 'Jay Heizer']",11,1993,2016,English,1,False,"['xxu', 'nju']",2,"['Upper Saddle River, N.J', 'Englewood Cliffs, N.J']",2,4,6,3,525,840,['eng'],"['Prentice Hall PTR', 'Pearson', 'Prentice Hall College Div', 'Prentice Hall']","['0134183975', '0134181980', '0205156444', '0132647710', '0136167640', '0138404305', '0132567369']",7,"['9780132968362', '9780134183978', '9780134181981', '9780205156443', '9780132647717', '9780136167648']","['digital', 'paperback', 'Hardcover']",['English'],1993.0,0.0,False
BOOK00485,Operations management,['Jay Heizer'],5,1999,2005,English,1,False,"['xxu', 'enk']",2,"['Upper Saddle River, NJ']",1,5,1,1,769,769,['eng'],"['Pearson/Prentice Hall', 'Prentice Hall/Pearson', 'Prentice Hall College Div', 'Prentice Hall', 'Prentice-Hall']","['0131422723', '0139898158', '0131016121', '0131422731', '0131230247']",5,['9780139898150'],['Hardcover'],['English'],1999.0,0.0,False
BOOK00486,Slack,"['Nigel Slack', 'Alistair Brandon-Jones', 'Robert Johnston']",3,2013,2022,English,1,False,[],0,[],0,3,3,1,733,733,['eng'],"['Pearson Education, Limited', 'Pearson', 'Prentice Hall']",['0273776290'],1,"['9781292408248', '9781292350066', '9780273776291']",['paperback'],['English'],2013.0,0.0,False
BOOK00487,Operations management,"['Roberta S. Russell', 'Bernard W. Taylor', 'Roberta (Robin) Russell']",15,1997,2019,English,1,False,['nju'],1,"['Upper Saddle River, N.J', 'Hoboken, NJ']",2,8,10,1,776,864,['eng'],"['Wiley & Sons, Incorporated, John', 'Pearson Education, Limited', 'Wiley & Sons Canada, Limited, John', 'Wiley', 'John Wiley & Sons', 'Prentice Hall', 'John Wiley', 'Prentice Hall College Div']","['0471692093', '0470095156', '0138499365', '013667965X']",4,"['9781119588702', '9780470079515', '9780470077450', '9780470076224', '9780130458797', '9781118301180', '9780471692096', '9780470095157', '9780138499365', '9780136679653']",['Hardcover'],['English'],1997.0,0.0,False
BOOK00488,Production and Operations Management,['Kanishka Bedi'],3,2004,2012,English,1,False,[],0,[],0,3,3,1,552,752,['eng'],"['Oxford University Press', 'Oxford University Press India', 'OUP India']",['0195667573'],1,"['9780198072096', '9780195690873', '9780195667578']",['Hardcover'],['English'],2004.0,0.0,False
BOOK00489,Production and operations management,['Raymond R. Mayer'],3,1975,1982,English,1,False,"['nyu', 'xxk']",2,"['New York', 'Auckland', 'London']",3,2,0,0,654,658,['eng'],"['McGraw-Hill', 'McGraw-Hill International']","['0070410259', '0070664161', '0070410232']",3,[],[],['English'],1975.0,0.0,False
BOOK00490,Operations Management,['Lee Krajewski'],21,2015,2024,English,1,False,[],0,[],0,3,21,1,696,696,['eng'],"['Pearson Education, Limited', 'Pearson Education', 'Pearson']","['0133872688', '0133872505', '0133872521']",3,"['9780138104627', '9781292731667', '9781292731117', '9781292740508', '9781292472904', '9781292462998', '9781292259970', '9781292093901', '9781292260006', '9781292259963', '9781292409986', '9781292259949', '9780136860419', '9781292410067', '9781292093970', '9781292409924', '9781292409948', '9781292409955', '9780133872682', '9780133872507', '9780133872521']",['digital'],['English'],2015.0,0.0,False
BOOK00491,Production and Operations Management,['R. Panneerselvam'],3,2004,2012,English,1,False,[],0,[],0,2,3,1,560,648,['eng'],"['Prentice Hall India Pvt., Limited', 'Prentice-Hall of India Pvt.Ltd']","['8120314425', '8120327675']",2,"['9788120345553', '9788120314429', '9788120327672']",['Paperback'],['English'],2004.0,0.0,False
BOOK00492,Schaum's outline of theory and problems of operations management,['Joseph G. Monks'],2,1985,1996,English,1,False,['nyu'],1,['New York'],1,1,0,0,410,429,['eng'],['McGraw-Hill'],"['007042764X', '0070427267']",2,[],[],['English'],1985.0,0.0,False
BOOK00493,Principles of operations management,['Jay Heizer'],4,1999,2004,English,1,False,['xxu'],1,"['Upper Saddle River, N.J', 'Upper Saddle River, NJ']",2,3,0,0,114,682,['eng'],"['Prentice Hall', 'Pearson Prentice-Hall', 'Pearson Education']","['0130271470', '0131209752', '013101613X']",3,[],[],['English'],1999.0,0.0,False
BOOK00494,Modern production/operations management,['Elwood Spencer Buffa'],4,1980,1987,English,1,False,"['nyu', 'xxk']",2,"['New York', 'Chichester']",2,1,0,0,673,834,['eng'],['Wiley'],"['047186384X', '0471056723', '0471857823', '0471819050']",4,[],[],['English'],1980.0,0.0,False
BOOK00495,Restaurant operations management,"['Jack D. Ninemeier', 'David K. Hayes']",3,2005,2006,English,1,False,['nju'],1,"['Upper Saddle River, N.J']",1,2,1,1,720,736,['eng'],"['Prentice Hall', 'Pearson Prentice Hall']",['0131100904'],1,['9780131100909'],['Hardcover'],['English'],2005.0,0.0,False
BOOK00496,Production and operations management,['Ray Wild'],10,1979,1998,English,1,False,"['enk', 'xxk']",2,"['London', 'New York, NY', 'Eastbourne']",3,6,3,1,613,928,['eng'],"['Cassell', 'Thomson Learning', 'Orion Publishing Group, Limited', 'Holt, Rinehart and Winston', 'Holt, R & W', 'E. Sussex, Holt, Rinehart & Winston']","['0304316385', '0304315923', '003910480X', '0304330779', '0039101991', '0304704032', '0039107906']",7,"['9780304315925', '9780304330775', '9780304704033']",['Paperback'],['English'],1979.0,0.0,False
BOOK00497,Fundamentals of operations management,"['Mark M. Davis', 'Nicholas J. Aquilano', 'Richard B. Chase']",5,1999,2003,English,1,False,"['ilu', 'enk']",2,"['Boston', 'Boston, [Mass.]', 'London']",3,3,2,1,1,667,['eng'],"['Irwin/McGraw-Hill', 'Irwin McGraw-Hill', 'McGraw-Hill/Irwin']","['007119469X', '0072402857', '0256225575']",3,"['9780071194693', '9780072402858']",['Hardcover'],['English'],1999.0,0.0,False
BOOK00498,Hotel operations management,['David K. Hayes'],2,2004,2005,English,1,False,"['xxu', 'nju']",2,"['Upper Saddle River, N.J']",1,1,0,0,496,496,['eng'],['Pearson/Prentice Hall'],"['0130995983', '0131711490']",2,[],[],['English'],2004.0,0.0,False
BOOK00499,Operations management,['James B. Dilworth'],7,1992,2000,English,1,False,"['nyu', 'enk', 'txu']",3,"['New York', 'Fort Worth', 'Maidenhead']",3,4,1,1,723,876,['eng'],"['South-Western College Pub', 'McGraw-Hill', 'Dryden Press', 'McGraw-Hill Co.']","['0030262070', '0070169888', '0071141375', '0070170215', '0071125841']",5,['9780030262074'],['Hardcover'],['English'],1992.0,0.0,False
BOOK00500,Strategic Operations Management,"['Steve Brown', 'John Bessant', 'Fu Jia']",9,2005,2018,English,1,False,[],0,[],0,3,9,0,426,534,['eng'],"['Taylor & Francis Group', 'Elsevier Butterworth-Heinemann', 'Routledge']",['1138566136'],1,"['9781351344203', '9781315123370', '9781351344210', '9781351344227', '9781136159718', '9781138566125', '9781138179929', '9780750663199', '9781138566132']",[],['English'],2005.0,0.0,False
BOOK00501,Operations management,"['Richard J. Schonberger', 'Edward M. Knod']",11,1981,1997,English,1,False,['xxu'],1,"['Homewood, IL', 'Plano, Tex', 'Boston, Mass', 'London', 'Burr Ridge, Ill']",5,5,6,2,240,926,['eng'],"['Richard D Irwin', 'Irwin', 'Business Publications', 'Business Pubns', 'Irwin/McGraw-Hill']","['0256137803', '0256098816', '0256082405', '0256024421', '025613779X', '025603074X', '0256118051', '0256112967', '0071146512', '0256112185', '0256156026', '0256058342', '0256118035']",13,"['9780256137804', '9780256137798', '9780256030747', '9780256118056', '9780256112962', '9780256118032']","['Hardcover', 'Paperback']",['English'],1981.0,0.0,False
BOOK00502,Principles of operations management,['Jay H. Heizer'],4,1999,2010,English,1,False,['nju'],1,"['Upper Saddle River, NJ', 'Upper Saddle River, N.J']",2,2,1,0,682,682,['eng'],"['Pearson Prentice Hall', 'Prentice Hall']","['0131865129', '0130958085', '0136114466', '0130271470']",4,['9780136114468'],[],['English'],1999.0,0.0,False
BOOK00503,Operations management,"['John O. McClain', 'L. Joseph Thomas', 'Joseph B. Mazzola']",6,1980,1992,English,1,False,['nju'],1,"['Englewood Cliffs, N.J']",1,4,1,1,677,1565,['eng'],"['Prentice Hall College Div', 'Prentice Hall', 'Prentice-Hall', 'Prentice-Hall/Ginn Press']","['0136361358', '0136376207', '0136375618', '0536579938']",4,['9780136361350'],['Hardcover'],['English'],1980.0,0.0,False
BOOK00504,Operations Management,"['Lee J. Krajewski', 'Larry P. Ritzman', 'Manoj K. Malhotra']",16,2005,2021,English,1,False,[],0,[],0,7,15,3,376,831,['eng'],"['Pearson', 'Pearson College Div', 'Brand: Prentice Hall', 'Pearson Learning Solutions', 'Pearson Education, Limited', 'Pearson Publishing', 'Pearson Prentice Hall']","['0132951819', '013411020X', '0558521991', '0536843538']",4,"['9780138009670', '9780134111056', '9780133872460', '9780132951814', '9780134110202', '9780558521998', '9781292093987', '9780273766940', '9781292409863', '9780536843531', '9780133071481', '9781292259987', '9781292093864', '9780132960557', '9780132940474']","['loose leaf', 'hardcover', 'paperback']",['English'],2005.0,0.0,False
BOOK00505,Operations management,"['Robert D. Reid', 'R. Dan Reid', 'Nada R. Sanders']",12,2003,2022,English,1,False,['nju'],1,"['Hoboken, N.J']",1,4,11,0,656,704,['eng'],"['Wiley & Sons, Incorporated, John', 'Wiley & Sons, Limited, John', 'Wiley', 'John Wiley']","['0471347248', '0471680060']",2,"['9780470565834', '9780470571385', '9781118378878', '9780470934500', '9780471428176', '9781119905523', '9781118952542', '9781119781363', '9781119497387', '9781118323632', '9780471347248']",[],['English'],2003.0,0.0,False
BOOK00506,Operations management,['David Barnes'],3,1996,2018,English,1,False,['xxk'],1,['London'],1,4,2,2,416,545,['eng'],"['Red Globe Press', 'Thomson Learning', 'Cengage Learning', 'Thames Valley University']","['1137525789', '1844805344']",2,"['9781137525789', '9781844805341']","['paperback', 'Paperback']",['English'],1996.0,0.0,False
BOOK00507,Operations Management,"['Heizer, Render, Munson']",1,2017,2017,,0,False,[],0,[],0,1,1,1,,,[],['Pearson'],['1292148632'],1,['9781292148632'],['paperback'],[],2017.0,0.0,False
BOOK00508,Operations Management,"['Jay Heizer', 'Barry Render', 'Chuck Munson']",10,2012,2024,English,1,False,[],0,[],0,2,8,0,706,930,['eng'],"['Pearson Education, Limited', 'Pearson']",[],0,"['9781292444895', '9781292472836', '9781292741185', '9781292478289', '9781292745558', '9781292338125', '9781292444901', '9781292444918']",[],['English'],2012.0,0.0,False
BOOK00509,Operations management,['William J. Stevenson'],2,2007,2007,,0,False,['nyu'],1,"['New York, N.Y', 'London']",2,2,1,0,903,903,[],"['mcgraw', 'McGraw-Hill']",['0071107541'],1,['9780071107549'],[],[],2007.0,0.0,False
BOOK00510,Essentials of Operations Management,"['Nigel Slack', 'Alistair Brandon-Jones', 'Robert Johnston']",4,2018,2023,English,1,False,[],0,[],0,2,4,0,480,480,['eng'],"['Pearson Education, Limited', 'Pearson Education Australia']",[],0,"['9781292449265', '9781292449227', '9781292449210', '9781292238845']",[],['English'],2018.0,0.0,False
BOOK00511,Production and operations management,['James B. Dilworth'],10,1979,1993,English,1,False,['nyu'],1,['New York'],1,5,4,1,618,800,['eng'],"['McGraw-Hill Education', 'Random House, Business Division', 'Random House Inc (T)', 'Random House', 'McGraw-Hill']","['0075576996', '0394383222', '0075548852', '0394322045', '0075573202', '007016987X', '0394351118', '039432868X']",8,"['9780075576990', '9780394383224', '9780075548850', '9780075573203']",['Hardcover'],['English'],1979.0,0.0,False
BOOK00512,Production and operations management,['Jay Heizer'],8,1988,1996,English,1,False,"['enk', 'xxu', 'xxk']",3,"['Upper Saddle River, N.J', 'London', 'Englewood Cliffs, N.J', 'Boston, Mass', 'Englewood Cliffs, NJ', 'Boston', 'Upper Saddle River,N.J', 'Upper Saddle River, NJ']",8,4,0,0,438,900,['eng'],"['Prentice Hall', 'Prentice-Hall International', 'Allyn & Bacon', 'Prentice-Hall']","['0134399854', '0131994239', '0134383427', '0132302284', '0205114113', '0205140483', '0205129293', '0134383672', '0134383591']",9,[],[],['English'],1988.0,0.0,False
BOOK00513,Operations Management,['Terry Hill'],5,2000,2005,English,1,False,['enk'],1,"['Hundmills, Basingstoke, Hampshire', 'Basingstoke']",2,2,3,2,256,832,['eng'],"['Palgrave Macmillan', 'Macmillan']","['140399112X', '1403934665', '1403992177', '0333775929']",4,"['9781403992178', '9781403934666', '9781403991126']","['Paperback', 'Hardcover']",['English'],2000.0,0.0,False
BOOK00514,Casino operations management,"['Jim Kilby', 'Jim Fox', 'Anthony F. Lucas']",7,1998,2008,English,1,False,['nyu'],1,['New York'],1,5,5,2,352,448,['eng'],"['Wiley & Sons, Incorporated, John', 'John Wiley & Sons', 'Wiley', 'John Wiley & Sons, Ltd.', 'John Wiley & Sons, Inc.']","['0470042850', '0471266329', '0471163902']",3,"['9780470232774', '9781280468421', '9780470042854', '9780471266327', '9780470073643']","['hardcover', 'Electronic resource']",['English'],1998.0,0.0,False
BOOK00515,"Foundations of Operations Management, Fourth Canadian Edition, 4/e","['Lee J. Krajewski (Author), Manoj K. Malhotra (Author) Larry P. Ritzman (Author)']",1,2015,2015,,0,False,[],0,[],0,1,1,1,480,480,[],['Pearson Canada'],['0133251667'],1,['9780133251661'],['paperback'],[],2015.0,0.0,False
BOOK00516,Modern Hotel Operations Management,"['Michael Chibili', 'Shane de Bruyn', 'Latifa Benhadda', 'Conrad Lashley', 'Saskia Penninga']",8,2017,2019,English,1,False,[],0,[],0,2,8,0,656,656,['eng'],"['Taylor & Francis Group', 'Routledge']",[],0,"['9781003022329', '9781000035995', '9781351217293', '9781138455511', '9781000035940', '9781000036046', '9781351217309', '9789001878900']",[],['English'],2017.0,0.0,False
BOOK00517,Cruise Operations Management,['Philip Gibson'],18,2006,2018,English,1,False,[],0,[],0,2,18,0,192,400,['eng'],"['Routledge', 'Taylor & Francis Group']",['0080456308'],1,"['9780080456300', '9781283458702', '9781280642562', '9781351379526', '9781315146485', '9781351379533', '9781351379540', '9781138505162', '9781138505179', '9780203129272', '9781136472695', '9781136472640', '9781136472671', '9781136472701', '9781136472657', '9781136412783', '9781136412776', '9781138143203']",[],['English'],2006.0,0.0,False
BOOK00518,Operations management for competitive advantage,['Richard B. Chase'],1,2004,2004,English,1,False,[],0,[],0,1,1,1,,,['eng'],['McGraw Hil'],['0072506423'],1,['9780072506426'],['Hardcover'],['English'],2004.0,0.0,False
BOOK00519,Project management for dummies,['Stanley E. Portny'],21,2008,2022,English,1,False,['nju'],1,"['Hoboken, N.J']",1,6,21,1,384,464,['eng'],"['Wiley & Sons Canada, Limited, John', 'Wiley & Sons, Incorporated, John', 'Wiley & Sons, Limited, John', 'For Dummies', 'Wiley', 'John Wiley & Sons']","['1119348900', '1118497236']",2,"['9781299449107', '9781282550698', '9781119176169', '9781118497227', '9781118050910', '9780470636510', '9780470636527', '9780470388914', '9781119869818', '9781119869917', '9781119869825', '9781118497135', '9781118497128', '9781119348924', '9781119348894', '9780470972991', '9780470972199', '9780470972984', '9780470636503', '9781119348900', '9781118497234']",['paperback'],['English'],2008.0,0.0,False
BOOK00520,Project Management,['Harvey Maylor'],11,1996,2021,English,1,False,"['ii', 'enk']",2,"['Delhi', 'Harlow, England', 'New York']",3,6,11,1,100,440,['eng'],"['Pearson Education, Limited', 'Pearson Education', 'Financial Times Prentice Hall', 'Financial Times/Prentice Hall', 'Trans-Atlantic Publications', 'FT Prentice Hall']","['8129705354', '1292237066', '0273655418', '0273612360', '0273704311', '0273638297']",6,"['9781292088440', '9780273641629', '9788129705358', '9780273623106', '9781292088433', '9781292237060', '9780273704324', '9780273655411', '9780273612360', '9780273704317', '9780273638292']",['Paperback'],['English'],1996.0,0.0,False
BOOK00521,Project management,['Harold Kerzner'],26,1979,2009,English,1,False,"['nju', 'nyu', 'ohu', 'xxu', 'xxk']",5,"['USA', 'Hoboken, NJ', 'New York', 'Berea, Ohio', 'Hoboken, N.J', 'London']",6,9,13,3,384,1760,['eng'],"['John Wiley & Sons, Inc.', 'Wiley', 'John Wiley & Sons Inc', 'John Wiley & Sons', 'John Wiley', 'Van Nostrand Reinhold', 'J. Wiley', 'John Wiley & Sons, Ltd.', 'Van Nostrand Reinhold Company']","['9780470278703', '0471225770', '0471436313', '0471344281', '0471281581', '0471393428', '0442010850', '0471751677', '0471347620', '0471741876', '0442019076', '0442248792', '0442243480', '047128159X', '0471286524', '0471288357', '0442025513', '0471395544', '0471347604', '0442207514']",20,"['9780471225775', '9780471436317', '9780471344285', '9780470278703', '9780471281580', '9780471347620', '9780470278710', '9780471281597', '9780471286523', '9780470164396', '9780471395546', '9780471288350', '9780471347606']","['Hardcover', 'Paperback', 'Electronic resource']",['English'],1979.0,0.0,False
BOOK00522,Software project management,['Bob Hughes'],2,1999,2009,English,1,False,['enk'],1,['London'],1,3,1,0,384,400,['eng'],"['McGraw-Hill Education', 'Mcgraw Hill Higher Education', 'McGraw-Hill']",['0077095057'],1,['9780077122799'],[],['English'],1999.0,0.0,False
BOOK00523,Project management,"['Jack R. Meredith', 'Samuel J. Mantel']",19,1985,2007,English,1,False,"['nyu', 'enk', 'nju', 'xxk']",4,"['New York', 'New York, N.Y', '[Great Britain]', 'Hoboken, N.J', 'Chichester']",5,5,11,2,494,1968,['eng'],"['Wiley', 'John Wiley & Sons', 'John Wiley and Sons (WIE)', 'John Wiley & Sons Inc', 'John Wiley']","['0471715379', '0471298298', '0471021563', '047150534X', '0007362196', '0471016268', '0470151145', '0471429074', '0471736260', '0471731811', '0470036567', '0471617873', '0471809640', '0471746142', '0471735833']",15,"['9780471715375', '9780471298298', '9780471021568', '9780471505341', '9780007362196', '9780470151143', '9780471736264', '9780471731818', '9780470036563', '9780471746140', '9780471735830']","['Paperback', 'Hardcover']",['English'],1985.0,0.0,False
BOOK00524,Project Management,['Erik W. Larson'],1,2011,2011,English,1,False,['nyu'],1,"['New York, USA']",1,1,1,0,608,608,['eng'],['McGraw-Hill Irwin'],['0073403342'],1,['9780073403342'],[],['English'],2011.0,0.0,False
BOOK00525,PMBOK Guide,['Project Management Institute'],1,2021,2021,English,1,False,[],0,[],0,1,1,0,,,['eng'],['Booksmith Publishing LLC'],[],0,['9781955245197'],[],['English'],2021.0,0.0,False
BOOK00526,Construction project management,"['Frederick E. Gould', 'Nancy Joyce']",14,1999,2024,English,1,False,['nju'],1,"['Upper Saddle River, N.J', 'Upper Saddle River, NJ']",2,7,10,2,357,432,['eng'],"['Prentice Hall', 'Pearson Books', 'Pearson Education', 'Pearson Education, Limited', 'Pearson', 'Brand: Prentice Hall', 'Pearson Prentice Hall']","['0136958591', '0130480541', '0132877244', '0131996231', '0130119954', '0130922803']",6,"['9780136958598', '9780137467204', '9780137467228', '9780133112054', '9780133034202', '9780135344934', '9780133451160', '9780132766876', '9780132877244', '9780131996236']","['hardcover', 'Hardcover']",['English'],1999.0,0.0,False
BOOK00527,Information Technology Project Management,['Kathy Schwalbe'],6,1999,2013,English,1,False,['mau'],1,"['Boston, Mass', 'Cambridge, Mass', 'Cambridge, Ma']",3,4,3,1,496,677,['eng'],"['Course Technology', 'Thomson/Course Technology', 'Cengage Learning', 'Thomson Course Technology']","['076001180X', '1423901452', '0619159847', '0619215267', '1418835900']",5,"['9780760011805', '9781423901457', '9781133526858']",['Paperback'],['English'],1999.0,0.0,False
BOOK00528,Construction project management,['Peter Fewings'],19,2005,2019,English,1,False,['enk'],1,"['London', 'New York']",2,4,18,0,432,624,['eng'],"['CRC Press LLC', 'Routledge', 'Taylor & Francis Group', 'Taylor & Francis']","['0415359066', '0415359058']",2,"['9781351122009', '9781351122030', '9781280267741', '9781283862615', '9781351122016', '9781351122023', '9780815358640', '9780815358657', '9781136827624', '9780203006986', '9781134242580', '9781134242597', '9781134242566', '9781134242542', '9781136827563', '9781136827570', '9781136827617', '9781136827594']",[],['English'],2005.0,0.0,False
BOOK00529,A Guide to the Project Management Body of Knowledge (PMBOK® Guide),['Project Management Institute'],4,2017,2017,English,1,False,[],0,"['Newtown Square, USA']",1,1,4,4,977,977,['eng'],['Project Management Institute'],[],0,"['9781628253924', '9781628253917', '9781628253900', '9781628251845']","['Web PDF', 'Kindle', 'ePub', 'Paperback']",['English'],2017.0,0.0,False
BOOK00530,Agile Project Management For Dummies,['Mark C. Layton'],13,2012,2025,English,1,False,[],0,[],0,5,13,0,360,496,['eng'],"['Wiley & Sons, Incorporated, John', 'Wiley & Sons, Limited, John', 'Wiley & Sons Canada, Limited, John', 'For Dummies', 'John Wiley & Sons']",[],0,"['9781394332113', '9781394332090', '9781394332106', '9781280675232', '9781118260746', '9781118235850', '9781118222140', '9781119677062', '9781119405733', '9781119405740', '9781119676997', '9781119677055', '9781118026243']",[],['English'],2012.0,0.0,False
BOOK00531,Project Management for the Unofficial Project Manager,"['Kory Kogon', 'Suzette Blakemore']",4,2015,2024,English,1,False,[],0,[],0,2,4,1,239,256,['eng'],"['BenBella Books', 'Franklin Covey Co.']",[],0,"['9781637740507', '9781637745267', '9781941631119', '9781941631102']",['Paperback'],['English'],2015.0,0.0,False
BOOK00532,Project Management,['Jeffrey K. Pinto'],6,2006,2010,English,1,False,"['mau', 'nju']",2,"['Boston', 'Upper Saddle River, N.J']",2,3,3,1,512,512,['eng'],"['Prentice Hall Professional Technical Reference', 'Prentice Hall', 'Pearson/Prentice Hall']","['0130092339', '0132229676', '0136065619']",3,"['9780130092335', '9780132229678', '9780136065616']",['Hardcover'],['English'],2006.0,0.0,False
BOOK00533,Effective project management,['Robert K. Wysocki'],23,2003,2019,English,1,False,['inu'],1,"['Indianapolis, Ind']",1,3,23,1,504,816,['eng'],"['Wiley & Sons, Incorporated, John', 'Wiley & Sons, Limited, John', 'Wiley']","['1119562805', '0470944870', '111801619X']",3,"['9781118179741', '9781118179758', '9781119562757', '9781306191319', '9781299314368', '9781282122024', '9781118012918', '9781280345210', '9781280900150', '9780470450888', '9781118082041', '9781119562733', '9781119562788', '9781118742105', '9781118729311', '9781118179734', '9781118080658', '9781118004975', '9780470121078', '9780471481089', '9781119562801', '9780470944875', '9781118016190']",['paperback'],['English'],2003.0,0.0,False
BOOK00534,TOTAL PROJECT MANAGEMENT The Indian Context,['P. K. Joy'],1,1993,1993,,0,False,[],0,['New Delhi'],1,1,0,0,380,380,[],"['Macmillan Publishers India Limited, 2/10 Ansari Road, Daryaganj, New Delhi - 110002']",['0333926242'],1,[],[],[],1993.0,0.0,False
BOOK00535,Project Management,"['Samuel E. Portny', 'Samuel J. Mantel', 'Jack R. Meredith', 'Scott M. Shafer', 'Margaret M. Sutton', 'Brian E. Kramer']",30,2002,2021,English,1,False,['nju'],1,"['[Hoboken, N.J.]', 'Hoboken, NJ']",2,3,30,1,480,608,['eng'],"['Wiley & Sons, Incorporated, John', 'Wiley', 'Wiley & Sons, Limited, John']","['0470400269', '1118945832', '1119369096', '0470111240']",4,"['9781119803812', '9781119146605', '9781119146629', '9781119034575', '9781119146612', '9780470182291', '9781119448211', '9781118616239', '9781119150619', '9781119013907', '9781118947029', '9781118093733', '9780470404393', '9780470635421', '9780470290873', '9780471444695', '9780471229698', '9781119928522', '9781118377369', '9781118379615', '9781118656860', '9780470577332', '9780470400265', '9781118945834', '9781119031956', '9781118945841', '9781119803836', '9781119586081', '9781119369097', '9780470174814']",['paperback'],['English'],2002.0,0.0,False
BOOK00536,Successful project management,"['Jack Gido', 'James P. Clements']",5,1999,2009,English,1,False,"['ohu', 'xxu']",2,"['Mason, OH', 'Cincinnati', 'Cincinnati,Ohio']",3,5,1,1,355,486,['eng'],"['South-Western College Pub', 'South-Western Cengage Learning', 'South-Western College Pub.', 'South-Western College Publishing', 'Thomson/South-Western']","['0324224281', '0324656130', '0324399812', '0538881526', '0324015038', '0324321783']",6,['9780324224283'],['Hardcover'],['English'],1999.0,0.0,False
BOOK00537,Project management,"['Avraham Shtub', 'Jonathan F. Bard', 'Shlomo Globerson']",9,1994,2018,English,1,False,"['cc', 'nju', 'xxu']",3,"['Beijing', 'Upper Saddle River, NJ', 'Englewood Cliffs, N.J', 'Englewood Cliffs, NJ']",4,6,5,2,634,736,['eng'],"['Pearson Education, Limited', 'Qing hua da xue chu ban she', 'Pearson', 'Prentice Hall', 'Pearson Prentice Hall', 'Prentice-Hall International']","['7302131996', '0134478665', '0130413313', '0131027654', '0135564581']",5,"['9781405826075', '9787302131991', '9780135306437', '9780134478661', '9780130413314']","['paperback', 'Paperback']",['English'],1994.0,0.0,False
BOOK00538,Information technology project management,"['Jack T. Marchewka', 'Jack R. Meredith', 'Samuel J. Mantel']",10,2002,2015,English,1,False,['nju'],1,"['Hoboken, NJ', 'Hoboken, N.J']",2,4,9,1,319,383,['eng'],"['Wiley & Sons, Incorporated, John', 'John Wiley', 'Wiley', 'John Wiley & Sons Ltd (Import)']","['0470409487', '0471426261', '0471392030', '0471455458', '0471715395']",5,"['9781119128441', '9781118656754', '9781118379288', '9781118377390', '9781118898215', '9780470409480', '9780471426264', '9780471455455', '9780471715399']",['Hardcover'],['English'],2002.0,0.0,False
BOOK00539,Successful Project Management,"['Jack Gido', 'Jim Clements', 'Rose Baker']",4,2008,2022,English,1,False,['xx'],1,['[Place of publication not identified]'],1,4,4,1,552,552,['eng'],"['Delmar Cengage Learning', 'South-Western', 'Cengage Learning', 'South-Western College Pub']","['0324594542', '1337095478']",2,"['9781337363853', '9780324594546', '9781285068374', '9781337095471']",['hardcover'],['English'],2008.0,0.0,False
BOOK00540,Project management,['Jeffrey K. Pinto'],7,2007,2019,English,1,False,['mau'],1,['Boston'],1,4,7,1,504,592,['eng'],"['Pearson Education, Limited', 'Pearson Higher Education & Professional Group', 'Pearson', 'Prentice Hall']","['0133798070', '0136065619']",2,"['9780134730332', '9780135097557', '9780136057666', '9781292269146', '9781292094793', '9780133798074', '9780136065616']",['hardcover'],['English'],2007.0,0.0,False
BOOK00541,Process Groups,['Project Management Institute'],11,2022,2023,English,1,False,[],0,[],0,1,11,0,,,['eng'],['Project Management Institute'],[],0,"['9781628257960', '9781628258028', '9781628258004', '9781628257922', '9781628257984', '9781628257946', '9781628257908', '9781628258073', '9781628258042', '9781628257847', '9781628257830']",[],['English'],2022.0,0.0,False
BOOK00542,The Fast Forward MBA in Project Management,['Eric Verzuh'],18,2005,2021,English,1,False,[],0,[],0,3,18,1,402,544,['eng'],"['Wiley & Sons, Incorporated, John', 'Wiley & Sons, Limited, John', 'Wiley']","['1119086574', '0471692840']",2,"['9781118147955', '9781281381989', '9781283332330', '9780470358658', '9780470374450', '9781118040317', '9781118010143', '9781119176350', '9781119700791', '9781119700807', '9781119700760', '9781119086673', '9781119086581', '9781118147962', '9781118147948', '9781119148227', '9781119086574', '9780471692843']",['paperback'],['English'],2005.0,0.0,False
BOOK00543,Project Management in Perspective,['Theuns Oosthuizen'],1,2018,2018,,0,False,[],0,[],0,1,1,1,552,552,[],['Oxford University Press'],['0195998138'],1,['9780195998139'],['paperback'],[],2018.0,0.0,False
BOOK00544,Project Management Techniques,['Rory Burke'],3,2013,2023,English,1,False,[],0,[],0,2,2,0,384,384,['eng'],"['R. Burke Publishing 5th ed', 'Burke Publishing']",[],0,"['9780994149237', '9780987668301']",[],['English'],2013.0,0.0,False
BOOK00545,Project Management,"['Erik W. Larson', 'Clifford F. Gray']",6,2000,2014,English,1,False,['nyu'],1,"['New York, NY']",1,3,4,1,496,686,['eng'],"['McGraw-Hill/Irwin', 'McGraw-Hill Education', 'Irwin McGraw-Hill']","['0072501383', '0072347864', '007365812X']",3,"['9780072501384', '9780072347869', '9780078096594', '9780073658124']",['Hardcover'],['English'],2000.0,0.0,False
BOOK00546,Project Management in Practice,"['Samuel J. Mantel', 'Jack R. Meredith', 'Scott M. Shafer', 'Margaret M. Sutton']",15,2000,2024,English,1,False,['nju'],1,"['Hoboken, N.J']",1,4,15,0,312,336,['eng'],"['Wiley & Sons, Incorporated, John', 'Wiley & Sons, Limited, John', 'Wiley', 'John Wiley & Sons Ltd']","['0470646209', '0471371629']",2,"['9781394252114', '9781394252138', '9781119703044', '9780470646205', '9781119329794', '9781119298854', '9781119919155', '9781119298632', '9781119298601', '9780470919910', '9781118377291', '9780470913635', '9781119938477', '9781118506639', '9780471371625']",[],['English'],2000.0,0.0,False
BOOK00547,Construction project management,['Alison Dykstra'],3,2011,2023,English,1,False,['cau'],1,['San Francisco'],1,3,3,1,402,480,['eng'],"['Kirshner Publishing Company, Incorporated', 'Kirshner Books', 'Kirshner Pub.']","['0982703430', '098270349X']",2,"['9780982703458', '9780982703434', '9780982703496']",['hardcover'],['English'],2011.0,0.0,False
BOOK00548,Project management,"['Clifford F. Gray', 'Erik W. Larson']",4,2002,2003,English,1,False,[],0,[],0,4,4,1,1,589,['eng'],"['Irwin/McGraw-Hill', 'McGraw-Hill Education', 'McGraw-Hill Irwin', 'McGraw-Hill/Irwin']","['0072493925', '0071213406', '0071195238', '0072833483']",4,"['9780072493924', '9780071213400', '9780071195232', '9780072833485']",['Hardcover'],['English'],2002.0,0.0,False
BOOK00549,Contemporary Project Management,"['Timothy Kloppenborg', 'Kathryn Wells', 'Vittal S. Anantatmula']",3,2012,2022,English,1,False,[],0,[],0,3,3,0,480,576,['eng'],"['South-Western College Pub', 'Cengage Learning', 'Cengage South-Western']",['0538477016'],1,"['9780538477017', '9780357715734', '9781337406451']",[],['English'],2012.0,0.0,False
BOOK00550,The Fast Forward MBA in Project Management,['Eric Verzuh'],7,1999,2008,English,1,False,"['nju', 'nyu']",2,"['Hoboken, N.J', 'New York']",2,4,4,2,332,480,['eng'],"['Wiley', 'John Wiley & Sons', 'John Wiley & Sons, Ltd.', 'J. Wiley']","['0471325465', '0471692840']",2,"['9780471325468', '9780470247891', '9780470374436', '9780471721765']","['Paperback', 'Electronic resource']",['English'],1999.0,0.0,False
BOOK00551,"Project Management for Engineering, Business and Technology","['John M. Nicholas', 'Herman Steyn']",14,2012,2025,English,1,False,[],0,[],0,3,14,0,698,792,['eng'],"['Routledge, Chapman & Hall, Incorporated', 'Taylor & Francis Group', 'Routledge']",[],0,"['9781032667744', '9781032665887', '9781315676319', '9781317384786', '9781283606356', '9781136003141', '9780367277307', '9780367277345', '9781317384793', '9781317384809', '9781000092462', '9781000092561', '9781000092516', '9780429297588']",[],['English'],2012.0,0.0,False
BOOK00552,Project Management,"['Clifford F. Gray', 'Erik W. Larson']",5,2002,2024,English,1,False,[],0,[],0,5,4,1,380,704,['eng'],"['McGraw-Hill Companies, The', 'Unknown Publisher', 'McGraw-Hill Education', 'McGraw Hill', 'McGraw-Hill']",['0071376011'],1,"['9781265060886', '9789354602078', '9781260238860', '9780071376013']",['Hardcover'],['English'],2002.0,0.0,False
BOOK00553,Project management for healthcare,['David Shirley'],15,2011,2024,English,1,False,['flu'],1,['Boca Raton'],1,2,15,0,254,283,['eng'],"['Taylor & Francis Group', 'Francis & Taylor/CRC Press']",[],0,"['9781032548463', '9781032548470', '9781040034682', '9781040034675', '9781032474793', '9780367252014', '9781322626208', '9781003018148', '9780429104251', '9781000029819', '9781000755275', '9781466508941', '9781439819548', '9781000029796', '9781439819531']",[],['English'],2011.0,0.0,False
BOOK00554,"Project management metrics, KPIs, and dashboards",['Harold Kerzner'],14,2011,2022,English,1,False,['nju'],1,[],0,5,14,1,384,448,['eng'],"['Wiley & Sons, Incorporated, John', 'Wiley & Sons, Limited, John', 'Wiley', 'John Wiley & Sons, Inc.', 'Brand: Wiley']","['1119427282', '1118524667']",2,"['9781283203876', '9781119427599', '9781119851592', '9781119851578', '9781119851561', '9781119851554', '9781118658970', '9781119427506', '9781119427322', '9781118658994', '9781118658956', '9781118084755', '9781119427285', '9781118524664']",['paperback'],['English'],2011.0,0.0,False
BOOK00555,Project management,"['David L. Cleland', 'Lewis R. Ireland']",2,2006,2006,English,1,False,[],0,[],0,1,1,1,523,523,['eng'],['McGraw-Hill Professional'],['007147160X'],1,['9780071471602'],['Hardcover'],['English'],2006.0,0.0,False
BOOK00556,Project Management,"['Erik W. Larson', 'Clifford Gray']",3,2013,2017,English,1,False,[],0,[],0,2,3,1,672,688,['eng'],"['McGraw-Hill Education', 'McGraw-Hill Australia']",['1259666093'],1,"['9781259186400', '9781743071809', '9781259666094']",['hardcover'],['English'],2013.0,0.0,False
BOOK00557,Agile Project Management with Scrum (Microsoft Professional),['Ken Schwaber'],2,2004,2007,English,1,False,['nyu'],1,['Redmond'],1,1,2,2,350,350,['eng'],['Microsoft Press'],['073561993X'],1,"['9780735619937', '9780735691315']","['Paperback', 'Electronic resource']",['English'],2004.0,0.0,False
BOOK00558,The art of project management,['Scott Berkun'],3,2005,2005,English,1,False,"['cc', 'cau']",2,"['Beijing', 'Sebastopol, CA']",2,2,1,0,374,488,['eng'],"[""O'Reilly Media, Incorporated"", ""O'Reilly""]",['0596007868'],1,['9781600330537'],[],['English'],2005.0,0.0,False
BOOK00559,A guide to the project management body of knowledge (PMBOK guide),['Project Management Institute'],2,2000,2003,English,1,False,['pau'],1,"['Newtown Square, Penn., USA']",1,1,1,1,157,216,['eng'],['Project Management Institute'],"['1930699107', '1880410222', '1880410230']",3,['9781930699106'],['Spiral-bound'],['English'],2000.0,0.0,False
BOOK00560,The Deadline,['Tom DeMarco'],2,1997,1997,English,1,False,['nyu'],1,['New York'],1,2,1,1,310,320,['eng'],"['Dorset House Publishing Company, Incorporated', 'Dorset House Pub.']",['0932633390'],1,['9780932633392'],['Paperback'],['English'],1997.0,0.0,False
BOOK00561,Project Management Absolute Beginner's Guide,['Greg Horine'],8,2012,2022,English,1,False,[],0,[],0,5,8,1,448,448,['eng'],"['Pearson Education, Limited', 'Que Publishing', 'QUE', 'Que', 'imusti']","['0789756757', '0789750104']",2,"['9780137647002', '9780137647040', '9780133115581', '9780137646951', '9780134653907', '9780134653983', '9780789756756', '9780789750105']",['paperback'],['English'],2012.0,0.0,False
BOOK00562,Project management in construction,['Sidney M. Levy'],7,1987,2002,English,1,False,['nyu'],1,['New York'],1,4,2,1,290,427,['eng'],"['McGraw-Hill', 'McGraw Hill', 'McGraw-Hill Professional', 'McGraw-Hill Companies']","['0070374694', '0071342303', '0071395873', '0070375909']",4,"['9780071395878', '9780071342308']",['Hardcover'],['English'],1987.0,0.0,False
BOOK00563,Project management,['Paul C. Tinnirello'],6,2000,2017,English,1,False,['flu'],1,['Boca Raton'],1,2,6,0,491,506,['eng'],"['Taylor & Francis Group', 'Auerbach']",['084939998X'],1,"['9781351358668', '9781351358682', '9781351358675', '9780203710739', '9781138105621', '9780849399985']",[],['English'],2000.0,0.0,False
BOOK00564,Project management for dummies,['Stanley E. Portny'],4,2000,2007,English,1,False,"['nju', 'inu', 'nyu']",3,"['Hoboken, N.J', 'Hoboken, NJ', 'New York']",3,4,3,2,350,366,['eng'],"['John Wiley', 'For Dummies', 'Wiley Publishing', 'John Wiley & Sons, Ltd.']","['0470049235', '076455283X']",2,"['9780470049235', '9780764552830', '9780470126554']","['Paperback', 'Electronic resource']",['English'],2000.0,0.0,False
BOOK00565,Making Things Happen,['Scott Berkun'],5,2008,2008,English,1,False,[],0,[],0,3,4,1,392,400,['eng'],"[""O'Reilly Media, Incorporated"", 'Oreilly & Associates Inc', ""O'Reilly Media, Inc.""]",['0596517718'],1,"['9780596555399', '9781306814751', '9780596522247', '9780596517717']",['Paperback'],['English'],2008.0,0.0,False
BOOK00566,Performance management,['Michael Armstrong'],8,1994,2006,English,1,False,"['enk', 'nyu']",2,['London'],1,5,3,3,216,466,['eng'],"['State Mutual Book & Periodical Service,', 'Kogan Page Limited', 'Kogan Page', 'Kogan Page Publishers', 'Chartered Institute of Personnel and Development']","['0852927274', '0749445378', '0749447923', '0749412429', '0749426284']",5,"['9780852927274', '9780749412425', '9780749426286']","['Paperback', 'Electronic resource', 'Library Binding']",['English'],1994.0,0.0,False
BOOK00567,Performance Management,['Linda Ashdown'],4,2014,2018,English,1,False,[],0,[],0,3,4,1,202,224,['eng'],"['Kogan Page, Limited', 'Kogan Page Ltd', 'Kogan Page']","['0749469978', '0749483377']",2,"['9780749483388', '9780749469986', '9780749469979', '9780749483371']",['paperback'],['English'],2014.0,0.0,False
BOOK00568,Performance Management,"['Aubrey C. Daniels', 'Jon S. Bailey']",1,2014,2014,English,1,False,[],0,[],0,1,1,1,344,344,['eng'],['Performance Management Publications'],['0937100250'],1,['9780937100257'],['hardcover'],['English'],2014.0,0.0,False
BOOK00569,Performance management systems,['Arup Varma'],13,2008,2023,English,1,False,['enk'],1,"['Abingdon [England]', 'New York, NY']",2,4,14,1,224,276,['eng'],"['Taylor & Francis Group', 'SAGE Publications, Limited', 'SAGE Publications Ltd', 'Routledge']",['1473975743'],1,"['9781000890679', '9781000890693', '9781032308180', '9781032308173', '9781135982287', '9780203885673', '9781135982331', '9781135982324', '9781135982300', '9781281786753', '9781473975750', '9781473975743', '9780415771771', '9780415771764']",['hardcover'],['English'],2008.0,0.0,False
BOOK00570,Performance management,['Herman Aguinis'],3,2005,2009,English,1,False,['nju'],1,"['Upper Saddle River, NJ', 'Upper Saddle River, N.J']",2,3,1,1,296,312,['eng'],"['Pearson Education', 'Pearson Prentice Hall', 'Prentice Hall']","['013186615X', '0136151752']",2,['9780136151753'],['Hardcover'],['English'],2005.0,0.0,False
BOOK00571,Financial planning & analysis and performance management,['Jack Alexander'],1,2018,2018,English,1,False,['nju'],1,[],0,1,1,0,612,612,['eng'],['Wiley'],['1119491487'],1,['9781119491484'],[],['English'],2018.0,0.0,False
BOOK00572,Performance management,['Jacky Holloway'],2,2008,2014,English,1,False,['enk'],1,"['Houndmills, Basinstoke, Hampshire', 'New York']",2,1,1,0,331,331,['eng'],['Palgrave Macmillan'],['1403947619'],1,['9781283182164'],[],['English'],2008.0,0.0,False
BOOK00573,Managing performance,"['Michael Armstrong', 'Angela Baron']",2,2005,2007,English,1,False,['enk'],1,['London'],1,3,1,1,182,192,['eng'],"['Chartered Institute of Personnel & Development', 'Chartered Institute of Personnel and Development', 'Institute of Personnel and Development']",['1843981017'],1,['9781843981015'],['Paperback'],['English'],2005.0,0.0,False
BOOK00574,Handbook of corporate performance management,['Mike Bourne'],6,2011,2016,English,1,False,['nju'],1,"['Hoboken, NJ']",1,3,6,0,280,280,['eng'],"['Wiley & Sons, Incorporated, John', 'Wiley & Sons, Limited, John', 'Wiley']",[],0,"['9781283274081', '9781119283478', '9781119960393', '9781119960386', '9781119953470', '9780470669365']",[],['English'],2011.0,0.0,False
BOOK00575,Strategic Performance Management,['Ralph W. Adler'],8,2018,2022,English,1,False,[],0,[],0,2,8,0,216,216,['eng'],"['Taylor & Francis Group', 'Routledge']",[],0,"['9781003267195', '9781000787740', '9781000787719', '9781351204002', '9781351204019', '9781351204026', '9781351204033', '9781138945791']",[],['English'],2018.0,0.0,False
BOOK00576,Performance management,['A. S. Kohli'],1,2008,2008,English,1,False,['enk'],1,"['Oxford', 'New York']",2,2,1,0,511,511,['eng'],"['Oxford Univ Press', 'Oxford University Press']",['019569337X'],1,['9780195693379'],[],['English'],2008.0,0.0,False
BOOK00577,Employee engagement through effective performance management,['Edward M. Mone'],12,2010,2018,English,1,False,['nyu'],1,"['New York, NY']",1,3,13,0,238,272,['eng'],"['Taylor & Francis Group', 'Routledge', 'Routledge/Taylor & Francis Group']",[],0,"['9781317235279', '9781315626529', '9781306482615', '9781317235293', '9781317235286', '9781317821724', '9781317821700', '9781317821717', '9781315820057', '9781138648272', '9781138648289', '9781848728219', '9781848728202']",[],['English'],2010.0,0.0,False
BOOK00578,Performance Management,['T. V. Rao'],4,2016,2024,English,1,False,[],0,[],0,2,4,0,332,332,['eng'],"['Routledge', 'SAGE Publications India Pvt, Ltd.']",[],0,"['9781032671635', '9781032607443', '9789351507291', '9789351507307']",[],['English'],2016.0,0.0,False
BOOK00579,Performance management,['Ralph R Smith'],3,1996,2002,English,1,False,[],0,[],0,1,3,1,66,74,['eng'],"['FPMI Communications, Inc']","['0936295880', '1930542240', '0936295651']",3,"['9780936295886', '9781930542242', '9780936295657']",['Unknown Binding'],['English'],1996.0,0.0,False
BOOK00580,ACCA Performance Management,['BPP Learning Media'],2,2022,2022,English,1,False,[],0,[],0,1,2,0,,,['eng'],['BPP Learning Media'],[],0,"['9781509746569', '9781509744596']",[],['English'],2022.0,0.0,False
BOOK00581,Armstrong's Handbook of Performance Management,['Michael Armstrong'],5,2014,2022,English,1,False,[],0,[],0,2,5,1,272,416,['eng'],"['Kogan Page, Limited', 'Kogan Page']",['1398603023'],1,"['9781398603042', '9780749481216', '9780749470302', '9781398603028', '9780749470296']",['paperback'],['English'],2014.0,0.0,False
BOOK00582,Enterprise Performance Management Done Right,['Ron Dimon'],6,2013,2013,English,1,False,[],0,[],0,4,6,0,186,208,['eng'],"['Wiley & Sons, Limited, John', 'Wiley & Sons, Incorporated, John', 'John Wiley & Sons', 'John Wiley & Sons, Inc.']",[],0,"['9781118636268', '9781299314771', '9781118434352', '9781118420669', '9781118417133', '9781118370759']",[],['English'],2013.0,0.0,False
BOOK00583,Armstrong's handbook of performance management,['Michael Armstrong'],2,2009,2009,English,1,False,"['nyu', 'enk']",2,['London'],1,2,2,1,382,382,['eng'],"['Kogan Page Publishers', 'Kogan Page']",[],0,"['9780749458423', '9780749453923']",['Electronic resource'],['English'],2009.0,0.0,False
BOOK00584,Performance Management,"['Madhu Arora', 'Poonam Khurana', 'Sonam Choiden']",5,2020,2020,English,1,False,[],0,[],0,1,5,0,204,216,['eng'],['Taylor & Francis Group'],[],0,"['9781000175134', '9781000175110', '9781003089308', '9781000175127', '9780367466671']",[],['English'],2020.0,0.0,False
BOOK00585,IT performance management,['Peter Wiggers'],8,2004,2012,English,1,False,['enk'],1,"['Oxford', 'Burlington, Mass']",2,3,7,1,289,304,['eng'],"['Routledge', 'Taylor & Francis Group', 'Elsevier Butterworth-Heinemann']",['1417507810'],1,"['9781281003201', '9781136390753', '9780080473178', '9781136390807', '9781136390791', '9781136390746', '9781136390777']",['[electronic resource] /'],['English'],2004.0,0.0,False
BOOK00586,Intranet performance management,['Kornel Terplan'],5,2000,2022,English,1,False,['flu'],1,"['Boca Raton, Fl']",1,2,4,0,316,316,['eng'],"['CRC Press LLC', 'CRC Press']",['0849392004'],1,"['9781351437318', '9780203750254', '9781351437332', '9781351437325']",[],['English'],2000.0,0.0,False
BOOK00587,Performance management,['Robert Bacal'],1,1999,1999,English,1,False,['nyu'],1,['New York'],1,1,0,0,208,208,['eng'],['McGraw-Hill'],['0070718660'],1,[],[],['English'],1999.0,0.0,False
BOOK00588,ACCA P5 Advanced Performance Management,['BPP Learning Media'],2,2017,2017,English,1,False,[],0,[],0,1,2,0,674,674,['eng'],['BPP Learning Media'],[],0,"['9781509708475', '9781509708659']",[],['English'],2017.0,0.0,False
BOOK00589,Performance management,['Michael D. McMaster'],2,1986,1994,English,1,False,['oru'],1,"['Portland, Or']",1,2,1,1,302,302,['eng'],"['Metamorphous Press', 'Meramorphosus Press']",['0943920698'],1,['9780943920696'],['Paperback'],['English'],1986.0,0.0,False
BOOK00590,Performance Management in Nonprofit Organizations,"['Zahirul Hoque', 'Lee Parker']",7,2014,2018,English,1,False,[],0,[],0,2,7,0,440,463,['eng'],"['Taylor & Francis Group', 'Routledge']",[],0,"['9781322192963', '9781317658405', '9781315765761', '9781317658412', '9781317658429', '9781138339941', '9781138787988']",[],['English'],2014.0,0.0,False
BOOK00591,Performance Management in the Public Sector,"['Van Dooren Wouter', 'Wouter Van Dooren', 'Geert Bouckaert', 'John Halligan']",6,2015,2025,English,1,False,[],0,[],0,2,6,0,228,241,['eng'],"['Routledge, Chapman & Hall, Incorporated', 'Taylor & Francis Group']",['1315817594'],1,"['9781032186368', '9781317814146', '9781315817590', '9781317814153', '9781317814160', '9781322982816']",[],['English'],2015.0,0.0,False
BOOK00592,Performance Management,['Susan Hutchinson'],2,2013,2014,English,1,False,[],0,[],0,3,2,0,344,344,['eng'],"['Kogan Page, Limited', 'Chartered Institute of Personnel & Development', 'CIPD - Kogan Page']",[],0,"['9781843983286', '9781843983057']",[],['English'],2013.0,0.0,False
BOOK00593,Performance management,['Robert Bacal'],1,2012,2012,English,1,False,['nyu'],1,['New York'],1,1,1,0,209,209,['eng'],['McGraw-Hill'],['0071772251'],1,['9780071772259'],[],['English'],2012.0,0.0,False
BOOK00594,Performance management,"['Brian J. Hall', 'Richard Luecke']",3,2006,2006,English,1,False,['mau'],1,"['Boston, Mass']",1,1,1,1,152,153,['eng'],['Harvard Business School Press'],['1591398428'],1,['9781591398424'],['Paperback'],['English'],2006.0,0.0,False
BOOK00595,HBR guide to performance management,['HBR'],1,2017,2017,English,1,False,['mau'],1,[],0,1,1,0,244,244,['eng'],['Harvard Business Review Press'],['1633692787'],1,['9781633692787'],[],['English'],2017.0,0.0,False
BOOK00596,Performance Management,['Michael Armstrong'],1,2006,2006,,0,False,[],0,[],0,1,1,1,224,224,[],['Kogan Page Ltd'],['0749444878'],1,['9780749444877'],['Paperback'],[],2006.0,0.0,False
BOOK00597,Strategic Planning and Performance Management,['Graham Kenny'],7,2012,2014,English,1,False,['xx'],1,['Hoboken'],1,3,7,1,240,285,['eng'],"['Routledge', 'Taylor & Francis Group', 'Taylor & Francis']",['0080474462'],1,"['9781283546270', '9781136362125', '9781136362170', '9781136362163', '9781136362118', '9781136362149', '9780080474465']",['[electronic resource]'],['English'],2012.0,0.0,False
BOOK00598,Organizational behaviour,['Richard Pettinger'],7,2009,2013,English,1,False,['nyu'],1,"['New York, NY']",1,2,9,0,580,580,['eng'],"['Taylor & Francis Group', 'Routledge']",[],0,"['9781135158200', '9781299623286', '9781135158248', '9781135158255', '9781135158194', '9781135158224', '9780415481427', '9780415481434', '9780203857595']",[],['English'],2009.0,0.0,False
BOOK00599,Global Performance Management (Global HRM),['Arup; Bu Varma'],3,2007,2008,English,1,False,['enk'],1,"['Abingdon [England]', 'New York, NY']",2,1,2,2,304,304,['eng'],['Routledge'],"['0415771773', '0415771765']",2,"['9780415771771', '9780415771764']","['Paperback', 'Hardcover']",['English'],2007.0,0.0,False
BOOK00600,ACCA F5 Performance Management,['BPP Learning Media'],3,2015,2017,English,1,False,[],0,[],0,1,3,0,,,['eng'],['BPP Learning Media'],[],0,"['9781509708703', '9781472727015', '9781472744524']",[],['English'],2015.0,0.0,False
BOOK00601,ACCA F5 Performance Management,['BPP Learning Media'],2,2017,2017,English,1,False,[],0,[],0,1,2,0,354,354,['eng'],['BPP Learning Media'],[],0,"['9781509708529', '9781509708574']",[],['English'],2017.0,0.0,False
BOOK00602,Case Studies in Performance Management,['Tony C. Adkins'],6,2006,2015,English,1,False,"['nju', 'nyu']",2,"['Hoboken, N.J', 'New York']",2,5,5,1,238,272,['eng'],"['Wiley & Sons, Limited, John', 'Wiley & Sons, Incorporated, John', 'J. Wiley', 'Wiley', 'John Wiley & Sons, Ltd.']",['0471776599'],1,"['9781119202875', '9781280448140', '9780470327012', '9780471776598', '9780471792826']",['Electronic resource'],['English'],2006.0,0.0,False
BOOK00603,Performance management,['Michael D. McMaster'],6,1983,1994,English,1,False,"['oru', 'wau', 'xxu']",3,"['Portland, Or', 'Bellevue, Washington', 'Lake Oswego, OR']",3,4,2,2,302,320,['eng'],"['Metamorphous Press', 'Metamorphous Press,U.S.', 'Precision Models, Inc.', 'Grinder Resource Center']","['1555520413', '0943920280', '9960541446', '096054142X']",4,"['9780943920283', '9780960541423']","['Paperback', 'Hardcover']",['English'],1983.0,0.0,False
BOOK00604,ACCA Performance Management,['BPP Learning Media'],1,2024,2024,English,1,False,[],0,[],0,1,1,0,,,['eng'],['BPP Learning Media'],[],0,['9781035514489'],[],['English'],2024.0,0.0,False
BOOK00605,Performance Management for Dummies,"['Dummies Staff', 'Herman Aguinis']",3,2019,2019,English,1,False,[],0,[],0,1,3,0,360,368,['eng'],"['Wiley & Sons, Incorporated, John']",[],0,"['9781119557661', '9781119557715', '9781119557654']",[],['English'],2019.0,0.0,False
BOOK00606,Performance Management (Acca),['Kaplan Publishing'],1,2006,2006,,0,False,[],0,[],0,1,1,1,,,[],['Kaplan Publishing Foulks Lynch'],['1847100368'],1,['9781847100368'],['Paperback'],[],2006.0,0.0,False
BOOK00607,Performance Management,['Gary Cokins'],11,2004,2015,English,1,False,['nyu'],1,['New York'],1,6,8,2,240,347,['eng'],"['Gestión 2000', 'Gestion 2000', 'Wiley & Sons, Limited, John', 'Wiley & Sons, Incorporated, John', 'John Wiley & Sons, Ltd.', 'Wiley']","['8480889942', '0471576905']",2,"['9788480889940', '9781119205548', '9781282491687', '9781299186347', '9780470471166', '9780470471197', '9780471654766', '9780471576907']","['paperback', 'Electronic resource']",['English'],2004.0,0.0,False
BOOK00608,Strategic Performance Management,"['Bernard Marr', 'Dina Gray']",7,2012,2012,English,1,False,[],0,[],0,2,7,0,240,240,['eng'],"['Routledge', 'Taylor & Francis Group']",[],0,"['9781281006363', '9781136362194', '9780080493114', '9781136362248', '9781136362231', '9781136362187', '9781136362217']",[],['English'],2012.0,0.0,False
BOOK00609,Performance management,['Aubrey C. Daniels'],2,1989,2017,English,1,False,[],0,[],0,2,2,1,30,250,['eng'],"['CreateSpace Independent Publishing Platform', 'Performance Management Publications']",['0937100013'],1,"['9781548981396', '9780937100011']",['Hardcover'],['English'],1989.0,0.0,False
BOOK00610,Teach Yourself Performance Management,['Phil Baguley'],1,2003,2003,,0,False,[],0,[],0,1,1,1,192,192,[],['Teach Yourself'],['034087614X'],1,['9780340876145'],['Paperback'],[],2003.0,0.0,False
BOOK00611,Innovative Corporate Performance Management,['Bob Paladino'],5,2010,2015,English,1,False,[],0,[],0,2,5,0,432,432,['eng'],"['Wiley & Sons, Limited, John', 'Wiley & Sons, Incorporated, John']",[],0,"['9781119200499', '9781283916226', '9780470912591', '9780470912607', '9780470912614']",[],['English'],2010.0,0.0,False
BOOK00612,HR networking,['Lisa R. Franke'],1,2004,2004,English,1,False,['ilu'],1,"['Chicago, Ill']",1,1,0,0,299,299,['eng'],['CCH'],['0808011405'],1,[],[],['English'],2004.0,0.0,False
BOOK00613,Reengineering performance management,['Tracey Bernstein Weiss'],1,1997,1997,English,1,False,['flu'],1,"['Boca Raton, Fla']",1,1,0,0,227,227,['eng'],['St. Lucie Press'],['1574440411'],1,[],[],['English'],1997.0,0.0,False
BOOK00614,Implementing Performance Management,['Joan Dean'],6,2003,2017,English,1,False,[],0,[],0,2,6,0,,,['eng'],"['Routledge', 'Taylor & Francis Group']",[],0,"['9781280068966', '9781134477746', '9780203218297', '9781134477791', '9781134477784', '9781138466234']",[],['English'],2003.0,0.0,False
BOOK00615,Human resource management,"['H. John Bernardin', 'Joyce E. A. Russell']",12,1992,2012,English,1,False,"['cau', 'enk', 'nyu', 'mau']",4,"['Boston', 'New York, NY', 'New York', 'Boston, Mass']",4,6,7,3,435,736,['eng'],"['McGraw-Hill Learning Solutions', 'McGraw-Hill Europe', 'McGraw-Hill Companies', 'McGraw-Hill/Irwin', 'McGraw-Hill', 'Irwin/McGraw-Hill']","['0077330269', '0071326189', '0070058466', '0072432357', '0070049165', '0073381438', '0072987251', '0071123016']",8,"['9780077330262', '9780071326186', '9780070058460', '9780072432350', '9780073381435', '9780072987256', '9780071123013']","['paperback', 'Paperback', 'Hardcover']",['English'],1992.0,0.0,False
BOOK00616,Human resource management,"['Robert L. Mathis', 'John Harold Jackson']",8,1999,2019,English,1,False,['ohu'],1,"['Cincinnati, Ohio']",1,4,7,1,192,736,['eng'],"['Cengage South-Western', 'Cengage Learning', 'South-Western College Pub.', 'Thomson South-Western']",['0324002076'],1,"['9780357033852', '9781305500709', '9781305115248', '9781285061092', '9781133953104', '9780538481700', '9780324002072']",['Paperback'],['English'],1999.0,0.0,False
BOOK00617,Fundamentals of human resource management,['David A. DeCenzo'],14,2005,2021,English,1,False,['nju'],1,"['Hoboken, NJ']",1,5,13,1,384,1088,['eng'],"['Wiley & Sons, Incorporated, John', 'Wiley & Sons, Limited, John', 'Wiley', 'Wiley & Sons Canada, Limited, John', 'John Wiley & Sons Inc']","['047000794X', '0470126426', '0471656801', '0471660795']",4,"['9781119158905', '9781119158851', '9781119227434', '9780470894446', '9781118142516', '9780470571712', '9780470565919', '9781118090886', '9781119158783', '9781119803744', '9781119032748', '9780470007945', '9780470126424']",['Paperback'],['English'],2005.0,0.0,False
BOOK00618,Human Resource Management,['Gary Dessler'],12,1999,2019,English,1,False,[],0,[],0,2,12,0,6,99998,['eng'],"['Pearson Education, Limited', 'Pearson Education']",[],0,"['9780135172780', '9780133545692', '9780133029864', '9780132669184', '9780273766025', '9780273750819', '9780273748151', '9780136106050', '9780138142735', '9780132548601', '9780131276772', '9780130156709']",[],['English'],1999.0,0.0,False
BOOK00619,Human resource management,"['Greg L. Stewart', 'Kenneth G. Brown']",16,2008,2019,English,1,False,['nju'],1,"['Hoboken, NJ']",1,5,15,2,624,656,['eng'],"['Wiley & Sons, Incorporated, John', 'Wiley & Sons, Limited, John', 'Wiley & Sons Canada, Limited, John', 'Wiley', 'John Wiley & Sons']","['0470926600', '0471717517']",2,"['9781119492177', '9780470383315', '9780470552988', '9781118582923', '9781118139820', '9780470914052', '9781118139813', '9781118487044', '9781118142813', '9780470926260', '9781118801260', '9781119492986', '9781118582800', '9780470926604', '9780471717515']","['loose leaf', 'Hardcover']",['English'],2008.0,0.0,False
BOOK00620,Human resource management,"['John Bratton', 'Jeffrey Gold']",17,1994,2021,English,1,False,"['xxu', 'nju', 'enk']",3,"['New York', 'Mahwah, NJ', 'Basingstoke', 'Houndmills, Basingstoke, Hampshire']",4,7,13,3,342,1039,['eng'],"['Bloomsbury UK', 'Taylor & Francis Group', 'Palgrave Macmillan Limited', 'Palgrave Macmillan', 'Palgrave MacMillan', 'Macmillian Business', 'Macmillan']","['1137000953', '1137586680', '1349273252', '0333732073', '0333993268', '033399325X', '0805838627', '0333588762', '0333588770']",9,"['9781137000958', '9781137586681', '9781349273256', '9781135647452', '9781135647445', '9781352012606', '9781352013030', '9780585382562', '9781410605474', '9781137572592', '9780333732076', '9780333993262', '9780333993255']","['hardcover', 'Paperback', 'Hardcover']",['English'],1994.0,0.0,False
BOOK00621,Human resources management,['Wendell L. French'],6,1986,2006,English,1,False,['mau'],1,['Boston'],1,3,1,0,667,800,['eng'],"['Houghton Mifflin Co.', 'Houghton Mifflin Company', 'Houghton Mifflin']","['0395433282', '0395356628', '0395472784', '0618123350', '0618507213', '0395871328']",6,['9780618507214'],[],['English'],1986.0,0.0,False
BOOK00622,Human resource management,['Gary Dessler'],2,2003,2003,English,1,False,['nju'],1,"['Upper Saddle River, N.J']",1,2,2,0,558,558,['eng'],"['Prentice Hall', 'Pearson College Div']","['0130664928', '0130452653']",2,"['9780130664921', '9780130452658']",[],['English'],2003.0,0.0,False
BOOK00623,Human resource management,['Lloyd L. Byars'],7,1987,2008,English,1,False,"['mau', 'ilu', 'enk']",3,"['Boston', 'Burr Ridge, Ill', 'Chicago', 'London', 'Homewood, IL', 'Homewood, Ill']",6,3,1,0,415,560,['eng'],"['McGraw-Hill/Irwin', 'Irwin', 'McGraw-Hill']","['0073530255', '0256116458', '0072987286', '0256201935', '0071151478', '0256081131', '0256036306']",7,['9780073530253'],[],['English'],1987.0,0.0,False
BOOK00624,Human resource management,['John M. Ivancevich'],6,1992,2010,English,1,False,"['ilu', 'mau']",2,"['Chicago', 'Homewood, IL', 'Boston']",3,5,2,0,622,796,['eng'],"['Irwin', 'McGraw-Hill/Irwin', 'McGraw-Hill Irwin', 'Irwin McGraw Hill', 'McMcGraw-Hill']","['025614589X', '0256091668', '0072312688', '0073137111', '0256235287', '0071153314', '0073381462']",7,"['9780073137117', '9780073381466']",[],['English'],1992.0,0.0,False
BOOK00625,Strategic Human Resource Management,['Jeffrey A. Mello'],1,2005,2005,English,1,False,[],0,[],0,1,1,1,720,720,['eng'],['South-Western College Pub'],['0324290438'],1,['9780324290431'],['Hardcover'],['English'],2005.0,0.0,False
BOOK00626,Human resource management,['Gary Dessler'],2,2005,2005,English,1,False,['nju'],1,"['Upper Saddle River, N.J']",1,1,1,0,725,725,['eng'],['Pearson/Prentice Hall'],['0131440977'],1,['9780131440975'],[],['English'],2005.0,0.0,False
BOOK00627,Understanding Human Resources Management,"['Melanie Peacock', 'Monica Belcourt', 'Eileen B. Stewart']",1,2019,2019,English,1,False,[],0,[],0,3,1,0,440,440,['eng'],"['Nelson Education Limited', 'Nelson College Indigenous', 'Nelson Cengage Adapted']",[],0,['9780176798062'],[],['English'],2019.0,0.0,False
BOOK00628,Human Resource Management,"['Pieter Nel', 'Amanda Werner', 'Christoff Botha', 'Osmond Ngalo', 'Paul Poisat']",1,2018,2018,English,1,False,[],0,[],0,2,1,0,512,512,['eng'],"['Oxford University Press', 'Oxford University Press, USA']",[],0,['9780190419738'],[],['English'],2018.0,0.0,False
BOOK00629,Human Resource Management,['Raymond J. Stone'],11,1995,2020,English,1,False,['at'],1,['Brisbane'],1,4,10,1,596,882,['eng'],"['Wiley & Sons, Incorporated, John', 'John Wiley & Sons Australia Ltd', 'Wiley', 'John Wiley & Sons Australia']","['0471338389', '0471335401', '0470804033', '0471343803']",4,"['9781118592120', '9780730302513', '9781118699355', '9780470810804', '9780730306375', '9780730385356', '9780730385370', '9780471338383', '9780470804032', '9780471343806']",['Paperback'],['English'],1995.0,0.0,False
BOOK00630,Human resource management,"['William P. Anthony', 'Pamela L. Perrewe', 'K. Michele Kacmar', 'K. Michelle Kacmar']",5,1998,2002,English,1,False,['txu'],1,['Fort Worth'],1,4,2,1,898,904,['eng'],"['South-Western College Pub', 'Harcourt Brace College Publishers', 'Harcourt College Publishers', 'Dryden Press']","['0030335094', '0030223776']",2,"['9780030335099', '9780030223778']",['Hardcover'],['English'],1998.0,0.0,False
BOOK00631,Human resource management,['Melva M. Diamante'],1,2007,2007,English,1,False,['ph'],1,['Quezon City'],1,1,1,0,448,448,['eng'],['C & E Pub.'],['9715845717'],1,['9789715845717'],[],['English'],2007.0,0.0,False
BOOK00632,Human resource management,['David A. DeCenzo'],7,1994,2013,"English, Spanish",2,True,"['nyu', 'mx']",2,"['New York', 'México, D.F']",2,5,3,1,546,546,"['eng', 'spa']","['Wiley & Sons, Incorporated, John', 'John Wiley & Sons', 'John Wiley & Sons Inc', 'Wiley', 'Limusa']","['0471299898', '0471774421', '0471311634', '0471576875', '0471124206', '0471269123', '9681859103']",7,"['9781118413739', '9780471774426', '9780471269120']",['Paperback'],"['English', 'Spanish']",1994.0,0.0,False
BOOK00633,Fundamentals of Human Resource Management,['Gary Dessler'],6,2008,2018,English,1,False,[],0,[],0,2,6,2,496,600,['eng'],"['Pearson Education, Limited', 'Pearson']","['0133848795', '0134740211', '0133401804']",3,"['9780132570138', '9780132555906', '9780137142811', '9780133848793', '9780134740218', '9780133401806']","['digital', 'paperback']",['English'],2008.0,0.0,False
BOOK00634,Human resource management,['Cynthia D. Fisher'],7,1990,2003,English,1,False,"['mau', 'xxk']",2,"['Boston', 'London']",2,3,0,0,750,891,['eng'],"['Houghton Mifflin Co.', 'Houghton Mifflin Company, Boston', 'Houghton Mifflin']","['0395523672', '0395748860', '0395662230', '0395908175', '0395472024', '0618123296']",6,[],[],['English'],1990.0,0.0,False
BOOK00635,Human Resource Management,"['Robert N. Lussier', 'John R. Hendon']",10,2013,2022,English,1,False,[],0,[],0,2,10,2,696,712,['eng'],"['SAGE Publications, Incorporated', 'SAGE Publications, Inc']","['1071839837', '1506360343', '1483393631', '1506360335']",4,"['9781452241654', '9781483313573', '9781544396897', '9781544331317', '9781544396866', '9781071839836', '9781452290638', '9781506360348', '9781483393636', '9781506360331']","['loose leaf', 'paperback']",['English'],2013.0,0.0,False
BOOK00636,Human Resource Management,['K. Aswathappa'],1,2012,2012,English,1,False,[],0,[],0,1,1,0,400,400,['eng'],['McGraw-Hill India'],[],0,['9781259083662'],[],['English'],2012.0,0.0,False
BOOK00637,Human resource management,['Lloyd L. Byars'],3,2000,2015,English,1,False,['mau'],1,['Boston'],1,2,4,0,432,512,['eng'],"['McGraw-Hill Education', 'Irwin/McGraw-Hill']","['0072295937', '0071169385']",2,"['9780073530550', '9780078112799', '9780072295931', '9780071169387']",[],['English'],2000.0,0.0,False
BOOK00638,Personnel and human resources management,['Perfecto S. Sison'],2,1981,1981,Spanish,1,False,['ph'],1,"['Manila', 'Manila, Philippines']",2,2,0,0,579,579,['spa'],"['Rex book store in Manila', 'Rex Book Store']",[],0,[],[],['Spanish'],1981.0,0.0,False
BOOK00639,Human resources management,['H. T. Graham'],8,1974,1992,English,1,False,"['xxk', 'enk']",2,"['London', 'Plymouth']",2,4,0,0,261,420,['eng'],"['Macdonald and Evans', 'Pitman Publishing', 'Pitman', 'Macd. & E']","['0712108076', '0712108335', '0712110283', '071210822X', '0712108440', '0712107606', '0712108173', '0712108122']",8,[],[],['English'],1974.0,0.0,False
BOOK00640,Human resource management,"['Julie Beardwell', 'Tim Claydon']",6,2009,2017,English,1,False,"['mau', 'nyu']",2,"['Boston', 'New York, NY']",2,3,6,0,672,752,['eng'],"['Pearson Education, Limited', 'Pearson', 'Pearson Financial Times/Prentice Hall']",[],0,"['9781292204468', '9781408271209', '9780273728450', '9781292002729', '9781292119564', '9780273722854']",[],['English'],2009.0,0.0,False
BOOK00641,Armstrong's handbook of human resource management practice,['Michael Armstrong'],5,2009,2020,English,1,False,['enk'],1,"['London', 'Philadelphia']",2,2,5,1,776,1062,['eng'],"['Kogan Page, Limited', 'Kogan Page']",['0749474114'],1,"['9780749469641', '9781789661033', '9780749498276', '9780749474119', '9780749452421']",['paperback'],['English'],2009.0,0.0,False
BOOK00642,Fundamentals of human resource management,['Raymond A. Noe'],4,2006,2021,English,1,False,['mau'],1,['Boston'],1,4,4,0,527,608,['eng'],"['McGraw Hill Higher Education', 'McGraw-Hill Europe', 'McGraw-Hill Education', 'McGraw-Hill/Irwin']",['0073381470'],1,"['9780071107075', '9780070292895', '9781264131143', '9780073381473']",[],['English'],2006.0,0.0,False
BOOK00643,Strategic Human Resource Management,"['Gary Rees', 'Paul E Smith']",8,2014,2021,English,1,False,[],0,[],0,2,8,1,576,616,['eng'],"['SAGE Publications, Limited', 'SAGE Publications Ltd']",['1473969328'],1,"['9781526416223', '9781446297643', '9781529740783', '9781529740790', '9781473969315', '9781446255865', '9781446255858', '9781473969322']",['paperback'],['English'],2014.0,0.0,False
BOOK00644,International Human Resource Management,"['Chris Brewster', 'Paul Sparrow', 'Guy Vernon']",13,2001,2023,English,1,False,['enk'],1,['London'],1,6,13,1,320,461,['eng'],"['Kogan Page, Limited', 'Routledge', 'Pearson Education, Limited', 'Taylor & Francis Group', 'Chartered Institute of Personnel and Development', 'Chartered Institute of Personnel & Development']","['1843982668', '1843981599']",2,"['9781398603547', '9781281394354', '9780273628743', '9781317681540', '9781315773483', '9781843984184', '9781317681564', '9781317681557', '9781843982661', '9781398603530', '9781398603554', '9780203891391', '9781843981596']",['Paperback'],['English'],2001.0,0.0,False
BOOK00645,"Human Resource Management, 16th edition",['Gary Dessler'],1,2015,2015,,0,False,[],0,[],0,1,1,1,1000,1000,[],['Generic'],['9353942209'],1,['9789353942205'],['paperback'],[],2015.0,0.0,False
BOOK00646,Strategic human resource management,['Michael Armstrong'],5,2000,2008,English,1,False,"['enk', 'nyu']",2,"['London', 'Philadelphia']",2,3,2,2,194,276,['eng'],"['Kogan Page', 'Kogan Page Ltd.', 'Kogan Page Publishers']","['0749445114', '0749447958', '0749433310']",3,"['9780749445119', '9780749453756']","['Paperback', 'Electronic resource']",['English'],2000.0,0.0,False
BOOK00647,Human Resource Management,"['Ronan Carbery', 'Christine Cross']",4,2013,2024,English,1,False,['enk'],1,"['Houndmills, Basingstoke, Hampshire', 'New York']",2,3,4,1,269,332,['eng'],"['Bloomsbury Publishing Plc', 'Palgrave Macmillan', 'Red Globe Press']",['135200402X'],1,"['9781350331983', '9781350331976', '9781137009395', '9781352004021']",['paperback'],['English'],2013.0,0.0,False
BOOK00648,A Handbook of Human Resource Management Practice,['Michael Armstrong'],5,1999,2006,English,1,False,"['enk', 'nyu']",2,"['London', 'Philadelphia']",2,3,3,2,928,1024,['eng'],"['Kogan Page', 'Kogan Page Business Books', 'Kogan Page Publishers']","['0749441054', '0749433930', '074942964X', '0749446315', '0749448601']",5,"['9780749441050', '9780749433932', '9780749429645']","['Paperback', 'Electronic resource']",['English'],1999.0,0.0,False
BOOK00649,Human resource management,['Robert L. Mathis'],4,1994,2008,English,1,False,"['ohu', 'mnu']",2,"['Mason, OH', 'Minneapolis', 'Minneapolis/St. Paul, MN']",3,4,2,1,592,656,['eng'],"['Thomson/South-western', 'Thomson Learning', 'West Pub. Co.', 'West Pub.']","['0324542755', '0324071566', '0314025294', '0314062467']",4,"['9780324542752', '9780324071566']",['Paperback'],['English'],1994.0,0.0,False
BOOK00650,Human Resource Management,['Raymond A. Noe'],7,1999,2005,English,1,False,[],0,[],0,4,5,1,672,740,['eng'],"['Mcgraw-Hill College', 'McGraw-Hill Companies', 'Irwin/McGraw-Hill', 'McGraw-Hill Education (ISE Editions)']","['0072469706', '0072987383', '0071198644', '0071113223', '0072469943']",5,"['9780072469707', '9780072987386', '9780071198646', '9780071113229', '9780072469943']",['Hardcover'],['English'],1999.0,0.0,False
BOOK00651,Healthcare human resource management,"['Walter J. Flynn', 'Robert L. Mathis', 'John Harold Jackson']",4,2006,2021,English,1,False,['ohu'],1,"['Mason, OH']",1,4,3,1,360,448,['eng'],"['Cengage South-Western', 'Cengage Learning', 'South-Western College Pub', 'Thomson South-Western']",['0324317042'],1,"['9780357512449', '9781285057538', '9780324317046']",['Hardcover'],['English'],2006.0,0.0,False
BOOK00652,Human resource management,['Gary Dessler'],2,2006,2015,English,1,False,"['ii', 'nju']",2,['New-Delhi'],1,2,3,0,632,725,['eng'],"['Prentice-Hall of india Prt. Ltd.', 'Pearson']","['8177584421', '0133545172', '1292018437']",3,"['9788177584424', '9780133545173', '9781292018430']",[],['English'],2006.0,0.0,False
BOOK00653,Human Resource Management,"['Jonathan Crawshaw', 'Pawan Budhwar', 'Ann Davis']",11,2014,2023,English,1,False,[],0,[],0,1,11,0,400,528,['eng'],"['SAGE Publications, Limited']",[],0,"['9781529713602', '9781526412706', '9781473904798', '9781529600681', '9781529600674', '9781473967656', '9781473967663', '9781446270783', '9781446270790', '9781526499004', '9781526499011']",[],['English'],2014.0,0.0,False
BOOK00654,Human Resource Management,['Aswathappa'],1,2013,2013,,0,False,[],0,[],0,1,1,1,,,[],['Mc Graw Hill India'],['9332901406'],1,['9789332901407'],['paperback'],[],2013.0,0.0,False
BOOK00655,Human resource management,"['Raymond A. Noe', 'John R. Hollenbeck']",5,1994,2018,English,1,False,['ilu'],1,"['Burr Ridge, Ill']",1,4,4,1,380,786,['eng'],"['McGraw-Hill Education', 'McGraw Hill', 'Irwin', 'Richard D Irwin']",['0256113491'],1,"['9781260076844', '9781259087561', '9781260098556', '9780256113495']",['Hardcover'],['English'],1994.0,0.0,False
BOOK00656,Fundamentals of Human Resource Management,"['Raymond A. Noe', 'John R. Hollenbeck', 'Barry Gerhart', 'Patrick M. Wright']",5,2011,2019,English,1,False,[],0,[],0,2,5,1,552,608,['eng'],"['McGraw-Hill Education', 'McGraw-Hill']","['1260079171', '0077503880']",2,"['9781259009365', '9781259686702', '9780077718367', '9781260079173', '9780077503888']",['hardcover'],['English'],2011.0,0.0,False
BOOK00657,Introduction to Human Resource Management,['Nick Wilton'],18,2011,2025,English,1,False,[],0,[],0,3,18,0,400,632,['eng'],"['SAGE Publications, Limited', 'SAGE Publications Ltd', 'SAGE Publications, Incorporated']",[],0,"['9781529672831', '9781529672848', '9781473966123', '9781446286036', '9781446280911', '9780857023476', '9781529753707', '9781529753714', '9781526487919', '9781526487933', '9781473915725', '9781526460165', '9781526460158', '9781473915718', '9781473954199', '9781446255841', '9781446255834', '9780857027924']",[],['English'],2011.0,0.0,False
BOOK00658,Human resource management,['Laura Portolese Dias'],2,2011,2015,English,1,False,['dcu'],1,"['Washington, DC']",1,2,2,0,347,357,['eng'],"['FlatWorld', 'Flat World Knowledge']",['1453370366'],1,"['9781453319437', '9781453370360']",[],['English'],2011.0,0.0,False
BOOK00659,Strategic compensation,['Joseph J. Martocchio'],9,2008,2019,English,1,False,['mau'],1,['Boston'],1,3,9,1,4,480,['eng'],"['Pearson Education, Limited', 'Pearson', 'Prentice Hall']","['0133457109', '0136106404']",2,"['9780135192146', '9781322775340', '9781292059075', '9781292058863', '9781292059310', '9780132654517', '9780136000372', '9780133457100', '9780136106401']",['hardcover'],['English'],2008.0,0.0,False
BOOK00660,Organizational Behavior,['Stephen P. Robbins'],77,1979,2019,"English, Chinese",2,True,"['cc', 'nju', 'mau', 'enk', 'xxk', 'xxu']",6,"['Beijing', 'Upper Saddle River, N.J', 'Boston', '[London]', 'Englewood Cliffs, N.J', 'London', 'Englewood Cliffs, NJ']",7,19,48,6,6,1850,"['eng', 'chi']","['Prentice-Hall International, Inc.', 'Pearson', 'Pearson Education, Limited', 'Pearson College Div', 'Pearson Education Canada', 'Pearson Higher Education & Professional Group', 'PEARSON', 'Prentice Hall', 'Qing hua da xue chu ban she', 'Pearson International Edition', 'Prentice Hall International', 'pearspon education', 'Prentice Hall College Div', 'Not Avail', 'Pearson Higher Education', 'Prentice-Hall', 'Pearson/Prentice Hall', 'Prentice-Hall International', 'Pearson Prentice Hall']","['0138961921', '0135983495', '0134437861', '0134132149', '0134182049', '0134132130', '0134729323', '013410398X', '0136446833', '7302113815', '013207964X', '0132834871', '0136124011', '0131890956', '0130617210', '0136435378', '0132192128', '0131202030', '0130184179', '013643438X', '013641480X', '0138574596', '0136446671', '0136407641', '0136406998', '0132431564', '0136414648', '0136417620', '0131000691', '0131298585', '0136415490', '0130552313', '0136415989', '0131925199', '0130180424', '0138949166', '0130341053', '0131914359', '0536844623']",39,"['9780135983492', '9780134437866', '9781408259658', '9780133130836', '9781408283486', '9780130166807', '9780130186355', '9780131202436', '9780136124368', '9780138000400', '9780135032794', '9780273765295', '9780273755876', '9780273751595', '9780132846172', '9780133029901', '9780133507645', '9780134729664', '9780134889153', '9780134889313', '9780134787374', '9781292146300', '9781292259239', '9780134132143', '9780134182049', '9780134132136', '9780134729329', '9780273765417', '9780134103983', '9780136446835', '9787302113812', '9780132079648', '9780132834872', '9780136124016', '9780131890954', '9780136435372', '9780132192125', '9780131202030', '9780130700841', '9780136434382', '9780138574598', '9780136446675', '9780136406990', '9780131000698', '9780130552310', '9780130180421', '9780130341051', '9780131914353']","['loose leaf', 'hardcover', 'digital', 'Hardcover', 'paperback', 'Paperback']","['English', 'Chinese']",1979.0,0.0,False
BOOK00661,Organizational behavior,['Fred Luthans'],17,1973,2008,English,1,False,"['nyu', 'xxk', 'mau', 'enk', 'xxu']",5,"['New York', 'Auckland', 'London', 'New York, NY', 'Boston, Mass', 'Boston', 'NewYork']",7,6,1,1,562,687,['eng'],"['McGraw-Hill', 'McGraw-Hill/Irwin', 'Mcgraw-Hill College', 'Irwin/McGraw-Hill', 'McGraw Hill Book Co Inc', 'McGraw']","['0070391440', '0070663963', '0073404950', '0070391807', '007039184X', '0070391661', '0071134662', '0071005226', '0070391300', '0070391181', '0070854378', '0071126872', '0070391610', '0070391491']",14,['9780073404950'],['Paperback'],['English'],1973.0,0.0,False
BOOK00662,Essentials of Organizational Behavior,['Stephen P. Robbins'],17,1984,2010,English,1,False,"['nju', 'xxu', 'xxk', 'enk']",4,"['Upper Saddle River, N.J', 'Englewood Cliffs, N.J', 'Englewood Cliffs', 'London', '(Englewood Cliffs)']",5,5,4,1,197,352,['eng'],"['Prentice Hall', 'Prentice-Hall International', 'Prentice-Hall', 'Prentice Hall International', 'Pearson/Prentice Hall']","['0135734525', '0130353094', '0130087629', '0135203058', '0136077617', '0131445715', '0132864851', '0133000966', '0132974096', '0132431521', '0132827085', '0132865505', '0132865424', '0130835722', '0132879549']",15,"['9780135734520', '9780136077619', '9780131445710', '9780132431521']",['Paperback'],['English'],1984.0,0.0,False
BOOK00663,Organizational behavior,"['Robert Kreitner', 'Angelo Kinicki']",12,1989,2010,English,1,False,"['mau', 'ilu']",2,"['Boston', 'Chicago', 'Homewood, Ill', 'Homewood, IL', 'Boston, Mass']",5,10,5,2,88,810,['eng'],"['Irwin/McGraw-Hill', 'McGraw-Hill', 'McGraw-Hill Irwin', 'Brand: McGraw-Hill Irwin', 'Irwin', 'McGraw Hill/Irwin', 'Irwin/McGraw-Hill.', 'Irwin/ McGraw-Hill', 'Irwin Professional Publishing', 'McGraw-Hill/Irwin']","['0072315008', '0073128929', '0256140561', '0256175055', '007338125X', '0256264821', '0072535253', '0071214798', '0071180494', '0256035121', '0256085005', '007353045X', '0256225125']",13,"['9780072501841', '9780073128924', '9780073381251', '9780256264821', '9780073530451']","['Hardcover', 'Unknown Binding']",['English'],1989.0,0.0,False
BOOK00664,Organizational behavior,"['Don Hellriegel', 'Hellriegel', 'John W. Slocum']",13,1976,2009,English,1,False,"['mnu', 'ohu']",2,"['St. Paul', 'Minneapolis/St. Paul', 'Cincinnati, Ohio', 'Mason, OH', 'Mason, Ohio']",5,7,2,2,500,779,['eng'],"['South-Western College Pub', 'West Publishing Company', 'West Pub. Co.', 'South-Western College Pub.', 'South-Western Cengage Learning', 'Thomson/South-Western', 'West']","['0324578725', '0314931864', '0314470131', '0829901957', '0314044728', '0324009771', '0829900780', '0314926844', '0538880244', '0324156847', '0324156855', '0314696539']",12,"['9780324578720', '9780314931863']","['CD-ROM', 'Hardcover']",['English'],1976.0,0.0,False
BOOK00665,Organizational behavior,['Steven Lattimore McShane'],14,2000,2020,English,1,False,"['mau', 'nyu']",2,"['Boston', 'New York']",2,10,7,1,365,709,['eng'],"['McGraw-Hill Education', 'McGraw-Hill Higher Education', 'McGraw Hill', 'McGraw-Hill Irwin', 'McGraw-Hill / Irwin', 'Mcgraw-Hill College', 'McGraw-Hill', 'McGraw-Hill Companies', 'Irwin/McGraw-Hill', 'McGraw-Hill/Irwin']","['0073381233', '0073381225', '0072339276', '0073530069', '0256228965', '0072470089', '0072518545']",7,"['9780077862589', '9781264075393', '9781260799552', '9780073381237', '9780073381220', '9780072339277', '9780073530062']",['Hardcover'],['English'],2000.0,0.0,False
BOOK00666,International dimensions of organizational behavior,['Nancy J. Adler'],5,1986,2002,English,1,False,"['mau', 'ohu', 'xxu']",3,"['Boston, Mass', 'Cincinnati, Ohio']",2,5,1,1,242,408,['eng'],"['Kent Pub. Co.', 'South-Western College Pub', 'PWS-KENT Pub. Co.', 'South-Western College Pub.', 'South-Western']","['053406258X', '0324057865', '0534922740', '0538861363']",4,['9780324057867'],['Paperback'],['English'],1986.0,0.0,False
BOOK00667,Organizational behavior,"['John W. Newstrom', 'Keith Davis']",8,1993,2014,English,1,False,"['mau', 'enk']",2,"['Boston, Mass', 'London']",2,5,3,2,528,624,['eng'],"['McGraw-Hill Education', 'Mcgraw-Hill College', 'McGraw-Hill Companies', 'McGraw-Hill/Irwin', 'McGraw-Hill']","['0070465045', '007239675X', '0072875461', '0071127305']",4,"['9780078112829', '9780070465046', '9780072875461']","['Hardcover', 'Paperback']",['English'],1993.0,0.0,False
BOOK00668,Human behavior at work,['Keith Davis'],9,1971,1989,English,1,False,"['xxc', 'nyu', 'onc', 'xxk']",4,"['Toronto', 'New York', 'Markham, Ont', 'London']",4,3,0,0,581,653,['eng'],"['McGraw-Hill, Inc', 'McGraw-Hill', 'Grolier']","['0070155666', '0070154899', '0070155747', '0070154872', '007015516X']",5,[],[],['English'],1971.0,0.0,False
BOOK00669,Organizational behavior and management,"['John M. Ivancevich', 'Robert Konopaske', 'Michael T. Matteson']",13,1987,2017,English,1,False,"['mau', 'txu', 'ilu']",3,"['Boston, Mass', 'Plano, Tex', 'Boston', 'Chicago', 'Homewood, IL']",5,10,7,2,606,788,['eng'],"['McGraw-Hill Education', 'McGraw-Hill Higher Education', 'McGraw Hill Higher Education', 'McGraw-Hill', 'McGraw-Hill/Irwin', 'Business Publications, Inc.', 'Irwin/McGraw-Hill', 'Irwin', 'IRWIN PROFESSIONAL PUBLISHING', 'BPI/Irwin']","['0071220895', '0072436387', '0071122192', '0078029465', '0073405086', '0256056080', '0256269068', '0256162093', '0256107254', '0256110328', '0256108129', '0256078394']",12,"['9781259060595', '9781259894534', '9780071220897', '9780072436389', '9780071122191', '9780078029462', '9780073405087']","['paperback', 'Paperback']",['English'],1987.0,0.0,False
BOOK00670,Managing organizational behavior,['John R. Schermerhorn'],14,1982,1998,English,1,False,"['nyu', 'enk', 'xxk']",3,"['New York, NY', 'New York', 'Chichester']",3,3,5,2,274,832,['eng'],"['Wiley', 'John Wiley & Sons Inc', 'John Wiley and Sons (WIE)']","['0471577502', '0471044970', '047152199X', '0471253731', '0471305677', '047183453X', '0471254428', '0471862339', '0471253758', '0471871419', '0471119857', '0471857726']",12,"['9780471253730', '9780471305675', '9780471254423', '9780471253754', '9780471119852']","['Hardcover', 'Paperback']",['English'],1982.0,0.0,False
BOOK00671,Organizational behavior,['Jason Colquitt'],9,2009,2025,English,1,False,['mau'],1,['Boston'],1,4,9,3,608,1280,['eng'],"['McGraw-Hill Companies, The', 'McGraw-Hill Education', 'McGraw-Hill/Irwin', 'McGraw-Hill Irwin']","['1260571505', '0077635590', '1260261557', '0073530085', '0078112559', '0078137179']",6,"['9781265900991', '9781264124350', '9781260571509', '9780077635596', '9781260261554', '9781259545092', '9780073530086', '9780078112553', '9780078137174']","['paperback', 'loose leaf', 'hardcover']",['English'],2009.0,0.0,False
BOOK00672,Organizational behavior,"['John R. Schermerhorn', 'James G. Hunt', 'Richard N. Osborn']",9,1997,2007,English,1,False,"['nyu', 'nju', 'xxu']",3,"['New York', 'Hoboken, N.J']",2,4,4,1,523,696,['eng'],"['Horizon Pubs & Distributors Inc', 'John Wiley & Sons Inc', 'Wiley', 'John Wiley & Sons Inc.']","['0471246514', '047011553X', '0470104031', '0471154164', '0470115637', '0470833718', '047120367X', '0555551113', '0471681709']",9,"['9780471246510', '9780470115534', '9780470104033', '9780470115633']",['Hardcover'],['English'],1997.0,0.0,False
BOOK00673,Organizational behavior,"['Nelson, Debra L.', 'Debra L. Nelson', 'James Campbell Quick']",7,1994,2016,English,1,False,"['xxk', 'ohu']",2,"['St. Paul (MN)', 'Mason, Ohio']",2,4,5,2,368,800,['eng'],"['Cengage South-Western', 'South-Western College Pub', 'West Publishing Company', 'Thomson/South-Western']","['0324224702', '031403367X', '0324322410', '032431647X']",4,"['9781305663916', '9781111825867', '9781439042298', '9780324224702', '9780314033673']","['Hardcover', 'Paperback']",['English'],1994.0,0.0,False
BOOK00674,Organizational Behavior,"['Christopher P. Neck', 'Jeffery D. Houghton', 'Emma L. Murray']",9,2015,2023,English,1,False,[],0,[],0,3,9,2,560,568,['eng'],"['SAGE Publications, Incorporated', 'Wiley & Sons, Incorporated, John', 'SAGE Publications, Inc']","['1544317549', '1506314430']",2,"['9781071905593', '9781071854426', '9781506314426', '9781118902875', '9781506314396', '9781544317533', '9781506314402', '9781544317540', '9781506314433']","['paperback', 'loose leaf']",['English'],2015.0,0.0,False
BOOK00675,Introduction to organizational behavior,['Richard M. Steers'],6,1981,1991,English,1,False,"['xxu', 'ilu', 'nyu', 'cau']",4,"['Glenview, Ill', 'London', 'New York, NY', 'Santa Monica, Calif']",4,3,0,0,506,675,['eng'],"['Scott, Foresman', 'HarperCollins Publishers', 'Goodyear Pub. Co.']","['0673155986', '0673166309', '067346315X', '0673536084', '083024459X', '0673167240']",6,[],[],['English'],1981.0,0.0,False
BOOK00676,Understanding and Managing Organizational Behavior,"['Jennifer M. George', 'Gareth R. Jones']",7,2002,2011,English,1,False,['nju'],1,"['Upper Saddle River, N.J']",1,3,6,0,672,728,['eng'],"['Prentice Hall', 'Pearson Education, Limited', 'Pearson College Div']","['0130411027', '0136124437']",2,"['9780132616171', '9780133129991', '9780136124924', '9780273753865', '9780273753797', '9780136124436']",[],['English'],2002.0,0.0,False
BOOK00677,Organizational behavior in education,"['Robert G. Owens', 'Thomas Valesky']",16,1981,2021,English,1,False,"['nju', 'mau', 'xxk']",3,"['Englewood Cliffs, N.J', 'Boston', 'Boston, MA', 'London']",4,9,7,0,322,480,['eng'],"['Pearson Education', 'Pearson Education, Limited', 'Allyn & Bacon', 'Prentice-Hall', 'Allyn and Bacon', 'Pearson/Allyn and Bacon', 'Prentice-Hall International', 'Pearson/A and B', 'Prentice Hall']","['0205486363', '0136410502', '0205269095', '0136410936', '0205321984', '0205154166', '0205380859', '0136411762', '013642547X']",9,"['9780136794431', '9780133588859', '9780133588781', '9780133588811', '9780205486366', '9780205380855', '9780205321988']",[],['English'],1981.0,0.0,False
BOOK00678,Organizational behavior,"['Steven McShane', 'Mary Ann Von Glinow']",3,2006,2017,English,1,False,[],0,[],0,2,2,1,624,688,['eng'],"['McGraw-Hill Education', 'McGraw-Hill/Irwin']","['1259562794', '0073049778']",2,"['9781259562792', '9780073049779']",['hardcover'],['English'],2006.0,0.0,False
BOOK00679,Organizational behavior,"['Angelo Kinicki', 'Robert Kreitner']",6,2003,2009,English,1,False,['mau'],1,['Boston'],1,2,3,1,383,512,['eng'],"['McGraw-Hill/Irwin', 'McGraw-Hill Irwin']","['0073404969', '0072514922', '0072515376', '0073530298', '0073381411']",5,"['9780073404967', '9780073530291', '9780073381411']",['Paperback'],['English'],2003.0,0.0,False
BOOK00680,Organizational behavior,"['Dorothy Marcic', 'Hai', 'Joe Seltzer', 'Peter Vaill', 'Marcic']",13,1986,2001,English,1,False,"['xxu', 'ohu', 'mnu']",3,"['Cincinnati, Ohio', 'St. Paul', 'St. Paul, MN', 'Minneapolis/St. Paul']",4,5,6,2,257,464,['eng'],"['South-Western College Pub.', 'Thomson South-Western', 'West Publishing Company', 'South-Western College Pub', 'West Pub. Co.']","['0538878878', '0324072864', '0314718656', '0324048505', '0314999744', '0314934421', '053887886X', '0314473521', '0314045961']",9,"['9780538878876', '9780324072860', '9780314718655', '9780324048506', '9780314999740', '9780314934420']","['Paperback', 'Hardcover']",['English'],1986.0,0.0,False
BOOK00681,Organizational Behavior,"['Stephen P. Robbins', 'Tim Judge']",3,2013,2022,English,1,False,[],0,[],0,3,3,0,686,784,['eng'],"['Pearson Education, Limited', 'Pearson Books', 'Pearson Publishing']",[],0,"['9780136124382', '9780137474646', '9781292403069']",[],['English'],2013.0,0.0,False
BOOK00682,Organizational behavior,['Gregory Moorhead'],8,1989,2001,English,1,False,"['mau', 'enk']",2,"['Boston', 'London']",2,3,1,1,612,808,['eng'],"['Houghton Mifflin Co.', 'Houghton Mifflin', 'Houghton Mifflin College Div']","['0395433347', '0395628423', '0395472822', '0395923573', '0618056491', '0395841968', '0395708982']",7,['9780395923573'],['Hardcover'],['English'],1989.0,0.0,False
BOOK00683,Managing organizational behavior,['Timothy T. Baldwin'],1,2013,2013,English,1,False,['nyu'],1,"['New York, NY']",1,1,1,0,,,['eng'],['McGraw-Hill Irwin'],['0073530409'],1,['9780073530406'],[],['English'],2013.0,0.0,False
BOOK00684,Organizational behavior,['Joyce Osland'],3,2001,2001,English,1,False,['nju'],1,"['Upper Saddle River, N.J']",1,1,1,0,570,570,['eng'],['Prentice Hall'],['0130176109'],1,['9780130176103'],[],['English'],2001.0,0.0,False
BOOK00685,Organizational behavior,['Judith R. Gordon'],10,1996,2002,English,1,False,"['nju', 'enk', 'xxu']",3,"['Upper Saddle River, N.J', 'Upper Saddle River, NJ', '[London]', 'London']",4,3,2,1,569,763,['eng'],"['Prentice Hall', 'Prentice-Hall International', 'Prentice Hall International']","['0132325624', '0130423645', '0130328472', '013242827X', '0139228241', '0130961965']",6,"['9780130328472', '9780139228247']",['Hardcover'],['English'],1996.0,0.0,False
BOOK00686,Organizational behavior,['Fred Luthans'],10,1997,2021,English,1,False,['mau'],1,['Boston'],1,8,10,1,536,704,['eng'],"['Mcgraw - Hill International', 'Mcgraw Hill Higher Education', 'McGraw-Hill/Irwin', 'McGraw Hill Higher Education', 'McGraw-Hill Education (ISE Editions)', 'Information Age Publishing, Incorporated', 'Information Age Publishing', 'McGraw-Hill Irwin']","['0071123199', '0072873876', '0071248811', '0071156054', '007115471X', '1648021255', '0073530352']",7,"['9780071247627', '9780071123198', '9780072873870', '9780071248815', '9780071156059', '9780071154710', '9781681231211', '9781648021268', '9781648021251', '9780073530352']",['paperback'],['English'],1997.0,0.0,False
BOOK00687,Organizational behavior in health care,['Nancy Borkowski'],6,2009,2020,English,1,False,['mau'],1,"['Sudbury, MA', 'Sudbury, Mass']",2,3,5,0,406,446,['eng'],"['Jones & Bartlett Learning, LLC', 'Jones & Bartlett Learning', 'Jones and Bartlett Publishers']",['0763763837'],1,"['9781284051087', '9780763782313', '9781284183245', '9781284051049', '9780763763831']",[],['English'],2009.0,0.0,False
BOOK00688,Organizational Behavior,['Ricky W. Griffin'],6,1986,2006,English,1,False,['mau'],1,['Boston'],1,4,5,1,582,724,['eng'],"['Houghton Mifflin Co.', 'Houghton Mifflin Company', 'Houghton Mifflin', 'Houghton Mifflin College Div']","['0395355168', '0618611584', '0395489148', '0395841968', '0618305874', '0618056491']",6,"['9780618611584', '9780395489147', '9780395841969', '9780618305872', '9780618056491']",['Paperback'],['English'],1986.0,0.0,False
BOOK00689,Organizational behavior,['Gregory B. Northcraft'],3,1990,1994,English,1,False,"['txu', 'ilu']",2,"['Fort Worth', 'Chicago']",2,2,1,1,726,797,['eng'],"['Dryden Press', 'Harcourt Brace College Publishers']","['0030746116', '0030205573', '0030205395']",3,['9780030205576'],['Paperback'],['English'],1990.0,0.0,False
BOOK00690,Organizational behavior,"['John A. Wagner', 'John A. Wagner', 'John R. Hollenbeck']",15,1997,2020,English,1,False,"['nyu', 'nju', 'enk']",3,"['New York, NY', 'Upper Saddle River, N.J', 'London']",3,4,15,0,444,448,['eng'],"['Taylor & Francis Group', 'Prentice Hall', 'Routledge', 'Prentice-Hall International']","['013859810X', '0138961689']",2,"['9781322128986', '9781000334845', '9781135928957', '9780203385418', '9781003009580', '9781000334784', '9781000334906', '9781135928889', '9781135928810', '9780415824231', '9780415824248', '9780138598105', '9780415998529', '9780415998512', '9780203873533']",[],['English'],1997.0,0.0,False
BOOK00691,Organizational behavior,['Robert Kreitner'],1,2010,2010,English,1,False,['mau'],1,['Boston'],1,1,1,0,126,126,['eng'],['McGraw-Hill/Irwin'],['007353045X'],1,['9780073530451'],[],['English'],2010.0,0.0,False
BOOK00692,"Work Motivation in Organizational Behavior, 2nd ed",['Craig C. Pinder'],2,2008,2008,English,1,False,['nyu'],1,"['New York, NY']",1,1,1,1,,,['eng'],['Psychology Press'],['0805856048'],1,['9780805856040'],['Hardcover'],['English'],2008.0,0.0,False
BOOK00693,Organizational behavior,['Joseph E. Champoux'],13,2002,2020,English,1,False,['nyu'],1,['New York'],1,3,15,0,432,528,['eng'],"['Routledge', 'South-Western', 'Taylor & Francis Group']","['0324114907', '0415804639', '0415804647', '0203872916']",4,"['9781282782310', '9780324114904', '9781317363699', '9781315669304', '9781317363712', '9781317363705', '9781138949089', '9781138949041', '9781003000587', '9780367430047', '9780367187460', '9781000033137', '9780415804639', '9780415804646', '9780203872918']",[],['English'],2002.0,0.0,False
BOOK00694,Management of Organizational Behavior,['Kenneth H. Blanchard'],4,2000,2007,English,1,False,[],0,[],0,1,2,2,368,516,['eng'],['Prentice Hall'],"['0131441396', '0130175986']",2,"['9780131441392', '9780130175984']","['Paperback', 'Hardcover']",['English'],2000.0,0.0,False
BOOK00695,International Organizational Behavior,"['Dean McFarlin', 'Paul Sweeney']",8,2012,2017,English,1,False,[],0,[],0,2,8,0,394,450,['eng'],"['Routledge', 'Taylor & Francis Group']",[],0,"['9781283586627', '9781317300625', '9781315648316', '9781317300632', '9781317300649', '9781136263453', '9781138124240', '9781138124257']",[],['English'],2012.0,0.0,False
BOOK00696,Essentials of Organizational Behavior,['Terri A. Scandura'],5,2015,2021,English,1,False,[],0,[],0,2,5,1,504,616,['eng'],"['SAGE Publications, Incorporated', 'SAGE Publications, Inc']","['1483345653', '1506388469']",2,"['9781071839928', '9781544331294', '9781544396781', '9781483345659', '9781506388465']",['paperback'],['English'],2015.0,0.0,False
BOOK00697,Organizational behavior,['Keith Davis'],5,1974,1993,English,1,False,['nyu'],1,['New York'],1,2,2,1,406,608,['eng'],"['McGraw-Hill', 'McGraw-Hill Education']","['0070154988', '0070156328', '0071127305', '0070155003', '0070154996']",5,"['9780070156326', '9780071127301']",['Paperback'],['English'],1974.0,0.0,False
BOOK00698,Organizational Behaviour,"['Karlene H. Roberts', 'Hunt']",3,1991,1999,English,1,False,['xxk'],1,"['Boston, Mass']",1,3,1,1,23,750,['eng'],"['South-Western Educational Publishing', 'P.W.S.-Kent Publishing Co.,U.S.', 'PWS-Kent Publishing Co.']","['0534927041', '053498469X']",2,['9780534927042'],['Paperback'],['English'],1991.0,0.0,False
BOOK00699,Organizational behavior,['Linda K. Stroh'],11,2001,2003,English,1,False,[],0,[],0,2,11,1,528,544,['eng'],"['Taylor & Francis Group', 'Lawrence Erlbaum']",['0805838295'],1,"['9781410607379', '9781410604354', '9781135648688', '9781135641405', '9781135648664', '9781135648701', '9781135641382', '9781135641436', '9781135648718', '9781135641429', '9780805838299']",['Hardcover'],['English'],2001.0,0.0,False
BOOK00700,Essentials of Organizational Behavior,"['John J. Wild', 'Kenneth L. Wild', 'Alverne Ball', 'Timothy A. Judge', 'Stephen P. Robbins']",10,2007,2017,English,1,False,[],0,[],0,3,10,0,326,99998,['eng'],"['Pearson Education, Limited', 'Pearson Education Canada', 'Prentice Hall PTR']",[],0,"['9780132972734', '9780133130959', '9780132574877', '9780133129984', '9780132553582', '9780136125686', '9780132408837', '9780138157630', '9780134640105', '9780133920819']",[],['English'],2007.0,0.0,False
BOOK00701,Loose Leaf Organizational Behavior,"['Jason Colquitt', 'Jeffery LePine', 'Michael Wesson']",4,2010,2022,English,1,False,[],0,[],0,3,4,2,598,632,['eng'],"['McGraw-Hill/Irwin', 'McGraw Hill', 'McGraw-Hill Education']","['0077405439', '1265368589', '1260157911']",3,"['9780077524630', '9780077405434', '9781265368586', '9781260157918']","['loose leaf', 'paperback']",['English'],2010.0,0.0,False
BOOK00702,Managing organizational behavior,['Henry L. Tosi'],3,1986,1994,English,1,False,"['enk', 'nyu', 'mau']",3,"['Oxford, UK', 'Cambridge, Mass., USA', 'New York', 'Boston']",4,4,0,0,620,805,['eng'],"['Blackwell', 'Harper & Row', 'Pitman', 'Pitman Publishing']","['1557865515', '0060466936', '0582988357']",3,[],[],['English'],1986.0,0.0,False
BOOK00703,Organizational behavior,"['Afsaneh Nahavandi', 'Ali R. Malekzadeh']",6,1998,2015,English,1,False,['nju'],1,"['Upper Saddle River, N.J']",1,4,3,1,560,640,['eng'],"['SAGE Publications, Limited', 'SAGE Publications, Incorporated', 'Prentice Hall', 'Afsaneh nahavandi']","['0132859823', '978-4522-7860-5']",2,"['9789351501855', '9781452278605', '9780132859820']",['Hardcover'],['English'],1998.0,0.0,False
BOOK00704,Organizational Behavior,['Newstrom'],2,2014,2014,English,1,False,[],0,[],0,2,2,1,576,576,['eng'],"['Mcgraw-Hill', 'McGraw-Hill Education']",['1259254429'],1,"['9781259254420', '9789814577335']",['paperback'],['English'],2014.0,0.0,False
BOOK00705,Organizational behavior,"['Nelson, Debra L.', 'Debra L. Nelson', 'James Campbell Quick']",6,1994,1997,English,1,False,"['mnu', 'xxu']",2,"['Minneapolis, MN', 'Minneapolis', 'Minneapolis/St. Paul', 'Minneapolis/St.Paul']",4,5,1,1,326,580,['eng'],"['West Group', 'West Publ.', 'West', 'West Pub. Co.', 'West Pub.']","['0314064362', '0314026401', '031402641X', '0314047093', '0314096264', '0314205675']",6,['9780314064363'],['Paperback'],['English'],1994.0,0.0,False
BOOK00706,Organizational Behavior,"['Mary Uhl-Bien', 'Ronald F. Piccolo', 'Schermerhorn, John R., Jr.']",7,2013,2023,English,1,False,[],0,[],0,3,7,0,368,384,['eng'],"['Wiley & Sons, Incorporated, John', 'Wiley & Sons, Limited, John', 'Wiley']",[],0,"['9781119896975', '9781119889656', '9781119091585', '9781118456323', '9781119897101', '9781118800126', '9781119503774']",[],['English'],2013.0,0.0,False
BOOK00707,International organizational behavior,"['Anne Marie Francesco', 'Barry Allen Gold']",6,1997,2005,English,1,False,['nju'],1,"['Upper Saddle River, N.J']",1,2,2,1,499,654,['eng'],"['Prentice Hall', 'Pearson/Prentice Hall']","['0131924850', '013100879X']",2,"['9780131924857', '9780131008793']",['Paperback'],['English'],1997.0,0.0,False
BOOK00708,Managerial Economics & Business Strategy,"['Michael R. Baye', 'Michael Baye']",22,1994,2016,English,1,False,"['ilu', 'mau', 'xxu']",3,"['Burr Ridge, Ill', 'Chicago', 'Boston', 'London']",4,9,10,2,538,672,['eng'],"['TMH', 'McGraw-Hill Education', 'Mc graw hill education', 'McGraw-Hill/Irwin', 'McGraw-Hill Companies', 'Irwin', 'McGraw-Hill Irwin', 'Irwin Professional Publishing', 'Irwin/McGraw-Hill']","['9339204069', '0073523224', '0073375683', '0072487933', '0256123268', '0256179557', '0072358386', '0072983892', '0073375969', '0072289171', '0071169334']",11,"['9789339204068', '9781259129858', '9780077804800', '9781259290619', '9780073523224', '9780073375687', '9780072487930', '9780072358384', '9780072983890', '9780073375960']","['hardcover', 'Hardcover']",['English'],1994.0,0.0,False
BOOK00709,Your Next Five Moves,"['Patrick Bet-David', 'Greg Dinkin']",4,2020,2021,English,1,False,[],0,[],0,3,4,2,1,320,['eng'],"['Simon & Schuster Audio and Blackstone Publishing', 'Simon & Schuster Audio', 'Gallery Books']","['1797113356', '1982154810']",2,"['9781797113357', '9781982154813', '9781982154820', '9781982154806']","['audio cd', 'paperback']",['English'],2020.0,0.0,False
BOOK00710,The brand gap,['Marty Neumeier'],4,2003,2006,English,1,False,"['cau', 'inu']",2,"['Berkeley, CA', 'Indianapolis, Ind']",2,4,2,1,178,208,['eng'],"['New Riders Press', 'New Riders', 'New Riders Pub.', 'Peachpit Press']","['0735713308', '0321348109']",2,"['9780735713307', '9780321348104']",['Paperback'],['English'],2003.0,0.0,False
BOOK00711,Developing business strategies,['David A. Aaker'],6,1984,2001,English,1,False,['nyu'],1,['New York'],1,3,1,0,330,394,['eng'],"['J. Wiley', 'J. Wiley & Sons', 'Wiley']","['0471064114', '0471602965', '0471183644', '0471557226', '0471118141', '0471871796']",6,['9780471064114'],[],['English'],1984.0,0.0,False
BOOK00712,Business strategy,['John Grieve Smith'],3,1985,1990,English,1,False,"['xxk', 'enk']",2,"['Oxford', 'Cambridge, MA', 'Oxford, [Oxfordshire]', 'New York, NY, USA']",4,2,0,0,196,222,['eng'],"['Basil Blackwell', 'B. Blackwell']","['0631175261', '0631177388', '0631139869', '0631139877']",4,[],[],['English'],1985.0,0.0,False
BOOK00713,International business strategy,['Alain Verbeke'],5,2008,2013,English,1,False,"['nyu', 'enk']",2,"['Cambridge, UK', 'New York']",2,1,5,3,481,611,['eng'],['Cambridge University Press'],"['1107683092', '0521681111', '0521862582']",3,"['9781107683099', '9780511460449', '9780511463853', '9780521681117', '9780521862585']","['paperback', 'E-book', 'Paperback']",['English'],2008.0,0.0,False
BOOK00714,Your Next Five Moves,[],1,,,,0,False,[],0,[],0,0,1,0,,,[],[],['198216896X'],1,['9781982168964'],[],[],,,False
BOOK00715,Corporate identity,['Wally Olins'],6,1989,1992,"English, Spanish",2,True,"['enk', 'mau']",2,"['London', 'Boston, Mass']",2,4,3,2,224,224,"['eng', 'spa']","['Thames and Hudson', 'Harvard Business School Press', 'Thames and Hudson Ltd', 'Thames & Hudson']","['0500014728', '087584250X', '0500278083', '0875843689']",4,"['9780500278086', '9780875843681', '9780500014721']","['Paperback', 'Hardcover']","['English', 'Spanish']",1989.0,0.0,False
BOOK00716,Creating valuable business strategies,"['Shiv Sahai Mathur', 'Shiv S Mathur', 'Alfred Kenyon']",11,2007,2017,English,1,False,['ne'],1,"['Amsterdam', 'Boston']",2,4,9,1,238,264,['eng'],"['Taylor & Francis Group', 'Routledge', 'Butterworth-Heinemann', 'Elsevier/Butterworth-Heinemann']",['0750685484'],1,"['9781136413438', '9780080942483', '9781281789921', '9781136413483', '9781136413476', '9781136413421', '9781136413452', '9781138159327', '9780750685481']",['Paperback'],['English'],2007.0,0.0,False
BOOK00717,7 Powers,['Hamilton Helmer'],2,2016,2016,,0,False,[],0,[],0,2,2,2,210,210,[],"['Deep Strategy', 'Hamilton Helmer']","['0998116300', '0998116319']",2,"['9780998116303', '9780998116310']","['hardcover', 'paperback']",[],2016.0,0.0,False
BOOK00718,International Business Strategy,['Alain Verbeke'],8,2009,2021,English,1,False,[],0,[],0,2,8,0,616,675,['eng'],"['Cambridge University Press', 'University of Cambridge ESOL Examinations']",[],0,"['9780511463068', '9781107348158', '9781107352773', '9781108858946', '9781108768726', '9781108488037', '9781108738378', '9781107027893']",[],['English'],2009.0,0.0,False
BOOK00719,Aligning human resources and business strategy,['Linda Holbeche'],16,2001,2022,English,1,False,['enk'],1,"['Oxford', 'Boston']",2,3,16,1,496,512,['eng'],"['Routledge', 'Taylor & Francis Group', 'Butterworth-Heinemann']",['0750653620'],1,"['9781282737549', '9781281024374', '9781136444234', '9780080941424', '9781032114583', '9781032114576', '9781000463378', '9781003219996', '9781000463422', '9781136444289', '9781136444272', '9781136444227', '9781136444258', '9780080498997', '9781138127838', '9780750653626']",['[electronic resource] /'],['English'],2001.0,0.0,False
BOOK00720,Business strategy,['Jeremy Kourdi'],7,2003,2016,English,1,False,['enk'],1,['London'],1,7,7,1,250,320,['eng'],"['Profile Books Limited', 'PublicAffairs', 'Audible Studios on Brilliance Audio', 'Audible Studios on Brilliance', 'Economist', 'Profile Books', 'London']","['151138350X', '1781252319', '1846681243']",3,"['9781281031624', '9781847650047', '9781610394772', '9781511383509', '9781781252314', '9781610394765', '9781846681240']",['mp3 cd'],['English'],2003.0,0.0,False
BOOK00721,Acting as a business,"[""Brian O'Neil""]",4,1993,2009,English,1,False,"['nhu', 'nyu']",2,"['Portsmouth, NH', 'New York']",2,2,1,0,116,116,['eng'],"['Heinemann', 'Vintage Books']","['0325001235', '0435086235']",2,['9780307473929'],[],['English'],1993.0,0.0,False
BOOK00722,Opening Digital Markets,['Walid Mougayar'],3,1997,1998,English,1,False,['nyu'],1,['New York'],1,2,1,1,292,336,['eng'],"['McGraw-Hill Companies', 'McGraw-Hill']",['0070435421'],1,['9780070435421'],['Hardcover'],['English'],1997.0,0.0,False
BOOK00723,International Business Strategy,"['Peter J. Buckley', 'Pervez Ghauri']",6,2015,2015,English,1,False,[],0,[],0,2,6,1,666,680,['eng'],"['Taylor & Francis Group', 'Routledge']",['041562469X'],1,"['9781317906636', '9781336012950', '9781315848365', '9781317906650', '9781317906643', '9780415624695']",['hardcover'],['English'],2015.0,0.0,False
BOOK00724,Swipe to Unlock,"['Neel Mehta', 'Aditya Agashe', 'Parth Detroja']",1,2017,2017,,0,False,[],0,[],0,1,1,1,345,345,[],['CreateSpace Independent Publishing Platform'],['1976182190'],1,['9781976182198'],['paperback'],[],2017.0,0.0,False
BOOK00725,Media Telecommunications And Business Strategy,['Richard A. Gershon'],13,2013,2020,English,1,False,[],0,[],0,2,13,0,320,440,['eng'],"['Routledge', 'Taylor & Francis Group']",[],0,"['9781299743762', '9781136288876', '9780203113929', '9781136288913', '9781136288920', '9780415517645', '9781000091410', '9780429285028', '9781000091403', '9781000091427', '9780367249038', '9780367249021', '9780415517652']",[],['English'],2013.0,0.0,False
BOOK00726,Business strategy,['David Campbell'],1,2002,2002,English,1,False,['enk'],1,"['Oxford', 'Boston']",2,1,0,0,478,478,['eng'],['Butterworth-Heinemann'],['0750655690'],1,[],[],['English'],2002.0,0.0,False
BOOK00727,Taxes and business strategy,"['Myron S. Scholes', 'Mark A. Wolfson', 'Merle M. Erickson', 'Edward L. Maydew', 'Terry J. Shevlin', 'Edward Maydew', 'Terry Shevlin']",3,2001,2002,English,1,False,['nju'],1,"['Upper Saddle River, NJ']",1,1,1,1,515,544,['eng'],['Prentice Hall'],['0130253987'],1,['9780130253989'],['Hardcover'],['English'],2001.0,0.0,False
BOOK00728,Global Business Strategy,['Robin John'],2,1997,1997,English,1,False,['enk'],1,"['London', 'Boston']",2,2,1,1,336,353,['eng'],"['International Thomson Business Press', 'International Thomson Publishing Services Ltd']",['0415119790'],1,['9780415119795'],['Paperback'],['English'],1997.0,0.0,False
BOOK00729,The New Positioning,['Jack Trout'],5,1995,2001,English,1,False,['nyu'],1,['New York'],1,2,3,2,173,173,['eng'],"['Ebsco Publishing', 'McGraw-Hill']","['0070652910', '0070653283']",2,"['9780585053301', '9780070653283', '9780071369190']","['eBook', 'Paperback']",['English'],1995.0,0.0,False
BOOK00730,Managerial Economics and Business Strategy,"['Michael R. Baye', 'Jeff Prince']",2,2008,2021,English,1,False,[],0,[],0,3,2,0,576,576,['eng'],"['McGraw Hill Higher Education', 'McGraw-Hill Education', 'McGraw Hill']",['0071263209'],1,"['9780071263207', '9781260940541']",[],['English'],2008.0,0.0,False
BOOK00731,Business Strategy,['J. -C Spender'],2,2014,2015,English,1,False,[],0,[],0,1,2,0,340,352,['eng'],['Oxford University Press'],[],0,"['9780198746522', '9780199686544']",[],['English'],2014.0,0.0,False
BOOK00732,Business strategy and policy,['Garry D. Smith'],5,1985,1991,English,1,False,"['mau', 'xxu']",2,['Boston'],1,2,0,0,380,1006,['eng'],"['Houghton Mifflin Co.', 'Houghton Mifflin']","['0395567351', '0395369460', '0395357187', '0395433673']",4,[],[],['English'],1985.0,0.0,False
BOOK00733,Demand-Driven Business Strategy,['Cor Molenaar'],5,2022,2022,English,1,False,[],0,[],0,2,5,0,180,180,['eng'],"['Taylor & Francis Group', 'Routledge']",[],0,"['9781032127668', '9781032127651', '9781000532104', '9781003226161', '9781000532098']",[],['English'],2022.0,0.0,False
BOOK00734,The 33 Strategies of War,"['Robert Greene', 'Don Leslie']",15,1998,2021,"Vietnamese, Spanish, English",3,True,"['vm', 'nyu', 'mx']",3,"['TP. Hồ Chí Minh', 'New York', 'México, D. F.']",3,13,14,6,1,970,"['vie', 'spa', 'eng']","['Hanser, Carl GmbH + Co.', 'Highbridge Audio and Blackstone Publishing', 'Nhà xuất bản Trẻ', 'Viking', 'Grupo Oceano', 'Profile Books Ltd', 'Profile Books Limited', 'Penguin Group USA, Inc.', 'Penguin (Non-Classics)', 'Grupo Nelson', 'Oceano', 'Profile Books', 'Penguin Canada']","['3446438734', '1665182237', '1861972755', '0143112783', '0670034576', '9707772441', '6074004455', '1861979932']",8,"['9783446438736', '9781665182232', '9786074004267', '9781861979988', '9781429577038', '9781429577069', '9780143112785', '9780670034574', '9789707772441', '9786074004458', '9781861979933', '9781861979780', '9781804222492', '9781804222485']","['hardcover', 'audio cd', 'Electronic resource', 'Paperback', 'Hardcover', 'Tapa blanda']","['Vietnamese', 'Spanish', 'English']",1998.0,0.0,False
BOOK00735,Taxes and business strategy,"['Myron S. Scholes', 'Myron Scholes', 'Mark Wolfson']",4,1991,2015,English,1,False,['nju'],1,"['Englewood Cliffs, N.J']",1,4,3,1,510,640,['eng'],"['Pearson Education, Limited', 'Pearson', 'Prentice Hall College Div', 'Prentice Hall']","['0132752670', '0138857407']",2,"['9781292065571', '9780132752671', '9780138857400']",['hardcover'],['English'],1991.0,0.0,False
BOOK00736,Harvard business review on green business strategy,['Harvard Business School'],2,2007,2007,English,1,False,['mau'],1,['Boston'],1,3,1,1,204,213,['eng'],"['Harvard Business School Press', 'Harvard Business School Pub.', 'Harvard Business School Pub. Corporation']",['1422121089'],1,['9781422121085'],['Paperback'],['English'],2007.0,0.0,False
BOOK00737,Business strategy,['Jeremy Kourdi'],4,2003,2009,English,1,False,['enk'],1,['London'],1,4,2,1,246,288,['eng'],"['London', 'Profile Books', 'Profile', 'Bloomberg Press']","['1846681243', '1861974590']",2,"['9781846681240', '9781861974594']",['Hardcover'],['English'],2003.0,0.0,False
BOOK00738,Developing Business Strategies,['David A. Aaker'],1,2001,2001,English,1,False,[],0,[],0,1,1,0,352,352,['eng'],['Wiley'],['0471064114'],1,['9780471064114'],[],['English'],2001.0,0.0,False
BOOK00739,International business,"['S. Tamer Cavusgil', 'Tamer Cavusgil', 'Gary Knight', 'John Riesenberger']",19,2007,2025,English,1,False,['nju'],1,"['Upper saddle River, N.J']",1,5,18,3,6,704,['eng'],"['Pearson Education, Limited', 'Prentice Hall', 'Pearson', 'Pearson Books', 'Pearson Prentice Hall']","['0134388267', '0134388275', '0131738607']",3,"['9781292462585', '9781292462592', '9780138076078', '9780136090663', '9780273788188', '9780132322379', '9781292303376', '9780134388267', '9781292303246', '9780273788119', '9780132991261', '9780133254204', '9780132622738', '9780133129977', '9780132453271', '9780134388274', '9780135173961', '9780131738607']","['loose leaf', 'digital', 'Hardcover']",['English'],2007.0,0.0,False
BOOK00740,International Business Strategy and Cross-Cultural Management,"['Nicole F. Richter', 'Jesper Strandskov', 'Sven Hauff', 'Vasyl Taras']",2,2022,2022,English,1,False,[],0,[],0,1,2,0,,,['eng'],"['Elgar Publishing Limited, Edward']",[],0,"['9781839108624', '9781839108648']",[],['English'],2022.0,0.0,False
BOOK00741,Think Like a UX Researcher,"['David Travis', 'Philip Hodgson']",8,2019,2023,English,1,False,[],0,[],0,2,8,1,294,306,['eng'],"['Taylor & Francis Group', 'CRC Press']",['1138365297'],1,"['9781032478487', '9781032532554', '9781138365353', '9780429430787', '9780429774010', '9780429774003', '9780429773990', '9781138365292']",['paperback'],['English'],2019.0,0.0,False
BOOK00742,Love As a Business Strategy,"['Mohammad F. Anwar', 'Frank E. Danna', 'Jeffrey F. Ma', 'Christopher J. Pitre']",2,2021,2021,English,1,False,[],0,[],0,2,2,0,,,['eng'],"['Scribe Media', 'Lioncrest Publishing']",[],0,"['9781544520254', '9781544520261']",[],['English'],2021.0,0.0,False
BOOK00743,Business Strategy,['Patrick J. Stroh'],2,2014,2014,English,1,False,[],0,[],0,2,2,1,192,192,['eng'],"['Wiley & Sons, Limited, John', 'Wiley']",['1118878442'],1,"['9781118896006', '9781118878446']",['hardcover'],['English'],2014.0,0.0,False
BOOK00744,Understanding business strategy,['R. Duane Ireland'],1,2012,2012,English,1,False,['ohu'],1,"['Mason, OH']",1,3,1,0,230,230,['eng'],"['South-Western Cengage Learning', 'Cengage Learning', 'South-Western College Pub']",['0538476818'],1,['9780538476812'],[],['English'],2012.0,0.0,False
BOOK00745,Digital Business,['Annmarie Hanlon'],2,2024,2024,English,1,False,[],0,[],0,1,2,0,,,['eng'],"['SAGE Publications, Limited']",[],0,"['9781529624236', '9781529624229']",[],['English'],2024.0,0.0,False
BOOK00746,Corporate strategy,['H. Igor Ansoff'],15,1965,1988,English,1,False,"['xx', 'xxk', 'xxu', 'nyu', 'enk']",5,"['New York', 'London', 'Harmondsworth', 'Harmondsworth, Middlesex, England']",4,6,3,2,205,284,['eng'],"['McGraw-Hill', 'Penguin', 'Wiley', 'Pan Macmillan', 'Penguin Books', 'Sidgwick & Jackson']","['0070021112', '0471629502', '0283993545', '0140091122', '0140209328']",5,"['9780283993541', '9780140091120', '9780140209327']","['Hardcover', 'Paperback']",['English'],1965.0,0.0,False
BOOK00747,Business Strategy,"['George Stonehouse', 'Bill Houston']",7,2003,2003,English,1,False,[],0,[],0,2,7,0,475,475,['eng'],"['Taylor & Francis Group', 'Routledge']",[],0,"['9780080476346', '9781281051592', '9781136423161', '9781136423208', '9781136423215', '9781136423185', '9781136423154']",[],['English'],2003.0,0.0,False
BOOK00748,Designing Identity,['Marc English'],2,1998,2000,English,1,False,[],0,[],0,2,2,2,143,144,['eng'],"['Rockport Pub', 'Rockport Publishers']","['1564963888', '1564966801']",2,"['9781564963888', '9781564966803']","['Hardcover', 'Paperback']",['English'],1998.0,0.0,False
BOOK00749,Managerial economics and business strategy,['Michael R. Baye'],1,2003,2003,English,1,False,['xxu'],1,"['Boston', 'London']",2,1,0,0,578,578,['eng'],['McGraw-Hill'],"['0072487933', '0071151397']",2,[],[],['English'],2003.0,0.0,False
BOOK00750,e-Business strategies for virtual organizations,['Janice Burn'],9,2002,2016,English,1,False,['enk'],1,['Oxford'],1,3,8,0,254,272,['eng'],"['Routledge', 'Taylor & Francis Group', 'Butterworth-Heinemann']",['0750649437'],1,"['9781281021939', '9781136409301', '9780080504889', '9781136409356', '9781136409349', '9781136409295', '9781136409325', '9781138151819']",[],['English'],2002.0,0.0,False
BOOK00751,Managing Health Care Business Strategy,['George B. Moseley III'],2,2016,2017,English,1,False,[],0,[],0,1,2,0,424,424,['eng'],"['Jones & Bartlett Learning, LLC']",[],0,"['9781284081114', '9781284081107']",[],['English'],2016.0,0.0,False
BOOK00752,Business strategies for the next-generation network,['Nigel Seel'],6,2006,2020,English,1,False,['flu'],1,['Boca Raton'],1,3,6,0,298,298,['eng'],"['Auerbach Publishers, Incorporated', 'Taylor & Francis Group', 'Auerbach Publications']",['0849380359'],1,"['9780429114656', '9781000654257', '9781000656541', '9781420013603', '9780367453312', '9780849380358']",[],['English'],2006.0,0.0,False
BOOK00753,European Business Strategy,['Terry Garrison'],6,1993,2000,English,1,False,['enk'],1,"['Huntingdon', 'Kings Ripton']",2,4,4,2,304,623,['eng'],"['Elm', 'ELM', 'Elm Publications', 'Transworld Paperbacks']","['1854500929', '1854500805', '1854502379', '1854502506', '1854501690', '185450407X']",6,"['9781854502377', '9781854502506', '9781854501691', '9781854504074']","['Paperback', 'Ring-bound']",['English'],1993.0,0.0,False
BOOK00754,Business strategy,"['Campbell, David J.']",1,2011,2011,English,1,False,['nyu'],1,['New York'],1,1,1,0,,,['eng'],['Palgrave Macmillan'],[],0,['9780230218581'],[],['English'],2011.0,0.0,False
BOOK00755,Learning Domain-Driven Design,['Vladik Khononov'],1,2021,2021,English,1,False,[],0,[],0,1,1,0,180,180,['eng'],"[""O'Reilly Media, Incorporated""]",['1098100131'],1,['9781098100131'],[],['English'],2021.0,0.0,False
BOOK00756,International Business and Global Strategy,['Peter Zámborský'],1,2016,2016,,0,False,[],0,[],0,1,1,0,,,[],['Bookboon'],[],0,['9788740311952'],[],[],2016.0,0.0,False
BOOK00757,Instagram Business - Sell on Instagram Customer Psychology : How to Use Instagram for Business : Instagram Business Strategy : Start Business - Instagram,['Sobia Publication'],1,2022,2022,English,1,False,[],0,[],0,1,1,0,,,['eng'],['Independently Published'],[],0,['9798830867559'],[],['English'],2022.0,0.0,False
BOOK00758,Financial Accounting,['Paul D. Kimmel'],65,1998,2008,English,1,False,"['nju', 'nyu']",2,"['Hoboken, NJ', 'New York']",2,5,63,2,709,1584,['eng'],"['John Wiley & Sons Inc', 'John Wiley', 'Wiley', 'Wiley, John & Sons, Incorporated', 'John Wiley and Sons (WIE)']","['0471400211', '0470051965', '0471676128', '0470073101', '0471387207', '047167611X', '0471395420', '0471730513', '0470115726', '0470073845', '0471676152', '0470072482', '0471467014', '0470072490', '0470072474', '0470082089', '0471732443', '0470103752', '0471697923', '0470051981', '0471663476', '0470182091', '0470082097', '0471676098', '0471169196', '0471675830', '0471398675', '047169472X', '0471400823', '0471478067', '047179449X', '0470050071', '0470067462', '0470116145', '0470088869', '0471675881', '0471773239', '0471676101', '047172694X', '0470097175', '0470098120', '0470103760', '0471675873', '0470054948', '0470086823', '0471676136', '0471415782', '0470041366', '0470099461', '0470072385', '0470069236', '047010158X', '0470086831', '0471675563', '0471785520', '0470115572', '047008846X', '0471727784', '0471676403', '0470104821', '0470119152', '0471717789', '0471781444', '0471402990', '0471675547']",65,"['9780471400219', '9780470051962', '9780471676126', '9780470073100', '9780471387206', '9780471676119', '9780471395423', '9780471730514', '9780470115725', '9780470073841', '9780471676157', '9780470072486', '9780471467014', '9780470072493', '9780470072479', '9780470082089', '9780471732440', '9780470103753', '9780471697923', '9780470051986', '9780471663478', '9780470182093', '9780470082096', '9780471676096', '9780471675839', '9780471398677', '9780471694724', '9780471400820', '9780471478065', '9780471794493', '9780470050071', '9780470067468', '9780470116142', '9780470088869', '9780471675884', '9780471773238', '9780471676102', '9780471726944', '9780470097175', '9780470098127', '9780470103760', '9780471675877', '9780470054949', '9780470086827', '9780471676133', '9780470041369', '9780470099469', '9780470072387', '9780470069233', '9780470101582', '9780470086834', '9780471675563', '9780471785521', '9780470115572', '9780470088463', '9780471727781', '9780471676409', '9780470104828', '9780470119150', '9780471717782', '9780471781448', '9780471402992', '9780471675549']","['Hardcover', 'Paperback']",['English'],1998.0,0.0,False
BOOK00759,Managerial Accounting,['Jerry J. Weygandt'],80,1999,2008,English,1,False,"['nju', 'xxu']",2,"['Hoboken, NJ', 'New York', 'Chichester']",3,5,77,4,84,1648,['eng'],"['John Wiley & Sons Inc', 'Wiley', 'John Wiley & Sons', 'AIPI', 'John Wiley and Sons (WIE)']","['0471785512', '0471207365', '0471729027', '0471670456', '0470036753', '0471387762', '0471676969', '047167639X', '0471759244', '0471687464', '0471735043', '0471223115', '0471735035', '047176101X', '0471776017', '0471452173', '0470102977', '0471225754', '0471448672', '0471735701', '0470042478', '047172498X', '0471458333', '0471225614', '0470163399', '0471753467', '0471264636', '0471732192', '0470102861', '0471447013', '0470086491', '0471473472', '0471757772', '0471725455', '0471450049', '0471730262', '0471735698', '0471731595', '0471671487', '0470896671', '0471456934', '0470104775', '0471225746', '0470104791', '0471750565', '0471730270', '0471454389', '0470104783', '0471694339', '0471760137', '0471735027', '0471450146', '0471676306', '0471661783', '0471452912', '0470175702', '1428811524', '0470174099', '0470117265', '0471449121', '0470174080', '0471680427', '0471729566', '0471353213', '0470174064', '0471680443', '0471661821', '0471345881', '0471735019', '0471730831', '0471413658', '0471680435', '0471353280', '0471353043', '0471680451', '1428811494', '0471273007']",77,"['9780471785514', '9780471207368', '9780471729020', '9780471670452', '9780470036754', '9780471387763', '9780471676966', '9780471676393', '9780471759249', '9780471687467', '9780471735045', '9780471223115', '9780471735038', '9780471761013', '9780471776017', '9780471452171', '9780470102978', '9780471225751', '9780471448679', '9780471735700', '9780470042472', '9780471724988', '9780471458333', '9780471225614', '9780470163399', '9780471753469', '9780471264637', '9780471732198', '9780470102862', '9780471447016', '9780470086490', '9780471473473', '9780471757771', '9780471725459', '9780470117262', '9780471450047', '9780471730262', '9780471735694', '9780471731597', '9780471671480', '9780470896679', '9780471456933', '9780470104774', '9780471225744', '9780470104798', '9780471750567', '9780471730279', '9780471454380', '9780470104781', '9780471694335', '9780471760139', '9780471735021', '9780471450146', '9780471676300', '9780471452911', '9780470175705', '9781428811522', '9780470174098', '9780471449126', '9780470174081', '9780471680420', '9780471729563', '9780471353218', '9780470174067', '9780471680444', '9780471661825', '9780471345886', '9780471735014', '9780471730835', '9780471413653', '9780471680437', '9780471353287', '9780471353041', '9780471680451', '9780471661788', '9781428811492', '9780471273004']","['Hardcover', 'Paperback', 'Transparency', 'Slide']",['English'],1999.0,0.0,False
BOOK00760,Business Statistics,['Ken Black'],29,1991,2008,English,1,False,"['ohu', 'mnu', 'nju', 'xxu']",4,"['Cincinnati, Ohio', 'Minneapolis', 'St. Paul', 'Hoboken, NJ', 'Minneapolis/St. Paul']",5,10,21,2,236,1282,['eng'],"['South-Western College Pub.', 'John Wiley & Sons Inc', 'West Pub.', 'South-Western Pub', 'Wiley', 'West Group', 'West Pub. Co.', 'South-Western Educational Publishing', 'West Publishing', 'West Publishing Co.']","['0324009208', '0324009224', '0324009216', '0470104384', '0314024743', '0471705632', '0471467774', '0314027882', '0471759473', '0470136154', '0471683973', '0471776378', '0314922199', '0470123214', '0471467790', '0471484628', '0471789569', '0470149299', '0314201289', '0314206434', '0314206442', '0470067950', '047142983X', '0471740233', '0471466530', '0471689661', '0471467782']",27,"['9780470104385', '9780324009224', '9780471705635', '9780471467779', '9780471759478', '9780470136157', '9780471683971', '9780471776376', '9780314922199', '9780470123218', '9780471467793', '9780471484622', '9780324009200', '9780471789567', '9780470149294', '9780470067956', '9780471740230', '9780471466536', '9780471689669', '9780471429838', '9780471467786']","['Hardcover', 'Paperback']",['English'],1991.0,0.0,False
BOOK00761,Statistical analysis for decision making,['Morris Hamburg'],8,1970,1994,English,1,False,"['enk', 'nyu', 'cau', 'txu']",4,"['San Diego', 'London', 'New York', 'Belmont, CA', 'Fort Worth']",5,6,0,0,701,829,['eng'],"['Harcourt Brace Jovanovich', 'Harcourt, Brace & World', 'Duxbury Press', 'Dryden Press', 'Harcourt Brace College Publishers', 'Dryden Pr']","['0155834592', '0155837605', '0155834533', '053451037X', '0155834509', '0155837478', '003096914X']",7,[],[],['English'],1970.0,0.0,False
BOOK00762,The managerial decision-making process,['E. Frank Harrison'],7,1975,1999,English,1,False,['mau'],1,['Boston'],1,3,0,0,341,564,['eng'],"['houghton mifflin', 'Houghton Mifflin', 'Houghton Mifflin Co.']","['0395300738', '0395708370', '0395908213', '0395188652', '039542481X']",5,[],[],['English'],1975.0,0.0,False
BOOK00763,Judgment in managerial decision making,['Max H. Bazerman'],9,1986,2008,English,1,False,"['nyu', 'xxk', 'nju']",3,"['New York', 'Chichester', 'Hoboken, NJ']",3,4,1,0,182,241,['eng'],"['John Wiley & Sons', 'Wiley', 'J. Wiley', 'J. Wiley & Sons']","['047139887X', '0471896292', '0471178071', '0471005444', '0471586439', '0470049456', '0471507636', '0471684309']",8,['9780470049457'],[],['English'],1986.0,0.0,False
BOOK00764,Administrative behavior,['Herbert Alexander Simon'],8,1947,1997,English,1,False,"['nyu', 'xx', 'xxu']",3,['New York'],1,5,1,1,259,368,['eng'],"['MacMillan Publishing Company.', 'Macmillan', 'Free Press', 'Macmillan Co.', 'Macmillan Co']","['002928970X', '0029289718', '0029290007', '0684835827']",4,['9780029289709'],['Hardcover'],['English'],1947.0,0.0,False
BOOK00765,Business ethics,"['O. C. Ferrell', 'John Fraedrich', 'Linda Ferrell']",9,1991,2016,English,1,False,"['mau', 'ma']",2,['Boston'],1,6,3,1,287,496,['eng'],"['South-Western College Pub', 'Houghton Mifflin Company', 'Houghton Mifflin Co.', 'Houghton Mifflin', 'Houghton Mifflin Co', 'Houghton Mifflin College Div']","['1305642562', '0618124144', '0395692954', '061847921X', '0395959535', '0395554217', '0618395733', '0395790840', '0395790859']",9,"['9781305642560', '9780618124145', '9780618479214']",['loose leaf'],['English'],1991.0,0.0,False
BOOK00766,Business Analytics,"['S. Christian Albright', 'Wayne L. Winston']",6,2014,2020,English,1,False,[],0,[],0,3,6,1,984,984,['eng'],"['Cengage Learning', 'Cengage South-Western', 'Wadsworth']",['0357109953'],1,"['9780357110065', '9780357530559', '9780357109960', '9781133588269', '9781305947542', '9780357109953']",['hardcover'],['English'],2014.0,0.0,False
BOOK00767,Judgment and decision making,"['Peter Juslin', 'Henry Montgomery']",9,1999,2015,English,1,False,[],0,[],0,2,9,1,350,352,['eng'],"['Taylor & Francis Group', 'Lawrence Erlbaum']",['0805832548'],1,"['9781410617675', '9780585375458', '9781135668709', '9781135668686', '9781135668730', '9781135668723', '9781410603012', '9781138003279', '9780805832549']",['Hardcover'],['English'],1999.0,0.0,False
BOOK00768,Curriculum improvement,['Ronald C. Doll'],13,1964,1996,English,1,False,"['mau', 'xxu']",2,"['Boston', 'Boston(Mass)', 'Boston, (Mass.)']",3,4,1,0,358,557,['eng'],"['Allyn and Bacon', 'Allyn and Bacon Inc.', 'Allen andBacon', 'Allyn & Bacon']","['0205085008', '0205118518', '0205164579', '0205131719', '0205060463', '0205075584']",6,['9780205164578'],[],['English'],1964.0,0.0,False
BOOK00769,The psychology of judgment and decision making,['Scott Plous'],2,1993,1993,English,1,False,"['nyu', 'pau']",2,"['New York', 'Philadelphia']",2,2,0,0,302,302,['eng'],"['McGraw-Hill', 'Temple University Press']","['0070504776', '0877229139']",2,[],[],['English'],1993.0,0.0,False
BOOK00770,Financial accounting,['Jerry J. Weygandt'],20,1995,2010,English,1,False,"['nyu', 'nju', 'enk', 'xxk']",4,"['New York, NY', 'New York', 'Hoboken, NJ', 'Chichester']",4,4,12,2,176,1500,['eng'],"['Wiley', 'John Wiley & Sons Inc', 'John Wiley & Sons', 'AIPI']","['0471655279', '0471750573', '0471587443', '047116920X', '0471072419', '0470185872', '0471415782', '0471324736', '0471347736', '0471084956', '047123866X', '0471169196', '0471325554', '1428811508', '0471347744', '0471111589']",16,"['9780471750574', '9780470128848', '9780470185872', '9780471415787', '9780471324737', '9780470477151', '9780471084952', '9780471238669', '9780471169192', '9780471325550', '9781428811508', '9780471347743']","['Hardcover', 'Paperback']",['English'],1995.0,0.0,False
BOOK00771,Financial decision making,['John J. Hampton'],5,1976,1989,English,1,False,"['nju', 'vau', 'xxu']",3,"['Englewood Cliffs, N.J', 'Reston, Va', 'Englewood Cliffs,N.J']",3,3,0,0,510,659,['eng'],"['Prentice Hall', 'Reston Pub. Co.', 'Prentice-Hall']","['0133152502', '0835920127', '0835920089', '0879092807', '0133150860']",5,[],[],['English'],1976.0,0.0,False
BOOK00772,Executive decision making,['Manley Howe Jones'],8,1957,1962,English,1,False,"['ilu', 'xxu']",2,"['Homewood, Ill', 'Homewood (Illinois)', 'Homewood, IL']",3,3,0,0,485,560,['eng'],"['R.D. Irwin', 'Richard D. Irwin', 'Irwin']",[],0,[],[],['English'],1957.0,0.0,False
BOOK00773,Policy paradox,['Deborah Stone'],1,2012,2012,English,1,False,['nyu'],1,['New York'],1,2,1,0,416,416,['eng'],"['W.W. Norton & Co.', 'W. W. Norton & Company']",[],0,['9780393912722'],[],['English'],2012.0,0.0,False
BOOK00774,Career decision making,"['W. Bruce Walsh', 'Samuel H. Osipow']",6,1988,2014,English,1,False,['nju'],1,"['Hillsdale, N.J']",1,3,5,0,274,286,['eng'],"['Taylor & Francis Group', 'Routledge', 'L. Erlbaum Associates']",['0898597560'],1,"['9781317767343', '9781315802046', '9781306374903', '9781317767350', '9781317767367']",[],['English'],1988.0,0.0,False
BOOK00775,An introduction to management science,['David Ray Anderson'],13,1976,2005,English,1,False,"['mnu', 'xxu']",2,"['St. Paul', 'Minneapolis/St. Paul', 'Cincinnati', 'London', 'St. Paul, Minn']",5,6,3,1,631,907,['eng'],"['West Pub. Co.', 'West Pub. Co., 1981, c1979.', 'West Group', 'Thomson South-Western', 'South-Western Pub', 'South-Western College Publishing']","['0314629696', '031485214X', '0314210970', '0829901930', '0314034838', '0324202334', '0829900799', '032407946X', '0324003218', '0314793216', '0314024794', '0314631496']",12,"['9780314034830', '9780324202335', '9780324079463']",['Hardcover'],['English'],1976.0,0.0,False
BOOK00776,Argumentation and debate,"['Austin J. Freeley', 'David L. Steinberg']",20,1961,2012,English,1,False,"['cau', 'xxu', 'mau']",3,"['Belmont, Calif', 'Boston', 'Belmont, CA', 'Belmont', 'Boston, MA', 'San Francisco']",6,10,6,2,410,544,['eng'],"['Belmont CA Wadsworth Publishing 1966.', 'Wadsworth', 'Wadsworth Pub. Co.', 'Wadsworth Publishing', 'Wadsworth Pub Co', 'Thomson Wadsworth', 'Wadsworth/Cengage Learning', 'Cengage Learning', 'Brand: Wadsworth Pub Co', 'Wadsworth/Thomson Learning']","['053451510X', '0534258263', '0534561152', '0495095907', '0534177069', '0534009441', '0534004202', '0534055265', '0534120067']",9,"['9781133311607', '9780534515102', '9780534258269', '9780534561154', '9780495095903', '9780534177065']","['Hardcover', 'Paperback']",['English'],1961.0,0.0,False
BOOK00777,Sales management,"['Thomas N. Ingram', 'Raymond W. Laforge', 'Ramon A. Avila', 'Charles H., Jr Schwepker', 'Michael R. Williams']",8,2005,2019,English,1,False,['ohu'],1,"['Mason, Ohio']",1,4,7,1,358,480,['eng'],"['Taylor & Francis Group', 'Routledge', 'South-Western College Pub', 'Thomson/South-Western']",['0324321058'],1,"['9781000651805', '9781000651669', '9780429286926', '9781000651942', '9780765644510', '9781138858022', '9780324321050']",['Paperback'],['English'],2005.0,0.0,False
BOOK00778,Financial Accounting,['Paul D. Kimmel'],58,2008,2016,English,1,False,[],0,[],0,1,58,0,276,276,['eng'],"['Wiley & Sons, Incorporated, John']",[],0,"['9781118992166', '9781118723852', '9781118724279', '9781118950234', '9781119020929', '9780470346518', '9781118723869', '9780470419212', '9781119209881', '9781119157267', '9781118724088', '9780470581865', '9781118707289', '9781118726402', '9781118723937', '9781119171799', '9781118448557', '9781118410158', '9781119377832', '9781119335252', '9781119231592', '9781119259633', '9781118724293', '9781118586266', '9781118570159', '9781119305842', '9781118815496', '9781119050759', '9781119231608', '9781118707555', '9781118231494', '9781118410189', '9780470391730', '9781119335238', '9781119335344', '9781119298229', '9781118253670', '9781118983140', '9781118953860', '9781118983133', '9781118344262', '9781118568880', '9781118344279', '9781118399835', '9781118102923', '9780470936719', '9781118503515', '9781118116326', '9780470586600', '9781118840245', '9780470577301', '9781118102824', '9781118805107', '9781118573181', '9781118344286', '9781118101001', '9780470529935', '9780470520772']",[],['English'],2008.0,0.0,False
BOOK00779,Decision making,['Irving Lester Janis'],1,1977,1977,English,1,False,['nyu'],1,['New York'],1,1,0,0,488,488,['eng'],['Free Press'],['0029161606'],1,[],[],['English'],1977.0,0.0,False
BOOK00780,Data analysis & decision making with Microsoft Excel,"['S. Christian Albright', 'Wayne Winston', 'Christopher J. Zappe']",7,1999,2009,English,1,False,"['ohu', 'cau']",2,"['Mason, Ohio', 'Pacific Grove, CA', 'Belmont, Calif', 'London', 'Mason, OH']",5,6,4,1,1,1090,['eng'],"['South-Western/Cengage Learning', 'South-Western College Pub', 'Duxbury Press', 'Duxbury', 'Thomson Learning', 'Thomson/South-Western']","['0324662440', '0324662459', '0534421458', '0324400829', '0534261248', '053438367X', '0534389325']",7,"['9780324662443', '9780324662450', '9812435433', '9780324400823']",['Hardcover'],['English'],1999.0,0.0,False
BOOK00781,Financial Accounting,"['Paul D. Kimmel', 'Donald E. Kieso']",13,2008,2019,English,1,False,"['enk', 'onc']",2,"['Chichester', 'Toronto, ON']",2,6,14,3,288,1594,['eng'],"['Wiley', 'John Wiley', 'Wiley (WileyPLUS Products)', 'Wiley & Sons, Incorporated, John', 'John Wiley & Sons Canada, Ltd.', 'Wiley & Sons Canada, Limited, John']","['0470155353', '0470379766', '0470379758', '1119493641', '1118644948', '1119598303', '1119504708', '1118114892', '1118121252']",9,"['9780470155356', '9780470379769', '9780470379752', '9781119493648', '9781119594598', '9781118644942', '9781119444916', '9781119491040', '9781119442349', '9781118338438', '9781119598305', '9781119504702', '9781118114896', '9781118121252']","['hardcover', 'paperback', 'loose leaf']",['English'],2008.0,0.0,False
BOOK00782,A primer on decision making,['James G. March'],3,1994,2009,English,1,False,['nyu'],1,"['New York', 'Toronto']",2,4,2,0,289,308,['eng'],"['Simon & Schuster, Limited', 'Free Press', 'Maxwell Macmillan Canada', 'Maxwell Macmillan International']",['0029200350'],1,"['9781439108338', '9781439157336']",[],['English'],1994.0,0.0,False
BOOK00783,"Management Decision-Making, Big Data and Analytics","['Simone Gressel', 'David J. Pauleen', 'Nazim Taskin']",4,2020,2022,English,1,False,[],0,[],0,2,4,0,176,176,['eng'],"['SAGE Publications, Limited', 'SAGE Publications, Incorporated']",[],0,"['9789354790027', '9789354793943', '9781526492012', '9781526492005']",[],['English'],2020.0,0.0,False
BOOK00784,Business ethics,"['Laura Pincus Hartman', 'Laura P. Hartman', 'Joseph R. DesJardins']",6,2007,2023,English,1,False,"['nyu', 'mau']",2,['Boston'],1,3,5,1,492,589,['eng'],"['McGraw-Hill Higher Education', 'McGraw-Hill Education', 'McGraw-Hill/Irwin']","['0078029457', '1259060586', '0073136867']",3,"['9781265322724', '9781259417856', '9780078029455', '9781259060588', '9780073136868']",['Paperback'],['English'],2007.0,0.0,False
BOOK00785,DECISION MAKING,['Irving L. Janis'],2,1979,1979,English,1,False,[],0,[],0,1,1,1,512,512,['eng'],['Free Press'],['0029161908'],1,['9780029161906'],['Paperback'],['English'],1979.0,0.0,False
BOOK00786,Data Analytics and Decision Making,['Ali AbdulHussein'],2,2022,2022,English,1,False,[],0,[],0,2,0,1,,,['eng'],"['eCampusOntario Open Authoring Platform', 'Pressbooks']",[],0,[],['Ebook'],['English'],2022.0,0.0,False
BOOK00787,Multiple criteria decision making,['Milan Zeleny'],1,1982,1982,English,1,False,['nyu'],1,['New York'],1,1,0,0,563,563,['eng'],['McGraw-Hill'],['0070727953'],1,[],[],['English'],1982.0,0.0,False
BOOK00788,Nursing Fundamentals,['Rick Daniels'],9,2003,2010,English,1,False,['at'],1,"['Australia', 'United States']",2,5,7,2,1216,1767,['eng'],"['Delmar Cengage Learning', 'Cengage Delmar Learning', 'Delmar Thomson Learning', 'Thomson Delmar Learning', 'Delmar Learning']","['1428305572', '0766838366', '0766838412', '0766838420', '0766838404', '0766838390', '0766838382']",7,"['9781428305571', '9780766838369', '9780766838413', '9780766838420', '9780766838406', '9780766838390', '9780766838383']","['Hardcover', 'Calendar']",['English'],2003.0,0.0,False
BOOK00789,Fear of Missing Out,['Patrick J. McGinnis'],1,2020,2020,,0,False,[],0,[],0,1,1,1,256,256,[],['Sourcebooks'],['1492694940'],1,['9781492694946'],['paperback'],[],2020.0,0.0,False
BOOK00790,Accounting for Decision Making and Control,"['Jerold L. Zimmerman', 'Zimmerman', 'Will Yancey']",21,1995,2022,English,1,False,"['nyu', 'enk', 'ilu', 'mau']",4,"['New York, NY', 'New York', 'Chicago, Ill', 'Boston', 'Chicago']",5,11,13,3,646,784,['eng'],"['Mcgraw-Hill College', 'McGraw-Hill', 'McGraw-Hill Education', 'McGraw Hill Higher Education', 'McGraw-Hill/Irwin', 'McGraw', 'Irwin', 'Irwin/McGraw-Hill', 'McMcGraw-Hill', 'McGraw-Hill Companies', 'Mcgraw Hill Higher Education']","['0256261660', '007131475X', '0078136725', '0071169121', '0256185743', '0071199152', '0073379484', '0072975865', '0073039373', '0256128545', '007126745X', '0072501790']",12,"['9780256261660', '9780071115544', '9781260565478', '9780071314756', '9781259255007', '9780078136726', '9780078025747', '9781259564550', '9781259969492', '9780071199155', '9780073379487', '9780071267458', '9780072501797']","['Paperback', 'paperback', 'Hardcover']",['English'],1995.0,0.0,False
BOOK00791,Accounting for managers,['Paul M. Collier'],13,2009,2016,English,1,False,"['onc', 'enk']",2,"['Mississauga, Ont']",1,3,13,0,523,523,['eng'],"['Wiley & Sons, Incorporated, John', 'J. Wiley & Sons Canada', 'Wiley']",['111900294X'],1,"['9781118531112', '9781118793237', '9781118358269', '9781118530955', '9780470063613', '9781118531105', '9781118531099', '9780470490549', '9781118037966', '9781119133834', '9781119097051', '9781119097105', '9781119002949']",[],['English'],2009.0,0.0,False
BOOK00792,Radical Uncertainty,"['Mervyn King', 'John Kay']",6,2019,2021,English,1,False,[],0,[],0,3,6,0,320,544,['eng'],"['Norton & Company, Incorporated, W. W.', 'Little, Brown Book Group Limited', 'Norton & Company Limited, W. W.']",[],0,"['9780393541984', '9781324004783', '9781408712597', '9781408712603', '9780349143996', '9781324004776']",[],['English'],2019.0,0.0,False
BOOK00793,Managerial Accounting,"['Jerry J. Weygandt', 'Ibrahim M. Aly', 'Donald E. Kieso', 'Paul D. Kimmel']",19,2010,2018,English,1,False,[],0,[],0,1,19,0,651,651,['eng'],"['Wiley & Sons, Incorporated, John']",[],0,"['9781119042372', '9781118754221', '9781118737279', '9781119036432', '9781119514992', '9781118010396', '9781118737286', '9781118869857', '9781118869789', '9781118983317', '9781118869765', '9781118680841', '9781119034940', '9781118981184', '9781119034698', '9781118983294', '9781118643389', '9781118064535', '9781118523803']",[],['English'],2010.0,0.0,False
BOOK00794,Business ethics,['O. C. Ferrell'],1,2011,2011,English,1,False,['ohu'],1,"['Mason, OH']",1,1,1,0,518,518,['eng'],['South-Western Cengage'],['1439042233'],1,['9781439042236'],[],['English'],2011.0,0.0,False
BOOK00795,Judgment and Decision-Making,['Nancy S. Kim'],2,2017,2025,English,1,False,[],0,[],0,2,2,1,305,368,['eng'],"['Bloomsbury Publishing Plc', 'Red Globe Press']",['1137269553'],1,"['9781350421523', '9781137269553']",['paperback'],['English'],2017.0,0.0,False
BOOK00796,Holistic management,"['Allan Savory', 'Jody Butterfield']",4,1998,2013,English,1,False,"['dcu', 'xxu']",2,"['Washington, D. C', '[London']",2,2,2,1,616,640,['eng'],"['Island Press', 'Kogan Page] [distributor]']","['155963488X', '1559634871']",2,"['9781597262675', '9781559634885']",['Paperback'],['English'],1998.0,0.0,False
BOOK00797,Creative decision making,['H. B. Gelatt'],4,1991,2003,English,1,False,"['enk', 'cau']",2,"['London', 'Los Altos, Calif', 'Menlo Park, CA']",3,2,0,0,70,112,['eng'],"['Kogan Page', 'Crisp Publications']","['0749406518', '1560520981', '1560526904']",3,[],[],['English'],1991.0,0.0,False
BOOK00798,Economics,['George Leland Bach'],17,1954,1987,English,1,False,"['xxk', 'nju', 'nyu']",3,"['Englewood Cliffs, N.J', 'New York']",2,1,0,0,426,850,['eng'],['Prentice-Hall'],"['0135804086', '0135427207', '0135812984', '0135427126', '0135813069', '0132272407', '0132272725', '0135428874', '0132272318', '0132273489', '0132273632']",11,[],[],['English'],1954.0,0.0,False
BOOK00799,The ethical decision-making manual for helping professionals,['Sarah O. Steinman'],1,1998,1998,English,1,False,['cau'],1,"['Pacific Grove, CA']",1,1,0,0,130,130,['eng'],['Brooks/Cole'],['0534349390'],1,[],[],['English'],1998.0,0.0,False
BOOK00800,AN INTRODUCTION TO MANAGEMENT SCIENCE,"['David Ray Anderson', 'Dennis J. Sweeney', 'Thomas Arthur Williams', 'Jeffrey D. Camm', 'James J. Cochran']",1,2019,2019,,0,False,[],0,[],0,1,1,0,912,912,[],['CENGAGE LEARNING'],[],0,['9781337406529'],[],[],2019.0,0.0,False
BOOK00801,Financial Accounting,"['Paul D. Kimmel', 'Donald E. Kieso']",13,2010,2013,English,1,False,[],0,[],0,1,13,0,,,['eng'],"['Wiley & Sons, Incorporated, John']",[],0,"['9781118561874', '9781118562178', '9781118562208', '9781118654507', '9781118633823', '9781118231524', '9781118376867', '9781118143421', '9781118357132', '9781118297421', '9780470566176', '9780470919842', '9781118506592']",[],['English'],2010.0,0.0,False
BOOK00802,Accounting,"['Jacqueline Birt', 'Keryn Chalmers', 'Suzanne Byrne', 'Albie Brooks', 'Judy Oliver']",17,2005,2023,English,1,False,[],0,[],0,4,17,1,618,1176,['eng'],"['Wiley & Sons, Incorporated, John', 'Wiley', 'Wiley & Sons, Limited, John', 'John Wiley & Sons']","['1118624181', '1118608224']",2,"['9781394202768', '9781394202775', '9780730369295', '9780730335955', '9780730312819', '9780730302414', '9780470817995', '9781742165561', '9780470812532', '9780470806869', '9780470810224', '9780470804735', '9780730373629', '9781118624180', '9781118608234', '9781118608227', '9780730369325']",['paperback'],['English'],2005.0,0.0,False
BOOK00803,Decision making and problem solving strategies,['John Adair'],2,2010,2010,English,1,False,"['nyu', 'enk']",2,"['London', 'Philadelphia']",2,2,2,1,94,94,['eng'],"['Kogan Page Publishers', 'Kogan Page']",[],0,"['9780749458904', '9780749455514']",['E-book'],['English'],2010.0,0.0,False
BOOK00804,Managerial accounting,"['Ray H. Garrison', 'Eric W., Phd Noreen', 'Eric Noreen', 'Peter C. Brewer']",29,1976,2010,English,1,False,"['xxu', 'ilu', 'mau', 'txu']",4,"['Burr Ridge, Ill', 'Homewood, IL', 'Boston', 'Chicago', 'Dallas', 'Plano, Tex']",6,10,14,3,350,1045,['eng'],"['McGraw-Hill/Irwin', 'MCGRAW HILL BOOK COMPANY', 'Irwin/McGraw-Hill', 'Irwin', 'Mcgraw-Hill College', 'McGraw-Hill Education', 'Business Publications', 'McGraw-Hill Companies', 'Richard D Irwin', 'Irwin Professional Publishing']","['0073526703', '0072531746', '0072528788', '0256098778', '0256110107', '0256133697', '0073203068', '0256107238', '0073987670', '0256169179', '0256169292', '0071195173', '0256081204', '0073379611', '0256075654', '0256017808', '0256058334', '0074061399', '0072515023', '0256026904', '0256032629', '0072369949', '0072528125', '0072423382', '0071151001', '0256022097', '0072483458', '0256207836', '0256032610']",29,"['9780073526706', '9780072531749', '9780072528787', '9780256098778', '9780073203065', '9780073987675', '9780071195171', '9780073379616', '9780074061398', '9780072515022', '9780256032628', '9780072369946', '9780072483451', '9780256207835']","['CD-ROM', 'Hardcover', 'Paperback']",['English'],1976.0,0.0,False
BOOK00805,An Introduction to Management Science,['David Ray Anderson'],4,1982,2011,English,1,False,"['ohu', 'xxu']",2,"['Cincinnati, Ohio', 'St. Paul', 'Minneapolis/St. Paul']",3,3,2,1,848,896,['eng'],"['South-Western College Pub.', 'West Publishing', 'South-Western Cengage Learning']","['0585378681', '0314631496', '0314025049', '1111532222']",4,"['9780585378688', '9781111532222']",['Hardcover'],['English'],1982.0,0.0,False
BOOK00806,Improve Your Communication Skills,['Alan Barker'],15,2010,2022,English,1,False,"['enk', 'pau', 'nyu']",3,"['London', 'Philadelphia, PA', 'Philadelphia']",3,4,14,1,176,200,['eng'],"['Kogan Page, Limited', 'KoganPage', 'Kogan Page Limited', 'Kogan Page Publishers']","['0749460369', '0749459115', '0749456272']",3,"['9780749475758', '9780749486273', '9780749498863', '9780749475765', '9781398605909', '9781398605824', '9780749486280', '9781398605893', '9781282601079', '9780749467173', '9781299160217', '9780749460365', '9780749459116', '9780749456276']",['eBook'],['English'],2010.0,0.0,False
BOOK00807,Effective business communications,['Herta A. Murphy'],11,1972,1997,English,1,False,"['nyu', 'onc', 'xx']",3,"['New York', 'Toronto, Ont', 'Markham, Ont', 'Toronto', 'New York [u.a.]']",5,5,1,0,617,849,['eng'],"['McGraw-Hill Companies', 'McGraw-Hill', 'McGraw-Hill Ryerson', 'Mcgraw-Hill Ryerson Ltd', 'Grolier']","['007044398X', '0070440913', '0075485656', '007044157X', '0070441596', '0070441588', '007044160X', '0070440611', '0070440948', '0070440654', '0075497212']",11,['9780070441576'],[],['English'],1972.0,0.0,False
BOOK00808,Theories of human communication,"['Stephen W. Littlejohn', 'Karen A. Foss']",14,1978,2021,English,1,False,"['at', 'cau', 'xxu', 'ohu']",4,"['Southbank, Vic., Australia', 'Belmont, Calif', 'London', 'Wadsworth/Thomson Learning', 'Columbus, Ohio', 'Belmont', 'Belmont, CA', 'Australia']",8,10,3,1,315,420,['eng'],"['Waveland Press, Incorporated', 'waveland', 'Wadsworth Publishing', 'Thomson Wadsworth', 'Wadsworth Pub. Co.', 'Wadsworth Pub. Co., c1983.', 'Merrill', 'Wadsworth Pub.', 'Wadsworth/Thomson Learning', 'Wadsworth']","['0534638732', '0534012809', '0534549578', '0534161340', '0675084318', '0534260527', '0534548199', '0495095877', '0534095348']",9,"['9781478646679', '9780534638733', '9780495095873']",['Paperback'],['English'],1978.0,0.0,False
BOOK00809,Nonviolent Communication,"['Marshall B. Rosenberg', 'Deepak Chopra', 'Magiarí Díaz Díaz', 'Alan Rafael Seid Llamas', 'Rosenberg']",38,1999,2022,"French, Spanish, Germanic languages, German, English, Czech",6,True,"['cau', 'nyu']",2,"['Reggio Emilia', 'Paris, France', 'Warszawa, Poland', 'Encinitas', 'Praha', 'Encinitas, CA', 'Chicago', 'Del Mar, CA']",8,20,30,6,163,320,"['fre', 'spa', 'gem', 'ger', 'eng', 'cze']","['Esserci Edizioni', 'La Découverte', 'Le découverte', 'Jouvence', 'Czarna Owca', 'Acanto', 'Editorial Acanto S.A.', 'EDITORIAL ACANTO S.A.', 'Lemniscaat, Uitgeverij', 'Puddledancer Press', 'Junfermannsche Verlags-', 'Junfermannsche Verlagsbuchhandlung', 'Junfermann Verlag', 'Remzi Kitabevi', 'Wydawnictwo Czarna Owca', 'PuddleDancer Press', 'Sounds True', 'Ediciones Urano', 'GranAldea editores', 'Portál']","['1880396408', '2707137154', '2707188794', '2883531862', '8375541524', '8415053908', '8415053665', '8381436249', '9047703618', '3873874547', '9751418860', '1591791693', '8479533668', '189200528X', '1892005026', '1892005034', '1591791707']",17,"['9788896985625', '9781880396407', '9782707137159', '9782707188793', '9782883531864', '9788375541526', '9788415053057', '9788415053309', '9788415053903', '9788415053668', '9788381436243', '9789047703617', '9781934336199', '9781934336311', '9781934336250', '9783873874541', '9783873878013', '9783955715724', '9789751418869', '9781892005519', '9781892005540', '9788380154025', '9781591791690', '9788479533663', '9781892005281', '9788026210795', '9781892005021', '9781892005373', '9781892005977', '9781591791706']","['paperback', 'Paperback', 'hardcover', 'Audio cassette', 'Electronic resource', 'Audio CD']","['French', 'Spanish', 'Germanic languages', 'German', 'English', 'Czech']",1999.0,0.0,False
BOOK00810,Introduction to communicative disorders,['M. N. Hegde'],5,1991,2010,English,1,False,"['txu', 'mau']",2,"['Austin, Tex']",1,2,3,1,493,640,['eng'],"['Pro-Ed', 'Pro ed']","['089079863X', '0890796084', '0890794421', '0890798648']",4,"['9780890798638', '9780890798645', '9781416404255']",['Hardcover'],['English'],1991.0,0.0,False
BOOK00811,Wireless communications,"['Theodore S. Rappaport', 'Rappaport']",10,1995,2024,English,1,False,['nju'],1,"['Upper Saddle River, N.J']",1,5,5,3,641,736,['eng'],"['Prentice Hall', 'Cambridge University Press', 'IEEE', 'Prentice Hall PTR', 'Prentice-Hall of India']","['0134610881', '8178086484', '0780311671', '0130422320', '8120323815', '0133755363']",6,"['9780134610887', '9781009489843', '9788178086484', '9780780311671', '9780130422323']","['Textbook Binding', 'Paperback', 'Hardcover']",['English'],1995.0,0.0,False
BOOK00812,Data Communications and Networking,"['Behrouz A. Forouzan', 'Catherine Ann Coombs', 'Sophia Chung Fegan']",10,2000,2003,English,1,False,"['ii', 'mau']",2,"['New Delhi', 'Toronto', 'Boston']",3,5,5,2,832,944,['eng'],"['Tata McGraw Hill Education Private', 'Osborne Publishing', 'Mcgraw-Hill College', 'McGraw-Hill', 'McGraw Hill Higher Education']","['0070499357', '0072322047', '0072494409', '0072484675', '0071232419', '0072822945']",6,"['9780070499355', '9780072322040', '9780072494402', '9780072484670', '9780071232418']","['Hardcover', 'Paperback']",['English'],2000.0,0.0,False
BOOK00813,Corporate communication,['Paul A. Argenti'],15,1994,2022,English,1,False,"['mau', 'ilu']",2,"['Boston', 'Burr Ridge, Ill']",2,8,8,2,200,336,['eng'],"['Mc Graw-hill education', 'McGraw Hill', 'McGraw-Hill Higher Education', 'McGraw-Hill Education', 'McGraw-Hill/Irwin', 'Irwin/McGraw-Hill', 'McGraw-Hill Irwin', 'Irwin']","['0072990546', '0256217238', '0073377732', '0072314028', '0071151362', '0256057052']",6,"['9780073403274', '9781265481827', '9781264330263', '9789814636193', '9780072990546', '9780073377735', '9780072314021', '9780071151368']","['Hardcover', 'Paperback']",['English'],1994.0,0.0,False
BOOK00814,Electronic communication,['Robert L. Shrader'],11,1959,1993,English,1,False,"['nyu', 'xxk', 'ilu']",3,"['New York', 'Lake Forest Il', 'Lake Forest, Ill']",3,8,3,1,682,954,['eng'],"['McGraw-hill Book Company, Inc.', 'McGraw-Hill', 'Macmillan/Mcgraw-Hill School', 'Gregg Division, McGraw-Hill', 'Glencoe', 'Glencoe/Mcgraw-Hill', 'Mcgraw-Hill (Tx)', 'Glencoe Macmillan/McGraw-Hill']","['0070571511', '0070571384', '0070571589', '0070571503', '0071136657', '0070571600', '0071003428', '0070571570']",8,"['9780070571587', '9780070571600', '9780071003421']",['Paperback'],['English'],1959.0,0.0,False
BOOK00815,Introducing communication theory,"['Richard L. West', 'Lynn H. Turner', 'Richard West', 'Lynn Turner']",8,2000,2020,English,1,False,"['nyu', 'cau', 'mau']",3,"['New York, N.Y', 'Mountain View, Calif', 'Boston']",3,6,6,3,20,640,['eng'],"['McGraw Hill', 'McGraw-Hill Education', 'McGraw-Hill Humanities/Social Sciences/Languages', 'McGraw-Hill', 'Mayfield Pub.', 'McGraw-Hill Companies']","['0077451996', '1260254097', '1259870324', '0767430344', '0767405226', '0073135615']",6,"['9780077451998', '9781260254099', '9781259870323', '9780767430340', '9780073385075', '9780073135618']","['hardcover', 'paperback', 'Paperback']",['English'],2000.0,0.0,False
BOOK00816,An introduction to communication studies,['Sheila Steinberg'],2,2007,2007,English,1,False,['sa'],1,"['Cape Town, South Africa']",1,1,1,0,341,341,['eng'],['Juta'],['0702172618'],1,['9780702172618'],[],['English'],2007.0,0.0,False
BOOK00817,Communication Skills,"['Sanjay Kumar', 'Pushp Lata']",2,2011,2018,English,1,False,[],0,[],0,2,2,0,240,656,['eng'],"['Oxford University Press', 'Oxford University Press India']",[],0,"['9780199488803', '9780198069324']",[],['English'],2011.0,0.0,False
BOOK00818,Looking out/looking in,"['Ronald B. Adler', 'Ronald Adler', 'MARY O WIEMAN', 'Ronald Adler', 'Ron Adler', 'RONALD ADLER', 'Ronald B. Adler', 'Ronald B. Adler', 'Russell F. Proctor II', 'Proctor, Russell F., II', 'Neil Towne']",47,1974,2016,English,1,False,"['xx', 'at', 'cau', 'nyu', 'xxu', 'txu', 'onc']",7,"['[Place of publication not identified]', 'Australia', 'Boston', 'San Diego, CA', 'Belmont, CA', 'New York', 'Wadsworth', 'Fort Worth', 'New York, NY', 'San Francisco', 'Fort Worth, TX', 'Toronto', 'London']",13,20,25,5,81,768,['eng'],"['Wadsworth', 'Wadsworth Publishing', 'Cengage Learning', 'Brand: Cengage Learning', 'Wadsworth/Cengage Learning', 'Harcourt College Pub', 'Harcourt Brace Jovanovich', 'Thomson Learning', 'Thomson, Wadsworth', 'Thomson/Wadsworth', 'Holt, Rinehart, and Winston', 'Harcourt Brace College Publishers', 'Holt, Rinehart and Winston', 'Harcourt', 'Rinehart Press', 'Harcourt College', 'Harcourt Brace Jovanovich College Publishers', 'SAUNDERS COLLEGE PUB', 'International Thomson Publishing', 'Nelson Education']","['130565515X', '1305076516', '0495064726', '0495796212', '0534458041', '0534636284', '0030308348', '0534549861', '0030471141', '0005987474', '049509580X', '0534274943', '0534636349', '0030076935', '015511283X', '0155017284', '053454987X', '0030765447', '0030080517', '0155058118', '0155064363', '003053836X', '0155057871', '0030182212', '0155026801', '0030629977', '0030118913', '780495101277', '0155136208', '0030076943', '017610352X', '0176424121']",32,"['9780495898177', '9781305655157', '9781305076518', '9780840028174', '9781285070308', '9780495064725', '9781285070568', '9780495796213', '9780534458041', '9780534636289', '9780534549862', '9780030471148', '9780005987476', '9780495095804', '9780534549879', '9780030765445', '9780155017283', '9780155057876', '9780155026803', '9780030118913', '9780155136205', '9780030076947', '9780155064362', '9780176103521', '9780176424121']","['loose leaf', 'paperback', 'Hardcover', 'Unknown Binding', 'Paperback']",['English'],1974.0,0.0,False
BOOK00819,Electronic communications systems,['Wayne Tomasi'],7,1988,2004,English,1,False,['nju'],1,"['Upper Saddle River, N.J', 'Englewood Cliffs, N.J']",2,4,1,1,859,1163,['eng'],"['Prentice Hall', 'Prentice Hall College Div', 'Pearson/Prentice Hall', 'Prentice Hall Career & Technology']","['0137514395', '0130494925', '0132508044', '013220021X', '0132200392']",5,['9780137514397'],['Hardcover'],['English'],1988.0,0.0,False
BOOK00820,The slave community,"['John W. Blassingame', 'John W. Blassingame']",7,1972,1980,English,1,False,"['xxk', 'nyu']",2,"['New York', 'Oxford', 'London', 'New  York']",4,3,1,0,262,414,['eng'],"['Oxf.U.P.(N.Y.)', 'Oxford University Press', 'OxfordUniversity Press']","['0195015797', '0195015835', '0195025628', '0195025636']",4,['9780195015836'],[],['English'],1972.0,0.0,False
BOOK00821,Human communication,['Stewart L. Tubbs'],19,1974,2008,English,1,False,"['nyu', 'mau', 'xxu']",3,"['New York', 'Boston', 'London']",3,6,5,1,343,640,['eng'],"['McGraw-Hill', 'McGraw-Hill Companies', 'McGraw-Hill Humanities/Social Sciences/Languages', 'Random House', 'McGraw-Hill Higher Education', 'McGraw Hill Higher Education']","['0070654042', '0073251992', '0394312546', '0072988339', '0070654875', '0072483962', '0073384984', '0072292679', '0394324110', '0071137025', '039435446X', '039433101X', '0071108327', '0394316347']",14,"['9780073251998', '9780072988338', '9780072483963', '9780073384986', '9780071108324']",['Paperback'],['English'],1974.0,0.0,False
BOOK00822,Business Communication,['Mary Ellen Guffey'],17,1993,2007,English,1,False,"['onc', 'cau', 'ohu']",3,"['Scarborough, Ont', 'Belmont, Calif', 'Cincinnati, Ohio', 'Toronto', 'Toronto, Ont']",5,13,11,2,558,704,['eng'],"['Thomson South-Western', 'South Western College Publishing', 'Nelson Thomson Learning', 'Wadsworth Pub. Co.', 'Wadsworth Publishing Company', 'South-Western College Pub.', 'Thomson South Western', 'ITP Nelson Canada', 'South-Western College Pub', 'South-Western Pub', 'South-Western Educational Publishing', 'Nelson Canada', 'Southwestern Pub Co']","['0538845155', '0324161891', '0176154302', '0534928986', '0538845147', '0324007663', '0324403518', '0176073337', '0324542909', '0324013752', '0324149735', '0176055703', '0324223048', '0538946806', '0324114524', '0324114540']",16,"['9780538845151', '9780324161892', '9780534928988', '9780324007664', '9780324542905', '9780324013757', '9780324149739', '9780324223040', '9780538946803', '9780324114522', '9780324114546']","['Paperback', 'Hardcover']",['English'],1993.0,0.0,False
BOOK00823,Communicating effectively,['Saundra Hybels'],14,1986,2014,English,1,False,"['xx', 'mau', 'nyu']",3,"['[Place of publication not identified]', 'Boston', 'Boston, Mass', 'New York']",4,8,6,0,431,738,['eng'],"['The McGraw-Hill Companies, Inc.', 'McGraw-Hill Education', 'Mcgraw-Hill', 'Mc', 'McGraw Hill', 'McGraw-Hill', 'McGraw-Hill Humanities/Social Sciences/Languages', 'Random House']","['0075551268', '0072315679', '0070167710', '0072563974', '0070167419', '0394374223', '0073385093', '0070167559', '0073193399', '007319347X', '0394339312']",11,"['9780072453546', '9780073523873', '9780075551263', '9780073385099', '9780073193397', '9780073193472']",[],['English'],1986.0,0.0,False
BOOK00824,Communication between cultures,"['Larry A. Samovar', 'Portar McDaniel Samovar', 'Richard E. Porter']",15,1991,2015,English,1,False,"['cau', 'mau', 'xxu']",3,"['Belmont, CA', 'Belmont, CA, USA', 'Boston, MA', 'Belmont, Calif']",4,11,8,1,303,688,['eng'],"['Cengage Learning US', 'Wadsworth/Thomson Learning', 'Thompson/Wadsworth', 'Delmar Cengage Learning', 'Wadsworth', 'Wadsworth Publishing', 'Wadsworth Pub Co', 'Cengage Learning', 'Wadsworth Pub.', 'Wadsworth Publ. Co.', 'Wadsworth/Cengage Learning']","['0534534619', '0495007277', '0534569293', '0534534600', '0495567442', '0534150063', '0534215823', '0534522181', '0534569315']",9,"['9781133710301', '9780534534615', '9780495007272', '9780495567523', '9781285444628', '9780534569297', '9780534534608', '9780495567448']",['Paperback'],['English'],1991.0,0.0,False
BOOK00825,Imagined communities,['Benedict Anderson'],20,1983,2016,"German, English, Spanish",3,True,"['xxk', 'enk']",2,"['USA', 'México', 'London', 'New York']",4,11,9,3,160,332,"['ger', 'eng', 'spa']","['Verso', 'EDITORIAL AFERS, S.L.', 'Metis Yayincilik', 'Companhia das Letras', 'Campus Fachbuch', 'Campus Verlag GmbH', 'Verso Books', 'Verso, New york', 'Fondo de Cultura Económica', 'Yo', 'Fondo De Cultura Economica USA']","['0860915468', '849591641X', '9753420269', '853591188X', '3593355728', '3593377292', '0805271775', '9681638670', '1844670864', '0860913295', '0860910598', '0860917592', '9505573553']",13,"['9788495916419', '9789753420266', '9788535911886', '9783593355726', '9783593377292', '9780805271775', '9781844670864', '9789505573554', '9781784786755']","['Paperback', 'paperback', 'Hardcover']","['German', 'English', 'Spanish']",1983.0,0.0,False
BOOK00826,A First Look at Communication Theory,['Emory A. Griffin'],14,1991,2022,English,1,False,"['nyu', 'mau']",2,"['New York', 'Boston']",2,7,8,1,412,576,['eng'],"['Mcgraw-Hill College', 'Irwin/McGraw-Hill', 'McGraw-Hill Education', 'McGraw-Hill Higher Education', 'McGraw Hill', 'McGrow Hill', 'McGraw-Hill']","['0072460156', '0071287949', '0070227780', '0070227969', '0073010189', '0073385026', '0072291532', '0070228221', '007248392X']",9,"['9780072460155', '9780071287944', '9781259913785', '9781265209247', '9781264973958', '9781264296101', '9780073534305', '9780073385020']",['Paperback'],['English'],1991.0,0.0,False
BOOK00827,Today's isms,"['Alan O. Ebenstein', 'Alan Ebenstein', 'William Ebenstein', 'EBENSTEIN FOGE', 'W. Ebenstein', 'Ebenstein & Fogelman', 'William Ebenstein']",44,1954,2000,"English, Spanish",2,True,"['nju', 'nyu', 'xx', 'xxu', 'sp', 'xxk']",6,"['Englewood Cliffs, New Jersey', 'New York', 'Englewood Cliffs, N.J', 'Englewood Cliffs, N. J', 'Barcelona, España', 'Englewood Cliffs [N.J.]', 'London', 'Upper Saddle River, N.J']",8,7,4,2,191,406,"['eng', 'spa']","['Prentice-Hall', 'Prentice Hall', 'Prentice-Hall Inc', 'Prentice Hall Inc', 'Longman Higher Education', 'Ariel', 'Prentice Hall College Div']","['0139243992', '0139244816', '013924381X', '8434417588', '013924431X', '0139244158', '0139244239', '013138595X', '0130257141']",9,"['9780139243998', '9780139244810', '9780131385955', '9780130257147']","['Hardcover', 'Paperback']","['English', 'Spanish']",1954.0,0.0,False
BOOK00828,Interplay,['Ronald B. Adler'],21,1980,2020,English,1,False,"['nyu', 'enk', 'xxu', 'txu', 'xxk']",5,"['New York', 'Oxford', 'Fort Worth', 'Fort Worth, TX', 'London']",5,13,8,1,291,530,['eng'],"['Oxford university press', 'Thomson Learning', 'Harcourt School', 'Oxford University Press, USA', 'Holt, Rinehart and Winston', 'Oxford University Press', 'Harcourt Brace Jovanovich', 'Holt, Rinehart, and Winston', 'Harcourt Brace College Publishers', 'Harcourt College Pub', 'CBS Publishing Ltd', 'Harcourt Brace Jovanovich College Publishers', 'Harcourt College Publishers']","['0030753694', '0155011278', '0195156552', '0195167074', '0030276373', '0195309928', '0030554934', '0030495865', '0030554942', '0195155181', '0155039776', '0155059475', '0039107477', '0030028620', '003062083X', '015506956X']",16,"['9780197501351', '9780030753695', '9780155011274', '9780195156553', '9780195167078', '9780030554940', '9780155059474', '9780195379594']",['Paperback'],['English'],1980.0,0.0,False
BOOK00829,Interpersonal communication,"['Sarah Trenholm', 'Arthur Jensen']",11,1988,2024,English,1,False,"['cau', 'nyu']",2,"['Belmont, Calif', 'Belmont', 'New York']",3,5,5,0,372,464,['eng'],"['Cognella, Inc.', 'Oxford University Press, USA', 'Oxford University Press', 'Wadsworth', 'Wadsworth Pub. Co.']","['0195312902', '0199827508', '0534561519', '0534082688', '0534165249', '0534263941']",6,"['9798823356930', '9798823321167', '9798823344456', '9781793542083', '9780195312904']",[],['English'],1988.0,0.0,False
BOOK00830,Business communication today,['Courtland L. Bovée'],5,1989,2009,English,1,False,"['nyu', 'nju']",2,"['New York', 'Upper Saddle River, N.J', 'Upper Saddle River']",3,4,4,0,585,744,['eng'],"['Pearson Education, Limited', 'McGraw-Hill', 'Pearson Prentice Hall', 'Prentice Hall']","['0075536862', '0131478451', '0138155399', '0130845132']",4,"['9780131970656', '9780075536864', '9780138155391', '9780130845139']",[],['English'],1989.0,0.0,False
BOOK00831,Fashion as communication,['Malcolm Barnard'],4,1996,2002,English,1,False,['enk'],1,"['London', 'New York', 'New York, NY']",3,1,2,0,186,224,['eng'],['Routledge'],"['0415260183', '0415111579', '0415111587', '0415260175']",4,"['9780415260183', '9780415260176']",[],['English'],1996.0,0.0,False
BOOK00832,Communication,"['William J. Seiler', 'Melissa L. Beall']",23,1995,2019,English,1,False,"['mau', 'nyu', 'xx']",3,"['Boston', 'New York', 'Boston, MA']",3,6,16,2,456,528,['eng'],"['Allyn & Bacon', 'Pearson Education, Limited', 'Pearson', 'Pearson/Allyn & Bacon', 'Allyn and Bacon', 'HarperCollinsCollegePublishers']","['0205545149', '0205930972', '0134184971', '0205930611', '0205392393', '020533542X', '0205282008', '0205299482', '0205474411', '0673993752', '0205329543']",11,"['9780205545148', '9780205931163', '9780205930975', '9780205931187', '9780205931200', '9780134874722', '9780205945702', '9780205724994', '9780205477098', '9780134184975', '9780205930616', '9780205392391', '9780205335428', '9780205282005', '9780205299485', '9780205329540']","['paperback', 'Paperback']",['English'],1995.0,0.0,False
BOOK00833,Visual Communication,['Paul Martin Lester'],8,1995,2017,English,1,False,"['mau', 'cau']",2,"['Boston', 'Belmont, CA', 'Belmont, Calif']",3,6,6,2,432,500,['eng'],"['Wadsworth/Cengage Learning', 'WritingForTextbooks', 'Thomson Wadsworth', 'Wadsworth Publishing Company', 'Wadsworth Publishing', 'Wadsworth Pub. Co.']","['1133308643', '0692926313', '0534637205', '053419530X', '0534562442', '053456142X']",6,"['9781133308645', '9780692926314', '9780534195304', '9780534562441', '9780534561420', '9780534637200']","['paperback', 'Paperback']",['English'],1995.0,0.0,False
BOOK00834,Electronic communication systems,['Roy Blake'],1,2002,2002,English,1,False,['nyu'],1,"['Albany, N.Y']",1,2,0,0,985,985,['eng'],"['Delmar/Thomson Learning', 'Cengage Delmar Learning']",['0766826848'],1,[],[],['English'],2002.0,0.0,False
BOOK00835,Digital communications,['John G. Proakis'],9,1983,2008,English,1,False,"['nyu', 'mau', 'xxu']",3,"['New York', 'Boston']",2,3,3,2,608,1150,['eng'],"['mcgraw hill international', 'McGraw-Hill', 'McGraw Hill Higher Education']","['0071138145', '0070509379', '0071181830', '0072321113', '0070509271', '0072957166', '0071002693', '0070517266']",8,"['9780071138147', '9780071181839', '9780072957167']","['paperback', 'Paperback']",['English'],1983.0,0.0,False
BOOK00836,"Communication Skills, Second Edition","['Sanjay Kumar', 'Pushp Lata']",2,2015,2019,English,1,False,[],0,[],0,2,1,0,616,616,['eng'],"['Oxford University Press', 'OXFORD UNIVERSITY PRESS']",[],0,['9780199457069'],[],['English'],2015.0,0.0,False
BOOK00837,Digital and analog communication systems,['Leon W. Couch'],14,1983,2012,English,1,False,"['nyu', 'nju', 'enk']",3,"['New York', 'Toronto', 'London', 'Upper Saddle River, N.J', 'Upper Saddle River, NJ']",5,10,4,1,563,827,['eng'],"['Pearson Education, Limited', 'Macmillan Pub.', 'Maxwell Macmillan Canada', 'Maxwell Macmillan International', 'Macmillan Coll Div', 'Prentice Hall', 'Macmillan', 'Collier Macmillan', 'Pearson/Prentice Hall', 'Prentice-Hall International']","['0023252812', '0130812234', '0023253916', '0023252405', '0131424920', '0023253800', '0135225833', '0135990289', '0130896306']",9,"['9780273774211', '9780132037945', '9780130812230', '9780131424920']",['Hardcover'],['English'],1983.0,0.0,False
BOOK00838,Technical Communication,['John M. Lannon'],14,2000,2019,English,1,False,"['nyu', 'onc']",2,"['New York, NY, USA', 'New York', 'Toronto']",3,10,20,5,680,862,['eng'],"['Pearson Custom Publishing', 'Pearson Education Canada', 'Pearson Canada', 'Pearson', 'Pearson Education,Inc.', 'Pearson Education, Inc.', 'Longman', 'Pearson/Longman', 'Addison-Wesley Educational Publishers Inc.', 'Addison Wesley Longman']","['0558058418', '0134659848', '0134310837', '0134656695', '013461769X', '0133937720', '0135203228', '0135203147', '0135203309', '0135164788', '0135259886', '0134118499', '0321109228', '0321098544', '0321270762', '0205559573', '0321089790', '032146768X', '0321023951', '0201613794']",20,"['9780558058418', '9780134659848', '9780134310831', '9780134656694', '9780134617695', '9780133937725', '9781292019567', '9780321899972', '9780135203224', '9780135203149', '9780135203309', '9780135164785', '9780135259887', '9780134118499', '9780321098542', '9780321270764', '9780205559572', '9780321089793', '9780321467683', '9780321023957']","['Hardcover', 'Alternate Binding; Loose Leaf', 'Paperback; Loose Leaf', 'E-Book', 'Paperback']",['English'],2000.0,0.0,False
BOOK00839,Communicating with strangers,"['William B. Gudykunst', 'Young Yun Kim', 'William Gudykunst']",12,1984,2003,English,1,False,"['nyu', 'enk', 'mau']",3,"['New York', 'Boston, [Mass.]', 'London', 'Reading, Mass', '[New York]']",5,6,3,1,277,468,['eng'],"['McGraw-Hill Humanities/Social Sciences/Languages', 'McGraw Hill Higher Education', 'McGraw-Hill Humanities/Social Sciences/Langua', 'Random House', 'McGraw-Hill', 'Addison-Wesley Pub. Co.']","['0072321245', '0071195378', '007034647X', '0394350065', '0201113740', '007034602X']",6,"['9780072321241', '9780071195379', '9780070346475']",['Paperback'],['English'],1984.0,0.0,False
BOOK00840,Communication Theories,['Katherine Miller'],5,2001,2005,English,1,False,['mau'],1,"['Boston', 'Boston, Mass']",2,2,2,1,341,416,['eng'],"['McGraw-Hill Humanities/Social Sciences/Languages', 'McGraw-Hill']","['0072937947', '0767405005']",2,"['9780072937947', '9780767405003']",['Hardcover'],['English'],2001.0,0.0,False
BOOK00841,Nonverbal communication in human interaction,"['Mark L. Knapp', 'Judith A. Hall']",16,1972,2021,English,1,False,"['xxu', 'mau', 'nyu', 'at', 'cau', 'xx', 'txu']",7,"['Belmont, Calif', 'New York', 'Fort Worth', 'Boston, MA', 'Australia', 'U.S', 'Belmont, CA']",7,11,3,0,213,528,['eng'],"['Knapp, M. L., Hall, J. A., & Horgan, T. G. (2021).', 'Delmar Cengage Learning', 'Thomson Wadsworth', 'Holt, Rinehart and Winston', 'Harcourt Brace', 'Wadsworth', 'Wadsworth, Cengage Learning', 'Wadsworth/Thomson Learning', 'Wadsworth Publishing', 'Harcourt Brace College Publishers', 'Holt Rinehart and Winston']","['0534625630', '0030625831', '0495568694', '0030858623', '0155063723', '0030899621', '0030180236']",7,"['9780495833437', '9781133311591', '9780495568698']",[],['English'],1972.0,0.0,False
BOOK00842,Business and administrative communication,"['Kitty O. Locker', 'Donna S. Kienzler', 'Locker']",22,1989,2014,English,1,False,"['it', 'mau', 'ilu', 'xxu', 'enk']",5,"['Boston', 'Boston, Mass', 'Homewood, IL', 'Chicago', 'London']",5,11,13,1,652,775,['eng'],"['McGraw-Hill Higher Education', 'McGraw-Hill Education', 'McGraw-Hill School Education Group', 'Irwin/mcgraw-hill', 'McGraw-Hill', 'McGraw Hill Higher Education', 'Irwin', 'McGraw-Hill/Irwin', 'Irwin/McGraw-Hill', 'Mcgraw-Hill College', 'Irwin/McGraw Hill']","['0071257128', '0256056110', '0073525030', '0073377805', '0072469587', '0256220573', '0072350733', '0256087474', '0076011542', '0256140642', '0072293926', '0071177221']",12,"['9780077419530', '9780071116138', '9780071283113', '9780071151115', '9780071169660', '9780071153843', '9780071257121', '9780073403250', '9780256056112', '9780073525037', '9780073377803', '9780072537529', '9780076011544']",['Hardcover'],['English'],1989.0,0.0,False
BOOK00843,The media of mass communication 11th edition,['John Vivian'],18,1991,2010,English,1,False,"['mau', 'onc']",2,"['Boston, MA', 'Boston', 'Toronto', 'Toronto, Ont', 'Scarborough, Ont']",5,10,3,1,330,536,['eng'],"['Pearson/Allyn and Bacon', 'Pearson/Allyn & Bacon', 'Allyn and Bacon', 'Pearson A and B', 'Pearson Allyn and Bacon', 'Pearson', 'Allyn & Bacon', 'Pearson Education Canada', 'Allyn and Bacon Canada', 'Prentice-Hall Canada']","['0205632548', '0205418481', '0205164528', '0205287395', '0205377750', '0205322611', '020549370X', '0205432034', '0205125417', '0205477534', '0205307671', '0205335403', '0205307531', '0205268978', '020519432X']",15,"['9780205632541', '9780205521104', '9780205307678']",['Paperback'],['English'],1991.0,0.0,False
BOOK00844,Nonverbal Communication,['Albert Mehrabian'],5,1972,2017,English,1,False,['ilu'],1,['Chicago'],1,3,4,0,226,235,['eng'],"['Taylor & Francis Group', 'Aldine-Atherton', 'Aldine Transaction']","['0202250911', '0202309665']",2,"['9781351308717', '9781351308700', '9781138528925', '9780202309668']",[],['English'],1972.0,0.0,False
BOOK00845,Modern digital and analogue communication systems,"['B. P. Lathi', 'Zhi Ding']",11,1983,2010,English,1,False,"['nyu', 'pau', 'ja']",3,"['New York', 'Philadelphia', 'Tokyo']",3,6,3,1,650,1004,['eng'],"['Oxford University Press, Incorporated', 'Oxford University Press', 'Holt, Rinehart, and Winston', 'oxford', 'Oxford University Press, USA', 'Holt-Saunders Japan']","['0195105001', '003058969X', '003027933X', '0195110099', '0030284074', '4833701561']",6,"['9780195384932', '9780195331455', '9780030284076']",['Hardcover'],['English'],1983.0,0.0,False
BOOK00846,Business communication,"['Kitty O. Locker', 'Stephen Kyo Kaczmarek', 'Kitty Locker']",16,2001,2013,English,1,False,"['nyu', 'onc', 'enk', 'mau']",4,"['New York', 'Whitby, Ont', 'Boston, Mass', 'London', 'Boston']",5,10,10,2,575,672,['eng'],"['McGraw Hill Higher Education', 'McGraw-Hill Education', 'McGraw-Hill Higher Education', 'Brand: Business And Economics', 'McGraw-Hill/Irwin', 'Irwin/McGraw-Hill', 'McGraw-Hill Ryerson', 'McGraw-Hill Irwin', 'McGraw-Hill', 'Mcgraw-Hill College']","['007110917X', '007122100X', '0073403156', '0072562196', '0072865717', '0071214844', '0070880581', '0071180540', '0072305873', '0072932104', '0072537515', '0073377724']",12,"['9780071109178', '9780073403267', '9780071221009', '9780073403151', '9780072562194', '9780072865714', '9780071214841', '9780072932102', '9780072537512', '9780073377728']","['paperback', 'Paperback']",['English'],2001.0,0.0,False
BOOK00847,Gendered Lives,['Julia T. Wood'],13,1993,2008,English,1,False,['cau'],1,"['Belmont, CA', 'Belmont, Calif']",2,7,8,1,300,471,['eng'],"['Wadsworth Publishing', 'Thomson/Wadsworth', 'Wadsworth Pub. Co.', 'Wadsworth Publishing Company', 'Wadsworth Pub.', 'Wadsworth/Thompson Learning', 'Wadsworth Pub Co']","['0534571603', '0534581633', '0534507700', '053458165X', '0534203167', '0534636152', '0534562590', '1428229957']",8,"['9780534571603', '9780534581657', '9780534636159', '9780534581633', '9780534562595', '9781428229952', '9780534203160', '9780534507701']",['Paperback'],['English'],1993.0,0.0,False
BOOK00848,The dynamics of mass communication,['Joseph R. Dominick'],22,1983,2009,English,1,False,"['nyu', 'enk', 'mau', 'xxu']",4,"['New York', 'Maidenhead', 'Reading, Mass', 'Boston', 'London']",5,10,8,1,18,624,['eng'],"['Longman Higher Education', 'McGraw-Hill Higher Education', 'Random House', 'McGraw-Hill', 'Addison-Wesley', 'McGraw-Hill Humanities/Social Sciences/Languages', 'McGraw-Hill Companies', 'McGraw-Hill Book Company', 'Mcgraw-Hill College', 'McGraw Hill']","['020110251X', '0073378836', '0073348503', '0394358325', '0071125876', '0072974958', '0073126675', '0070178054', '0072885793', '0072488964', '0070178828', '0070179964', '0070175594', '007290478X', '0071156852']",15,"['9780201102512', '9780073378831', '9780073348506', '9780072974959', '9780073126678', '9780072488968', '9780072885798', '9780070175594']",['Paperback'],['English'],1983.0,0.0,False
BOOK00849,History Of Communication Study,['Everett M. Rogers'],3,1994,1997,English,1,False,"['xxu', 'nyu']",2,"['New York', 'New York, N.Y', 'Toronto']",3,4,1,1,576,592,['eng'],"['Free Press', 'The Free Press', 'Maxwell Macmillan Canada', 'Maxwell Macmillan International']","['0684840014', '0029267358']",2,['9780684840017'],['Paperback'],['English'],1994.0,0.0,False
BOOK00850,Satellite communications,"['Timothy Pratt', 'Charles W. Bostian', 'Jeremy E. Allnutt']",9,1986,2019,English,1,False,"['enk', 'xxu', 'nyu']",3,"['[New York, NY', 'Chichester]', 'New York, USA', 'New York']",4,4,6,2,472,768,['eng'],"['Wiley', 'Wiley & Sons, Incorporated, John', 'Wiley & Sons, Limited, John', 'Ieee']","['8126508337', '047137007X', '0471859664', '0471878375', '0879424591']",5,"['9788126508334', '9781119482147', '9781119482055', '9781119482178', '9780471370079', '9780879424596']","['paperback', 'Paperback']",['English'],1986.0,0.0,False
BOOK00851,Communication 2000,['Agency for Instructional Technology'],20,2001,2001,English,1,False,[],0,[],0,5,20,2,96,96,['eng'],"['South-Western Educational Pub', 'South-Western Pub', 'Brand: South-Western Educational Pub', 'Brand: Cengage Learning', 'Cengage Learning']","['0538433248', '0538433264', '0538432969', '0538433175', '0538433388', '0538433590', '0538433124', '0538433523', '0538433191', '0538433035', '0538433477', '053843354X', '053843340X', '0538433663', '0538433612', '0538433051', '053843368X', '0538433450', '0538433310', '0538433108']",20,"['9780538433242', '9780538433266', '9780538432962', '9780538433174', '9780538433389', '9780538433594', '9780538433129', '9780538433525', '9780538433198', '9780538433037', '9780538433471', '9780538433549', '9780538433402', '9780538433662', '9780538433617', '9780538433051', '9780538433686', '9780538433457', '9780538433310', '9780538433105']","['Paperback', 'Hardcover']",['English'],2001.0,0.0,False
BOOK00853,Communicating at work,"['Ronald B. Adler', 'Adler; Elmhorst', 'Ronald B. Adler', 'Jeanne Marquardt Elmhorst', 'Kristen Lucas Assistant Professor Ph.D.']",30,1983,2022,English,1,False,"['nyu', 'mau', 'enk']",3,"['New York', 'Boston', 'London', 'Boston, MA', 'Boston, Mass']",5,13,15,2,334,600,['eng'],"['McGraw-Hill Higher Education', 'McGraw Hill', 'McGraw-Hill Education', 'McGraw-Hill', 'McGraw-Hill Humanities/Social Sciences/Languages', 'McGraw Hill College', 'Random House Trade', 'McGraw-Hill Companies', 'Mcgraw-Hill College', 'McGraw-Hill Co.', 'Random House', 'Tandem Library', 'Mayfield']","['9814646660', '0073385174', '0073511889', '0073034339', '0070004544', '0072977507', '0394374207', '0072880252', '0072400722', '0075579383', '0070004781', '0394327888', '061392326X', '0071120904', '0394343166']",15,"['9781264305087', '9781260411997', '9789814646666', '9780078036804', '9780073385174', '9780073511887', '9780072977509', '9780394374208', '9780072880250', '9780072492903', '9780075579380', '9780070004788', '9780073034331', '9780613923262', '9780071120906']","['Paperback', 'Hardcover']",['English'],1983.0,0.0,False
BOOK00854,Multimedia communications,['Fred Halsall'],3,2000,2004,English,1,False,['enk'],1,"['Harlow, England', 'New York']",2,3,2,0,1034,1060,['eng'],"['Pearson Education, Limited', 'Addison-Wesley', 'Addison Wesley']",['0201398184'],1,"['9781405814294', '9780201398182']",[],['English'],2000.0,0.0,False
BOOK00855,Mass communication theory,"['Stanley J. Baran', 'Dennis K. Davis']",12,1994,2020,English,1,False,"['cau', 'at']",2,"['Belmont, Calif', 'Belmont, CA', 'Australia']",3,9,7,1,400,464,['eng'],"['Oxford University Press, Incorporated', 'Oxford University Press', 'Wadsworth', 'Wadsworth Publishing', 'Wadsworth Pub Co', 'Wadsworth Publishing Company', 'Wadsworth Pub. Co.', 'Thomson/Wadsworth', 'Wadsworth/Thomson']","['0534637973', '0534561632', '0534560881', '0534176704']",4,"['9780190942793', '9780190942779', '9781285052076', '9780534637972', '9780534561635', '9780534560881', '9780534176709']",['Paperback'],['English'],1994.0,0.0,False
BOOK00856,Emotional Intelligence,['Daniel Goleman'],39,1995,2020,"English, Spanish, Chinese",3,True,"['enk', 'xxk', 'ch', 'nyu']",4,"['Great Britain', 'London', 'New York', 'Taibei Shi', 'Barcelona, España']",5,24,31,8,0,582,"['eng', 'spa', 'chi']","['Bloomsbury Publishing Plc', 'Kairós, Editorial S.A.', 'Brand: Bantam Dell Pub Group (P)', 'Bantam Dell Pub Group (P)', 'Bloomsbury Publishing', 'BLOOMSBURY PUBLISHING PLc,', 'Penguin Random House', 'Salvat', 'Objetiva', 'Bloomsbury', 'Bloomsbury Pub Ltd', 'Audio Renaissance', 'Bantam Books', 'Bantam', 'Shi bao wen hua chu ban qi yeh gu fen yu xian gong si', 'Gramedia pustaka utama', 'Vergara', 'JAVIER VERGARA EDITOR', 'Ediciones B', 'Suma de Letras', 'Editorial Kairós', 'Bloomsbury Pub.', 'Thorsons', 'Example Product Brand']","['055384007X', '9382563792', '0747526257', '8447102254', '8573020806', '0747528306', '1593977808', '0553375067', '055309503X', '9571320218', '1559276991', '055338371X', '1559276428', '1559273828', '055380491X', '9501516415', '9501517810', '9501519910', '9684972059', '9707310022', '9684531990', '9707102799', '8472453715', '0747529825', '0722599021']",25,"['9780747529279', '9780747526346', '9780747526322', '9781408806166', '9788472458406', '9788472457874', '9780553840070', '9781526633620', '9789382563792', '9780747526223', '9780747526254', '9789585654310', '9788573020809', '9780747528302', '9781593977801', '9781559276993', '9780553383713', '9781559276429', '9780553375060', '9781408806203', '9781559273824', '9780553804911', '9789501516418', '9789501517811', '9789501519914', '9789684972056', '9789707310025', '9789684531994', '9789707102798', '9788472453715', '9780722599020']","['paperback', 'Paperback', 'Audio CD', 'Audio cassette', 'E-book', 'Audio Cassette', 'Hardcover', 'Mass Market Paperback']","['English', 'Spanish', 'Chinese']",1995.0,0.0,False
BOOK00857,Emotional Intelligence 2.0,"['Travis Bradberry', 'Jean Greaves', 'Jean Greaves Travis Bradberry', 'Tom Parks']",7,2009,2017,English,1,False,"['xx', 'nyu']",2,['New York'],1,3,7,3,192,192,['eng'],"['Brilliance Audio', 'Pgw', 'TalentSmart']","['154362622X', '0974320625', '1441842268', '1441842241', '1441842233', '144184225X']",6,"['9781543626223', '9780974320625', '9781441842268', '9781441842244', '9781441842237', '9781441842251', '9780974320649']","['mp3 cd', 'audio cd', 'eBook']",['English'],2009.0,0.0,False
BOOK00858,Emotional Intelligence,['Daniela GOLEMAN'],1,2019,2019,English,1,False,[],0,[],0,2,1,0,59,59,['eng'],"['Independently Published', 'Independently published']",[],0,['9781091633148'],[],['English'],2019.0,0.0,False
BOOK00859,Working with Emotional Intelligence,['Daniel Goleman'],20,1998,2016,"English, Italian, Spanish, Polish, Chinese",5,True,"['it', 'ag', 'pl', 'nyu', 'enk', 'ch']",6,"['Milano', 'Poznań', 'New York', 'London', 'Taibei Shi']",5,14,16,4,373,492,"['eng', 'ita', 'spa', 'pol', 'chi']","['Bloomsbury Publishing Plc', 'Bantam', 'Rizzoli', 'BLOOMSBURY PUBLISHING LTD.', 'Brand: Macmillan Audio', 'Macmillan Audio', 'B de Bolsillo', 'Ediciones B Mexico', 'Media Rodzina', 'Bantam Books', 'Bloomsbury', 'Shi bao wen hua chu ban qi yeh gu fen yu xian gong si', 'Audio Renaissance', 'Bloomsbury Publishing']","['1856135012', '881786000X', '0747545804', '1559275162', '1559275154', '6074802947', '8385594817', '0553378589', '0747539847', '957132762X', '0553104624', '1559277009', '159397826X']",13,"['9780747544197', '9780747542902', '9781856135016', '9788817860000', '9780747545804', '9781559275163', '9781559275156', '9780747543848', '9786074802948', '9788385594819', '9780553378580', '9780553840230', '9780553104622', '9781559277006', '9781408806197', '9781593978266']","['paperback', 'audio cassette', 'Audio CD', 'E-book']","['English', 'Italian', 'Spanish', 'Polish', 'Chinese']",1998.0,0.0,False
BOOK00860,Emotional Intelligence,['Christine Wilding'],3,2007,2017,English,1,False,['enk'],1,['London'],1,3,3,0,211,288,['eng'],"['Hodder Education Group', 'Teach Yourself', 'Hodder & Stoughton']",['0340950064'],1,"['9780071549257', '9780340950067', '9781473654365']",[],['English'],2007.0,0.0,False
BOOK00861,Emotional development and emotional intelligence,['Peter Salovey'],2,1997,1997,English,1,False,['nyu'],1,['New York'],1,1,1,0,288,288,['eng'],['Basic Books'],['0465095879'],1,['9780465095872'],[],['English'],1997.0,0.0,False
BOOK00862,Emotional Intelligence : How to Improve Emotional Intelligence,['Kati Haylock'],1,2021,2021,English,1,False,[],0,[],0,1,1,0,,,['eng'],['Independently Published'],[],0,['9798503772197'],[],['English'],2021.0,0.0,False
BOOK00863,Great emotional intelligence,['Christine Wilding'],3,2011,2013,English,1,False,['enk'],1,['London'],1,3,3,0,93,96,['eng'],"['Hodder & Stoughton', 'Hodder Education Group', 'Hodder Education']",['1444122622'],1,"['9781444140750', '9781282335691', '9781444122626']",[],['English'],2011.0,0.0,False
BOOK00864,Emotional intelligence,"['Walton, David (Psychologist)']",1,2012,2012,English,1,False,['nyu'],1,"['New York, NY']",1,1,1,0,164,164,['eng'],['MJF Books'],['1606712780'],1,['9781606712788'],[],['English'],2012.0,0.0,False
BOOK00865,The brain and emotional intelligence,['Daniel Goleman'],1,2011,2011,English,1,False,['mau'],1,"['Northampton, MA']",1,1,1,0,75,75,['eng'],['More Than Sound'],['1934441155'],1,['9781934441152'],[],['English'],2011.0,0.0,False
BOOK00866,Emotional Intelligence Habits,['Travis Bradberry'],1,2023,2023,English,1,False,[],0,[],0,1,1,0,,,['eng'],"['TalentSmart, Incorporated']",[],0,['9780974719375'],[],['English'],2023.0,0.0,False
BOOK00867,Raising your emotional intelligence,['Jeanne Segal'],2,1997,1997,English,1,False,['nyu'],1,['New York'],1,1,0,0,246,246,['eng'],['H. Holt'],['0805051511'],1,[],[],['English'],1997.0,0.0,False
BOOK00868,Building emotional intelligence,['Linda Lantieri'],3,2008,2014,English,1,False,['cou'],1,"['Boulder, CO']",1,2,2,1,128,176,['eng'],"['Sounds True, Incorporated', 'Sounds True']",['1591797896'],1,"['9781622031955', '9781591797890']",['Hardcover'],['English'],2008.0,0.0,False
BOOK00869,Emotional intelligence 101,['Gerald Matthews'],2,2011,2012,English,1,False,['nyu'],1,['New York'],1,2,3,0,300,300,['eng'],"['Springer Publishing Company, Incorporated', 'Springer Pub.']",[],0,"['9781280128707', '9780826105653', '9780826105660']",[],['English'],2011.0,0.0,False
BOOK00870,Emotional Intelligence : 3 Books in 1,['Emotional Pathway'],1,2019,2019,English,1,False,[],0,[],0,1,1,0,,,['eng'],['Independently Published'],[],0,['9781690020158'],[],['English'],2019.0,0.0,False
BOOK00871,Primal leadership : realizing the power of emotional intelligence,"['Daniel Goleman', 'Annie McKee', 'Richard E. Boyatzis']",1,2002,2002,English,1,False,[],0,[],0,1,1,1,352,352,['eng'],['Harvard Business School Press'],['157851486X'],1,['9781578514861'],['Hardcover'],['English'],2002.0,0.0,False
BOOK00872,Emotional intelligence,['Jill Dann'],1,2007,2007,English,1,False,['enk'],1,['London'],1,1,1,0,210,210,['eng'],['Hodder Education'],['0340945915'],1,['9780340945919'],[],['English'],2007.0,0.0,False
BOOK00873,Emotional Intelligence,['Tanvir Shakil'],1,2019,2019,English,1,False,[],0,[],0,1,1,0,,,['eng'],['Independently Published'],[],0,['9781090693839'],[],['English'],2019.0,0.0,False
BOOK00874,Emotional intelligence,"['Ralf Schulze', 'Richard D. Roberts']",3,2005,2005,English,1,False,['mau'],1,"['Cambridge, MA']",1,3,2,1,365,365,['eng'],"['Hogrefe Publishing', 'Hogrefe & Huber Publishing', 'Hogrefe & Huber Publishers']",['0889372837'],1,"['9781616762834', '9780889372832']",['Hardcover'],['English'],2005.0,0.0,False
BOOK00875,Who's Talking?,['Chris Hinton'],2,2025,2025,English,1,False,[],0,[],0,1,2,1,184,184,['eng'],['Christopher Hinton'],[],0,"['9798218580339', '9798218580322']",['Paperback'],['English'],2025.0,0.0,False
BOOK00876,Emotional Intelligence,['Modern Psychology Publishing'],6,2019,2019,English,1,False,[],0,[],0,2,6,0,549,549,['eng'],"['Independently Published', 'Independently published']",[],0,"['9781693035043', '9781081010478', '9781082112065', '9781082069635', '9781079316858', '9781092551762']",[],['English'],2019.0,0.0,False
BOOK00877,Emotional Intelligence for Dummies,['Steven J. Stein'],4,2009,2023,English,1,False,['nju'],1,['Hoboken'],1,4,4,1,,,['eng'],"['Wiley & Sons Canada, Limited, John', 'Wiley & Sons, Incorporated, John', 'For Dummies [Imprint]', 'John Wiley & Sons, Incorporated.']",['0470157321'],1,"['9781282381193', '9781119988168', '9781119988175', '9780470157329']",['[electronic resource]'],['English'],2009.0,0.0,False
BOOK00878,Emotional Intelligence at Work,"['Singh, Dalip']",7,2000,2006,English,1,False,['ii'],1,"['New Delhi', 'Thousand Oaks, Calif', 'Thousand Oaks']",3,4,5,2,196,296,['eng'],"['Response Publishing', 'Sage Publications Pvt. Ltd', 'Response Books', 'Response Books, a Division of Sage Publications']","['8170369274', '0761994564', '0761994572', '8170369282', '0761935320', '0761997490']",6,"['9788170369271', '9780761994565', '9780761994572', '9788170369288', '9780761935322']","['Hardcover', 'Paperback']",['English'],2000.0,0.0,False
BOOK00879,The emotional intelligence quick book,['Travis Bradberry'],2,2005,2006,English,1,False,['nyu'],1,['New York'],1,2,1,0,185,208,['eng'],"['Simon & Schuster, Limited', 'Simon & Schuster']",['0743273265'],1,['9781416548737'],[],['English'],2005.0,0.0,False
BOOK00880,Emotional intelligence at work,['Hendrie Weisinger'],2,1998,2008,English,1,False,['cau'],1,['San Francisco'],1,2,1,0,219,248,['eng'],"['Wiley & Sons, Incorporated, John', 'Jossey-Bass Publishers']",['0787909521'],1,['9780470363867'],[],['English'],1998.0,0.0,False
BOOK00881,The language of emotional intelligence,['Jeanne Segal'],2,2008,2008,English,1,False,['nyu'],1,['New York'],1,1,2,1,240,240,['eng'],['McGraw-Hill'],['0071544550'],1,"['9780071544559', '9780071544566']",['Electronic resource'],['English'],2008.0,0.0,False
BOOK00882,HBR's 10 must reads on emotional intelligence,['Harvard Business Review Press'],1,2015,2015,English,1,False,['mau'],1,[],0,1,1,0,166,166,['eng'],['Harvard Business Review Press'],['1633690199'],1,['9781633690196'],[],['English'],2015.0,0.0,False
BOOK00883,Selling with emotional intelligence,['Mitch Anthony'],3,2003,2003,English,1,False,['ilu'],1,"['Chicago, IL']",1,4,2,2,261,288,['eng'],"['Brand: Kaplan Publishing', 'Kaplan Publishing', 'Dearborn Trade', 'Kaplan Business']","['1607146770', '0793161282']",2,"['9781607146773', '9780793161287']","['paperback', 'Hardcover']",['English'],2003.0,0.0,False
BOOK00884,Teaching with emotional intelligence,['Alan Mortiboys'],12,2005,2013,English,1,False,['enk'],1,"['Milton Park, Abingdon, Oxon', 'New York, NY', 'London, England']",3,2,11,1,164,176,['eng'],"['Routledge', 'Taylor & Francis Group']","['0415373182', '0415350883']",2,"['9781283460156', '9781280253980', '9781136655432', '9780203806463', '9780203087794', '9781136655425', '9781136655487', '9781136655470', '9781136655456', '9780415571388', '9780415571401']",['Paperback'],['English'],2005.0,0.0,False
BOOK00885,Emotional intelligence,['Helen C. Bryant'],1,2011,2011,English,1,False,['xxu'],1,['[United States?]'],1,1,1,0,223,223,['eng'],"['G. Publishing, LLC.']",['098343073X'],1,['9780983430735'],[],['English'],2011.0,0.0,False
BOOK00886,Achieving emotional literacy,"['Claude Steiner', 'Paul Perry']",4,1997,2001,English,1,False,"['enk', 'nyu']",2,"['London', 'New York']",2,3,2,1,235,256,['eng'],"['Avon Books', 'Bloomsbury', 'Bloomsbury Publishing Plc']","['0380975912', '0747533830', '0747533857', '0747541353']",4,"['9780380975914', '9780747541356']",['Paperback'],['English'],1997.0,0.0,False
BOOK00887,HBR Guide to Emotional Intelligence,['HBR'],2,2017,2017,English,1,False,[],0,[],0,1,2,2,240,258,['eng'],['Harvard Business Review Press'],"['1633695557', '1633692728']",2,"['9781633695559', '9781633692725']","['hardcover', 'paperback']",['English'],2017.0,0.0,False
BOOK00888,Manipulation Techniques,['Daniel Brain'],1,2020,2020,English,1,False,[],0,[],0,1,1,0,262,262,['eng'],['Independently Published'],[],0,['9798642476598'],[],['English'],2020.0,0.0,False
BOOK00889,Emotional Intelligence,['James W. Williams'],6,2019,2019,English,1,False,[],0,[],0,4,6,1,44,156,['eng'],"['Alakai Publishing LLC', 'SD Publishing LLC', 'Independently Published', 'Independently published']",['1797681451'],1,"['9781951429737', '9781951429195', '9781951030155', '9781951030353', '9781951030322', '9781797681450']",['paperback'],['English'],2019.0,0.0,False
BOOK00890,Emotional Intelligence (Life Balance),['Linda Wasmer Andrews'],2,2004,2005,English,1,False,[],0,[],0,1,2,2,80,80,['eng'],['Franklin Watts'],"['0531166880', '0531123359']",2,"['9780531166888', '9780531123355']","['Paperback', 'Library binding']",['English'],2004.0,0.0,False
BOOK00891,Bedtime Stories For Kids,['Emotional Intelligence Guided'],5,2020,2021,English,1,False,[],0,[],0,3,5,2,86,86,['eng'],"['Independently Published', 'Bookify Ltd', 'Emotional Intelligence Guided']","['1914105052', '1914105338']",2,"['9798609452986', '9798609355072', '9798609442123', '9781914105050', '9781914105333']","['paperback', 'hardcover']",['English'],2020.0,0.0,False
BOOK00892,What we know about emotional intelligence,['Moshe Zeidner'],5,2009,2012,English,1,False,['mau'],1,"['Cambridge, MA', 'Cambridge, Mass']",2,1,5,1,441,462,['eng'],['MIT Press'],"['0262517574', '026201260X', '0262255014']",3,"['9780262291613', '9780262257381', '9780262517577', '9780262012607', '9780262255011']",['paperback'],['English'],2009.0,0.0,False
BOOK00893,Applying emotional intelligence,"['Joseph Ciarrochi', 'Mayer, John D.']",5,2007,2013,English,1,False,['nyu'],1,"['New York, NY']",1,2,6,0,169,184,['eng'],"['Taylor & Francis Group', 'Psychology Press']","['1841694614', '1841694622']",2,"['9781315782935', '9781317710004', '9781317709985', '9781317709992', '9781841694610', '9781841694627']",[],['English'],2007.0,0.0,False
BOOK00894,Change Your Life With Emotional Intelligence,['Christine Wilding'],4,2010,2011,English,1,False,[],0,[],0,4,4,0,256,274,['eng'],"['Hodder & Stoughton', 'Hodder Education Group', 'Teach Yourself', 'McGraw-Hill']",[],0,"['9781444131161', '9781444126556', '9781444100945', '9780071740166']",[],['English'],2010.0,0.0,False
BOOK00895,Emotional Intelligence Mastery 2. 0,['Emotional Intelligence Academy'],1,2019,2019,English,1,False,[],0,[],0,2,1,0,70,70,['eng'],"['Independently Published', 'Independently published']",[],0,['9781099434310'],[],['English'],2019.0,0.0,False
BOOK00896,La iInteligencia emocional,['Daniel Goleman'],1,2013,2013,Spanish,1,False,['mx'],1,"['Mexico, D. F']",1,1,1,0,397,397,['spa'],['Ediciones B'],['6074803218'],1,['9786074803211'],[],['Spanish'],2013.0,0.0,False
BOOK00897,Emotional Intelligence,['Daniel Coleman'],1,1998,1998,English,1,False,[],0,[],0,1,1,0,,,['eng'],"['Rowman & Littlefield Publishers, Incorporated']",[],0,['9782887943076'],[],['English'],1998.0,0.0,False
BOOK00898,Emotional Intelligence,['Margaret Chapman'],1,2001,2001,English,1,False,[],0,[],0,1,1,1,112,112,['eng'],['Management Pocketbooks'],['1870471954'],1,['9781870471954'],['Paperback'],['English'],2001.0,0.0,False
BOOK00899,Emotional Intelligence,['Ryan James'],11,2019,2019,English,1,False,[],0,[],0,1,11,0,,,['eng'],['Alakai Publishing LLC'],[],0,"['9781951754037', '9781951754020', '9781951754044', '9781951754051', '9781951429980', '9781951429997', '9781951030384', '9781951030391', '9781951030360', '9781951030339', '9781951030377']",[],['English'],2019.0,0.0,False
BOOK00900,Master Your Emotions,['Eric Robertson'],1,2019,2019,English,1,False,[],0,[],0,2,1,0,110,110,['eng'],"['Independently Published', 'Independently published']",[],0,['9781690680918'],[],['English'],2019.0,0.0,False
BOOK00901,Emotional Intelligence,"['Darwin B. Nelson', 'Gary R. Low']",1,2002,2002,English,1,False,[],0,[],0,1,1,0,171,171,['eng'],['Prentice Hall'],['0130947628'],1,['9780130947628'],[],['English'],2002.0,0.0,False
BOOK00902,Communicate with emotional intelligence,"['John Eaton', 'Roy Johnson']",1,2001,2001,English,1,False,[],0,[],0,1,1,1,128,128,['eng'],['Parkwest Publications'],['1857037634'],1,['9781857037630'],['Paperback'],['English'],2001.0,0.0,False
BOOK00903,Emotional Intelligence Secrets,['Tyler Dawson'],1,2019,2019,English,1,False,[],0,[],0,1,1,0,,,['eng'],['Independently Published'],[],0,['9781700358622'],[],['English'],2019.0,0.0,False
BOOK00904,The Science of Self Talk,['Ian Tuhovsky'],1,2018,2018,,0,False,[],0,[],0,2,1,1,85,85,[],"['Independently published', 'Independently Published']",['1728688299'],1,['9781728688299'],['paperback'],[],2018.0,0.0,False
BOOK00905,Primal Leadership,"['Daniel Goleman', 'Richard E. Boyatzis', 'Annie McKee']",1,2004,2004,English,1,False,[],0,[],0,1,1,1,336,336,['eng'],['Harvard Business School Press'],['1591391849'],1,['9781591391845'],['Paperback'],['English'],2004.0,0.0,False
BOOK00906,Innovation Management,['Allan Afuah'],4,1997,2003,English,1,False,['nyu'],1,['New York'],1,2,2,0,390,416,['eng'],"['Oxford University Press', 'Oxford University Press, USA']","['0195113462', '0195142306']",2,"['9780195142303', '9780195113464']",[],['English'],1997.0,0.0,False
BOOK00907,Innovation Management and New Product Development,['Paul Trott'],8,1998,2022,English,1,False,[],0,[],0,6,8,1,320,672,['eng'],"['Pearson Education, Limited', 'Pearson Education Australia', 'Prentice Hall', 'Financial Times/Prentice Hall', 'Financial Times Prentice Hall', 'Trans-Atlantic Publications']","['0273655604', '0273713159', '0273686437', '027363111X']",4,"['9781292453620', '9781405853286', '9781292251523', '9781292133423', '9780273655602', '9780273713159', '9780273686439', '9780273631118']",['Paperback'],['English'],1998.0,0.0,False
BOOK00908,Strategic Innovation Management,"['Joe Tidd', 'John R. Bessant']",4,2014,2014,English,1,False,[],0,[],0,2,4,1,436,440,['eng'],"['Wiley & Sons, Incorporated, John', 'Wiley']",['1118457234'],1,"['9781118863220', '9781118863381', '9781118863336', '9781118457238']",['paperback'],['English'],2014.0,0.0,False
BOOK00909,Innovation Management,"['Keith Goffin', 'Mitchell, Rick']",2,2010,2016,,0,False,[],0,[],0,2,2,1,416,440,[],"['Red Globe Press', 'Palgrave Macmillan']","['1137373431', '0230205828']",2,"['9781137373434', '9780230205826']",['paperback'],[],2010.0,0.0,False
BOOK00910,Creativity and strategic innovation management,['Malcolm Goodman'],9,2012,2017,English,1,False,['enk'],1,"['Abingdon, Oxon', 'New York, NY']",2,2,11,0,288,326,['eng'],"['Routledge', 'Taylor & Francis Group']",[],0,"['9781299540385', '9781317199465', '9781315560847', '9781136249440', '9781317199489', '9781317199472', '9781138675100', '9781138675094', '9780415663540', '9780415663557', '9780203104378']",[],['English'],2012.0,0.0,False
BOOK00911,Innovation Management,['Mark Dodgson'],7,2016,2021,English,1,False,['enk'],1,['London'],1,2,7,0,74,74,['eng'],"['Taylor & Francis Group', 'Taylor and Francis']",['1351240188'],1,"['9781351240154', '9781351240185', '9781032178905', '9781351240161', '9781351240178', '9781138859234', '9780815375296']",[],['English'],2016.0,0.0,False
BOOK00912,The Oxford Handbook Of Innovation Management,['Mark Dodgson'],1,2013,2013,,0,False,[],0,[],0,1,1,0,720,720,[],['Oxford University Press'],[],0,['9780199694945'],[],[],2013.0,0.0,False
BOOK00913,Innovation management,"['Keith Goffin', 'Rick Mitchell']",2,2005,2025,English,1,False,[],0,[],0,2,2,1,384,496,['eng'],"['Bloomsbury Publishing Plc', 'Palgrave Macmillan']",['1403912602'],1,"['9781350337961', '9781403912602']",['Paperback'],['English'],2005.0,0.0,False
BOOK00914,Best Practice,['Mohamed Zairi'],9,1999,2010,English,1,False,['enk'],1,"['Oxford', 'Boston']",2,3,8,1,423,423,['eng'],"['Routledge', 'Taylor & Francis Group', 'Butterworth-Heinemann']",['0750639539'],1,"['9781282380561', '9781136426384', '9780080500027', '9781136426438', '9781136426421', '9781136426377', '9781136426407', '9780750639538']",['Hardcover'],['English'],1999.0,0.0,False
BOOK00915,The Innovator's Dilemma,"['Clayton M. Christensen', 'L J Ganser', 'Don Leslie']",20,1997,2024,"Italian, English, Japanese",3,True,"['ja', 'nyu', 'mau']",3,"['New York, NY', 'New York', 'Boston, Mass']",3,11,11,5,1,100000000,"['ita', 'eng', 'jpn']","['FrancoAngeli', 'HighBridge Audio', 'Harvard Business Review Press', 'HarperBusiness, [Orginally by Harvard Business School Press, 1997]', 'Highbridge Audio and Blackstone Publishing', 'HarperBusiness', 'Highbridge Audio', 'Collins Business Essentials', 'Collins', 'Harvard Business School Press', 'HarperBusiness Essentials']","['8835161185', '1665171537', '142219602X', '4798100234', '0066620694', '1681686902', '1665171545', '1665143568', '0062060244', '1633691780', '1565114159', '1565113934', '0060521996', '0875845851']",14,"['978-8835161189', '9781665171533', '9781422196021', '9784798100234', '9781681686905', '9781665171540', '9781665143561', '9780062060242', '9781565114159', '9781565113930', '9780060521998']","['audio cd', 'hardcover', 'Audio CD', 'Audio Cassette', 'Paperback']","['Italian', 'English', 'Japanese']",1997.0,0.0,False
BOOK00916,SAP Billing and Revenue Innovation Management,"['Chaitanaya Desai', 'Sheikna Kulam', 'Chun Wei Ooi', 'Clement Sanjivi', 'Andreas Tan']",2,2019,2022,English,1,False,[],0,[],0,1,2,0,,,['eng'],['Rheinwerk Publishing Inc.'],[],0,"['9781493222773', '9781493218837']",[],['English'],2019.0,0.0,False
BOOK00917,Innovation Management:,['Jan van den Ende'],2,2021,2021,English,1,False,[],0,[],0,1,2,0,,,['eng'],['Macmillan Education UK'],[],0,"['9781352012446', '9781352012422']",[],['English'],2021.0,0.0,False
BOOK00918,Creativity for innovation management,['Ina Goller'],7,2017,2023,English,1,False,['enk'],1,[],0,2,8,0,332,332,['eng'],"['Taylor & Francis Group', 'Routledge']","['1138641308', '1138641324']",2,"['9781032127699', '9781032127682', '9781317247456', '9781315630588', '9781317247470', '9781317247463', '9781138641303', '9781138641327']",[],['English'],2017.0,0.0,False
BOOK00919,Innovation management,"['Shlomo Maital', 'D V R Seshadri']",3,2007,2012,English,1,False,[],0,[],0,2,3,1,460,460,['eng'],"['SAGE Publications India Pvt, Ltd.', 'Sage Publications Pvt. Ltd']",['0761935274'],1,"['9788132110750', '9788178299570', '9780761935278']",['Paperback'],['English'],2007.0,0.0,False
BOOK00920,Innovation Management,"['Pervaiz Ahmed', 'Pervaiz K. Ahmed']",2,2007,2010,English,1,False,['nyu'],1,"['New York, NY']",1,2,1,1,664,664,['eng'],"['Pearson Prentice Hall', 'Prentice Hall']",['0273683764'],1,['9780273683766'],['Paperback'],['English'],2007.0,0.0,False
BOOK00921,Revolution of Innovation Management,"['Alexander Brem', 'Eric Viardot']",7,2016,2021,English,1,False,[],0,[],0,2,7,1,261,261,['eng'],"['Palgrave Macmillan', 'Palgrave Macmillan Limited']",['1137574747'],1,"['9783319430553', '9783319430560', '9781349951239', '9781349847174', '9781349951222', '9781349957347', '9781137574749']",['hardcover'],['English'],2016.0,0.0,False
BOOK00922,Innovation management and new product development,['Paul Trott'],1,2011,2011,English,1,False,['enk'],1,"['Harlow, England', 'New York']",2,1,1,0,648,648,['eng'],['Financial Times/Prentice Hall'],[],0,['9780273736561'],[],['English'],2011.0,0.0,False
BOOK00923,Global innovation management,['J. Christopher Westland'],2,2008,2016,English,1,False,['nyu'],1,['New York'],1,2,1,1,384,384,['eng'],"['Red Globe Press', 'Palgrave Macmillan']","['1137520183', '0230524915']",2,['9781137520180'],['paperback'],['English'],2008.0,0.0,False
BOOK00924,Product Innovation Management,"['Stefano Biazzo', 'Roberto Filippini']",2,2021,2022,English,1,False,[],0,[],0,1,2,0,194,194,['eng'],['Springer International Publishing AG'],[],0,"['9783030750138', '9783030750107']",[],['English'],2021.0,0.0,False
BOOK00925,Innovation Management,"['Carolina Machado', 'J. Paulo Davim']",4,2015,2025,English,1,False,[],0,[],0,2,4,0,199,199,['eng'],"['de Gruyter GmbH, Walter', 'De Gruyter, Inc.']",[],0,"['9783112206690', '9783112206911', '9783119147071', '9783110358766']",[],['English'],2015.0,0.0,False
BOOK00926,Contextual Innovation Management,"['Patrick van der Duin', 'Roland Ortt']",5,2020,2020,English,1,False,[],0,[],0,1,5,0,144,144,['eng'],['Taylor & Francis Group'],[],0,"['9781138920316', '9781317417231', '9781315687131', '9781317417224', '9781317417217']",[],['English'],2020.0,0.0,False
BOOK00927,Routledge Companion to Innovation Management,"['Jin Chen', 'Poh Kam Wong', 'Eric Viardot', 'Alexander Brem']",6,2019,2020,English,1,False,[],0,[],0,1,6,0,616,616,['eng'],['Taylor & Francis Group'],[],0,"['9781315276670', '9781351997058', '9781351997065', '9781351997072', '9780367656065', '9781138244719']",[],['English'],2019.0,0.0,False
BOOK00928,Corporate Foresight and Innovation Management,"['David Sarpong', 'Dirk Meissner']",6,2019,2021,English,1,False,[],0,[],0,1,6,0,154,154,['eng'],['Taylor & Francis Group'],[],0,"['9780367332204', '9781032091211', '9781000186413', '9781000145175', '9780429318559', '9781000165791']",[],['English'],2019.0,0.0,False
BOOK00929,Technology and Innovation Management,['Sanjiva Shankar Dubey'],1,2020,2020,English,1,False,[],0,[],0,1,1,0,,,['eng'],"['Prentice Hall India Pvt., Limited']",[],0,['9789389347395'],[],['English'],2020.0,0.0,False
BOOK00930,Encyclopedia of technology and innovation management,['V. K. Narayanan'],2,2010,2012,English,1,False,['enk'],1,['Chichester'],1,3,2,0,546,546,['eng'],"['Wiley & Sons, Incorporated, John', 'Wiley', 'Wiley-Blackwell']",['1405160497'],1,"['9781444316636', '9781405160490']",[],['English'],2010.0,0.0,False
BOOK00931,Information for Innovation,['Stuart Macdonald'],4,1998,2001,English,1,False,"['nyu', 'enk']",2,"['New York', 'Oxford']",2,3,2,2,290,312,['eng'],"['Oxford University Press, USA', 'Oxford University Press', 'Diane Pub Co']","['0199241473', '0198288255', '0756795184']",3,"['9780199241477', '9780756795184']","['Paperback', 'Hardcover']",['English'],1998.0,0.0,False
BOOK00932,Innovation and Entrepreneurship,['Peter F. Drucker'],33,1985,2015,"English, Chinese, Spanish",3,True,"['cc', 'enk', 'xxu', 'xxk', 'mx', 'nyu']",6,"['Beijing', 'London', 'New York', 'Mexico, D.F']",4,20,22,3,233,368,"['eng', 'chi', 'spa']","['Harper & Row', 'Harpercollins', 'Taylor & Francis Group', 'Routledge', 'HarperCollins Publishers', 'Butterworth-Heinemann', 'Ji xie gong ye chu ban she', 'Butterworth-Heinemann Ltd', 'Heinemann', 'William Heinemann Ltd', 'Pan in association with William Heinemann', 'PAN BOOKS', 'Editorial Hermes', 'HarperBusiness', 'Perennial Library', 'HarperCollins', 'Collins', 'Louisiana State University Press', 'Blackstone Audiobooks', 'Audio Partners']","['0060112484', '0750643889', '7111199359', '0434904082', '0434904074', '0060913606', '0330294652', '968446097X', '0060154284', '0887306187', '0060851139', '0750619082', '0786101989', '0886900344']",14,"['9780060112486', '9781317601357', '9781283546201', '9780066620206', '9780061185830', '9780750685085', '9780061809798', '9780080549415', '9781317601364', '9780750643887', '9781138019195', '9781138168343', '9787111199359', '9780434904082', '9780060546748', '9780060770037', '9780060851132', '9780750619080', '9780887306181', '9780060913601', '9780786101986', '9780886900342']","['Paperback', 'Electronic resource', 'Audio Cassette']","['English', 'Chinese', 'Spanish']",1985.0,0.0,False
BOOK00933,Innovative management of atrial fibrillation,['David Schwartzman'],4,2005,2008,English,1,False,['mau'],1,"['Malden, Mass']",1,3,3,0,208,208,['eng'],"['Wiley & Sons, Limited, John', 'Wiley & Sons, Incorporated, John', 'Blackwell Futura']",['1405122099'],1,"['9780470994818', '9780470984826', '9781405172592']",[],['English'],2005.0,0.0,False
BOOK00934,Crest of the Innovation Management Research Wave,['Marcus Tynnhammar'],3,2020,2020,English,1,False,[],0,[],0,1,3,0,,,['eng'],['Vernon Art and Science Inc.'],[],0,"['9781622739332', '9781622738960', '9781622738601']",[],['English'],2020.0,0.0,False
BOOK00935,Innovation Management,['Rasmus Koss Hartmann'],3,2025,2025,English,1,False,[],0,[],0,1,3,0,280,280,['eng'],['Cambridge University Press'],[],0,"['9781009431521', '9781009431576', '9781009431569']",[],['English'],2025.0,0.0,False
BOOK00936,Intellectual property and innovation management in small firms,['Robert Blackburn'],7,2003,2003,English,1,False,['xx'],1,['LONDON'],1,3,6,0,165,184,['eng'],"['Taylor & Francis Group', 'Routledge', 'ROUTLEDGE']",['0415228840'],1,"['9781134584703', '9780203466278', '9781280037276', '9781134584741', '9781134584758', '9781134584727']",[],['English'],2003.0,0.0,False
BOOK00937,Total Innovative Management Excellence,"['H. James Harrington', 'Frank Voehl']",4,2020,2020,English,1,False,[],0,[],0,1,4,0,538,538,['eng'],['Productivity Press'],[],0,"['9781000060423', '9781000060461', '9781003004554', '9781000060386']",[],['English'],2020.0,0.0,False
BOOK00938,"Managing research, development and innovation","['Ravi Jain', 'Harry C. Triandis']",7,2010,2010,English,1,False,['nju'],1,"['Hoboken, N.J']",1,2,7,0,416,416,['eng'],"['Wiley & Sons, Incorporated, John', 'Wiley']",[],0,"['9781282242203', '9780470917275', '9780470951583', '9780470914953', '9780470914946', '9780470914939', '9780470404126']",[],['English'],2010.0,0.0,False
BOOK00939,Innovation Management in Robot Society,['Kristian Wasén'],5,2015,2018,English,1,False,[],0,[],0,1,5,0,,,['eng'],['Taylor & Francis Group'],[],0,"['9781317654414', '9781315764481', '9781317654421', '9781317654438', '9781138617223']",[],['English'],2015.0,0.0,False
BOOK00940,Innovative Management Education Ecosystem,"['Jordi Diaz', 'Daphne Halkias', 'Paul W. Thurman']",5,2022,2022,English,1,False,[],0,[],0,2,5,0,,,['eng'],"['Routledge', 'Taylor & Francis Group']",[],0,"['9781032312231', '9781032312217', '9781000797879', '9781000797886', '9781003308652']",[],['English'],2022.0,0.0,False
BOOK00941,Evolution of Innovation Management,"['A. Brem', 'E. Viardot']",2,2013,2013,English,1,False,[],0,[],0,3,2,0,358,358,['eng'],"['Palgrave Macmillan', 'Palgrave Macmillan Limited', 'Springer']",[],0,"['9781137299994', '9781349350193']",[],['English'],2013.0,0.0,False
BOOK00942,Collaborative Leadership and Innovation,['Elis Carlström'],5,2022,2022,English,1,False,[],0,[],0,2,5,0,,,['eng'],"['Routledge', 'Taylor & Francis Group']",[],0,"['9781032078137', '9781032078144', '9781000688030', '9781003211655', '9781000688184']",[],['English'],2022.0,0.0,False
BOOK00943,The management of innovation,"['Tom R. Burns', 'G. M. Stalker']",9,1961,1994,English,1,False,"['ilu', 'xxk', 'enk', 'ukk']",4,"['London', 'Chicago', '[London]', 'Oxford', 'New York']",5,4,0,0,269,269,['eng'],"['Tavistock Publications', 'Quadrangle Books', 'Oxford University Press', 'Tavistock']","['042272050X', '0198288786', '0198288778']",3,[],[],['English'],1961.0,0.0,False
BOOK00944,Open Labs and Innovation Management,"['Valérie Mérindol', 'David W. Versailles']",5,2022,2022,English,1,False,[],0,[],0,2,5,0,,,['eng'],"['Routledge', 'Taylor & Francis Group']",[],0,"['9780367646394', '9780367612788', '9781003125587', '9781000776348', '9781000776355']",[],['English'],2022.0,0.0,False
BOOK00945,Critical Perspectives on Innovation Management,['Patryk Dziurski'],5,2021,2022,English,1,False,[],0,[],0,2,5,1,176,176,['eng'],"['Routledge', 'Taylor & Francis Group']",['1032067853'],1,"['9781032067896', '9781003203841', '9781000484243', '9781000484267', '9781032067858']",['hardcover'],['English'],2021.0,0.0,False
BOOK00946,"Innovation Management and New Product Development for Engineers, Volume I",['Rob Dekkers'],2,2018,2018,English,1,False,[],0,[],0,1,2,1,248,248,['eng'],['Momentum Press'],['1946646849'],1,"['9781946646859', '9781946646842']",['paperback'],['English'],2018.0,0.0,False
BOOK00947,Sustained Innovation Management,['Gaston Trauffler'],2,2007,2014,English,1,False,[],0,[],0,2,2,1,256,256,['eng'],"['Palgrave Macmillan', 'Palgrave Macmillan in association with the European Institute for Technology and Innovation Management']",['0230001971'],1,"['9781283185356', '9780230001978']",['Hardcover'],['English'],2007.0,0.0,False
BOOK00948,Innovative Management and Business Practices in Asia,"['Patricia Ordoñez de', 'Xi Zhang', 'Kwok Tai Chui']",5,2019,2020,English,1,False,[],0,[],0,1,5,0,,,['eng'],['IGI Global'],[],0,"['9781799816782', '9781799815693', '9781799815686', '9781799815679', '9781799815662']",[],['English'],2019.0,0.0,False
BOOK00949,Innovation Management and Growth in Emerging Economies,"['Heather C. Webb', 'Wendy Wu', 'Hussain Al Numairy']",5,2020,2020,English,1,False,[],0,[],0,1,5,0,,,['eng'],['IGI Global'],[],0,"['9781668418611', '9781799841975', '9781799858454', '9781799841951', '9781799841968']",[],['English'],2020.0,0.0,False
BOOK00950,Innovation Management for a Resilient Digital Economy,"['Miltiadis D. Lytras', 'Patricia Ordonez', 'Afnan Alkhaldi', 'Andreea Claudia Serban']",5,2024,2024,English,1,False,[],0,[],0,1,5,0,334,334,['eng'],['IGI Global'],[],0,"['9798369383612', '9798369383599', '9798369383582', '9798369383575', '9798369383605']",[],['English'],2024.0,0.0,False
