book_id,canonical_title,author_position,openlibrary_author_key,author_name,first_publish_year,publication_year_observed,subjects,leadwise_book_count
BOOK00001,Principle-Centered Leadership,1,OL383159A,Stephen R. Covey,1989.0,,"['Leadership', 'Psychological aspects of Success', 'Success', 'Psychological aspects', 'Commerce', 'Success in business', 'Aptitude pour la direction', 'Achievement', 'Success--']",2
BOOK00002,Leadership in Organizations,1,OL400156A,Gary A. Yukl,1981.0,,"['Organisation', 'Prise de décision', 'Entscheidungsfindung', 'Leadership', 'Organizational sociology', 'Organization', 'Decision making', 'Management', 'Entscheidungstheorie', 'Politische Wissenschaft', 'Economic development', 'Fu\x98hrung', 'Prise de decision', '85.08 organizational sociology and psychology', 'Führung', 'Organisationsverhalten', 'Leiderschap', 'Armies', 'Executive ability', 'Organizational Decision Making', 'Manuel', 'Organisation (organisme)', 'Ledarskap', 'Organisationssociologi', 'Organisationsteori', 'Organisationsutveckling', 'Beslutsfattande', 'Organization theory']",2
BOOK00003,Kepemimpinan =,1,OL1268A,Karjadi M.,1977.0,,['Leadership'],1
BOOK00004,Spiritual leadership,1,OL25389A,J. Oswald Sanders,1967.0,,"['Christian leadership', 'Leadership', 'Spiritual directors']",1
BOOK00005,Leadership,1,OL32040A,Peter Guy Northouse,1997.0,,"['Cas, Études de', 'Leiderschap', 'Leadership', 'Case studies', 'Führung', 'Leadership--case studies', 'Hm141 .n67 1997', '303.3/4']",2
BOOK00006,The 21 Irrefutable Laws of Leadership,1,OL26423A,John C. Maxwell,1998.0,,"['Leadership', 'Industrial management', 'Dirección y administración', 'Liderazgo', 'Industria', ""Gestion d'entreprise""]",1
BOOK00007,Leadership,1,OL2655012A,Peter G. Northouse,2000.0,,"['Leadership', 'Case studies', 'Sociology', 'Führung', 'Leadership--case studies', 'Hm1261 .n67 2018', '303.3/4']",2
BOOK00008,Leadership and performance beyond expectations,1,OL333669A,Bernard M. Bass,1985.0,,"['Leadership', 'Liderazgo']",6
BOOK00009,A Higher Loyalty,1,OL7442788A,James Comey,2018.0,,"['Politics and government', 'Officials and employees', 'United States. Federal Bureau of Investigation', 'United States', 'Leadership', 'Biography', 'Political leadership', 'Political ethics', 'War on Terrorism, 2001-2009', 'United States. Department of Justice', 'Election', 'Presidents', 'Large type books', 'Personal narratives', 'United states, federal bureau of investigation', 'United states, politics and government, 2009-2017', 'United states, politics and government, 2017-', 'United states, politics and government, 2001-2009', 'Lawyers, biography', 'United states, politics and government, biography', 'nyt:combined-print-and-e-book-nonfiction=2018-05-06', 'New York Times bestseller', 'New York Times reviewed', 'United states, politics and government, 2017-2021', 'BIOGRAPHY & AUTOBIOGRAPHY / Political', 'POLITICAL SCIENCE / American Government / National', 'HISTORY / United States / 21st Century', 'United States Federal Bureau of Investigation']",1
BOOK00009,A Higher Loyalty,2,OL8118723A,James B. Comey,2018.0,,"['Politics and government', 'Officials and employees', 'United States. Federal Bureau of Investigation', 'United States', 'Leadership', 'Biography', 'Political leadership', 'Political ethics', 'War on Terrorism, 2001-2009', 'United States. Department of Justice', 'Election', 'Presidents', 'Large type books', 'Personal narratives', 'United states, federal bureau of investigation', 'United states, politics and government, 2009-2017', 'United states, politics and government, 2017-', 'United states, politics and government, 2001-2009', 'Lawyers, biography', 'United states, politics and government, biography', 'nyt:combined-print-and-e-book-nonfiction=2018-05-06', 'New York Times bestseller', 'New York Times reviewed', 'United states, politics and government, 2017-2021', 'BIOGRAPHY & AUTOBIOGRAPHY / Political', 'POLITICAL SCIENCE / American Government / National', 'HISTORY / United States / 21st Century', 'United States Federal Bureau of Investigation']",1
BOOK00009,A Higher Loyalty,3,OL7964852A,James Comey,2018.0,,"['Politics and government', 'Officials and employees', 'United States. Federal Bureau of Investigation', 'United States', 'Leadership', 'Biography', 'Political leadership', 'Political ethics', 'War on Terrorism, 2001-2009', 'United States. Department of Justice', 'Election', 'Presidents', 'Large type books', 'Personal narratives', 'United states, federal bureau of investigation', 'United states, politics and government, 2009-2017', 'United states, politics and government, 2017-', 'United states, politics and government, 2001-2009', 'Lawyers, biography', 'United states, politics and government, biography', 'nyt:combined-print-and-e-book-nonfiction=2018-05-06', 'New York Times bestseller', 'New York Times reviewed', 'United states, politics and government, 2017-2021', 'BIOGRAPHY & AUTOBIOGRAPHY / Political', 'POLITICAL SCIENCE / American Government / National', 'HISTORY / United States / 21st Century', 'United States Federal Bureau of Investigation']",1
BOOK00010,Leadership and Self Deception,1,OL3080130A,The Arbinger Institute,2000.0,,"['Berrett Koehler', 'Business', 'Nonfiction', 'Leadership', 'Self-deception', 'Déception de soi', 'BUSINESS & ECONOMICS', 'Management', 'Management Styles & Communication', 'Economics']",1
BOOK00010,Leadership and Self Deception,2,OL3010393A,Dick Ruhe,2000.0,,"['Berrett Koehler', 'Business', 'Nonfiction', 'Leadership', 'Self-deception', 'Déception de soi', 'BUSINESS & ECONOMICS', 'Management', 'Management Styles & Communication', 'Economics']",1
BOOK00011,Leadership,1,OL7596247A,Elesa Zehndorfer,2013.0,,"['Leadership', 'Industrial management', ""Gestion d'entreprise"", 'BUSINESS & ECONOMICS / Industrial Management', 'BUSINESS & ECONOMICS / Management', 'BUSINESS & ECONOMICS / Management Science', 'BUSINESS & ECONOMICS / Organizational Behavior', 'BUSINESS & ECONOMICS / Leadership']",1
BOOK00012,Leadership,1,OL233688A,Richard L. Hughes,1993.0,,"['Leadership', 'Management', 'Leiderschap', 'Management & management techniques', 'Industrial & Organizational Psychology', 'Business & Economics', 'Business / Economics / Finance', 'Psychology']",2
BOOK00012,Leadership,2,OL2635692A,Robert C. Ginnett,1993.0,,"['Leadership', 'Management', 'Leiderschap', 'Management & management techniques', 'Industrial & Organizational Psychology', 'Business & Economics', 'Business / Economics / Finance', 'Psychology']",1
BOOK00012,Leadership,3,OL2639183A,Gordon J Curphy,1993.0,,"['Leadership', 'Management', 'Leiderschap', 'Management & management techniques', 'Industrial & Organizational Psychology', 'Business & Economics', 'Business / Economics / Finance', 'Psychology']",1
BOOK00012,Leadership,4,OL957796A,Richard Hughes,1993.0,,"['Leadership', 'Management', 'Leiderschap', 'Management & management techniques', 'Industrial & Organizational Psychology', 'Business & Economics', 'Business / Economics / Finance', 'Psychology']",1
BOOK00012,Leadership,5,OL2639184A,Robert Ginnett,1993.0,,"['Leadership', 'Management', 'Leiderschap', 'Management & management techniques', 'Industrial & Organizational Psychology', 'Business & Economics', 'Business / Economics / Finance', 'Psychology']",1
BOOK00012,Leadership,6,OL2639185A,Gordon Curphy,1993.0,,"['Leadership', 'Management', 'Leiderschap', 'Management & management techniques', 'Industrial & Organizational Psychology', 'Business & Economics', 'Business / Economics / Finance', 'Psychology']",1
BOOK00012,Leadership,7,OL2635693A,Gordon J. Curphy,1993.0,,"['Leadership', 'Management', 'Leiderschap', 'Management & management techniques', 'Industrial & Organizational Psychology', 'Business & Economics', 'Business / Economics / Finance', 'Psychology']",1
BOOK00013,Lincoln on Leadership,1,OL216820A,Donald T. Phillips,1992.0,,"['Views on political leadership', 'Political leadership', 'Leadership', 'Politische Führung', 'Leiderschap', 'Politische Fu\x98hrung', 'Lincoln, abraham, 1809-1865']",1
BOOK00014,Leadership,1,OL27560A,James MacGregor Burns,1978.0,,"['Leadership', 'Fu\x98hrungspsychologie', 'Fu\x98hrungseigenschaft', 'Politische Fu\x98hrung', 'Politieke aspecten', 'Führung', 'Pouvoir (sciences sociales)', 'Leiderschap', 'Ethische aspecten']",2
BOOK00015,Leadership,1,OL217763A,Robert N. Lussier,2000.0,,"['Teams in the workplace', 'Leadership']",2
BOOK00016,The leadership challenge,1,OL237290A,James M. Kouzes,1987.0,,"['Executive ability', 'Leadership', 'Management', 'Business', 'Nonfiction', 'Leiderschap', 'Aptitude pour la direction', 'Colección Gestión', 'Books and reading', 'Organization and Administration', 'Gestion', 'Sisters of St. Francis of Mary Immaculate', 'Administrative Personnel', 'Organizational Efficiency', 'Manuels', 'Autoformation', 'Ledarskap', 'Personnel Management', 'Führungsstil', 'Führung', 'Management, study and teaching', 'Executives, training of', 'Efficiency, organizational', 'Hd57.7 .k68 2007', 'Hd 57.7 k88l 2007', '658.4/092']",4
BOOK00016,The leadership challenge,2,OL2648679A,Barry Z. Posner,1987.0,,"['Executive ability', 'Leadership', 'Management', 'Business', 'Nonfiction', 'Leiderschap', 'Aptitude pour la direction', 'Colección Gestión', 'Books and reading', 'Organization and Administration', 'Gestion', 'Sisters of St. Francis of Mary Immaculate', 'Administrative Personnel', 'Organizational Efficiency', 'Manuels', 'Autoformation', 'Ledarskap', 'Personnel Management', 'Führungsstil', 'Führung', 'Management, study and teaching', 'Executives, training of', 'Efficiency, organizational', 'Hd57.7 .k68 2007', 'Hd 57.7 k88l 2007', '658.4/092']",3
BOOK00016,The leadership challenge,3,OL218730A,Elaine Biech,1987.0,,"['Executive ability', 'Leadership', 'Management', 'Business', 'Nonfiction', 'Leiderschap', 'Aptitude pour la direction', 'Colección Gestión', 'Books and reading', 'Organization and Administration', 'Gestion', 'Sisters of St. Francis of Mary Immaculate', 'Administrative Personnel', 'Organizational Efficiency', 'Manuels', 'Autoformation', 'Ledarskap', 'Personnel Management', 'Führungsstil', 'Führung', 'Management, study and teaching', 'Executives, training of', 'Efficiency, organizational', 'Hd57.7 .k68 2007', 'Hd 57.7 k88l 2007', '658.4/092']",1
BOOK00016,The leadership challenge,4,OL4148975A,Barry Posner,1987.0,,"['Executive ability', 'Leadership', 'Management', 'Business', 'Nonfiction', 'Leiderschap', 'Aptitude pour la direction', 'Colección Gestión', 'Books and reading', 'Organization and Administration', 'Gestion', 'Sisters of St. Francis of Mary Immaculate', 'Administrative Personnel', 'Organizational Efficiency', 'Manuels', 'Autoformation', 'Ledarskap', 'Personnel Management', 'Führungsstil', 'Führung', 'Management, study and teaching', 'Executives, training of', 'Efficiency, organizational', 'Hd57.7 .k68 2007', 'Hd 57.7 k88l 2007', '658.4/092']",1
BOOK00017,ORGANIZATIONAL CULTURE AND LEADERSHIP,1,OL228253A,"Schein, Edgar H.",1991.0,,"['Corporate culture', 'Culture', 'Leadership', ""Culture d'entreprise"", 'PSYCHOLOGY', 'Social Psychology', 'Society', 'Hd58.7 .s33 2017', '302.3/5']",2
BOOK00017,ORGANIZATIONAL CULTURE AND LEADERSHIP,2,OL8082877A,Peter Schein,1991.0,,"['Corporate culture', 'Culture', 'Leadership', ""Culture d'entreprise"", 'PSYCHOLOGY', 'Social Psychology', 'Society', 'Hd58.7 .s33 2017', '302.3/5']",1
BOOK00018,Leadership,1,OL233688A,Richard L. Hughes,2012.0,,['Leadership'],2
BOOK00019,Leadership In Turbulent Times,1,OL222155A,Doris Kearns Goodwin,2018.0,,"['Politics and government', 'Political culture', 'Political leadership', 'Presidents', 'Character', 'Case studies', 'Crisis management', 'History', 'Business & economics', 'leadership', 'political science', 'government', 'executive branch', 'Case Reports', 'Biographies', 'biography', 'political process', 'biography & autobiography', 'presidents & heads of state', 'presidential leadership', 'Presidents, united states', 'United states, politics and government', 'Lincoln, abraham, 1809-1865', 'Roosevelt, theodore, 1858-1919', 'Roosevelt, franklin d. (franklin delano), 1882-1945', 'Johnson, lyndon b. (lyndon baines), 1908-1973', 'nyt:combined-print-and-e-book-nonfiction=2018-10-07', 'New York Times bestseller', 'New York Times reviewed', 'United states, history', 'POLITICAL SCIENCE / Political Process / Leadership', 'BIOGRAPHY & AUTOBIOGRAPHY / Presidents & Heads of State', 'Theodore Roosevelt']",2
BOOK00019,Leadership In Turbulent Times,2,OL9310463A,Doris Kearns Goodwin,2018.0,,"['Politics and government', 'Political culture', 'Political leadership', 'Presidents', 'Character', 'Case studies', 'Crisis management', 'History', 'Business & economics', 'leadership', 'political science', 'government', 'executive branch', 'Case Reports', 'Biographies', 'biography', 'political process', 'biography & autobiography', 'presidents & heads of state', 'presidential leadership', 'Presidents, united states', 'United states, politics and government', 'Lincoln, abraham, 1809-1865', 'Roosevelt, theodore, 1858-1919', 'Roosevelt, franklin d. (franklin delano), 1882-1945', 'Johnson, lyndon b. (lyndon baines), 1908-1973', 'nyt:combined-print-and-e-book-nonfiction=2018-10-07', 'New York Times bestseller', 'New York Times reviewed', 'United states, history', 'POLITICAL SCIENCE / Political Process / Leadership', 'BIOGRAPHY & AUTOBIOGRAPHY / Presidents & Heads of State', 'Theodore Roosevelt']",1
BOOK00020,Leadership,1,OL192352A,Michael Z. Hackman,1991.0,,"['Communication', 'Leadership', 'Politics - Current Events', 'Business & Economics / Management Science', 'Politics / Current Events', 'Business/Economics', 'Political Process - Leadership', 'Business & Economics', 'Management Science', 'Business & Economics / Leadership', 'Fu\x98hrung', 'Fu\x98hrungseigenschaft', 'Language arts', 'Business']",1
BOOK00020,Leadership,2,OL483114A,Craig E. Johnson,1991.0,,"['Communication', 'Leadership', 'Politics - Current Events', 'Business & Economics / Management Science', 'Politics / Current Events', 'Business/Economics', 'Political Process - Leadership', 'Business & Economics', 'Management Science', 'Business & Economics / Leadership', 'Fu\x98hrung', 'Fu\x98hrungseigenschaft', 'Language arts', 'Business']",1
BOOK00021,Transformational Leadership,1,OL333669A,Bernard M. Bass,2005.0,,"['Leadership', 'Organizational change']",6
BOOK00021,Transformational Leadership,2,OL659144A,Ronald E. Riggio,2005.0,,"['Leadership', 'Organizational change']",3
BOOK00022,Tribal leadership,1,OL4929480A,David Logan,2007.0,,"['Teams in the workplace', 'Leadership', 'Organizational behavior', 'Business', 'Management', 'Nonfiction', 'Gestion du personnel', 'Organisation du travail', 'Motivations', ""Travail d'équipe"", 'Associations, institutions', 'Workplace', 'nyt:paperback-advice=2011-06-26', 'New York Times bestseller']",1
BOOK00022,Tribal leadership,2,OL2632097A,Dave Logan,2007.0,,"['Teams in the workplace', 'Leadership', 'Organizational behavior', 'Business', 'Management', 'Nonfiction', 'Gestion du personnel', 'Organisation du travail', 'Motivations', ""Travail d'équipe"", 'Associations, institutions', 'Workplace', 'nyt:paperback-advice=2011-06-26', 'New York Times bestseller']",1
BOOK00022,Tribal leadership,3,OL2632098A,John King,2007.0,,"['Teams in the workplace', 'Leadership', 'Organizational behavior', 'Business', 'Management', 'Nonfiction', 'Gestion du personnel', 'Organisation du travail', 'Motivations', ""Travail d'équipe"", 'Associations, institutions', 'Workplace', 'nyt:paperback-advice=2011-06-26', 'New York Times bestseller']",1
BOOK00022,Tribal leadership,4,OL2632099A,Halee Fischer-Wright,2007.0,,"['Teams in the workplace', 'Leadership', 'Organizational behavior', 'Business', 'Management', 'Nonfiction', 'Gestion du personnel', 'Organisation du travail', 'Motivations', ""Travail d'équipe"", 'Associations, institutions', 'Workplace', 'nyt:paperback-advice=2011-06-26', 'New York Times bestseller']",1
BOOK00022,Tribal leadership,5,OL10000962A,"King, John, III",2007.0,,"['Teams in the workplace', 'Leadership', 'Organizational behavior', 'Business', 'Management', 'Nonfiction', 'Gestion du personnel', 'Organisation du travail', 'Motivations', ""Travail d'équipe"", 'Associations, institutions', 'Workplace', 'nyt:paperback-advice=2011-06-26', 'New York Times bestseller']",1
BOOK00022,Tribal leadership,6,OL302271A,John King (undifferentiated),2007.0,,"['Teams in the workplace', 'Leadership', 'Organizational behavior', 'Business', 'Management', 'Nonfiction', 'Gestion du personnel', 'Organisation du travail', 'Motivations', ""Travail d'équipe"", 'Associations, institutions', 'Workplace', 'nyt:paperback-advice=2011-06-26', 'New York Times bestseller']",1
BOOK00023,Tough Minded Leadership,1,OL386286A,Joe D. Batten,1989.0,,"['Leadership', 'Management', 'Leadership, religious aspects']",1
BOOK00024,Transforming Leadership,1,OL27560A,James MacGregor Burns,2003.0,,"['Empowerment', 'Politieke leiding', 'Leadership', 'Geschichte', 'Führung', 'History', 'Leadership--history', 'Hm1261 .b87 2003', '303.3/4']",2
BOOK00025,Leadership,1,OL54602A,Rudolph W. Giuliani,2002.0,,"['Politics and government', 'September 11 Terrorist Attacks, 2001', 'Biographies', ""Hommes d'État"", 'New York (N.Y.)', 'Administration', 'Attentats du 11 septembre 2001, E tats-Unis', ""Hommes d'E tat"", 'Maires', 'Politicians', 'Leadership', 'Attentats du 11 septembre 2001, États-Unis', 'Mayors', 'Biography', 'Statesmen', 'New York City', 'Terrorist attack', 'September 11, 2001', 'September 11 terrorist attacks, 2001', ""Hommes d'état"", 'New york (n.y.)', 'Attentats du 11 septembre 2001, e tats-unis', ""Hommes d'e tat"", 'Attentats du 11 septembre 2001, états-unis', 'New york city']",1
BOOK00026,Transformation leadership,1,OL333669A,Bernard M. Bass,2005.0,,"['Leadership', 'Organizational change', 'Organizational Innovation', 'Changement organisationnel', 'BUSINESS & ECONOMICS']",6
BOOK00026,Transformation leadership,2,OL659144A,Ronald E. Riggio,2005.0,,"['Leadership', 'Organizational change', 'Organizational Innovation', 'Changement organisationnel', 'BUSINESS & ECONOMICS']",3
BOOK00027,Las cinco disfunciones de un equipo,1,OL219764A,Patrick Lencioni,2002.0,,"['Management', 'Nonfiction', 'Business', 'Teams in the workplace', 'Industrial Psychology', 'Organization & administration', 'Travail de groupe', 'Leadership', 'Teamwork', 'Workplace', 'Institutional Management Teams', 'Équipes de travail', 'Personnel Management', 'Group Processes', 'Employees, training of', 'Self-actualization (psychology)', 'Comic books, strips', 'Teams in the workplace--comic books, strips, etc', 'Hd66 .l456 2008', '658.402', 'Institutional Mangement Teams']",3
BOOK00028,The Tao of leadership,1,OL1236399A,John Heider,1985.0,,"['Taoísmo', 'Psychological aspects of Leadership', 'Leadership', 'Psychological aspects', 'Taoism', 'Liderazgo', 'Dao de jing (Laozi)']",1
BOOK00029,The student leadership challenge,1,OL237290A,James M. Kouzes,2000.0,,"['Leadership', 'College student government', 'Interpersonal relations', 'Student government', 'Education - social & political aspects']",4
BOOK00029,The student leadership challenge,2,OL2648679A,Barry Z. Posner,2000.0,,"['Leadership', 'College student government', 'Interpersonal relations', 'Student government', 'Education - social & political aspects']",3
BOOK00029,The student leadership challenge,3,OL8049138A,Beth High,2000.0,,"['Leadership', 'College student government', 'Interpersonal relations', 'Student government', 'Education - social & political aspects']",1
BOOK00029,The student leadership challenge,4,OL8049139A,Gary M. Morgan,2000.0,,"['Leadership', 'College student government', 'Interpersonal relations', 'Student government', 'Education - social & political aspects']",1
BOOK00029,The student leadership challenge,5,OL9507985A,Martin Tan,2000.0,,"['Leadership', 'College student government', 'Interpersonal relations', 'Student government', 'Education - social & political aspects']",1
BOOK00030,Reframing Organizations,1,OL545889A,Lee G. Bolman,1991.0,,"['Leadership', 'Management', 'Organizational behavior', 'Business', 'Nonfiction', 'Comportement organisationnel', 'Gestion', ""Culture d'entreprise"", 'Management.', 'Organizational behavior.', 'Leadership.', 'Risk Management', 'Organization and Administration', 'Administracao', 'Prise de decision', 'Organisatie', 'Unternehmen', 'Theorie', 'Administracao De Empresas', 'Unternehmensorganisation', 'Prise de décision', 'Job Satisfaction', 'Personnel Management', 'Industrial Psychology', 'Führung', 'Organisationshandeln', 'Associations, institutions, etc.', 'Organizational change', 'BUSINESS & ECONOMICS', 'Structural Adjustment', 'Organisationssoziologie', 'Organisationsverhalten', 'Organisationsutveckling', 'Organisationsförändringar', 'Företagsorganisation', 'Management Service Organizations', 'Organisatiegedrag', 'Leiderschap', 'Organizational Culture', 'Organizational Innovation', 'Institutional Management Teams', 'Management Quality Circles', 'Hd31 .b6135 2003', '658.4/063', 'Hd31 .b6135 2008', 'Psychology, industrial', 'Hd31 .b6135 2013', 'Hd31 .b6135 2017']",1
BOOK00031,Wooden on Leadership,1,OL2637309A,John Wooden,2005.0,,"['Business', 'Nonfiction', 'Leadership', 'Management']",1
BOOK00032,Brand leadership,1,OL220279A,David A. Aaker,2000.0,,"['Brand name products', 'Management', 'Sales & marketing', 'Product Management', 'Business & Economics', 'Business / Economics / Finance', 'Business/Economics', 'United States', 'Marketing - General', 'Advertising & Promotion', 'Business & Economics / Marketing / General', 'Marketing', 'Merken', 'Merkartikelen', 'Merknamen', 'Strategie', 'Marques de commerce']",4
BOOK00032,Brand leadership,2,OL2762041A,Erich Joachimsthaler,2000.0,,"['Brand name products', 'Management', 'Sales & marketing', 'Product Management', 'Business & Economics', 'Business / Economics / Finance', 'Business/Economics', 'United States', 'Marketing - General', 'Advertising & Promotion', 'Business & Economics / Marketing / General', 'Marketing', 'Merken', 'Merkartikelen', 'Merknamen', 'Strategie', 'Marques de commerce']",1
BOOK00033,SuperVision and Instructional Leadership,1,OL383429A,Carl D. Glickman,2000.0,,"['School supervision', 'Schulaufsicht', 'Educational leadership', 'Inspection des écoles']",1
BOOK00033,SuperVision and Instructional Leadership,2,OL772556A,Stephen P. Gordon,2000.0,,"['School supervision', 'Schulaufsicht', 'Educational leadership', 'Inspection des écoles']",1
BOOK00033,SuperVision and Instructional Leadership,3,OL2672226A,Jovita M. Ross-Gordon,2000.0,,"['School supervision', 'Schulaufsicht', 'Educational leadership', 'Inspection des écoles']",1
BOOK00034,Leadership,1,OL3714825A,Simon Western,2007.0,,"['Leadership', 'Economics', 'Industrial management']",1
BOOK00035,Leadership Strategy and Tactics,1,OL7524018A,Jocko Willink,2020.0,,"['Strategic planning', 'Leadership', 'Sociology', 'Economics', 'nyt:advice-how-to-and-miscellaneous=2020-02-02', 'New York Times bestseller', 'BUSINESS & ECONOMICS / Economics / General']",1
BOOK00036,Leadership,1,OL236243A,Henry Kissinger,2022.0,,"['nyt:combined-print-and-e-book-nonfiction=2022-07-24', 'New York Times bestseller']",1
BOOK00037,Improving organizational effectiveness through transformational leadership,1,OL333669A,Bernard M. Bass,1994.0,,"['Leadership', 'Organizational effectiveness']",6
BOOK00037,Improving organizational effectiveness through transformational leadership,2,OL241136A,Bruce J. Avolio,1994.0,,"['Leadership', 'Organizational effectiveness']",5
BOOK00038,Introduction to Leadership,1,OL2655012A,Peter G. Northouse,2011.0,,['Leadership'],2
BOOK00039,Teacher leadership,1,OL770456A,Ann Lieberman,1950.0,,"['Educational leadership', 'Professional relationships', 'Teacher participation in administration', 'Teachers']",1
BOOK00039,Teacher leadership,2,OL1862946A,Lynne Miller,1950.0,,"['Educational leadership', 'Professional relationships', 'Teacher participation in administration', 'Teachers']",1
BOOK00040,HR leadership,1,OL265995A,Linda Holbeche,2010.0,,"['Human Resources & Personnel Management', 'Leadership', 'Business', 'Workplace Culture', 'Personnel management', 'BUSINESS & ECONOMICS', 'Personnel', 'Direction']",2
BOOK00041,Leadership in health care,1,OL3480923A,Jill Barr,2008.0,,"['Administration', 'Health services administration', 'Nursing services', 'Health systems & services', 'Nursing', 'Services infirmiers', 'Health Services Administration', 'Leadership', 'Santé, Services de', 'Interprofessional Relations', 'Nursing services, administration', 'Medical', 'Health care delivery']",1
BOOK00041,Leadership in health care,2,OL3714810A,Lesley L Dowding,2008.0,,"['Administration', 'Health services administration', 'Nursing services', 'Health systems & services', 'Nursing', 'Services infirmiers', 'Health Services Administration', 'Leadership', 'Santé, Services de', 'Interprofessional Relations', 'Nursing services, administration', 'Medical', 'Health care delivery']",1
BOOK00042,Organizational culture and leadership,1,OL228253A,"Schein, Edgar H.",1985.0,,"['Culture', 'Leadership', 'Corporate culture', 'open_syllabus_project', 'Organizational behavior', 'Organizational sociology', 'Organization', 'Management']",2
BOOK00043,Leadership and the one minute manager,1,OL21502A,Kenneth H. Blanchard,1985.0,,"['Leadership', 'Management', 'Gestion']",3
BOOK00043,Leadership and the one minute manager,2,OL2623346A,Patricia Zigarmi,1985.0,,"['Leadership', 'Management', 'Gestion']",1
BOOK00043,Leadership and the one minute manager,3,OL2623347A,Drea Zigarmi,1985.0,,"['Leadership', 'Management', 'Gestion']",1
BOOK00044,School leadership and administration,1,OL778253A,Richard A. Gorton,1987.0,,"['Case studies', 'Educational leadership', 'School management and organization', 'Administration scolaire', 'Educational administration', 'Administration - General', 'Leadership', 'Education / Administration', 'Education', 'Education / Teaching', 'Textbooks', 'United States']",1
BOOK00044,School leadership and administration,2,OL1478504A,Judy A. Alston,1987.0,,"['Case studies', 'Educational leadership', 'School management and organization', 'Administration scolaire', 'Educational administration', 'Administration - General', 'Leadership', 'Education / Administration', 'Education', 'Education / Teaching', 'Textbooks', 'United States']",1
BOOK00044,School leadership and administration,3,OL549296A,Petra E. Snowden,1987.0,,"['Case studies', 'Educational leadership', 'School management and organization', 'Administration scolaire', 'Educational administration', 'Administration - General', 'Leadership', 'Education / Administration', 'Education', 'Education / Teaching', 'Textbooks', 'United States']",1
BOOK00045,Leadership Is an Art,1,OL3925630A,Max DePree,1989.0,,['Leadership'],1
BOOK00046,Small unit leadership,1,OL1345371A,Dandridge M. Malone,1983.0,,"['Business', 'Command of troops', 'History', 'Leadership', 'Nonfiction', 'Military art and science']",1
BOOK00047,Leadership Wisdom from the Monk Who Sold His Ferrari,1,OL221968A,Robin S. Sharma,1998.0,,"['Exito en los negocios', 'Actualización de sí mismo (Psicología)', 'Leadership', 'Success in business', 'Self-actualization (Psychology)', 'Liderazgo', 'Management and leadership skills', 'Industrial management', 'Business']",1
BOOK00048,Monday morning leadership,1,OL1386640A,David Cottrell,2002.0,,"['Management', 'Leadership', 'Labor productivity', 'Employee motivation']",1
BOOK00049,Leadership for dummies,1,OL35741A,Marshall Loeb,1999.0,,"['Executive ability', 'Leadership']",1
BOOK00050,Leadership,1,OL32040A,Peter Guy Northouse,2010.0,,"['Leadership', 'Case studies', 'Leiderschap', 'BUSINESS & ECONOMICS', 'Führung', 'Fèuhrung', 'Ledarskap', 'Unternehmensführung', 'Leadership--case studies', 'Hm1261 .n67 2015', '303.3/4']",2
BOOK00051,Curriculum leadership,1,OL383301A,Allan A. Glatthorn,1987.0,,"['Curricula', 'Curriculum', 'Curriculum evaluation', 'Curriculum planning', 'Education, Elementary', 'Educational leadership', 'Elementary Education', 'Planification', ""Programmes d'etudes"", 'Leadership en education', 'Curriculum planning & development', 'Education', 'Education / Teaching', 'United States', 'Education / Curricula', 'Leadership', 'Education, united states']",1
BOOK00051,Curriculum leadership,2,OL724209A,Floyd Boschee,1987.0,,"['Curricula', 'Curriculum', 'Curriculum evaluation', 'Curriculum planning', 'Education, Elementary', 'Educational leadership', 'Elementary Education', 'Planification', ""Programmes d'etudes"", 'Leadership en education', 'Curriculum planning & development', 'Education', 'Education / Teaching', 'United States', 'Education / Curricula', 'Leadership', 'Education, united states']",1
BOOK00051,Curriculum leadership,3,OL2842487A,Bruce M. Whitehead,1987.0,,"['Curricula', 'Curriculum', 'Curriculum evaluation', 'Curriculum planning', 'Education, Elementary', 'Educational leadership', 'Elementary Education', 'Planification', ""Programmes d'etudes"", 'Leadership en education', 'Curriculum planning & development', 'Education', 'Education / Teaching', 'United States', 'Education / Curricula', 'Leadership', 'Education, united states']",1
BOOK00052,Transformational leadership development,1,OL333669A,Bernard M. Bass,1990.0,,"['Handbooks, manuals', 'Handbooks, manuals, etc..', 'Self-evaluation', 'Supervisors', 'Leadership', 'Questionnaires', 'Evaluation', 'Rating of']",6
BOOK00053,Full range leadership development,1,OL241136A,Bruce J. Avolio,2010.0,,['Leadership'],5
BOOK00054,Leadership Development in Balance,1,OL241136A,Bruce J. Avolio,2004.0,,[],5
BOOK00055,Full range leadership development,1,OL3123115A,John J. Sosik,2010.0,,"['Leadership', 'BUSINESS & ECONOMICS / Industrial Management', 'BUSINESS & ECONOMICS / Management', 'BUSINESS & ECONOMICS / Management Science', 'BUSINESS & ECONOMICS / Organizational Behavior']",1
BOOK00056,Leadership Development,1,OL3483889A,Kevin Flinn,2018.0,,"['Leadership', 'Career development', 'BUSINESS & ECONOMICS', 'Industrial Management', 'Management', 'Management Science', 'Organizational Behavior']",1
BOOK00057,Leadership development basics,1,OL72319A,Karen Lawson,2008.0,,['Leadership'],1
BOOK00058,Leadership development,1,OL562669A,Rosemary Ryan,2008.0,,"['Executive ability', 'Leadership', 'Study and teaching', 'Aptitude pour la direction', 'Étude et enseignement', 'BUSINESS & ECONOMICS']",1
BOOK00059,The Center for Creative Leadership handbook of leadership development,1,OL391893A,Cynthia D. McCauley,2003.0,,"['Creative ability in business', 'Leadership']",1
BOOK00059,The Center for Creative Leadership handbook of leadership development,2,OL389858A,Ellen Van Velsor,2003.0,,"['Creative ability in business', 'Leadership']",2
BOOK00060,Applied leadership development,1,OL8299548A,Al Bolea,2015.0,,['Leadership'],1
BOOK00061,Full leadership development,1,OL241136A,Bruce J. Avolio,1999.0,,"['Leadership', 'Fu\x98hrung', 'Leiderschap', 'Organizational behavior']",5
BOOK00062,Implementing problem-based learning in leadership development,1,OL657508A,Edwin M. Bridges,1995.0,,"['Problem solving', 'School administrators', 'School management and organization', 'School principals', 'Study and teaching', 'Training of', 'Étude et enseignement', 'Onderwijsvernieuwing', ""Directeurs d'école"", 'Problemlösen', 'Résolution de problème', 'Administration scolaire', 'Formation', 'Probleemgeoriënteerd onderwijs', 'Schulverwaltung', 'Führungskraft', 'Administrateurs scolaires', 'Onderwijsmanagement']",1
BOOK00063,Leadership Development Studies,1,OL8624393A,Monika Byrd,2014.0,,"['Leadership', 'Management']",1
BOOK00063,Leadership Development Studies,2,OL736784A,Susan Edwards,2014.0,,"['Leadership', 'Management']",1
BOOK00064,The making of a leader,1,OL956961A,J. Robert Clinton,1988.0,,['Christian leadership'],1
BOOK00065,Accelerating Leadership Development,1,OL7722532A,Jocelyn Berard,2013.0,,"['Leadership', 'Evaluation', 'Organizational effectiveness', 'Executives', 'Training of', 'Executive ability', 'BUSINESS & ECONOMICS', 'Industrial Management', 'Management', 'Management Science', 'Organizational Behavior']",1
BOOK00066,Innovations in public leadership development,1,OL948501A,Terry F. Buss,2008.0,,"['Leadership', 'Public administration', 'Political leadership', 'Organizational change', 'Administration publique (Science)', 'Changement organisationnel']",1
BOOK00067,College Student Leadership Development,1,OL384936A,Valerie I. Sessa,2017.0,,"['College students', 'Leadership']",1
BOOK00068,The Center for Creative Leadership handbook of leadership development,1,OL389858A,Ellen Van Velsor,2010.0,,"['Creative ability in business', 'Leadership', 'Führungskräfteentwicklung', 'F?hrungskr?fteentwicklung']",2
BOOK00069,Leadership development program,1,OL387435A,Frances A. Karnes,2000.0,,"['Leadership', 'Study and teaching']",1
BOOK00070,Servant Leadership,1,OL7978852A,Dirk van Dierendonck,2010.0,,['Leadership'],1
BOOK00070,Servant Leadership,2,OL6456967A,K. Patterson,2010.0,,['Leadership'],1
BOOK00071,Real time leadership development,1,OL3692085A,Paul R. Yost,2009.0,,"['Executive ability', 'Leadership']",1
BOOK00072,Leading Small Business,1,OL8154264A,Steve Kempster,2015.0,,"['Small business', 'Management', 'Leadership', 'Petites et moyennes entreprises', 'Gestion', 'BUSINESS & ECONOMICS', 'Industrial Management', 'Management Science', 'Organizational Behavior']",1
BOOK00072,Leading Small Business,2,OL1747377A,Sue Smith,2015.0,,"['Small business', 'Management', 'Leadership', 'Petites et moyennes entreprises', 'Gestion', 'BUSINESS & ECONOMICS', 'Industrial Management', 'Management Science', 'Organizational Behavior']",1
BOOK00073,Women's Leadership Development,1,OL8081136A,Gelaye Debebe,2019.0,,"['Leadership', 'Businesswomen', 'Leadership in women', 'Study and teaching', 'Women executives', 'Women in the professions', 'Leadership chez la femme', 'Étude et enseignement', 'Femmes dans les professions libérales', 'BUSINESS & ECONOMICS / General', 'BUSINESS & ECONOMICS / Leadership', 'SOCIAL SCIENCE / Gender Studies']",1
BOOK00074,Leadership Development,1,OL28563A,Manuel London,2001.0,,"['Training of', 'Leadership', 'Executives', 'Executives, training of', 'BUSINESS & ECONOMICS', 'Workplace Culture', 'Corporate Governance', 'Organizational Development']",2
BOOK00075,Accelerated Leadership Development,1,OL7323380A,Ines Wichert,2018.0,,['Leadership'],1
BOOK00076,Business Leadership Development in China,1,OL4174624A,Shuang Ren,2015.0,,"['Leadership', 'Management', 'China, social conditions', 'China, economic conditions', 'Gestion', 'BUSINESS & ECONOMICS', 'Industrial Management', 'Management Science', 'Organizational Behavior']",1
BOOK00076,Business Leadership Development in China,2,OL395327A,Robert Wood,2015.0,,"['Leadership', 'Management', 'China, social conditions', 'China, economic conditions', 'Gestion', 'BUSINESS & ECONOMICS', 'Industrial Management', 'Management Science', 'Organizational Behavior']",1
BOOK00076,Business Leadership Development in China,3,OL5535617A,Ying Zhu,2015.0,,"['Leadership', 'Management', 'China, social conditions', 'China, economic conditions', 'Gestion', 'BUSINESS & ECONOMICS', 'Industrial Management', 'Management Science', 'Organizational Behavior']",1
BOOK00077,Leadership for a Better World,1,OL7666450A,Susan R. Komives,2012.0,,"['Universities and colleges, administration', 'College administrators', 'Educational leadership', 'Social change', 'Universities and colleges--administration', 'College administrators--professional relationships', 'Lb2341 .k66 2017', '378.1/01', 'Universities and colleges', 'Administration', 'Professional relationships']",1
BOOK00077,Leadership for a Better World,2,OL7582479A,Wendy Wagner,2012.0,,"['Universities and colleges, administration', 'College administrators', 'Educational leadership', 'Social change', 'Universities and colleges--administration', 'College administrators--professional relationships', 'Lb2341 .k66 2017', '378.1/01', 'Universities and colleges', 'Administration', 'Professional relationships']",1
BOOK00078,Future of Leadership Development,1,OL8048521A,Susan Elaine Murphy,2003.0,,['Leadership'],1
BOOK00078,Future of Leadership Development,2,OL659144A,Ronald E. Riggio,2003.0,,['Leadership'],3
BOOK00079,Curriculum Leadership Development,1,OL542112A,Carol A. Mullen,2012.0,,"['Curriculum planning', 'Educational leadership']",1
BOOK00080,The handbook for student leadership development,1,OL396629A,Susan R. Komives,2011.0,,"['Counseling in higher education', 'College student development programs', 'EDUCATION / Students & Student Life', 'Handbooks, manuals', 'Student affairs services', 'Students & Student Life', 'EDUCATION', 'College students', 'Social service, united states']",1
BOOK00081,Leadership Development,1,OL28563A,Manuel London,2001.0,,[],2
BOOK00082,Servant Leadership Development,1,OL10188240A,Janine Williams,2021.0,,[],1
BOOK00083,Full range leadership development,1,OL241136A,Bruce J. Avolio,2011.0,,['Leadership'],5
BOOK00084,The Art of Christian Leadership,1,OL3238559A,Jon Byler,2009.0,,[],1
BOOK00085,Community Leadership Development,1,OL7297514A,Mark A. Brennan,2014.0,,['Community leadership'],1
BOOK00086,Ethical leadership,1,OL689094A,Stephen Connock,1995.0,,"['Business ethics', 'Professional ethics', 'Social responsibility of business', 'Ethics', 'Leadership']",1
BOOK00086,Ethical leadership,2,OL1326651A,Ted Johns,1995.0,,"['Business ethics', 'Professional ethics', 'Social responsibility of business', 'Ethics', 'Leadership']",1
BOOK00087,Leadership development,1,OL720844A,Lee Barr,1994.0,,"['Leadership', 'Teams in the workplace']",1
BOOK00088,Phi Theta Kappa leadership development program,1,OL4587626A,Carlene S. Feldman,1996.0,,"['Leadership', 'Study and teaching (Higher)']",1
BOOK00089,Best practices in leadership development and organization change,1,OL2877334A,Louis Carter,2004.0,,"['Leadership', 'Case studies', 'Organizational change']",1
BOOK00089,Best practices in leadership development and organization change,2,OL236847A,David Ulrich,2004.0,,"['Leadership', 'Case studies', 'Organizational change']",1
BOOK00089,Best practices in leadership development and organization change,3,OL2652676A,Marshall Goldsmith,2004.0,,"['Leadership', 'Case studies', 'Organizational change']",1
BOOK00090,Collaborative leadership,1,OL218156A,Hank Rubin,2002.0,,"['Community and school', 'Educational leadership', 'Education, united states', 'Gesellschaft', 'Schulleitung']",1
BOOK00091,Transnational leadership development,1,OL5124174A,Beth Fisher-Yoshida,2009.0,,"['Cross-cultural studies', 'International business enterprises', 'Leadership', 'Corporate culture', 'Management', 'Intercultural communication', 'Kulturhoheit', 'Interkulturelles Management', 'Führung', 'Études transculturelles', 'Entreprises multinationales', 'Gestion', ""Culture d'entreprise"", 'BUSINESS & ECONOMICS']",1
BOOK00092,Distributed School Leadership,1,OL230540A,Alma Harris,2008.0,,"['Educational leadership', 'School improvement programs', 'Educational equalization', 'Skolledning', 'Skolledare', 'Skolutveckling', 'Schulleitung', 'Schulentwicklungsplanung']",1
BOOK00093,Leadership Development,1,OL13103672A,Ideal Curtis,2011.0,,[],1
BOOK00094,Management and leadership development,1,OL443596A,Christopher Mabey,2007.0,,"['Training of', 'Leadership', 'Führungskraft', 'Personalentwicklung', 'Executives', 'Educational leadership', 'Management']",1
BOOK00094,Management and leadership development,2,OL3714866A,Tim Finch Lees,2007.0,,"['Training of', 'Leadership', 'Führungskraft', 'Personalentwicklung', 'Executives', 'Educational leadership', 'Management']",1
BOOK00095,The Pfeiffer book of successful leadership development tools,1,OL2434686A,Jack Gordon,2007.0,,"['Executive ability', 'Problems, exercises', 'Leadership', 'Executives, training of', 'Performance standards']",1
BOOK00096,Leadership development,1,OL6918312A,Abdullahi Sheikh Ali,1980.0,,[],1
BOOK00097,Foundations of Educational Leadership,1,OL7664103A,Jeffrey S. Brooks,2017.0,,['Educational leadership'],1
BOOK00098,Strategic leadership development,1,OL8570118A,Jeff Stouffer,2007.0,,"['Command of troops', 'Leadership', 'Study and teaching', 'Commandement des troupes', 'Étude et enseignement']",1
BOOK00099,Executive Leadership,1,OL19864A,Albert Ellis,1972.0,,['Executives'],1
BOOK00100,Executive leadership,1,OL389943A,Elliott Jaques,1991.0,,"['Leadership', 'Executive ability', 'Management', 'Management & management techniques', 'Personnel & human resources management', 'Business / Economics / Finance', 'Führungskraft']",1
BOOK00100,Executive leadership,2,OL3814333A,Stephen D. Clement,1991.0,,"['Leadership', 'Executive ability', 'Management', 'Management & management techniques', 'Personnel & human resources management', 'Business / Economics / Finance', 'Führungskraft']",1
BOOK00101,Executive leadership,1,OL833791A,Chris Argyris,1953.0,,"['Industrial management', 'Leadership', 'Personnel management', 'Executives']",1
BOOK00102,Executive Leadership,1,OL6812521A,Joseph Olmstead,2010.0,,"['Business', 'Nonfiction', 'Leadership', 'BUSINESS & ECONOMICS', 'Industrial Management', 'Management', 'Management Science', 'Organizational Behavior']",1
BOOK00103,Executive leadership,1,OL1665908A,Bureau of Business Practice.,1940.0,,"['Business', 'Industrial efficiency', 'Personnel management']",1
BOOK00104,Effective Executive,1,OL4345625A,Peter F. Drucker,1967.0,,"['Decision making', 'Executives', 'Decision-making', 'Industrial management', 'Administrative Personnel', 'Industry', 'Organization & administration', 'Leadership', 'Executive ability', 'Management', 'Organizational effectiveness', 'United States', 'Decisiones', 'Teoría', ""Gestion d'entreprise"", 'Prise de décision', 'Cadres (personnel)', 'Prise de de cision', 'Economic development', 'Teori a.', 'Business', 'Decision (Psychology)', 'Decision processes', 'Nonfiction', 'U.S.', 'Organization and Administration', 'Qi ye guan li', 'Guan li xue', 'BUSINESS & ECONOMICS / Industrial Management', 'BUSINESS & ECONOMICS / Management', 'BUSINESS & ECONOMICS / Management Science', 'BUSINESS & ECONOMICS / Organizational Behavior']",4
BOOK00104,Effective Executive,2,OL717679A,Joseph A. Maciariello,1967.0,,"['Decision making', 'Executives', 'Decision-making', 'Industrial management', 'Administrative Personnel', 'Industry', 'Organization & administration', 'Leadership', 'Executive ability', 'Management', 'Organizational effectiveness', 'United States', 'Decisiones', 'Teoría', ""Gestion d'entreprise"", 'Prise de décision', 'Cadres (personnel)', 'Prise de de cision', 'Economic development', 'Teori a.', 'Business', 'Decision (Psychology)', 'Decision processes', 'Nonfiction', 'U.S.', 'Organization and Administration', 'Qi ye guan li', 'Guan li xue', 'BUSINESS & ECONOMICS / Industrial Management', 'BUSINESS & ECONOMICS / Management', 'BUSINESS & ECONOMICS / Management Science', 'BUSINESS & ECONOMICS / Organizational Behavior']",1
BOOK00104,Effective Executive,3,OL1802361A,Jim Collins,1967.0,,"['Decision making', 'Executives', 'Decision-making', 'Industrial management', 'Administrative Personnel', 'Industry', 'Organization & administration', 'Leadership', 'Executive ability', 'Management', 'Organizational effectiveness', 'United States', 'Decisiones', 'Teoría', ""Gestion d'entreprise"", 'Prise de décision', 'Cadres (personnel)', 'Prise de de cision', 'Economic development', 'Teori a.', 'Business', 'Decision (Psychology)', 'Decision processes', 'Nonfiction', 'U.S.', 'Organization and Administration', 'Qi ye guan li', 'Guan li xue', 'BUSINESS & ECONOMICS / Industrial Management', 'BUSINESS & ECONOMICS / Management', 'BUSINESS & ECONOMICS / Management Science', 'BUSINESS & ECONOMICS / Organizational Behavior']",1
BOOK00104,Effective Executive,4,OL8009750A,Tim Andres Pabon,1967.0,,"['Decision making', 'Executives', 'Decision-making', 'Industrial management', 'Administrative Personnel', 'Industry', 'Organization & administration', 'Leadership', 'Executive ability', 'Management', 'Organizational effectiveness', 'United States', 'Decisiones', 'Teoría', ""Gestion d'entreprise"", 'Prise de décision', 'Cadres (personnel)', 'Prise de de cision', 'Economic development', 'Teori a.', 'Business', 'Decision (Psychology)', 'Decision processes', 'Nonfiction', 'U.S.', 'Organization and Administration', 'Qi ye guan li', 'Guan li xue', 'BUSINESS & ECONOMICS / Industrial Management', 'BUSINESS & ECONOMICS / Management', 'BUSINESS & ECONOMICS / Management Science', 'BUSINESS & ECONOMICS / Organizational Behavior']",1
BOOK00104,Effective Executive,5,OL9348680A,Zachary First,1967.0,,"['Decision making', 'Executives', 'Decision-making', 'Industrial management', 'Administrative Personnel', 'Industry', 'Organization & administration', 'Leadership', 'Executive ability', 'Management', 'Organizational effectiveness', 'United States', 'Decisiones', 'Teoría', ""Gestion d'entreprise"", 'Prise de décision', 'Cadres (personnel)', 'Prise de de cision', 'Economic development', 'Teori a.', 'Business', 'Decision (Psychology)', 'Decision processes', 'Nonfiction', 'U.S.', 'Organization and Administration', 'Qi ye guan li', 'Guan li xue', 'BUSINESS & ECONOMICS / Industrial Management', 'BUSINESS & ECONOMICS / Management', 'BUSINESS & ECONOMICS / Management Science', 'BUSINESS & ECONOMICS / Organizational Behavior']",1
BOOK00105,Executive Leadership for Effective Administration,1,OL383503A,M. Scott Norton,2004.0,,"['Executive ability', 'Leadership']",1
BOOK00106,Executive Leadership and Legislative Assemblies,1,OL3139458A,Nicholas D. J. Baldwin,2014.0,,"['Executive power', 'Legislative power']",1
BOOK00107,The Palestinian executive,1,OL1290281A,Farid A. Muna,2012.0,,"['Executive ability', 'Cross-cultural studies', 'Leadership', 'Executives', 'Palestine, social conditions']",1
BOOK00108,Executive Leadership Council Journal,1,OL7909458A,The Executive Leadership Council,2020.0,,['Business'],1
BOOK00108,Executive Leadership Council Journal,2,OL7909459A,The Executive Leadership Council,2020.0,,['Business'],1
BOOK00109,The Development of Executive Leadership,1,OL5714840A,Marvin Bower,1949.0,,[],2
BOOK00110,Executive Leadership,1,OL3236048A,Nathan Axelrod,1969.0,,"['Executives', 'Training of']",1
BOOK00111,Legislative liaison; executive leadership in Congress,1,OL11546536A,abraham holtzman,1970.0,,[],1
BOOK00112,Principles and problems of executive leadership,1,OL2173633A,Joseph Leo Krieger,1956.0,,['Executives'],1
BOOK00113,The technique of executive leadership,1,OL5574571A,James Frederick Bender,1950.0,,"['Executive ability', 'Chefia E Direcao']",1
BOOK00114,The development of executive leadership,1,OL542945A,Marvin Bower,1949.0,,"['Industrial management', 'Executives']",1
BOOK00115,Executive leadership,1,OL945560A,Phillip Donald Grub,1969.0,,"['Addresses, essays, lectures', 'Executives', 'Management']",1
BOOK00116,Chief nursing executives' leadership style and effectiveness,1,OL4654955A,Pamela R. Cronrath,1990.0,,"['Nurse administrators', 'Nursing services', 'Leadership', 'Administration']",1
BOOK00117,Navigate,1,OL14525698A,Casey Kroll,2015.0,,[],1
BOOK00117,Navigate,2,OL2959898A,Judi Williams,2015.0,,[],1
BOOK00117,Navigate,3,OL14525699A,Rahul Dogra,2015.0,,[],1
BOOK00117,Navigate,4,OL12780840A,Jacqui Malpass,2015.0,,[],1
BOOK00118,Executive leadership in a dynamic society,1,OL2229435A,"Ralph Currier Davis Management Symposium (1964 Ohio State University, Columbus)",1964.0,,['Management'],1
BOOK00119,Executive leadership in Anglo-American systems,1,OL340685A,"Campbell, Colin",1991.0,,"['Presidents', 'Comparative government', 'Cabinet system', 'Executive departments', 'Staff', 'Presidents, united states, staff']",1
BOOK00119,Executive leadership in Anglo-American systems,2,OL2933997A,Margaret Jane Wyszomirski,1991.0,,"['Presidents', 'Comparative government', 'Cabinet system', 'Executive departments', 'Staff', 'Presidents, united states, staff']",1
BOOK00120,The focused executive,1,OL10717978A,Virginia Mansell,2014.0,,"['Executives', 'Training of', 'Leadership', 'Management', 'Gestion']",1
BOOK00121,Executive leadership,1,OL13480136A,William N. Egan,1960.0,,"['Leadership', 'Executives']",1
BOOK00122,Executive Leadership,1,OL16569129A,Miles Garrett,2024.0,,"['Military art and science', 'Business']",1
BOOK00124,Executive leadership,1,OL4538944A,Edutext.,1971.0,,[],1
BOOK00125,Executive Leadership,1,OL12307403A,Ph D. Joseph Olmstead,2010.0,,['Leadership'],1
BOOK00126,Executive leadership,1,OL39523A,Joseph A. Olmstead,2000.0,,['Leadership'],1
BOOK00127,Executive Leadership in Nonprofit Organizations,1,OL8193197A,Robert D. Herman & Associates,1991.0,,"['Nonprofit organizations', 'Management']",1
BOOK00127,Executive Leadership in Nonprofit Organizations,2,OL9482201A,Richard D. Heimovics,1991.0,,"['Nonprofit organizations', 'Management']",1
BOOK00128,Executive Leadership Series,1,OL3082566A,Alan C. Walter,1996.0,,[],1
BOOK00129,Police Executive Leadership,1,OL643161A,Donald G. Hanna,1990.0,,[],1
BOOK00130,"Presidents, Prime Ministers and Chancellors",1,OL2955129A,Ludger Helms,2004.0,,"['Executive power', 'Political leadership', 'Heads of state', 'Democracy']",1
BOOK00131,Presidential Administration and the Environment,1,OL2655210A,David M. Shafie,2013.0,,"['Environmental policy, united states', 'United states, politics and government', 'Public administration', 'Environmental law, united states', 'Environmental policy', 'History', 'Executive power', 'Executive-legislative relations', 'Environmental law', 'Environmentalism', 'Politics and government', 'POLITICAL SCIENCE / General', 'POLITICAL SCIENCE / Public Policy / Environmental Policy', 'POLITICAL SCIENCE / Public Affairs & Administration', 'Environnement', 'Politique gouvernementale', 'Histoire', 'Pouvoir exécutif', 'Relations exécutif-législatif', 'Environnementalisme', 'Aspect politique', 'Politique et gouvernement', 'POLITICAL SCIENCE', 'General', 'Public Policy', 'Public Affairs & Administration', 'BUSINESS & ECONOMICS', 'Infrastructure', 'SOCIAL SCIENCE', 'Political aspects']",1
BOOK00132,Executive leadership,1,OL1657009A,Mary E. Tramel,1981.0,,"['Leadership', 'Executives']",1
BOOK00133,Development of Executive Leadership,1,OL5714840A,Marvin Bower,1949.0,,"['Executives', 'Industrial management']",2
BOOK00134,Models and theories of executive leadership,1,OL371014A,Stephen J. Zaccaro,1996.0,,"['Executive ability', 'Leadership']",1
BOOK00135,Legislative liaison; executive leadership in Congress,1,OL1346979A,Abraham Holtzman,1970.0,,"['Executive departments', 'Lobbying', 'United States', 'United States. Congress']",1
BOOK00136,Reset Your Thinking Before Presenting to Executive Leadership,1,OL3028742A,P. J. Pierce,2020.0,,['Commerce'],1
BOOK00137,Executive leadership through communication,1,OL798259A,Barry Lenson,1990.0,,"['Business communication', 'Communication in management', 'Leadership']",1
BOOK00138,Executive leadership in a dynamic society,1,OL13925102A,Ralph Currier Davis Management Symposium (1964 Ohio State University),1966.0,,[],1
BOOK00139,Executive leadership and organizational outcomes,1,OL11583427A,Elaine Romanelli,1983.0,,[],1
BOOK00140,Human nature and management,1,OL1756685A,Ordway Tead,1929.0,,"['Applied Psychology', 'Industrial Psychology', 'Personnel management']",1
BOOK00141,NURSE EXECUTIVES: LEADERSHIP/POWER MOTIVATION AND LEADERSHIP EFFECTIVENESS,1,OL5356609A,Melinda Crenshaw Henderson,1988.0,,"['Health Sciences, Nursing', 'Nursing Health Sciences']",1
BOOK00143,Dinosaur Tracks (Executive Leadership Series),1,OL13423982A,Ph. D. Keith Mathis,2004.0,,[],1
BOOK00144,The Technique of Executive Leadership,1,OL11510748A,JAMES FREDERICK BENDER,1950.0,,[],1
BOOK00145,Applied team leadership,1,OL8585526A,United States. Department of the Army,2009.0,,"['Military cadets', 'Study and teaching', 'Leadership', 'Military education', ""United States. Army. Reserve Officers' Training Corps"", 'United States']",2
BOOK00146,Team leadership,1,OL5554142A,John Apps,1999.0,,[],1
BOOK00147,Nursing team leadership,1,OL1194495A,Thora Kron,1961.0,,"['Nursing', 'Team nursing']",1
BOOK00148,Team leadership,1,OL341057A,"Parker, Glenn M.",2009.0,,"['Teams in the workplace', 'Management', 'Leadership', 'Employees', 'Coaching of', 'Success in business', 'BUSINESS & ECONOMICS', 'Workplace Culture', 'Corporate Governance', 'Organizational Development']",1
BOOK00149,Team leadership,1,OL400406A,Graham Kelly,1998.0,,"['Problems, exercises', 'Problems, exercises, etc', 'Teams in the workplace', 'Leadership', 'Decision making', 'Marketing', 'Management', 'Strategisch management', 'Gestion']",1
BOOK00150,Team of Rivals,1,OL222155A,Doris Kearns Goodwin,2003.0,,"['Union Army', 'Thirteenth Amendment', 'assassination of Abraham Lincoln', 'secretary of war', '1864 presidential election', 'Emancipation Proclamation', 'secretary of state', 'secretary of treasury', 'United States Attorney General', 'American Civil War', 'Lincoln-Douglas debates', 'Democratic Party', 'abolitionism in the United States', 'Republican Party', '1860 Republican National Convention', 'Case studies', 'Politics and government', 'Genius', 'Friends and associates', 'Political leadership', 'Presidents', 'Biography', 'Cas, Études de', 'Biographies', 'Génie (Aptitude)', 'Présidents', 'Leadership politique', 'Politique et gouvernement', 'Amis et relations', 'USA', 'Biografier (Form)', 'Freundeskreis', 'Politische Führung', 'Friendship', 'Presidenter', 'Lincoln, abraham, 1809-1865', 'United states, politics and government, 1861-1865', 'Large type books', 'nyt:combined-print-and-e-book-nonfiction=2012-11-25', 'New York Times bestseller']",2
BOOK00151,Interprofessional Health Care Team,1,OL3600663A,Donna Weiss,2016.0,,"['Health care teams', 'Leadership', 'Management', 'Patient Care Team', 'Organization & administration']",1
BOOK00151,Interprofessional Health Care Team,2,OL8094178A,Felice J. Tilin,2016.0,,"['Health care teams', 'Leadership', 'Management', 'Patient Care Team', 'Organization & administration']",1
BOOK00151,Interprofessional Health Care Team,3,OL8094179A,Marlene J. Morgan,2016.0,,"['Health care teams', 'Leadership', 'Management', 'Patient Care Team', 'Organization & administration']",1
BOOK00152,Team leadership in Christian ministry,1,OL235247A,Kenneth O. Gangel,1997.0,,"['Christian education', 'Group ministry', 'Christian leadership', 'Church management']",1
BOOK00153,Leading self-directed work teams,1,OL392483A,Kimball Fisher,1993.0,,"['Leadership', 'Self-directed work teams', 'Business', 'Management', 'Nonfiction', 'Équipes autonomes (Sociologie du travail)', 'Teamwork', 'Teams in the workplace', 'BUSINESS & ECONOMICS', 'Decision-Making & Problem Solving', 'Organizational effectiveness', 'Organizational Innovation', 'Organizations']",1
BOOK00154,Team Leadership,1,OL886301A,Charles J. Margerison,2002.0,,"['Teams in the workplace', 'Industrial management', 'Leadership', 'Group problem solving', 'Management']",1
BOOK00155,Team leadership in the game industry,1,OL6733957A,"Spaulding, Seth II.",2009.0,,"['Teams in the workplace', 'Leadership', 'Electronic games industry', 'Project management', 'Computer games, programming']",1
BOOK00156,Team leadership,1,OL435244A,David C. Kolb,1996.0,,"['Teams in the workplace', 'Leadership', 'Social groups']",1
BOOK00157,Team Leadership,1,OL8353306A,Drikus Kriek,2018.0,,[],1
BOOK00158,The Team Leadership Practices Inventory,1,OL237290A,James M. Kouzes,1992.0,,"['Teams in the workplace', 'Executive ability', 'Leadership', 'Testing', 'Personnel & human resources management']",4
BOOK00158,The Team Leadership Practices Inventory,2,OL2648679A,Barry Z. Posner,1992.0,,"['Teams in the workplace', 'Executive ability', 'Leadership', 'Testing', 'Personnel & human resources management']",3
BOOK00159,Leading teams,1,OL6943398A,Paolo Guenzi,2013.0,,"['Teams in the workplace', 'Teamwork (Sports)', 'Success in business', 'Sports', 'Arbeitsgruppe', 'Coaching (Athletics)', 'Leadership', 'Teamwork', 'Führung']",1
BOOK00160,Team Leadership in Community Colleges,1,OL3547465A,George R. Boggs,2019.0,,"['Community colleges', 'School management and organization']",1
BOOK00160,Team Leadership in Community Colleges,2,OL8358679A,Christine Johnson McPhail,2019.0,,"['Community colleges', 'School management and organization']",1
BOOK00160,Team Leadership in Community Colleges,3,OL8358680A,Eloy Ortiz Oakley,2019.0,,"['Community colleges', 'School management and organization']",1
BOOK00161,Team Leadership in High-Hazard Environments,1,OL8147226A,Randy E. Cadieux,2014.0,,"['Teams in the workplace', 'Risk management', 'Industrial safety', 'Équipes de travail', 'Gestion du risque', 'Sécurité du travail', 'Occupational safety']",1
BOOK00162,Effective Team Leadership,1,OL2948637A,Don Page,2008.0,,[],1
BOOK00163,Leadership Team Coaching,1,OL410958A,Peter Hawkins,2011.0,,"['Teams in the workplace', 'Leadership', 'Employees, training of', 'Executives, training of', 'Management', 'Employees', 'Coaching of', 'Executive coaching', 'BUSINESS & ECONOMICS / Training', 'BUSINESS & ECONOMICS / Organizational Behavior', 'BUSINESS & ECONOMICS / Leadership', 'Economics']",1
BOOK00164,Team leadership,1,OL546738A,Michal K. Rosenberger,1997.0,,"['Educational leadership', 'School boards', 'Leadership']",1
BOOK00165,Remote Team Leadership,1,OL10872942A,Emanuela Giangregorio,2017.0,,[],2
BOOK00166,Operations Team Leadership (Leadership Guides),1,OL474603A,Graham Little,2000.0,,"['Leadership', 'Teams in the workplace', 'Production management']",1
BOOK00167,Leaders Eat Last,1,OL6645079A,Simon Sinek,1900.0,,"['Leadership', 'Teams in the workplace', 'Corporate culture', 'Organizational change', 'nyt:business-books=2017-07-09', 'New York Times bestseller', 'Organizational Culture', 'Organizational Innovation', 'Trust', ""Culture d'entreprise"", 'Changement organisationnel', 'BUSINESS & ECONOMICS', 'Workplace Culture', 'General', ""Travail d'équipe"", 'Communication', ""Développement d'aptitudes"", 'BUSINESS & ECONOMICS / Workplace Culture', 'BUSINESS & ECONOMICS / Leadership', 'BUSINESS & ECONOMICS / General', 'nyt:advice-how-to-and-miscellaneous=2014-02-16', 'PSYCHOLOGY / Social Psychology', 'Corporations', 'Social aspects', 'Employee motivation', 'Hd57.7 .s5487 2014', 'Hd 57.7 s616l 2014', '658.4/092', 'Bus097000 bus071000 bus000000']",1
BOOK00168,Sales Team Leadership,1,OL12203500A,Coach Joe Sasso,2012.0,,[],1
BOOK00169,Tools for team leadership,1,OL454418A,Gregory E. Huszczo,2004.0,,"['Teams in the workplace', 'Leadership', 'Management', 'Organizational Development', 'Workplace Culture', 'BUSINESS & ECONOMICS', 'Corporate Governance', 'Équipes de travail', 'Gestion']",1
BOOK00170,Strategic Team Leadership,1,OL870626A,Peter Saul,1992.0,,[],1
BOOK00171,Team leadership,1,OL3031908A,Douglas A. Johnson,1996.0,,"['Teams in the workplace', 'Interdisciplinary approach in education']",1
BOOK00171,Team leadership,2,OL3512935A,Susan T. Beyerlein,1996.0,,"['Teams in the workplace', 'Interdisciplinary approach in education']",1
BOOK00172,Team Leadership,1,OL2844756A,Geoff Ribbens,2024.0,,[],1
BOOK00172,Team Leadership,2,OL13202475A,Mark Abraham,2024.0,,[],1
BOOK00172,Team Leadership,3,OL14046862A,Alistair Cumming,2024.0,,[],1
BOOK00173,The team leadership practices inventory,1,OL237290A,James M. Kouzes,1992.0,,[],4
BOOK00174,Executive Team Leadership in the Global Economic and Competitive Environment,1,OL588234A,Richard L. Nolan,2014.0,,"['Organizational effectiveness', 'Organizational behavior', 'Leadership']",2
BOOK00175,Practical Remote Team Leadership,1,OL10872942A,Emanuela Giangregorio,2016.0,,[],2
BOOK00176,Virtual team leadership and collaborative engineering advancements,1,OL241292A,Ned F. Kock,2008.0,,"['Management', 'Virtual work teams', 'International cooperation', 'Research', 'Leadership', 'Intellectual cooperation', 'Academic-industrial collaboration', 'Virtual reality in management', 'Business and education']",1
BOOK00177,Effective Team Leadership for Engineers,1,OL577733A,Pat Wellington,2009.0,,"['Engineers', 'Leadership', 'Führungslehre', 'Ingenieur', 'Teamentwicklung']",1
BOOK00177,Effective Team Leadership for Engineers,2,OL8036471A,Niall Foster,2009.0,,"['Engineers', 'Leadership', 'Führungslehre', 'Ingenieur', 'Teamentwicklung']",1
BOOK00178,Art of Middle Management,1,OL2657201A,Peter Fleming,2013.0,,"['Education, elementary, great britain', 'Executives, great britain']",1
BOOK00178,Art of Middle Management,2,OL8161667A,Max Amesbury,2013.0,,"['Education, elementary, great britain', 'Executives, great britain']",1
BOOK00179,Team Leadership,1,OL3377846A,Paul Newton,2013.0,,"['Teams in the workplace', 'Leadership']",1
BOOK00179,Team Leadership,2,OL13702277A,Helen Bristoll,2013.0,,"['Teams in the workplace', 'Leadership']",1
BOOK00180,Adaptive team leadership,1,OL8585526A,United States. Department of the Army,2008.0,,"['Military cadets', 'Study and teaching', 'Leadership', 'Military education', ""United States. Army. Reserve Officers' Training Corps"", 'United States']",2
BOOK00181,Team Leadership,1,OL3434034A,Rosenberger,1998.0,,"['School boards', 'Leadership']",1
BOOK00182,Tim lidŏsip =,1,OL5246350A,Sŭng-gak Yi,1996.0,,"['Leadership', 'Social group work']",1
BOOK00183,Leading project teams,1,OL1429139A,Anthony T. Cobb,2005.0,,"['Project management', 'Teams in the workplace', 'Projektledning', 'Teamwork', 'Projektarbete', 'Projektmanagement', 'Arbetsgrupper']",1
BOOK00184,The Five Dysfunctions of a Team,1,OL219764A,Patrick Lencioni,2002.0,,"['Teams in the workplace', 'Travail de groupe', 'Group processes', 'Leadership', 'Institutional management teams', 'Personnel management', 'Psychology, industrial', 'Workplace--organization & administration', 'Équipes de travail', 'Teamwork', 'Institutional mangement teams', 'Teamwork.', 'Organizational development.', 'Work teams.', 'Personnel.', 'Leadership.', 'Hd66 .l456 2002', 'Hd 66 l563f 2002', '658.4/036', '85.08', 'Qp 341']",3
BOOK00185,Team leadership in action,1,OL445603A,Laura Mae Douglass,1970.0,,"['Nursing services', 'Leadership', 'Administration', 'Team nursing', 'Team Nursing', 'Nursing Services', 'Organization & administration']",1
BOOK00186,Effective team leadership,1,OL2920399A,David Parkes,1994.0,,[],1
BOOK00187,Team Leadership Questionnaire,1,OL10057317A,D. Kayes,2011.0,,['Leadership'],1
BOOK00187,Team Leadership Questionnaire,2,OL6960937A,Anna Kayes,2011.0,,['Leadership'],1
BOOK00188,Five Dysfunctions of a Team,1,OL219764A,Patrick Lencioni,2007.0,,['Teams in the workplace'],3
BOOK00189,Team of Teams,1,OL7155908A,Stanley A. McChrystal,2015.0,,"['United States', 'Reorganization', 'Biography', 'Organizational behavior', 'Teams in the workplace', 'Decentralization in management', 'United States. Joint Special Operations Command', 'Organizational effectiveness', 'Military administration', 'City planning', 'Urban transportation', 'Local transit', 'Leadership', 'Organizational change', 'Generals', 'Case studies', 'nyt:advice-how-to-and-miscellaneous=2015-05-31', 'New York Times bestseller', 'Organization and Administration', 'Organizational Efficiency', 'Administrative agencies', 'Arbetsgrupper', 'Organisatorisk effektivitet', 'Organisationspsykologi', 'Militärväsen', 'Generaler', 'Mcchrystal, stanley a', 'Reorganizationunited states. joint special operations command', 'Military administration--united states--case studies', 'Generals--united states--biography', 'Efficiency, organizational', 'Hd66 .m38185 2015', '658']",1
BOOK00189,Team of Teams,2,OL8083074A,Tantum Collins,2015.0,,"['United States', 'Reorganization', 'Biography', 'Organizational behavior', 'Teams in the workplace', 'Decentralization in management', 'United States. Joint Special Operations Command', 'Organizational effectiveness', 'Military administration', 'City planning', 'Urban transportation', 'Local transit', 'Leadership', 'Organizational change', 'Generals', 'Case studies', 'nyt:advice-how-to-and-miscellaneous=2015-05-31', 'New York Times bestseller', 'Organization and Administration', 'Organizational Efficiency', 'Administrative agencies', 'Arbetsgrupper', 'Organisatorisk effektivitet', 'Organisationspsykologi', 'Militärväsen', 'Generaler', 'Mcchrystal, stanley a', 'Reorganizationunited states. joint special operations command', 'Military administration--united states--case studies', 'Generals--united states--biography', 'Efficiency, organizational', 'Hd66 .m38185 2015', '658']",1
BOOK00189,Team of Teams,3,OL8937874A,David Silverman,2015.0,,"['United States', 'Reorganization', 'Biography', 'Organizational behavior', 'Teams in the workplace', 'Decentralization in management', 'United States. Joint Special Operations Command', 'Organizational effectiveness', 'Military administration', 'City planning', 'Urban transportation', 'Local transit', 'Leadership', 'Organizational change', 'Generals', 'Case studies', 'nyt:advice-how-to-and-miscellaneous=2015-05-31', 'New York Times bestseller', 'Organization and Administration', 'Organizational Efficiency', 'Administrative agencies', 'Arbetsgrupper', 'Organisatorisk effektivitet', 'Organisationspsykologi', 'Militärväsen', 'Generaler', 'Mcchrystal, stanley a', 'Reorganizationunited states. joint special operations command', 'Military administration--united states--case studies', 'Generals--united states--biography', 'Efficiency, organizational', 'Hd66 .m38185 2015', '658']",1
BOOK00189,Team of Teams,4,OL7662892A,Chris Fussell,2015.0,,"['United States', 'Reorganization', 'Biography', 'Organizational behavior', 'Teams in the workplace', 'Decentralization in management', 'United States. Joint Special Operations Command', 'Organizational effectiveness', 'Military administration', 'City planning', 'Urban transportation', 'Local transit', 'Leadership', 'Organizational change', 'Generals', 'Case studies', 'nyt:advice-how-to-and-miscellaneous=2015-05-31', 'New York Times bestseller', 'Organization and Administration', 'Organizational Efficiency', 'Administrative agencies', 'Arbetsgrupper', 'Organisatorisk effektivitet', 'Organisationspsykologi', 'Militärväsen', 'Generaler', 'Mcchrystal, stanley a', 'Reorganizationunited states. joint special operations command', 'Military administration--united states--case studies', 'Generals--united states--biography', 'Efficiency, organizational', 'Hd66 .m38185 2015', '658']",1
BOOK00190,Executive Team Leadership for the 21st Century,1,OL588234A,Richard L. Nolan,2014.0,,"['Leadership', 'Organizational effectiveness', 'Organizational behavior', 'BUSINESS & ECONOMICS / Leadership', 'BUSINESS & ECONOMICS / Organizational Behavior', 'Efficacité organisationnelle', 'Comportement organisationnel', 'BUSINESS & ECONOMICS', 'Industrial Management', 'Management', 'Management Science', 'Organizational Behavior']",2
BOOK00191,Team Leadership Assessments,1,OL3879444A,LeaderTreks,2005.0,,[],1
BOOK00192,Legendary team leadership,1,OL468373A,Wendy W. Peche,1994.0,,"['Teams in the workplace', 'Leadership', 'Management']",1
BOOK00193,Transformational Leadership,1,OL333669A,Bernard M. Bass,1997.0,,"['Leadership', 'Organizational change']",6
BOOK00194,Transformational leadership,1,OL3288505A,Stephen Hacker,2003.0,,"['Leadership', 'Organizational change', 'Organizational effectiveness']",1
BOOK00194,Transformational leadership,2,OL3317804A,Tammy Roberts,2003.0,,"['Leadership', 'Organizational change', 'Organizational effectiveness']",1
BOOK00195,Transformative leadership in education,1,OL1607910A,Carolyn M. Shields,2012.0,,"['Educational leadership', 'EDUCATION / Leadership', 'Educational change']",2
BOOK00196,Transforming leadership,1,OL579626A,Leighton Ford,1991.0,,"['Leadership', 'Christian leadership', 'Earl H. Potter III Collection', 'Leadership of Jesus Christ', 'Person and offices']",1
BOOK00197,Transformational Leadership,1,OL10997841A,Glenn Walter,2018.0,,[],1
BOOK00198,Radical Transformational Leadership,1,OL7122754A,Monica Sharma,2017.0,,"['Leadership', 'Strategic planning', 'Social change', 'POLITICAL SCIENCE -- Political Process -- General', 'BODY, MIND & SPIRIT -- Inspiration & Personal Growth']",1
BOOK00199,Transformative Leadership Primer,1,OL1607910A,Carolyn M. Shields,2015.0,,['Leadership'],2
BOOK00200,The dark side of transformational leadership,1,OL2850369A,Dennis Tourish,2013.0,,"['Leadership', 'Transformational leadership', 'Case studies', 'BUSINESS & ECONOMICS', 'Psychology &amp; psychiatry', 'Industrial & organizational psychology']",1
BOOK00201,Transformational leadership,1,OL20618A,Charles B. Bugg,2010.0,,['Christian leadership'],1
BOOK00203,Transforming leadership,1,OL40032A,John D. Adams,1998.0,,"['Leadership', 'Management', 'Organizational change']",2
BOOK00204,Charismatic and transformational leadership,1,OL400156A,Gary A. Yukl,1989.0,,[],2
BOOK00205,Transformational Leadership,1,OL10639050A,Halima Kabara,2021.0,,[],1
BOOK00206,Transformative Leadership in Action,1,OL8306843A,Jacklyn A. Bruce,2020.0,,[],1
BOOK00206,Transformative Leadership in Action,2,OL8306844A,Katherine E. McKee,2020.0,,[],1
BOOK00207,Transformational Leadership Styles for Global Leaders,1,OL13197949A,Darcia Ann-Marie Roache,2023.0,,[],1
BOOK00208,7 principles of transformational leadership,1,OL7524881A,Hugh Blane,2017.0,,['Leadership'],1
BOOK00209,Uniting the Virtual Workforce,1,OL3411846A,Karen Sobel Lojeski,2008.0,,"['Management', 'Virtual work teams', 'Communication', 'Employee motivation', 'Psychological aspects', 'Alienation (Social psychology)', 'Technological innovations', 'Organizational effectiveness', 'Alienation (social psychology)', 'Communication and technology']",1
BOOK00210,"Women, spirituality, and transformative leadership",1,OL7007990A,Kathe Schaaf,2011.0,,"['Religion and social problems', 'Religious aspects', 'Leadership', 'Leadership in women', 'Religious life', 'Women', 'Spirituality', 'Women, religious aspects', 'Leadership, religious aspects', 'Women, religious life', 'Church and social problems', 'Transformational leadership']",1
BOOK00211,Transformational leadership,1,OL450844A,Mary K. Kohles,1995.0,,"['Leadership', 'Health services administration', 'Hospital Administration', 'Organizational Innovation', 'Organizational change']",1
BOOK00212,Transformative Leadership and Sustainable Innovation in Education,1,OL13606546A,Sandra Baroudi,2024.0,,[],1
BOOK00212,Transformative Leadership and Sustainable Innovation in Education,2,OL3237212A,Miltiadis D. Lytras,2024.0,,[],2
BOOK00213,Transforming leadership,1,OL398134A,Terry D. Anderson,1992.0,,"['Interpersonal communication', 'Leadership', 'Communication in management', 'Management', 'COMMUNICATION', 'INFORMATION MANAGEMENT', 'Führung', 'Leiderschap', 'PERSONNEL MANAGEMENT', 'HUMAN RELATIONS', 'BUSINESS & ECONOMICS', 'Industrial Management', 'Management Science', 'Organizational Behavior']",1
BOOK00214,Transforming Leadership,1,OL40032A,John D. Adams,2005.0,,[],2
BOOK00215,Transforming Leadership,1,OL1478161A,Terry Anderson,1999.0,,[],1
BOOK00216,Transformative Leadership,1,OL8064183A,May Khadem,2014.0,,['Business'],1
BOOK00216,Transformative Leadership,2,OL8064184A,Joan Hernandez,2014.0,,['Business'],1
BOOK00217,The Transformational Leadership Compass,1,OL9106369A,Benny Ausmus,2021.0,,['Business'],1
BOOK00218,Sustainability Mindset and Transformative Leadership,1,OL9576570A,Aixa A. Ritz,2021.0,,"['Sustainability', 'Management', 'Sustainable development', 'Leadership']",1
BOOK00218,Sustainability Mindset and Transformative Leadership,2,OL3584242A,Isabel Rimanoczy,2021.0,,"['Sustainability', 'Management', 'Sustainable development', 'Leadership']",1
BOOK00219,Transforming Leadership,1,OL953196A,Richard Higginson,2002.0,,"['Leadership, religious aspects']",1
BOOK00220,Transformational leadership in East Africa,1,OL380575A,Eric Masinde Aseka,2005.0,,"['Political leadership', 'Politics and government', 'History']",1
BOOK00220,Transformational leadership in East Africa,2,OL6519217A,ERIC MASINDE ASEKA,2005.0,,"['Political leadership', 'Politics and government', 'History']",1
BOOK00221,Transformational leadership,1,OL8809614A,Randy Dobbs,2010.0,,"['Transformational leadership', 'Leadership', 'Organizational change']",1
BOOK00222,Transforming leadership,1,OL199718A,Girl Scouts of the United States of America.,2008.0,,"['Girl Scouts of the United States of America', 'Leadership']",1
BOOK00223,Reframing Transformational Leadership,1,OL7000993A,Issa M. Saleh,2014.0,,[],1
BOOK00223,Reframing Transformational Leadership,2,OL3227622A,Myint Swe Khine,2014.0,,[],1
BOOK00224,Action Inquiry,1,OL9266383A,William Torbert,2004.0,,[],1
BOOK00225,Transforming Leadership,1,OL5480270A,Terry Anderson,2017.0,,[],1
BOOK00226,Transformational leadership,1,OL8019733A,Annmarie Sanders,2015.0,,"['Christian leadership', 'Contemplation', 'Women clergy', 'Leadership chrétien', 'Clergé féminin', 'Leadership Conference of Women Religious of the United States', 'Monasticism and religious orders for women', 'Nuns']",1
BOOK00227,Advancing Inclusive Open Education Through Transformative Leadership,1,OL16047315A,Madikela Titus Lekalakala,2025.0,,[],1
BOOK00228,Transformative Leadership,1,OL14055814A,Shana Burnett Ed.D,2024.0,,[],1
BOOK00229,Transformational leadership,1,OL531983A,Phillip V. Lewis,1996.0,,"['Pastoral theology', 'Christian leadership']",1
BOOK00230,Shared vision,1,OL440459A,John E. Roueche,1989.0,,"['Community college presidents', 'Administration', 'College administrators', 'United States', 'Leadership', 'Community colleges', 'Junior And Community College Administration', 'Education', 'Transformational leadership', 'School Restructuring']",1
BOOK00230,Shared vision,2,OL2938000A,George A. Baker,1989.0,,"['Community college presidents', 'Administration', 'College administrators', 'United States', 'Leadership', 'Community colleges', 'Junior And Community College Administration', 'Education', 'Transformational leadership', 'School Restructuring']",1
BOOK00230,Shared vision,3,OL1711554A,Robert R. Rose,1989.0,,"['Community college presidents', 'Administration', 'College administrators', 'United States', 'Leadership', 'Community colleges', 'Junior And Community College Administration', 'Education', 'Transformational leadership', 'School Restructuring']",1
BOOK00231,Transformative Leadership,1,OL14062650A,Joshua P. Trout,2024.0,,['Business'],1
BOOK00232,Transformational Leadership and Not for Profits and Social Enterprises,1,OL6265933A,Ken Wiltshire,2018.0,,"['Leadership', 'Organizational change', 'Nonprofit organizations, management', 'Nonprofit organizations', 'Management', 'Changement organisationnel', 'Associations sans but lucratif', 'Gestion', 'BUSINESS & ECONOMICS / Government & Business', 'BUSINESS & ECONOMICS / General', 'NGO Management', 'Non Profit Management', 'Not for profit Leadership', 'Public Management']",1
BOOK00233,Transformational Leadership Unleashed,1,OL16039789A,Ismael sanchez,2025.0,,"['Fiction, general']",1
BOOK00234,Servant leadership,1,OL227813A,Robert K. Greenleaf,1977.0,,"['Leadership', 'Organizational effectiveness', 'Associations, institutions', 'Management', 'Dienstbaarheid', 'Leiderschap', 'Servant leadership', 'Associations, institutions, etc.', 'Associations, institutions, etc--management', 'Organizations--organization & administration', 'Hm1261 .g74 2002', 'Hm 1261 g814s 2002', '303.3/4']",2
BOOK00235,The case for servant leadership,1,OL1171623A,Kent M. Keith,2008.0,,"['Servant leadership', 'Leadership', 'Moral and ethical aspects']",1
BOOK00236,The power of servant-leadership,1,OL227813A,Robert K. Greenleaf,1998.0,,"['Leadership', 'Associations, institutions', 'Service (Theology)', 'Christian leadership', 'Associations, institutions, etc.', 'Servant leadership', 'Christianity', 'Religious aspects', 'Organizations', 'Community-Institutional Relations', 'Religion']",2
BOOK00238,Servant leadership,1,OL1424939A,Efrain Agosto,2004.0,,"['Bible', 'Biblical teaching', 'Christian leadership', 'Leadership', 'Social scientific criticism', 'Servant leadership', 'Christianity', 'Leadership of Jesus Christ', 'Social scientific criticism of sacred works', 'Jesus christ', 'Paul, the apostle, saint', 'Bible, criticism, interpretation, etc., n. t. gospels', 'Bible, criticism, interpretation, etc., n. t. epistles']",1
BOOK00239,Scrum Mastery,1,OL3478629A,Geoff Watts,2013.0,,[],1
BOOK00239,Scrum Mastery,2,OL9150800A,Rebecca Traeger,2013.0,,[],1
BOOK00239,Scrum Mastery,3,OL9150801A,Ole Storksen,2013.0,,[],1
BOOK00239,Scrum Mastery,4,OL5218702A,Mike Cohn,2013.0,,[],1
BOOK00239,Scrum Mastery,5,OL3032412A,Esther Derby,2013.0,,[],1
BOOK00240,Servant-leadership across cultures,1,OL399219A,Alfons Trompenaars,2009.0,,"['Business', 'Nonfiction', 'Servant leadership']",1
BOOK00241,Seven pillars of servant leadership,1,OL3595253A,James W. Sipe,2009.0,,['Servant leadership'],1
BOOK00242,Servant leadership,1,OL3125428A,Jack Schaap,2008.0,,"['Leadership', 'Christianity']",1
BOOK00243,Reflections on leadership,1,OL6973134A,Larry C. Spears,1995.0,,"['Organizational Efficiency', 'Organizational effectiveness', 'Leadership', 'Effectiviteit', 'Leiderschap']",1
BOOK00244,Strength in servant leadership,1,OL222954A,Paul A. Cedar,1987.0,,"['Christian leadership', 'Servant leadership', 'Christianity', 'Bible, history']",1
BOOK00246,Servant leadership,1,OL7039356A,Dirk van Dierendonck,2010.0,,"['Servant leadership', 'Leadership']",1
BOOK00248,Focus on Leadership,1,OL2732590A,Larry C. Spears,2001.0,,[],1
BOOK00248,Focus on Leadership,2,OL6893146A,Michele Lawrence,2001.0,,[],1
BOOK00248,Focus on Leadership,3,OL2623924A,Ken Blanchard,2001.0,,[],2
BOOK00249,Servant Leadership in Action,1,OL2623924A,Ken Blanchard,2018.0,,"['Leadership', 'Servant leadership', 'SOCIAL SCIENCE / Sociology / General']",2
BOOK00249,Servant Leadership in Action,2,OL8346661A,Renee Broadwell,2018.0,,"['Leadership', 'Servant leadership', 'SOCIAL SCIENCE / Sociology / General']",1
BOOK00250,Servant Leadership,1,OL5310633A,Michael Rucker,2019.0,,[],1
BOOK00250,Servant Leadership,2,OL2994264A,Holly Spence,2019.0,,[],1
BOOK00251,Servant leadership,1,OL344341A,Jane Fryar,2001.0,,"['Christian Stewardship', 'Leadership', 'Religious aspects', 'Religious aspects of Leadership', 'Religious leaders', 'Stewardship, Christian', 'Servant leadership', 'Christianity', 'Christian stewardship', 'Leadership au service des autres', 'Aspect religieux', 'Christianisme', 'Chefs religieux', 'Service chrétien']",1
BOOK00252,Servant leadership,1,OL6478198A,Rocky Wallace,2011.0,,"['Educational leadership', 'School principals', 'EDUCATION / Leadership', 'School management and organization', 'School superintendents and principals', 'Education, united states']",1
BOOK00253,Applying Servant Leadership in Today's Schools,1,OL8049704A,Mary Culver,2008.0,,"['Leadership', 'School management and organization']",1
BOOK00254,Servant Leadership for Slow Learners,1,OL3153159A,J. David Lundy,2002.0,,[],1
BOOK00255,Robert K. Greenleaf,1,OL3083322A,Don M Frick,2004.0,,"['Leadership', 'Management', 'Organizational effectiveness', 'Business consultants', 'Biography', 'Executives']",1
BOOK00256,The Servant Leadership Training Course,1,OL217423A,James C. Hunter,2006.0,,[],2
BOOK00257,The Model of Servant-Leadership,1,OL3792801A,Henry P. Hildebrand,1990.0,,"['Leadership', 'Christianity']",1
BOOK00258,Cases on Servant Leadership and Equity,1,OL6231358A,Ursula Thomas,2022.0,,[],1
BOOK00259,Leader As Servant Leadership Model,1,OL10550517A,Sylvanus Wosu,2022.0,,"['Religion', 'Self-help techniques']",1
BOOK00260,Servant Leadership,1,OL1004566A,"Stevens, David",2017.0,,"['Business', 'Religion']",1
BOOK00261,Global Servant-Leadership,1,OL3311046A,Philip Mathew,2020.0,,['Sociology'],1
BOOK00261,Global Servant-Leadership,2,OL9741600A,Jiying Song,2020.0,,['Sociology'],1
BOOK00261,Global Servant-Leadership,3,OL9708869A,Shann Ray Ferch,2020.0,,['Sociology'],1
BOOK00262,Servant leadership in nursing,1,OL221620A,Mary Elizabeth O'Brien,2010.0,,"['Nursing Care', 'Religion and Medicine', 'Nursing services', 'Administration', 'Organization & administration', 'Christianity', 'Spirituality', 'Leadership', 'Nursing ethics', 'Nursing services, administration', 'Medicine, religious aspects']",1
BOOK00263,Servant Leadership,1,OL579275A,Ralph Lewis,2008.0,,"['Leadership', 'Organizational effectiveness']",1
BOOK00263,Servant Leadership,2,OL1084157A,"Noble, John",2008.0,,"['Leadership', 'Organizational effectiveness']",1
BOOK00264,Servant Leadership Roadmap,1,OL8106208A,Cara H Bramlett,2018.0,,[],1
BOOK00265,Using Servant Leadership,1,OL7647421A,Angelo J. Letizia,2018.0,,"['Educational leadership', 'Education, higher, aims and objectives', 'Educational accountability', 'Universities and colleges, administration', 'College teachers', 'College teaching', 'Teachers, professional ethics']",1
BOOK00266,Servant Leadership,1,OL12320548A,Pastor Cecil Hollaway,2022.0,,['Religion'],1
BOOK00267,The servant,1,OL217423A,James C. Hunter,1998.0,,"['Business', 'Leadership', 'Management', 'Moral and ethical aspects', 'Moral and ethical aspects of Leadership', 'Nonfiction']",2
BOOK00267,The servant,2,OL1546981A,James Hunter,1998.0,,"['Business', 'Leadership', 'Management', 'Moral and ethical aspects', 'Moral and ethical aspects of Leadership', 'Nonfiction']",1
BOOK00268,A Woman's Guide to Servant Leadership,1,OL294007A,Rhonda Kelley,2002.0,,"['Religious life', 'Christian women', 'Biblical teaching', 'Servant leadership', 'Christian leadership', 'Christianity']",1
BOOK00269,Servant Leadership for Higher Education,1,OL3059266A,Daniel W. Wheeler,2011.0,,"['Educational leadership', 'Education, higher, aims and objectives']",1
BOOK00270,Principal to Principal,1,OL3860907A,Rocky Wallace,2008.0,,"['School superintendents and principals', 'Educational leadership', 'School management and organization', 'School principals']",1
BOOK00271,Servant Leadership,1,OL10083137A,Samuel O. Enyia,2021.0,,['Self-help techniques'],1
BOOK00272,Personal and Organizational Excellence Through Servant Leadership,1,OL7948088A,Sen Sendjaya,2015.0,,['Leadership'],1
BOOK00273,Understanding Servant Leadership,1,OL11526794A,Chad Audi,2017.0,,[],1
BOOK00274,Servant Leadership Styles and Strategic Decision Making,1,OL10259925A,Yasir Hayat Mughal,2018.0,,"['Leadership', 'Decision making', 'Servant leadership']",1
BOOK00274,Servant Leadership Styles and Strategic Decision Making,2,OL10259926A,Shahid Kamal,2018.0,,"['Leadership', 'Decision making', 'Servant leadership']",1
BOOK00275,The spirit of servant-leadership,1,OL6843918A,Robert K. Greenleaf Center. International Conference on Servant-Leadership,2011.0,,"['Servant leadership', 'Leadership']",1
BOOK00276,Idiot Guide to Servant Leadership,1,OL10439210A,Pierre Walter,2010.0,,"['Leadership', 'Managerial economics', 'Self-help techniques']",1
BOOK00277,Servant Leadership in diakonischen Unternehmen,1,OL8347278A,Mathias Hartmann,2013.0,,"['Theology, practical']",1
BOOK00278,Servant Leadership,1,OL13693008A,John Wallace Whitehead,2019.0,,[],1
BOOK00279,Developing Christian Servant Leadership,1,OL2695440A,G. Roberts,2015.0,,"['Leadership, religious aspects', 'Management', 'Servant leadership', 'Christianity', 'Leadership', 'Religious aspects']",1
BOOK00280,Paul on leadership,1,OL227825A,C. Gene Wilkes,2004.0,,"['Church growth', 'Christian leadership', 'Biblical teaching', 'Servant leadership', 'Christianity', 'Criticism, interpretation', 'Bible']",1
BOOK00281,Marketing management,1,OL216799A,Philip Kotler,1973.0,,"['Marketing', 'Management', 'Marketing management', 'Gestion', 'Marketingmanagement', 'Marketingmix', 'open_syllabus_project', 'Qi ye guan li', 'Shi chang ying xiao', 'Marketing, management', 'Case studies', 'Manuel', 'Stratégie de marketing', 'Étude de marché', 'Gestion du marketing', 'Theorie', 'Commerce', 'Public Relations', 'Organization and Administration']",3
BOOK00282,Management information systems,1,OL34717A,Kenneth C. Laudon,1945.0,,"['Information technology', 'Management', 'Management information systems', 'Management informatiesystemen', 'Managementinformationssystem', ""Systèmes d'information de gestion"", 'Computadores nos sistemas de suporte a decisoes', 'Gestion des connaissances', 'Entreprises', 'Entreprises virtuelles', 'Informationsmanagement', 'Informacio', ""Sistemes d'informacio per a la gestio ."", 'Gestio .', ""Sistemes d'emmagatzematge i recuperacio"", 'Sistemas de información en administración', 'Information systems', 'Ledningsinformationssystem', 'Information management', 'Informationssystem', 'MIS', 'Textbooks', 'Virtual corporations', 'Business enterprises', 'Knowledge management', 'Management, data processing', 'Business &amp; economics', 'Literary collections', 'T58.6 .l376 1998', '658.4/038', 'Management-Informationssystem', 'USA', 'Programmed instruction']",1
BOOK00282,Management information systems,2,OL2624937A,Jane P. Laudon,1945.0,,"['Information technology', 'Management', 'Management information systems', 'Management informatiesystemen', 'Managementinformationssystem', ""Systèmes d'information de gestion"", 'Computadores nos sistemas de suporte a decisoes', 'Gestion des connaissances', 'Entreprises', 'Entreprises virtuelles', 'Informationsmanagement', 'Informacio', ""Sistemes d'informacio per a la gestio ."", 'Gestio .', ""Sistemes d'emmagatzematge i recuperacio"", 'Sistemas de información en administración', 'Information systems', 'Ledningsinformationssystem', 'Information management', 'Informationssystem', 'MIS', 'Textbooks', 'Virtual corporations', 'Business enterprises', 'Knowledge management', 'Management, data processing', 'Business &amp; economics', 'Literary collections', 'T58.6 .l376 1998', '658.4/038', 'Management-Informationssystem', 'USA', 'Programmed instruction']",1
BOOK00282,Management information systems,3,OL2624938A,Jane Price Laudon,1945.0,,"['Information technology', 'Management', 'Management information systems', 'Management informatiesystemen', 'Managementinformationssystem', ""Systèmes d'information de gestion"", 'Computadores nos sistemas de suporte a decisoes', 'Gestion des connaissances', 'Entreprises', 'Entreprises virtuelles', 'Informationsmanagement', 'Informacio', ""Sistemes d'informacio per a la gestio ."", 'Gestio .', ""Sistemes d'emmagatzematge i recuperacio"", 'Sistemas de información en administración', 'Information systems', 'Ledningsinformationssystem', 'Information management', 'Informationssystem', 'MIS', 'Textbooks', 'Virtual corporations', 'Business enterprises', 'Knowledge management', 'Management, data processing', 'Business &amp; economics', 'Literary collections', 'T58.6 .l376 1998', '658.4/038', 'Management-Informationssystem', 'USA', 'Programmed instruction']",1
BOOK00282,Management information systems,4,OL2651047A,Jane Laudon,1945.0,,"['Information technology', 'Management', 'Management information systems', 'Management informatiesystemen', 'Managementinformationssystem', ""Systèmes d'information de gestion"", 'Computadores nos sistemas de suporte a decisoes', 'Gestion des connaissances', 'Entreprises', 'Entreprises virtuelles', 'Informationsmanagement', 'Informacio', ""Sistemes d'informacio per a la gestio ."", 'Gestio .', ""Sistemes d'emmagatzematge i recuperacio"", 'Sistemas de información en administración', 'Information systems', 'Ledningsinformationssystem', 'Information management', 'Informationssystem', 'MIS', 'Textbooks', 'Virtual corporations', 'Business enterprises', 'Knowledge management', 'Management, data processing', 'Business &amp; economics', 'Literary collections', 'T58.6 .l376 1998', '658.4/038', 'Management-Informationssystem', 'USA', 'Programmed instruction']",1
BOOK00283,Marketing Management,1,OL216799A,Philip Kotler,2016.0,,"['Marketing, management', 'Marketing', 'Management', 'Textbooks']",3
BOOK00283,Marketing Management,2,OL391962A,Kevin Lane Keller,2016.0,,"['Marketing, management', 'Marketing', 'Management', 'Textbooks']",2
BOOK00284,Human Resource management,1,OL238534A,Gary Dessler,1994.0,,['Personnel management'],8
BOOK00285,Operations management,1,OL226049A,Jay H. Heizer,1999.0,,"['Production management', 'Operations research', 'Management information systems', 'Productiemanagement', 'Logistiek', 'Planning', 'Managementtechnieken', 'Operationeel onderzoek', 'Management', 'Operations Management', 'Prozessmanagement', 'Nachhaltigkeit', 'Lieferkette', 'USA', 'Welt', 'Business and Management', 'Administración de la producción']",2
BOOK00285,Operations management,2,OL2648619A,Jay Heizer,1999.0,,"['Production management', 'Operations research', 'Management information systems', 'Productiemanagement', 'Logistiek', 'Planning', 'Managementtechnieken', 'Operationeel onderzoek', 'Management', 'Operations Management', 'Prozessmanagement', 'Nachhaltigkeit', 'Lieferkette', 'USA', 'Welt', 'Business and Management', 'Administración de la producción']",7
BOOK00285,Operations management,3,OL457089A,Barry Render,1999.0,,"['Production management', 'Operations research', 'Management information systems', 'Productiemanagement', 'Logistiek', 'Planning', 'Managementtechnieken', 'Operationeel onderzoek', 'Management', 'Operations Management', 'Prozessmanagement', 'Nachhaltigkeit', 'Lieferkette', 'USA', 'Welt', 'Business and Management', 'Administración de la producción']",3
BOOK00286,Principles of management,1,OL1308528A,George Robert Terry,1953.0,,"['Industrial management', ""Gestion d'entreprise"", 'Management', 'Organisatiekunde']",1
BOOK00287,Strategic management,1,OL239218A,Fred R. David,1969.0,,"['Case studies', 'Strategic planning', 'Industrial management', 'Management', 'Strategic planning -- Case studies']",5
BOOK00288,Statistics for management,1,OL7166567A,Richard I. Levin & David S. Rubin,1978.0,,"['Statistical methods', 'Management', 'Textbooks', 'Commercial statistics', 'Statistics textbooks', 'Statistics', 'Mathematics textbooks', 'Social sciences', 'Management-statistical methods', 'Social sciences-statistical methods', 'Social sciences, statistical methods']",1
BOOK00289,The Night Manager,1,OL2101074A,John le Carré,1993.0,,"['Spies', 'Fiction', 'English Spy stories', 'Spies in fiction', 'Spy stories', 'Thrillers', 'Intelligence service', 'Illegal arms transfers', 'Great Britain', 'Large type books', 'Fiction, thrillers, espionage', 'Fiction, mystery & detective, general', 'Fiction, thrillers, general', 'England, fiction', 'London (england), fiction', 'Fiction, suspense', 'Switzerland, fiction', 'Murder', 'Fiction, espionage', 'Fiction, thrillers', 'Arms transfers', 'Drug traffic', 'Armes', 'Romans, nouvelles', 'Vente', 'Trafic', 'Service des renseignements', 'Drogues', 'Fiction, general']",1
BOOK00290,Strategic management,1,OL240294A,Gregory G. Dess,1992.0,,"['Strategic planning', 'Case studies', 'Textbooks', 'Business strategy', 'Management & management techniques', 'Business/Economics', 'Economics, Finance, Business and Industry', 'Management - General', 'Business / Economics / Finance', 'Strategisches Management', 'Planification stratégique', ""Manuels d'enseignement supérieur"", 'Management', 'Business &amp; economics', 'General', 'Economics']",1
BOOK00290,Strategic management,2,OL2640638A,G. T. Lumpkin,1992.0,,"['Strategic planning', 'Case studies', 'Textbooks', 'Business strategy', 'Management & management techniques', 'Business/Economics', 'Economics, Finance, Business and Industry', 'Management - General', 'Business / Economics / Finance', 'Strategisches Management', 'Planification stratégique', ""Manuels d'enseignement supérieur"", 'Management', 'Business &amp; economics', 'General', 'Economics']",1
BOOK00290,Strategic management,3,OL2640639A,Alan B. Eisner,1992.0,,"['Strategic planning', 'Case studies', 'Textbooks', 'Business strategy', 'Management & management techniques', 'Business/Economics', 'Economics, Finance, Business and Industry', 'Management - General', 'Business / Economics / Finance', 'Strategisches Management', 'Planification stratégique', ""Manuels d'enseignement supérieur"", 'Management', 'Business &amp; economics', 'General', 'Economics']",1
BOOK00290,Strategic management,4,OL2986109A,Gerry McNamara,1992.0,,"['Strategic planning', 'Case studies', 'Textbooks', 'Business strategy', 'Management & management techniques', 'Business/Economics', 'Economics, Finance, Business and Industry', 'Management - General', 'Business / Economics / Finance', 'Strategisches Management', 'Planification stratégique', ""Manuels d'enseignement supérieur"", 'Management', 'Business &amp; economics', 'General', 'Economics']",1
BOOK00290,Strategic management,5,OL7807029A,Seung-Hyun Lee,1992.0,,"['Strategic planning', 'Case studies', 'Textbooks', 'Business strategy', 'Management & management techniques', 'Business/Economics', 'Economics, Finance, Business and Industry', 'Management - General', 'Business / Economics / Finance', 'Strategisches Management', 'Planification stratégique', ""Manuels d'enseignement supérieur"", 'Management', 'Business &amp; economics', 'General', 'Economics']",1
BOOK00290,Strategic management,6,OL1195678A,Marilyn L. Taylor,1992.0,,"['Strategic planning', 'Case studies', 'Textbooks', 'Business strategy', 'Management & management techniques', 'Business/Economics', 'Economics, Finance, Business and Industry', 'Management - General', 'Business / Economics / Finance', 'Strategisches Management', 'Planification stratégique', ""Manuels d'enseignement supérieur"", 'Management', 'Business &amp; economics', 'General', 'Economics']",1
BOOK00291,Management,1,OL33897A,Stephen P. Robbins,1984.0,,"['Management', 'Canada', 'Case studies', 'ADMINISTRACION', 'Gestion', 'MANAGEMENT', 'OPERATIONS RESEARCH', 'TOTAL QUALITY MANAGEMENT', 'CONTRACT MANAGEMENT', 'ENVIRONMENT MANAGEMENT']",5
BOOK00292,High Output Management,1,OL319610A,Andrew S. Grove,1983.0,,"['Industrial management', 'Industrial productivity', ""Gestion d'entreprise"", 'Management', 'New York Times reviewed']",1
BOOK00293,Financial Management,1,OL244414A,Eugene F. Brigham,1977.0,,"['Business enterprises', 'Corporations', 'Finance', 'Management', 'Finanças das empresas', 'Problems, exercises', 'Financieel management', 'Corporations, finance', 'Financial management', 'Business enterprises, finance', 'Investments']",3
BOOK00293,Financial Management,2,OL715490A,Michael C. Ehrhardt,1977.0,,"['Business enterprises', 'Corporations', 'Finance', 'Management', 'Finanças das empresas', 'Problems, exercises', 'Financieel management', 'Corporations, finance', 'Financial management', 'Business enterprises, finance', 'Investments']",1
BOOK00294,Human resource management,1,OL221453A,R. Wayne Mondy,1990.0,,"['Personnel management', 'Personnel', 'Direction']",1
BOOK00294,Human resource management,2,OL2648915A,Robert M. Noe,1990.0,,"['Personnel management', 'Personnel', 'Direction']",1
BOOK00294,Human resource management,3,OL2648916A,Shane R. Premeaux,1990.0,,"['Personnel management', 'Personnel', 'Direction']",1
BOOK00294,Human resource management,4,OL455363A,Ronald Knowles,1990.0,,"['Personnel management', 'Personnel', 'Direction']",1
BOOK00294,Human resource management,5,OL544809A,Joseph J. Martocchio,1990.0,,"['Personnel management', 'Personnel', 'Direction']",2
BOOK00295,"Mind Management, Not Time Management",1,OL7170216A,David Kadavy,2020.0,,['Commerce'],1
BOOK00296,Strategic management and business policy,1,OL27304A,Thomas L. Wheelen,1983.0,,"['Bedrijfsbeleid', 'Strategic planning', 'Sustainability', 'Case studies', 'Strategisch management', 'Planification strategique', 'Fallstudiensammlung', 'Strategisches Management', 'Planification stratégique', 'Industrial management', 'Management', 'Commercial policy', 'Business planning', 'Cas, Études de', 'Fallstudie', 'Nachhaltigkeit', 'Strategische Planung', 'Unternehmenspolitik', 'Bedrijfsplanning', 'Duurzame ontwikkeling', 'Strategische Unternehmensplanung', 'Theorie', 'Literary collections']",2
BOOK00296,Strategic management and business policy,2,OL29722A,J. David Hunger,1983.0,,"['Bedrijfsbeleid', 'Strategic planning', 'Sustainability', 'Case studies', 'Strategisch management', 'Planification strategique', 'Fallstudiensammlung', 'Strategisches Management', 'Planification stratégique', 'Industrial management', 'Management', 'Commercial policy', 'Business planning', 'Cas, Études de', 'Fallstudie', 'Nachhaltigkeit', 'Strategische Planung', 'Unternehmenspolitik', 'Bedrijfsplanning', 'Duurzame ontwikkeling', 'Strategische Unternehmensplanung', 'Theorie', 'Literary collections']",1
BOOK00296,Strategic management and business policy,3,OL2652743A,Tom Wheelen,1983.0,,"['Bedrijfsbeleid', 'Strategic planning', 'Sustainability', 'Case studies', 'Strategisch management', 'Planification strategique', 'Fallstudiensammlung', 'Strategisches Management', 'Planification stratégique', 'Industrial management', 'Management', 'Commercial policy', 'Business planning', 'Cas, Études de', 'Fallstudie', 'Nachhaltigkeit', 'Strategische Planung', 'Unternehmenspolitik', 'Bedrijfsplanning', 'Duurzame ontwikkeling', 'Strategische Unternehmensplanung', 'Theorie', 'Literary collections']",1
BOOK00297,The Practice of Management,1,OL4345625A,Peter F. Drucker,1954.0,,"['Business', 'Nonfiction', 'Industrial management', 'Management science', 'Industrial management, united states', 'United States', 'Management', ""Gestion d'entreprise"", 'Organization and Administration', 'U.S.', 'Decision making', 'Executives', 'Gestion', 'BUSINESS & ECONOMICS', 'Organizational Behavior', 'Business and Management']",4
BOOK00298,Human Resource Management,1,OL238534A,Gary Dessler,1994.0,,"['Personnel management', 'Direction', 'Personeelsmanagement', 'Personalentwicklung', 'Personnel', 'Humanvermo\x98gen', 'Humanvermögen', 'Personaladministration', 'Fu\x98hrung', 'Management', 'Personalwesen', 'Human resources - personnel management']",8
BOOK00299,Project management,1,OL450116A,Dennis Lock,1968.0,,"['Project management', 'Projektmanagement', 'Work breakdown structure', 'Projectmanagement', 'Exécution de projets', 'Lehrbuch', 'Gestion de projets', 'Elaboration de projets', 'Projets industriels', 'T56.8 .l6 2000', '658.4/04']",1
BOOK00300,Introduction to management accounting,1,OL218836A,Charles T. Horngren,1978.0,,"['Managerial accounting', 'Cost accounting', 'Management Accounting']",1
BOOK00301,The Principles of Scientific Management,1,OL223463A,Frederick Winslow Taylor,1911.0,,"['Industrial management', 'Industrial efficiency', 'Industrial engineering', 'Machine shops', 'Genie industriel', ""Gestion d'entreprise"", 'Management science', 'A Industrial management', 'A Management science']",1
BOOK00302,Management of organizational behavior,1,OL526722A,Paul Hersey,1969.0,,"['Industrial Psychology', 'Leadership', 'Management', 'Organizational behavior', 'Personnel management', 'Comportement organisationnel', 'Gestion', 'Organization and Administration', 'Direction', 'Behavior', 'Personnel', 'Organisation', 'Organisationssoziologie', 'Organisationsverhalten', 'Führung', 'Organizational Culture', 'Fu\x98hrung', 'Organisatiegedrag', 'Organizational Innovation', 'Psychology, industrial', 'Industrial management', 'Psychologie du travail']",1
BOOK00302,Management of organizational behavior,2,OL2655496A,Blanchard Hersey,1969.0,,"['Industrial Psychology', 'Leadership', 'Management', 'Organizational behavior', 'Personnel management', 'Comportement organisationnel', 'Gestion', 'Organization and Administration', 'Direction', 'Behavior', 'Personnel', 'Organisation', 'Organisationssoziologie', 'Organisationsverhalten', 'Führung', 'Organizational Culture', 'Fu\x98hrung', 'Organisatiegedrag', 'Organizational Innovation', 'Psychology, industrial', 'Industrial management', 'Psychologie du travail']",1
BOOK00303,Retailing management,1,OL392962A,Michael Levy,1992.0,,"['Management', 'Retail trade', 'Retail trade, management']",2
BOOK00304,Strategic management,1,OL240891A,Arthur A. Thompson,1984.0,,"['Case studies', 'Strategic planning', 'Strategisch management', 'E tudes de cas', 'Planification strate gique', 'Planification stratégique', 'Études de cas', 'Business strategy', 'Management & management techniques', 'Business / Economics / Finance', 'Business Decision Making', 'Business & Economics', 'Business/Economics', 'Entrepreneurship', 'Decision Making & Problem Solving', 'Management', 'Cas, Études de', 'Fallstudiensammlung', 'Strategisches Management', 'Industrial management', 'Strategic planning--case studies', 'Hd30.28 .t53 2003', '658.4/012']",1
BOOK00304,Strategic management,2,OL1080210A,Alonzo J. Strickland,1984.0,,"['Case studies', 'Strategic planning', 'Strategisch management', 'E tudes de cas', 'Planification strate gique', 'Planification stratégique', 'Études de cas', 'Business strategy', 'Management & management techniques', 'Business / Economics / Finance', 'Business Decision Making', 'Business & Economics', 'Business/Economics', 'Entrepreneurship', 'Decision Making & Problem Solving', 'Management', 'Cas, Études de', 'Fallstudiensammlung', 'Strategisches Management', 'Industrial management', 'Strategic planning--case studies', 'Hd30.28 .t53 2003', '658.4/012']",1
BOOK00304,Strategic management,3,OL2638624A,"Arthur A., Jr. Thompson",1984.0,,"['Case studies', 'Strategic planning', 'Strategisch management', 'E tudes de cas', 'Planification strate gique', 'Planification stratégique', 'Études de cas', 'Business strategy', 'Management & management techniques', 'Business / Economics / Finance', 'Business Decision Making', 'Business & Economics', 'Business/Economics', 'Entrepreneurship', 'Decision Making & Problem Solving', 'Management', 'Cas, Études de', 'Fallstudiensammlung', 'Strategisches Management', 'Industrial management', 'Strategic planning--case studies', 'Hd30.28 .t53 2003', '658.4/012']",1
BOOK00304,Strategic management,4,OL395336A,A. J. Strickland,1984.0,,"['Case studies', 'Strategic planning', 'Strategisch management', 'E tudes de cas', 'Planification strate gique', 'Planification stratégique', 'Études de cas', 'Business strategy', 'Management & management techniques', 'Business / Economics / Finance', 'Business Decision Making', 'Business & Economics', 'Business/Economics', 'Entrepreneurship', 'Decision Making & Problem Solving', 'Management', 'Cas, Études de', 'Fallstudiensammlung', 'Strategisches Management', 'Industrial management', 'Strategic planning--case studies', 'Hd30.28 .t53 2003', '658.4/012']",1
BOOK00304,Strategic management,5,OL2640627A,"Alonzo J., III Strickland",1984.0,,"['Case studies', 'Strategic planning', 'Strategisch management', 'E tudes de cas', 'Planification strate gique', 'Planification stratégique', 'Études de cas', 'Business strategy', 'Management & management techniques', 'Business / Economics / Finance', 'Business Decision Making', 'Business & Economics', 'Business/Economics', 'Entrepreneurship', 'Decision Making & Problem Solving', 'Management', 'Cas, Études de', 'Fallstudiensammlung', 'Strategisches Management', 'Industrial management', 'Strategic planning--case studies', 'Hd30.28 .t53 2003', '658.4/012']",1
BOOK00305,Operations Management,1,OL224399A,Lee J. Krajewski,1987.0,,"['Production management', 'Productiemanagement', 'Management', 'Gestion', 'Produktion', 'Production', 'Cd-roms', 'Operations research', 'Business logistics', 'Administración de la producción', 'Operations Management']",2
BOOK00306,Contemporary management,1,OL389425A,Gareth R. Jones,1998.0,,['Management'],4
BOOK00306,Contemporary management,2,OL226973A,Jennifer M. George,1998.0,,['Management'],2
BOOK00307,Developing mangement skills,1,OL25513A,David A. Whetten,1984.0,,"['Industrial Psychology', 'Management', 'Problems, exercises', 'Self-perception', 'Study and teaching', 'Communication in management', 'Conflict management', 'Employee motivation', 'Job stress', 'Motivation (Psychology)', 'Role playing', 'Stress management', 'Textbooks', 'Problèmes et exercices', 'Étude et enseignement', 'Gestion', 'Problemes et exercices', 'Organization and Administration', 'Etude et enseignement', 'Management, study and teaching', 'Problems, exercises, etc', 'Führung', 'Führungskräfteentwicklung', 'Managementschule', 'Management development', 'Many-body problem', 'Leadership']",1
BOOK00307,Developing mangement skills,2,OL226671A,Kim S. Cameron,1984.0,,"['Industrial Psychology', 'Management', 'Problems, exercises', 'Self-perception', 'Study and teaching', 'Communication in management', 'Conflict management', 'Employee motivation', 'Job stress', 'Motivation (Psychology)', 'Role playing', 'Stress management', 'Textbooks', 'Problèmes et exercices', 'Étude et enseignement', 'Gestion', 'Problemes et exercices', 'Organization and Administration', 'Etude et enseignement', 'Management, study and teaching', 'Problems, exercises, etc', 'Führung', 'Führungskräfteentwicklung', 'Managementschule', 'Management development', 'Many-body problem', 'Leadership']",1
BOOK00307,Developing mangement skills,3,OL3011780A,Whetten,1984.0,,"['Industrial Psychology', 'Management', 'Problems, exercises', 'Self-perception', 'Study and teaching', 'Communication in management', 'Conflict management', 'Employee motivation', 'Job stress', 'Motivation (Psychology)', 'Role playing', 'Stress management', 'Textbooks', 'Problèmes et exercices', 'Étude et enseignement', 'Gestion', 'Problemes et exercices', 'Organization and Administration', 'Etude et enseignement', 'Management, study and teaching', 'Problems, exercises, etc', 'Führung', 'Führungskräfteentwicklung', 'Managementschule', 'Management development', 'Many-body problem', 'Leadership']",1
BOOK00307,Developing mangement skills,4,OL5413970A,David A. Whetten,1984.0,,"['Industrial Psychology', 'Management', 'Problems, exercises', 'Self-perception', 'Study and teaching', 'Communication in management', 'Conflict management', 'Employee motivation', 'Job stress', 'Motivation (Psychology)', 'Role playing', 'Stress management', 'Textbooks', 'Problèmes et exercices', 'Étude et enseignement', 'Gestion', 'Problemes et exercices', 'Organization and Administration', 'Etude et enseignement', 'Management, study and teaching', 'Problems, exercises, etc', 'Führung', 'Führungskräfteentwicklung', 'Managementschule', 'Management development', 'Many-body problem', 'Leadership']",1
BOOK00307,Developing mangement skills,5,OL6519846A,DAVID A. WHETTEN,1984.0,,"['Industrial Psychology', 'Management', 'Problems, exercises', 'Self-perception', 'Study and teaching', 'Communication in management', 'Conflict management', 'Employee motivation', 'Job stress', 'Motivation (Psychology)', 'Role playing', 'Stress management', 'Textbooks', 'Problèmes et exercices', 'Étude et enseignement', 'Gestion', 'Problemes et exercices', 'Organization and Administration', 'Etude et enseignement', 'Management, study and teaching', 'Problems, exercises, etc', 'Führung', 'Führungskräfteentwicklung', 'Managementschule', 'Management development', 'Many-body problem', 'Leadership']",1
BOOK00307,Developing mangement skills,6,OL3368293A,David Whetten,1984.0,,"['Industrial Psychology', 'Management', 'Problems, exercises', 'Self-perception', 'Study and teaching', 'Communication in management', 'Conflict management', 'Employee motivation', 'Job stress', 'Motivation (Psychology)', 'Role playing', 'Stress management', 'Textbooks', 'Problèmes et exercices', 'Étude et enseignement', 'Gestion', 'Problemes et exercices', 'Organization and Administration', 'Etude et enseignement', 'Management, study and teaching', 'Problems, exercises, etc', 'Führung', 'Führungskräfteentwicklung', 'Managementschule', 'Management development', 'Many-body problem', 'Leadership']",1
BOOK00307,Developing mangement skills,7,OL2622498A,Kim Cameron,1984.0,,"['Industrial Psychology', 'Management', 'Problems, exercises', 'Self-perception', 'Study and teaching', 'Communication in management', 'Conflict management', 'Employee motivation', 'Job stress', 'Motivation (Psychology)', 'Role playing', 'Stress management', 'Textbooks', 'Problèmes et exercices', 'Étude et enseignement', 'Gestion', 'Problemes et exercices', 'Organization and Administration', 'Etude et enseignement', 'Management, study and teaching', 'Problems, exercises, etc', 'Führung', 'Führungskräfteentwicklung', 'Managementschule', 'Management development', 'Many-body problem', 'Leadership']",1
BOOK00308,Essentials of management,1,OL2635200A,Harold Koontz,1974.0,,"['Management', 'Index 00', 'Industrial management', 'Gestion', 'Business &amp; economics', 'General']",2
BOOK00309,A Guide to the Project Management Body of Knowledge (PMBOK® Guide),1,OL29513A,Project Management Institute,1996.0,,"['Project management', 'Standards', 'Gestion de projet', 'Normes', 'Business & Economics', 'Technology & Engineering', 'Methodology', 'Administração de projetos', 'Gestion de projets', 'Projet industriel', 'Projektmanagement', 'Projectmanagement', 'Project Management (PM)', 'Literary collections']",5
BOOK00310,Analysis for financial management,1,OL389147A,Robert C. Higgins,1983.0,,"['Corporations', 'Finance', 'Analyse financière', 'Analytische Methode', 'Finances', 'Sociétés', 'Finanzmanagement', 'Entreprises', 'Corporations -- Finance.', 'Financieel management', 'Maliye', 'Financiële analyse', 'Finanzanalyse', 'Bedrijfsfinanciering', 'Şirketler', 'Societes', 'Corporations, finance', 'Administração financeira', 'Finanças das empresas', ""Finances de l'entreprise"", 'Performance financière', 'Investissement', 'Gestion financière', 'Analyse', 'Financiele analyse', 'Administracao financeira', 'Financas das empresas', 'Corporations--finance', 'Financial management', 'Hg4026 .h496 2016', '658.15/1']",1
BOOK00311,Strategic market management,1,OL220279A,David A. Aaker,1984.0,,"['Management', 'Marketing', 'Marketingmanagement', 'Strategisches Management', 'Strategisch management', 'Marknadsfo\x98ring', 'Strategisk planering', 'Marketing, management', 'Strategic planning', 'Marketing research']",4
BOOK00312,Strategic management,1,OL21141A,"Pearce, John A.",1982.0,,"['Strategic planning', 'Case studies', 'Strategisch management', 'Administracʹao estrategica (gerenciamento)', 'Business strategy', 'Management & management techniques', 'Corporate Planning', 'Business / Economics / Finance', 'Strategic Planning', 'Reference', 'Management', 'Business planning', 'Corporate planning', 'Business / economics / finance']",2
BOOK00312,Strategic management,2,OL2634617A,John A. Pearce,1982.0,,"['Strategic planning', 'Case studies', 'Strategisch management', 'Administracʹao estrategica (gerenciamento)', 'Business strategy', 'Management & management techniques', 'Corporate Planning', 'Business / Economics / Finance', 'Strategic Planning', 'Reference', 'Management', 'Business planning', 'Corporate planning', 'Business / economics / finance']",2
BOOK00312,Strategic management,3,OL2634618A,Richard B. Robinson,1982.0,,"['Strategic planning', 'Case studies', 'Strategisch management', 'Administracʹao estrategica (gerenciamento)', 'Business strategy', 'Management & management techniques', 'Corporate Planning', 'Business / Economics / Finance', 'Strategic Planning', 'Reference', 'Management', 'Business planning', 'Corporate planning', 'Business / economics / finance']",2
BOOK00313,Retailing management,1,OL5476227A,Michael Levy,2000.0,,"['Management', 'Retail trade', 'open_syllabus_project', 'Retail trade, management', 'Comercio minorista', 'Administración', 'Einzelhandel', 'Detailhandel', 'Detaljhandel', 'Retail trade -- Management -- Textbooks', 'Retail trade -- Canada -- Textbooks', ""Commerce de détail -- Gestion -- Manuels d'enseignement supérieur"", ""Commerce de détail -- Canada -- Manuels d'enseignement supérieur"", 'Retail trade -- Management', 'Canada', 'Open_syllabus_project']",1
BOOK00313,Retailing management,2,OL392962A,Michael Levy,2000.0,,"['Management', 'Retail trade', 'open_syllabus_project', 'Retail trade, management', 'Comercio minorista', 'Administración', 'Einzelhandel', 'Detailhandel', 'Detaljhandel', 'Retail trade -- Management -- Textbooks', 'Retail trade -- Canada -- Textbooks', ""Commerce de détail -- Gestion -- Manuels d'enseignement supérieur"", ""Commerce de détail -- Canada -- Manuels d'enseignement supérieur"", 'Retail trade -- Management', 'Canada', 'Open_syllabus_project']",2
BOOK00313,Retailing management,3,OL391217A,Barton A. Weitz,2000.0,,"['Management', 'Retail trade', 'open_syllabus_project', 'Retail trade, management', 'Comercio minorista', 'Administración', 'Einzelhandel', 'Detailhandel', 'Detaljhandel', 'Retail trade -- Management -- Textbooks', 'Retail trade -- Canada -- Textbooks', ""Commerce de détail -- Gestion -- Manuels d'enseignement supérieur"", ""Commerce de détail -- Canada -- Manuels d'enseignement supérieur"", 'Retail trade -- Management', 'Canada', 'Open_syllabus_project']",1
BOOK00314,Supply chain logistics management,1,OL453548A,Donald J. Bowersox,2002.0,,"['Business logistics', 'Supply Chain Management', 'Logistique (Organisation)', ""Gestion de l'approvisionnement"", ""Chaîne d'approvisionnement"", 'Logistique', 'Ketenbeheer']",1
BOOK00315,The one minute manager,1,OL21502A,Kenneth H. Blanchard,1981.0,,"['Management', 'Administración', 'Direction', 'Gestion', 'Personnel', ""Gestion d'entreprise"", 'Administracao', 'Employe s.', 'Motivations', 'Manuels', 'Organization and Administration', 'Ressources humaines', 'Gestion du personnel', 'Employés', 'Personnel management']",3
BOOK00315,The one minute manager,2,OL223174A,Spencer Johnson,1981.0,,"['Management', 'Administración', 'Direction', 'Gestion', 'Personnel', ""Gestion d'entreprise"", 'Administracao', 'Employe s.', 'Motivations', 'Manuels', 'Organization and Administration', 'Ressources humaines', 'Gestion du personnel', 'Employés', 'Personnel management']",1
BOOK00315,The one minute manager,3,OL2675184A,Kenneth Blanchard,1981.0,,"['Management', 'Administración', 'Direction', 'Gestion', 'Personnel', ""Gestion d'entreprise"", 'Administracao', 'Employe s.', 'Motivations', 'Manuels', 'Organization and Administration', 'Ressources humaines', 'Gestion du personnel', 'Employés', 'Personnel management']",1
BOOK00316,Entrepreneurship,1,OL392669A,Robert D. Hisrich,1989.0,,"['New business enterprises', 'Entrepreneurship', 'Business enterprises', 'Business planning', 'Finance', 'Success in business', 'Management', 'Nieuwe ondernemingen', 'Ondernemerschap', 'Unternehmensentwicklung', 'Business enterprises, finance', 'Unternehmensgründung', 'Aufsatzsammlung', 'New business enterprises -- Management']",1
BOOK00317,Fundamentals of financial management,1,OL244414A,Eugene F. Brigham,1978.0,,"['Business enterprises', 'Corporations', 'Finance', 'Problems, exercises', 'Management', 'Entreprises', 'Financiering', 'Finances', 'Finanzmanagement', 'Budgeting & financial management', 'Business & Economics', 'Business / Economics / Finance', 'Textbooks', 'Business/Economics', 'Corporate Finance', 'Management - General', 'Business & Economics / Corporate Finance', 'Societes', 'Finanzwirtschaft', 'Problèmes et exercices', 'Prise de décision', 'Investissements de capitaux', 'Corporations, finance', 'Business enterprises, finance']",3
BOOK00317,Fundamentals of financial management,2,OL2627410A,Joel F. Houston,1978.0,,"['Business enterprises', 'Corporations', 'Finance', 'Problems, exercises', 'Management', 'Entreprises', 'Financiering', 'Finances', 'Finanzmanagement', 'Budgeting & financial management', 'Business & Economics', 'Business / Economics / Finance', 'Textbooks', 'Business/Economics', 'Corporate Finance', 'Management - General', 'Business & Economics / Corporate Finance', 'Societes', 'Finanzwirtschaft', 'Problèmes et exercices', 'Prise de décision', 'Investissements de capitaux', 'Corporations, finance', 'Business enterprises, finance']",1
BOOK00318,Fundamentals of financial management,1,OL383803A,James C. Van Horne,1971.0,,"['Corporations', 'Business enterprises', 'Finance', 'Societes', 'Finances', 'Finanzmanagement', 'Entreprises', 'Corporations, finance', 'Business enterprises, finance', 'Domestic Architecture', 'Colonial Architecture', 'Gardens']",1
BOOK00319,Management information systems,1,OL26542A,James A. O'Brien,1990.0,,"['Business', 'Computer networks', 'Data processing', 'Electronic commerce', 'Information technology', 'Management', 'Management information systems', 'Textbooks', 'Informatietechnologie', 'Management informatiesystemen', ""Systèmes d'information de gestion"", 'Managementinformationssystem', 'Sistemas de informação gerencial', 'Informationsmanagement', 'Redes de computadores', ""Réseaux d'ordinateurs"", 'Tecnologia da informação', ""Manuels d'enseignement supérieur"", ""Technologie de l'information"", 'Gestion', 'Commerce électronique', 'Informatique', 'Computers &amp; the internet', 'T58.6 .o26 2009', '658.4/038011', 'T58.6 .o26 2008b']",1
BOOK00320,Retail management,1,OL398560A,Barry Berman,1979.0,,"['Management', 'Retail trade', 'Detailhandel', 'Strategisch management', 'Distributive industries', 'Franchises', 'Management & management techniques', 'Retail trade, management', 'Retail trade, study and teaching', 'Einzelhandelsbetrieb', 'Einzelhandelsbetriebslehre', 'Strategisches Management', 'Commerce de détail', 'Manuel', ""Gestion d'entreprise"", ""Stratégie de l'entreprise"", 'Case studies', 'Retail trade--management', 'Hf5429 .b45 2018', '658.8/7']",1
BOOK00320,Retail management,2,OL338289A,Joel R. Evans,1979.0,,"['Management', 'Retail trade', 'Detailhandel', 'Strategisch management', 'Distributive industries', 'Franchises', 'Management & management techniques', 'Retail trade, management', 'Retail trade, study and teaching', 'Einzelhandelsbetrieb', 'Einzelhandelsbetriebslehre', 'Strategisches Management', 'Commerce de détail', 'Manuel', ""Gestion d'entreprise"", ""Stratégie de l'entreprise"", 'Case studies', 'Retail trade--management', 'Hf5429 .b45 2018', '658.8/7']",1
BOOK00321,Principles and Practice of Management,1,OL9417937A,L. M. Prasad,2019.0,,[],1
BOOK00321,Principles and Practice of Management,2,OL4193465A,L.M. Prasad,2019.0,,[],1
BOOK00322,Comprehensive stress management,1,OL30298A,Jerrold S. Greenberg,1983.0,,"['Stress (Psychology)', 'Stress (Physiology)', 'Prevention', 'Stress management', 'Prevention & control', 'Psychological Stress', 'Stress (physiology)', 'Stress (psychology)']",1
BOOK00322,Comprehensive stress management,2,OL2844131A,Jerrold Greenberg,1983.0,,"['Stress (Psychology)', 'Stress (Physiology)', 'Prevention', 'Stress management', 'Prevention & control', 'Psychological Stress', 'Stress (physiology)', 'Stress (psychology)']",1
BOOK00322,Comprehensive stress management,3,OL4672094A,Jerrold S Greenberg,1983.0,,"['Stress (Psychology)', 'Stress (Physiology)', 'Prevention', 'Stress management', 'Prevention & control', 'Psychological Stress', 'Stress (physiology)', 'Stress (psychology)']",1
BOOK00322,Comprehensive stress management,4,OL7286488A,Gerrold Greenberg,1983.0,,"['Stress (Psychology)', 'Stress (Physiology)', 'Prevention', 'Stress management', 'Prevention & control', 'Psychological Stress', 'Stress (physiology)', 'Stress (psychology)']",1
BOOK00323,Principles of management,1,OL2635200A,Harold Koontz,1955.0,,"['Industrial management', 'Management', 'Gestion', ""Gestion d'entreprise"", 'Organization and Administration']",2
BOOK00323,Principles of management,2,OL10856242A,Cyril O'Donnell,1955.0,,"['Industrial management', 'Management', 'Gestion', ""Gestion d'entreprise"", 'Organization and Administration']",1
BOOK00324,Operations Management,1,OL228184A,William J. Stevenson,2004.0,,"['Production management', 'BUSINESS & ECONOMICS / Operations Research', 'Business & economics / operations research']",5
BOOK00325,Marketing management,1,OL216799A,Philip Kotler,2008.0,,"['Marketing', 'Management', 'Marketing, management', 'Gestion', 'Literary collections']",3
BOOK00325,Marketing management,2,OL8088432A,Mairead Brady,2008.0,,"['Marketing', 'Management', 'Marketing, management', 'Gestion', 'Literary collections']",1
BOOK00325,Marketing management,3,OL590573A,Malcolm Goodman,2008.0,,"['Marketing', 'Management', 'Marketing, management', 'Gestion', 'Literary collections']",2
BOOK00325,Marketing management,4,OL2946043A,Torben Hansen,2008.0,,"['Marketing', 'Management', 'Marketing, management', 'Gestion', 'Literary collections']",1
BOOK00325,Marketing management,5,OL391962A,Kevin Lane Keller,2008.0,,"['Marketing', 'Management', 'Marketing, management', 'Gestion', 'Literary collections']",2
BOOK00326,Intermediate financial management,1,OL244414A,Eugene F. Brigham,1985.0,,"['Business enterprises', 'Corporations', 'Finance', 'Financieel management', 'Corporations, finance', 'Business enterprises, finance', 'Gestion financière', 'Study and teaching', 'Handbooks, manuals']",3
BOOK00327,Sales management,1,OL394882A,Douglas J. Dalrymple,1982.0,,"['Case studies', 'Sales management', 'Verkooporganisatie', 'Cas, Études de', 'Gestion', 'Ventes', 'Business &amp; economics', 'Management']",1
BOOK00327,Sales management,2,OL1519807A,William Cron,1982.0,,"['Case studies', 'Sales management', 'Verkooporganisatie', 'Cas, Études de', 'Gestion', 'Ventes', 'Business &amp; economics', 'Management']",1
BOOK00327,Sales management,3,OL2730967A,William L. Cron,1982.0,,"['Case studies', 'Sales management', 'Verkooporganisatie', 'Cas, Études de', 'Gestion', 'Ventes', 'Business &amp; economics', 'Management']",1
BOOK00327,Sales management,4,OL2730968A,Thomas E. DeCarlo,1982.0,,"['Case studies', 'Sales management', 'Verkooporganisatie', 'Cas, Études de', 'Gestion', 'Ventes', 'Business &amp; economics', 'Management']",1
BOOK00328,Strategic Management,1,OL224314A,Charles W. L. Hill,1989.0,,"['Case studies', 'Management', 'Business planning', 'Strategic planning', 'Strategisch management', 'Management -- United States -- Case studies.', 'Strategisches Management']",2
BOOK00329,Production & inventory management,1,OL890886A,Donald W. Fogarty,1983.0,,"['collectionID:Inv', 'Inventory control', 'Production planning', 'Production', 'Fertigung', 'Management', 'Gestion des stocks', 'Planification', 'Management - General', 'Business & Economics', 'Business / Economics / Finance', 'Productiemanagement', 'Voorraadbeheer', 'Administracao Da Producao', 'Production management']",1
BOOK00329,Production & inventory management,2,OL562491A,Thomas R. Hoffmann,1983.0,,"['collectionID:Inv', 'Inventory control', 'Production planning', 'Production', 'Fertigung', 'Management', 'Gestion des stocks', 'Planification', 'Management - General', 'Business & Economics', 'Business / Economics / Finance', 'Productiemanagement', 'Voorraadbeheer', 'Administracao Da Producao', 'Production management']",1
BOOK00330,Project management,1,OL390077A,Harold Kerzner,2003.0,,"['Case studies', 'Project management', 'Gestion de projet', 'Études de cas', 'TECHNOLOGY & ENGINEERING', 'Industrial Engineering', 'BUSINESS & ECONOMICS', 'Industrial Management', 'Management', 'Management Science', 'Organizational Behavior', 'Industrial engineering', 'Trades & technology -> industrial engineering -> industrial engineering', 'Ie10', 'Ba31', 'Ee92']",3
BOOK00331,Unraveling the mystery of health,1,OL1193951A,Aaron Antonovsky,1987.0,,"['Health behavior', 'Psychology', 'Stress (Psychology)', 'Adjustment (Psychology)', 'Psychological Stress', 'Sick', 'Stress management', 'Attitude', 'Medicine and psychology']",1
BOOK00332,Mary Kay on people management,1,OL442735A,Mary Kay Ash,1984.0,,"['Cosmetics industry', 'Mary Kay Cosmetics', 'Personnel management']",1
BOOK00333,The 7 Habits of Highly Effective People,1,OL383159A,Stephen R. Covey,1989.0,,"['Success- Psychological aspects', 'Character', 'Success', 'Psychological aspects', 'Aspectos psicológicos', 'Carácter', 'Exito', 'Psychological aspects of Success', 'Self-actualization', 'Self-management', 'Éxito', 'Achievement', 'Reading Level-Grade 11', 'Reading Level-Grade 12', 'Miniature books', 'Specimens', 'Success, psychological aspects', 'Motivational', 'Cheng gong fa', 'Self-actualization (Psychology)', 'Psychologie du travail', 'Ethique', 'Déontologie professionnelle', 'Développement personnel', 'Successful people', 'Logro', 'Exito en los negocios', 'Autoadministración (Psicología)', 'Leadership', 'Personality', 'Self-evaluation', 'Efficiency', 'Comportement social', 'Aspects psychologiques', 'Compétences', 'Attitudes', 'Ontwikkelingspsychologie', 'Management', 'Leidinggeven', 'Zelfontwikkeling', 'Effectiviteit', 'Psychology', 'Erfolg', 'Führungskraft', 'Karriereplanung', 'Lebensführung', 'Ratgeber', 'Selbsterziehung', 'Caractère', 'Succès', 'Guides, manuels', 'Success--psychological aspects', 'Bf637.s8 c68 1989', 'Bf 637.s8 c873 1989', '158', 'Family', 'Child rearing', 'Conduct of life', 'Business']",2
BOOK00334,Armstrong's Handbook of Human Resource Management Practice,1,OL5686405A,Michael Armstrong,2017.0,,['Personnel management'],6
BOOK00334,Armstrong's Handbook of Human Resource Management Practice,2,OL1126608A,"Taylor, Stephen",2017.0,,['Personnel management'],2
BOOK00335,"People, Management and Organizations",1,OL2021138A,Anna Sutton,2018.0,,"['Personnel management', 'Organizational behavior']",1
BOOK00336,Human resource management at work,1,OL4727974A,Mick Marchington,2005.0,,"['Law and legislation', 'Personnel management', 'Personnel & human resources management', 'Direction', 'Droit', 'Ressources humaines', 'Personnel', 'Gestion du personnel', 'Commerce']",1
BOOK00336,Human resource management at work,2,OL786466A,Mick Marchington,2005.0,,"['Law and legislation', 'Personnel management', 'Personnel & human resources management', 'Direction', 'Droit', 'Ressources humaines', 'Personnel', 'Gestion du personnel', 'Commerce']",1
BOOK00336,Human resource management at work,3,OL2694332A,Adrian Wilkinson,2005.0,,"['Law and legislation', 'Personnel management', 'Personnel & human resources management', 'Direction', 'Droit', 'Ressources humaines', 'Personnel', 'Gestion du personnel', 'Commerce']",1
BOOK00337,Supervisory management,1,OL535417A,Donald C. Mosley,1985.0,,"['Supervision of employees', 'Personnel management', 'Management', 'Supervision', 'Business & Economics', 'Business / Economics / Finance', 'Textbooks', 'Business/Economics', 'Human Resources & Personnel Management', 'Management - General', 'Business & Economics / Human Resources & Personnel Management', 'Personnel & human resources management', 'Industrial management']",1
BOOK00337,Supervisory management,2,OL3317278A,"Jr., Donald C. Mosley",1985.0,,"['Supervision of employees', 'Personnel management', 'Management', 'Supervision', 'Business & Economics', 'Business / Economics / Finance', 'Textbooks', 'Business/Economics', 'Human Resources & Personnel Management', 'Management - General', 'Business & Economics / Human Resources & Personnel Management', 'Personnel & human resources management', 'Industrial management']",1
BOOK00337,Supervisory management,3,OL2629484A,Paul H. Pietri,1985.0,,"['Supervision of employees', 'Personnel management', 'Management', 'Supervision', 'Business & Economics', 'Business / Economics / Finance', 'Textbooks', 'Business/Economics', 'Human Resources & Personnel Management', 'Management - General', 'Business & Economics / Human Resources & Personnel Management', 'Personnel & human resources management', 'Industrial management']",1
BOOK00337,Supervisory management,4,OL770018A,Leon C. Megginson,1985.0,,"['Supervision of employees', 'Personnel management', 'Management', 'Supervision', 'Business & Economics', 'Business / Economics / Finance', 'Textbooks', 'Business/Economics', 'Human Resources & Personnel Management', 'Management - General', 'Business & Economics / Human Resources & Personnel Management', 'Personnel & human resources management', 'Industrial management']",1
BOOK00337,Supervisory management,5,OL2778389A,"Paul H., Jr. Pietri",1985.0,,"['Supervision of employees', 'Personnel management', 'Management', 'Supervision', 'Business & Economics', 'Business / Economics / Finance', 'Textbooks', 'Business/Economics', 'Human Resources & Personnel Management', 'Management - General', 'Business & Economics / Human Resources & Personnel Management', 'Personnel & human resources management', 'Industrial management']",1
BOOK00338,People Management and Performance,1,OL2847832A,John Purcell,2007.0,,"['Corporate culture', 'Social networks', 'Performance', 'Employees', 'Employee motivation', 'Personnel management', 'Organizational effectiveness', 'Arbeitsmotivation', 'Humanvermögen', 'Personalentwicklung', 'Personaladministration', 'Kompetens', 'Arbetstagare', 'Organizational performance', 'Personnel Management', 'Task Performance and Analysis', 'Organizational Culture', 'Personnel', 'Direction', 'Rendement au travail', 'Motivation', ""Culture d'entreprise"", 'BUSINESS & ECONOMICS', 'Workplace Culture', 'Human Resources & Personnel Management']",2
BOOK00339,Armstrong's Handbook of Strategic Human Resource Management,1,OL5686405A,Michael Armstrong,2015.0,,"['Personnel management', 'Commerce']",6
BOOK00340,Corporate Reputations Branding and People Management,1,OL9516683A,Susan Hetrick,2006.0,,[],1
BOOK00341,Hotel Management,1,OL8266105A,Charalampos Giousmpasoglou,2024.0,,[],1
BOOK00341,Hotel Management,2,OL8266107A,Evangelia Marinakou,2024.0,,[],1
BOOK00342,People Managing Forests,1,OL9515103A,Carol J. P. Colfer,2010.0,,['Forest policy'],1
BOOK00342,People Managing Forests,2,OL3134337A,Yvonne Byron,2010.0,,['Forest policy'],1
BOOK00343,Strategic People Management and Development,1,OL2800692A,Gary Rees,2022.0,,[],2
BOOK00343,Strategic People Management and Development,2,OL8077721A,Raymond French,2022.0,,[],1
BOOK00344,Short Guide to People Management,1,OL8150544A,Antonios Panagiotakopoulos,2016.0,,"['Personnel management', 'Communication in organizations', 'Organizational change', 'BUSINESS & ECONOMICS', 'Industrial Management', 'Management', 'Management Science', 'Organizational Behavior']",1
BOOK00345,People management,1,OL2657848A,David Rees,2003.0,,['Personnel management'],1
BOOK00345,People management,2,OL3461954A,Richard McBain,2003.0,,['Personnel management'],1
BOOK00346,People management and development,1,OL478428A,David Farnham,2003.0,,"['Examinations', 'Personnel management', 'Study guides', 'Personnel management, examinations, questions, etc.', 'Employees, training of']",1
BOOK00346,People management and development,2,OL9308896A,Paul Smith CIPD,2003.0,,"['Examinations', 'Personnel management', 'Study guides', 'Personnel management, examinations, questions, etc.', 'Employees, training of']",1
BOOK00347,VOL.2.NO.13.27th JUNE 1998,1,OL5293406A,PEOPLE MANAGEMENT.,,,[],1
BOOK00348,People Management and Performance,1,OL2847832A,John Purcell,2008.0,,"['Personnel management', 'Performance', 'Organizational effectiveness']",2
BOOK00348,People Management and Performance,2,OL9489251A,Nicholas Kinnie,2008.0,,"['Personnel management', 'Performance', 'Organizational effectiveness']",1
BOOK00348,People Management and Performance,3,OL4915492A,Juani Swart,2008.0,,"['Personnel management', 'Performance', 'Organizational effectiveness']",1
BOOK00348,People Management and Performance,4,OL9489252A,Bruce Rayton,2008.0,,"['Personnel management', 'Performance', 'Organizational effectiveness']",1
BOOK00348,People Management and Performance,5,OL1461878A,Susan Hutchinson,2008.0,,"['Personnel management', 'Performance', 'Organizational effectiveness']",2
BOOK00349,The changing face of people management in India,1,OL6994615A,Pawan S. Budhwar,2008.0,,"['Corporate culture', 'Management', 'Personnel management', 'Human capital', 'Corporations, india']",1
BOOK00350,Organizational Behavior,1,OL223415A,Ricky W. Griffin,2012.0,,"['Organizational behavior', 'Personnel management', 'Industrial management']",2
BOOK00350,Organizational Behavior,2,OL7320384A,Jean M. Phillips,2012.0,,"['Organizational behavior', 'Personnel management', 'Industrial management']",1
BOOK00350,Organizational Behavior,3,OL8049214A,Stanley M. Gully,2012.0,,"['Organizational behavior', 'Personnel management', 'Industrial management']",1
BOOK00351,The People of the Abyss,1,OL44633A,Jack London,1900.0,,"['Poor', 'history of London', 'British history', 'Pauvres', 'Poor, england, london', 'Social life and customs', 'Agriculture', 'History', 'Social conditions', 'London (england), social conditions', 'Slums', 'American fiction (fictional works by one author)']",1
BOOK00352,Olson People Management Skills Set,1,OL3422904A,OLSON *PEOPLE*,1986.0,,[],1
BOOK00353,Professional HR,1,OL6346643A,Paul Kearns,2013.0,,"['Personnel management', 'Personnel', 'Direction']",1
BOOK00354,Armstrong's Handbook of Human Resource Management Practice,1,OL5686405A,Michael Armstrong,2014.0,,[],6
BOOK00354,Armstrong's Handbook of Human Resource Management Practice,2,OL1126608A,"Taylor, Stephen",2014.0,,[],2
BOOK00355,How to Be a Super-Effective Manager,1,OL787582A,Clive T. Goodworth,1984.0,,['Management'],1
BOOK00356,Other People Manage,1,OL226543A,Ellen Hawley,2022.0,,['American literature'],1
BOOK00357,Team play,1,OL5856610A,Shirley McKinnon,1998.0,,"['Administration and management', 'Business and economics', 'Labour and industrial relations', 'Psychology', 'Teams in the workplace', 'Organizational behavior']",1
BOOK00358,People Management,1,OL7317788A,Rus Slater,2010.0,,['Personnel management'],1
BOOK00359,The people manager's pocketbook,1,OL4814507A,Ian Fleming,1993.0,,"['Personnel management', 'Gestion du personnel']",1
BOOK00360,Business Models and People Management in the Indian IT Industry,1,OL7950578A,Ashish Malik,2015.0,,"['Information technology, management', 'Project management, software', 'India, economic conditions', 'Information technology', 'Management', 'High technology industries', ""Technologie de l'information"", 'Gestion', 'Industries de pointe', 'COMPUTERS', 'Computer Literacy', 'Computer Science', 'Data Processing', 'Hardware', 'General', 'Information Technology', 'Machine Theory', 'Reference']",1
BOOK00360,Business Models and People Management in the Indian IT Industry,2,OL2698142A,Chris Rowley,2015.0,,"['Information technology, management', 'Project management, software', 'India, economic conditions', 'Information technology', 'Management', 'High technology industries', ""Technologie de l'information"", 'Gestion', 'Industries de pointe', 'COMPUTERS', 'Computer Literacy', 'Computer Science', 'Data Processing', 'Hardware', 'General', 'Information Technology', 'Machine Theory', 'Reference']",1
BOOK00361,Armstrong's Handbook of Strategic Human Resource Management,1,OL5686405A,Michael Armstrong,2011.0,,['Personnel management'],6
BOOK00362,Successful People Management,1,OL3874125A,David W. Griffiths,2017.0,,['Personnel management'],1
BOOK00362,Successful People Management,2,OL11451297A,JAMES RICHARDSON,2017.0,,['Personnel management'],1
BOOK00363,Mastering people management,1,OL274524A,"Thomas, Mark",1997.0,,"['Teams in the workplace', 'Supervision of employees', 'Leadership', 'Employee motivation', 'Employee empowerment']",1
BOOK00364,People management for small business,1,OL1459505A,William Laird Siegel,1978.0,,"['Personnel management', 'Small business', 'Small business, management']",1
BOOK00365,Perspectives in People Management,1,OL10906578A,Satish Bendigiri,2019.0,,[],1
BOOK00366,People Management (Management Papers: 4),1,OL5933475A,Great Britain. Audit Commission for Local Authorities in England and Wales.,1989.0,,[],1
BOOK00367,CMO of People,1,OL8211725A,David Creelman,2018.0,,"['Employee motivation', 'Personnel management']",1
BOOK00367,CMO of People,2,OL8271274A,Peter Navin,2018.0,,"['Employee motivation', 'Personnel management']",1
BOOK00368,Mastering People Management,1,OL3392140A,PAGE,2024.0,,[],1
BOOK00369,Successful People Management in a Week,1,OL8083257A,Norma Barry,2013.0,,['Management'],1
BOOK00370,People Manager's Tool Kit,1,OL7620390A,Karen Gately,2013.0,,"['Creative ability in business', 'Employee motivation', 'Leadership', 'Management', 'Success in business']",1
BOOK00371,International human resource management,1,OL230346A,Peter Dowling,1998.0,,"['International business enterprises', 'Personnel management', 'Internationale ondernemingen', 'Direction', 'Personeelsmanagement', 'Personnel', 'Entreprises multinationales', 'Personalpolitik', 'Multinationales Unternehmen', 'Multinationals', 'Personnel & human resources management', 'International - General', 'International Business Administration', 'Personnel And Human Resources Management', 'Business & Economics', 'Business / Economics / Finance', 'Business/Economics', 'Human Resources & Personnel Management', 'International business enterpr']",1
BOOK00371,International human resource management,2,OL3289459A,Peter J. Dowling,1998.0,,"['International business enterprises', 'Personnel management', 'Internationale ondernemingen', 'Direction', 'Personeelsmanagement', 'Personnel', 'Entreprises multinationales', 'Personalpolitik', 'Multinationales Unternehmen', 'Multinationals', 'Personnel & human resources management', 'International - General', 'International Business Administration', 'Personnel And Human Resources Management', 'Business & Economics', 'Business / Economics / Finance', 'Business/Economics', 'Human Resources & Personnel Management', 'International business enterpr']",1
BOOK00371,International human resource management,3,OL2778426A,Denice E. Welch,1998.0,,"['International business enterprises', 'Personnel management', 'Internationale ondernemingen', 'Direction', 'Personeelsmanagement', 'Personnel', 'Entreprises multinationales', 'Personalpolitik', 'Multinationales Unternehmen', 'Multinationals', 'Personnel & human resources management', 'International - General', 'International Business Administration', 'Personnel And Human Resources Management', 'Business & Economics', 'Business / Economics / Finance', 'Business/Economics', 'Human Resources & Personnel Management', 'International business enterpr']",1
BOOK00371,International human resource management,4,OL393423A,Randall S. Schuler,1998.0,,"['International business enterprises', 'Personnel management', 'Internationale ondernemingen', 'Direction', 'Personeelsmanagement', 'Personnel', 'Entreprises multinationales', 'Personalpolitik', 'Multinationales Unternehmen', 'Multinationals', 'Personnel & human resources management', 'International - General', 'International Business Administration', 'Personnel And Human Resources Management', 'Business & Economics', 'Business / Economics / Finance', 'Business/Economics', 'Human Resources & Personnel Management', 'International business enterpr']",1
BOOK00372,Sustainable People Management,1,OL13217995A,Morgan Orioha,2021.0,,[],1
BOOK00373,Effective People Management,1,OL8075384A,Richard Blackmon,2013.0,,[],1
BOOK00374,Management,1,OL4345625A,Peter F. Drucker,1973.0,,"['Business', 'Nonfiction', 'Management', 'Gestion', 'Hd31 .d773 2008', '658']",4
BOOK00375,People Management,1,OL12915435A,Diana Dias,2023.0,,['Commerce'],1
BOOK00375,People Management,2,OL12915436A,Carla Magalhães,2023.0,,['Commerce'],1
BOOK00376,Effective people management,1,OL333708A,Patricia Wellington,2011.0,,['Personnel management'],1
BOOK00377,People Management,1,OL7546458A,Gerardus Blokdyk,2018.0,,[],1
BOOK00378,Developing Excellent People Managers,1,OL3675364A,"Gerrit, Ph.D. Knodt",2003.0,,[],1
BOOK00379,Benchmarking for People Managers,1,OL1715750A,John Bramham,2000.0,,[],1
BOOK00380,People managing forests,1,OL389341A,Carol J. Pierce Colfer,2001.0,,"['Forest management', 'Forestry and community', 'Sustainable forestry', 'Forest policy', 'Forêts', 'Gestion', 'Aspect social', 'Villes forestières', 'Foresterie durable', 'NATURE', 'Natural Resources', 'BUSINESS & ECONOMICS', 'Environmental Economics', 'Green Business', 'Social aspects', 'Forstwirtschaft', 'Administração florestal', 'Administração florestal (aspectos sociais)', 'Áreas de conservação', 'Silvicultura sustentável']",1
BOOK00381,Strategic management,1,OL225835A,Michael A. Hitt,1995.0,,"['Case studies', 'Industrial management', 'Strategic planning', 'Administración industrial', 'Strategisch management', 'Planificación estratégica', 'Business strategy', 'Management decision making', 'Corporate Planning', 'Business & Economics', 'Business / Economics / Finance', 'Business/Economics', 'Forecasting', 'Industrial management, case studies']",1
BOOK00381,Strategic management,2,OL715487A,Robert E. Hoskisson,1995.0,,"['Case studies', 'Industrial management', 'Strategic planning', 'Administración industrial', 'Strategisch management', 'Planificación estratégica', 'Business strategy', 'Management decision making', 'Corporate Planning', 'Business & Economics', 'Business / Economics / Finance', 'Business/Economics', 'Forecasting', 'Industrial management, case studies']",1
BOOK00381,Strategic management,3,OL3446960A,"R. Duane Ireland, Robert E. Hoskisson Michael A.  Hitt",1995.0,,"['Case studies', 'Industrial management', 'Strategic planning', 'Administración industrial', 'Strategisch management', 'Planificación estratégica', 'Business strategy', 'Management decision making', 'Corporate Planning', 'Business & Economics', 'Business / Economics / Finance', 'Business/Economics', 'Forecasting', 'Industrial management, case studies']",1
BOOK00381,Strategic management,4,OL2654206A,Duane Ireland,1995.0,,"['Case studies', 'Industrial management', 'Strategic planning', 'Administración industrial', 'Strategisch management', 'Planificación estratégica', 'Business strategy', 'Management decision making', 'Corporate Planning', 'Business & Economics', 'Business / Economics / Finance', 'Business/Economics', 'Forecasting', 'Industrial management, case studies']",1
BOOK00381,Strategic management,5,OL2650732A,R. Duane Ireland,1995.0,,"['Case studies', 'Industrial management', 'Strategic planning', 'Administración industrial', 'Strategisch management', 'Planificación estratégica', 'Business strategy', 'Management decision making', 'Corporate Planning', 'Business & Economics', 'Business / Economics / Finance', 'Business/Economics', 'Forecasting', 'Industrial management, case studies']",2
BOOK00382,Strategic management,1,OL7000742A,Frank T. Rothaermel,2012.0,,"['Management', 'Strategic planning', 'Strategic Planning']",1
BOOK00383,Strategic management,1,OL1076211A,R. Edward Freeman,1984.0,,"['Business planning', 'Unternehmensplanung', 'Management', 'Entreprises', 'Strategische Planung', 'Planification', 'Planification stratégique', 'Strategisches Management', 'Hd30.28 .f73 1984']",1
BOOK00384,Strategic management,1,OL239218A,Fred R. David,1994.0,,"['Strategic planning', 'Case studies', 'Business planning', 'Industrial management']",5
BOOK00385,Strategic Management,1,OL2653134A,Fred David,2001.0,,"['Strategic planning', 'Case studies', 'Industrial management', 'Business planning']",1
BOOK00386,Implanting strategic management,1,OL1010168A,H. Igor Ansoff,1984.0,,"['Management', 'Strategic planning', 'Unternehmensplanung', 'Strategische Planung', 'Strategisch management', 'Business planning', 'Hd30.28 .a534 1990', '658.4/012']",2
BOOK00386,Implanting strategic management,2,OL12578562A,Edward McDonnell,1984.0,,"['Management', 'Strategic planning', 'Unternehmensplanung', 'Strategische Planung', 'Strategisch management', 'Business planning', 'Hd30.28 .a534 1990', '658.4/012']",1
BOOK00387,Strategic management and competitive advantage,1,OL528859A,Jay B. Barney,2007.0,,"['Case studies', 'Industrial management', 'Business planning', 'Strategic planning', 'Competition', 'Wettbewerbsvorteil', 'Strategisk planering', 'Strategisches Management', 'Business strategy', 'Corporate Planning', 'Industrial Economics (General)', 'Business & Economics', 'Business / Economics / Finance', 'Business/Economics', 'Business & Economics / Systems & Planning', 'Industries - General', 'Strategisch management']",1
BOOK00387,Strategic management and competitive advantage,2,OL2652981A,Jay Barney,2007.0,,"['Case studies', 'Industrial management', 'Business planning', 'Strategic planning', 'Competition', 'Wettbewerbsvorteil', 'Strategisk planering', 'Strategisches Management', 'Business strategy', 'Corporate Planning', 'Industrial Economics (General)', 'Business & Economics', 'Business / Economics / Finance', 'Business/Economics', 'Business & Economics / Systems & Planning', 'Industries - General', 'Strategisch management']",1
BOOK00387,Strategic management and competitive advantage,3,OL3246876A,William S Hesterly,2007.0,,"['Case studies', 'Industrial management', 'Business planning', 'Strategic planning', 'Competition', 'Wettbewerbsvorteil', 'Strategisk planering', 'Strategisches Management', 'Business strategy', 'Corporate Planning', 'Industrial Economics (General)', 'Business & Economics', 'Business / Economics / Finance', 'Business/Economics', 'Business & Economics / Systems & Planning', 'Industries - General', 'Strategisch management']",1
BOOK00388,Strategic Management,1,OL2663874A,Jeffrey H. Dyer,2013.0,,"['Strategic planning', 'Economics']",1
BOOK00388,Strategic Management,2,OL509421A,Paul Godfrey,2013.0,,"['Strategic planning', 'Economics']",1
BOOK00388,Strategic Management,3,OL2699582A,Robert Jensen,2013.0,,"['Strategic planning', 'Economics']",1
BOOK00388,Strategic Management,4,OL3136624A,David Bryce,2013.0,,"['Strategic planning', 'Economics']",1
BOOK00389,Strategic management,1,OL19769A,Samuel C. Certo,1988.0,,"['Business planning', 'Case studies', 'Strategic planning', 'Business strategy', 'Business & Management']",1
BOOK00389,Strategic management,2,OL3355954A,J.Paul Peter,1988.0,,"['Business planning', 'Case studies', 'Strategic planning', 'Business strategy', 'Business & Management']",1
BOOK00390,Strategic Management Theory,1,OL389425A,Gareth R. Jones,1992.0,,"['Case studies', 'Management', 'Corporate planning', 'Strategic planning']",4
BOOK00391,Concepts of strategic management,1,OL239218A,Fred R. David,1987.0,,"['Entreprises', 'Strategic planning', 'Planification', 'Case studies', 'Planification stratégique', 'Gestion', 'Strategisches Management', 'Strategisch management', 'Management', ""Gestion d'entreprise""]",5
BOOK00392,Strategic management of technological innovation,1,OL5649743A,Melissa A. Schilling,2007.0,,"['Technological innovations', 'Management', 'New products', 'Strategic planning']",2
BOOK00393,Strategic management,1,OL21141A,"Pearce, John A.",2005.0,,"['Planificación estratégica', 'Administração estratégica (gerenciamento)', 'Strategic planning', 'Management - General', 'Business & Economics', 'Business / Economics / Finance', 'Strategic Planning', 'Business/Economics', 'Strategisches Management']",2
BOOK00393,Strategic management,2,OL2634617A,John A. Pearce,2005.0,,"['Planificación estratégica', 'Administração estratégica (gerenciamento)', 'Strategic planning', 'Management - General', 'Business & Economics', 'Business / Economics / Finance', 'Strategic Planning', 'Business/Economics', 'Strategisches Management']",2
BOOK00393,Strategic management,3,OL2634618A,Richard B. Robinson,2005.0,,"['Planificación estratégica', 'Administração estratégica (gerenciamento)', 'Strategic planning', 'Management - General', 'Business & Economics', 'Business / Economics / Finance', 'Strategic Planning', 'Business/Economics', 'Strategisches Management']",2
BOOK00394,Strategic Management,1,OL2738537A,Garth Saloner,2000.0,,"['Strategic planning', 'Management science']",2
BOOK00394,Strategic Management,2,OL2738538A,Andrea Shepard,2000.0,,"['Strategic planning', 'Management science']",1
BOOK00394,Strategic Management,3,OL2738539A,Joel Podolny,2000.0,,"['Strategic planning', 'Management science']",1
BOOK00395,Strategic management,1,OL2738537A,Garth Saloner,2001.0,,"['Strategic planning', 'Administração estratégica', 'Planejamento estratégico', 'STRATEGY', 'MANAGEMENT PLANNING', 'MANAGEMENT METHODS']",2
BOOK00396,International business,1,OL24085A,Alan M. Rugman,1985.0,,"['International business enterprises', 'Management', 'Strategic planning', 'Internationale ondernemingen', 'Strategisch management', 'Economics']",1
BOOK00396,International business,2,OL4380294A,Richard M. Hodgetts,1985.0,,"['International business enterprises', 'Management', 'Strategic planning', 'Internationale ondernemingen', 'Strategisch management', 'Economics']",1
BOOK00397,Creating public value,1,OL401884A,Mark Harrison Moore,1995.0,,"['Civil service ethics', 'Public administration', 'Government executives', 'Strategic planning', 'Civil service', 'Ethics', 'MORAL ASPECTS', 'Ejecutivos del estado', 'Overheidsmanagement', 'Ambtenaren', 'Strategisch management', 'Öffentliches unternehmen', 'Management', 'Governmentfinance', 'United states', 'Jf1525.e8 m66 1995', '353.007/2', '352.34', '88.20', '85.10', 'Unog 350 m823']",1
BOOK00398,Strategic Management,1,OL2734901A,Tienie Ehlers,2004.0,,"['Strategic', 'environmental management', 'Threats']",1
BOOK00399,Global Strategic Management,1,OL449222A,Philippe Lasserre,2002.0,,"['Economic aspects', 'Economic aspects of Globalization', 'Globalization', 'International business enterprises', 'Management', 'Strategic planning', 'Entreprises multinationales', 'Gestion', 'Planification stratégique', 'Mondialisation', 'Globalisierung', 'Internationales Management', 'Multinationales Unternehmen', 'Strategisches Management']",1
BOOK00400,Strategic Management : Theory & Cases,1,OL224314A,Charles W. L. Hill,2013.0,,"['Strategic planning', 'Management', 'Case studies', 'Business planning']",2
BOOK00400,Strategic Management : Theory & Cases,2,OL389425A,Gareth R. Jones,2013.0,,"['Strategic planning', 'Management', 'Case studies', 'Business planning']",4
BOOK00400,Strategic Management : Theory & Cases,3,OL5649743A,Melissa A. Schilling,2013.0,,"['Strategic planning', 'Management', 'Case studies', 'Business planning']",2
BOOK00401,Strategic Management,1,OL2735682A,John Parnell,2020.0,,['Business'],1
BOOK00402,Strategic management of health care organizations,1,OL386819A,Peter M. Ginter,2002.0,,"['Health facilities', 'Administration', 'Strategic planning', 'Health services administration', 'Health Planning', 'Organization & administration', 'Organizational Innovation', 'Mission statements', 'Health facilities--administration', 'Health planning--organization & administration', 'Ra971 .d78 2013', '2013 d-645', 'W 84.1', '362.1068', 'Family & general practice', 'Internal medicine', 'Urology', 'Med029000', 'Cs.hlth.genrl_hlth', 'Cs.med.genmed', 'Allied health & medical -> medical -> urology']",1
BOOK00402,Strategic management of health care organizations,2,OL531979A,Linda E. Swayne,2002.0,,"['Health facilities', 'Administration', 'Strategic planning', 'Health services administration', 'Health Planning', 'Organization & administration', 'Organizational Innovation', 'Mission statements', 'Health facilities--administration', 'Health planning--organization & administration', 'Ra971 .d78 2013', '2013 d-645', 'W 84.1', '362.1068', 'Family & general practice', 'Internal medicine', 'Urology', 'Med029000', 'Cs.hlth.genrl_hlth', 'Cs.med.genmed', 'Allied health & medical -> medical -> urology']",1
BOOK00402,Strategic management of health care organizations,3,OL223179A,W. Jack Duncan,2002.0,,"['Health facilities', 'Administration', 'Strategic planning', 'Health services administration', 'Health Planning', 'Organization & administration', 'Organizational Innovation', 'Mission statements', 'Health facilities--administration', 'Health planning--organization & administration', 'Ra971 .d78 2013', '2013 d-645', 'W 84.1', '362.1068', 'Family & general practice', 'Internal medicine', 'Urology', 'Med029000', 'Cs.hlth.genrl_hlth', 'Cs.med.genmed', 'Allied health & medical -> medical -> urology']",1
BOOK00403,Strategic management and business analysis,1,OL43312A,"Cooke, Peter",2003.0,,"['Business planning', 'Business enterprises', 'Case studies', 'Evaluation', 'Strategic planning', 'Management']",1
BOOK00403,Strategic management and business analysis,2,OL2837853A,David Williamson,2003.0,,"['Business planning', 'Business enterprises', 'Case studies', 'Evaluation', 'Strategic planning', 'Management']",1
BOOK00403,Strategic management and business analysis,3,OL7607720A,Wyn Jenkins,2003.0,,"['Business planning', 'Business enterprises', 'Case studies', 'Evaluation', 'Strategic planning', 'Management']",1
BOOK00403,Strategic management and business analysis,4,OL4390269A,Keith Michael Moreton,2003.0,,"['Business planning', 'Business enterprises', 'Case studies', 'Evaluation', 'Strategic planning', 'Management']",1
BOOK00404,Strategic management,1,OL391735A,"Miller, Alex",1996.0,,"['Case studies', 'Strategic planning']",1
BOOK00405,Strategic management,1,OL6843931A,Allen C. Amason,2011.0,,"['Management', 'Strategic planning', 'Management science', 'BUSINESS & ECONOMICS', 'Strategic Planning']",1
BOOK00406,Strategic management,1,OL4357246A,John L. Thompson,2005.0,,"['Företagsledning', 'Industrial management', 'Strategisk planering', 'Strategisches Management', 'Strategisch management', 'Strategic planning']",1
BOOK00406,Strategic management,2,OL283267A,Frank Martin,2005.0,,"['Företagsledning', 'Industrial management', 'Strategisk planering', 'Strategisches Management', 'Strategisch management', 'Strategic planning']",1
BOOK00407,Sustainable strategic management,1,OL456615A,W. Edward Stead,2003.0,,"['Management', 'Strategic planning', 'Sustainable development', 'Business strategy', 'Management & management techniques', 'Sustainability', 'Management - General', 'Business / Economics / Finance', 'Business & Economics', 'Business/Economics', 'Nachhaltigkeit', 'Umweltbezogenes Management', 'Bedrijfsinterne milieuzorg', 'Strategische planning', 'Social responsibility of business']",2
BOOK00407,Sustainable strategic management,2,OL2850421A,Jean Garner Stead,2003.0,,"['Management', 'Strategic planning', 'Sustainable development', 'Business strategy', 'Management & management techniques', 'Sustainability', 'Management - General', 'Business / Economics / Finance', 'Business & Economics', 'Business/Economics', 'Nachhaltigkeit', 'Umweltbezogenes Management', 'Bedrijfsinterne milieuzorg', 'Strategische planning', 'Social responsibility of business']",2
BOOK00407,Sustainable strategic management,3,OL2850422A,Mark Starik,2003.0,,"['Management', 'Strategic planning', 'Sustainable development', 'Business strategy', 'Management & management techniques', 'Sustainability', 'Management - General', 'Business / Economics / Finance', 'Business & Economics', 'Business/Economics', 'Nachhaltigkeit', 'Umweltbezogenes Management', 'Bedrijfsinterne milieuzorg', 'Strategische planning', 'Social responsibility of business']",2
BOOK00408,Strategic management in action,1,OL397965A,Mary K. Coulter,1998.0,,"['Strategic planning', 'Management']",1
BOOK00409,Strategize!,1,OL1519065A,C. Gopinath,2004.0,,"['Problems, exercises', 'Strategic planning', 'Business strategy', 'Business & Economics', 'Business / Economics / Finance', 'Textbooks', 'Business/Economics', 'Management - General', 'Business & Economics / Management', 'Problems, exercises, etc', 'Business planning']",1
BOOK00409,Strategize!,2,OL3293873A,Julie I. Siciliano,2004.0,,"['Problems, exercises', 'Strategic planning', 'Business strategy', 'Business & Economics', 'Business / Economics / Finance', 'Textbooks', 'Business/Economics', 'Management - General', 'Business & Economics / Management', 'Problems, exercises, etc', 'Business planning']",1
BOOK00410,Strategy safari,1,OL220074A,Henry Mintzberg,1998.0,,"['Strategic planning', 'Business planning', 'Management', 'Strategisches Management', 'Strategisch management']",1
BOOK00411,Strategic management,1,OL1433414A,Mason Andrew Carpenter,2006.0,,"['Industrial management', 'Strategic planning']",1
BOOK00411,Strategic management,2,OL2652884A,Mason A. Carpenter,2006.0,,"['Industrial management', 'Strategic planning']",1
BOOK00411,Strategic management,3,OL2652885A,William Gerard Sanders,2006.0,,"['Industrial management', 'Strategic planning']",1
BOOK00412,Strategic Management,1,OL7807072A,Frank Rothaermel,2012.0,,"['Strategic planning', 'Management']",1
BOOK00413,Understanding Strategic Management,1,OL3378334A,Anthony Henry,2008.0,,"['Strategic planning', 'Management']",1
BOOK00414,Sustainable Strategic Management,1,OL456615A,W. Edward Stead,2003.0,,['Management'],2
BOOK00414,Sustainable Strategic Management,2,OL2850421A,Jean Garner Stead,2003.0,,['Management'],2
BOOK00414,Sustainable Strategic Management,3,OL2850422A,Mark Starik,2003.0,,['Management'],2
BOOK00415,Strategic management,1,OL239218A,Fred R. David,2011.0,,"['Case studies', 'Strategic planning']",5
BOOK00416,The Strategic Manager,1,OL7664098A,Harry Sminia,2014.0,,"['Strategic planning', 'BUSINESS & ECONOMICS / General', 'BUSINESS & ECONOMICS / Strategic Planning', 'Planification stratégique', 'BUSINESS & ECONOMICS', 'General', 'Strategic Planning']",1
BOOK00417,Strategic management,1,OL239218A,Fred R. David,2001.0,,"['Case studies', 'Strategisches Management', 'Strategisch management', 'Strategic planning']",5
BOOK00418,Strategic Management,1,OL1010034A,Lester A. Digman,1986.0,,"['Case studies', 'Strategic planning', 'Management']",1
BOOK00419,Strategic Management,1,OL7929313A,R. Edward Freeman,2010.0,,['Business planning'],1
BOOK00420,Strategic Management Accounting,1,OL3091571A,Zahirul Hoque,2003.0,,[],2
BOOK00421,Essentials of strategic management,1,OL4598461A,J. David Hunger,2003.0,,"['CASE method', 'Strategic planning', 'Case method', 'Strategische Unternehmensführung']",1
BOOK00421,Essentials of strategic management,2,OL27304A,Thomas L. Wheelen,2003.0,,"['CASE method', 'Strategic planning', 'Case method', 'Strategische Unternehmensführung']",2
BOOK00422,Global strategic management,1,OL1479479A,Kamel Mellahi,2005.0,,"['International business enterprises', 'Management', 'International economic relations', 'Case studies', 'Strategic planning']",1
BOOK00422,Global strategic management,2,OL2669063A,Jedrzej George Frynas,2005.0,,"['International business enterprises', 'Management', 'International economic relations', 'Case studies', 'Strategic planning']",1
BOOK00422,Global strategic management,3,OL2669064A,Paul Finlay,2005.0,,"['International business enterprises', 'Management', 'International economic relations', 'Case studies', 'Strategic planning']",1
BOOK00423,Strategic management,1,OL609848A,Richard L. Lynch,2008.0,,"['Business planning', 'Strategic planning']",1
BOOK00424,Change management,1,OL3101058A,Jeffrey M. Hiatt,2003.0,,"['Organizational change', 'Management']",1
BOOK00424,Change management,2,OL3101059A,Timothy J. Creasey,2003.0,,"['Organizational change', 'Management']",1
BOOK00425,Managing Change/Changing Managers,1,OL7544304A,Julian Randall,2004.0,,"['Industrial management', 'Organizational change']",1
BOOK00426,Change management,1,OL2657294A,Robert Sullivan,2000.0,,"['Organizational change', 'Case studies', 'Veranderingsprocessen', 'Organisatieverandering', 'Strategische planning', 'Bedrijfsprocessen', 'Sellotape Company', 'Sellotape Industrial']",1
BOOK00426,Change management,2,OL3154863A,Stephen Lytton,2000.0,,"['Organizational change', 'Case studies', 'Veranderingsprocessen', 'Organisatieverandering', 'Strategische planning', 'Bedrijfsprocessen', 'Sellotape Company', 'Sellotape Industrial']",1
BOOK00427,Change Management,1,OL447504A,Thomas Lauer,2010.0,,"['Change Management', 'Erfolgsfaktor']",1
BOOK00428,"Managing change, changing managers",1,OL1515780A,Julian Randall,2004.0,,"['Business', 'Industrial management', 'Management', 'Nonfiction', 'Organizational change', 'Changement organisationnel', ""Gestion d'entreprise"", 'BUSINESS & ECONOMICS', 'Structural Adjustment']",1
BOOK00429,Change management in information services,1,OL1603319A,Lyndon Pugh,2000.0,,"['Administration', 'Information services', 'Libraries', 'Management', 'Organizational change', 'Technological innovations', 'Library administration', 'Information resources management', 'Bibliothèques', 'Changement organisationnel', ""Services d'information"", 'Innovations', 'Gestion', 'LANGUAGE ARTS & DISCIPLINES', 'Library & Information Science', 'General', 'Information services management', 'Information services management (Title)', 'Library science']",1
BOOK00430,Making sense of change management,1,OL1427230A,Esther Cameron,2004.0,,"['Teams in the workplace', 'Management', 'Organizational change', 'Reengineering (Management)', 'Information technology', 'Information technology, management', 'Business and Management']",3
BOOK00430,Making sense of change management,2,OL2824520A,Mike Green,2004.0,,"['Teams in the workplace', 'Management', 'Organizational change', 'Reengineering (Management)', 'Information technology', 'Information technology, management', 'Business and Management']",2
BOOK00431,Changing Change Management,1,OL3278672A,Darren McCabe,2020.0,,"['Economics', 'Organizational change', 'Public administration, case studies', 'Business enterprises, great britain', 'Organizational behavior', 'Personnel management', 'Management', 'Public administration', 'Case studies', 'Changement organisationnel', 'Administration publique (Science)', 'Études de cas', 'BUSINESS & ECONOMICS', 'Leadership', 'Organizational Behavior']",1
BOOK00432,Change Management,1,OL3182743A,Klaus Doppler,2014.0,,[],1
BOOK00432,Change Management,2,OL7953007A,Christoph Lauterburg,2014.0,,[],1
BOOK00433,Making sense of change management,1,OL1427230A,Esther Cameron,2008.0,,"['Management', 'Nonfiction', 'Teams in the workplace', 'Organizational change', 'Reengineering (Management)', 'Information technology', 'Reengineering (management)', 'Information technology, management']",3
BOOK00434,The Theory and Practice of Change Management,1,OL530471A,John Hayes,2014.0,,"['Organizational change', 'Organizational effectiveness']",1
BOOK00435,Effective Change Manager,1,OL10444445A,The Change Management Institute,2014.0,,[],1
BOOK00436,Making sense of change management,1,OL1427230A,Esther Cameron,2015.0,,"['Teams in the workplace', 'Management', 'Organizational change', 'Reengineering (Management)', 'Information technology', 'BUSINESS & ECONOMICS / Management', 'BUSINESS & ECONOMICS / Human Resources & Personnel Management', 'BUSINESS & ECONOMICS / Organizational Behavior', 'BUSINESS & ECONOMICS / Leadership', 'PSYCHOLOGY / Industrial & Organizational Psychology']",3
BOOK00437,Managing change,1,OL834372A,Todd Jick,1993.0,,"['Case studies', 'Organizational change', 'Casestudies', 'Organisatieverandering', 'Leiderschap', 'Business & Management', 'Business & Economics', 'Business / Economics / Finance', 'Textbooks', 'Business/Economics', 'Human Resources & Personnel Management', 'Leadership', 'Organizational Behavior', 'Business & Economics / Organizational Behavior', 'Development - Business Development', 'Management - General']",1
BOOK00437,Managing change,2,OL1236949A,Maury Peiperl,1993.0,,"['Case studies', 'Organizational change', 'Casestudies', 'Organisatieverandering', 'Leiderschap', 'Business & Management', 'Business & Economics', 'Business / Economics / Finance', 'Textbooks', 'Business/Economics', 'Human Resources & Personnel Management', 'Leadership', 'Organizational Behavior', 'Business & Economics / Organizational Behavior', 'Development - Business Development', 'Management - General']",1
BOOK00437,Managing change,3,OL3258342A,Todd D. Jick,1993.0,,"['Case studies', 'Organizational change', 'Casestudies', 'Organisatieverandering', 'Leiderschap', 'Business & Management', 'Business & Economics', 'Business / Economics / Finance', 'Textbooks', 'Business/Economics', 'Human Resources & Personnel Management', 'Leadership', 'Organizational Behavior', 'Business & Economics / Organizational Behavior', 'Development - Business Development', 'Management - General']",1
BOOK00438,Change Management,1,OL3243172A,Jeff Hiatt,2003.0,,[],1
BOOK00439,Lean Change Management,1,OL7275566A,Jason Little,2014.0,,[],1
BOOK00440,Change Management,1,OL686666A,James McCalman,1992.0,,"['Organizational change', 'Management', 'Organizational Innovation', 'Changement organisationnel', 'Organisatieverandering', 'Organisatieontwikkeling', 'Organisationsentwicklung', 'Organisationswandel', 'Einführung']",1
BOOK00441,Strategic Change Management Strategic Change Management,1,OL6603031A,Djamel Eddine Laouisset,2008.0,,[],1
BOOK00442,Organizational Behaviour and Change Management,1,OL10378844A,Cornell Vernooij,2022.0,,"['Organizational behavior', 'Change (Psychology)', 'Social psychology', 'BUSINESS & ECONOMICS / Management', 'PSYCHOLOGY / Industrial & Organizational Psychology']",1
BOOK00442,Organizational Behaviour and Change Management,2,OL10378845A,Judith Stuijt,2022.0,,"['Organizational behavior', 'Change (Psychology)', 'Social psychology', 'BUSINESS & ECONOMICS / Management', 'PSYCHOLOGY / Industrial & Organizational Psychology']",1
BOOK00442,Organizational Behaviour and Change Management,3,OL8765041A,Maarten Hendriks,2022.0,,"['Organizational behavior', 'Change (Psychology)', 'Social psychology', 'BUSINESS & ECONOMICS / Management', 'PSYCHOLOGY / Industrial & Organizational Psychology']",1
BOOK00442,Organizational Behaviour and Change Management,4,OL7699674A,Wouter ten Have,2022.0,,"['Organizational behavior', 'Change (Psychology)', 'Social psychology', 'BUSINESS & ECONOMICS / Management', 'PSYCHOLOGY / Industrial & Organizational Psychology']",1
BOOK00442,Organizational Behaviour and Change Management,5,OL7699673A,Steven ten Have,2022.0,,"['Organizational behavior', 'Change (Psychology)', 'Social psychology', 'BUSINESS & ECONOMICS / Management', 'PSYCHOLOGY / Industrial & Organizational Psychology']",2
BOOK00443,The Manager's Path,1,OL7564045A,Camille Fournier,2017.0,,"['Management', 'Business', 'Software Development', 'Professional employees', 'Personnel management', 'Handbooks, manuals', 'Leadership', 'Industrial management', 'Management -- Handbooks, manuals, etc', 'Wirtschaftsingenieur', 'BUSINESS & ECONOMICS / Leadership', 'COMPUTERS / Software Development & Engineering / General', 'TECHNOLOGY & ENGINEERING / Project Management']",1
BOOK00444,Agile Change Management,1,OL8056985A,Melanie Franklin,2014.0,,"['Organizational change', 'Management', 'BUSINESS & ECONOMICS / Organizational Development', 'BUSINESS & ECONOMICS / Management', 'BUSINESS & ECONOMICS / Leadership', 'BUSINESS & ECONOMICS / Human Resources & Personnel Management', 'BUSINESS & ECONOMICS / Project Management']",1
BOOK00445,The Effective Change Manager's Handbook,1,OL7708458A,APMG,2014.0,,"['Organizational change', 'Management', 'BUSINESS & ECONOMICS / Management', 'BUSINESS & ECONOMICS / Organizational Development', 'REFERENCE / Handbooks & Manuals', 'Economics']",1
BOOK00446,Breakthrough IT Change Management,1,OL3329002A,Bennet Lientz,2004.0,,"['Organizational change', 'Information technology, management']",1
BOOK00446,Breakthrough IT Change Management,2,OL3329003A,Kathryn Rea,2004.0,,"['Organizational change', 'Information technology, management']",1
BOOK00447,Beyond change management,1,OL5450805A,Dean Anderson,2001.0,,"['Leadership', 'Organizational change', 'Changement organisationnel', 'Management', 'Structural Adjustment', 'BUSINESS & ECONOMICS', 'Organizational Innovation']",1
BOOK00448,Managing Change,1,OL1003227A,Bernard Burnes,1992.0,,"['Organizational change', 'Management', 'Strategic planning', 'Organisatieverandering', 'Strategisch management', 'Organization', 'Changement organisationnel', 'Organisationsentwicklung', 'Organisationswandel', 'Unternehmen', 'Unternehmensentwicklung', 'Management and Business Administration']",1
BOOK00449,Business process change management,1,OL218130A,August-Wilhelm Scheer,2003.0,,"['Organizational change', 'Management', 'Data processing', 'Business', 'ARIS (Computer file)', 'Reengineering (Management)', 'Information technology', 'Computer files', 'Business, data processing', 'Information technology, management']",1
BOOK00450,Change Management,1,OL7900742A,Frank Voehl,2017.0,,"['Organizational change', 'Strategic planning', 'Management', 'Organizational Innovation', 'Changement organisationnel', 'Planification stratégique']",2
BOOK00450,Change Management,2,OL2633920A,H. James Harrington,2017.0,,"['Organizational change', 'Strategic planning', 'Management', 'Organizational Innovation', 'Changement organisationnel', 'Planification stratégique']",2
BOOK00451,Change Management Für Dummies,1,OL295325A,Alexandra Schichtel,2010.0,,[],1
BOOK00452,Reconsidering Change Management,1,OL7699673A,Steven ten Have,2016.0,,"['Organizational change', 'Management', 'Changement organisationnel', 'Gestion', 'BUSINESS & ECONOMICS', 'Industrial Management', 'Management Science', 'Organizational Behavior', 'Organisatieontwikkeling', 'Organisatieverandering', 'Veranderingsprocessen']",2
BOOK00452,Reconsidering Change Management,2,OL8150541A,ten Have Wouter,2016.0,,"['Organizational change', 'Management', 'Changement organisationnel', 'Gestion', 'BUSINESS & ECONOMICS', 'Industrial Management', 'Management Science', 'Organizational Behavior', 'Organisatieontwikkeling', 'Organisatieverandering', 'Veranderingsprocessen']",1
BOOK00452,Reconsidering Change Management,3,OL8150542A,Anne-Bregj Huijsmans,2016.0,,"['Organizational change', 'Management', 'Changement organisationnel', 'Gestion', 'BUSINESS & ECONOMICS', 'Industrial Management', 'Management Science', 'Organizational Behavior', 'Organisatieontwikkeling', 'Organisatieverandering', 'Veranderingsprocessen']",1
BOOK00453,Correctional administration and change management,1,OL6785342A,Martha Henderson Hurley,2010.0,,"['Correctional institutions', 'Management', 'Administration', 'Établissements de correction', 'Gestion', 'SOCIAL SCIENCE', 'Penology']",1
BOOK00454,Change management,1,OL218618A,Marcus Gonçalves,2007.0,,"['Management', 'Knowledge management', 'Organizational change', 'Information technology']",1
BOOK00455,The Theory and Practice of Change Management,1,OL6789733A,John Hayes,2010.0,,"['Organizational change', 'Organizational effectiveness']",1
BOOK00456,Appreciative inquiry for change management,1,OL6933050A,Sarah Lewis,2011.0,,"['Management', 'Organizational change', 'Organizational effectiveness', 'Employee participation', 'Appreciative inquiry', 'Management, employee participation']",1
BOOK00457,Leadership and change management,1,OL64477A,Annabel C. Beerel,2009.0,,"['Leadership', 'Management', 'Case studies', 'Organizational change']",1
BOOK00458,Changing managers and managing change,1,OL1101366A,Mahmoud Ezzamel,1995.0,,"['Organizational change', 'Management', 'Managerial accounting', 'Changement organisationnel', 'Comptabilité de gestion']",1
BOOK00458,Changing managers and managing change,2,OL1398747A,Simon Lilley,1995.0,,"['Organizational change', 'Management', 'Managerial accounting', 'Changement organisationnel', 'Comptabilité de gestion']",1
BOOK00458,Changing managers and managing change,3,OL3818706A,Hugh Wilmott,1995.0,,"['Organizational change', 'Management', 'Managerial accounting', 'Changement organisationnel', 'Comptabilité de gestion']",1
BOOK00458,Changing managers and managing change,4,OL409080A,Chris Green,1995.0,,"['Organizational change', 'Management', 'Managerial accounting', 'Changement organisationnel', 'Comptabilité de gestion']",1
BOOK00459,Managing innovation,1,OL381405A,Joseph Tidd,1997.0,,"['Industrial management', 'Technological innovations', 'Organizational change', 'Management', 'Changement organisationnel', ""Gestion d'entreprises"", 'Organisatieverandering', 'Innovations technologiques', 'Innovations', 'Technische vernieuwing', ""Gestion d'entreprise"", 'Technische Innovation', 'Organisationswandel', 'Innovationsmanagement', 'Markt', 'Success in business', 'Organizational Innovation', 'TECHNOLOGIES', 'TECHNOLOGY ASSESSMENT', 'ORGANIZATIONS', 'TOTAL QUALITY MANAGEMENT', 'Economics', 'Commerce', 'Business &amp; economics', 'General', 'Business & economics -> business -> business studies']",1
BOOK00459,Managing innovation,2,OL2729737A,Joe Tidd,1997.0,,"['Industrial management', 'Technological innovations', 'Organizational change', 'Management', 'Changement organisationnel', ""Gestion d'entreprises"", 'Organisatieverandering', 'Innovations technologiques', 'Innovations', 'Technische vernieuwing', ""Gestion d'entreprise"", 'Technische Innovation', 'Organisationswandel', 'Innovationsmanagement', 'Markt', 'Success in business', 'Organizational Innovation', 'TECHNOLOGIES', 'TECHNOLOGY ASSESSMENT', 'ORGANIZATIONS', 'TOTAL QUALITY MANAGEMENT', 'Economics', 'Commerce', 'Business &amp; economics', 'General', 'Business & economics -> business -> business studies']",2
BOOK00459,Managing innovation,3,OL2730078A,John Bessant,1997.0,,"['Industrial management', 'Technological innovations', 'Organizational change', 'Management', 'Changement organisationnel', ""Gestion d'entreprises"", 'Organisatieverandering', 'Innovations technologiques', 'Innovations', 'Technische vernieuwing', ""Gestion d'entreprise"", 'Technische Innovation', 'Organisationswandel', 'Innovationsmanagement', 'Markt', 'Success in business', 'Organizational Innovation', 'TECHNOLOGIES', 'TECHNOLOGY ASSESSMENT', 'ORGANIZATIONS', 'TOTAL QUALITY MANAGEMENT', 'Economics', 'Commerce', 'Business &amp; economics', 'General', 'Business & economics -> business -> business studies']",2
BOOK00459,Managing innovation,4,OL19869A,Keith Pavitt,1997.0,,"['Industrial management', 'Technological innovations', 'Organizational change', 'Management', 'Changement organisationnel', ""Gestion d'entreprises"", 'Organisatieverandering', 'Innovations technologiques', 'Innovations', 'Technische vernieuwing', ""Gestion d'entreprise"", 'Technische Innovation', 'Organisationswandel', 'Innovationsmanagement', 'Markt', 'Success in business', 'Organizational Innovation', 'TECHNOLOGIES', 'TECHNOLOGY ASSESSMENT', 'ORGANIZATIONS', 'TOTAL QUALITY MANAGEMENT', 'Economics', 'Commerce', 'Business &amp; economics', 'General', 'Business & economics -> business -> business studies']",1
BOOK00460,Change Management During Unprecedented Times,1,OL7694457A,Kyla Latrice Tennin,2023.0,,[],1
BOOK00461,"Change Management in schwierigen Zeiten, m. CD-ROM",1,OL802404A,Dietmar Vahs,2003.0,,[],1
BOOK00462,Leadership and Change Management,1,OL7106773A,Daphne Halkias,2017.0,,[],2
BOOK00462,Leadership and Change Management,2,OL794506A,Joseph C. Santora,2017.0,,[],1
BOOK00462,Leadership and Change Management,3,OL7106775A,Nicholas Harkiolakis,2017.0,,[],1
BOOK00462,Leadership and Change Management,4,OL8156259A,Paul W. Thurman,2017.0,,[],2
BOOK00463,The complete idiot's guide to change management,1,OL229230A,Jeffrey P. Davidson,2002.0,,"['Organizational change', 'Management']",1
BOOK00464,Additive Manufacturing Change Management,1,OL8464339A,David M. Dietrich,2019.0,,"['Three-dimensional printing', 'Manufacturing processes', 'Additive manufacturing', 'Automation', 'Printing, Three-Dimensional', 'Fabrication additive', 'Impression tridimensionnelle', 'Fabrication', 'Automatisation', '3-D printing', 'TECHNOLOGY & ENGINEERING', 'Mechanical', 'TECHNOLOGY', 'Industrial Design', 'General', 'Manufacturing']",1
BOOK00464,Additive Manufacturing Change Management,2,OL2971609A,Michael Kenworthy,2019.0,,"['Three-dimensional printing', 'Manufacturing processes', 'Additive manufacturing', 'Automation', 'Printing, Three-Dimensional', 'Fabrication additive', 'Impression tridimensionnelle', 'Fabrication', 'Automatisation', '3-D printing', 'TECHNOLOGY & ENGINEERING', 'Mechanical', 'TECHNOLOGY', 'Industrial Design', 'General', 'Manufacturing']",1
BOOK00464,Additive Manufacturing Change Management,3,OL6605196A,Elizabeth A. Cudney,2019.0,,"['Three-dimensional printing', 'Manufacturing processes', 'Additive manufacturing', 'Automation', 'Printing, Three-Dimensional', 'Fabrication additive', 'Impression tridimensionnelle', 'Fabrication', 'Automatisation', '3-D printing', 'TECHNOLOGY & ENGINEERING', 'Mechanical', 'TECHNOLOGY', 'Industrial Design', 'General', 'Manufacturing']",1
BOOK00465,Enterprise Change Management,1,OL15912311A,David Miller,2016.0,,"['Organizational change', 'Leadership']",1
BOOK00465,Enterprise Change Management,2,OL7758460A,Audra Proctor,2016.0,,"['Organizational change', 'Leadership']",1
BOOK00466,Switch,1,OL2812382A,Chip Heath,1999.0,,"['Business', 'Nonfiction', 'New York Times bestseller', 'nyt:hardcover_business_books=2012-02-25', 'Change (Psychology)', 'Self-actualization (Psychology)', 'Cambio (Psicología)', 'Actualización de sí mismo (Psicología)', 'Change Management', 'Psychischer Konflikt', 'Aspects sociaux', 'Business Development', 'Change strategies', 'Aspects psychologiques', 'Development', 'Decision-Making & Problem Solving', 'Développement personnel', 'Änderung', 'Affektive Bindung', 'Leadership', 'Psychological Adaptation', 'BUSINESS & ECONOMICS', 'Anpassung', 'Adaptation au changement', 'Change', 'Organizational change', 'Attitude change', 'nyt:hardcover-advice=2010-03-07', 'Psychology']",1
BOOK00466,Switch,2,OL3092199A,"Chip; Heath, Dan Heath",1999.0,,"['Business', 'Nonfiction', 'New York Times bestseller', 'nyt:hardcover_business_books=2012-02-25', 'Change (Psychology)', 'Self-actualization (Psychology)', 'Cambio (Psicología)', 'Actualización de sí mismo (Psicología)', 'Change Management', 'Psychischer Konflikt', 'Aspects sociaux', 'Business Development', 'Change strategies', 'Aspects psychologiques', 'Development', 'Decision-Making & Problem Solving', 'Développement personnel', 'Änderung', 'Affektive Bindung', 'Leadership', 'Psychological Adaptation', 'BUSINESS & ECONOMICS', 'Anpassung', 'Adaptation au changement', 'Change', 'Organizational change', 'Attitude change', 'nyt:hardcover-advice=2010-03-07', 'Psychology']",1
BOOK00467,Leading Change,1,OL231767A,John P. Kotter,1996.0,,"['Leadership', 'Strategic planning', 'Organizational change', 'Industrial organization', 'Management', 'Changement organisationnel', 'Planning Techniques', 'Organisatieverandering', 'Organizational Innovation', 'Organization and Administration', 'Planification stratégique', 'Organisation, contrôle', 'Industrie', 'Leiderschap', 'Strategisch management', 'Führungsstil', 'Organisatorischer Wandel', '85.10 strategic management', 'Ressources humaines', 'Organisation du travail', 'Strategisches Management', 'Verhalten in Organisationen', 'Formation', ""Direction d'entreprise"", ""Gestion d'entreprises"", 'Organizations']",1
BOOK00468,Employee Empowerment,1,OL2951994A,Daniel Bloom,2020.0,,"['Economics', 'Quality control', 'Management', 'Employee empowerment', 'Industrial management', 'Employee participation', 'Organizational effectiveness', 'Personnel', 'Habilitation', ""Gestion d'entreprise"", 'Participation du personnel', 'Efficacité organisationnelle']",1
BOOK00469,Change Management Masterclass,1,OL2824520A,Mike Green,2007.0,,"['Business', 'Management', 'Nonfiction', 'Organizational change', 'Case studies']",2
BOOK00470,Change Manager,1,OL9751209A,Tracey Torble,2019.0,,['Information technology'],1
BOOK00471,Rework,1,OL2804440A,Jason Fried,2010.0,,"['Business', 'Nonfiction', 'New York Times bestseller', 'nyt:hardcover_business_books=2011-07-30', 'Industrial management', 'Commerce', 'Företagsetablering', 'Softwarehaus', 'Unternehmenskultur', 'Organizational Decision Making', 'Organization & administration', 'Klein- und Mittelbetrieb', 'Management', 'Småföretag', 'Small Business', 'Entrepreneurship', 'Industry', 'Organizational Innovation', 'New business enterprises', 'Success in business', 'Small business, management', 'Technological innovations', 'Data processing', 'Nouvelles entreprises', 'Petites et moyennes entreprises', 'Innovations', 'Petites entreprises', 'Organisation du travail', 'Satisfaction au travail', 'Conciliation de la vie professionnelle et familiale', 'Business and Management', 'Arbeids- en organisatiepsychologie', 'Self-Improvement', 'Small business, data processing', 'Entreprises individuelles', 'Réussite dans les affaires', 'Succès dans les affaires', 'Sole proprietorship', 'Gestion', 'Entreprise individuelle', ""Gestion d'entreprise""]",1
BOOK00471,Rework,2,OL7618544A,David Heinemeier Hansson,2010.0,,"['Business', 'Nonfiction', 'New York Times bestseller', 'nyt:hardcover_business_books=2011-07-30', 'Industrial management', 'Commerce', 'Företagsetablering', 'Softwarehaus', 'Unternehmenskultur', 'Organizational Decision Making', 'Organization & administration', 'Klein- und Mittelbetrieb', 'Management', 'Småföretag', 'Small Business', 'Entrepreneurship', 'Industry', 'Organizational Innovation', 'New business enterprises', 'Success in business', 'Small business, management', 'Technological innovations', 'Data processing', 'Nouvelles entreprises', 'Petites et moyennes entreprises', 'Innovations', 'Petites entreprises', 'Organisation du travail', 'Satisfaction au travail', 'Conciliation de la vie professionnelle et familiale', 'Business and Management', 'Arbeids- en organisatiepsychologie', 'Self-Improvement', 'Small business, data processing', 'Entreprises individuelles', 'Réussite dans les affaires', 'Succès dans les affaires', 'Sole proprietorship', 'Gestion', 'Entreprise individuelle', ""Gestion d'entreprise""]",1
BOOK00472,Production and operations management,1,OL953741A,Everett E. Adam,1978.0,,"['Production management', 'Productiemanagement', 'Management', 'Gestion', 'Produktion', 'Production', 'Periodicals', 'Geology', 'Congresses', 'Wyoming Historical and Geological Society', 'History', 'Administração da produção']",1
BOOK00472,Production and operations management,2,OL390259A,Ronald J. Ebert,1978.0,,"['Production management', 'Productiemanagement', 'Management', 'Gestion', 'Produktion', 'Production', 'Periodicals', 'Geology', 'Congresses', 'Wyoming Historical and Geological Society', 'History', 'Administração da produção']",1
BOOK00473,Production and operations management,1,OL397998A,Richard B. Chase,1973.0,,"['Gestion', 'Production', 'Production management', 'Productiemanagement', 'Produktion', 'Management', 'Lehrbuch', 'Organization and Administration']",3
BOOK00474,Operations management,1,OL23855A,Roger G. Schroeder,1981.0,,"['Decision making', 'Decision-making', 'Production management']",1
BOOK00475,Operations management,1,OL228184A,William J. Stevenson,2004.0,,"['Production management', 'Case studies', 'Production', 'Gestion de la production', 'Gestion', '[manuel]']",5
BOOK00476,Operations management,1,OL589008A,Joseph G. Monks,1977.0,,"['Production management', 'Fertigung', 'Management', 'Produktion']",2
BOOK00477,Production/operations management,1,OL228184A,William J. Stevenson,1982.0,,"['Production management', 'Productiemanagement', 'Business & Management', 'Management', 'Entscheidungsprozess', 'Gestion', 'Produktion', 'Production', 'Administracʹao da producʹao']",5
BOOK00478,Production and operations management,1,OL227233A,Norman Gaither,1980.0,,"['Gestion', 'Production', 'Production management', 'Productiemanagement', 'Management', 'Entscheidungsprozess', 'Produktion']",2
BOOK00479,Operations Management,1,OL227233A,Norman Gaither,2001.0,,"['Production management', 'Education', 'Production & quality control management', 'Business & Economics', 'Business / Economics / Finance', 'Textbooks', 'Business/Economics', 'Entrepreneurship', 'Management - General', 'Production & Operations Management', 'Business & Economics / Production & Operations Management']",2
BOOK00479,Operations Management,2,OL3278571A,Gregory Frazier,2001.0,,"['Production management', 'Education', 'Production & quality control management', 'Business & Economics', 'Business / Economics / Finance', 'Textbooks', 'Business/Economics', 'Entrepreneurship', 'Management - General', 'Production & Operations Management', 'Business & Economics / Production & Operations Management']",1
BOOK00480,Operations management for MBAs,1,OL236061A,Jack R. Meredith,1999.0,,"['Production management', 'Production', 'Gestion', 'Productiemanagement']",5
BOOK00480,Operations management for MBAs,2,OL402185A,Scott M. Shafer,1999.0,,"['Production management', 'Production', 'Gestion', 'Productiemanagement']",3
BOOK00481,Operations management,1,OL228184A,William J. Stevenson,2001.0,,"['Administración de la producción', 'Productiemanagement', 'Production management', 'Kwantitatieve methoden']",5
BOOK00482,Operations management,1,OL392324A,Andrew Greasley,2005.0,,"['Examinations', 'Production management', 'Study guides', 'Business logistics', 'Project management', 'Process control', 'Management', 'Operations Management', 'Produktion', 'Driftsorganisation', 'Processtyrning']",1
BOOK00483,Operations Management,1,OL2648619A,Jay Heizer,2004.0,,[],7
BOOK00484,Principles of operations management,1,OL457089A,Barry Render,1993.0,,"['Production management', 'Operations research', 'Management', 'Produktion', 'Operations Management', 'Production & operations management', 'Business & economics -> decision sciences -> production/operations management']",3
BOOK00484,Principles of operations management,2,OL2648619A,Jay Heizer,1993.0,,"['Production management', 'Operations research', 'Management', 'Produktion', 'Operations Management', 'Production & operations management', 'Business & economics -> decision sciences -> production/operations management']",7
BOOK00485,Operations management,1,OL2648619A,Jay Heizer,1999.0,,['Production management'],7
BOOK00486,Slack,1,OL1518264A,Nigel Slack,2013.0,,['Production management'],2
BOOK00486,Slack,2,OL5172814A,Alistair Brandon-Jones,2013.0,,['Production management'],2
BOOK00486,Slack,3,OL370287A,Robert Johnston,2013.0,,['Production management'],2
BOOK00487,Operations management,1,OL381502A,Roberta S. Russell,1997.0,,"['Production management', 'Quality control', 'Management & management techniques', 'Business & Economics', 'Business / Economics / Finance', 'Business/Economics', 'Management - General', 'Production & Operations Management', 'Business & Economics / Production & Operations Management', 'Productiesystemen', 'Production', 'Gestion', 'Qualite?', 'Controle', 'Administracao da producao', 'Controle da qualidade']",1
BOOK00487,Operations management,2,OL228288A,Bernard W. Taylor,1997.0,,"['Production management', 'Quality control', 'Management & management techniques', 'Business & Economics', 'Business / Economics / Finance', 'Business/Economics', 'Management - General', 'Production & Operations Management', 'Business & Economics / Production & Operations Management', 'Productiesystemen', 'Production', 'Gestion', 'Qualite?', 'Controle', 'Administracao da producao', 'Controle da qualidade']",1
BOOK00487,Operations management,3,OL2740534A,Roberta (Robin) Russell,1997.0,,"['Production management', 'Quality control', 'Management & management techniques', 'Business & Economics', 'Business / Economics / Finance', 'Business/Economics', 'Management - General', 'Production & Operations Management', 'Business & Economics / Production & Operations Management', 'Productiesystemen', 'Production', 'Gestion', 'Qualite?', 'Controle', 'Administracao da producao', 'Controle da qualidade']",1
BOOK00488,Production and Operations Management,1,OL3376616A,Kanishka Bedi,2004.0,,"['Production management', 'Production control']",1
BOOK00489,Production and operations management,1,OL1708476A,Raymond R. Mayer,1975.0,,['Production management'],1
BOOK00490,Operations Management,1,OL7832997A,Lee Krajewski,2015.0,,[],1
BOOK00491,Production and Operations Management,1,OL1955312A,R. Panneerselvam,2004.0,,[],1
BOOK00492,Schaum's outline of theory and problems of operations management,1,OL589008A,Joseph G. Monks,1985.0,,"['Industrial engineering', 'Production management']",2
BOOK00493,Principles of operations management,1,OL2648619A,Jay Heizer,1999.0,,"['Production management', 'Operations research']",7
BOOK00494,Modern production/operations management,1,OL1193811A,Elwood Spencer Buffa,1980.0,,"['Production management', 'Produktionsplanung', 'Production', 'Gestion', 'Production engineering']",1
BOOK00495,Restaurant operations management,1,OL402353A,Jack D. Ninemeier,2005.0,,"['Restaurant management', 'Restaurants', 'Production management']",1
BOOK00495,Restaurant operations management,2,OL549981A,David K. Hayes,2005.0,,"['Restaurant management', 'Restaurants', 'Production management']",2
BOOK00496,Production and operations management,1,OL721066A,Ray Wild,1979.0,,"['Industrial management', 'Production management', 'Problems, exercises', 'Operations research']",1
BOOK00497,Fundamentals of operations management,1,OL235937A,Mark M. Davis,1999.0,,"['Production management', 'Operations Management', 'Management', 'Produktion', 'Lehrbuch']",1
BOOK00497,Fundamentals of operations management,2,OL579531A,Nicholas J. Aquilano,1999.0,,"['Production management', 'Operations Management', 'Management', 'Produktion', 'Lehrbuch']",1
BOOK00497,Fundamentals of operations management,3,OL397998A,Richard B. Chase,1999.0,,"['Production management', 'Operations Management', 'Management', 'Produktion', 'Lehrbuch']",3
BOOK00498,Hotel operations management,1,OL549981A,David K. Hayes,2004.0,,['Hotel management'],2
BOOK00499,Operations management,1,OL38059A,James B. Dilworth,1992.0,,"['Production control', 'Production management', 'Management', 'Strategische planning', 'Produktion', 'Productieplanning', 'Administracao da producao', 'Production', 'Gestion']",2
BOOK00500,Strategic Operations Management,1,OL245994A,Steve Brown,2005.0,,"['Production management', 'Strategic planning']",1
BOOK00500,Strategic Operations Management,2,OL2730078A,John Bessant,2005.0,,"['Production management', 'Strategic planning']",2
BOOK00500,Strategic Operations Management,3,OL7482935A,Fu Jia,2005.0,,"['Production management', 'Strategic planning']",1
BOOK00501,Operations management,1,OL2626801A,Richard J. Schonberger,1981.0,,"['Production management', 'Operations Research', 'Qualita\x98tsmanagement', 'Production', 'Gestion', 'Fertigung', 'Management']",1
BOOK00501,Operations management,2,OL2635611A,Edward M. Knod,1981.0,,"['Production management', 'Operations Research', 'Qualita\x98tsmanagement', 'Production', 'Gestion', 'Fertigung', 'Management']",1
BOOK00502,Principles of operations management,1,OL226049A,Jay H. Heizer,1999.0,,"['Production management', 'Operations research']",2
BOOK00503,Operations management,1,OL772133A,John O. McClain,1980.0,,"['Industrial management', 'Mathematical models', 'Operations research', 'Production management', 'Problèmes et exercices', 'Contrôle', 'Gestion', 'Production', 'Industrial management, mathematical models']",1
BOOK00503,Operations management,2,OL2655823A,L. Joseph Thomas,1980.0,,"['Industrial management', 'Mathematical models', 'Operations research', 'Production management', 'Problèmes et exercices', 'Contrôle', 'Gestion', 'Production', 'Industrial management, mathematical models']",1
BOOK00503,Operations management,3,OL2655824A,Joseph B. Mazzola,1980.0,,"['Industrial management', 'Mathematical models', 'Operations research', 'Production management', 'Problèmes et exercices', 'Contrôle', 'Gestion', 'Production', 'Industrial management, mathematical models']",1
BOOK00504,Operations Management,1,OL224399A,Lee J. Krajewski,2005.0,,"['Production management', 'Business logistics', 'Product management', 'Ts155', '658.7']",2
BOOK00504,Operations Management,2,OL2648632A,Larry P. Ritzman,2005.0,,"['Production management', 'Business logistics', 'Product management', 'Ts155', '658.7']",1
BOOK00504,Operations Management,3,OL2653346A,Manoj K. Malhotra,2005.0,,"['Production management', 'Business logistics', 'Product management', 'Ts155', '658.7']",1
BOOK00505,Operations management,1,OL1012230A,Robert D. Reid,2003.0,,"['Production management', 'Management science']",1
BOOK00505,Operations management,2,OL2737989A,R. Dan Reid,2003.0,,"['Production management', 'Management science']",1
BOOK00505,Operations management,3,OL2737990A,Nada R. Sanders,2003.0,,"['Production management', 'Management science']",1
BOOK00506,Operations management,1,OL1429410A,David Barnes,1996.0,,['Project management'],1
BOOK00507,Operations Management,1,OL7974314A,"Heizer, Render, Munson",2017.0,,['Industrial management'],1
BOOK00508,Operations Management,1,OL2648619A,Jay Heizer,2012.0,,[],7
BOOK00508,Operations Management,2,OL457089A,Barry Render,2012.0,,[],3
BOOK00508,Operations Management,3,OL7582321A,Chuck Munson,2012.0,,[],1
BOOK00509,Operations management,1,OL228184A,William J. Stevenson,2007.0,,"['Production management', 'Case studies', 'Productiemanagement', 'Management', 'Entscheidungsprozess', 'CD-ROM', 'Produktion', 'Kwantitatieve methoden']",5
BOOK00510,Essentials of Operations Management,1,OL1518264A,Nigel Slack,2018.0,,"['Production management', 'Manufacturing processes', 'Industrial management']",2
BOOK00510,Essentials of Operations Management,2,OL5172814A,Alistair Brandon-Jones,2018.0,,"['Production management', 'Manufacturing processes', 'Industrial management']",2
BOOK00510,Essentials of Operations Management,3,OL370287A,Robert Johnston,2018.0,,"['Production management', 'Manufacturing processes', 'Industrial management']",2
BOOK00511,Production and operations management,1,OL38059A,James B. Dilworth,1979.0,,"['Production management', 'Management', 'Produktion', 'Production & operations management']",2
BOOK00512,Production and operations management,1,OL2648619A,Jay Heizer,1988.0,,['Production management'],7
BOOK00513,Operations Management,1,OL36499A,Terry Hill,2000.0,,['Production management'],1
BOOK00514,Casino operations management,1,OL390608A,Jim Kilby,1998.0,,"['Casinos', 'Management', 'Business', 'Nonfiction', 'Travel']",1
BOOK00514,Casino operations management,2,OL2737594A,Jim Fox,1998.0,,"['Casinos', 'Management', 'Business', 'Nonfiction', 'Travel']",1
BOOK00514,Casino operations management,3,OL2737595A,Anthony F. Lucas,1998.0,,"['Casinos', 'Management', 'Business', 'Nonfiction', 'Travel']",1
BOOK00515,"Foundations of Operations Management, Fourth Canadian Edition, 4/e",1,OL7764309A,"Lee J. Krajewski (Author), Manoj K. Malhotra (Author) Larry P. Ritzman (Author)",2015.0,,[],1
BOOK00516,Modern Hotel Operations Management,1,OL7905386A,Michael Chibili,2017.0,,"['Hospitality industry', 'Hotel management', 'BUSINESS & ECONOMICS / Operations Research', 'BUSINESS & ECONOMICS / Industries / Service Industries']",1
BOOK00516,Modern Hotel Operations Management,2,OL8168446A,Shane de Bruyn,2017.0,,"['Hospitality industry', 'Hotel management', 'BUSINESS & ECONOMICS / Operations Research', 'BUSINESS & ECONOMICS / Industries / Service Industries']",1
BOOK00516,Modern Hotel Operations Management,3,OL8168447A,Latifa Benhadda,2017.0,,"['Hospitality industry', 'Hotel management', 'BUSINESS & ECONOMICS / Operations Research', 'BUSINESS & ECONOMICS / Industries / Service Industries']",1
BOOK00516,Modern Hotel Operations Management,4,OL257213A,Conrad Lashley,2017.0,,"['Hospitality industry', 'Hotel management', 'BUSINESS & ECONOMICS / Operations Research', 'BUSINESS & ECONOMICS / Industries / Service Industries']",1
BOOK00516,Modern Hotel Operations Management,5,OL8168448A,Saskia Penninga,2017.0,,"['Hospitality industry', 'Hotel management', 'BUSINESS & ECONOMICS / Operations Research', 'BUSINESS & ECONOMICS / Industries / Service Industries']",1
BOOK00517,Cruise Operations Management,1,OL7203538A,Philip Gibson,2006.0,,"['Ocean travel', 'Cruise ships']",1
BOOK00518,Operations management for competitive advantage,1,OL397998A,Richard B. Chase,2004.0,,['Production management'],3
BOOK00519,Project management for dummies,1,OL2730366A,Stanley E. Portny,2008.0,,"['Project management', 'Gestion de projet', 'BUSINESS & ECONOMICS -- Project Management', 'Business & economics / project management']",2
BOOK00520,Project Management,1,OL2825763A,Harvey Maylor,1996.0,,"['Project management', 'Gestion de projets', 'Projektmanagement', 'Projectmanagement', 'PROJECT MANAGEMENT']",1
BOOK00521,Project management,1,OL390077A,Harold Kerzner,1979.0,,"['Management', 'Project Management (PM)', 'Business', 'Gestion de projets', 'Nonfiction', 'Industrial projectmanagement', 'Industrial project management', 'Administración de proyectos', 'Project management', 'Case studies', 'Projectmanagement', 'Projektmanagement', 'Proje yönetimi', 'Examinations, questions', 'Gestion des projets', 'Gestion de projet', 'TECHNOLOGY & ENGINEERING', 'BUSINESS & ECONOMICS']",3
BOOK00522,Software project management,1,OL5477272A,Bob Hughes,1999.0,,"['Software engineering', 'Project management']",1
BOOK00523,Project management,1,OL236061A,Jack R. Meredith,1985.0,,"['Industrial project management', 'Project management', 'Gestion de projets', 'Projectmanagement', 'Project Management (PM)', 'Projektmanagement', 'Gestion de projet', 'Comic books, strips', 'Humor, form, comic strips & cartoons', 'Medical', 'Nursing', 'Planning techniques [mesh]', 'Organization and administration [mesh]', 'Hd69.p75 m47 2000', 'Wx212 mer', '658.4/04']",5
BOOK00523,Project management,2,OL2206215A,Samuel J. Mantel,1985.0,,"['Industrial project management', 'Project management', 'Gestion de projets', 'Projectmanagement', 'Project Management (PM)', 'Projektmanagement', 'Gestion de projet', 'Comic books, strips', 'Humor, form, comic strips & cartoons', 'Medical', 'Nursing', 'Planning techniques [mesh]', 'Organization and administration [mesh]', 'Hd69.p75 m47 2000', 'Wx212 mer', '658.4/04']",4
BOOK00524,Project Management,1,OL2636200A,Erik W. Larson,2011.0,,"['Risk management', 'Project management', 'Time management']",5
BOOK00525,PMBOK Guide,1,OL29513A,Project Management Institute,2021.0,,"['Business', 'Education']",5
BOOK00526,Construction project management,1,OL534330A,Frederick E. Gould,1999.0,,"['Building', 'Superintendence', 'Project management', 'Building construction & materials', 'Civil Engineering, Surveying & Building', 'Building Construction', 'Engineering Construction Management', 'Technology & Engineering', 'Home Improvement / Construction', 'Science/Mathematics', 'Design & Construction', 'House & Home / Design & Construction', 'Civil', 'Construction - General', 'Industrial Engineering', 'Building, superintendence', 'Construction & building trades - general & miscellaneous', 'Industrial management', 'Real estate management', 'Industrial project management']",1
BOOK00526,Construction project management,2,OL2656011A,Nancy Joyce,1999.0,,"['Building', 'Superintendence', 'Project management', 'Building construction & materials', 'Civil Engineering, Surveying & Building', 'Building Construction', 'Engineering Construction Management', 'Technology & Engineering', 'Home Improvement / Construction', 'Science/Mathematics', 'Design & Construction', 'House & Home / Design & Construction', 'Civil', 'Construction - General', 'Industrial Engineering', 'Building, superintendence', 'Construction & building trades - general & miscellaneous', 'Industrial management', 'Real estate management', 'Industrial project management']",1
BOOK00527,Information Technology Project Management,1,OL1407711A,Kathy Schwalbe,1999.0,,"['Information storage and retrieval systems', 'Information technology', 'Management', 'Microsoft Project', 'Project management', 'Gestion de projets', 'Gestion', ""Technologie de l'information"", 'Information technology, management', 'Information technology projects', ""Systèmes d'information"", 'Projektmanagement', 'Computers &amp; the internet']",1
BOOK00528,Construction project management,1,OL1424745A,Peter Fewings,2005.0,,"['Building', 'Construction industry', 'Management', 'Project management', 'Superintendence', 'Construction industry, management']",1
BOOK00529,A Guide to the Project Management Body of Knowledge (PMBOK® Guide),1,OL29513A,Project Management Institute,2017.0,,['Project management'],5
BOOK00530,Agile Project Management For Dummies,1,OL7342127A,Mark C. Layton,2012.0,,"['Development', 'Agile software development', 'Management', 'Software engineering', 'Computer software', 'Projektmanagement', 'Mathematics', 'Project management', 'Agile software development--management']",1
BOOK00531,Project Management for the Unofficial Project Manager,1,OL7277660A,Kory Kogon,2015.0,,"['Project management', 'BUSINESS & ECONOMICS / Project Management', 'BUSINESS & ECONOMICS', 'Project Management']",1
BOOK00531,Project Management for the Unofficial Project Manager,2,OL9598794A,Suzette Blakemore,2015.0,,"['Project management', 'BUSINESS & ECONOMICS / Project Management', 'BUSINESS & ECONOMICS', 'Project Management']",1
BOOK00532,Project Management,1,OL28562A,Jeffrey K. Pinto,2006.0,,['Project management'],2
BOOK00533,Effective project management,1,OL365623A,Robert K. Wysocki,2003.0,,"['Project management', 'Organizational effectiveness']",1
BOOK00534,TOTAL PROJECT MANAGEMENT The Indian Context,1,OL875828A,P. K. Joy,1993.0,,"['Counseling', 'Psychotherapy', 'Philosophical counseling']",1
BOOK00535,Project Management,1,OL2730963A,Samuel E. Portny,2002.0,,"['Project management', 'Business & economics -> mis -> project management']",1
BOOK00535,Project Management,2,OL2206215A,Samuel J. Mantel,2002.0,,"['Project management', 'Business & economics -> mis -> project management']",4
BOOK00535,Project Management,3,OL236061A,Jack R. Meredith,2002.0,,"['Project management', 'Business & economics -> mis -> project management']",5
BOOK00535,Project Management,4,OL402185A,Scott M. Shafer,2002.0,,"['Project management', 'Business & economics -> mis -> project management']",3
BOOK00535,Project Management,5,OL2730965A,Margaret M. Sutton,2002.0,,"['Project management', 'Business & economics -> mis -> project management']",2
BOOK00535,Project Management,6,OL2730966A,Brian E. Kramer,2002.0,,"['Project management', 'Business & economics -> mis -> project management']",1
BOOK00536,Successful project management,1,OL397305A,Jack Gido,1999.0,,"['Project management', 'Gestion de projets', 'Projektmanagement', 'Project Management (PM)', 'Management - General', 'Business & Economics / Management', 'Business & Economics', 'Business / Economics / Finance', 'Textbooks', 'Business/Economics']",1
BOOK00536,Successful project management,2,OL3291729A,James P. Clements,1999.0,,"['Project management', 'Gestion de projets', 'Projektmanagement', 'Project Management (PM)', 'Management - General', 'Business & Economics / Management', 'Business & Economics', 'Business / Economics / Finance', 'Textbooks', 'Business/Economics']",1
BOOK00537,Project management,1,OL718530A,Avraham Shtub,1994.0,,"['Engineering', 'Management', 'Project management', 'Engineering, management', 'Industrial project management']",1
BOOK00537,Project management,2,OL238316A,Jonathan F. Bard,1994.0,,"['Engineering', 'Management', 'Project management', 'Engineering, management', 'Industrial project management']",1
BOOK00537,Project management,3,OL1237529A,Shlomo Globerson,1994.0,,"['Engineering', 'Management', 'Project management', 'Engineering, management', 'Industrial project management']",1
BOOK00538,Information technology project management,1,OL1436951A,Jack T. Marchewka,2002.0,,"['Computer programs', 'Information technology', 'Management', 'Microsoft Project', 'Project management', 'Management information systems', 'Information technology, management']",1
BOOK00538,Information technology project management,2,OL236061A,Jack R. Meredith,2002.0,,"['Computer programs', 'Information technology', 'Management', 'Microsoft Project', 'Project management', 'Management information systems', 'Information technology, management']",5
BOOK00538,Information technology project management,3,OL2206215A,Samuel J. Mantel,2002.0,,"['Computer programs', 'Information technology', 'Management', 'Microsoft Project', 'Project management', 'Management information systems', 'Information technology, management']",4
BOOK00539,Successful Project Management,1,OL4772139A,Jack Gido,2008.0,,['Project management'],1
BOOK00539,Successful Project Management,2,OL7937732A,Jim Clements,2008.0,,['Project management'],1
BOOK00539,Successful Project Management,3,OL4440582A,Rose Baker,2008.0,,['Project management'],1
BOOK00540,Project management,1,OL28562A,Jeffrey K. Pinto,2007.0,,['Project management'],2
BOOK00541,Process Groups,1,OL29513A,Project Management Institute,2022.0,,[],5
BOOK00542,The Fast Forward MBA in Project Management,1,OL2738029A,Eric Verzuh,2005.0,,"['Gestion de projets', 'Projectmanagement', 'Project management', 'BUSINESS & ECONOMICS / Project Management', 'Economics', 'Business & economics -> mis -> project management', 'Business & economics / project management', 'Management', 'Business & economics -> management -> principles of management', 'Trades & technology -> technical trades -> project management', 'Ba31', 'Ee92']",2
BOOK00543,Project Management in Perspective,1,OL7735729A,Theuns Oosthuizen,2018.0,,['Project management'],1
BOOK00544,Project Management Techniques,1,OL7485326A,Rory Burke,2013.0,,['Project management'],1
BOOK00545,Project Management,1,OL2636200A,Erik W. Larson,2000.0,,"['Projectmanagement', 'Administracion del tiempo', 'Risk management', 'Lehrbuch', 'Time management', 'Administracion de riesgos', 'Administracion de proyectos industriales', 'Projektmanagement', 'Project management', 'Budgets temps', 'Gestion de projets', 'Gestion', 'Gestion du risque', 'Projets de développement industriel']",5
BOOK00545,Project Management,2,OL1657128A,Clifford F. Gray,2000.0,,"['Projectmanagement', 'Administracion del tiempo', 'Risk management', 'Lehrbuch', 'Time management', 'Administracion de riesgos', 'Administracion de proyectos industriales', 'Projektmanagement', 'Project management', 'Budgets temps', 'Gestion de projets', 'Gestion', 'Gestion du risque', 'Projets de développement industriel']",3
BOOK00546,Project Management in Practice,1,OL2206215A,Samuel J. Mantel,2000.0,,['Project management'],4
BOOK00546,Project Management in Practice,2,OL236061A,Jack R. Meredith,2000.0,,['Project management'],5
BOOK00546,Project Management in Practice,3,OL402185A,Scott M. Shafer,2000.0,,['Project management'],3
BOOK00546,Project Management in Practice,4,OL2730965A,Margaret M. Sutton,2000.0,,['Project management'],2
BOOK00547,Construction project management,1,OL7007593A,Alison Dykstra,2011.0,,"['Construction industry', 'Management', 'Project management']",1
BOOK00548,Project management,1,OL1657128A,Clifford F. Gray,2002.0,,"['Risk management', 'Project management', 'Time management']",3
BOOK00548,Project management,2,OL2636200A,Erik W. Larson,2002.0,,"['Risk management', 'Project management', 'Time management']",5
BOOK00549,Contemporary Project Management,1,OL3447283A,Timothy Kloppenborg,2012.0,,['Project management'],1
BOOK00549,Contemporary Project Management,2,OL3030014A,Kathryn Wells,2012.0,,['Project management'],1
BOOK00549,Contemporary Project Management,3,OL3059096A,Vittal S. Anantatmula,2012.0,,['Project management'],1
BOOK00550,The Fast Forward MBA in Project Management,1,OL2738029A,Eric Verzuh,1999.0,,"['Business', 'Nonfiction', 'Project management', 'Reference', 'Gestion de projets', 'Projectmanagement', 'Master of business administration degree', 'Hd69.p75 v475 2008', 'Hd69.p75 v475 2005', '658.4/04']",2
BOOK00551,"Project Management for Engineering, Business and Technology",1,OL5849949A,John M. Nicholas,2012.0,,['Project management'],1
BOOK00551,"Project Management for Engineering, Business and Technology",2,OL2734644A,Herman Steyn,2012.0,,['Project management'],1
BOOK00552,Project Management,1,OL1657128A,Clifford F. Gray,2002.0,,['Project management'],3
BOOK00552,Project Management,2,OL2636200A,Erik W. Larson,2002.0,,['Project management'],5
BOOK00553,Project management for healthcare,1,OL5795331A,David Shirley,2011.0,,"['Health services administration', 'Organizational Innovation', 'Management Information Systems', 'Project management', 'Delivery of Health Care', 'Organization & administration', 'Services de santé', 'Administration', 'Gestion de projet', 'BUSINESS & ECONOMICS', 'Industries', 'Service Industries', 'COMPUTERS', 'Information Technology', 'MEDICAL', 'Practice Management & Reimbursement']",1
BOOK00554,"Project management metrics, KPIs, and dashboards",1,OL390077A,Harold Kerzner,2011.0,,"['Quality control', 'Performance standards', 'Project management', 'Work measurement', 'BUSINESS & ECONOMICS', 'Project Management', 'TECHNOLOGY & ENGINEERING', 'Projektmanagement']",3
BOOK00555,Project management,1,OL2637297A,David L. Cleland,2006.0,,"['Project management', 'Projectmanagement', 'Projektmanagement']",1
BOOK00555,Project management,2,OL768789A,Lewis R. Ireland,2006.0,,"['Project management', 'Projectmanagement', 'Projektmanagement']",1
BOOK00556,Project Management,1,OL2636200A,Erik W. Larson,2013.0,,"['Project management', 'Time management', 'Risk management']",5
BOOK00556,Project Management,2,OL3697781A,Clifford Gray,2013.0,,"['Project management', 'Time management', 'Risk management']",1
BOOK00557,Agile Project Management with Scrum (Microsoft Professional),1,OL2650932A,Ken Schwaber,2004.0,,"['Computer Technology', 'Nonfiction', 'Development', 'Scrum (Computer software development)', 'Project management', 'Computer software', 'Agile software development', 'Computer software--development', 'Qa76.76.d47 s318 2004', '005.1']",1
BOOK00558,The art of project management,1,OL1438336A,Scott Berkun,2005.0,,"['Leadership', 'Project management', 'Hd69.p75 b47 2005']",2
BOOK00559,A guide to the project management body of knowledge (PMBOK guide),1,OL29513A,Project Management Institute,2000.0,,"['Project management', 'General', 'Business & Economics', 'Business / Economics / Finance', 'Business/Economics', 'Reference - General', 'Standards']",5
BOOK00560,The Deadline,1,OL19395A,Tom DeMarco,1997.0,,"['Project management', 'Fiction']",1
BOOK00561,Project Management Absolute Beginner's Guide,1,OL2879818A,Greg Horine,2012.0,,['Project management'],1
BOOK00562,Project management in construction,1,OL235974A,Sidney M. Levy,1987.0,,"['Construction industry', 'Management', 'Project management', 'Building', 'Gestion de projets', 'Construction', 'Gestion', 'Industrie', 'Superintendence', 'Construction industry, management']",1
BOOK00563,Project management,1,OL2880269A,Paul C. Tinnirello,2000.0,,"['Management', 'Information resources management', 'Handbooks, manuals', 'Information technology', 'Information technology, management', ""Gestion de l'information"", 'Guides, manuels', ""Technologie de l'information"", 'Gestion', 'COMPUTERS / Information Technology', 'BUSINESS & ECONOMICS / Project Management']",1
BOOK00564,Project management for dummies,1,OL2730366A,Stanley E. Portny,2000.0,,"['Management', 'Business', 'Nonfiction', 'Project management', 'Hd69.p75 p63 2007', 'Medical', 'Nursing']",2
BOOK00565,Making Things Happen,1,OL1438336A,Scott Berkun,2008.0,,"['Leadership', 'Project management', 'Softwareentwicklung', 'Projektmanagement', 'Project Management (PM)']",2
BOOK00566,Performance management,1,OL719205A,Michael Armstrong,1994.0,,"['Business', 'Employee motivation', 'Employees', 'Nonfiction', 'Performance', 'Performance standards', 'Personnel management', 'Rating of', 'Employees, rating of', 'Management by objectives', 'Organizational behavior', 'Personalentwicklung', 'Performance technology', 'Personnel', 'Direction', 'Rendement au travail', 'BUSINESS & ECONOMICS', 'Workplace Culture', 'Human Resources & Personnel Management', 'Management']",6
BOOK00567,Performance Management,1,OL7652150A,Linda Ashdown,2014.0,,"['Employees, rating of', 'Personnel management', 'Performance', 'Management', 'Employees', 'Rating of', 'BUSINESS & ECONOMICS / Management', 'BUSINESS & ECONOMICS / Human Resources & Personnel Management']",1
BOOK00568,Performance Management,1,OL32869A,Aubrey C. Daniels,2014.0,,"['Employees', 'Supervision of employees', 'Organizational effectiveness', 'Reinforcement (Psychology)', 'Rating of']",2
BOOK00568,Performance Management,2,OL2817860A,Jon S. Bailey,2014.0,,"['Employees', 'Supervision of employees', 'Organizational effectiveness', 'Reinforcement (Psychology)', 'Rating of']",1
BOOK00569,Performance management systems,1,OL6837059A,Arup Varma,2008.0,,"['Performance', 'Management', 'Performance technology']",1
BOOK00570,Performance management,1,OL1436313A,Herman Aguinis,2005.0,,"['Employees', 'Management', 'Performance', 'Rating of', 'Performance standards', 'Employees, rating of', 'Personeelsmanagement', 'Leistungsbewertung', 'Personalpolitik', 'Personalwesen', 'Rendement au travail', 'Gestion']",1
BOOK00571,Financial planning & analysis and performance management,1,OL7539915A,Jack Alexander,2018.0,,"['Corporations', 'Business enterprises', 'Investment banking', 'Finance', 'Handbooks, manuals', 'Business enterprises, finance', 'Corporations, finance']",1
BOOK00572,Performance management,1,OL5461640A,Jacky Holloway,2008.0,,"['Organizational effectiveness', 'Management', 'Evaluation', 'Personnel management', 'Performance']",1
BOOK00573,Managing performance,1,OL719205A,Michael Armstrong,2005.0,,"['Management', 'Performance', 'Management & management techniques', 'Business/Economics', 'Performance standards', 'Employees', 'Rating of']",6
BOOK00573,Managing performance,2,OL2824602A,Angela Baron,2005.0,,"['Management', 'Performance', 'Management & management techniques', 'Business/Economics', 'Performance standards', 'Employees', 'Rating of']",1
BOOK00574,Handbook of corporate performance management,1,OL1437382A,Mike Bourne,2011.0,,"['Performance', 'Measurement', 'Management', 'Organizational effectiveness', 'BUSINESS & ECONOMICS / Personal Finance / General', 'Industrial efficiency']",1
BOOK00575,Strategic Performance Management,1,OL8131521A,Ralph W. Adler,2018.0,,"['Organizational effectiveness', 'Performance', 'Organizational behavior', 'Strategic planning', 'Managerial accounting', 'Management audit', 'BUSINESS & ECONOMICS', 'Industrial Management', 'Management', 'Management Science', 'Organizational Behavior']",1
BOOK00576,Performance management,1,OL375198A,A. S. Kohli,2008.0,,"['Employees,', 'Personnel management', 'Rating of', 'Employees, rating of']",1
BOOK00577,Employee engagement through effective performance management,1,OL3090367A,Edward M. Mone,2010.0,,"['Achievement motivation', 'Employee motivation', 'Career development', 'Arbetsmotivation', 'Psychology', 'Career Mobility', ""Motivation d'accomplissement"", 'Plan de carrière', 'Personnel', 'Motivation']",1
BOOK00578,Performance Management,1,OL4436663A,T. V. Rao,2016.0,,"['Personnel management', 'Employees, rating of', 'Performance', 'Employees', 'Management', 'Rating of']",1
BOOK00579,Performance management,1,OL3100585A,Ralph R Smith,1996.0,,"['Performance standards', 'Goal setting in personnel management']",1
BOOK00580,ACCA Performance Management,1,OL7297300A,BPP Learning Media,2022.0,,[],5
BOOK00581,Armstrong's Handbook of Performance Management,1,OL5686405A,Michael Armstrong,2014.0,,"['Employees, rating of', 'Performance standards', 'Performance', 'Employees', 'Rating of', 'Commerce']",6
BOOK00582,Enterprise Performance Management Done Right,1,OL7346974A,Ron Dimon,2013.0,,"['Performance', 'Management', 'Information technology', 'Management information systems', 'Information technology, management', 'Business, data processing']",1
BOOK00583,Armstrong's handbook of performance management,1,OL719205A,Michael Armstrong,2009.0,,"['Business', 'Nonfiction', 'Employees, rating of', 'Performance standards', 'Performance', 'Employees', 'Rating of']",6
BOOK00584,Performance Management,1,OL4191708A,Madhu Arora,2020.0,,"['Commerce', 'Performance', 'Management', 'Employees', 'Rating of', 'Personnel management', 'Technological innovations', 'Rendement au travail', 'Gestion', 'Personnel', 'Direction', 'Innovations', 'TECHNOLOGY / Manufacturing']",1
BOOK00584,Performance Management,2,OL8468832A,Poonam Khurana,2020.0,,"['Commerce', 'Performance', 'Management', 'Employees', 'Rating of', 'Personnel management', 'Technological innovations', 'Rendement au travail', 'Gestion', 'Personnel', 'Direction', 'Innovations', 'TECHNOLOGY / Manufacturing']",1
BOOK00584,Performance Management,3,OL8468833A,Sonam Choiden,2020.0,,"['Commerce', 'Performance', 'Management', 'Employees', 'Rating of', 'Personnel management', 'Technological innovations', 'Rendement au travail', 'Gestion', 'Personnel', 'Direction', 'Innovations', 'TECHNOLOGY / Manufacturing']",1
BOOK00585,IT performance management,1,OL7200482A,Peter Wiggers,2004.0,,"['Business enterprises', 'Management', 'Information technology', 'Data processing', ""Technologie de l'information"", 'Gestion', 'Entreprises', 'Informatique', 'BUSINESS & ECONOMICS', 'Information Management', 'Knowledge Capital', 'ICT']",1
BOOK00586,Intranet performance management,1,OL216889A,Kornel Terplan,2000.0,,"['Management', 'Intranets (Computer networks)', 'Intranets (computer networks)', 'Intranets', 'Gestion', 'COMPUTERS / Information Technology', 'COMPUTERS / Networking / General']",1
BOOK00587,Performance management,1,OL236518A,Robert Bacal,1999.0,,"['Employees', 'Performance standards', 'Rating of', 'Industrial management']",2
BOOK00588,ACCA P5 Advanced Performance Management,1,OL7297300A,BPP Learning Media,2017.0,,"['Association of Chartered Certified Accountants (Great Britain) -- Examinations -- Study guides', 'Association of Chartered Certified Accountants (Great Britain)', 'Accounting -- Great Britain -- Examinations -- Study guides', 'Accountants -- Certification -- Great Britain -- Examinations -- Study guides', ""Comptabilité -- Grande-Bretagne -- Examens -- Guides de l'étudiant"", 'BUSINESS & ECONOMICS / Accounting / Financial', 'Accounting -- Examinations', 'Examinations', 'Great Britain']",5
BOOK00589,Performance management,1,OL455914A,Michael D. McMaster,1986.0,,"['Management by objectives', 'Performance']",2
BOOK00590,Performance Management in Nonprofit Organizations,1,OL3091571A,Zahirul Hoque,2014.0,,"['Nonprofit organizations, management', 'Performance', 'Nonprofit organizations', 'Management', 'BUSINESS & ECONOMICS / Nonprofit Organizations & Charities', 'BUSINESS & ECONOMICS / Human Resources & Personnel Management', 'BUSINESS & ECONOMICS / Accounting / Managerial', 'Associations sans but lucratif', 'Gestion', 'Rendement au travail', 'BUSINESS & ECONOMICS', 'Nonprofit Organizations & Charities', 'Human Resources & Personnel Management', 'Accounting', 'Managerial', 'Industrial Management', 'Management Science', 'Organizational Behavior']",2
BOOK00590,Performance Management in Nonprofit Organizations,2,OL1918598A,Lee Parker,2014.0,,"['Nonprofit organizations, management', 'Performance', 'Nonprofit organizations', 'Management', 'BUSINESS & ECONOMICS / Nonprofit Organizations & Charities', 'BUSINESS & ECONOMICS / Human Resources & Personnel Management', 'BUSINESS & ECONOMICS / Accounting / Managerial', 'Associations sans but lucratif', 'Gestion', 'Rendement au travail', 'BUSINESS & ECONOMICS', 'Nonprofit Organizations & Charities', 'Human Resources & Personnel Management', 'Accounting', 'Managerial', 'Industrial Management', 'Management Science', 'Organizational Behavior']",1
BOOK00591,Performance Management in the Public Sector,1,OL9502283A,Van Dooren Wouter,2015.0,,"['Government productivity', 'Performance', 'Public administration', 'Political science']",1
BOOK00591,Performance Management in the Public Sector,2,OL9502284A,Wouter Van Dooren,2015.0,,"['Government productivity', 'Performance', 'Public administration', 'Political science']",1
BOOK00591,Performance Management in the Public Sector,3,OL2667214A,Geert Bouckaert,2015.0,,"['Government productivity', 'Performance', 'Public administration', 'Political science']",1
BOOK00591,Performance Management in the Public Sector,4,OL2806483A,John Halligan,2015.0,,"['Government productivity', 'Performance', 'Public administration', 'Political science']",1
BOOK00592,Performance Management,1,OL1461878A,Susan Hutchinson,2013.0,,[],2
BOOK00593,Performance management,1,OL236518A,Robert Bacal,2012.0,,"['Employees', 'Performance standards', 'Rating of', 'Performance', 'Employees, rating of']",2
BOOK00594,Performance management,1,OL3118296A,Brian J. Hall,2006.0,,"['Personnel management', 'Performance standards', 'Personnel & human resources management', 'Performance Appraisal', 'Business & Economics', 'Business / Economics / Finance', 'Business/Economics', 'Human Resources & Personnel Management', 'Management - General', 'Employees, rating of']",1
BOOK00594,Performance management,2,OL2040906A,Richard Luecke,2006.0,,"['Personnel management', 'Performance standards', 'Personnel & human resources management', 'Performance Appraisal', 'Business & Economics', 'Business / Economics / Finance', 'Business/Economics', 'Human Resources & Personnel Management', 'Management - General', 'Employees, rating of']",1
BOOK00595,HBR guide to performance management,1,OL3399460A,HBR,2017.0,,"['Performance', 'Employees', 'Management', 'Rating of', 'Employees, rating of']",2
BOOK00596,Performance Management,1,OL719205A,Michael Armstrong,2006.0,,[],6
BOOK00597,Strategic Planning and Performance Management,1,OL3295533A,Graham Kenny,2012.0,,"['United States. Dept. of Education -- Planning', 'United States. Government Performance and Results Act of 1993', 'Strategic planning']",1
BOOK00598,Organizational behaviour,1,OL286362A,Richard Pettinger,2009.0,,"['Leadership', 'Industrial management', 'Organizational behavior', 'Comportement organisationnel', ""Gestion d'entreprise"", 'BUSINESS & ECONOMICS', 'Human Resources & Personnel Management', 'Workplace Culture', 'Organisationsverhalten']",1
BOOK00599,Global Performance Management (Global HRM),1,OL3397009A,Arup; Bu Varma,2007.0,,"['Performance', 'Management', 'Performance technology', 'Personnel management', 'Administration of Criminal justice', 'Cross-cultural studies', '86.43 criminal procedure law, criminal law sanctions', 'Strafprocesrecht', 'Strafrechtspraak', 'Criminal justice', 'Administration of justice', 'Criminal procedure', 'Comparative criminal law', 'Rendement au travail', 'Gestion', 'BUSINESS & ECONOMICS', 'Workplace Culture', 'Human Resources & Personnel Management', 'Humanvermögen', 'Interkulturelles Management', 'Internationaler Vergleich', 'Leistungsbewertung', 'Multinationales Unternehmen', 'Personalbeurteilung', 'Unternehmen']",1
BOOK00600,ACCA F5 Performance Management,1,OL7297300A,BPP Learning Media,2015.0,,"['Accounting, examinations, questions, etc.', 'Accountants', 'Examinations, great britain']",5
BOOK00601,ACCA F5 Performance Management,1,OL7297300A,BPP Learning Media,2017.0,,"['Association of Chartered Certified Accountants (Great Britain) -- Examinations -- Study guides', 'Association of Chartered Certified Accountants (Great Britain)', 'Accounting -- Great Britain -- Examinations -- Study guides', 'Industrial management -- Examinations -- Study guides', 'BUSINESS & ECONOMICS / Accounting / Financial', 'Accounting -- Examinations', 'Examinations', 'Industrial management -- Examinations', 'Great Britain']",5
BOOK00602,Case Studies in Performance Management,1,OL2741067A,Tony C. Adkins,2006.0,,"['Business', 'Management', 'Nonfiction', 'Industrial management', 'Cost accounting', 'Activity-based costing', 'Managerial accounting', 'Performance', 'Cost effectiveness', 'Case studies']",1
BOOK00603,Performance management,1,OL455914A,Michael D. McMaster,1983.0,,"['Management by objectives', 'Performance', 'Handbooks, manuals', 'Personnel management', 'Performance standards']",2
BOOK00604,ACCA Performance Management,1,OL7297300A,BPP Learning Media,2024.0,,[],5
BOOK00605,Performance Management for Dummies,1,OL8114437A,Dummies Staff,2019.0,,"['Performance', 'Performance standards', 'Personnel management']",1
BOOK00605,Performance Management for Dummies,2,OL7645420A,Herman Aguinis,2019.0,,"['Performance', 'Performance standards', 'Personnel management']",1
BOOK00606,Performance Management (Acca),1,OL2785894A,Kaplan Publishing,2006.0,,[],1
BOOK00607,Performance Management,1,OL455981A,Gary Cokins,2004.0,,"['Business', 'Finance', 'Nonfiction', 'Organizational effectiveness', 'Performance', 'Industrial productivity', 'Measurement', 'BUSINESS & ECONOMICS', 'Strategic Planning', 'Risk management']",1
BOOK00608,Strategic Performance Management,1,OL3149792A,Bernard Marr,2012.0,,[],1
BOOK00608,Strategic Performance Management,2,OL3410032A,Dina Gray,2012.0,,[],1
BOOK00609,Performance management,1,OL32869A,Aubrey C. Daniels,1989.0,,"['Administracao De Pessoal', 'Employees', 'Reinforcement (Psychology)', 'Psicologia Industrial', 'Administradores', 'Comportamento Organizacional', 'Supervision of employees', 'Administracao De Empresas', 'Rating of', 'Performance standards', 'Productivity accounting']",2
BOOK00610,Teach Yourself Performance Management,1,OL585079A,Phil Baguley,2003.0,,"['Performance', 'Employee rights']",1
BOOK00611,Innovative Corporate Performance Management,1,OL2729652A,Bob Paladino,2010.0,,"['Organizational effectiveness', 'Management', 'Performance']",1
BOOK00612,HR networking,1,OL1401021A,Lisa R. Franke,2004.0,,"['Leadership', 'Management', 'Work environment', 'Personnel management']",1
BOOK00613,Reengineering performance management,1,OL190840A,Tracey Bernstein Weiss,1997.0,,"['Performance', 'Reengineering (Management)', 'Personnel management', 'Reengineering (management)']",1
BOOK00614,Implementing Performance Management,1,OL228229A,Joan Dean,2003.0,,"['School management and organization', 'Teacher effectiveness']",1
BOOK00615,Human resource management,1,OL395910A,H. John Bernardin,1992.0,,"['Personnel management', 'Personalwesen', 'Personnel', 'Direction']",1
BOOK00615,Human resource management,2,OL2633257A,Joyce E. A. Russell,1992.0,,"['Personnel management', 'Personalwesen', 'Personnel', 'Direction']",1
BOOK00616,Human resource management,1,OL535855A,Robert L. Mathis,1999.0,,"['Personnel management', 'Personnel management, study and teaching']",3
BOOK00616,Human resource management,2,OL1123662A,John Harold Jackson,1999.0,,"['Personnel management', 'Personnel management, study and teaching']",2
BOOK00617,Fundamentals of human resource management,1,OL235972A,David A. DeCenzo,2005.0,,"['Personnel management', 'Personnel', 'Direction', 'Personeelsmanagement', 'Personalpolitik']",2
BOOK00618,Human Resource Management,1,OL238534A,Gary Dessler,1999.0,,['Personnel management'],8
BOOK00619,Human resource management,1,OL229940A,Greg L. Stewart,2008.0,,"['Personnel & human resources management', 'Business & Economics', 'Business / Economics / Finance', 'Business/Economics', 'Human Resources & Personnel Management', 'Management - General', 'Business & Economics / Management', 'Personnel management', 'Personalpolitik', 'Humanvermo\x98gen', 'Personeelsmanagement']",1
BOOK00619,Human resource management,2,OL3422129A,Kenneth G. Brown,2008.0,,"['Personnel & human resources management', 'Business & Economics', 'Business / Economics / Finance', 'Business/Economics', 'Human Resources & Personnel Management', 'Management - General', 'Business & Economics / Management', 'Personnel management', 'Personalpolitik', 'Humanvermo\x98gen', 'Personeelsmanagement']",1
BOOK00620,Human resource management,1,OL466291A,John Bratton,1994.0,,"['Personnel management', 'Direction', 'Personeelsmanagement', 'Gestion', 'Ressources humaines', 'Personnel', ""Manuels d'enseignement supérieur"", 'Leermiddelen (vorm)', 'Human resources & personnel management', 'Business & economics -> management -> human resource management']",1
BOOK00620,Human resource management,2,OL2704923A,Jeffrey Gold,1994.0,,"['Personnel management', 'Direction', 'Personeelsmanagement', 'Gestion', 'Ressources humaines', 'Personnel', ""Manuels d'enseignement supérieur"", 'Leermiddelen (vorm)', 'Human resources & personnel management', 'Business & economics -> management -> human resource management']",1
BOOK00621,Human resources management,1,OL238777A,Wendell L. French,1986.0,,['Personnel management'],1
BOOK00622,Human resource management,1,OL238534A,Gary Dessler,2003.0,,"['Personeelsmanagement', 'Humanvermögen', 'Personalentwicklung', 'Personnel management']",8
BOOK00623,Human resource management,1,OL452017A,Lloyd L. Byars,1987.0,,"['Personnel management', 'Personalmanagement', 'Theorie', 'USA', 'Administración de personal']",2
BOOK00624,Human resource management,1,OL223925A,John M. Ivancevich,1992.0,,"['Personnel management', 'Case studies', 'Personalwesen', 'Personalpolitik', 'Personalentwicklung', 'Personal', '0 Gesamtdarstellung', 'Humanvermo\x98gen', 'Humanvermögen']",2
BOOK00625,Strategic Human Resource Management,1,OL584921A,Jeffrey A. Mello,2005.0,,"['Organizational effectiveness', 'Case studies', 'Strategic planning', 'Human capital', 'Labor productivity', 'Personnel management']",1
BOOK00626,Human resource management,1,OL238534A,Gary Dessler,2005.0,,"['Personeelsmanagement', 'Personnel management']",8
BOOK00627,Understanding Human Resources Management,1,OL8176962A,Melanie Peacock,2019.0,,['Personnel management'],1
BOOK00627,Understanding Human Resources Management,2,OL5891029A,Monica Belcourt,2019.0,,['Personnel management'],1
BOOK00627,Understanding Human Resources Management,3,OL8176963A,Eileen B. Stewart,2019.0,,['Personnel management'],1
BOOK00628,Human Resource Management,1,OL8043921A,Pieter Nel,2018.0,,"['Personnel management', 'Australia, economic conditions']",1
BOOK00628,Human Resource Management,2,OL8183313A,Amanda Werner,2018.0,,"['Personnel management', 'Australia, economic conditions']",1
BOOK00628,Human Resource Management,3,OL8183314A,Christoff Botha,2018.0,,"['Personnel management', 'Australia, economic conditions']",1
BOOK00628,Human Resource Management,4,OL8183315A,Osmond Ngalo,2018.0,,"['Personnel management', 'Australia, economic conditions']",1
BOOK00628,Human Resource Management,5,OL8183316A,Paul Poisat,2018.0,,"['Personnel management', 'Australia, economic conditions']",1
BOOK00629,Human Resource Management,1,OL2731752A,Raymond J. Stone,1995.0,,"['Personnel management', 'Personnel', 'Direction', 'Personalpolitik', 'Management']",1
BOOK00630,Human resource management,1,OL246826A,William P. Anthony,1998.0,,['Personnel management'],1
BOOK00630,Human resource management,2,OL2627251A,Pamela L. Perrewe,1998.0,,['Personnel management'],1
BOOK00630,Human resource management,3,OL2627252A,K. Michele Kacmar,1998.0,,['Personnel management'],1
BOOK00630,Human resource management,4,OL2627453A,K. Michelle Kacmar,1998.0,,['Personnel management'],1
BOOK00631,Human resource management,1,OL6874322A,Melva M. Diamante,2007.0,,['Manpower planning'],1
BOOK00632,Human resource management,1,OL235972A,David A. DeCenzo,1994.0,,"['Personal', 'Administración', 'Personnel management']",2
BOOK00633,Fundamentals of Human Resource Management,1,OL238534A,Gary Dessler,2008.0,,['Personnel management'],8
BOOK00634,Human resource management,1,OL244525A,Cynthia D. Fisher,1990.0,,"['Personnel management', 'Personnel management.', 'Personnel', 'Direction']",1
BOOK00635,Human Resource Management,1,OL217763A,Robert N. Lussier,2013.0,,"['Personnel management', 'Commerce', 'Personnel', 'Direction']",2
BOOK00635,Human Resource Management,2,OL7644918A,John R. Hendon,2013.0,,"['Personnel management', 'Commerce', 'Personnel', 'Direction']",1
BOOK00636,Human Resource Management,1,OL4204858A,K. Aswathappa,2012.0,,"['Human resources & personnel management', 'Business & economics -> management -> human resource management']",1
BOOK00637,Human resource management,1,OL452017A,Lloyd L. Byars,2000.0,,"['Humanvermo gen', 'Personnel management', 'Personalentwicklung']",2
BOOK00638,Personnel and human resources management,1,OL1214150A,Perfecto S. Sison,1981.0,,['Personnel management'],1
BOOK00639,Human resources management,1,OL6438768A,H. T. Graham,1974.0,,"['Industrial Psychology', 'Personnel management', 'Psychology, Industrial', 'Gestion', 'Führung']",1
BOOK00640,Human resource management,1,OL8201904A,Julie Beardwell,2009.0,,"['Textbooks', 'Personnel management', 'Personeelsmanagement', 'Business and Management', 'Personnel Management', 'Humanvermögen', 'Personalentwicklung', 'Personalwesen']",1
BOOK00640,Human resource management,2,OL4427561A,Tim Claydon,2009.0,,"['Textbooks', 'Personnel management', 'Personeelsmanagement', 'Business and Management', 'Personnel Management', 'Humanvermögen', 'Personalentwicklung', 'Personalwesen']",1
BOOK00641,Armstrong's handbook of human resource management practice,1,OL5686405A,Michael Armstrong,2009.0,,"['Personnel management', 'Handbooks, manuals', 'Personnel', 'Guides, manuels', 'Direction', 'Personnel management -- Handbooks, manuals, etc', 'Personnel -- Direction -- Guides, manuels, etc', 'Business and Management']",6
BOOK00642,Fundamentals of human resource management,1,OL216674A,Raymond A. Noe,2006.0,,['Personnel management'],4
BOOK00643,Strategic Human Resource Management,1,OL2800692A,Gary Rees,2014.0,,['Personnel management'],2
BOOK00643,Strategic Human Resource Management,2,OL5005634A,Paul E Smith,2014.0,,['Personnel management'],1
BOOK00644,International Human Resource Management,1,OL1207541A,Chris Brewster,2001.0,,['International business enterprises'],1
BOOK00644,International Human Resource Management,2,OL576940A,Paul Sparrow,2001.0,,['International business enterprises'],1
BOOK00644,International Human Resource Management,3,OL3147636A,Guy Vernon,2001.0,,['International business enterprises'],1
BOOK00645,"Human Resource Management, 16th edition",1,OL238534A,Gary Dessler,2015.0,,[],8
BOOK00646,Strategic human resource management,1,OL719205A,Michael Armstrong,2000.0,,"['Business', 'Nonfiction', 'Personnel management', 'Direction', 'Personeelsmanagement', 'Management', 'Personnel', 'Humanvermögen']",6
BOOK00647,Human Resource Management,1,OL7915454A,Ronan Carbery,2013.0,,['Personnel management'],1
BOOK00647,Human Resource Management,2,OL7915455A,Christine Cross,2013.0,,['Personnel management'],1
BOOK00648,A Handbook of Human Resource Management Practice,1,OL719205A,Michael Armstrong,1999.0,,"['Business', 'Handbooks, manuals', 'Nonfiction', 'Personnel management', '85.62 personnel management', 'Formation', 'Ressources humaines', 'Manuels', 'Gestion du personnel', 'Personeelsmanagement', 'Personnel', 'Guides, manuels', 'Direction', 'BUSINESS & ECONOMICS', 'Workplace Culture', 'Human Resources & Personnel Management']",6
BOOK00649,Human resource management,1,OL535855A,Robert L. Mathis,1994.0,,['Personnel management'],3
BOOK00650,Human Resource Management,1,OL216674A,Raymond A. Noe,1999.0,,['Personnel management'],4
BOOK00651,Healthcare human resource management,1,OL3281001A,Walter J. Flynn,2006.0,,"['Administration', 'Health Manpower', 'Health Personnel', 'Health facilities', 'Health services administration', 'Methods', 'Organization & administration', 'Personnel management', 'Health systems & services', 'Business & Economics', 'Business / Economics / Finance', 'Textbooks', 'Business/Economics', 'Human Resources & Personnel Management', 'Business & Economics / Human Resources & Personnel Management', 'United States', 'Hospital Personnel Administration', 'Health Workforce', 'Equipements sanitaires', 'Personnel', 'Direction', 'Personnel medical', 'Sante?, Services de']",1
BOOK00651,Healthcare human resource management,2,OL535855A,Robert L. Mathis,2006.0,,"['Administration', 'Health Manpower', 'Health Personnel', 'Health facilities', 'Health services administration', 'Methods', 'Organization & administration', 'Personnel management', 'Health systems & services', 'Business & Economics', 'Business / Economics / Finance', 'Textbooks', 'Business/Economics', 'Human Resources & Personnel Management', 'Business & Economics / Human Resources & Personnel Management', 'United States', 'Hospital Personnel Administration', 'Health Workforce', 'Equipements sanitaires', 'Personnel', 'Direction', 'Personnel medical', 'Sante?, Services de']",3
BOOK00651,Healthcare human resource management,3,OL1123662A,John Harold Jackson,2006.0,,"['Administration', 'Health Manpower', 'Health Personnel', 'Health facilities', 'Health services administration', 'Methods', 'Organization & administration', 'Personnel management', 'Health systems & services', 'Business & Economics', 'Business / Economics / Finance', 'Textbooks', 'Business/Economics', 'Human Resources & Personnel Management', 'Business & Economics / Human Resources & Personnel Management', 'United States', 'Hospital Personnel Administration', 'Health Workforce', 'Equipements sanitaires', 'Personnel', 'Direction', 'Personnel medical', 'Sante?, Services de']",2
BOOK00652,Human resource management,1,OL238534A,Gary Dessler,2006.0,,['Personnel management'],8
BOOK00653,Human Resource Management,1,OL7900133A,Jonathan Crawshaw,2014.0,,"['Personnel management', 'Business and Management']",1
BOOK00653,Human Resource Management,2,OL2695887A,Pawan Budhwar,2014.0,,"['Personnel management', 'Business and Management']",1
BOOK00653,Human Resource Management,3,OL739572A,Ann Davis,2014.0,,"['Personnel management', 'Business and Management']",1
BOOK00654,Human Resource Management,1,OL8624874A,Aswathappa,2013.0,,[],1
BOOK00655,Human resource management,1,OL216674A,Raymond A. Noe,1994.0,,"['Personnel management', 'Textbooks']",4
BOOK00655,Human resource management,2,OL2639667A,John R. Hollenbeck,1994.0,,"['Personnel management', 'Textbooks']",3
BOOK00656,Fundamentals of Human Resource Management,1,OL216674A,Raymond A. Noe,2011.0,,"['Personnel management', 'Personnel Management', 'Personnel', 'Direction', 'Humanvermögen', 'Personalpolitik', 'Personalentwicklung']",4
BOOK00656,Fundamentals of Human Resource Management,2,OL2639667A,John R. Hollenbeck,2011.0,,"['Personnel management', 'Personnel Management', 'Personnel', 'Direction', 'Humanvermögen', 'Personalpolitik', 'Personalentwicklung']",3
BOOK00656,Fundamentals of Human Resource Management,3,OL2639668A,Barry Gerhart,2011.0,,"['Personnel management', 'Personnel Management', 'Personnel', 'Direction', 'Humanvermögen', 'Personalpolitik', 'Personalentwicklung']",1
BOOK00656,Fundamentals of Human Resource Management,4,OL7455447A,Patrick M. Wright,2011.0,,"['Personnel management', 'Personnel Management', 'Personnel', 'Direction', 'Humanvermögen', 'Personalpolitik', 'Personalentwicklung']",1
BOOK00657,Introduction to Human Resource Management,1,OL3477657A,Nick Wilton,2011.0,,"['Personnel management', 'Commerce', 'Personalpolitik']",1
BOOK00658,Human resource management,1,OL2640713A,Laura Portolese Dias,2011.0,,['Personnel management'],1
BOOK00659,Strategic compensation,1,OL544809A,Joseph J. Martocchio,2008.0,,"['Compensation management', 'Personnel management']",2
BOOK00660,Organizational Behavior,1,OL33897A,Stephen P. Robbins,1979.0,,"['Organizational behavior', 'Comportement organisationnel', 'Organisatiekunde', 'Management', 'Organisatiegedrag', 'Organization and Administration', 'Industrial Psychology', 'Organisationspsychologie', 'OrganizatŁsionno povedenie', 'Organisationsverhalten', 'Hairdressing', 'Organizat͡sionno povedenie', '85.08 organizational sociology and psychology', 'O rgu tsel davran♯łs ʹ', 'Textbooks', 'Personnel management', 'BUSINESS & ECONOMICS', 'Industrial Management', 'Management Science', 'Business &amp; economics', 'Hd58.7 .r62 2015', '658.3', 'Organizational culture', 'Hd58.7 .r62 2017', 'Behavior', 'Group Processes', 'Organizations', 'Corporate culture', 'Organizational effectiveness']",5
BOOK00661,Organizational behavior,1,OL388469A,Fred Luthans,1973.0,,"['Management', 'Organizational behavior', 'Industrial Psychology', 'Organization', 'Organisationsverhalten', 'Comportamiento organizacional', 'Organisatiegedrag', 'Organisatiesociologie', 'Gestion', 'Organisation', 'Psychologie du travail']",2
BOOK00662,Essentials of Organizational Behavior,1,OL33897A,Stephen P. Robbins,1984.0,,"['Organizational behavior', 'Comportement organisationnel', 'Organisatiegedrag', 'Organisationsverhalten', 'Organizational theory & behaviour']",5
BOOK00663,Organizational behavior,1,OL38917A,Robert Kreitner,1989.0,,"['Organizational behavior', 'Psicologia organizacional', 'Comportamento organizacional', 'Organisatiesociologie', 'Comportamiento organizacional', 'Behavior', 'Decision Making', 'Organisatiegedrag', 'Einfu\x98hrung', 'Organisationsverhalten', 'Comportement organisationnel', 'Business &amp; economics', 'Management']",3
BOOK00663,Organizational behavior,2,OL1480578A,Angelo Kinicki,1989.0,,"['Organizational behavior', 'Psicologia organizacional', 'Comportamento organizacional', 'Organisatiesociologie', 'Comportamiento organizacional', 'Behavior', 'Decision Making', 'Organisatiegedrag', 'Einfu\x98hrung', 'Organisationsverhalten', 'Comportement organisationnel', 'Business &amp; economics', 'Management']",2
BOOK00664,Organizational behavior,1,OL227214A,Don Hellriegel,1976.0,,"['Management', 'Organizational behavior', 'Case studies', 'Organization', 'Management - General', 'Business / Economics / Finance', 'Organizational Behavior In Business', 'Business & Economics', 'Business/Economics', 'Business & Economics / Organizational Behavior', 'Comportement organisationnel', 'Organisatiegedrag', 'Gestion', 'Organisationsverhalten', 'Organisation', ""Gestion d'entreprise""]",1
BOOK00664,Organizational behavior,2,OL3011892A,Hellriegel,1976.0,,"['Management', 'Organizational behavior', 'Case studies', 'Organization', 'Management - General', 'Business / Economics / Finance', 'Organizational Behavior In Business', 'Business & Economics', 'Business/Economics', 'Business & Economics / Organizational Behavior', 'Comportement organisationnel', 'Organisatiegedrag', 'Gestion', 'Organisationsverhalten', 'Organisation', ""Gestion d'entreprise""]",1
BOOK00664,Organizational behavior,3,OL342981A,John W. Slocum,1976.0,,"['Management', 'Organizational behavior', 'Case studies', 'Organization', 'Management - General', 'Business / Economics / Finance', 'Organizational Behavior In Business', 'Business & Economics', 'Business/Economics', 'Business & Economics / Organizational Behavior', 'Comportement organisationnel', 'Organisatiegedrag', 'Gestion', 'Organisationsverhalten', 'Organisation', ""Gestion d'entreprise""]",1
BOOK00665,Organizational behavior,1,OL28337A,Steven Lattimore McShane,2000.0,,"['Organizational behavior', 'Organisationsverhalten', 'Organisationsforschung', 'Organisationssoziologie']",1
BOOK00666,International dimensions of organizational behavior,1,OL491328A,Nancy J. Adler,1986.0,,"['Cross-cultural studies', 'Organizational behavior', 'Management', 'Organisaties', 'Organisation', 'Culturele verschillen', 'Kulturvergleich', 'Comportement organisationnel', 'Études transculturelles', 'Multinationales Unternehmen', 'Kulturelle Identität', 'Gestion interculturelle', 'Organisationsverhalten', 'open_syllabus_project']",1
BOOK00667,Organizational behavior,1,OL397106A,John W. Newstrom,1993.0,,"['Industrial sociology', 'Organizational behavior', 'Comportement organisationnel', 'Organisatiegedrag', 'Sociologie du travail', 'Psychologie du travail', 'Business &amp; economics']",1
BOOK00667,Organizational behavior,2,OL128085A,Keith Davis,1993.0,,"['Industrial sociology', 'Organizational behavior', 'Comportement organisationnel', 'Organisatiegedrag', 'Sociologie du travail', 'Psychologie du travail', 'Business &amp; economics']",3
BOOK00668,Human behavior at work,1,OL128085A,Keith Davis,1971.0,,"['Industrial sociology', 'Organizational behavior', 'Comportement organisationnel', 'Arbeids- en organisatiepsychologie', 'Organisatiegedrag', 'Sociologie industrielle', 'Industrial Psychology', 'Work', 'Social Psychology', 'Personnel Management', 'Organisationsverhalten', 'Arbeitspsychologie', 'Betriebspsychologie']",3
BOOK00669,Organizational behavior and management,1,OL223925A,John M. Ivancevich,1987.0,,"['Organizational behavior', 'Management', 'Compensation management']",2
BOOK00669,Organizational behavior and management,2,OL2639584A,Robert Konopaske,1987.0,,"['Organizational behavior', 'Management', 'Compensation management']",1
BOOK00669,Organizational behavior and management,3,OL1078587A,Michael T. Matteson,1987.0,,"['Organizational behavior', 'Management', 'Compensation management']",1
BOOK00670,Managing organizational behavior,1,OL228002A,John R. Schermerhorn,1982.0,,"['Management', 'Organizational behavior', 'Comportement organisationnel', 'Arbeids- en organisatiepsychologie', 'Gestion', 'Organization', 'Organisationsverhalten', 'Leadership']",2
BOOK00671,Organizational behavior,1,OL5450786A,Jason Colquitt,2009.0,,"['Consumer satisfaction', 'Job satisfaction', 'Organizational Culture', 'Organizational behavior', 'Personnel management', 'Strategic planning', 'Corporate culture', 'Comportement organisationnel', 'Personnel', 'Direction', 'Planification stratégique', 'Consommateurs', 'Satisfaction', 'Satisfaction au travail', 'Economics']",2
BOOK00672,Organizational behavior,1,OL228002A,John R. Schermerhorn,1997.0,,"['Management', 'Organizational behavior', ""Manuels d'enseignement superieur"", 'Comportement organisationnel', 'Gestion', 'Textbooks', 'Organisatiegedrag', 'Medical', 'Nursing']",2
BOOK00672,Organizational behavior,2,OL763752A,James G. Hunt,1997.0,,"['Management', 'Organizational behavior', ""Manuels d'enseignement superieur"", 'Comportement organisationnel', 'Gestion', 'Textbooks', 'Organisatiegedrag', 'Medical', 'Nursing']",1
BOOK00672,Organizational behavior,3,OL2736896A,Richard N. Osborn,1997.0,,"['Management', 'Organizational behavior', ""Manuels d'enseignement superieur"", 'Comportement organisationnel', 'Gestion', 'Textbooks', 'Organisatiegedrag', 'Medical', 'Nursing']",1
BOOK00673,Organizational behavior,1,OL1397152A,"Nelson, Debra L.",1994.0,,"['Organizational behavior', 'Organizational theory & behaviour', 'Business & Economics', 'Business / Economics / Finance', 'Textbooks', 'Business/Economics', 'Human Resources & Personnel Management', 'Business & Economics / Organizational Behavior']",1
BOOK00673,Organizational behavior,2,OL3236149A,Debra L. Nelson,1994.0,,"['Organizational behavior', 'Organizational theory & behaviour', 'Business & Economics', 'Business / Economics / Finance', 'Textbooks', 'Business/Economics', 'Human Resources & Personnel Management', 'Business & Economics / Organizational Behavior']",2
BOOK00673,Organizational behavior,3,OL3038563A,James Campbell Quick,1994.0,,"['Organizational behavior', 'Organizational theory & behaviour', 'Business & Economics', 'Business / Economics / Finance', 'Textbooks', 'Business/Economics', 'Human Resources & Personnel Management', 'Business & Economics / Organizational Behavior']",2
BOOK00674,Organizational Behavior,1,OL2634548A,Christopher P. Neck,2015.0,,['Organizational behavior'],1
BOOK00674,Organizational Behavior,2,OL7675120A,Jeffery D. Houghton,2015.0,,['Organizational behavior'],1
BOOK00674,Organizational Behavior,3,OL7659105A,Emma L. Murray,2015.0,,['Organizational behavior'],1
BOOK00675,Introduction to organizational behavior,1,OL230982A,Richard M. Steers,1981.0,,"['Industrial Psychology', 'Industrial management', 'Organizational behavior', 'Psychology, Industrial']",1
BOOK00676,Understanding and Managing Organizational Behavior,1,OL226973A,Jennifer M. George,2002.0,,"['Organizational effectiveness', 'Organizational behavior', 'Personnel management']",2
BOOK00676,Understanding and Managing Organizational Behavior,2,OL389425A,Gareth R. Jones,2002.0,,"['Organizational effectiveness', 'Organizational behavior', 'Personnel management']",4
BOOK00677,Organizational behavior in education,1,OL391875A,Robert G. Owens,1981.0,,"['Organizational behavior', 'School management and organization', 'Schoolorganisatie', 'Schulorganisation', 'Organisationspsychologie', 'Schule', 'Organisationsverhalten', 'Bildungswesen', 'Administration scolaire', 'Comportement organisationnel', 'Schulverwaltung', '81.40 educational organization on meso-level: general', 'Skoladministration', 'Educational evaluation']",1
BOOK00677,Organizational behavior in education,2,OL2673094A,Thomas Valesky,1981.0,,"['Organizational behavior', 'School management and organization', 'Schoolorganisatie', 'Schulorganisation', 'Organisationspsychologie', 'Schule', 'Organisationsverhalten', 'Bildungswesen', 'Administration scolaire', 'Comportement organisationnel', 'Schulverwaltung', '81.40 educational organization on meso-level: general', 'Skoladministration', 'Educational evaluation']",1
BOOK00678,Organizational behavior,1,OL2640119A,Steven McShane,2006.0,,"['Organizational behavior', 'Comportamento organizacional', 'Organisatiegedrag']",1
BOOK00678,Organizational behavior,2,OL2640120A,Mary Ann Von Glinow,2006.0,,"['Organizational behavior', 'Comportamento organizacional', 'Organisatiegedrag']",1
BOOK00679,Organizational behavior,1,OL1480578A,Angelo Kinicki,2003.0,,['Organizational behavior'],2
BOOK00679,Organizational behavior,2,OL38917A,Robert Kreitner,2003.0,,['Organizational behavior'],3
BOOK00680,Organizational behavior,1,OL381981A,Dorothy Marcic,1986.0,,"['Organizational behavior', 'Problems, exercises', 'Problems, exercises, etc', 'Comportement organisationnel', 'Problemes et exercices', 'Leadership', 'Business / Economics / Finance']",1
BOOK00680,Organizational behavior,2,OL3296061A,Hai,1986.0,,"['Organizational behavior', 'Problems, exercises', 'Problems, exercises, etc', 'Comportement organisationnel', 'Problemes et exercices', 'Leadership', 'Business / Economics / Finance']",1
BOOK00680,Organizational behavior,3,OL3307659A,Joe Seltzer,1986.0,,"['Organizational behavior', 'Problems, exercises', 'Problems, exercises, etc', 'Comportement organisationnel', 'Problemes et exercices', 'Leadership', 'Business / Economics / Finance']",1
BOOK00680,Organizational behavior,4,OL2877248A,Peter Vaill,1986.0,,"['Organizational behavior', 'Problems, exercises', 'Problems, exercises, etc', 'Comportement organisationnel', 'Problemes et exercices', 'Leadership', 'Business / Economics / Finance']",1
BOOK00680,Organizational behavior,5,OL3011854A,Marcic,1986.0,,"['Organizational behavior', 'Problems, exercises', 'Problems, exercises, etc', 'Comportement organisationnel', 'Problemes et exercices', 'Leadership', 'Business / Economics / Finance']",1
BOOK00681,Organizational Behavior,1,OL33897A,Stephen P. Robbins,2013.0,,['Economics'],5
BOOK00681,Organizational Behavior,2,OL2654440A,Tim Judge,2013.0,,['Economics'],1
BOOK00682,Organizational behavior,1,OL407371A,Gregory Moorhead,1989.0,,"['Organizational behavior', 'Comportement organisationnel', 'Arbeids- en organisatiepsychologie', 'Psicologia organizacional', 'Comportamento organizacional', 'Direction', 'Psychologie du travail', 'Personnel', 'Ressources humaines']",1
BOOK00683,Managing organizational behavior,1,OL2877531A,Timothy T. Baldwin,2013.0,,"['Executive ability', 'Management', 'Study and teaching', 'Organizational behavior', 'Management, study and teaching']",1
BOOK00684,Organizational behavior,1,OL658641A,Joyce Osland,2001.0,,"['Industrial Psychology', 'Organizational behavior', 'Psicologia', 'Administração de empresas', 'Organisatiegedrag']",1
BOOK00685,Organizational behavior,1,OL220539A,Judith R. Gordon,1996.0,,"['Personnel management', 'Organizational behavior', 'Comportement organisationnel', 'Organisatiegedrag', 'Organisationsverhalten']",1
BOOK00686,Organizational behavior,1,OL388469A,Fred Luthans,1997.0,,"['Organizational behavior', 'Economics']",2
BOOK00687,Organizational behavior in health care,1,OL3247664A,Nancy Borkowski,2009.0,,"['Organizational Culture', 'Group Processes', 'Industrial Psychology', 'Organizational behavior', 'Health facilities', 'Health services administration', 'Health Personnel', 'Personnel management', 'Psychology']",1
BOOK00688,Organizational Behavior,1,OL223415A,Ricky W. Griffin,1986.0,,['Organizational behavior'],2
BOOK00689,Organizational behavior,1,OL725170A,Gregory B. Northcraft,1990.0,,"['Management', 'Organizational behavior', 'Study and teaching']",1
BOOK00690,Organizational behavior,1,OL387911A,John A. Wagner,1997.0,,"['Organizational behaviour', 'Case studies', 'Organizational behavior']",1
BOOK00690,Organizational behavior,2,OL2655520A,John A. Wagner,1997.0,,"['Organizational behaviour', 'Case studies', 'Organizational behavior']",1
BOOK00690,Organizational behavior,3,OL2639667A,John R. Hollenbeck,1997.0,,"['Organizational behaviour', 'Case studies', 'Organizational behavior']",3
BOOK00691,Organizational behavior,1,OL38917A,Robert Kreitner,2010.0,,"['Organizational behavior', 'Business &amp; economics']",3
BOOK00692,"Work Motivation in Organizational Behavior, 2nd ed",1,OL395220A,Craig C. Pinder,2008.0,,"['Employee motivation', 'Organizational behavior', 'Motivation', 'Personnel', 'Arbeitsverhalten', 'Comportement organisationnel', 'Arbeitsmotivation', 'Organisationsverhalten']",1
BOOK00693,Organizational behavior,1,OL444568A,Joseph E. Champoux,2002.0,,"['Organizational behavior', 'Economics']",1
BOOK00694,Management of Organizational Behavior,1,OL21502A,Kenneth H. Blanchard,2000.0,,"['Leadership', 'Organization and Administration', 'Management', 'Organisatiegedrag', 'Organizational behavior', 'Personeelsmanagement', 'Leiderschap', 'Organizational Culture', 'Social Behavior']",3
BOOK00695,International Organizational Behavior,1,OL3500659A,Dean McFarlin,2012.0,,"['Organizational behavior', 'International business enterprises', 'Management', 'Comportement organisationnel', 'Entreprises multinationales', 'Gestion', 'BUSINESS & ECONOMICS', 'Industrial Management', 'Management Science', 'Organizational Behavior']",1
BOOK00695,International Organizational Behavior,2,OL269584A,Paul Sweeney,2012.0,,"['Organizational behavior', 'International business enterprises', 'Management', 'Comportement organisationnel', 'Entreprises multinationales', 'Gestion', 'BUSINESS & ECONOMICS', 'Industrial Management', 'Management Science', 'Organizational Behavior']",1
BOOK00696,Essentials of Organizational Behavior,1,OL3040839A,Terri A. Scandura,2015.0,,"['Organizational behavior', 'Organizational change']",1
BOOK00697,Organizational behavior,1,OL128085A,Keith Davis,1974.0,,"['Industrial sociology', 'Personnel management', 'Organizational behavior']",3
BOOK00698,Organizational Behaviour,1,OL833994A,Karlene H. Roberts,1991.0,,"['Management - General', 'Business / Economics / Finance']",1
BOOK00698,Organizational Behaviour,2,OL2667355A,Hunt,1991.0,,"['Management - General', 'Business / Economics / Finance']",1
BOOK00699,Organizational behavior,1,OL1435358A,Linda K. Stroh,2001.0,,"['Management Science', 'Management', 'Industrial Management', 'Organizational Behavior', 'BUSINESS & ECONOMICS', 'Organisatiegedrag', 'Hd58.7 .n68 2002', '658']",1
BOOK00700,Essentials of Organizational Behavior,1,OL1394466A,John J. Wild,2007.0,,"['International business enterprises', 'International trade', 'Organizational behavior', 'Organisationsverhalten']",1
BOOK00700,Essentials of Organizational Behavior,2,OL2649709A,Kenneth L. Wild,2007.0,,"['International business enterprises', 'International trade', 'Organizational behavior', 'Organisationsverhalten']",1
BOOK00700,Essentials of Organizational Behavior,3,OL8152174A,Alverne Ball,2007.0,,"['International business enterprises', 'International trade', 'Organizational behavior', 'Organisationsverhalten']",1
BOOK00700,Essentials of Organizational Behavior,4,OL3327432A,Timothy A. Judge,2007.0,,"['International business enterprises', 'International trade', 'Organizational behavior', 'Organisationsverhalten']",1
BOOK00700,Essentials of Organizational Behavior,5,OL33897A,Stephen P. Robbins,2007.0,,"['International business enterprises', 'International trade', 'Organizational behavior', 'Organisationsverhalten']",5
BOOK00701,Loose Leaf Organizational Behavior,1,OL5450786A,Jason Colquitt,2010.0,,"['Organizational behavior', 'Personnel management', 'Strategic planning', 'Consumer satisfaction', 'Job satisfaction']",2
BOOK00701,Loose Leaf Organizational Behavior,2,OL7807077A,Jeffery LePine,2010.0,,"['Organizational behavior', 'Personnel management', 'Strategic planning', 'Consumer satisfaction', 'Job satisfaction']",1
BOOK00701,Loose Leaf Organizational Behavior,3,OL7807078A,Michael Wesson,2010.0,,"['Organizational behavior', 'Personnel management', 'Strategic planning', 'Consumer satisfaction', 'Job satisfaction']",1
BOOK00702,Managing organizational behavior,1,OL720319A,Henry L. Tosi,1986.0,,"['Organizational behavior', 'Management']",1
BOOK00703,Organizational behavior,1,OL25174A,Afsaneh Nahavandi,1998.0,,['Organizational behavior'],1
BOOK00703,Organizational behavior,2,OL2654622A,Ali R. Malekzadeh,1998.0,,['Organizational behavior'],1
BOOK00704,Organizational Behavior,1,OL3012031A,Newstrom,2014.0,,"['Organizational behavior', 'Industrial sociology']",1
BOOK00705,Organizational behavior,1,OL447441A,"Nelson, Debra L.",1994.0,,"['Organizational behavior', 'Organizational theory & behaviour', 'Organizational Behavior In Business', 'Business/Economics']",1
BOOK00705,Organizational behavior,2,OL3236149A,Debra L. Nelson,1994.0,,"['Organizational behavior', 'Organizational theory & behaviour', 'Organizational Behavior In Business', 'Business/Economics']",2
BOOK00705,Organizational behavior,3,OL3038563A,James Campbell Quick,1994.0,,"['Organizational behavior', 'Organizational theory & behaviour', 'Organizational Behavior In Business', 'Business/Economics']",2
BOOK00706,Organizational Behavior,1,OL7136242A,Mary Uhl-Bien,2013.0,,[],1
BOOK00706,Organizational Behavior,2,OL8356072A,Ronald F. Piccolo,2013.0,,[],1
BOOK00706,Organizational Behavior,3,OL7907538A,"Schermerhorn, John R., Jr.",2013.0,,[],1
BOOK00707,International organizational behavior,1,OL389221A,Anne Marie Francesco,1997.0,,"['International business enterprises', 'Organizational behavior', 'Organizational behavior.', 'International & foreign business enterprises - general & miscellaneous', 'Organizational behavior - general & miscellaneous']",1
BOOK00707,International organizational behavior,2,OL2653882A,Barry Allen Gold,1997.0,,"['International business enterprises', 'Organizational behavior', 'Organizational behavior.', 'International & foreign business enterprises - general & miscellaneous', 'Organizational behavior - general & miscellaneous']",1
BOOK00708,Managerial Economics & Business Strategy,1,OL532682A,Michael R. Baye,1994.0,,"['Managerial economics', 'Strategic planning', 'Planificacio n estrate gica', 'Strategie', 'Economi a gerencial', 'Besluitvorming', 'Planification strate gique', 'Strategisches Management', 'Bedrijfseconomie', 'Wirtschaftswissenschaften', 'Business economics', ""E conomie d'entreprise"", 'Business strategy', 'Microeconomics', 'Business & Economics', 'Business / Economics / Finance', 'Business/Economics', 'Economics - Microeconomics', 'Business & Economics / Economics / General', 'Economic History']",2
BOOK00708,Managerial Economics & Business Strategy,2,OL2639750A,Michael Baye,1994.0,,"['Managerial economics', 'Strategic planning', 'Planificacio n estrate gica', 'Strategie', 'Economi a gerencial', 'Besluitvorming', 'Planification strate gique', 'Strategisches Management', 'Bedrijfseconomie', 'Wirtschaftswissenschaften', 'Business economics', ""E conomie d'entreprise"", 'Business strategy', 'Microeconomics', 'Business & Economics', 'Business / Economics / Finance', 'Business/Economics', 'Economics - Microeconomics', 'Business & Economics / Economics / General', 'Economic History']",1
BOOK00709,Your Next Five Moves,1,OL7657408A,Patrick Bet-David,2020.0,,['Economics'],1
BOOK00709,Your Next Five Moves,2,OL2629810A,Greg Dinkin,2020.0,,['Economics'],1
BOOK00710,The brand gap,1,OL1237664A,Marty Neumeier,2003.0,,"['Brand name products', 'Marketing', 'Planning', 'Branding (Marketing)', 'Internet marketing']",1
BOOK00711,Developing business strategies,1,OL220279A,David A. Aaker,1984.0,,"['Strategic planning', 'Marketing', 'Management', 'Planification stratégique', 'Strategisch management', 'Marketing, management', 'Corporate planning', 'Business planning', 'Industrial management']",4
BOOK00712,Business strategy,1,OL730657A,John Grieve Smith,1985.0,,"['Business planning', 'Management', 'Strategic planning', 'Corporate planning', 'Business']",1
BOOK00713,International business strategy,1,OL492603A,Alain Verbeke,2008.0,,"['Business', 'Nonfiction', 'International business enterprises', 'Management', 'Case studies', 'Strategic planning', 'International business', 'Strategisches Management', 'Internationales Management', 'Business strategy', 'Strategische Planung', 'Multinationales Unternehmen', 'Strategische Unternehmensführung', 'Multinational companies', 'Industrial management', 'Industrial management, case studies', 'BUSINESS & ECONOMICS / International / General']",2
BOOK00715,Corporate identity,1,OL884162A,Wally Olins,1989.0,,"['Industrial design coordination', 'Organizational behavior', 'Corporate image', 'Corporations', 'Industrial design', 'Entreprises', 'Image', 'Marques de commerce', 'Communication visuelle', 'Art publicitaire', 'Logotypes']",1
BOOK00716,Creating valuable business strategies,1,OL433587A,Shiv Sahai Mathur,2007.0,,"['Business planning', 'Strategic planning', 'Management & management techniques', 'Business & Economics', 'Business / Economics / Finance', 'Business/Economics', 'Management - General', 'Business & Investing', 'Business & Economics / Management', 'Success in business', 'Planification stratégique', 'BUSINESS & ECONOMICS', 'Strategic Planning']",1
BOOK00716,Creating valuable business strategies,2,OL2825852A,Shiv S Mathur,2007.0,,"['Business planning', 'Strategic planning', 'Management & management techniques', 'Business & Economics', 'Business / Economics / Finance', 'Business/Economics', 'Management - General', 'Business & Investing', 'Business & Economics / Management', 'Success in business', 'Planification stratégique', 'BUSINESS & ECONOMICS', 'Strategic Planning']",1
BOOK00716,Creating valuable business strategies,3,OL882934A,Alfred Kenyon,2007.0,,"['Business planning', 'Strategic planning', 'Management & management techniques', 'Business & Economics', 'Business / Economics / Finance', 'Business/Economics', 'Management - General', 'Business & Investing', 'Business & Economics / Management', 'Success in business', 'Planification stratégique', 'BUSINESS & ECONOMICS', 'Strategic Planning']",1
BOOK00717,7 Powers,1,OL7987385A,Hamilton Helmer,2016.0,,[],1
BOOK00718,International Business Strategy,1,OL492603A,Alain Verbeke,2009.0,,"['International business enterprises', 'Industrial management', 'Strategic planning']",2
BOOK00719,Aligning human resources and business strategy,1,OL265995A,Linda Holbeche,2001.0,,"['Manpower planning', 'Human capital', 'Organizational learning', 'Organizational change', 'Personnel management', 'Strategic planning', 'Business planning', 'Organizational Innovation', 'Personnel Management', ""Main-d'œuvre"", 'Planification', 'Planification stratégique', 'Changement organisationnel', 'Apprentissage organisationnel', 'Personnel', 'Direction', 'BUSINESS & ECONOMICS / General', 'BUSINESS & ECONOMICS / Human Resources & Personnel Management']",2
BOOK00720,Business strategy,1,OL1608050A,Jeremy Kourdi,2003.0,,"['Business planning', 'Strategic planning', 'Decision making']",2
BOOK00721,Acting as a business,1,OL237651A,Brian O'Neil,1993.0,,"['Acting', 'Vocational guidance', 'Acting, vocational guidance']",1
BOOK00722,Opening Digital Markets,1,OL399968A,Walid Mougayar,1997.0,,"['Planning', 'Business enterprises', 'Internet marketing', 'Electronic commerce', 'Computer networks', 'Strategic planning']",1
BOOK00723,International Business Strategy,1,OL52310A,Peter J. Buckley,2015.0,,"['International business enterprises', 'Cross-cultural studies', 'Case studies', 'Management', 'International trade', 'BUSINESS & ECONOMICS / General', 'BUSINESS & ECONOMICS / International / General', 'BUSINESS & ECONOMICS / Strategic Planning', 'Entreprises multinationales', 'Études transculturelles', 'Études de cas', 'Gestion', 'Commerce international', 'BUSINESS & ECONOMICS', 'General', 'International', 'Strategic Planning', 'Business and Management', 'Industrial Management', 'Management Science', 'Organizational Behavior']",1
BOOK00723,International Business Strategy,2,OL2641400A,Pervez Ghauri,2015.0,,"['International business enterprises', 'Cross-cultural studies', 'Case studies', 'Management', 'International trade', 'BUSINESS & ECONOMICS / General', 'BUSINESS & ECONOMICS / International / General', 'BUSINESS & ECONOMICS / Strategic Planning', 'Entreprises multinationales', 'Études transculturelles', 'Études de cas', 'Gestion', 'Commerce international', 'BUSINESS & ECONOMICS', 'General', 'International', 'Strategic Planning', 'Business and Management', 'Industrial Management', 'Management Science', 'Organizational Behavior']",1
BOOK00724,Swipe to Unlock,1,OL2846407A,Neel Mehta,2017.0,,[],1
BOOK00724,Swipe to Unlock,2,OL7989361A,Aditya Agashe,2017.0,,[],1
BOOK00724,Swipe to Unlock,3,OL7989362A,Parth Detroja,2017.0,,[],1
BOOK00725,Media Telecommunications And Business Strategy,1,OL533987A,Richard A. Gershon,2013.0,,"['Telecommunication', 'Strategic planning', 'Communication and traffic', 'LANGUAGE ARTS & DISCIPLINES / Communication Studies', 'Management', 'Mass media', 'SOCIAL SCIENCE / Media Studies', 'Télécommunications', 'Gestion', 'Médias', 'LANGUAGE ARTS & DISCIPLINES', 'Communication Studies', 'SOCIAL SCIENCE', 'Media Studies', 'BUSINESS & ECONOMICS', 'Industries', 'Media & Communications', 'TECHNOLOGY & ENGINEERING', 'Telecommunications', 'LANGUAGE ARTS & DISCIPLINES / Communication']",1
BOOK00726,Business strategy,1,OL5202953A,David Campbell,2002.0,,"['Business planning', 'Strategic planning', 'BUSINESS & ECONOMICS', 'Business, handbooks, manuals, etc.', 'Planification stratégique']",1
BOOK00727,Taxes and business strategy,1,OL698759A,Myron S. Scholes,2001.0,,"['Belastingen', 'Steuerbelastung', 'Taxation', 'Law and legislation', 'Impuestos', 'Business enterprises', 'Empresas', 'Steuerplanung', 'Unternehmen', 'Strategische planning', 'Tax planning', 'Business enterprises, taxation']",2
BOOK00727,Taxes and business strategy,2,OL2649358A,Mark A. Wolfson,2001.0,,"['Belastingen', 'Steuerbelastung', 'Taxation', 'Law and legislation', 'Impuestos', 'Business enterprises', 'Empresas', 'Steuerplanung', 'Unternehmen', 'Strategische planning', 'Tax planning', 'Business enterprises, taxation']",1
BOOK00727,Taxes and business strategy,3,OL2649359A,Merle M. Erickson,2001.0,,"['Belastingen', 'Steuerbelastung', 'Taxation', 'Law and legislation', 'Impuestos', 'Business enterprises', 'Empresas', 'Steuerplanung', 'Unternehmen', 'Strategische planning', 'Tax planning', 'Business enterprises, taxation']",1
BOOK00727,Taxes and business strategy,4,OL1453625A,Edward L. Maydew,2001.0,,"['Belastingen', 'Steuerbelastung', 'Taxation', 'Law and legislation', 'Impuestos', 'Business enterprises', 'Empresas', 'Steuerplanung', 'Unternehmen', 'Strategische planning', 'Tax planning', 'Business enterprises, taxation']",1
BOOK00727,Taxes and business strategy,5,OL2649360A,Terry J. Shevlin,2001.0,,"['Belastingen', 'Steuerbelastung', 'Taxation', 'Law and legislation', 'Impuestos', 'Business enterprises', 'Empresas', 'Steuerplanung', 'Unternehmen', 'Strategische planning', 'Tax planning', 'Business enterprises, taxation']",1
BOOK00727,Taxes and business strategy,6,OL2649361A,Edward Maydew,2001.0,,"['Belastingen', 'Steuerbelastung', 'Taxation', 'Law and legislation', 'Impuestos', 'Business enterprises', 'Empresas', 'Steuerplanung', 'Unternehmen', 'Strategische planning', 'Tax planning', 'Business enterprises, taxation']",1
BOOK00727,Taxes and business strategy,7,OL2649362A,Terry Shevlin,2001.0,,"['Belastingen', 'Steuerbelastung', 'Taxation', 'Law and legislation', 'Impuestos', 'Business enterprises', 'Empresas', 'Steuerplanung', 'Unternehmen', 'Strategische planning', 'Tax planning', 'Business enterprises, taxation']",1
BOOK00728,Global Business Strategy,1,OL3391341A,Robin John,1997.0,,"['International business enterprises', 'Management', 'Business planning', 'Internationaal bedrijfsleven', 'Strategische planning', 'Internationales Management', 'Relations économiques internationales']",1
BOOK00729,The New Positioning,1,OL446800A,Jack Trout,1995.0,,"['Positioning (Advertising)', 'Business', 'Nonfiction', 'Produktpositionierung', 'Business planning', 'Strategic planning', 'Positionnement (Publicité)', 'BUSINESS & ECONOMICS', 'Advertising & Promotion', 'Business, handbooks, manuals, etc.', 'Advertising', 'Case studies']",1
BOOK00730,Managerial Economics and Business Strategy,1,OL7466902A,Michael R. Baye,2008.0,,['Economics'],1
BOOK00730,Managerial Economics and Business Strategy,2,OL7696713A,Jeff Prince,2008.0,,['Economics'],1
BOOK00731,Business Strategy,1,OL8057057A,J. -C Spender,2014.0,,"['Strategic planning', 'Business planning', 'Uncertainty', 'Strategisches Management']",1
BOOK00732,Business strategy and policy,1,OL897135A,Garry D. Smith,1985.0,,"['Case studies', 'Strategic planning']",1
BOOK00733,Demand-Driven Business Strategy,1,OL452035A,Cor Molenaar,2022.0,,"['Organizational change', 'Management', 'Technological innovations', 'Business planning', 'Organizational Innovation', 'Changement organisationnel', 'Gestion', 'Innovations', 'BUSINESS & ECONOMICS / Strategic Planning', 'BUSINESS & ECONOMICS / E-Commerce / Internet Marketing']",1
BOOK00734,The 33 Strategies of War,1,OL236414A,Robert Greene,1998.0,,"['Business', 'Nonfiction', 'Psychology', 'Control (Psychology)', 'Interpersonal conflict', 'Military art and science', 'Conduct of life', 'Strategy', 'Leadership', 'Life skills', 'Handbooks, manuals', 'Success']",1
BOOK00734,The 33 Strategies of War,2,OL3056495A,Don Leslie,1998.0,,"['Business', 'Nonfiction', 'Psychology', 'Control (Psychology)', 'Interpersonal conflict', 'Military art and science', 'Conduct of life', 'Strategy', 'Leadership', 'Life skills', 'Handbooks, manuals', 'Success']",2
BOOK00735,Taxes and business strategy,1,OL698759A,Myron S. Scholes,1991.0,,"['Business enterprises', 'Tax planning', 'Taxation', 'Business enterprises, taxation', 'Business enterprises, united states', 'Law and legislation', 'Steuerplanung', 'Steuerrecht', 'Steuervermeidung', 'Strategisches Management', 'Unternehmen', 'Strategische planning', 'Strategisch management', 'Belastingen', 'Fiscale aspecten']",2
BOOK00735,Taxes and business strategy,2,OL2656470A,Myron Scholes,1991.0,,"['Business enterprises', 'Tax planning', 'Taxation', 'Business enterprises, taxation', 'Business enterprises, united states', 'Law and legislation', 'Steuerplanung', 'Steuerrecht', 'Steuervermeidung', 'Strategisches Management', 'Unternehmen', 'Strategische planning', 'Strategisch management', 'Belastingen', 'Fiscale aspecten']",1
BOOK00735,Taxes and business strategy,3,OL2656471A,Mark Wolfson,1991.0,,"['Business enterprises', 'Tax planning', 'Taxation', 'Business enterprises, taxation', 'Business enterprises, united states', 'Law and legislation', 'Steuerplanung', 'Steuerrecht', 'Steuervermeidung', 'Strategisches Management', 'Unternehmen', 'Strategische planning', 'Strategisch management', 'Belastingen', 'Fiscale aspecten']",1
BOOK00736,Harvard business review on green business strategy,1,OL2634848A,Harvard Business School,2007.0,,"['Industrial management', 'Umweltschutz', 'Environmental aspects', 'Strategic planning', 'Business enterprises', 'Social responsibility of business', 'Unternehmen', 'Strategisches Management']",1
BOOK00737,Business strategy,1,OL1608050A,Jeremy Kourdi,2003.0,,"['Business planning', 'Strategic planning']",2
BOOK00738,Developing Business Strategies,1,OL220279A,David A. Aaker,2001.0,,[],4
BOOK00739,International business,1,OL828245A,S. Tamer Cavusgil,2007.0,,"['International business enterprises', 'Management', 'International business', 'International Business Administration', 'Business & Economics', 'Business / Economics / Finance', 'Business/Economics', 'International - General', 'Business & Economics / International', 'Strategic planning', 'Industrial management', 'International trade', 'Entreprises multinationales', 'Commerce international', 'Business and Management', 'Internasjonale bedrifter', 'Ledelse', 'Internasjonal handel', 'Business &amp; economics']",1
BOOK00739,International business,2,OL2866738A,Tamer Cavusgil,2007.0,,"['International business enterprises', 'Management', 'International business', 'International Business Administration', 'Business & Economics', 'Business / Economics / Finance', 'Business/Economics', 'International - General', 'Business & Economics / International', 'Strategic planning', 'Industrial management', 'International trade', 'Entreprises multinationales', 'Commerce international', 'Business and Management', 'Internasjonale bedrifter', 'Ledelse', 'Internasjonal handel', 'Business &amp; economics']",1
BOOK00739,International business,3,OL768925A,Gary Knight,2007.0,,"['International business enterprises', 'Management', 'International business', 'International Business Administration', 'Business & Economics', 'Business / Economics / Finance', 'Business/Economics', 'International - General', 'Business & Economics / International', 'Strategic planning', 'Industrial management', 'International trade', 'Entreprises multinationales', 'Commerce international', 'Business and Management', 'Internasjonale bedrifter', 'Ledelse', 'Internasjonal handel', 'Business &amp; economics']",1
BOOK00739,International business,4,OL3367886A,John Riesenberger,2007.0,,"['International business enterprises', 'Management', 'International business', 'International Business Administration', 'Business & Economics', 'Business / Economics / Finance', 'Business/Economics', 'International - General', 'Business & Economics / International', 'Strategic planning', 'Industrial management', 'International trade', 'Entreprises multinationales', 'Commerce international', 'Business and Management', 'Internasjonale bedrifter', 'Ledelse', 'Internasjonal handel', 'Business &amp; economics']",1
BOOK00740,International Business Strategy and Cross-Cultural Management,1,OL9990496A,Nicole F. Richter,2022.0,,[],1
BOOK00740,International Business Strategy and Cross-Cultural Management,2,OL7080504A,Jesper Strandskov,2022.0,,[],1
BOOK00740,International Business Strategy and Cross-Cultural Management,3,OL9990497A,Sven Hauff,2022.0,,[],1
BOOK00740,International Business Strategy and Cross-Cultural Management,4,OL9990498A,Vasyl Taras,2022.0,,[],1
BOOK00741,Think Like a UX Researcher,1,OL2648409A,David Travis,2019.0,,['User interfaces (computer systems)'],1
BOOK00741,Think Like a UX Researcher,2,OL3154865A,Philip Hodgson,2019.0,,['User interfaces (computer systems)'],1
BOOK00742,Love As a Business Strategy,1,OL12433045A,Mohammad F. Anwar,2021.0,,['Business'],1
BOOK00742,Love As a Business Strategy,2,OL12433046A,Frank E. Danna,2021.0,,['Business'],1
BOOK00742,Love As a Business Strategy,3,OL12433047A,Jeffrey F. Ma,2021.0,,['Business'],1
BOOK00742,Love As a Business Strategy,4,OL12433048A,Christopher J. Pitre,2021.0,,['Business'],1
BOOK00743,Business Strategy,1,OL7954858A,Patrick J. Stroh,2014.0,,"['Leadership', 'Management', 'BUSINESS & ECONOMICS', 'Strategic planning', 'BUSINESS & ECONOMICS / Management']",1
BOOK00744,Understanding business strategy,1,OL2650732A,R. Duane Ireland,2012.0,,"['Case studies', 'Business planning', 'Strategic planning']",2
BOOK00745,Digital Business,1,OL5064299A,Annmarie Hanlon,2024.0,,[],1
BOOK00746,Corporate strategy,1,OL1010168A,H. Igor Ansoff,1965.0,,"['Business planning', 'Industrial management', 'Strategic planning', 'Corporate planning', 'Social responsibility of business', 'Corporations, finance', 'Gestion']",2
BOOK00747,Business Strategy,1,OL2732133A,George Stonehouse,2003.0,,[],1
BOOK00747,Business Strategy,2,OL7791069A,Bill Houston,2003.0,,[],1
BOOK00748,Designing Identity,1,OL3056082A,Marc English,1998.0,,"['Graphic design', 'Graphic design (Typography)', 'Commercial art', 'Advertising', 'Corporate image', 'Graphic arts', 'Printing', 'House organs', 'Pamphlets', 'Design']",1
BOOK00749,Managerial economics and business strategy,1,OL532682A,Michael R. Baye,2003.0,,"['collectionID:HSECO', 'Managerial economics', 'Strategic planning']",2
BOOK00750,e-Business strategies for virtual organizations,1,OL1098126A,Janice Burn,2002.0,,"['Electronic commerce', 'Virtual corporations', 'Commerce électronique', 'Entreprises virtuelles', 'BUSINESS & ECONOMICS', 'Management Science', 'Organizational Behavior', 'Industrial Management', 'Management']",1
BOOK00751,Managing Health Care Business Strategy,1,OL8089779A,George B. Moseley III,2016.0,,"['Medical care', 'Health facilities', 'Business management', 'Finance', 'Strategic planning', 'Financial Management', 'Methods', 'Health Facilities', 'Economics', 'Health Services Administration']",1
BOOK00752,Business strategies for the next-generation network,1,OL2909853A,Nigel Seel,2006.0,,"['Business planning', 'Computer networks', 'Strategic planning', 'Industrial management', ""Réseaux d'ordinateurs"", 'Planification stratégique', 'COMPUTERS', 'Networking', 'Vendor Specific', 'Data Transmission Systems', 'General']",1
BOOK00753,European Business Strategy,1,OL926801A,Terry Garrison,1993.0,,"['Business planning', 'Case studies', 'Strategic planning', 'Discworld (imaginary place), fiction', 'Death (fictitious character : pratchett), fiction', 'Fiction, fantasy, general']",1
BOOK00754,Business strategy,1,OL441696A,"Campbell, David J.",2011.0,,"['BUSINESS & ECONOMICS / Strategic Planning', 'Business planning', 'BUSINESS & ECONOMICS / Business Ethics', 'BUSINESS & ECONOMICS / Management', 'Strategic planning']",1
BOOK00755,Learning Domain-Driven Design,1,OL9574146A,Vladik Khononov,2021.0,,[],1
BOOK00756,International Business and Global Strategy,1,OL7276987A,Peter Zámborský,2016.0,,[],1
BOOK00757,Instagram Business - Sell on Instagram Customer Psychology : How to Use Instagram for Business : Instagram Business Strategy : Start Business - Instagram,1,OL10681772A,Sobia Publication,2022.0,,[],1
BOOK00758,Financial Accounting,1,OL402967A,Paul D. Kimmel,1998.0,,"['Accounting', 'Finanzbuchhaltung', 'Finance']",5
BOOK00759,Managerial Accounting,1,OL225203A,Jerry J. Weygandt,1999.0,,"['Rechnungslegung', 'Comptabilité de gestion', 'Managerial accounting', 'Bilanz', 'Management accounting', 'Lotus 1-2-3 (computer program)', 'Microsoft excel (computer program)']",3
BOOK00760,Business Statistics,1,OL425147A,Ken Black,1991.0,,"['Statistical decision', 'Textbooks', 'Commercial statistics', 'Statistics textbooks', 'Mathematics textbooks', 'Bedrijfsstatistiek', 'Business, statistical methods']",1
BOOK00761,Statistical analysis for decision making,1,OL146690A,Morris Hamburg,1970.0,,"['Statistical methods', 'Statistics', 'Statistical decision', 'Textbooks', 'Decision-making', 'Statistics textbooks', 'Mathematics textbooks', 'Social sciences', 'Decision making', 'Multivariate analysis']",1
BOOK00762,The managerial decision-making process,1,OL244529A,E. Frank Harrison,1975.0,,"['Decision making', 'Management']",1
BOOK00763,Judgment in managerial decision making,1,OL236063A,Max H. Bazerman,1986.0,,"['Management', 'Judgment', 'Decision making', 'Besluitvorming', 'Entscheidungsfindung', 'Entscheidungsprozess', 'Hd30.23 .b38 2009', '658.4/03', 'Business &amp; economics', 'Decision-making & problem solving']",1
BOOK00764,Administrative behavior,1,OL121675A,Herbert Alexander Simon,1947.0,,"['Management', 'Organizational behavior', 'Decision making', 'Decision-making', 'Hd31 .s55 1997', '658.4', 'Administracao', 'Organization and Administration']",1
BOOK00765,Business ethics,1,OL37425A,O. C. Ferrell,1991.0,,"['Case studies', 'Business ethics', 'Bedrijfsethiek', 'Business ethics--case studies', 'Hf5387 .f45 2002', '174/.4']",2
BOOK00765,Business ethics,2,OL2733865A,John Fraedrich,1991.0,,"['Case studies', 'Business ethics', 'Bedrijfsethiek', 'Business ethics--case studies', 'Hf5387 .f45 2002', '174/.4']",1
BOOK00765,Business ethics,3,OL2640453A,Linda Ferrell,1991.0,,"['Case studies', 'Business ethics', 'Bedrijfsethiek', 'Business ethics--case studies', 'Hf5387 .f45 2002', '174/.4']",1
BOOK00766,Business Analytics,1,OL239935A,S. Christian Albright,2014.0,,"['Industrial management', 'Decision making', 'Microsoft excel (computer program)', 'Computer programs', 'Statistical methods', 'Betriebsanalyse', 'Datenanalyse', 'Entscheidungsfindung', 'Gestion', 'Informatique', 'Statistique', 'Logiciels', 'Prise de décision', 'Microsoft Excel (Computer file)', 'Icrosoft Excel (logiciel)']",2
BOOK00766,Business Analytics,2,OL452854A,Wayne L. Winston,2014.0,,"['Industrial management', 'Decision making', 'Microsoft excel (computer program)', 'Computer programs', 'Statistical methods', 'Betriebsanalyse', 'Datenanalyse', 'Entscheidungsfindung', 'Gestion', 'Informatique', 'Statistique', 'Logiciels', 'Prise de décision', 'Microsoft Excel (Computer file)', 'Icrosoft Excel (logiciel)']",1
BOOK00767,Judgment and decision making,1,OL422889A,Peter Juslin,1999.0,,"['Judgment', 'Decision making', 'Prise de décision', 'Jugement', 'SELF-HELP', 'Motivational & Inspirational']",1
BOOK00767,Judgment and decision making,2,OL2333737A,Henry Montgomery,1999.0,,"['Judgment', 'Decision making', 'Prise de décision', 'Jugement', 'SELF-HELP', 'Motivational & Inspirational']",1
BOOK00768,Curriculum improvement,1,OL591198A,Ronald C. Doll,1964.0,,"['Curricula', 'Curriculum change', 'Education', 'Curriculum planning', ""Programmes d'études"", 'Curriculum', 'Curriculumreform', 'Curriculumplanung']",1
BOOK00769,The psychology of judgment and decision making,1,OL836577A,Scott Plous,1993.0,,"['Decision making', 'Judgment', 'Urteilen', 'Psychologie', 'Entscheidungsprozess', 'Décision', 'Comportement', 'Psychology', 'Cours de formation', 'Gestion du personnel', 'Prise de décision', 'Aspects psychologiques', 'Besluitvorming', 'Meningsvorming', 'Personnalité', 'Jugement', 'Decision making [mesh]', 'Psychology [mesh]', 'Bf448 .p56 1993', '153.8/3']",1
BOOK00770,Financial accounting,1,OL225203A,Jerry J. Weygandt,1995.0,,"['Accounting', 'Accounting.', 'Aufgabensammlung', 'Finanzbuchhaltung', 'Financial statements', 'Finance', 'Accounting, auditing']",3
BOOK00771,Financial decision making,1,OL835181A,John J. Hampton,1976.0,,"['Finance', 'Sociétés', 'Corporations', 'Finances', 'Corporations, finance']",1
BOOK00772,Executive decision making,1,OL2189463A,Manley Howe Jones,1957.0,,"['Industrial management', 'Executives']",1
BOOK00773,Policy paradox,1,OL2685917A,Deborah Stone,2012.0,,"['Policy sciences', 'Economic aspects', 'Political planning', 'Beleidsvorming', 'Economics', 'Policyanalys', 'Public Policy', 'Politieke besluitvorming', 'Policy sciences--economic aspects', 'Political planning--economic aspects', 'Public policy--economics', 'H97 .s83 2012', 'H 97 s76 2012', '320.6']",1
BOOK00774,Career decision making,1,OL586777A,W. Bruce Walsh,1988.0,,"['Career development', 'Decision making', 'Career changes', 'Psychology', 'Vocational guidance', 'Plan de carrière', 'Prise de décision', 'Secondes carrières']",1
BOOK00774,Career decision making,2,OL658799A,Samuel H. Osipow,1988.0,,"['Career development', 'Decision making', 'Career changes', 'Psychology', 'Vocational guidance', 'Plan de carrière', 'Prise de décision', 'Secondes carrières']",1
BOOK00775,An introduction to management science,1,OL78984A,David Ray Anderson,1976.0,,"['Linear programming', 'Management', 'Management science', 'Mathematical models', 'Operations research', 'Recherche operationnelle', 'Programmation lineaire', 'Gestion', 'Modeles mathematiques', 'Operations Research', 'DECISION THEORY', 'MANAGEMENT METHODS', 'OPERATIONS RESEARCH', 'LINEAR PROGRAMMING', 'DECISION MAKING', 'Kwantitatieve methoden', 'Besliskunde', 'Administração', 'Valor (administração)', 'Programação linear']",3
BOOK00776,Argumentation and debate,1,OL30687A,Austin J. Freeley,1961.0,,"['Critical thinking', 'Debates and debating', 'Decision making', 'Decision-making', 'Persuasion (Rhetoric)', 'Reasoning', 'Besluitvorming', 'Debatten', 'Communication Studies', 'Language Arts / Linguistics / Literacy', 'General', 'Language Arts & Disciplines', 'Textbooks', 'Theater - General', 'Language', 'Speech', 'Language Arts & Disciplines / Speech', 'Public Speaking']",1
BOOK00776,Argumentation and debate,2,OL2777196A,David L. Steinberg,1961.0,,"['Critical thinking', 'Debates and debating', 'Decision making', 'Decision-making', 'Persuasion (Rhetoric)', 'Reasoning', 'Besluitvorming', 'Debatten', 'Communication Studies', 'Language Arts / Linguistics / Literacy', 'General', 'Language Arts & Disciplines', 'Textbooks', 'Theater - General', 'Language', 'Speech', 'Language Arts & Disciplines / Speech', 'Public Speaking']",1
BOOK00777,Sales management,1,OL550262A,Thomas N. Ingram,2005.0,,"['Sales management', 'Sales & marketing', 'Business & Economics', 'Business / Economics / Finance', 'Textbooks', 'Business/Economics', 'Management - General', 'Sales & Selling - Management', 'Business & Economics / Management', 'BUSINESS & ECONOMICS', 'Sales & Selling', 'Marketing', 'General']",1
BOOK00777,Sales management,2,OL2627347A,Raymond W. Laforge,2005.0,,"['Sales management', 'Sales & marketing', 'Business & Economics', 'Business / Economics / Finance', 'Textbooks', 'Business/Economics', 'Management - General', 'Sales & Selling - Management', 'Business & Economics / Management', 'BUSINESS & ECONOMICS', 'Sales & Selling', 'Marketing', 'General']",1
BOOK00777,Sales management,3,OL2627348A,Ramon A. Avila,2005.0,,"['Sales management', 'Sales & marketing', 'Business & Economics', 'Business / Economics / Finance', 'Textbooks', 'Business/Economics', 'Management - General', 'Sales & Selling - Management', 'Business & Economics / Management', 'BUSINESS & ECONOMICS', 'Sales & Selling', 'Marketing', 'General']",1
BOOK00777,Sales management,4,OL2627349A,"Charles H., Jr Schwepker",2005.0,,"['Sales management', 'Sales & marketing', 'Business & Economics', 'Business / Economics / Finance', 'Textbooks', 'Business/Economics', 'Management - General', 'Sales & Selling - Management', 'Business & Economics / Management', 'BUSINESS & ECONOMICS', 'Sales & Selling', 'Marketing', 'General']",1
BOOK00777,Sales management,5,OL2627350A,Michael R. Williams,2005.0,,"['Sales management', 'Sales & marketing', 'Business & Economics', 'Business / Economics / Finance', 'Textbooks', 'Business/Economics', 'Management - General', 'Sales & Selling - Management', 'Business & Economics / Management', 'BUSINESS & ECONOMICS', 'Sales & Selling', 'Marketing', 'General']",1
BOOK00778,Financial Accounting,1,OL402967A,Paul D. Kimmel,2008.0,,[],5
BOOK00779,Decision making,1,OL129765A,Irving Lester Janis,1977.0,,"['Commitment (Psychology)', 'Stress (Psychology)', 'Decision making', 'Conflict (Psychology)', 'Stress', 'Prise de décision', 'Engagement (Psychologie)', 'Psychological Stress', 'Conflit (Psychologie)', 'Psychological aspects']",1
BOOK00780,Data analysis & decision making with Microsoft Excel,1,OL239935A,S. Christian Albright,1999.0,,"['Statistical methods', 'Industrial management', 'Microsoft Excel (Computer file)', 'Computer programs', 'Decision making', 'Economics, Finance, Business and Industry', 'Management decision making', 'Business & Economics', 'Mathematics', 'Textbooks', 'Business/Economics', 'Applied', 'Probability & Statistics - General', 'Statistics', 'Mathematics / Applied', 'Decision Making & Problem Solving']",2
BOOK00780,Data analysis & decision making with Microsoft Excel,2,OL2776999A,Wayne Winston,1999.0,,"['Statistical methods', 'Industrial management', 'Microsoft Excel (Computer file)', 'Computer programs', 'Decision making', 'Economics, Finance, Business and Industry', 'Management decision making', 'Business & Economics', 'Mathematics', 'Textbooks', 'Business/Economics', 'Applied', 'Probability & Statistics - General', 'Statistics', 'Mathematics / Applied', 'Decision Making & Problem Solving']",1
BOOK00780,Data analysis & decision making with Microsoft Excel,3,OL3322990A,Christopher J. Zappe,1999.0,,"['Statistical methods', 'Industrial management', 'Microsoft Excel (Computer file)', 'Computer programs', 'Decision making', 'Economics, Finance, Business and Industry', 'Management decision making', 'Business & Economics', 'Mathematics', 'Textbooks', 'Business/Economics', 'Applied', 'Probability & Statistics - General', 'Statistics', 'Mathematics / Applied', 'Decision Making & Problem Solving']",1
BOOK00781,Financial Accounting,1,OL402967A,Paul D. Kimmel,2008.0,,"['Accounting', 'Accounting, standards', 'International business enterprises, accounting', 'Decision making, data processing', 'Managerial accounting', 'Accounting, problems, exercises, etc.']",5
BOOK00781,Financial Accounting,2,OL7447258A,Donald E. Kieso,2008.0,,"['Accounting', 'Accounting, standards', 'International business enterprises, accounting', 'Decision making, data processing', 'Managerial accounting', 'Accounting, problems, exercises, etc.']",3
BOOK00782,A primer on decision making,1,OL234151A,James G. March,1994.0,,"['Decision making', 'Hd30.23 .m368 1994', '658.4/03']",1
BOOK00783,"Management Decision-Making, Big Data and Analytics",1,OL8298977A,Simone Gressel,2020.0,,['Economics'],1
BOOK00783,"Management Decision-Making, Big Data and Analytics",2,OL3118694A,David J. Pauleen,2020.0,,['Economics'],1
BOOK00783,"Management Decision-Making, Big Data and Analytics",3,OL8298978A,Nazim Taskin,2020.0,,['Economics'],1
BOOK00784,Business ethics,1,OL391613A,Laura Pincus Hartman,2007.0,,['Business ethics'],1
BOOK00784,Business ethics,2,OL2638636A,Laura P. Hartman,2007.0,,['Business ethics'],1
BOOK00784,Business ethics,3,OL218033A,Joseph R. DesJardins,2007.0,,['Business ethics'],1
BOOK00785,DECISION MAKING,1,OL2626708A,Irving L. Janis,1979.0,,[],1
BOOK00786,Data Analytics and Decision Making,1,OL10366460A,Ali AbdulHussein,2022.0,,"['Data science and analysis: general', 'Business and management', 'Engineering: general', 'Probability and statistics', 'Data analytics']",1
BOOK00787,Multiple criteria decision making,1,OL1434833A,Milan Zeleny,1982.0,,"['Mathematical models', 'Decision making', 'Décision, prise', 'Modèles mathématiques', 'Prise de décision', 'Entscheidungsfindung']",1
BOOK00788,Nursing Fundamentals,1,OL2852718A,Rick Daniels,2003.0,,"['Nursing assessment', 'Nursing', 'Nursing Care', 'Nursing Assessment']",1
BOOK00789,Fear of Missing Out,1,OL7609129A,Patrick J. McGinnis,2020.0,,['Psychology'],1
BOOK00790,Accounting for Decision Making and Control,1,OL542424A,Jerold L. Zimmerman,1995.0,,"['Managerial accounting', 'Management', 'Decision making', 'Accounting']",1
BOOK00790,Accounting for Decision Making and Control,2,OL2865625A,Zimmerman,1995.0,,"['Managerial accounting', 'Management', 'Decision making', 'Accounting']",1
BOOK00790,Accounting for Decision Making and Control,3,OL3401020A,Will Yancey,1995.0,,"['Managerial accounting', 'Management', 'Decision making', 'Accounting']",1
BOOK00791,Accounting for managers,1,OL6512827A,Paul M. Collier,2009.0,,['Managerial accounting'],1
BOOK00792,Radical Uncertainty,1,OL4438445A,Mervyn King,2019.0,,"['Economics', 'Economics, psychological aspects', 'Consumer behavior', 'Decision making', 'Psychological aspects', 'Economic aspects', 'BUSINESS & ECONOMICS / Economics / General']",1
BOOK00792,Radical Uncertainty,2,OL676066A,John Kay,2019.0,,"['Economics', 'Economics, psychological aspects', 'Consumer behavior', 'Decision making', 'Psychological aspects', 'Economic aspects', 'BUSINESS & ECONOMICS / Economics / General']",1
BOOK00793,Managerial Accounting,1,OL225203A,Jerry J. Weygandt,2010.0,,['Managerial accounting'],3
BOOK00793,Managerial Accounting,2,OL8173710A,Ibrahim M. Aly,2010.0,,['Managerial accounting'],1
BOOK00793,Managerial Accounting,3,OL7447258A,Donald E. Kieso,2010.0,,['Managerial accounting'],3
BOOK00793,Managerial Accounting,4,OL402967A,Paul D. Kimmel,2010.0,,['Managerial accounting'],5
BOOK00794,Business ethics,1,OL37425A,O. C. Ferrell,2011.0,,"['Business ethics', 'Case studies']",2
BOOK00795,Judgment and Decision-Making,1,OL7773959A,Nancy S. Kim,2017.0,,"['Judgment', 'Decision making']",1
BOOK00796,Holistic management,1,OL236843A,Allan Savory,1998.0,,"['Environmental economics', 'Human ecology', 'Management', 'Natural resources', 'Sustainable development', 'Management & management techniques', 'Life Sciences - Ecology', 'Environmental Studies', 'Science', 'Nature/Ecology', 'Environmental Conservation & Protection - General', 'Environmental Science', 'Philosophy / Ethics & Moral Philosophy', 'Holismus', 'Entscheidungsfindung', 'Natural resources, management']",1
BOOK00796,Holistic management,2,OL3041173A,Jody Butterfield,1998.0,,"['Environmental economics', 'Human ecology', 'Management', 'Natural resources', 'Sustainable development', 'Management & management techniques', 'Life Sciences - Ecology', 'Environmental Studies', 'Science', 'Nature/Ecology', 'Environmental Conservation & Protection - General', 'Environmental Science', 'Philosophy / Ethics & Moral Philosophy', 'Holismus', 'Entscheidungsfindung', 'Natural resources, management']",1
BOOK00797,Creative decision making,1,OL897567A,H. B. Gelatt,1991.0,,"['Decision making', 'Uncertainty', 'Prise de decision', 'Industrial management']",1
BOOK00798,Economics,1,OL119802A,George Leland Bach,1954.0,,"['Economic policy', 'Economics', 'Macroeconomics', 'Microeconomics', 'Politique economique', 'Wirtschaftspolitik', 'Economie politique', 'Computers']",1
BOOK00799,The ethical decision-making manual for helping professionals,1,OL395036A,Sarah O. Steinman,1998.0,,"['Counselors', 'Decision making', 'Moral and ethical aspects', 'Moral and ethical aspects of Decision making', 'Moral and ethical aspects of Social service', 'Problems, exercises', 'Problems, exercises, etc', 'Professional ethics', 'Social service']",1
BOOK00800,AN INTRODUCTION TO MANAGEMENT SCIENCE,1,OL78984A,David Ray Anderson,2019.0,,"['Management science', 'Operations research']",3
BOOK00800,AN INTRODUCTION TO MANAGEMENT SCIENCE,2,OL2778455A,Dennis J. Sweeney,2019.0,,"['Management science', 'Operations research']",1
BOOK00800,AN INTRODUCTION TO MANAGEMENT SCIENCE,3,OL2778456A,Thomas Arthur Williams,2019.0,,"['Management science', 'Operations research']",1
BOOK00800,AN INTRODUCTION TO MANAGEMENT SCIENCE,4,OL7501910A,Jeffrey D. Camm,2019.0,,"['Management science', 'Operations research']",1
BOOK00800,AN INTRODUCTION TO MANAGEMENT SCIENCE,5,OL7501911A,James J. Cochran,2019.0,,"['Management science', 'Operations research']",1
BOOK00801,Financial Accounting,1,OL402967A,Paul D. Kimmel,2010.0,,['Accounting'],5
BOOK00801,Financial Accounting,2,OL7447258A,Donald E. Kieso,2010.0,,['Accounting'],3
BOOK00802,Accounting,1,OL8126027A,Jacqueline Birt,2005.0,,['Accounting'],1
BOOK00802,Accounting,2,OL8126028A,Keryn Chalmers,2005.0,,['Accounting'],1
BOOK00802,Accounting,3,OL16223750A,Suzanne Byrne,2005.0,,['Accounting'],1
BOOK00802,Accounting,4,OL3537217A,Albie Brooks,2005.0,,['Accounting'],1
BOOK00802,Accounting,5,OL918315A,Judy Oliver,2005.0,,['Accounting'],1
BOOK00803,Decision making and problem solving strategies,1,OL2729090A,John Adair,2010.0,,"['Business', 'Careers', 'Nonfiction', 'Decision-Making & Problem Solving', 'Decision making', 'Thought and thinking', 'Problem solving', 'BUSINESS & ECONOMICS']",1
BOOK00804,Managerial accounting,1,OL534204A,Ray H. Garrison,1976.0,,"['Managerial accounting', 'Contabilidad administrativa', 'Comptabilité de gestion', 'Management', 'Rechnungswesen', 'Accountancy', 'open_syllabus_project', 'Unternehmensplanung', 'Management-Informationssystem', 'Management accounting', 'Kostenmanagement', 'Betriebliches Rechnungswesen', 'Theorie']",1
BOOK00804,Managerial accounting,2,OL2639592A,"Eric W., Phd Noreen",1976.0,,"['Managerial accounting', 'Contabilidad administrativa', 'Comptabilité de gestion', 'Management', 'Rechnungswesen', 'Accountancy', 'open_syllabus_project', 'Unternehmensplanung', 'Management-Informationssystem', 'Management accounting', 'Kostenmanagement', 'Betriebliches Rechnungswesen', 'Theorie']",1
BOOK00804,Managerial accounting,3,OL2638699A,Eric Noreen,1976.0,,"['Managerial accounting', 'Contabilidad administrativa', 'Comptabilité de gestion', 'Management', 'Rechnungswesen', 'Accountancy', 'open_syllabus_project', 'Unternehmensplanung', 'Management-Informationssystem', 'Management accounting', 'Kostenmanagement', 'Betriebliches Rechnungswesen', 'Theorie']",1
BOOK00804,Managerial accounting,4,OL1436960A,Peter C. Brewer,1976.0,,"['Managerial accounting', 'Contabilidad administrativa', 'Comptabilité de gestion', 'Management', 'Rechnungswesen', 'Accountancy', 'open_syllabus_project', 'Unternehmensplanung', 'Management-Informationssystem', 'Management accounting', 'Kostenmanagement', 'Betriebliches Rechnungswesen', 'Theorie']",1
BOOK00805,An Introduction to Management Science,1,OL78984A,David Ray Anderson,1982.0,,"['Management science', 'Linear programming', 'Management', 'Operations research', 'Mathematical models']",3
BOOK00806,Improve Your Communication Skills,1,OL2178985A,Alan Barker,2010.0,,"['Business', 'Careers', 'Nonfiction', 'Business communication', 'BUSINESS & ECONOMICS', 'General', 'SELF-HELP', 'Personal Growth', 'Communication in management']",1
BOOK00807,Effective business communications,1,OL544400A,Herta A. Murphy,1972.0,,"['Commercial correspondence', 'Business communication', 'Business report writing', 'Communication in management']",1
BOOK00808,Theories of human communication,1,OL219084A,Stephen W. Littlejohn,1978.0,,"['Communication', 'Philosophy', 'Communicatietheorie', 'Kommunikation', 'Sprache', 'Communication Studies', 'Social, group or collective psychology', 'Language', 'Language Arts & Disciplines', 'Language Arts / Linguistics / Literacy', 'Textbooks', 'Speech', 'General', 'Theater - General', 'Language Arts & Disciplines / Speech', 'Soziologie', 'Philosophie']",1
BOOK00808,Theories of human communication,2,OL228612A,Karen A. Foss,1978.0,,"['Communication', 'Philosophy', 'Communicatietheorie', 'Kommunikation', 'Sprache', 'Communication Studies', 'Social, group or collective psychology', 'Language', 'Language Arts & Disciplines', 'Language Arts / Linguistics / Literacy', 'Textbooks', 'Speech', 'General', 'Theater - General', 'Language Arts & Disciplines / Speech', 'Soziologie', 'Philosophie']",1
BOOK00809,Nonviolent Communication,1,OL243612A,Marshall B. Rosenberg,1999.0,,"['Nonviolence', 'Psychological aspects of Communication', 'Family & Relationships', 'Self-Improvement', 'Communication', 'Interpersonal relations', 'Interpersonal communication', 'Nonfiction', 'Psychological aspects', 'Relations humaines', 'Communication interpersonnelle', 'Conflict resolution', 'Communication Barriers', 'Conflict management', 'Non-violence', 'Aspect psychologique', 'Gestion des conflits', 'PSYCHOLOGY', 'Cognitive Psychology', 'SCIENCE', 'Cognitive Science', 'Icke-våld', 'Kommunikationssociologi']",1
BOOK00809,Nonviolent Communication,2,OL39038A,Deepak Chopra,1999.0,,"['Nonviolence', 'Psychological aspects of Communication', 'Family & Relationships', 'Self-Improvement', 'Communication', 'Interpersonal relations', 'Interpersonal communication', 'Nonfiction', 'Psychological aspects', 'Relations humaines', 'Communication interpersonnelle', 'Conflict resolution', 'Communication Barriers', 'Conflict management', 'Non-violence', 'Aspect psychologique', 'Gestion des conflits', 'PSYCHOLOGY', 'Cognitive Psychology', 'SCIENCE', 'Cognitive Science', 'Icke-våld', 'Kommunikationssociologi']",1
BOOK00809,Nonviolent Communication,3,OL9735554A,Magiarí Díaz Díaz,1999.0,,"['Nonviolence', 'Psychological aspects of Communication', 'Family & Relationships', 'Self-Improvement', 'Communication', 'Interpersonal relations', 'Interpersonal communication', 'Nonfiction', 'Psychological aspects', 'Relations humaines', 'Communication interpersonnelle', 'Conflict resolution', 'Communication Barriers', 'Conflict management', 'Non-violence', 'Aspect psychologique', 'Gestion des conflits', 'PSYCHOLOGY', 'Cognitive Psychology', 'SCIENCE', 'Cognitive Science', 'Icke-våld', 'Kommunikationssociologi']",1
BOOK00809,Nonviolent Communication,4,OL9735555A,Alan Rafael Seid Llamas,1999.0,,"['Nonviolence', 'Psychological aspects of Communication', 'Family & Relationships', 'Self-Improvement', 'Communication', 'Interpersonal relations', 'Interpersonal communication', 'Nonfiction', 'Psychological aspects', 'Relations humaines', 'Communication interpersonnelle', 'Conflict resolution', 'Communication Barriers', 'Conflict management', 'Non-violence', 'Aspect psychologique', 'Gestion des conflits', 'PSYCHOLOGY', 'Cognitive Psychology', 'SCIENCE', 'Cognitive Science', 'Icke-våld', 'Kommunikationssociologi']",1
BOOK00809,Nonviolent Communication,5,OL2763830A,Rosenberg,1999.0,,"['Nonviolence', 'Psychological aspects of Communication', 'Family & Relationships', 'Self-Improvement', 'Communication', 'Interpersonal relations', 'Interpersonal communication', 'Nonfiction', 'Psychological aspects', 'Relations humaines', 'Communication interpersonnelle', 'Conflict resolution', 'Communication Barriers', 'Conflict management', 'Non-violence', 'Aspect psychologique', 'Gestion des conflits', 'PSYCHOLOGY', 'Cognitive Psychology', 'SCIENCE', 'Cognitive Science', 'Icke-våld', 'Kommunikationssociologi']",1
BOOK00810,Introduction to communicative disorders,1,OL226490A,M. N. Hegde,1991.0,,"['Communication Disorders', 'Communicative disorders', 'Speech-Language Pathology', 'Fonoaudiologia', 'Transtornos da comunicação', 'Percepção auditiva', 'Fissura lábiopalatina']",1
BOOK00811,Wireless communications,1,OL342495A,Theodore S. Rappaport,1995.0,,"['Wireless communication systems', 'Mobile communication systems', 'Telecommunication systems', 'Wireless communication systems--united states', 'Mobile communication systems--united states', 'Telecommunication systems--united states', 'Tk5103.2 .r37 1995']",1
BOOK00811,Wireless communications,2,OL2974978A,Rappaport,1995.0,,"['Wireless communication systems', 'Mobile communication systems', 'Telecommunication systems', 'Wireless communication systems--united states', 'Mobile communication systems--united states', 'Telecommunication systems--united states', 'Tk5103.2 .r37 1995']",1
BOOK00812,Data Communications and Networking,1,OL39286A,Behrouz A. Forouzan,2000.0,,"['Computer networks', 'Data transmission systems', 'Donne es', 'Transmission', ""Re seaux d'ordinateurs"", 'Transmission des données', 'Sistemas de transmisión de datos', 'Téléinformatique', 'Redes de computadoras', 'Données', ""Réseaux d'ordinateurs"", 'Internet', ""Réseau d'ordinateurs"", 'Sistemas de transmisión de datos', 'Données', ""Réseaux d'ordinateurs"", 'Computernetwerken', 'Datatransmissie']",1
BOOK00812,Data Communications and Networking,2,OL2633498A,Catherine Ann Coombs,2000.0,,"['Computer networks', 'Data transmission systems', 'Donne es', 'Transmission', ""Re seaux d'ordinateurs"", 'Transmission des données', 'Sistemas de transmisión de datos', 'Téléinformatique', 'Redes de computadoras', 'Données', ""Réseaux d'ordinateurs"", 'Internet', ""Réseau d'ordinateurs"", 'Sistemas de transmisión de datos', 'Données', ""Réseaux d'ordinateurs"", 'Computernetwerken', 'Datatransmissie']",1
BOOK00812,Data Communications and Networking,3,OL2638690A,Sophia Chung Fegan,2000.0,,"['Computer networks', 'Data transmission systems', 'Donne es', 'Transmission', ""Re seaux d'ordinateurs"", 'Transmission des données', 'Sistemas de transmisión de datos', 'Téléinformatique', 'Redes de computadoras', 'Données', ""Réseaux d'ordinateurs"", 'Internet', ""Réseau d'ordinateurs"", 'Sistemas de transmisión de datos', 'Données', ""Réseaux d'ordinateurs"", 'Computernetwerken', 'Datatransmissie']",1
BOOK00813,Corporate communication,1,OL397900A,Paul A. Argenti,1994.0,,"['Communication in organizations', 'Communication in management']",1
BOOK00814,Electronic communication,1,OL546514A,Robert L. Shrader,1959.0,,"['Electronics', 'Examinations, questions', 'Radio', 'Telecommunication', 'Telecommunications', 'Electronique']",1
BOOK00815,Introducing communication theory,1,OL31442A,Richard L. West,2000.0,,"['Information theory', 'Communication', 'Communication studies', 'Language', 'Language Arts / Linguistics / Literacy', 'Textbooks', 'Speech', 'Language Arts & Disciplines / Speech', ""Théorie de l'information"", 'Science']",1
BOOK00815,Introducing communication theory,2,OL398394A,Lynn H. Turner,2000.0,,"['Information theory', 'Communication', 'Communication studies', 'Language', 'Language Arts / Linguistics / Literacy', 'Textbooks', 'Speech', 'Language Arts & Disciplines / Speech', ""Théorie de l'information"", 'Science']",1
BOOK00815,Introducing communication theory,3,OL2640350A,Richard West,2000.0,,"['Information theory', 'Communication', 'Communication studies', 'Language', 'Language Arts / Linguistics / Literacy', 'Textbooks', 'Speech', 'Language Arts & Disciplines / Speech', ""Théorie de l'information"", 'Science']",1
BOOK00815,Introducing communication theory,4,OL1382017A,Lynn Turner,2000.0,,"['Information theory', 'Communication', 'Communication studies', 'Language', 'Language Arts / Linguistics / Literacy', 'Textbooks', 'Speech', 'Language Arts & Disciplines / Speech', ""Théorie de l'information"", 'Science']",1
BOOK00816,An introduction to communication studies,1,OL5507684A,Sheila Steinberg,2007.0,,"['Communication', 'Handbooks, manuals', 'Handbooks, manuals, etc', 'Study and teaching (Higher)']",1
BOOK00817,Communication Skills,1,OL2939178A,Sanjay Kumar,2011.0,,[],2
BOOK00817,Communication Skills,2,OL8041523A,Pushp Lata,2011.0,,[],2
BOOK00818,Looking out/looking in,1,OL35572A,Ronald B. Adler,1974.0,,"['Interpersonal communication', 'Textbooks', 'Communication', 'Kommunikation', 'Psychology', 'Interpersonal relations', 'Emotions', 'Sociological aspects', 'Nonverbal communication', 'Communication interpersonnelle', 'Émotions', 'Aspect sociologique', 'Communication non verbale', 'Education', 'General']",3
BOOK00818,Looking out/looking in,2,OL1961519A,Ronald Adler,1974.0,,"['Interpersonal communication', 'Textbooks', 'Communication', 'Kommunikation', 'Psychology', 'Interpersonal relations', 'Emotions', 'Sociological aspects', 'Nonverbal communication', 'Communication interpersonnelle', 'Émotions', 'Aspect sociologique', 'Communication non verbale', 'Education', 'General']",1
BOOK00818,Looking out/looking in,3,OL3350407A,MARY O WIEMAN,1974.0,,"['Interpersonal communication', 'Textbooks', 'Communication', 'Kommunikation', 'Psychology', 'Interpersonal relations', 'Emotions', 'Sociological aspects', 'Nonverbal communication', 'Communication interpersonnelle', 'Émotions', 'Aspect sociologique', 'Communication non verbale', 'Education', 'General']",1
BOOK00818,Looking out/looking in,4,OL3372657A,Ronald Adler,1974.0,,"['Interpersonal communication', 'Textbooks', 'Communication', 'Kommunikation', 'Psychology', 'Interpersonal relations', 'Emotions', 'Sociological aspects', 'Nonverbal communication', 'Communication interpersonnelle', 'Émotions', 'Aspect sociologique', 'Communication non verbale', 'Education', 'General']",1
BOOK00818,Looking out/looking in,5,OL3383392A,Ron Adler,1974.0,,"['Interpersonal communication', 'Textbooks', 'Communication', 'Kommunikation', 'Psychology', 'Interpersonal relations', 'Emotions', 'Sociological aspects', 'Nonverbal communication', 'Communication interpersonnelle', 'Émotions', 'Aspect sociologique', 'Communication non verbale', 'Education', 'General']",1
BOOK00818,Looking out/looking in,6,OL4593553A,RONALD ADLER,1974.0,,"['Interpersonal communication', 'Textbooks', 'Communication', 'Kommunikation', 'Psychology', 'Interpersonal relations', 'Emotions', 'Sociological aspects', 'Nonverbal communication', 'Communication interpersonnelle', 'Émotions', 'Aspect sociologique', 'Communication non verbale', 'Education', 'General']",1
BOOK00818,Looking out/looking in,7,OL7232157A,Ronald B. Adler,1974.0,,"['Interpersonal communication', 'Textbooks', 'Communication', 'Kommunikation', 'Psychology', 'Interpersonal relations', 'Emotions', 'Sociological aspects', 'Nonverbal communication', 'Communication interpersonnelle', 'Émotions', 'Aspect sociologique', 'Communication non verbale', 'Education', 'General']",1
BOOK00818,Looking out/looking in,8,OL7582287A,Ronald B. Adler,1974.0,,"['Interpersonal communication', 'Textbooks', 'Communication', 'Kommunikation', 'Psychology', 'Interpersonal relations', 'Emotions', 'Sociological aspects', 'Nonverbal communication', 'Communication interpersonnelle', 'Émotions', 'Aspect sociologique', 'Communication non verbale', 'Education', 'General']",2
BOOK00818,Looking out/looking in,9,OL2664466A,Russell F. Proctor II,1974.0,,"['Interpersonal communication', 'Textbooks', 'Communication', 'Kommunikation', 'Psychology', 'Interpersonal relations', 'Emotions', 'Sociological aspects', 'Nonverbal communication', 'Communication interpersonnelle', 'Émotions', 'Aspect sociologique', 'Communication non verbale', 'Education', 'General']",1
BOOK00818,Looking out/looking in,10,OL8032569A,"Proctor, Russell F., II",1974.0,,"['Interpersonal communication', 'Textbooks', 'Communication', 'Kommunikation', 'Psychology', 'Interpersonal relations', 'Emotions', 'Sociological aspects', 'Nonverbal communication', 'Communication interpersonnelle', 'Émotions', 'Aspect sociologique', 'Communication non verbale', 'Education', 'General']",1
BOOK00818,Looking out/looking in,11,OL2627896A,Neil Towne,1974.0,,"['Interpersonal communication', 'Textbooks', 'Communication', 'Kommunikation', 'Psychology', 'Interpersonal relations', 'Emotions', 'Sociological aspects', 'Nonverbal communication', 'Communication interpersonnelle', 'Émotions', 'Aspect sociologique', 'Communication non verbale', 'Education', 'General']",1
BOOK00819,Electronic communications systems,1,OL78865A,Wayne Tomasi,1988.0,,"['Telecommunication systems', 'Telecommunication']",1
BOOK00820,The slave community,1,OL1862774A,John W. Blassingame,1972.0,,"['Afro-Americans', 'History', 'Plantation life', 'Slavery', 'Slaves', 'Social life and customs', 'Southern States', 'United States', 'Südstaaten', 'Sklaverei', 'Plantations', 'Conditions sociales', 'Slavery and bondage', 'African American Studies', 'Esclavage', 'SOCIAL SCIENCE', 'Histoire', 'Noirs', 'Ethnic Studies', 'Vie dans les plantations', 'Minorities', 'African Americans', '19th Century', 'Slavery, united states', 'Plantages', 'Dagelijks leven', 'Historia Geral (Escravidao)', 'Slavernij']",1
BOOK00820,The slave community,2,OL5017718A,John W. Blassingame,1972.0,,"['Afro-Americans', 'History', 'Plantation life', 'Slavery', 'Slaves', 'Social life and customs', 'Southern States', 'United States', 'Südstaaten', 'Sklaverei', 'Plantations', 'Conditions sociales', 'Slavery and bondage', 'African American Studies', 'Esclavage', 'SOCIAL SCIENCE', 'Histoire', 'Noirs', 'Ethnic Studies', 'Vie dans les plantations', 'Minorities', 'African Americans', '19th Century', 'Slavery, united states', 'Plantages', 'Dagelijks leven', 'Historia Geral (Escravidao)', 'Slavernij']",1
BOOK00821,Human communication,1,OL22053A,Stewart L. Tubbs,1974.0,,"['Communication', 'Psychological aspects of Communication', 'Psychological aspects', 'Communication interpersonnelle', 'Aspect psychologique', 'Interpersonal communication', 'Social interaction', 'Communication, psychological aspects']",1
BOOK00822,Business Communication,1,OL218771A,Mary Ellen Guffey,1993.0,,"['Business English', 'Business communication', 'English language', 'Business writing', ""Communication dans l'entreprise"", 'Style commercial', 'Anglais (Langue)', 'Anglais commercial', 'Communication', 'Manuel', ""Gestion d'entreprise"", 'Business english']",1
BOOK00823,Communicating effectively,1,OL386326A,Saundra Hybels,1986.0,,"['Oral communication', 'LANGUAGE ARTS & DISCIPLINES / Speech', 'Communication orale', 'Communication in education', 'Teacher-student relationships']",1
BOOK00824,Communication between cultures,1,OL27525A,Larry A. Samovar,1991.0,,"['Communication and culture', 'Intercultural communication', 'Interpersonal communication', 'Cultural studies', 'International business', 'Language Arts & Disciplines', 'Language', 'Communication', 'Communication et culture', 'Interpersonale Kommunikation', 'Kulturkontakt', 'Interculturele communicatie', 'Drama', 'General']",1
BOOK00824,Communication between cultures,2,OL6744128A,Portar McDaniel Samovar,1991.0,,"['Communication and culture', 'Intercultural communication', 'Interpersonal communication', 'Cultural studies', 'International business', 'Language Arts & Disciplines', 'Language', 'Communication', 'Communication et culture', 'Interpersonale Kommunikation', 'Kulturkontakt', 'Interculturele communicatie', 'Drama', 'General']",1
BOOK00824,Communication between cultures,3,OL2777276A,Richard E. Porter,1991.0,,"['Communication and culture', 'Intercultural communication', 'Interpersonal communication', 'Cultural studies', 'International business', 'Language Arts & Disciplines', 'Language', 'Communication', 'Communication et culture', 'Interpersonale Kommunikation', 'Kulturkontakt', 'Interculturele communicatie', 'Drama', 'General']",1
BOOK00825,Imagined communities,1,OL193997A,Benedict Anderson,1983.0,,"['Nationalism', 'History', 'Nationalisme', 'Nacionalismo', 'Histoire', 'Imperialismo', 'Nationalbewusstsein', 'Nationalismus', 'Nation', 'Politics and Government', 'Nationalism--history', 'Nationalismhistory', 'Jc311 .a656 1991', '320.5/4', 'Jc311 .a53 2016', '320.54', 'Jc311 .a656 2006']",1
BOOK00826,A First Look at Communication Theory,1,OL25012A,Emory A. Griffin,1991.0,,"['Communication', 'Philosophy', 'Theorie', 'Kommunikation', 'Philosophie']",1
BOOK00827,Today's isms,1,OL31351A,Alan O. Ebenstein,1954.0,,"['Communism', 'Capitalism', 'Comparative economics', 'Fascism', 'Comparative government', 'Socialism', 'Socialisme', 'Communisme', 'Capitalisme', 'Fascisme', 'Political science', 'Faschismus', 'Kapitalismus', 'Kommunismus', 'Sozialismus', 'Institutions politiques comparées', 'Économie comparée', 'Dictatuur', 'Fascismo', 'Capitalismo', 'Politieke bewegingen', 'Democratie', 'Socialismo', 'Idées politiques', 'Sociologie', 'Histoire', 'Économie politique comparée', 'Comparative politics']",1
BOOK00827,Today's isms,2,OL2649381A,Alan Ebenstein,1954.0,,"['Communism', 'Capitalism', 'Comparative economics', 'Fascism', 'Comparative government', 'Socialism', 'Socialisme', 'Communisme', 'Capitalisme', 'Fascisme', 'Political science', 'Faschismus', 'Kapitalismus', 'Kommunismus', 'Sozialismus', 'Institutions politiques comparées', 'Économie comparée', 'Dictatuur', 'Fascismo', 'Capitalismo', 'Politieke bewegingen', 'Democratie', 'Socialismo', 'Idées politiques', 'Sociologie', 'Histoire', 'Économie politique comparée', 'Comparative politics']",1
BOOK00827,Today's isms,3,OL2274431A,William Ebenstein,1954.0,,"['Communism', 'Capitalism', 'Comparative economics', 'Fascism', 'Comparative government', 'Socialism', 'Socialisme', 'Communisme', 'Capitalisme', 'Fascisme', 'Political science', 'Faschismus', 'Kapitalismus', 'Kommunismus', 'Sozialismus', 'Institutions politiques comparées', 'Économie comparée', 'Dictatuur', 'Fascismo', 'Capitalismo', 'Politieke bewegingen', 'Democratie', 'Socialismo', 'Idées politiques', 'Sociologie', 'Histoire', 'Économie politique comparée', 'Comparative politics']",1
BOOK00827,Today's isms,4,OL2656604A,EBENSTEIN FOGE,1954.0,,"['Communism', 'Capitalism', 'Comparative economics', 'Fascism', 'Comparative government', 'Socialism', 'Socialisme', 'Communisme', 'Capitalisme', 'Fascisme', 'Political science', 'Faschismus', 'Kapitalismus', 'Kommunismus', 'Sozialismus', 'Institutions politiques comparées', 'Économie comparée', 'Dictatuur', 'Fascismo', 'Capitalismo', 'Politieke bewegingen', 'Democratie', 'Socialismo', 'Idées politiques', 'Sociologie', 'Histoire', 'Économie politique comparée', 'Comparative politics']",1
BOOK00827,Today's isms,5,OL3350700A,W. Ebenstein,1954.0,,"['Communism', 'Capitalism', 'Comparative economics', 'Fascism', 'Comparative government', 'Socialism', 'Socialisme', 'Communisme', 'Capitalisme', 'Fascisme', 'Political science', 'Faschismus', 'Kapitalismus', 'Kommunismus', 'Sozialismus', 'Institutions politiques comparées', 'Économie comparée', 'Dictatuur', 'Fascismo', 'Capitalismo', 'Politieke bewegingen', 'Democratie', 'Socialismo', 'Idées politiques', 'Sociologie', 'Histoire', 'Économie politique comparée', 'Comparative politics']",1
BOOK00827,Today's isms,6,OL3370953A,Ebenstein & Fogelman,1954.0,,"['Communism', 'Capitalism', 'Comparative economics', 'Fascism', 'Comparative government', 'Socialism', 'Socialisme', 'Communisme', 'Capitalisme', 'Fascisme', 'Political science', 'Faschismus', 'Kapitalismus', 'Kommunismus', 'Sozialismus', 'Institutions politiques comparées', 'Économie comparée', 'Dictatuur', 'Fascismo', 'Capitalismo', 'Politieke bewegingen', 'Democratie', 'Socialismo', 'Idées politiques', 'Sociologie', 'Histoire', 'Économie politique comparée', 'Comparative politics']",1
BOOK00827,Today's isms,7,OL5717154A,William Ebenstein,1954.0,,"['Communism', 'Capitalism', 'Comparative economics', 'Fascism', 'Comparative government', 'Socialism', 'Socialisme', 'Communisme', 'Capitalisme', 'Fascisme', 'Political science', 'Faschismus', 'Kapitalismus', 'Kommunismus', 'Sozialismus', 'Institutions politiques comparées', 'Économie comparée', 'Dictatuur', 'Fascismo', 'Capitalismo', 'Politieke bewegingen', 'Democratie', 'Socialismo', 'Idées politiques', 'Sociologie', 'Histoire', 'Économie politique comparée', 'Comparative politics']",1
BOOK00828,Interplay,1,OL35572A,Ronald B. Adler,1980.0,,"['Interpersonal communication', 'Psychological aspects', 'Psychological aspects of Interpersonal communication', 'Communication', 'Interpersonal Relations']",3
BOOK00829,Interpersonal communication,1,OL21503A,Sarah Trenholm,1988.0,,"['Interpersonal communication', 'Psychologie', 'Interpersonale Kommunikation', 'Interpersonal Relations', 'Communication', 'History']",1
BOOK00829,Interpersonal communication,2,OL1879979A,Arthur Jensen,1988.0,,"['Interpersonal communication', 'Psychologie', 'Interpersonale Kommunikation', 'Interpersonal Relations', 'Communication', 'History']",1
BOOK00830,Business communication today,1,OL2650392A,Courtland L. Bovée,1989.0,,"['Case studies', 'Business communication', 'Communication in organizations', 'Communication dans les organisations', 'Management', ""Communication dans l'entreprise"", 'Kommunikation', 'Unternehmen', 'Business writing', 'Etudes de Cas', 'Communicatie', 'Handelscorrespondentie', 'Communication in management']",1
BOOK00831,Fashion as communication,1,OL226398A,Malcolm Barnard,1996.0,,"['Social aspects of Costume', 'Fashion', 'Social aspects', 'Psychological aspects', 'Social aspects of Fashion', 'Clothing and dress', 'Costume', 'Psychological aspects of Clothing and dress', 'Psychological aspects of Costume', 'Sex differences', 'Social aspects of Clothing and dress', 'Clothing and dress, social aspects', 'Costume, psychological aspects', 'RELIGION', 'Biblical Studies', 'Prophets', 'Mode', 'Sociala aspekter', 'Kläder']",1
BOOK00832,Communication,1,OL230865A,William J. Seiler,1995.0,,"['Communication', 'Oral communication']",1
BOOK00832,Communication,2,OL2672310A,Melissa L. Beall,1995.0,,"['Communication', 'Oral communication']",1
BOOK00833,Visual Communication,1,OL454516A,Paul Martin Lester,1995.0,,['Visual communication'],1
BOOK00834,Electronic communication systems,1,OL541535A,Roy Blake,2002.0,,['Telecommunication'],1
BOOK00835,Digital communications,1,OL395659A,John G. Proakis,1983.0,,"['Digital communications', 'open_syllabus_project', 'Tk5103.7 .p76 2000', '621.382']",1
BOOK00836,"Communication Skills, Second Edition",1,OL2939178A,Sanjay Kumar,2015.0,,"['Interpersonal communication', 'English language, grammar', 'English language, textbooks for foreign speakers']",2
BOOK00836,"Communication Skills, Second Edition",2,OL8041523A,Pushp Lata,2015.0,,"['Interpersonal communication', 'English language, grammar', 'English language, textbooks for foreign speakers']",2
BOOK00837,Digital and analog communication systems,1,OL536194A,Leon W. Couch,1983.0,,"['Digital communications', 'Telecommunication systems', 'Nachrichtenübertragungstechnik', 'Analog electronic systems', 'Télécommunications, Systèmes de', 'Transmission numérique', 'Telecommunicatie', 'Digitale systemen']",1
BOOK00838,Technical Communication,1,OL387775A,John M. Lannon,2000.0,,"['Technical writing', 'open_syllabus_project', 'Communication of technical information', 'TECHNICAL WRITING', 'INFORMATION SYSTEMS', 'PUBLIC SPEAKING', 'COMMUNICATION', 'Textbooks', 'Rédaction technique', ""Manuels d'enseignement supérieur"", 'Information technique']",1
BOOK00839,Communicating with strangers,1,OL219702A,William B. Gudykunst,1984.0,,"['Intercultural communication', 'Intergroup relations', 'Intercultural communication.', 'Communication', 'Culture', 'Interpersonal Relations', 'Cross-Cultural Comparison', 'Cultural Characteristics', 'Ethnopsychology', 'Prejudice', '77.63 social interaction and relations', 'Kulturkontakt', 'Interculturele communicatie', 'Interpersoonlijke communicatie', 'Comunicación intercultural']",1
BOOK00839,Communicating with strangers,2,OL1121414A,Young Yun Kim,1984.0,,"['Intercultural communication', 'Intergroup relations', 'Intercultural communication.', 'Communication', 'Culture', 'Interpersonal Relations', 'Cross-Cultural Comparison', 'Cultural Characteristics', 'Ethnopsychology', 'Prejudice', '77.63 social interaction and relations', 'Kulturkontakt', 'Interculturele communicatie', 'Interpersoonlijke communicatie', 'Comunicación intercultural']",1
BOOK00839,Communicating with strangers,3,OL2638683A,William Gudykunst,1984.0,,"['Intercultural communication', 'Intergroup relations', 'Intercultural communication.', 'Communication', 'Culture', 'Interpersonal Relations', 'Cross-Cultural Comparison', 'Cultural Characteristics', 'Ethnopsychology', 'Prejudice', '77.63 social interaction and relations', 'Kulturkontakt', 'Interculturele communicatie', 'Interpersoonlijke communicatie', 'Comunicación intercultural']",1
BOOK00840,Communication Theories,1,OL223621A,Katherine Miller,2001.0,,"['Communication', 'Philosophy']",1
BOOK00841,Nonverbal communication in human interaction,1,OL444993A,Mark L. Knapp,1972.0,,"['Body language', 'Communication non-verbale', 'Nonverbal communication (Psychology)', 'Gestik', 'Mimik', 'Interaktion', 'Nichtverbale Kommunikation', 'Nonverbal communication', 'Kinesics', 'Langage du corps', 'Non-verbale communicatie', 'Textbooks']",1
BOOK00841,Nonverbal communication in human interaction,2,OL1239241A,Judith A. Hall,1972.0,,"['Body language', 'Communication non-verbale', 'Nonverbal communication (Psychology)', 'Gestik', 'Mimik', 'Interaktion', 'Nichtverbale Kommunikation', 'Nonverbal communication', 'Kinesics', 'Langage du corps', 'Non-verbale communicatie', 'Textbooks']",1
BOOK00842,Business and administrative communication,1,OL385983A,Kitty O. Locker,1989.0,,"['Communication en gestion', 'Business communication', 'Communication in management', ""Communication dans l'entreprise"", 'Kommunikation', 'Unternehmen', 'Business communication & presentation', 'Business & Economics', 'Business / Economics / Finance', 'Business/Economics', 'Business & Economics / Business Communication', 'Business Communication - General', 'Business & Management', 'Komunikacja w zarządzaniu', 'Podręczniki akademickie', 'Komunikacja w organizacjach']",2
BOOK00842,Business and administrative communication,2,OL3357718A,Donna S. Kienzler,1989.0,,"['Communication en gestion', 'Business communication', 'Communication in management', ""Communication dans l'entreprise"", 'Kommunikation', 'Unternehmen', 'Business communication & presentation', 'Business & Economics', 'Business / Economics / Finance', 'Business/Economics', 'Business & Economics / Business Communication', 'Business Communication - General', 'Business & Management', 'Komunikacja w zarządzaniu', 'Podręczniki akademickie', 'Komunikacja w organizacjach']",1
BOOK00842,Business and administrative communication,3,OL2635513A,Locker,1989.0,,"['Communication en gestion', 'Business communication', 'Communication in management', ""Communication dans l'entreprise"", 'Kommunikation', 'Unternehmen', 'Business communication & presentation', 'Business & Economics', 'Business / Economics / Finance', 'Business/Economics', 'Business & Economics / Business Communication', 'Business Communication - General', 'Business & Management', 'Komunikacja w zarządzaniu', 'Podręczniki akademickie', 'Komunikacja w organizacjach']",1
BOOK00843,The media of mass communication 11th edition,1,OL229901A,John Vivian,1991.0,,"['Mass media', 'Communication', 'Problems, exercises']",1
BOOK00844,Nonverbal Communication,1,OL886345A,Albert Mehrabian,1972.0,,"['Body language', 'Nonverbal communication (Psychology)', 'Nonverbal communication', 'Interpersonal communication', 'Communication', 'Psychological aspects', 'Kinesics', 'Communication non verbale', 'Langage du corps', 'Communication interpersonnelle', 'Aspect psychologique', 'SOCIAL SCIENCE', 'Body Language & Nonverbal Communication']",1
BOOK00845,Modern digital and analogue communication systems,1,OL220594A,B. P. Lathi,1983.0,,"['Digital communications', 'Statistical communication theory', 'Telecommunication systems', 'Nachrichtenu\x98bertragungssystem', 'Telecommunicatie', 'Digitale technieken', 'Analog-to-digital converters', 'Informationstheorie', 'Kommunikationssystem', 'Telekommunikation', 'Systèmes de télécommunications', 'Transmission numérique', 'Traitement du signal', 'Mathématiques', 'Telecommunications', 'Electrical', 'Tec009030', 'Cs.eng.elect_elect_eng']",1
BOOK00845,Modern digital and analogue communication systems,2,OL2870600A,Zhi Ding,1983.0,,"['Digital communications', 'Statistical communication theory', 'Telecommunication systems', 'Nachrichtenu\x98bertragungssystem', 'Telecommunicatie', 'Digitale technieken', 'Analog-to-digital converters', 'Informationstheorie', 'Kommunikationssystem', 'Telekommunikation', 'Systèmes de télécommunications', 'Transmission numérique', 'Traitement du signal', 'Mathématiques', 'Telecommunications', 'Electrical', 'Tec009030', 'Cs.eng.elect_elect_eng']",1
BOOK00846,Business communication,1,OL385983A,Kitty O. Locker,2001.0,,"['Business communication', 'Communication in organizations', 'Business writing', 'Comunicación en administración', 'Communication', 'Entreprise']",2
BOOK00846,Business communication,2,OL2635636A,Stephen Kyo Kaczmarek,2001.0,,"['Business communication', 'Communication in organizations', 'Business writing', 'Comunicación en administración', 'Communication', 'Entreprise']",1
BOOK00846,Business communication,3,OL2640011A,Kitty Locker,2001.0,,"['Business communication', 'Communication in organizations', 'Business writing', 'Comunicación en administración', 'Communication', 'Entreprise']",1
BOOK00847,Gendered Lives,1,OL21137A,Julia T. Wood,1993.0,,"['Communication', 'Sex differences', 'Sex role', 'Gender identity']",1
BOOK00848,The dynamics of mass communication,1,OL26076A,Joseph R. Dominick,1983.0,,"['Mass media', 'Médias', 'Mâedias']",1
BOOK00849,History Of Communication Study,1,OL4331371A,Everett M. Rogers,1994.0,,"['Communication', 'History', 'Communicatiewetenschap', 'Histoire', 'Geschichte', 'Kommunikationsforschung', 'Kommunikation', 'Theorie', 'Communication, study and teaching']",1
BOOK00850,Satellite communications,1,OL1122332A,Timothy Pratt,1986.0,,"['Artificial satellites in telecommunication', 'Technology', 'Telecommunications']",1
BOOK00850,Satellite communications,2,OL2738451A,Charles W. Bostian,1986.0,,"['Artificial satellites in telecommunication', 'Technology', 'Telecommunications']",1
BOOK00850,Satellite communications,3,OL2738452A,Jeremy E. Allnutt,1986.0,,"['Artificial satellites in telecommunication', 'Technology', 'Telecommunications']",1
BOOK00851,Communication 2000,1,OL2778097A,Agency for Instructional Technology,2001.0,,[],1
BOOK00853,Communicating at work,1,OL35572A,Ronald B. Adler,1983.0,,"['Interpersonal communication', 'Business communication', 'Communication in management', 'Presentatie', 'Communicatieve vaardigheden', 'Communication en gestion', 'Communication interpersonnelle']",3
BOOK00853,Communicating at work,2,OL4318331A,Adler; Elmhorst,1983.0,,"['Interpersonal communication', 'Business communication', 'Communication in management', 'Presentatie', 'Communicatieve vaardigheden', 'Communication en gestion', 'Communication interpersonnelle']",1
BOOK00853,Communicating at work,3,OL7582287A,Ronald B. Adler,1983.0,,"['Interpersonal communication', 'Business communication', 'Communication in management', 'Presentatie', 'Communicatieve vaardigheden', 'Communication en gestion', 'Communication interpersonnelle']",2
BOOK00853,Communicating at work,4,OL2639424A,Jeanne Marquardt Elmhorst,1983.0,,"['Interpersonal communication', 'Business communication', 'Communication in management', 'Presentatie', 'Communicatieve vaardigheden', 'Communication en gestion', 'Communication interpersonnelle']",1
BOOK00853,Communicating at work,5,OL7701767A,Kristen Lucas Assistant Professor Ph.D.,1983.0,,"['Interpersonal communication', 'Business communication', 'Communication in management', 'Presentatie', 'Communicatieve vaardigheden', 'Communication en gestion', 'Communication interpersonnelle']",1
BOOK00854,Multimedia communications,1,OL452098A,Fred Halsall,2000.0,,"['Multimedia systems', 'Communicatie', 'Multimedia', 'Computernetwerken', 'Multimedias', 'Telecommunication systems']",1
BOOK00855,Mass communication theory,1,OL27404A,Stanley J. Baran,1994.0,,"['Mass media', 'Philosophy', 'Massacommunicatie', 'Theoriee\x98n', 'Medias', 'Philosophie', 'Media Studies', 'Sociology', 'Mass Communication', 'Cinema/Film: Book', 'Science/Mathematics', 'Performing Arts', 'Mass Media - General', 'Mass medias', 'Medios de comunicacion de masas', 'Language and languages']",1
BOOK00855,Mass communication theory,2,OL1655495A,Dennis K. Davis,1994.0,,"['Mass media', 'Philosophy', 'Massacommunicatie', 'Theoriee\x98n', 'Medias', 'Philosophie', 'Media Studies', 'Sociology', 'Mass Communication', 'Cinema/Film: Book', 'Science/Mathematics', 'Performing Arts', 'Mass Media - General', 'Mass medias', 'Medios de comunicacion de masas', 'Language and languages']",1
BOOK00856,Emotional Intelligence,1,OL224907A,Daniel Goleman,1995.0,,"['Emotions and cognition', 'Intellect', 'Success, psychological aspects', 'Self-actualization (psychology)', 'Emotions', 'Social aspects', 'Emociones', 'Emociones y cognición', 'Aspectos sociales', 'Emociones y percepción', 'Business', 'Cognition', 'Emotional intelligence', 'Nonfiction', 'Psychological aspects', 'Psychological aspects of Success', 'Self-Improvement', 'Social aspects of Emotions', 'Success', 'open_syllabus_project', 'Emotionele intelligentie', 'Émotions', 'Intelligence émotionnelle', 'Intelligence', 'Émotions et cognition', 'Sociological aspects', 'Psychology &amp; psychiatry', 'Cognitive psychology', 'Psychological self-help', 'Personal growth', 'Children with special needs', 'Intel·ligència emocional', 'Cognició', 'Emocions', 'Emotion', 'Self Concept', 'Empathy', 'Social Behavior']",6
BOOK00857,Emotional Intelligence 2.0,1,OL1433906A,Travis Bradberry,2009.0,,"['Nonfiction', 'Self-Improvement', 'EQ skill', 'self-awareness', 'self-management', 'social awareness', 'and relationship management', 'Emotional intelligence', 'BUSINESS & ECONOMICS / Skills', 'SELF-HELP / Personal Growth / Success', 'BUSINESS & ECONOMICS / Motivational', 'Intelligence émotionnelle', ""Développement d'aptitudes"", 'BUSINESS & ECONOMICS / Leadership', 'Relations humaines', 'Aspects psychologiques', 'Développement personnel', 'Inteligencia emocional', 'Bf576 .b73 2009', 'Bf 576 b798 2009', '152.4 bra', 'B842.6']",3
BOOK00857,Emotional Intelligence 2.0,2,OL3010389A,Jean Greaves,2009.0,,"['Nonfiction', 'Self-Improvement', 'EQ skill', 'self-awareness', 'self-management', 'social awareness', 'and relationship management', 'Emotional intelligence', 'BUSINESS & ECONOMICS / Skills', 'SELF-HELP / Personal Growth / Success', 'BUSINESS & ECONOMICS / Motivational', 'Intelligence émotionnelle', ""Développement d'aptitudes"", 'BUSINESS & ECONOMICS / Leadership', 'Relations humaines', 'Aspects psychologiques', 'Développement personnel', 'Inteligencia emocional', 'Bf576 .b73 2009', 'Bf 576 b798 2009', '152.4 bra', 'B842.6']",1
BOOK00857,Emotional Intelligence 2.0,3,OL7981494A,Jean Greaves Travis Bradberry,2009.0,,"['Nonfiction', 'Self-Improvement', 'EQ skill', 'self-awareness', 'self-management', 'social awareness', 'and relationship management', 'Emotional intelligence', 'BUSINESS & ECONOMICS / Skills', 'SELF-HELP / Personal Growth / Success', 'BUSINESS & ECONOMICS / Motivational', 'Intelligence émotionnelle', ""Développement d'aptitudes"", 'BUSINESS & ECONOMICS / Leadership', 'Relations humaines', 'Aspects psychologiques', 'Développement personnel', 'Inteligencia emocional', 'Bf576 .b73 2009', 'Bf 576 b798 2009', '152.4 bra', 'B842.6']",1
BOOK00857,Emotional Intelligence 2.0,4,OL619876A,Tom Parks,2009.0,,"['Nonfiction', 'Self-Improvement', 'EQ skill', 'self-awareness', 'self-management', 'social awareness', 'and relationship management', 'Emotional intelligence', 'BUSINESS & ECONOMICS / Skills', 'SELF-HELP / Personal Growth / Success', 'BUSINESS & ECONOMICS / Motivational', 'Intelligence émotionnelle', ""Développement d'aptitudes"", 'BUSINESS & ECONOMICS / Leadership', 'Relations humaines', 'Aspects psychologiques', 'Développement personnel', 'Inteligencia emocional', 'Bf576 .b73 2009', 'Bf 576 b798 2009', '152.4 bra', 'B842.6']",1
BOOK00858,Emotional Intelligence,1,OL11048858A,Daniela GOLEMAN,2019.0,,[],1
BOOK00859,Working with Emotional Intelligence,1,OL224907A,Daniel Goleman,1998.0,,"['Management', 'Emotions', 'Développement de la personnalité', 'Intelligenz', 'Self-Improvement', 'Psychological aspects', 'Emotionele intelligentie', 'Business', 'Personality Development', 'Psychological aspects of Management', 'Organization and Administration', 'Émotion', 'Gefühl', 'Emotions and cognition', 'Cognition', 'Aspect psychologique', 'open_syllabus_project', 'Gestion', 'Executive ability', 'Emotional intelligence', 'Intelligence émotionnelle', 'Aptitude pour la direction', 'Interpersonal Relations', 'Nonfiction', 'Unternehmen', 'Employees', 'Attitudes', 'Psychology', 'Industrial Psychology', 'Personal development', 'Psychology, industrial', 'Organizational behavior', 'Management--psychological aspects', 'Hd38.2 .g647 1998', 'Bf 531 g625 1998', '658.4/09/019', 'Ratgeber', 'Erfolg', 'Développement', 'Personnalité', 'Emotionales Verhalten', 'Physiology', 'Aspekt społeczny', 'Poznanie', 'Emocje', 'Poradniki', 'Inteligencja emocjonalna', 'Psychologia pracy', 'Desarrollo', 'Aspectos psicológicos', 'Aptitudes de mando', 'Dirección y administración', 'Inteligencia emocional', 'Cambio de personalidad', 'Emociones y cognición', 'Lavoro', 'Aspetti psicologici', 'Emozione', 'Psicologia']",6
BOOK00860,Emotional Intelligence,1,OL1568927A,Christine Wilding,2007.0,,"['Emotional intelligence', 'Emotions', 'Intellect', 'Social perception', 'Intelligence', 'Social Perception', 'Emotional Intelligence', 'Intelligence émotionnelle', 'Émotions', 'Perception sociale', 'Emotion']",3
BOOK00861,Emotional development and emotional intelligence,1,OL2877610A,Peter Salovey,1997.0,,"['Emotions in children', 'Child development', 'Affective education', 'Emotional maturity', 'Emotions and cognition']",1
BOOK00862,Emotional Intelligence : How to Improve Emotional Intelligence,1,OL11306985A,Kati Haylock,2021.0,,[],1
BOOK00863,Great emotional intelligence,1,OL1568927A,Christine Wilding,2011.0,,['Emotional intelligence'],3
BOOK00864,Emotional intelligence,1,OL8447426A,"Walton, David (Psychologist)",2012.0,,"['Emotional intelligence', 'Psychology']",1
BOOK00865,The brain and emotional intelligence,1,OL224907A,Daniel Goleman,2011.0,,"['Brain', 'Research', 'Emotional intelligence', 'Neuropsychology']",6
BOOK00866,Emotional Intelligence Habits,1,OL1433906A,Travis Bradberry,2023.0,,"['Business', 'Interpersonal relations']",3
BOOK00867,Raising your emotional intelligence,1,OL384616A,Jeanne Segal,1997.0,,"['Problems, exercises', 'Social aspects', 'Emotions', 'Social aspects of Emotions', 'Emotions and cognition', 'Intellect', 'Self-culture', 'Emotional intelligence']",2
BOOK00868,Building emotional intelligence,1,OL530780A,Linda Lantieri,2008.0,,"['Emotions in children', 'Study and teaching', 'Emotional intelligence']",1
BOOK00869,Emotional intelligence 101,1,OL387802A,Gerald Matthews,2011.0,,['Emotional intelligence'],1
BOOK00870,Emotional Intelligence : 3 Books in 1,1,OL10170844A,Emotional Pathway,2019.0,,[],1
BOOK00871,Primal leadership : realizing the power of emotional intelligence,1,OL224907A,Daniel Goleman,2002.0,,"['Leadership', 'Executive ability', 'Management', 'Emotional intelligence', 'Psychological aspects', 'Ratgeber', 'Interpersonale Kompetenz', 'Psychology', 'Organisatieontwikkeling', 'Emotions', 'Aspect psychologique', 'Gestion', 'Aspects psychologiques', 'Emotionele intelligentie', 'Sozialkompetenz', 'Intelligence émotionnelle', 'Leiderschap', 'Aptitude pour la direction', 'Interpersonal Relations', 'Cognition', 'Emotionales Verhalten', 'Führung', ""Gestion d'entreprise"", '[manuel]', 'Travail', 'Psychologie du travail', 'Gestionnaire', 'Leader', 'Manuel', 'Business &amp; economics']",6
BOOK00871,Primal leadership : realizing the power of emotional intelligence,2,OL2828055A,Annie McKee,2002.0,,"['Leadership', 'Executive ability', 'Management', 'Emotional intelligence', 'Psychological aspects', 'Ratgeber', 'Interpersonale Kompetenz', 'Psychology', 'Organisatieontwikkeling', 'Emotions', 'Aspect psychologique', 'Gestion', 'Aspects psychologiques', 'Emotionele intelligentie', 'Sozialkompetenz', 'Intelligence émotionnelle', 'Leiderschap', 'Aptitude pour la direction', 'Interpersonal Relations', 'Cognition', 'Emotionales Verhalten', 'Führung', ""Gestion d'entreprise"", '[manuel]', 'Travail', 'Psychologie du travail', 'Gestionnaire', 'Leader', 'Manuel', 'Business &amp; economics']",2
BOOK00871,Primal leadership : realizing the power of emotional intelligence,3,OL401772A,Richard E. Boyatzis,2002.0,,"['Leadership', 'Executive ability', 'Management', 'Emotional intelligence', 'Psychological aspects', 'Ratgeber', 'Interpersonale Kompetenz', 'Psychology', 'Organisatieontwikkeling', 'Emotions', 'Aspect psychologique', 'Gestion', 'Aspects psychologiques', 'Emotionele intelligentie', 'Sozialkompetenz', 'Intelligence émotionnelle', 'Leiderschap', 'Aptitude pour la direction', 'Interpersonal Relations', 'Cognition', 'Emotionales Verhalten', 'Führung', ""Gestion d'entreprise"", '[manuel]', 'Travail', 'Psychologie du travail', 'Gestionnaire', 'Leader', 'Manuel', 'Business &amp; economics']",2
BOOK00872,Emotional intelligence,1,OL3477155A,Jill Dann,2007.0,,"['Emotional intelligence', 'Success in business']",1
BOOK00873,Emotional Intelligence,1,OL11026215A,Tanvir Shakil,2019.0,,[],1
BOOK00874,Emotional intelligence,1,OL1520541A,Ralf Schulze,2005.0,,"['Emotional intelligence', 'Intelligence émotionnelle', 'Emotions', 'Cognition']",1
BOOK00874,Emotional intelligence,2,OL3288778A,Richard D. Roberts,2005.0,,"['Emotional intelligence', 'Intelligence émotionnelle', 'Emotions', 'Cognition']",1
BOOK00875,Who's Talking?,1,OL2795790A,Chris Hinton,2025.0,,"['Self-help techniques', 'Psychology']",1
BOOK00876,Emotional Intelligence,1,OL9215235A,Modern Psychology Publishing,2019.0,,[],1
BOOK00877,Emotional Intelligence for Dummies,1,OL2804175A,Steven J. Stein,2009.0,,['Emotional intelligence'],1
BOOK00878,Emotional Intelligence at Work,1,OL1482502A,"Singh, Dalip",2000.0,,"['Emotional intelligence', 'Industrial Psychology', 'Psychology, industrial']",1
BOOK00879,The emotional intelligence quick book,1,OL1433906A,Travis Bradberry,2005.0,,"['Emotional intelligence', 'Intelligence', 'Emotions', 'Social Behavior', 'Industrial management', 'Business communication']",3
BOOK00880,Emotional intelligence at work,1,OL27373A,Hendrie Weisinger,1998.0,,"['Emotional intelligence', 'Emotions', 'Industrial Psychology', 'Interpersonal relations', 'Self-perception', 'Interpersoonlijke communicatie', 'Emoties', 'Self Concept', 'Zelfbeeld', 'Motivation (psychology)', 'Psychology, industrial', 'Methods', 'Physiology', 'Success in business']",1
BOOK00881,The language of emotional intelligence,1,OL384616A,Jeanne Segal,2008.0,,"['Attachment behavior', 'Interpersonal communication', 'Emotional intelligence', 'Nonfiction', 'Self-Improvement']",2
BOOK00882,HBR's 10 must reads on emotional intelligence,1,OL3203461A,Harvard Business Review Press,2015.0,,"['Emotional intelligence', 'Work', 'Psychological aspects', 'Work, psychological aspects', 'Work--psychological aspects', 'Bf576 .h394 2015', '152.4', 'Intelligence émotionnelle', 'Aspects psychologiques', 'Relations humaines', 'Règlement de différends', 'Développement personnel', 'Leadership', 'Gefühl', 'Intelligenz']",1
BOOK00883,Selling with emotional intelligence,1,OL1428099A,Mitch Anthony,2003.0,,"['Emotional intelligence', 'Psychological aspects', 'Psychological aspects of Selling', 'Selling', 'Vente', 'Aspect psychologique', 'Intelligence émotionnelle', 'BUSINESS & ECONOMICS', 'Marketing', 'General', 'Distribution']",1
BOOK00884,Teaching with emotional intelligence,1,OL1425182A,Alan Mortiboys,2005.0,,"['Adult education', 'Affective education', 'College teaching', 'Emotional intelligence', 'Emotions and cognition', 'EDUCATION / Professional Development', 'EDUCATION / Teaching Methods & Materials / General', 'EDUCATION / General']",1
BOOK00885,Emotional intelligence,1,OL9195760A,Helen C. Bryant,2011.0,,"['Emotional intelligence', 'Learning disabilities', 'Learning disabled youth', 'Reading comprehension']",1
BOOK00886,Achieving emotional literacy,1,OL391748A,Claude Steiner,1997.0,,"['Self-actualization (Psychology)', 'Emotional intelligence', 'Interpersonal relations', 'Emotions', 'Self-actualization (psychology)']",1
BOOK00886,Achieving emotional literacy,2,OL2629173A,Paul Perry,1997.0,,"['Self-actualization (Psychology)', 'Emotional intelligence', 'Interpersonal relations', 'Emotions', 'Self-actualization (psychology)']",1
BOOK00887,HBR Guide to Emotional Intelligence,1,OL3399460A,HBR,2017.0,,"['Emotional intelligence', 'Work', 'Psychological aspects', 'Industrial Psychology', 'Intelligence émotionnelle', 'Travail', 'Aspect psychologique', 'Psychologie du travail', 'BUSINESS & ECONOMICS', 'Industrial Management', 'Management', 'Management Science', 'Organizational Behavior']",2
BOOK00888,Manipulation Techniques,1,OL8387486A,Daniel Brain,2020.0,,[],1
BOOK00889,Emotional Intelligence,1,OL7949151A,James W. Williams,2019.0,,[],1
BOOK00890,Emotional Intelligence (Life Balance),1,OL2664659A,Linda Wasmer Andrews,2004.0,,"['emotional intelligence', 'non fiction', 'Emotional intelligence', 'Juvenile literature', 'Emotions']",1
BOOK00891,Bedtime Stories For Kids,1,OL9265506A,Emotional Intelligence Guided,2020.0,,[],1
BOOK00892,What we know about emotional intelligence,1,OL223996A,Moshe Zeidner,2009.0,,"['Emotional Intelligence', 'Intelligenz', 'Emotionales Verhalten', 'Gefühl', 'Auswirkung', 'Death, Grief, Bereavement', 'PSYCHOLOGY', 'Emotions', 'FAMILY & RELATIONSHIPS']",1
BOOK00893,Applying emotional intelligence,1,OL3138260A,Joseph Ciarrochi,2007.0,,"['Emotional intelligence', 'Emotions', 'Intellect', 'Intelligence', 'Intelligence émotionnelle', 'Émotions', 'Emotion', 'PSYCHOLOGY', 'Physiological Psychology', 'Gefühl', 'Intelligenz', 'Emotionele intelligentie', 'Toepassingen']",1
BOOK00893,Applying emotional intelligence,2,OL1436314A,"Mayer, John D.",2007.0,,"['Emotional intelligence', 'Emotions', 'Intellect', 'Intelligence', 'Intelligence émotionnelle', 'Émotions', 'Emotion', 'PSYCHOLOGY', 'Physiological Psychology', 'Gefühl', 'Intelligenz', 'Emotionele intelligentie', 'Toepassingen']",1
BOOK00894,Change Your Life With Emotional Intelligence,1,OL1568927A,Christine Wilding,2010.0,,['Emotional intelligence'],3
BOOK00895,Emotional Intelligence Mastery 2. 0,1,OL11043811A,Emotional Intelligence Academy,2019.0,,[],1
BOOK00896,La iInteligencia emocional,1,OL224907A,Daniel Goleman,2013.0,,['Emotional intelligence'],6
BOOK00897,Emotional Intelligence,1,OL1158001A,Daniel Coleman,1998.0,,[],1
BOOK00898,Emotional Intelligence,1,OL1008395A,Margaret Chapman,2001.0,,"['Emotional intelligence', 'Handbooks, manuals', 'Management', 'Personnel management', 'Emotions and cognition', 'Personality development', 'Psychological aspects']",1
BOOK00899,Emotional Intelligence,1,OL3094702A,Ryan James,2019.0,,['Psychology'],1
BOOK00900,Master Your Emotions,1,OL14948835A,Eric Robertson,2019.0,,[],1
BOOK00901,Emotional Intelligence,1,OL2651699A,Darwin B. Nelson,2002.0,,"['College students', 'College student orientation', 'Life skills guides', 'Emotional intelligence', 'Interpersonal relations']",1
BOOK00901,Emotional Intelligence,2,OL479991A,Gary R. Low,2002.0,,"['College students', 'College student orientation', 'Life skills guides', 'Emotional intelligence', 'Interpersonal relations']",1
BOOK00902,Communicate with emotional intelligence,1,OL1357185A,John Eaton,2001.0,,"['Emotional intelligence', 'Communication in management']",1
BOOK00902,Communicate with emotional intelligence,2,OL2879317A,Roy Johnson,2001.0,,"['Emotional intelligence', 'Communication in management']",1
BOOK00903,Emotional Intelligence Secrets,1,OL11121520A,Tyler Dawson,2019.0,,[],1
BOOK00904,The Science of Self Talk,1,OL7607098A,Ian Tuhovsky,2018.0,,[],1
BOOK00905,Primal Leadership,1,OL224907A,Daniel Goleman,2004.0,,"['Executive ability', 'Leadership', 'Management', 'Emotional intelligence', 'Psychological aspects', 'Success in business', 'Psychology, industrial', 'Aspect psychologique', 'Gestion', 'Aptitude pour la direction', 'Intelligence émotionnelle', 'BUSINESS & ECONOMICS', 'Industrial Management', 'Management Science', 'Organizational Behavior', 'Emotionele intelligentie', 'Leiderschap', 'Organisatieontwikkeling', 'Emotions', 'Intelligence']",6
BOOK00905,Primal Leadership,2,OL401772A,Richard E. Boyatzis,2004.0,,"['Executive ability', 'Leadership', 'Management', 'Emotional intelligence', 'Psychological aspects', 'Success in business', 'Psychology, industrial', 'Aspect psychologique', 'Gestion', 'Aptitude pour la direction', 'Intelligence émotionnelle', 'BUSINESS & ECONOMICS', 'Industrial Management', 'Management Science', 'Organizational Behavior', 'Emotionele intelligentie', 'Leiderschap', 'Organisatieontwikkeling', 'Emotions', 'Intelligence']",2
BOOK00905,Primal Leadership,3,OL2828055A,Annie McKee,2004.0,,"['Executive ability', 'Leadership', 'Management', 'Emotional intelligence', 'Psychological aspects', 'Success in business', 'Psychology, industrial', 'Aspect psychologique', 'Gestion', 'Aptitude pour la direction', 'Intelligence émotionnelle', 'BUSINESS & ECONOMICS', 'Industrial Management', 'Management Science', 'Organizational Behavior', 'Emotionele intelligentie', 'Leiderschap', 'Organisatieontwikkeling', 'Emotions', 'Intelligence']",2
BOOK00906,Innovation Management,1,OL385663A,Allan Afuah,1997.0,,"['Industrial management', 'Finance', 'Strategic planning', 'Organizational change', 'Product management', 'Corporations', 'Corporations, finance']",1
BOOK00907,Innovation Management and New Product Development,1,OL3083143A,Paul Trott,1998.0,,"['Product management', 'Industrial management', 'Management', 'Innovation', 'Innovationsmanagement', 'Technological innovations', 'Productontwikkeling', 'Innovations', 'Gestion', 'Produits commerciaux', 'Technische vernieuwing', ""Gestion d'entreprise"", 'New products', 'Production management', 'Produktentwicklung']",2
BOOK00908,Strategic Innovation Management,1,OL2729737A,Joe Tidd,2014.0,,"['Technological innovations', 'Management', 'Strategic planning']",2
BOOK00908,Strategic Innovation Management,2,OL7504235A,John R. Bessant,2014.0,,"['Technological innovations', 'Management', 'Strategic planning']",1
BOOK00909,Innovation Management,1,OL2476984A,Keith Goffin,2010.0,,"['Organizational change', 'Industrial management', 'Strategic planning', 'Corporations, finance', 'Product management']",2
BOOK00909,Innovation Management,2,OL1521017A,"Mitchell, Rick",2010.0,,"['Organizational change', 'Industrial management', 'Strategic planning', 'Corporations, finance', 'Product management']",1
BOOK00910,Creativity and strategic innovation management,1,OL590573A,Malcolm Goodman,2012.0,,"['Creative ability in business', 'Diffusion of innovations', 'Technological innovations', 'Management', 'Organizational change', 'Strategic planning', 'Créativité dans les affaires', 'Innovations', 'Diffusion', 'Gestion', 'Changement organisationnel']",2
BOOK00911,Innovation Management,1,OL7208428A,Mark Dodgson,2016.0,,['Organizational change'],1
BOOK00912,The Oxford Handbook Of Innovation Management,1,OL834892A,Mark Dodgson,2013.0,,"['Organizational change', 'Technological innovations', 'Management', 'Organizational change--management', 'Technological innovations--management', 'Social sciences -- industries. land use. labor -- management. industrial management -- organizational change. organizational development. corporate turnarounds', 'Hd58.8 .o94 2014', '658.406']",1
BOOK00913,Innovation management,1,OL2476984A,Keith Goffin,2005.0,,"['Technological innovations', 'Management', 'Industrial management', 'Organizational change', 'Corporations, finance', 'Product management', 'Strategic planning', 'Economics']",2
BOOK00913,Innovation management,2,OL2952465A,Rick Mitchell,2005.0,,"['Technological innovations', 'Management', 'Industrial management', 'Organizational change', 'Corporations, finance', 'Product management', 'Strategic planning', 'Economics']",1
BOOK00914,Best Practice,1,OL27182A,Mohamed Zairi,1999.0,,"['Organizational effectiveness', 'Technological innovations', 'Industrial management', 'Management', 'Innovations', 'Gestion', ""Gestion d'entreprise"", 'Efficacité organisationnelle', 'BUSINESS & ECONOMICS', 'Strategic Planning', 'Aufsatzsammlung', 'Technische Innovation', 'Vernieuwing', 'Procesbeheersing']",1
BOOK00915,The Innovator's Dilemma,1,OL240826A,Clayton M. Christensen,1997.0,,"['Industrial management', 'Disruptive technologies', 'Success in business', 'Customer services', 'innovation', 'Service à la clientèle', 'Succès dans les affaires', 'Creative ability in business', ""Gestion d'entreprise"", 'Créativité dans les affaires', 'Creative ability', 'Success', 'Erfolgsanalyse', 'Innovations technologiques', 'Gestion industrielle', 'Management', 'Unternehmen', 'Affaires', 'BUSINESS & ECONOMICS / Decision-Making & Problem Solving', 'BUSINESS & ECONOMICS / Leadership', 'BUSINESS & ECONOMICS / Strategic Planning', 'BUSINESS & ECONOMICS', 'Decision-Making & Problem Solving', 'Leadership', 'Strategic Planning', 'Business economics', 'Produktutveckling', 'Framgångsrikt företagande', 'Kreativitet i arbetslivet', 'Kundorientering', 'Hd53 .c49 1997', '658', 'Hd53 .c49 2016', 'Commerce', 'Organization & administration', 'Methods', 'Customer Satisfaction', 'Consumer Behavior']",1
BOOK00915,The Innovator's Dilemma,2,OL9181563A,L J Ganser,1997.0,,"['Industrial management', 'Disruptive technologies', 'Success in business', 'Customer services', 'innovation', 'Service à la clientèle', 'Succès dans les affaires', 'Creative ability in business', ""Gestion d'entreprise"", 'Créativité dans les affaires', 'Creative ability', 'Success', 'Erfolgsanalyse', 'Innovations technologiques', 'Gestion industrielle', 'Management', 'Unternehmen', 'Affaires', 'BUSINESS & ECONOMICS / Decision-Making & Problem Solving', 'BUSINESS & ECONOMICS / Leadership', 'BUSINESS & ECONOMICS / Strategic Planning', 'BUSINESS & ECONOMICS', 'Decision-Making & Problem Solving', 'Leadership', 'Strategic Planning', 'Business economics', 'Produktutveckling', 'Framgångsrikt företagande', 'Kreativitet i arbetslivet', 'Kundorientering', 'Hd53 .c49 1997', '658', 'Hd53 .c49 2016', 'Commerce', 'Organization & administration', 'Methods', 'Customer Satisfaction', 'Consumer Behavior']",1
BOOK00915,The Innovator's Dilemma,3,OL3056495A,Don Leslie,1997.0,,"['Industrial management', 'Disruptive technologies', 'Success in business', 'Customer services', 'innovation', 'Service à la clientèle', 'Succès dans les affaires', 'Creative ability in business', ""Gestion d'entreprise"", 'Créativité dans les affaires', 'Creative ability', 'Success', 'Erfolgsanalyse', 'Innovations technologiques', 'Gestion industrielle', 'Management', 'Unternehmen', 'Affaires', 'BUSINESS & ECONOMICS / Decision-Making & Problem Solving', 'BUSINESS & ECONOMICS / Leadership', 'BUSINESS & ECONOMICS / Strategic Planning', 'BUSINESS & ECONOMICS', 'Decision-Making & Problem Solving', 'Leadership', 'Strategic Planning', 'Business economics', 'Produktutveckling', 'Framgångsrikt företagande', 'Kreativitet i arbetslivet', 'Kundorientering', 'Hd53 .c49 1997', '658', 'Hd53 .c49 2016', 'Commerce', 'Organization & administration', 'Methods', 'Customer Satisfaction', 'Consumer Behavior']",2
BOOK00916,SAP Billing and Revenue Innovation Management,1,OL9988316A,Chaitanaya Desai,2019.0,,"['Collecting of accounts', 'Electronic funds transfers']",1
BOOK00916,SAP Billing and Revenue Innovation Management,2,OL9988317A,Sheikna Kulam,2019.0,,"['Collecting of accounts', 'Electronic funds transfers']",1
BOOK00916,SAP Billing and Revenue Innovation Management,3,OL9988318A,Chun Wei Ooi,2019.0,,"['Collecting of accounts', 'Electronic funds transfers']",1
BOOK00916,SAP Billing and Revenue Innovation Management,4,OL9988319A,Clement Sanjivi,2019.0,,"['Collecting of accounts', 'Electronic funds transfers']",1
BOOK00916,SAP Billing and Revenue Innovation Management,5,OL9988320A,Andreas Tan,2019.0,,"['Collecting of accounts', 'Electronic funds transfers']",1
BOOK00917,Innovation Management:,1,OL9745658A,Jan van den Ende,2021.0,,['Economics'],1
BOOK00918,Creativity for innovation management,1,OL7526080A,Ina Goller,2017.0,,"['Creative ability in business', 'Technological innovations', 'Management', 'Organizational behavior', 'Organizational change', 'Creative ability', 'Innovations', 'Gestion', 'Changement organisationnel', 'Créativité', 'Creativity', 'BUSINESS & ECONOMICS', 'Industrial Management', 'Management Science', 'Organizational Behavior']",1
BOOK00919,Innovation management,1,OL578250A,Shlomo Maital,2007.0,,"['Management', 'Priročniki', 'Innovation management', 'Profit', 'Globalna strategija', 'Inovacijski management', 'Determinante', 'Organizacijske spremembe', 'Tehnološke inovacije', 'Technological innovations', 'Inovativno mišljenje', 'Organizational change', 'Merjenje učinkovitosti', 'Inovacije', 'Inovativnost', 'Strategic planning', 'Strateški management', 'Case studies', 'Industrijski management', 'Znanje vodenja', 'Študije primerov', 'Vloga', 'Poslovna strategija']",1
BOOK00919,Innovation management,2,OL2842375A,D V R Seshadri,2007.0,,"['Management', 'Priročniki', 'Innovation management', 'Profit', 'Globalna strategija', 'Inovacijski management', 'Determinante', 'Organizacijske spremembe', 'Tehnološke inovacije', 'Technological innovations', 'Inovativno mišljenje', 'Organizational change', 'Merjenje učinkovitosti', 'Inovacije', 'Inovativnost', 'Strategic planning', 'Strateški management', 'Case studies', 'Industrijski management', 'Znanje vodenja', 'Študije primerov', 'Vloga', 'Poslovna strategija']",1
BOOK00920,Innovation Management,1,OL3410106A,Pervaiz Ahmed,2007.0,,"['Knowledge management', 'Technological innovations', 'Industrial management', 'Management', 'Technological innovations -- Management', 'Organizational change']",1
BOOK00920,Innovation Management,2,OL1398890A,Pervaiz K. Ahmed,2007.0,,"['Knowledge management', 'Technological innovations', 'Industrial management', 'Management', 'Technological innovations -- Management', 'Organizational change']",1
BOOK00921,Revolution of Innovation Management,1,OL7084372A,Alexander Brem,2016.0,,['Technological innovations'],2
BOOK00921,Revolution of Innovation Management,2,OL225185A,Eric Viardot,2016.0,,['Technological innovations'],2
BOOK00922,Innovation management and new product development,1,OL3083143A,Paul Trott,2011.0,,"['Product management', 'Technological innovations', 'Industrial management', 'Management']",2
BOOK00923,Global innovation management,1,OL3235516A,J. Christopher Westland,2008.0,,"['Technological innovations', 'Management', 'New products', 'International business enterprises']",1
BOOK00924,Product Innovation Management,1,OL7349537A,Stefano Biazzo,2021.0,,[],1
BOOK00924,Product Innovation Management,2,OL9575127A,Roberto Filippini,2021.0,,[],1
BOOK00925,Innovation Management,1,OL7356617A,Carolina Machado,2015.0,,"['Technological innovations', 'Industrial management']",1
BOOK00925,Innovation Management,2,OL6582933A,J. Paulo Davim,2015.0,,"['Technological innovations', 'Industrial management']",1
BOOK00926,Contextual Innovation Management,1,OL6862634A,Patrick van der Duin,2020.0,,"['Management', 'Technological innovations', 'Economic aspects', 'Gestion', 'Innovations', 'Aspect économique', 'BUSINESS & ECONOMICS', 'General', 'Project Management']",1
BOOK00926,Contextual Innovation Management,2,OL7888682A,Roland Ortt,2020.0,,"['Management', 'Technological innovations', 'Economic aspects', 'Gestion', 'Innovations', 'Aspect économique', 'BUSINESS & ECONOMICS', 'General', 'Project Management']",1
BOOK00927,Routledge Companion to Innovation Management,1,OL4155296A,Jin Chen,2019.0,,"['Technological innovations', 'Organizational change', 'Management', 'Economics, finance, business & management', 'BUSINESS & ECONOMICS', 'Industrial Management', 'Management Science', 'Organizational Behavior', 'General', 'Project Management', 'Entrepreneurship']",1
BOOK00927,Routledge Companion to Innovation Management,2,OL7112037A,Poh Kam Wong,2019.0,,"['Technological innovations', 'Organizational change', 'Management', 'Economics, finance, business & management', 'BUSINESS & ECONOMICS', 'Industrial Management', 'Management Science', 'Organizational Behavior', 'General', 'Project Management', 'Entrepreneurship']",1
BOOK00927,Routledge Companion to Innovation Management,3,OL225185A,Eric Viardot,2019.0,,"['Technological innovations', 'Organizational change', 'Management', 'Economics, finance, business & management', 'BUSINESS & ECONOMICS', 'Industrial Management', 'Management Science', 'Organizational Behavior', 'General', 'Project Management', 'Entrepreneurship']",2
BOOK00927,Routledge Companion to Innovation Management,4,OL7084372A,Alexander Brem,2019.0,,"['Technological innovations', 'Organizational change', 'Management', 'Economics, finance, business & management', 'BUSINESS & ECONOMICS', 'Industrial Management', 'Management Science', 'Organizational Behavior', 'General', 'Project Management', 'Entrepreneurship']",2
BOOK00928,Corporate Foresight and Innovation Management,1,OL8469889A,David Sarpong,2019.0,,"['Technological innovations', 'Management', 'Organizational change', 'Reengineering (Management)', 'Creative ability in business']",1
BOOK00928,Corporate Foresight and Innovation Management,2,OL4114926A,Dirk Meissner,2019.0,,"['Technological innovations', 'Management', 'Organizational change', 'Reengineering (Management)', 'Creative ability in business']",1
BOOK00929,Technology and Innovation Management,1,OL10068582A,Sanjiva Shankar Dubey,2020.0,,[],1
BOOK00930,Encyclopedia of technology and innovation management,1,OL836169A,V. K. Narayanan,2010.0,,"['Technological innovations', 'Management', 'Encyclopedias', 'Organizational change', 'Encyclopedias and dictionaries', 'Technology, management']",1
BOOK00931,Information for Innovation,1,OL389509A,Stuart Macdonald,1998.0,,"['Management', 'Information resources management', 'Organizational change', 'Technological innovations', 'Information technology', 'Information technology, management', 'Organizational Innovation']",1
BOOK00932,Innovation and Entrepreneurship,1,OL4345625A,Peter F. Drucker,1985.0,,"['Empreses', 'Emprenedoria', 'Empreses petites i mitjanes', 'Creacio', 'Creació', 'Small business', 'New business enterprises', 'Entrepreneurship', 'Small business, united states', 'Business', 'Nonfiction', 'Commerce', 'Petites et moyennes entreprises', 'Nuevas empresas comerciales', 'Microempresas', 'Empresarios', 'Nieuwe ondernemingen', 'Entrepreneuriat', 'Kleinbedrijf', 'Nouvelles entreprises', 'Ondernemerschap', 'Organizational Innovation', 'Entreprises', 'Innovationsmanagement', 'Création', 'Entrepreneurs (économie politique)', 'Innovation', 'Unternehmer', 'Vernieuwing', 'Empresas de negocios nuevos', 'Management', 'Entrepreneur', 'Innovations technologiques', 'Psychology']",4
BOOK00933,Innovative management of atrial fibrillation,1,OL541941A,David Schwartzman,2005.0,,"['Atrial fibrillation', 'Therapy', 'Treatment', 'Atrial Fibrillation', 'Cardiovascular system, diseases, nursing']",1
BOOK00934,Crest of the Innovation Management Research Wave,1,OL7899424A,Marcus Tynnhammar,2020.0,,"['Business', 'Economics']",1
BOOK00935,Innovation Management,1,OL14995058A,Rasmus Koss Hartmann,2025.0,,[],1
BOOK00936,Intellectual property and innovation management in small firms,1,OL5642597A,Robert Blackburn,2003.0,,"['Management', 'Intellectual property', 'Marketing', 'Research & Development', 'Research', 'Small business', 'Technological innovations', 'BUSINESS & ECONOMICS', 'Creative ability in business', 'Managerial economics', 'Innovations', 'Gestion', 'Petites et moyennes entreprises', 'Propriété intellectuelle']",1
BOOK00937,Total Innovative Management Excellence,1,OL2633920A,H. James Harrington,2020.0,,[],2
BOOK00937,Total Innovative Management Excellence,2,OL7900742A,Frank Voehl,2020.0,,[],2
BOOK00938,"Managing research, development and innovation",1,OL3751286A,Ravi Jain,2010.0,,"['Industrial Research', 'Management', 'Research, industrial, management']",1
BOOK00938,"Managing research, development and innovation",2,OL2671747A,Harry C. Triandis,2010.0,,"['Industrial Research', 'Management', 'Research, industrial, management']",1
BOOK00939,Innovation Management in Robot Society,1,OL9730645A,Kristian Wasén,2015.0,,"['Technological innovations', 'Robotics']",1
BOOK00940,Innovative Management Education Ecosystem,1,OL10520311A,Jordi Diaz,2022.0,,"['Management', 'Study and teaching', 'Industry 4.0.', 'Business schools', 'Public-private sector cooperation', 'BUSINESS & ECONOMICS / Leadership', 'BUSINESS & ECONOMICS / Management', 'BUSINESS & ECONOMICS / Education']",1
BOOK00940,Innovative Management Education Ecosystem,2,OL7106773A,Daphne Halkias,2022.0,,"['Management', 'Study and teaching', 'Industry 4.0.', 'Business schools', 'Public-private sector cooperation', 'BUSINESS & ECONOMICS / Leadership', 'BUSINESS & ECONOMICS / Management', 'BUSINESS & ECONOMICS / Education']",2
BOOK00940,Innovative Management Education Ecosystem,3,OL8156259A,Paul W. Thurman,2022.0,,"['Management', 'Study and teaching', 'Industry 4.0.', 'Business schools', 'Public-private sector cooperation', 'BUSINESS & ECONOMICS / Leadership', 'BUSINESS & ECONOMICS / Management', 'BUSINESS & ECONOMICS / Education']",2
BOOK00941,Evolution of Innovation Management,1,OL3940857A,A. Brem,2013.0,,[],1
BOOK00941,Evolution of Innovation Management,2,OL9713297A,E. Viardot,2013.0,,[],1
BOOK00942,Collaborative Leadership and Innovation,1,OL10374910A,Elis Carlström,2022.0,,"['Leadership', 'Creative ability in business', 'Teams in the workplace', 'Management', 'Communication in management', 'Project management', 'BUSINESS & ECONOMICS / Management', 'BUSINESS & ECONOMICS / Leadership']",1
BOOK00943,The management of innovation,1,OL952123A,Tom R. Burns,1961.0,,"['Electronic industries', 'Technological innovations', 'Industrial management', 'Great Britain', 'Management', 'Industries', 'Organization and Administration']",1
BOOK00943,The management of innovation,2,OL7411684A,G. M. Stalker,1961.0,,"['Electronic industries', 'Technological innovations', 'Industrial management', 'Great Britain', 'Management', 'Industries', 'Organization and Administration']",1
BOOK00944,Open Labs and Innovation Management,1,OL6931396A,Valérie Mérindol,2022.0,,"['Industrial Research', 'Laboratories', 'Technological innovations', 'New products', 'BUSINESS & ECONOMICS / Management Science', 'BUSINESS & ECONOMICS / Development / Business Development', 'BUSINESS & ECONOMICS / Entrepreneurship']",1
BOOK00944,Open Labs and Innovation Management,2,OL10455852A,David W. Versailles,2022.0,,"['Industrial Research', 'Laboratories', 'Technological innovations', 'New products', 'BUSINESS & ECONOMICS / Management Science', 'BUSINESS & ECONOMICS / Development / Business Development', 'BUSINESS & ECONOMICS / Entrepreneurship']",1
BOOK00945,Critical Perspectives on Innovation Management,1,OL9355361A,Patryk Dziurski,2021.0,,"['Economics', 'Management', 'Technological innovations', 'Business enterprises', 'Gestion', 'Innovations', 'Entreprises', 'BUSINESS & ECONOMICS / Management', 'BUSINESS & ECONOMICS / Strategic Planning', 'BUSINESS & ECONOMICS / Development / Business Development']",1
BOOK00946,"Innovation Management and New Product Development for Engineers, Volume I",1,OL2680351A,Rob Dekkers,2018.0,,['Science'],1
BOOK00947,Sustained Innovation Management,1,OL3392850A,Gaston Trauffler,2007.0,,"['Technological innovations', 'Management', 'Diffusion of innovations']",1
BOOK00948,Innovative Management and Business Practices in Asia,1,OL9987515A,Patricia Ordoñez de,2019.0,,"['Entrepreneurship', 'Management', 'Technological innovations, asia']",1
BOOK00948,Innovative Management and Business Practices in Asia,2,OL5318188A,Xi Zhang,2019.0,,"['Entrepreneurship', 'Management', 'Technological innovations, asia']",1
BOOK00948,Innovative Management and Business Practices in Asia,3,OL7770816A,Kwok Tai Chui,2019.0,,"['Entrepreneurship', 'Management', 'Technological innovations, asia']",1
BOOK00949,Innovation Management and Growth in Emerging Economies,1,OL9986896A,Heather C. Webb,2020.0,,"['Economic development', 'Corporations, growth', 'Developing countries']",1
BOOK00949,Innovation Management and Growth in Emerging Economies,2,OL9362244A,Wendy Wu,2020.0,,"['Economic development', 'Corporations, growth', 'Developing countries']",1
BOOK00949,Innovation Management and Growth in Emerging Economies,3,OL10014892A,Hussain Al Numairy,2020.0,,"['Economic development', 'Corporations, growth', 'Developing countries']",1
BOOK00950,Innovation Management for a Resilient Digital Economy,1,OL3237212A,Miltiadis D. Lytras,2024.0,,[],2
BOOK00950,Innovation Management for a Resilient Digital Economy,2,OL15010118A,Patricia Ordonez,2024.0,,[],1
BOOK00950,Innovation Management for a Resilient Digital Economy,3,OL13696133A,Afnan Alkhaldi,2024.0,,[],1
BOOK00950,Innovation Management for a Resilient Digital Economy,4,OL13696132A,Andreea Claudia Serban,2024.0,,[],1
