wikidata_id,wikidata_label,wikidata_description,instance_of_qids,citizenship_qids,birthplace_qids,birth_dates,occupation_qids,external_id_claims
Q313482,Stephen Covey,"American educator, author, businessman and motivational speaker (1932-2012)",['Q5'],['Q30'],['Q23337'],['+1932-10-24T00:00:00Z'],"['Q121594', 'Q43845', 'Q36180', 'Q1622272']","{'P214': ['19730461'], 'P213': ['000000008098533X'], 'P373': ['Stephen Covey'], 'P434': ['0fe743cd-f2a2-40e2-96a7-6a46ef5d8fee'], 'P244': ['n83042188'], 'P227': ['12895647X'], 'P345': ['nm1760969'], 'P18': ['StephenCoveyinhisHome (cropped).jpg'], 'P349': ['00464995'], 'P691': ['xx0009262'], 'P646': ['/m/01jtkg'], 'P1005': ['1409141'], 'P856': ['http://www.stephencovey.com/'], 'P1006': ['106979302'], 'P1953': ['1502596'], 'P1728': ['mn0003259221'], 'P2002': ['stephenrcovey'], 'P2163': ['110621'], 'P1417': ['biography/Stephen-Richards-Covey'], 'P2013': ['stephenrcovey'], 'P2949': ['Covey-981'], 'P648': ['OL383159A'], 'P535': ['93704004'], 'P3430': ['w64753k7'], 'P3762': ['73122'], 'P950': ['XX896947'], 'P1280': ['10592099'], 'P269': ['030962021'], 'P1015': ['90411846'], 'P3987': ['280129'], 'P268': ['12227345p'], 'P3280': ['0000436229'], 'P1368': ['000045135'], 'P409': ['35031701'], 'P1375': ['000070356'], 'P1207': ['n96019367'], 'P5034': ['KAC199605841'], 'P949': ['000184590'], 'P3846': ['87097968225930'], 'P271': ['DA05034666'], 'P4619': ['000283590'], 'P1315': ['804444'], 'P1580': ['a1035037'], 'P5469': ['stephen-r-covey'], 'P5739': ['19639'], 'P7029': ['777479', '77102663'], 'P6394': ['a11589036', 'a11589048'], 'P3065': ['A003141166'], 'P1670': ['1006K2638'], 'P2600': ['6000000017199218874'], 'P1309': ['vtls002983601'], 'P2963': ['1538'], 'P8849': ['5183845'], 'P3630': ['192587'], 'P8851': ['4347239', '4809319'], 'P7293': ['9810636020905606'], 'P2889': ['KWHD-HJ2'], 'P1695': ['a0000001038438'], 'P9141': ['3603'], 'P9984': ['981058509887306706'], 'P8189': ['987007310547905171'], 'P8313': ['Stephen_R._Covey'], 'P9247': ['283241'], 'P3368': ['235455'], 'P7400': ['coveystephenr'], 'P7502': ['Stephen_Covey-Y8Z89'], 'P11496': ['1140563741528889984'], 'P11249': ['13941566'], 'P11686': ['981058509887306706'], 'P7369': ['000064131'], 'P8179': ['ncf10444031'], 'P7699': ['LNB:V*375574;=BR'], 'P7700': ['vtls008034304'], 'P10021': ['a10000627'], 'P1607': ['2644024'], 'P3417': ['Stephen-R-Covey-author'], 'P2734': ['CoveyStephenR'], 'P5695': ['84652'], 'P9802': ['2174874', '38718'], 'P5731': ['93006'], 'P8848': ['811878'], 'P9871': ['23579'], 'P10844': ['14791'], 'P9251': ['57890'], 'P3348': ['178423'], 'P11158': ['2704'], 'P2188': ['25526'], 'P11182': ['89072'], 'P12098': ['1443509'], 'P12458': ['272789', '17064'], 'P10832': ['E39PBJqbrkgkRK6WvY8QD9kdQq'], 'P13049': ['12895647X'], 'P10387': ['3719'], 'P6640': ['369981'], 'P13591': ['person/92932e5f-7310-4b8a-8792-da159e231544'], 'P396': ['CFIV104120'], 'P10400': ['2614'], 'P14177': ['xx0009262'], 'P14178': ['xx0009262'], 'P14225': ['981005669041009366'], 'P9322': ['p0069389-Covey-Stephen-R-19322012'], 'P14750': ['FBE5-E82F-038D-D22F-61E9'], 'P13772': ['stephen-r-covey']}"
Q123654696,"Stephen R. Covey, Herald of Good Habits, Dies at 79","The New York Times article (July 17, 2012)",['Q309481'],[],[],[],[],"{'P953': ['https://www.nytimes.com/2012/07/17/business/stephen-r-covey-herald-of-good-habits-dies-at-79.html'], 'P2322': ['100000001666390']}"
Q130733922,Gary A. Yukl,"psychologist, business manager, university teacher (1940-)",['Q5'],[],[],['+1940-01-01T00:00:00Z'],"['Q212980', 'Q832136', 'Q1622272']","{'P1315': ['1019842'], 'P1280': ['15938915'], 'P214': ['41948679'], 'P213': ['0000000108916564'], 'P244': ['n80148949'], 'P268': ['12520276h'], 'P269': ['073265470'], 'P227': ['140438564'], 'P1015': ['90085687'], 'P1207': ['n97010961'], 'P1006': ['068496559'], 'P5034': ['KAC199630824'], 'P8189': ['987007454871905171'], 'P11182': ['87938'], 'P12458': ['628161'], 'P409': ['35625519'], 'P9984': ['981061054233306706'], 'P691': ['xx0329622'], 'P13591': ['person/ae3c6022-7717-43f1-b725-65e1c1364128'], 'P13906': ['152736'], 'P13951': ['67115'], 'P13204': ['xgtfhsun']}"
Q3304739,John C. Maxwell,"American author, speaker and neopentecostal pastor",['Q5'],['Q30'],['Q1013879'],['+1947-02-20T00:00:00Z'],"['Q36180', 'Q15982858', 'Q152002', 'Q6051619', 'Q12859263', 'Q15978655', 'Q955464']","{'P214': ['85316958'], 'P213': ['0000000081609950'], 'P646': ['/m/0dd6vj'], 'P1006': ['156611880'], 'P227': ['12345736X'], 'P244': ['n87914935'], 'P2163': ['210128'], 'P3430': ['w64q9s07'], 'P3417': ['John-C-Maxwell'], 'P349': ['00839043'], 'P906': ['267851'], 'P1015': ['1035051'], 'P1207': ['n95402008'], 'P1368': ['000237343'], 'P269': ['034959912'], 'P5587': ['tr57b8zc4vjrv3l'], 'P268': ['12565622q'], 'P691': ['xx0001713'], 'P18': ['John C. Maxwell (cropped).jpg'], 'P5034': ['KAC200302063'], 'P1309': ['vtls003523969'], 'P2002': ['johncmaxwell', 'JohnCMaxwell'], 'P2013': ['JohnCMaxwell'], 'P2003': ['johncmaxwell'], 'P856': ['http://www.johnmaxwell.com/'], 'P3630': ['178937'], 'P7293': ['9810622913305606'], 'P3987': ['604944'], 'P9807': ['157883'], 'P3348': ['178406'], 'P9743': ['107ZztKKIN'], 'P3280': ['0000345911'], 'P4619': ['000572861'], 'P7369': ['000261380'], 'P8179': ['ncf10385447'], 'P3846': ['87097968690951'], 'P6394': ['a12166248'], 'P7699': ['LNB:1j6;=BH'], 'P271': ['DA13521210'], 'P409': ['42149804'], 'P1375': ['000255969'], 'P1005': ['614838'], 'P3065': ['A003576041'], 'P7700': ['vtls005493446'], 'P648': ['OL26423A'], 'P10553': ['082567026'], 'P434': ['77d9d8f8-c326-4d35-94b8-e73985ec5db2'], 'P373': ['John C. Maxwell'], 'P11496': ['1140845216756372224'], 'P11182': ['37497'], 'P12458': ['177830'], 'P8189': ['987007305261405171'], 'P10832': ['E39PBJqkbXbKhXW8B8MWdwxYyd'], 'P13049': ['12345736X'], 'P10387': ['46717'], 'P1315': ['1456973'], 'P2963': ['68'], 'P13591': ['person/77e286d8-0999-4b2d-a924-79ffcef31782'], 'P11892': ['johncmaxwell'], 'P13951': ['552684'], 'P10400': ['34635'], 'P14225': ['981005773706609366'], 'P9322': ['p0005588-Maxwell-John-C-1947']}"
Q60220754,John C. Maxwell,geologist,['Q5'],[],[],['+1914-01-01T00:00:00Z'],['Q520549'],{'P8367': ['16480022']}
Q52162437,Bernard M. Bass,American psychologist and leadership pioneer,['Q5'],['Q30'],['Q18426'],['+1925-06-11T00:00:00Z'],"['Q212980', 'Q1622272']","{'P214': ['79339367'], 'P213': ['0000000109193863'], 'P269': ['059911263'], 'P227': ['170563316'], 'P244': ['n79059906'], 'P2163': ['36484'], 'P950': ['XX1019436'], 'P1006': ['067545440'], 'P691': ['vse2008462662'], 'P1960': ['mr77kVoAAAAJ'], 'P1207': ['n2005002591'], 'P646': ['/m/05vd2pc'], 'P3987': ['106932'], 'P271': ['DA00875582'], 'P1015': ['90211917'], 'P8179': ['ncf12090970'], 'P8189': ['987007279713705171'], 'P5034': ['KAC2020P6635'], 'P7699': ['LNB:CCsl;=B1'], 'P1368': ['000237003'], 'P1375': ['000319761'], 'P3368': ['1697526'], 'P11496': ['1140282266698166016'], 'P9871': ['739'], 'P11182': ['15138'], 'P12458': ['550912'], 'P10832': ['E39PBJjHc6k6BbpJC8Xy76xCcP'], 'P13049': ['170563316'], 'P13166': ['210818'], 'P6394': ['a12666518'], 'P3065': ['A002974866'], 'P13591': ['person/1c475f21-664f-4c20-bafc-9089ba2a7a30'], 'P14225': ['981005771325209366'], 'P13204': ['xxcbpd8j']}"
Q167607,James Comey,American lawyer and 7th director of the Federal Bureau of Investigation (born 1960),['Q5'],['Q30'],['Q128114'],['+1960-12-14T00:00:00Z'],"['Q40348', 'Q1622272', 'Q82955', 'Q185351']","{'P373': ['James Comey'], 'P244': ['no2004077346'], 'P214': ['16938946'], 'P646': ['/m/06r04p'], 'P18': ['James Comey official portrait.jpg'], 'P1263': ['624/000110294'], 'P3417': ['James-Comey-government-official'], 'P1417': ['biography/James-Comey', 'biography/James-B-Comey'], 'P3106': ['us-news/james-comey'], 'P3479': ['2b8fa1a81f0b76e38a99d3cf02686603ace1754f'], 'P213': ['0000000048220337'], 'P2190': ['jamescomey'], 'P345': ['nm2202811'], 'P2002': ['Comey', 'FormerBu'], 'P3509': ['james-comey'], 'P227': ['1154658813'], 'P1741': ['256762'], 'P2163': ['1593806'], 'P1284': ['00000029557'], 'P691': ['pna2018994258'], 'P109': ['James B. Comey Signature Autograph.png'], 'P1207': ['n2019146554'], 'P8094': ['comeyjames'], 'P7293': ['9810591591005606'], 'P1695': ['a0000003102591'], 'P4985': ['1642417'], 'P5421': ['113226'], 'P9743': ['107Zzr4uQt'], 'P8189': ['987007403867705171'], 'P3368': ['1459177'], 'P10632': ['Q167607'], 'P10660': ['87614'], 'P2600': ['6000000055765612134'], 'P7502': ['James_Comey-6ARVRG'], 'P2003': ['comey'], 'P8879': ['1418352'], 'P2604': ['3086498'], 'P10302': ['james-comey'], 'P269': ['227424042'], 'P11249': ['20850595'], 'P8462': ['comeau-compromiser.html#568.65.78'], 'P2949': ['Comey-24'], 'P10832': ['E39PBJhCHc6X9wjy6P7PgQDg8C'], 'P13049': ['1154658813'], 'P2390': ['James_Comey'], 'P8445': ['77937'], 'P9346': ['james-comey'], 'P10387': ['126294'], 'P1617': ['83e351cf-a2b5-450a-8f51-f7b165ff0bac'], 'P12854': ['5d776c2e594b2b001e6ed02a'], 'P13591': ['person/ea689b08-adc2-4e9c-b965-7d3a3726364f'], 'P12997': ['james-comey'], 'P9937': ['447349'], 'P8309': ['18-141669'], 'P13295': ['179910'], 'P6200': ['c4e8v183v3yt'], 'P13300': ['james-comey'], 'P13634': ['who/james-comey'], 'P10234': ['james_comey'], 'P13661': ['james-b-comey'], 'P7284': ['fbi-director-james-comey', 'james-comey'], 'P13526': ['james-comey'], 'P13797': ['james-comey'], 'P12361': ['jamescomey.bsky.social'], 'P3630': ['467443'], 'P973': ['https://youtube.com/watch?v=uSUO7DyQfIQ'], 'P7902': ['1154658813'], 'P11892': ['comey'], 'P13974': ['james-comey'], 'P14003': ['james-comey'], 'P2605': ['593070'], 'P13568': ['jamescomey'], 'P9322': ['0396243-Comey-James-B-1960'], 'P268': ['177480301']}"
Q5388045,,American businessman,['Q5'],['Q30'],[],['+1956-12-28T00:00:00Z'],"['Q188094', 'Q16849727']","{'P227': ['12301865X'], 'P214': ['67362759'], 'P244': ['n99280447'], 'P1006': ['191606863'], 'P349': ['00823367'], 'P1015': ['20299'], 'P1207': ['n2006113893'], 'P1368': ['000063717'], 'P213': ['0000000109826966'], 'P1280': ['199201891'], 'P269': ['085602159'], 'P3987': ['437556'], 'P5034': ['KAC200103640'], 'P8189': ['987007460926205171'], 'P11686': ['981058617511906706'], 'P9984': ['981058617511906706'], 'P10832': ['E39PBJcKPrGCPDCRwkDHKtQpfq'], 'P13049': ['12301865X'], 'P13591': ['person/df906921-eb3b-4615-bb0c-a21a0fb27270']}"
Q114569791,Stephen P. Gordon,American academic in educational leadership,['Q5'],[],[],['+1948-09-10T00:00:00Z'],"['Q1622272', 'Q3400985', 'Q1650915']","{'P856': ['https://www.txst.edu/clas/Educational-Leadership/Program-Faculty/Stephen-Gordon.html'], 'P6023': ['2026468767'], 'P244': ['n91106296'], 'P271': ['DA15922325'], 'P1207': ['n2012078452'], 'P1005': ['957275'], 'P214': ['48412289'], 'P8189': ['987007452555705171'], 'P11496': ['1140282266594565760'], 'P5034': ['KAC201605021'], 'P13591': ['person/f7997e28-b1b0-4237-8356-b1681ca4dc4b']}"
Q7610171,Stephen P. Gordon,American activist (1962-2018),['Q5'],['Q30'],[],['+1962-07-31T00:00:00Z'],[],"{'P2190': ['stephengordon'], 'P646': ['/m/0dh1t5'], 'P10660': ['1012424']}"
Q112517260,Jovita M. Ross-Gordon,academic in adult education,['Q5'],[],[],['+1952-00-00T00:00:00Z'],"['Q1622272', 'Q3400985', 'Q1231865']","{'P691': ['xx0220552'], 'P214': ['36145646'], 'P1207': ['n2012210241'], 'P213': ['0000000114417745'], 'P856': ['https://www.txst.edu/clas/Adult-Education/Program-Faculty/Jovita-Ross-Gordon.html'], 'P2381': ['336510'], 'P271': ['DA05497267'], 'P3368': ['3323701'], 'P8189': ['987007421524705171'], 'P269': ['147490278'], 'P11496': ['1140563741758514944'], 'P244': ['n94055264'], 'P12458': ['814142'], 'P5034': ['KAC201605023'], 'P13591': ['person/bd073d82-72c1-4b70-b1e6-92c580f1803e']}"
Q120188564,Simon Western,British academic,['Q5'],[],[],[],['Q3400985'],"{'P214': ['39176724'], 'P1015': ['8002980'], 'P8179': ['ncf11458634'], 'P227': ['1025936930'], 'P213': ['0000000051358898'], 'P8189': ['987007448950405171'], 'P244': ['no2008018524'], 'P7699': ['LNB:C+qN;=Bi'], 'P1006': ['306076160'], 'P1207': ['n2014046366'], 'P7293': ['9812739399605606'], 'P269': ['166677469'], 'P13591': ['person/98a32ec9-a4db-4947-8707-3307859d346d'], 'P496': ['0009-0006-2399-2032']}"
Q22935809,Jocko Willink,American author,['Q5'],['Q30'],['Q18389'],['+1971-09-08T00:00:00Z'],"['Q15077007', 'Q11124885', 'Q36180', 'Q11545923', 'Q2994387', 'Q482980']","{'P2002': ['jockowillink'], 'P2671': ['/g/11c3vz8bx7'], 'P3417': ['Jocko-Willink-1'], 'P244': ['n2015044839'], 'P18': ['Jocko-Willink-SEAL.jpg'], 'P691': ['pna20191021505'], 'P214': ['316788532'], 'P2397': ['UCkqcY4CAuBFNFho6JgygCnA'], 'P2003': ['jockowillink'], 'P2013': ['Jocko-Willink-818075548306978', 'jkowillink'], 'P973': ['https://tim.blog/2015/09/25/jocko-willink'], 'P8197': ['jocko-willink'], 'P1207': ['n2017068359'], 'P373': ['Jocko Willink'], 'P7293': ['9810596962605606'], 'P227': ['1170072216'], 'P9743': ['107ZzkE3bW'], 'P8189': ['987007345935005171'], 'P1015': ['1483107590323'], 'P9984': ['981058614014406706'], 'P3846': ['87097939541521'], 'P6394': ['a12091376'], 'P213': ['0000000451148507'], 'P7699': ['LNB:Cz/f;=B+'], 'P349': ['031640946'], 'P1006': ['416202446'], 'P1005': ['1753396'], 'P269': ['196815339'], 'P11686': ['981058614014406706'], 'P10832': ['E39PBJrWBthymfGGk86TcKrKBP'], 'P345': ['nm6163323'], 'P4985': ['4137457'], 'P13049': ['1170072216'], 'P434': ['49618d51-137c-473d-9384-cc832e489be5'], 'P10387': ['123616'], 'P12854': ['5f40321f04a8650040a0ca77'], 'P13591': ['person/a2dcf74e-1895-4d13-b102-817200433177'], 'P13906': ['1527244'], 'P10757': ['31354'], 'P11892': ['jockowillink'], 'P10400': ['113715'], 'P9322': ['0389360-Willink-Jocko-1971'], 'P14750': ['1248-2F2C-5D5F-1FEC-1758']}"
Q109279392,The Jordan B. Peterson Podcast - S4E13: Jocko Willink,episode of the Jordan B Peterson Podcast,['Q61855877'],[],[],[],[],"{'P9882': ['4IO4CHjpFKn21CkoL8is2q'], 'P953': ['https://traffic.megaphone.fm/ADV4146527487.mp3'], 'P1651': ['HA4Bkybx1ps']}"
Q110188812,"Lex Fridman Podcast #197 – Jocko Willink: War, Leadership, and Discipline",podcast episode of the Lex Fridman Podcast,['Q61855877'],[],[],[],[],"{'P953': ['https://content.blubrry.com/takeituneasy/lex_ai_jocko_willink.mp3'], 'P9882': ['392xSDYoR1TaRrxLjrsz2E'], 'P1651': ['n2RcVEftY48'], 'P7849': ['6962932']}"
Q110087557,Jocko Willink | The Ben Shapiro Show Sunday Special Ep. 23,episode of the Ben Shapiro Show,['Q61855877'],[],[],[],[],{'P1651': ['1mRiEU6DGzc']}
Q110268138,The Megyn Kelly Show Ep. 77,episode of the Megyn Kelly Show,['Q61855877'],[],[],[],[],{'P9882': ['05FzWPK40RulcTFVMoVbdo']}
Q66107,Henry Kissinger,"American diplomat and geopolitical advisor, served as U.S. Secretary of State from 1973 to 1977 (1923–2023)",['Q5'],"['Q1206012', 'Q30']",['Q3075'],['+1923-05-27T00:00:00Z'],"['Q82955', 'Q1238570', 'Q193391', 'Q36180', 'Q131524', 'Q1231865', 'Q18814623', 'Q7330070', 'Q11075015', 'Q1622272']","{'P345': ['nm0457425'], 'P373': ['Henry Kissinger'], 'P244': ['n79018911'], 'P214': ['108958811'], 'P227': ['11856255X'], 'P349': ['00445798'], 'P691': ['jn19990004377'], 'P434': ['6b2dcf2a-3eba-463a-94bb-a8c4d6da2b20'], 'P18': ['Henry A. Kissinger, U.S. Secretary of State, 1973-1977.jpg'], 'P646': ['/m/03k_f'], 'P906': ['193626'], 'P268': ['12172096d'], 'P409': ['35274004'], 'P1006': ['068517971'], 'P866': ['henry-kissinger'], 'P1015': ['90078019'], 'P856': ['https://www.henryakissinger.com/'], 'P1953': ['2736609'], 'P1017': ['ADV12571530'], 'P269': ['030269008'], 'P396': ['CFIV025395'], 'P1005': ['51911'], 'P1207': ['n96612495'], 'P950': ['XX983158'], 'P1266': ['36402'], 'P109': ['Henry Kissinger Signature 2.svg'], 'P935': ['Henry Kissinger'], 'P1296': ['0035738'], 'P2190': ['henrykissinger'], 'P2163': ['31425'], 'P2267': ['henry-kissinger'], 'P2605': ['99095'], 'P2639': ['673beedad953480a9e526600b9b63e89'], 'P2435': ['373973', '437223'], 'P2519': ['23521'], 'P2626': ['155267'], 'P648': ['OL236243A'], 'P1263': ['357/000022291'], 'P2188': ['13218'], 'P3430': ['w6t839g5', 'w64m9cjd'], 'P3171': ['mr-henry-kissinger'], 'P3417': ['Henry-Kissinger'], 'P2732': ['47122'], 'P3222': ['henry-kissinger'], 'P1417': ['biography/Henry-Kissinger'], 'P1728': ['mn0001011612'], 'P3029': ['F46354'], 'P3630': ['13838'], 'P4629': ['Kissinger, Henry, 1923-'], 'P1280': ['6256227'], 'P2924': ['2068299'], 'P3219': ['henry-kissinger'], 'P1225': ['10581500'], 'P3987': ['174554'], 'P213': ['0000000121037636'], 'P1741': ['116829'], 'P5587': ['nl023cb631cgzmd'], 'P5419': ['henry-a-kissinger'], 'P2963': ['28442'], 'P5905': ['4005-35627'], 'P6414': ['kissinger-henry-alfred'], 'P3280': ['0000066725'], 'P3846': ['87097969844626'], 'P1368': ['000030241'], 'P949': ['000076260'], 'P1375': ['000081781'], 'P3065': ['A003456711'], 'P5034': ['KAC199615020'], 'P271': ['DA01384837'], 'P6394': ['a11533602', 'a11533614'], 'P4619': ['000257478'], 'P1315': ['892572'], 'P3365': ['henry-alfred-kissinger'], 'P4223': ['henry-kissinger'], 'P5739': ['43130'], 'P2600': ['6000000004837753648'], 'P1438': ['12103'], 'P6404': ['henry-alfred-kissinger'], 'P1284': ['00000008372'], 'P5019': ['kissinger-henry-alfred'], 'P6594': ['henry-a-kissinger'], 'P6058': ['personnage/wd/127585'], 'P3388': ['35018'], 'P5695': ['54678'], 'P4342': ['Henry_Kissinger'], 'P4839': ['Entity[""Concept"", ""HenryAlfredKissinger::h5253""]'], 'P4527': ['396884'], 'P4657': ['268910401'], 'P8024': ['530'], 'P1580': ['a1396691'], 'P7865': ['95a5yja38danygu695b5yc1j6mtkjd8'], 'P1819': ['I00588680'], 'P4293': ['pe/009665'], 'P7902': ['11856255X'], 'P4104': ['79284'], 'P1309': ['vtls786103'], 'P8286': ['899216'], 'P8034': ['495/334209'], 'P5063': ['i95830'], 'P3346': ['80329'], 'P7982': ['31651'], 'P8568': ['henry-kissinger'], 'P8833': ['30977'], 'P8850': ['247400'], 'P8849': ['10116197', '10116453'], 'P6683': ['89829'], 'P8349': ['31249'], 'P7293': ['9810628476605606'], 'P1695': ['a0000001183993'], 'P9037': ['eeab8f4c-f9e3-4325-bffd-4bc3fef2f8bc'], 'P8814': ['11126280-n'], 'P5617': ['henry-kissinger-178'], 'P7666': ['henry-kissinger'], 'P4985': ['533195'], 'P5421': ['88806'], 'P5815': ['mr-henry-kissinger'], 'P7775': ['Henry_Kissinger'], 'P9629': ['13190'], 'P9807': ['153521'], 'P9918': ['PE00129346'], 'P9984': ['981058508897106706'], 'P8189': ['987007263925505171'], 'P7369': ['000016229'], 'P8179': ['ncf12077064'], 'P3348': ['72749'], 'P7699': ['LNB:V*146596;=BR'], 'P7026': ['18936'], 'P7029': ['770182431'], 'P7700': ['vtls005606226'], 'P10242': ['03480/eu_k_1673/k1673'], 'P8313': ['Henry_Kissinger'], 'P6385': ['istoriya/kissindzher-genri-alfred'], 'P7305': ['3922522'], 'P7400': ['kissingerhenry'], 'P701': ['P31846'], 'P10553': ['079359191'], 'P10297': ['m03k_f'], 'P10660': ['780'], 'P9495': ['person/53563A6F-BB5A-4F5E-AA5B-E86B3EEE974F'], 'P10757': ['3044'], 'P10227': ['vtls000019985'], 'P4666': ['175930'], 'P8168': ['Q225733'], 'P1890': ['000046626'], 'P6424': ['Kissinger Associates Inc.'], 'P10302': ['henri-kissindzher'], 'P6621': ['Henry-Kissinger'], 'P11496': ['1140845216592978688'], 'P11249': ['14709681'], 'P2607': ['8eca361c-99f3-46c6-9c8a-a53e92d10694'], 'P11683': ['genri-kissindzher'], 'P11686': ['981058508897106706'], 'P11711': ['genri-kissindzher'], 'P6219': ['17851689'], 'P1617': ['f6810023-79ae-468c-8baf-dec9b1916585'], 'P11182': ['3723'], 'P9371': ['214088148'], 'P3847': ['person:henry_kissinger_(1923-)'], 'P11179': ['1124'], 'P8445': ['19802'], 'P10832': ['E39PBJdcDqQfRjpt94F4fcYHG3'], 'P8578': ['106801'], 'P8879': ['343904'], 'P7676': ['10405-henry-kissinger'], 'P2722': ['4161081'], 'P2373': ['Henry-kissinger'], 'P2889': ['GG6Z-MCD'], 'P3984': ['iskissingerdeadyet'], 'P12098': ['875414'], 'P973': ['https://baike.sogou.com/v177717.htm'], 'P2949': ['Kissinger-142'], 'P4789': ['U23259'], 'P9802': ['61778'], 'P12385': ['henry-alfred-kissinger'], 'P12458': ['152341'], 'P535': ['261951668'], 'P12153': ['947364943'], 'P6214': ['jmb-pers-199682'], 'P8462': ['kirksey-kittleman.html#627.91.44'], 'P12597': ['269770'], 'P12871': ['03k_f'], 'P13049': ['11856255X'], 'P13166': ['41086'], 'P13183': ['11856255X'], 'P11137': ['henry_kissinger'], 'P9964': ['11856255X'], 'P10387': ['10510'], 'P6640': ['1142'], 'P12854': ['5d7768327228e5001f1de2d2'], 'P10133': ['64422'], 'P13591': ['person/26eb3cdb-3254-466a-ba1c-c0db3897f0bd'], 'P7184': ['03k_f'], 'P2734': ['KissingerHenryA'], 'P5705': ['henry-kissinger'], 'P6327': ['27559'], 'P13983': ['register/person/da2223cb-43cd-4a0c-a742-7ef06f60185a'], 'P13951': ['221422', '236898', '252406', '211318', '221052'], 'P10400': ['11601'], 'P14178': ['jn19990004377'], 'P14225': ['981005675069109366'], 'P1801': ['Henry Kissinger - 1973 Nobel Peace Prize Recipient.jpg'], 'P14377': ['kissindzher-genri-alfred'], 'P14375': ['KissingerHenryA'], 'P8669': ['kissinger-henry'], 'P9322': ['p0000785-Kissinger-Henry-19232023'], 'P14536': ['433317'], 'P13772': ['henry-kissinger'], 'P8969': ['25813'], 'P14750': ['0CAC-0519-BB3E-2275-3C23'], 'P12451': ['151060346'], 'P2581': ['00043706n'], 'P7553': ['210874'], 'P11192': ['5c0f9af956972ccb3e92e87d']}"
Q47510605,Henry Kissinger,painting by James Richard Campbell,['Q3305213'],[],[],[],[],"{'P217': ['NPG.78.TC519'], 'P6152': ['NPG.78.TC519'], 'P4692': ['npg/31440'], 'P7851': ['npg_NPG.78.TC519'], 'P9473': ['sm414b04776-4974-44d2-8404-4f54c094dfda']}"
Q47509190,Henry Kissinger,painting by Stanislaw Zagorski,['Q3305213'],[],[],[],[],"{'P217': ['NPG.78.TC525'], 'P6152': ['NPG.78.TC525'], 'P4692': ['npg/9616'], 'P7851': ['npg_NPG.78.TC525'], 'P9473': ['sm487ed937c-b88c-4187-944a-787d4149eb6f']}"
Q47512269,Henry Kissinger,painting by Gardner Cox,['Q3305213'],[],[],[],[],"{'P217': ['NPG.91.76'], 'P6152': ['NPG.91.76'], 'P4692': ['npg/47424'], 'P7851': ['npg_NPG.91.76'], 'P9473': ['sm44c700fb2-d4bc-4cf9-89d5-3a6088543ec0']}"
Q47511912,Henry Kissinger,painting by Robert M. Peak,['Q3305213'],[],[],[],[],"{'P217': ['NPG.78.TC524'], 'P6152': ['NPG.78.TC524'], 'P4692': ['npg/42652'], 'P7851': ['npg_NPG.78.TC524'], 'P9473': ['sm4e30a3c85-fa0b-4197-8f01-7539b4efc424']}"
Q52152510,Bruce Avolio,American leadership studies scholar,['Q5'],[],[],['+1953-06-17T00:00:00Z'],['Q15980158'],"{'P214': ['11520065'], 'P213': ['000000010954917X'], 'P227': ['170563324'], 'P5034': ['KAC201216814'], 'P1960': ['1LD_lUEAAAAJ'], 'P1006': ['171002784'], 'P1207': ['n2006108448'], 'P2671': ['/g/11hddm_s2y'], 'P3987': ['259810'], 'P10553': ['060670223'], 'P1015': ['90717331'], 'P8189': ['987007425051305171'], 'P244': ['n93070501'], 'P271': ['DA07962594'], 'P691': ['vse2012725123'], 'P1375': ['000553503'], 'P3065': ['A002954085'], 'P269': ['10460624X'], 'P11496': ['1140845216512629120'], 'P12458': ['388746'], 'P10832': ['E39PBJghqdGmFx6xf9QFvdvbVC'], 'P9984': ['981061000564406706'], 'P349': ['001352464'], 'P13591': ['person/33ee0e37-629a-485c-8471-181239a90723'], 'P13049': ['170563324'], 'P14225': ['981005723572809366']}"
Q112520504,Ann Lieberman,,['Q5'],[],[],['+1931-00-00T00:00:00Z'],"['Q1231865', 'Q1622272']","{'P691': ['mub2018990925'], 'P214': ['11163383'], 'P213': ['0000000063346691'], 'P244': ['n81034889'], 'P269': ['077210867'], 'P227': ['1029337195'], 'P5034': ['KAC200904049'], 'P9984': ['981058518205606706'], 'P11686': ['981058518205606706'], 'P8189': ['987007605201205171'], 'P12458': ['400273'], 'P1368': ['000190902'], 'P13591': ['person/a98d5085-863d-4201-b847-2ad7c08e06de'], 'P13906': ['1584133']}"
Q112542883,Lynne Miller,,['Q5'],[],[],['+1945-00-00T00:00:00Z'],['Q1622272'],"{'P691': ['vse20201062192'], 'P214': ['109701748'], 'P227': ['1115807676'], 'P8189': ['987007444611105171'], 'P12458': ['439436'], 'P5034': ['KAC200904050'], 'P213': ['0000000082962748'], 'P13591': ['person/adf7e588-6d28-47b8-890d-37e0c56c8414']}"
Q6709394,Lynne Miller,actress,['Q5'],['Q145'],['Q84'],['+1951-04-27T00:00:00Z'],['Q33999'],"{'P345': ['nm0588864'], 'P7704': ['agent/base/79775'], 'P646': ['/m/094ryk'], 'P9404': ['66210'], 'P4985': ['153602'], 'P3368': ['2251920'], 'P12098': ['323955'], 'P14750': ['0087-92C7-482D-FDC2-3E46']}"
Q124622527,Lynne Miller Franco,researcher,['Q5'],[],[],[],['Q1650915'],{}
Q112554706,Karen Sobel Lojeski,,['Q5'],[],[],['+1960-00-00T00:00:00Z'],"['Q1572123', 'Q2462658', 'Q1622272', 'Q81096']","{'P691': ['ntk20211106958'], 'P214': ['68716208'], 'P1207': ['n2008058299'], 'P269': ['227613287'], 'P8189': ['987009347820005171'], 'P13591': ['person/ceec353c-51c7-4b34-95bc-e1ce9e9cc249'], 'P13906': ['1708699']}"
Q112443481,Miltiadis D. Lytras,,['Q5'],[],[],['+1973-00-00T00:00:00Z'],['Q121594'],"{'P691': ['mub2011660905'], 'P214': ['2982165628888442480009']}"
Q7704060,Terry Anderson,English association footballer (1944-1980),['Q5'],['Q145'],['Q646225'],['+1944-03-11T00:00:00Z'],['Q937857'],"{'P646': ['/m/0h370n'], 'P3368': ['1843077'], 'P5421': ['85682'], 'P3537': ['336120'], 'P12606': ['366'], 'P2446': ['626275'], 'P13662': ['Players/A/Anderson.Terry']}"
Q111511944,Terry Anderson,,['Q5'],[],[],[],[],{'P373': ['Terry Anderson (cartoonist)']}
Q100720908,Terry Anderson,college basketball player (2008–2008) Northern Colorado,['Q5'],[],[],['+1986-02-24T00:00:00Z'],['Q3665646'],"{'P3696': ['terry-anderson-1'], 'P3957': ['13669'], 'P3527': ['115197']}"
Q112436082,Terry Anderson,,['Q5'],[],[],['+1950-00-00T00:00:00Z'],['Q121594'],"{'P691': ['mub2011620094'], 'P214': ['64240747'], 'P213': ['0000000122809909'], 'P244': ['n99050158'], 'P1207': ['n2008145428'], 'P1280': ['10465123'], 'P268': ['14522589f'], 'P269': ['07695451X'], 'P8189': ['987007451095505171'], 'P227': ['173678041'], 'P950': ['XX1751798'], 'P3987': ['451766'], 'P13049': ['173678041'], 'P13591': ['person/fa92a48d-3585-44e7-b791-02a4f845303b'], 'P9984': ['981058521466506706']}"
Q7704058,Terry Anderson,Wikimedia disambiguation page,['Q22808320'],[],[],[],[],{'P373': ['Terry Anderson']}
Q1455806,Joan Hernández Pijuan,Spanish painter (1931-2005),['Q5'],['Q29'],['Q1492'],['+1931-02-15T00:00:00Z'],"['Q1028181', 'Q1622272', 'Q11569986', 'Q1925963']","{'P244': ['n79084884'], 'P214': ['114935494', '14778775'], 'P227': ['119188651'], 'P268': ['14968707s'], 'P245': ['500014460'], 'P648': ['OL4804190A'], 'P950': ['XX998324', 'XX5663843'], 'P2174': ['2613'], 'P2843': ['B00141917'], 'P650': ['63540'], 'P3453': ['I-001921584-8'], 'P3361': ['VE-00157'], 'P4177': ['4E837798-7F06-4B1F-85FE-726D42C8ACD2'], 'P4459': ['11799/joan-hernandez-pijuan'], 'P1280': ['231175523'], 'P3065': ['A003366522'], 'P271': ['DA09867415'], 'P1607': ['315831'], 'P856': ['http://hernandezpijuan.org/'], 'P4927': ['0ns46ge1i7'], 'P1988': ['19509_artiste_PIJUAN_Joan_Hernandjez'], 'P213': ['0000000114803136'], 'P2163': ['40136'], 'P2042': ['joan-hernandez-pijuan'], 'P5489': ['27035'], 'P269': ['027646890'], 'P3782': ['joan-hernández-pijuan'], 'P3544': ['40485'], 'P4439': ['hernandez-pijuan-joan'], 'P6002': ['joan-hernandez-pijuan'], 'P6844': ['66551'], 'P1296': ['0032507'], 'P4663': ['334fb48e-78cf-e211-87ed-000c29e811b2'], 'P3901': ['joan-hernandez-pijuan-21910', 'hernandez-pijuan-502780'], 'P535': ['12811750'], 'P1580': ['a1310411'], 'P7902': ['119188651'], 'P8750': ['323970'], 'P4432': ['00716131'], 'P8851': ['37615975'], 'P2671': ['/g/121_jlq_'], 'P9049': ['f4ffc0e60b7c7e4d31dea212cbf797ae'], 'P7444': ['90368'], 'P9984': ['981058512658306706'], 'P7848': ['991005680819707141'], 'P10069': ['47925'], 'P10242': ['02772/eu_h_1601/h1601'], 'P396': ['TO0V395044', 'LO1V341803'], 'P10553': ['079985742'], 'P11496': ['1140845216695386624'], 'P11686': ['981058512658306706'], 'P10706': ['011472'], 'P12385': ['joan-hernandez-i-pijuan'], 'P7545': ['11123445'], 'P10832': ['E39PCjJ9kd6Ym8CDRmTBQxWDD3'], 'P10419': ['1030009'], 'P13049': ['119188651'], 'P9964': ['119188651'], 'P13371': ['biografias/21470'], 'P13591': ['person/b645b5b8-cbd3-45ca-a459-8c99abbd133e'], 'P9226': ['hernandez-pijuan-joan-1931-2005'], 'P13613': ['134389'], 'P8189': ['987014797009705171']}"
Q11927743,Joan Hernàndez i Baiges,Spanish composer (1911-1988),['Q5'],['Q29'],['Q926784'],['+1911-04-19T00:00:00Z'],['Q36834'],"{'P214': ['87199606'], 'P950': ['XX1460175'], 'P2671': ['/g/12391qgd'], 'P11203': ['473'], 'P10832': ['E39PBJt8hkjmGjmcXHr3p6ptrq']}"
Q20099358,Joan Hernàndez,Wikimedia disambiguation page,['Q22808320'],[],[],[],[],{}
Q17300950,Joan Hernández Mora,Spanish historian,['Q5'],['Q29'],['Q49550'],['+1902-00-00T00:00:00Z'],"['Q201788', 'Q1930187']","{'P1296': ['0032506'], 'P213': ['0000000116103459'], 'P244': ['n83063683'], 'P214': ['25977362'], 'P950': ['XX819482'], 'P1580': ['a1232602'], 'P2671': ['/g/121bvrkz'], 'P269': ['242525547'], 'P227': ['1201318939'], 'P9984': ['981058508664706706'], 'P11686': ['981058508664706706'], 'P12385': ['joan-hernandez-i-mora'], 'P10832': ['E39PBJyGT4fGr8yTYmqpmF8cT3'], 'P13591': ['person/741c939f-76ca-4286-808c-01586a442f8a']}"
Q20003460,Joan Casellas,Catalan plastic artist and documentary photographer,['Q5'],['Q29'],['Q12028'],"['+1960-05-24T00:00:00Z', '+1960-00-00T00:00:00Z']",['Q483501'],"{'P950': ['XX1238947'], 'P213': ['000000005934487X'], 'P214': ['12550746'], 'P2163': ['427080'], 'P244': ['nr98041927'], 'P1580': ['a1333754'], 'P1296': ['0517230'], 'P2671': ['/g/11b5m7bm8l'], 'P10069': ['119233'], 'P227': ['174335474'], 'P9984': ['981058508972906706'], 'P11686': ['981058508972906706'], 'P12385': ['joan-casellas'], 'P10832': ['E39PBJbM7pdjmcYCrk93mbkFKd']}"
Q16262001,Harold Kerzner,"American engineer, management consultant",['Q5'],['Q30'],[],['+1940-01-01T00:00:00Z'],"['Q81096', 'Q1622272', 'Q832136']","{'P214': ['64293189'], 'P227': ['124166229'], 'P213': ['0000000109096094'], 'P1006': ['068612524'], 'P3987': ['248153'], 'P269': ['061564842'], 'P268': ['150581065'], 'P1280': ['10259043'], 'P691': ['vse2006360714'], 'P244': ['n79011034'], 'P5034': ['KAC200501265'], 'P1207': ['n99035119'], 'P646': ['/m/05w3t0c'], 'P7293': ['9810582744205606'], 'P8189': ['987007457190105171'], 'P11182': ['189250'], 'P10832': ['E39PBJj4y33MPT44GPxV9Xg7pP'], 'P1368': ['000263404'], 'P13049': ['124166229'], 'P13591': ['person/f23818d9-dd1c-4ec2-b53e-cc5dc17c8a2b']}"
Q610716,Mary Kay Ash,entrepreneure (1918–2001),['Q5'],['Q30'],['Q36379'],['+1918-05-12T00:00:00Z'],"['Q43845', 'Q131524']","{'P214': ['40151776794718012026'], 'P213': ['0000000114907031'], 'P646': ['/m/02crtt'], 'P1006': ['073385441'], 'P1263': ['369/000134964'], 'P2163': ['74133'], 'P244': ['n81064466'], 'P3430': ['w6wm62r2'], 'P1417': ['biography/Mary-Kay-Ash'], 'P349': ['00462501'], 'P4823': ['1002284'], 'P691': ['xx0059297'], 'P373': ['Mary Kay Ash'], 'P5034': ['KAC199601032'], 'P7578': ['mary-kay-ash'], 'P535': ['6078117'], 'P8849': ['7099493'], 'P5617': ['mary-kay-ash-3375'], 'P409': ['36093549'], 'P1315': ['1211154'], 'P7293': ['9810596571005606'], 'P3368': ['1453381'], 'P2600': ['6000000029340719476'], 'P8189': ['987007327970905171'], 'P227': ['122512560X'], 'P271': ['DA08244869'], 'P11496': ['1140282266831167872'], 'P2949': ['Wagner-17558'], 'P12354': ['mary_kay_ash'], 'P13049': ['122512560X'], 'P13591': ['person/0e3899a3-59c0-454b-af75-e78513ce6f2a'], 'P10400': ['10117'], 'P13772': ['mary-kay-ash']}"
Q97583345,"Taylor, Stephen Taswell","entry in Alumni Oxonienses: the Members of the University of Oxford, 1715-1886",['Q19389637'],[],[],[],[],{}
Q108773872,"Taylor, Stephen James",entry in Men-at-the-Bar,['Q19389637'],[],[],[],[],{'P304': ['460']}
Q118108991,Anna Sutton,occupational psychologist in New Zealand,['Q5'],[],[],[],"['Q212980', 'Q108330379']","{'P496': ['0000-0001-8997-2460'], 'P6634': ['drannasutton'], 'P227': ['1159919542'], 'P13049': ['1159919542'], 'P214': ['7294152744543727850000']}"
Q76185562,Anna Houson,(died 1846),['Q5'],[],[],[],[],{'P4638': ['p58949.htm#i589482']}
Q140825617,Anna Sutton,epidemiologist at University of Washington,['Q5'],[],[],[],[],"{'P496': ['0000-0002-6165-6607'], 'P10283': ['A5031425194']}"
Q112429200,Mick Marchington,,['Q5'],[],[],['+1949-00-00T00:00:00Z'],['Q121594'],"{'P691': ['jo2010581821'], 'P214': ['261653961'], 'P244': ['n80072933'], 'P213': ['0000000081024661'], 'P268': ['135200047'], 'P269': ['050222740'], 'P1207': ['n2011064188'], 'P2163': ['1444802'], 'P8189': ['987007444511505171'], 'P227': ['170425037'], 'P11182': ['87787'], 'P1368': ['000057386'], 'P13591': ['person/8f4ae594-5649-42f7-a0d6-34b523d7d292']}"
Q124635735,Donald C. Mosley,,['Q5'],[],[],['+1932-01-01T00:00:00Z'],['Q1622272'],"{'P691': ['vse20231205038'], 'P214': ['164796894'], 'P5739': ['55290'], 'P1207': ['n97011250'], 'P12458': ['42218']}"
Q93253605,Leon C. Megginson,American business academic,['Q5'],[],[],['+1921-00-00T00:00:00Z'],['Q1622272'],"{'P213': ['0000000115638662'], 'P214': ['28314674'], 'P5739': ['52576'], 'P1207': ['n97011246'], 'P3987': ['251535'], 'P535': ['48830165'], 'P18': ['Leon Megginson in 1947.jpg'], 'P3368': ['815639'], 'P269': ['112185827'], 'P8189': ['987007440283105171'], 'P244': ['n50013674'], 'P227': ['170191524'], 'P11182': ['38012'], 'P691': ['vse20231205033'], 'P12458': ['12905'], 'P646': ['/m/05vpz7q'], 'P1368': ['000136582'], 'P13591': ['person/eda06eb1-ff86-4b15-9640-984daf8b5038']}"
Q1274635,John Purcell,American jazz saxophonist,['Q5'],['Q30'],['Q60'],['+1952-05-08T00:00:00Z'],"['Q15981151', 'Q12800682', 'Q639669']","{'P214': ['301148433'], 'P213': ['000000007142600X'], 'P244': ['no2004108451'], 'P227': ['134489756'], 'P3987': ['106698'], 'P268': ['14000572z'], 'P269': ['156657937'], 'P434': ['7e852e65-6c20-4aa4-ab49-d66da5a4bda8'], 'P1953': ['257694'], 'P7704': ['agent/base/21031'], 'P1728': ['mn0000233179'], 'P8301': ['18196'], 'P646': ['/m/043s9hz'], 'P7293': ['9810668152305606'], 'P3265': ['johnpurcell'], 'P5882': ['M00000306746'], 'P12582': ['20110803100355670'], 'P10832': ['E39PBJkHpm686M7k8hvJbPyfMP'], 'P13591': ['person/8d842312-9b74-466f-8d77-f98e8d969325'], 'P7902': ['134489756']}"
Q115904093,John Purcell,,['Q5'],[],[],[],['Q859528'],{'P3699': ['5515']}
Q6253553,John Purcell,"Irish soldier in the British Army, recipient of the Victoria Cross",['Q5'],[],['Q169923'],['+1814-00-00T00:00:00Z'],['Q47064'],"{'P535': ['11756596'], 'P646': ['/m/039l6g'], 'P3368': ['2234999']}"
Q131732834,John Purcell,1 Jan 1744 - 9 Nov 1806,['Q5'],[],[],[],[],{'P1819': ['I00778832']}
Q112421994,John Purcell,,['Q5'],[],[],['+1957-00-00T00:00:00Z'],[],"{'P691': ['utb2009525593'], 'P214': ['265729909'], 'P227': ['1146993994'], 'P8189': ['987007461286205171'], 'P213': ['0000000382495061'], 'P1368': ['000236767'], 'P13591': ['person/d71cc8ba-dc70-4234-97dd-b07d00fdb61e'], 'P9322': ['0401043-Purcell-John-1957']}"
Q23795888,Jason Fried,software entrepreneur,['Q5'],[],[],['+1974-00-00T00:00:00Z'],"['Q36180', 'Q131524']","{'P2002': ['jasonfried'], 'P2611': ['jason_fried'], 'P2671': ['/g/11cs1t9lhw'], 'P3417': ['Jason-Fried'], 'P3762': ['302917'], 'P214': ['120888778'], 'P1580': ['a1348634'], 'P7293': ['9810684968705606'], 'P5034': ['KAC201104055'], 'P213': ['0000000107751753'], 'P268': ['16251734v'], 'P269': ['149097530'], 'P8189': ['987007462566905171'], 'P11249': ['14431891'], 'P9984': ['981058518799906706'], 'P11686': ['981058518799906706'], 'P3630': ['114796'], 'P9743': ['107Zzpv8Kn'], 'P3388': ['169390'], 'P9802': ['99247'], 'P856': ['https://basecamp.com/about'], 'P691': ['hka2010609202'], 'P2963': ['60619'], 'P648': ['OL2804440A'], 'P10387': ['22660'], 'P10400': ['27680'], 'P9322': ['0294341-Fried-Jason']}"
Q936338,Jason Friedberg,"American screenwriter and film director, primarily in joint work with Aaron Seltzer",['Q5'],['Q30'],['Q25395'],['+1970-01-16T00:00:00Z'],"['Q28389', 'Q3282637', 'Q2526255', 'Q36180', 'Q644687', 'Q3455803']","{'P214': ['59290799'], 'P345': ['nm0294997'], 'P244': ['no2007040422'], 'P227': ['140685103'], 'P213': ['0000000059448417'], 'P646': ['/m/0fd0j_'], 'P1006': ['316031275'], 'P1266': ['69866'], 'P2019': ['p204533'], 'P2168': ['224977'], 'P2387': ['168641'], 'P2626': ['112957'], 'P2605': ['25813'], 'P2435': ['132480'], 'P2604': ['49209'], 'P2519': ['6318'], 'P3430': ['w6cc48xz'], 'P5534': ['35694'], 'P950': ['XX1784697'], 'P268': ['140991152'], 'P2688': ['jasonfriedberg'], 'P5034': ['KAC201229683'], 'P5033': ['73958'], 'P7293': ['9810683731805606'], 'P8971': ['100506'], 'P4985': ['35694'], 'P1280': ['112932195'], 'P9463': ['35694'], 'P10302': ['dzheyson-fridberg'], 'P11683': ['dzhejson-fridberg'], 'P12098': ['218900'], 'P7286': ['7f97813f-5d92-4ef6-8fb0-f57a5cf406a4'], 'P3204': ['105343'], 'P11386': ['jason-friedberg'], 'P10832': ['E39PBJf4hqxWwmcFFMwfRxkJjC'], 'P12153': ['736792178'], 'P9662': ['40387'], 'P12854': ['5d776831103a2d001f566ae1'], 'P14750': ['B550-4CC4-1A04-BDCA-0400']}"
Q48257524,Jason Friedman,researcher,['Q5'],[],[],[],['Q1650915'],"{'P496': ['0000-0001-8845-5082'], 'P1053': ['B-4690-2008'], 'P1153': ['9337239400'], 'P3829': ['250151'], 'P8189': ['987007411858205171'], 'P214': ['387157523357727031444'], 'P2456': ['127/8340']}"
Q117457265,Jason Friedman,"Managing Director, J.M.Friedman&Co.",['Q5'],[],[],[],[],"{'P973': ['https://hoftel-conferences.com/seahis2019/delegates/jason-friedman'], 'P6424': ['J.M.Friedman&Co.']}"
Q15410499,Jason Friedberg and Aaron Seltzer,American and Canadian screenwriter and filmmaker duo,"['Q16684349', 'Q109288825']",[],[],[],[],"{'P6839': ['Creator/SeltzerAndFriedberg'], 'P2671': ['/g/121_4lhx'], 'P1617': ['3b1e1425-efcf-43c2-8337-743507d62082']}"
Q112392394,Everett E. Adam,,['Q5'],[],[],['+1941-00-00T00:00:00Z'],['Q188094'],"{'P691': ['vse2005290837'], 'P214': ['85273521'], 'P213': ['0000000117730227'], 'P1207': ['n93117610'], 'P244': ['n81028145'], 'P268': ['12371097v'], 'P269': ['080601715'], 'P8189': ['987007454817005171'], 'P227': ['128828935'], 'P11182': ['8792'], 'P1368': ['000116075'], 'P13591': ['person/30cdde20-88d4-4fb8-b869-ec07d34589f8']}"
Q16902252,Richard B. Chase,American academic,['Q5'],[],[],['+1939-01-01T00:00:00Z'],['Q832136'],"{'P227': ['172018870'], 'P213': ['0000000117730542'], 'P244': ['n80060501'], 'P5034': ['KAC200504421'], 'P214': ['85307130'], 'P1006': ['070649316'], 'P1207': ['n95002063'], 'P646': ['/m/05vt826'], 'P7293': ['9810608668405606'], 'P3987': ['327015'], 'P691': ['vse2009498832'], 'P8189': ['987007273057705171'], 'P269': ['060739843'], 'P11182': ['2753'], 'P10832': ['E39PBJjMyFGwvfJ9r4bWdt7GpP'], 'P1368': ['000033317'], 'P13591': ['person/2f19ea2c-e252-467f-bb5a-3be1506f30c3'], 'P13906': ['42713'], 'P13951': ['472680']}"
Q123224797,Joseph G. Monks,American industrial engineer,['Q5'],['Q30'],[],[],"['Q2267418', 'Q1622272']","{'P1315': ['924566'], 'P1280': ['93333859'], 'P271': ['DA02172131'], 'P1207': ['n97012716'], 'P213': ['0000000082046379'], 'P214': ['19728060'], 'P244': ['n81100906'], 'P268': ['12213513f'], 'P269': ['030790522'], 'P1368': ['000191460'], 'P1006': ['073091251'], 'P3987': ['9517'], 'P9871': ['5758'], 'P396': ['CFIV033569'], 'P8189': ['987007458646705171'], 'P11182': ['119824'], 'P1015': ['90101303'], 'P4619': ['000298855'], 'P7369': ['000040579'], 'P8179': ['ncf12112055'], 'P409': ['35358759'], 'P1375': ['000007707'], 'P3065': ['A003603937'], 'P11496': ['1140563741563063424'], 'P12458': ['294351'], 'P13591': ['person/59aea7ef-b0ab-44e1-bf65-ef61eb904878'], 'P14225': ['981005671649909366']}"
Q11924708,Gregory Frazier,,['Q5'],[],[],['+1947-00-00T00:00:00Z'],['Q188094'],"{'P214': ['13755745'], 'P244': ['n85226265'], 'P213': ['0000000028227670'], 'P2163': ['1965446'], 'P2671': ['/g/1210xf_4'], 'P227': ['114558151X'], 'P10832': ['E39PBJgmHdRXbTR37pyQQrW4bd'], 'P13591': ['person/b78d000a-7013-4b78-9b44-e900fd8f6606']}"
Q15429284,,American engineer,['Q5'],[],[],['+1939-01-01T00:00:00Z'],"['Q81096', 'Q832136']","{'P214': ['67755115'], 'P1006': ['070800359'], 'P227': ['170525767'], 'P3987': ['114147'], 'P213': ['0000000114470327'], 'P1280': ['20082019'], 'P269': ['082032904'], 'P691': ['vse2012681307'], 'P244': ['n80013448'], 'P1580': ['a1311667'], 'P1207': ['n94301512'], 'P646': ['/m/05vmw_v'], 'P9984': ['981058522419406706'], 'P8189': ['987007450687905171'], 'P11686': ['981058522419406706'], 'P11182': ['10333'], 'P10832': ['E39PBJcgrDQHBHdtHGDWCGHHmd'], 'P1368': ['000024576'], 'P13591': ['person/301c17db-caf9-4cec-bc46-a5413e1d7c7a']}"
Q4757168,Andrew Greasley,English cricketer (born 1960),['Q5'],['Q145'],[],['+1960-03-23T00:00:00Z'],['Q12299841'],"{'P2698': ['17658'], 'P646': ['/m/056v93k'], 'P3368': ['2580878']}"
Q132949377,,,['Q5'],[],[],['+1964-01-01T00:00:00Z'],['Q70631379'],"{'P227': ['1095562738'], 'P13049': ['1095562738'], 'P213': ['000000011769596X'], 'P13591': ['person/b3f7414c-ed55-4459-ac73-28e15bd3538b'], 'P214': ['71549752'], 'P1207': ['n2007147837'], 'P1368': ['000164676'], 'P396': ['UBOV407011'], 'P496': ['0000-0001-6413-3978']}"
Q139463390,,,['Q5'],[],['Q40435'],[],"['Q2994387', 'Q1622272']",{'P691': ['mzk20191053502']}
Q110085635,John W. Slocum,American lawyer and politician,['Q5'],['Q30'],[],['+1867-01-01T00:00:00Z'],"['Q40348', 'Q16533', 'Q82955']",{'P2671': ['/g/11sgxyqbj7']}
Q106292601,John W. Slocum,,['Q5'],[],[],['+1940-01-01T00:00:00Z'],[],"{'P2163': ['3793'], 'P214': ['19810146'], 'P244': ['n50012574'], 'P268': ['12955307g'], 'P269': ['057039739'], 'P349': ['01100001'], 'P1015': ['90058605'], 'P1207': ['n99041155'], 'P1368': ['000024528'], 'P1006': ['072045817'], 'P1280': ['37739363'], 'P3987': ['105559'], 'P5034': ['KAC199625571'], 'P8189': ['987007449891005171'], 'P213': ['0000000117485954'], 'P11249': ['14133649'], 'P11182': ['30919'], 'P13591': ['person/ffbd388a-5c7f-40c8-8d1f-23c635e23066']}"
Q61783042,Nancy J. Adler,Canadian academic,['Q5'],['Q16'],['Q621549'],['+1948-10-03T00:00:00Z'],"['Q3400985', 'Q121594', 'Q1028181']","{'P227': ['170393593'], 'P1607': ['3729863'], 'P1280': ['152387427'], 'P271': ['DA01840878'], 'P214': ['10019347', '5619165628850442480006'], 'P1006': ['075008165'], 'P1207': ['n97013022'], 'P5034': ['KAC201730577'], 'P646': ['/m/05xyhpq'], 'P7293': ['9811465311205606'], 'P3987': ['257471'], 'P213': ['0000000117423622'], 'P244': ['n85197259'], 'P268': ['13599905p'], 'P269': ['061070408'], 'P8189': ['987007459872105171'], 'P11496': ['1140000791697820928'], 'P11182': ['89925'], 'P10832': ['E39PBJvmQF3pPvXmgCBCKCbmVC'], 'P691': ['vse2012677303'], 'P13591': ['person/09240230-670a-47b4-ad47-ee02f5b5cce8'], 'P856': ['https://www.adlerartistry.com/'], 'P496': ['0000-0002-4251-3213']}"
Q64831603,Keith Davis,,['Q5'],[],[],[],[],{'P1233': ['17815']}
Q104585662,Keith Davis,American economist (1918-2002),['Q5'],['Q30'],['Q973788'],['+1918-07-03T00:00:00Z'],"['Q188094', 'Q1622272']","{'P2163': ['44537'], 'P214': ['108551502'], 'P244': ['n79122102'], 'P268': ['12058127q'], 'P269': ['028825071'], 'P691': ['xx0054020'], 'P1015': ['90194968'], 'P1207': ['n93105152'], 'P1309': ['vtls002680816'], 'P1368': ['000032254'], 'P1006': ['067892108'], 'P213': ['0000000110322140'], 'P950': ['XX1724003'], 'P227': ['170555445'], 'P5361': ['DavisKeith1918-2002'], 'P1580': ['a1020781'], 'P7293': ['9810661350405606'], 'P3987': ['109897'], 'P9984': ['981058511795706706'], 'P396': ['IEIV008389'], 'P3280': ['0000020160'], 'P4619': ['000344180'], 'P8189': ['987007389904405171'], 'P7699': ['LNB:V*120793;=BI'], 'P271': ['DA00800506'], 'P409': ['35033909'], 'P535': ['15994289'], 'P11249': ['14440181'], 'P11496': ['1140563741684521728'], 'P11686': ['981058511795706706'], 'P10832': ['E39PBJjCMGYtxXGpdFkq9BVDMP'], 'P13951': ['72376'], 'P13204': ['rw8sexxw'], 'P9322': ['p0030534-Davis-Keith-1918']}"
Q112387200,Keith Davis,,['Q5'],[],[],['+1956-00-00T00:00:00Z'],[],"{'P691': ['xx0024040'], 'P214': ['76565220'], 'P269': ['083986081'], 'P9322': ['0211794-Davis-Keith-1956']}"
Q134737877,Keith Davis,badminton player,['Q5'],['Q145'],[],['+1965-00-00T00:00:00Z'],['Q13141064'],"{'P3620': ['1039'], 'P2671': ['/g/11yf0nnnc3']}"
Q120924673,Keith Davis,African American person killed due to interaction with a California Law Enforcement Agency,['Q5'],['Q30'],[],[],[],{'P973': ['https://fatalencounters.org/']}
Q111365302,Rob Konopaske,International Business Management Academic,['Q5'],[],[],[],"['Q3400985', 'Q1622272', 'Q188094']","{'P856': ['https://faculty.txstate.edu/profile/520704'], 'P1960': ['dnVHivkAAAAJ'], 'P244': ['n2003105618'], 'P8189': ['987007462247305171'], 'P11182': ['64049'], 'P214': ['21523236'], 'P1207': ['n2011103499'], 'P691': ['jcu2016934052'], 'P13906': ['1572473']}"
Q95993783,James Campbell Quick,researcher,['Q5'],[],[],[],['Q1650915'],{'P496': ['0000-0003-1674-3127']}
Q37838941,Alan R. Barker,researcher,['Q5'],[],[],[],['Q1650915'],"{'P496': ['0000-0001-8610-5417'], 'P1153': ['14008425100'], 'P244': ['nb2018024898'], 'P214': ['8120154441759235460005'], 'P6178': ['01312103647.08'], 'P8292': ['226901'], 'P10832': ['E39PBJxRvR7RPjrmFCKjG648YP']}"
Q116475235,Alan Barker,rugby league footballer,['Q5'],[],[],['+1978-12-10T00:00:00Z'],['Q14373094'],{'P11428': ['1189']}
Q109854460,Alan Barker,,['Q5'],[],[],['+1923-01-01T00:00:00Z'],[],"{'P648': ['OL4391063A'], 'P5361': ['BarkerAlan1923-1988'], 'P268': ['11445179k'], 'P213': ['0000000053147875'], 'P269': ['057225567'], 'P214': ['41766388'], 'P8189': ['987007273436205171'], 'P7293': ['9810542760305606'], 'P13591': ['person/b768849b-dfc1-4e10-8889-7142231681f5']}"
Q112423913,Alan Barker,,['Q5'],[],[],['+1955-00-00T00:00:00Z'],['Q384593'],"{'P691': ['xx0103788'], 'P214': ['100874816'], 'P2163': ['1603152'], 'P269': ['112994482'], 'P10387': ['46975']}"
Q19932758,Alan Robert Barker,British general,['Q5'],"['Q145', 'Q174193']",['Q29303'],['+1898-10-29T00:00:00Z'],"['Q189290', 'Q47064']","{'P2671': ['/g/11b8tw64ld'], 'P9426': ['Barker/Alan_Robert/Great_Britain'], 'P3368': ['2109889']}"
Q139003122,Stephen W. Littlejohn,American communication researcher,['Q5'],[],['Q65'],['+1944-09-12T00:00:00Z'],['Q36180'],"{'P214': ['45617727'], 'P213': ['000000011934045X'], 'P227': ['137507313'], 'P13591': ['person/929343b9-871a-4500-b0e4-39332e76ab2d'], 'P12458': ['182169'], 'P1368': ['000024770']}"
Q29833555,Karen A. Foss,American communication scholar,['Q5'],[],['Q6106'],['+1950-01-26T00:00:00Z'],"['Q14467526', 'Q2504617']","{'P2671': ['/g/11dymtn8gs'], 'P214': ['39551030'], 'P13591': ['person/0c01866b-1748-4878-b830-7104a2a0d3a0'], 'P227': ['137507364'], 'P244': ['n85119309'], 'P12458': ['77143'], 'P8189': ['987007437723905171'], 'P1368': ['000064697']}"
Q318506,Deepak Chopra,"Indian-born American author and alternative-medicine advocate, physician and public speaker",['Q5'],"['Q129286', 'Q1775277', 'Q668']",['Q987'],['+1946-10-22T00:00:00Z'],"['Q15982858', 'Q36180', 'Q39631', 'Q15924224', 'Q110898124', 'Q106638245', 'Q134826510', 'Q15980158', 'Q4531850']","{'P373': ['Deepak Chopra'], 'P214': ['34491177'], 'P213': ['0000000115565934'], 'P434': ['bc1fbace-7ef8-48d6-a413-65ab9a227bdc'], 'P244': ['n86130779'], 'P227': ['115460624'], 'P269': ['029724503'], 'P268': ['12128712w'], 'P646': ['/m/01rp3t'], 'P1284': ['00000028573'], 'P1953': ['164422'], 'P345': ['nm0159149'], 'P2002': ['DeepakChopra'], 'P1741': ['89337'], 'P1263': ['269/000046131'], 'P1315': ['1161480'], 'P2191': ['17962'], 'P856': ['http://www.deepakchopra.com/'], 'P2163': ['182974'], 'P950': ['XX1049304'], 'P648': ['OL39038A'], 'P18': ['Deepak Chopra.jpg'], 'P3478': ['203871'], 'P2626': ['177756'], 'P3417': ['Deepak-Chopra-author'], 'P3788': ['000047062'], 'P949': ['000184226'], 'P2963': ['138207'], 'P349': ['00464545'], 'P1015': ['90402525'], 'P1207': ['n94004535'], 'P2949': ['Chopra-10'], 'P1368': ['000022642'], 'P1695': ['a0000002883904'], 'P906': ['45957'], 'P4862': ['B004KNMPSI'], 'P1233': ['4098'], 'P5361': ['ChopraDeepak'], 'P5357': ['chopra_deepak'], 'P5587': ['c9prllxw1dwjjl5'], 'P691': ['jn20000720047'], 'P1580': ['a1251161'], 'P5034': ['KAC199605025'], 'P3630': ['18665'], 'P7293': ['9810555992505606'], 'P9196': ['deepak-chopra'], 'P4985': ['71531'], 'P1280': ['6055523'], 'P7775': ['Deepak_Chopra'], 'P7212': ['deepak-chopra-lyrics.html'], 'P9743': ['107ZzpuJWN'], 'P9984': ['981058513210706706'], 'P8189': ['987007309377305171'], 'P5882': ['M00000136741'], 'P3368': ['725516'], 'P10553': ['077266064'], 'P3280': ['0000121563'], 'P4619': ['000580552'], 'P7369': ['000293488'], 'P8179': ['ncf10225924'], 'P3846': ['87097968204933'], 'P6394': ['a11372904'], 'P3348': ['74492'], 'P396': ['RAVV043746'], 'P7699': ['LNB:V*294607;=BO'], 'P271': ['DA03810062'], 'P409': ['35954949'], 'P1005': ['46368'], 'P3065': ['A025750025'], 'P7700': ['vtls007218108'], 'P7024': ['000043557'], 'P8125': ['118444'], 'P10302': ['deepak-chopra'], 'P6634': ['deepak-chopra-md-official-04017621'], 'P11496': ['1140282266822954752'], 'P6424': ['The Chopra Foundation and Chopra Global', 'the Chopra Foundation'], 'P11686': ['981058513210706706'], 'P11182': ['67891'], 'P12098': ['169476'], 'P10832': ['E39PBJycHx9HqkYPWTFkqtpXVC'], 'P13049': ['115460624'], 'P9662': ['226497'], 'P2605': ['273103'], 'P10387': ['6040'], 'P12854': ['5d77684461141d001fb175cd'], 'P13591': ['person/b99b6a13-74e6-4bb4-8039-7e8ab8ebe242'], 'P7184': ['01rp3t'], 'P10400': ['3681'], 'P14177': ['jn20000720047'], 'P14178': ['jn20000720047'], 'P13204': ['mkurt3um'], 'P9322': ['p0004369-Chopra-Deepak-1946'], 'P14750': ['E772-098F-3C4F-1A6A-1753'], 'P13772': ['deepak-chopra']}"
Q80189305,Deepak Chopra,researcher (ORCID 0000-0002-0018-6007),['Q5'],[],[],[],['Q1650915'],"{'P496': ['0000-0002-0018-6007'], 'P1053': ['D-2003-2015'], 'P1153': ['7006211842']}"
Q91122244,Deepak Chopra,researcher (ORCID 0000-0002-8493-8930),['Q5'],[],[],[],['Q1650915'],{'P496': ['0000-0002-8493-8930']}
Q98648389,Deepak Chopra,researcher ORCID 0000-0001-5817-3551,['Q5'],[],[],[],['Q1650915'],{'P496': ['0000-0001-5817-3551']}
Q5250497,Deepak Chopra,Canadian businessman,['Q5'],[],[],[],['Q2961975'],{'P646': ['/m/0g9z_kr']}
Q1159003,Rosenberg,family name,['Q101352'],[],[],[],[],"{'P3878': ['R251'], 'P3879': ['786174'], 'P3880': ['RSNPK1'], 'P373': ['Rosenberg (surname)'], 'P6597': ['1309'], 'P4839': ['Entity[""Surname"", ""Rosenberg""]'], 'P3370': ['ROSENBERG'], 'P9644': ['ROSENBERG'], 'P8168': ['Q38239'], 'P5452': ['rosenberg']}"
Q2167017,Rosenberg,noble family (Franconia),['Q61881926'],[],[],[],[],"{'P373': ['Rosenberg family (Franconia)'], 'P2671': ['/g/1218lg01'], 'P94': ['Rosenberg-Scheibler235ps.jpg']}"
Q27541,Ružomberok,town in Slovakia,"['Q3957', 'Q6784672']",[],[],[],[],"{'P373': ['Ružomberok'], 'P948': ['Ružomberok banner.jpg'], 'P281': ['034\xa001'], 'P646': ['/m/02rhs9'], 'P982': ['1cdad4fb-2615-40cc-ade7-94fb826a4979'], 'P1566': ['3057789'], 'P227': ['4215998-2'], 'P214': ['129300338'], 'P935': ['Ružomberok'], 'P18': ['Ružomberok, centrum.jpg'], 'P856': ['https://www.ruzomberok.sk'], 'P473': ['044'], 'P3417': ['Ružomberok'], 'P395': ['RK'], 'P242': ['Map slovakia ruzomberok.png'], 'P5573': ['7282'], 'P691': ['ge130699'], 'P244': ['no95002803'], 'P94': ['Coat of Arms of Ružomberok.svg'], 'P6766': ['101832721'], 'P8988': ['muni&id=23697'], 'P9037': ['5f5b3a65-1888-43f9-889a-246d20f2f695', '4e39e108-9888-49f7-8de3-d6be9d7bb59c'], 'P7305': ['3970257'], 'P4342': ['Ružomberok'], 'P9807': ['89734'], 'P402': ['2168215'], 'P8189': ['987007533291905171'], 'P7197': ['3057789'], 'P9957': ['40606'], 'P11693': ['26037771'], 'P782': ['SK0318510998'], 'P2326': ['-845612'], 'P10832': ['E39PBJkXBGfbCPTQwXcCvtwBfq'], 'P12749': ['Q48163'], 'P8168': ['Q921092'], 'P41': ['Ruzomberok-ruzomberok-flag.svg'], 'P8253': ['mestoruzomberok-77e4ef'], 'P2013': ['mesto.ruzomberok'], 'P13591': ['place/c1b1a7fc-ce64-4a0e-893f-2eac3410436a'], 'P2163': ['1271104']}"
Q4396534,Rosenberg,noble family (Kurland),['Q13417114'],[],[],[],[],"{'P94': ['Rosenberg baron.png'], 'P2671': ['/g/122t692m'], 'P373': ['House of Rosenberg (Kurland)']}"
Q65657138,Rosenberg,"village in Sund, Åland Islands, Finland","['Q5084', 'Q18691318', 'Q21006439']",[],[],[],[],"{'P528': ['420'], 'P373': ['Rosenberg, Sund'], 'P18': ['Rosenberg Sund 2023-08-01.jpg'], 'P13098': ['179'], 'P4119': ['10277109']}"
Q18619463,Theodore Rappaport,American electrical engineering professor,['Q5'],['Q30'],['Q18419'],['+1960-11-26T00:00:00Z'],"['Q901', 'Q1327627', 'Q1622272']","{'P3987': ['27620'], 'P214': ['113437532'], 'P227': ['137734859'], 'P244': ['n92081572'], 'P268': ['12483394h'], 'P269': ['068713916'], 'P349': ['00909743'], 'P1015': ['90789926'], 'P1207': ['n96302920'], 'P213': ['0000000108602100'], 'P1006': ['102622590'], 'P691': ['ctu2015861473'], 'P646': ['/m/0128s6z_'], 'P8189': ['987007446162205171'], 'P1960': ['aLOSzWwAAAAJ'], 'P11182': ['91445'], 'P549': ['141613'], 'P10832': ['E39PBJyWQd6d4KwqbBrbPMcXVC'], 'P13591': ['person/1f48623a-aff2-4b45-b7a1-cb2e9b4cc19b'], 'P13951': ['342420', '346774'], 'P18': ['MBZUAI 2026 - Ted Rappaport 01 (cropped).jpg'], 'P496': ['0000-0001-7449-9957']}"
Q21469784,Rappaport,family name,['Q101352'],[],[],[],[],"{'P3878': ['R116'], 'P3879': ['71172'], 'P3880': ['RPPT11'], 'P373': ['Rappaport (surname)'], 'P4839': ['Entity[""Surname"", ""Rappaport""]'], 'P3370': ['RAPPAPORT'], 'P9644': ['RAPPAPORT'], 'P8168': ['Q232786']}"
Q6582199,Rappaport Prize,Israeli award,['Q618779'],[],[],[],[],"{'P856': ['https://www.rappaport-prize.org.il', 'https://www.rappaport-prize.org.il/en/home'], 'P373': ['Rappaport Prize'], 'P18': ['Logo Rappaport Prize.jpg'], 'P154': ['Text Logo Rappaport Prize.svg']}"
Q12406897,Rappaport Faculty of Medicine,medical facility in Haifa,['Q180958'],[],[],[],[],"{'P2013': ['TechnionMedicine'], 'P856': ['http://md.technion.ac.il'], 'P18': ['PikiWiki Israel 6657 haifa medical school.jpg'], 'P2397': ['UC4_i7cYMdM0MkP-2ywVlhKQ'], 'P6773': ['198482'], 'P6366': ['40978471'], 'P646': ['/m/0db4s8'], 'P373': ['The Rappaport Family medical sciences building'], 'P8189': ['987007448363205171']}"
Q106113303,Rappaportová,family name,['Q18972207'],[],[],[],[],{}
Q89641940,"Rappaport, Moriz (BLKÖ)","entry in the Biographisches Lexikon des Kaiserthums Oesterreich (vol. 24, p. 365)",['Q19389637'],[],[],[],[],"{'P478': ['24'], 'P304': ['365']}"
Q4880998,,American academic,['Q5'],['Q30'],[],['+1944-01-01T00:00:00Z'],['Q3400985'],"{'P214': ['1171585'], 'P213': ['0000000115580704'], 'P906': ['229408'], 'P1006': ['314561846'], 'P5587': ['dbqsvdsx4p911m4'], 'P269': ['090076982'], 'P691': ['xx0046288'], 'P3987': ['474623'], 'P244': ['n96062537'], 'P5034': ['KAC200300236'], 'P1207': ['n2006058443'], 'P8189': ['987007428759105171'], 'P3368': ['540466'], 'P227': ['132379813'], 'P11182': ['91973'], 'P10832': ['E39PBJwCXJdjcRk9jYhkKWyWXd'], 'P13591': ['person/33b4d3b0-7d9a-4de9-ad1e-784744c82064'], 'P13951': ['289998']}"
Q100737136,Xi Zhang,researcher ORCID 0000-0002-8548-2832,['Q5'],[],[],[],['Q1650915'],{'P496': ['0000-0002-8548-2832']}
Q104065548,Xi Zhang,researcher ORCID 0000-0003-0815-4007,['Q5'],[],[],[],[],{'P496': ['0000-0003-0815-4007']}
Q102350706,Xi Zhang,Ph.D. Kungliga Tekniska Högskolan 2008,['Q5'],[],[],[],[],"{'P549': ['134808'], 'P4955': ['895293']}"
Q102308832,Xi Zhang,Ph.D. Columbia University 2006,['Q5'],[],[],[],[],"{'P549': ['109061'], 'P4955': ['966389']}"
Q102361564,Xi Zhang,Ph.D. State University of New York at Buffalo 2010,['Q5'],[],[],[],[],"{'P549': ['143518'], 'P4955': ['933646']}"
Q123247117,Dick Ruhe,,['Q5'],[],[],"['+1928-05-21T00:00:00Z', '+1928-01-01T00:00:00Z']",['Q15978655'],"{'P214': ['63458542', '218640419'], 'P213': ['0000000083884059'], 'P244': ['n2007037877'], 'P349': ['01183601'], 'P1207': ['n2011072069'], 'P1006': ['338917152'], 'P7293': ['9810591990605606'], 'P8189': ['987007332073905171'], 'P5034': ['KAC200900718'], 'P13591': ['person/e526ded5-ea39-4202-a585-cd2bec57807d'], 'P227': ['173979254']}"
Q127751718,Richard Hughes,United States academic,['Q5'],[],[],[],"['Q3400985', 'Q1622272']","{'P214': ['5149659626606830473'], 'P244': ['no2017070421'], 'P973': ['https://history.illinoisstate.edu/faculty-staff/profile/?ulid=rhughes'], 'P13906': ['240550']}"
Q302433,Richard Hughes,British writer (1900–1976),['Q5'],['Q145'],['Q1754096'],['+1900-04-19T00:00:00Z'],"['Q1930187', 'Q49757', 'Q6625963', 'Q36180', 'Q214917', 'Q28389']","{'P214': ['4931315'], 'P213': ['0000000108643412'], 'P244': ['n50034197'], 'P227': ['118554581'], 'P646': ['/m/0d04h'], 'P1006': ['06845807X'], 'P866': ['richard-hughes'], 'P1816': ['mp129549'], 'P648': ['OL957796A'], 'P2163': ['11526'], 'P950': ['XX1721698'], 'P1263': ['709/000103400'], 'P1220': ['8308'], 'P3430': ['w6697k1x'], 'P3762': ['172476'], 'P3222': ['richard-hughes'], 'P1417': ['biography/Richard-Arthur-Warren-Hughes'], 'P3219': ['richard-hughes'], 'P1415': ['31260'], 'P906': ['241803'], 'P1938': ['35251'], 'P1315': ['1147662'], 'P3029': ['F45109'], 'P4638': ['p13539.htm#i135384'], 'P1280': ['200538979'], 'P3987': ['90851'], 'P1233': ['14933'], 'P5361': ['HughesRichard1900-1976'], 'P3630': ['69368'], 'P269': ['026927489'], 'P2966': ['hughes-richard-arthur-warren-1900-1976-sisters-tragedy', 'hughes-richard-arthur-warren-1900-1976'], 'P5587': ['khwz11r30jz2lzw'], 'P2949': ['Hughes-15733'], 'P2605': ['112451'], 'P5705': ['richard-hughes'], 'P1150': ['HN 4600'], 'P268': ['119079559'], 'P691': ['ola2003172219'], 'P6844': ['136982'], 'P1284': ['00000014710'], 'P5034': ['KAC201500754'], 'P4342': ['Richard_Hughes'], 'P7433': ['7666'], 'P7902': ['118554581'], 'P8234': ['12643'], 'P1207': ['n98701522'], 'P7982': ['26619'], 'P8496': ['hughes-richard-arthur-warren-1900-1976-author'], 'P2963': ['295289'], 'P5019': ['hughes-richard-arthur-warren'], 'P8349': ['27308'], 'P1005': ['354717'], 'P7293': ['9810620929905606'], 'P345': ['nm0400882'], 'P1695': ['a0000001265355'], 'P4985': ['2649771'], 'P9918': ['PE00448259'], 'P7305': ['3913140'], 'P3368': ['1079169'], 'P396': ['RAVV014703'], 'P2600': ['6000000017210537976'], 'P8189': ['987007262871905171'], 'P10302': ['richard-hyuz'], 'P11249': ['14365991'], 'P1015': ['90204434'], 'P4619': ['000468048'], 'P9984': ['981058612789006706'], 'P7369': ['000012223'], 'P8179': ['ncf11953261'], 'P6394': ['a11521958'], 'P245': ['500524536'], 'P7699': ['LNB:4c8;=BF'], 'P1368': ['000016026'], 'P10227': ['vtls001213499'], 'P271': ['DA03200028'], 'P409': ['35923859'], 'P7029': ['770196237', '770196234'], 'P3065': ['A003388816'], 'P11686': ['981058612789006706'], 'P1375': ['000001433'], 'P11496': ['1140845216666041728'], 'P11870': ['2246'], 'P12098': ['974488'], 'P12582': ['20110803095949218'], 'P12386': ['u8599'], 'P10832': ['E39PBJgCQ48CBctvd7C8cmM773'], 'P12749': ['Q58800'], 'P3365': ['richard-arthur-warren-hughes'], 'P13049': ['118554581'], 'P9662': ['35080'], 'P9964': ['118554581'], 'P10387': ['75328'], 'P12854': ['5dcd38e67e02740020282c3d'], 'P13591': ['person/8d173b53-de34-493b-a812-30d63749640e'], 'P13951': ['248625'], 'P10400': ['45575'], 'P14225': ['981005656925909366'], 'P9322': ['p0097784-Hughes-Richard-19001976'], 'P14536': ['433755'], 'P14585': ['107732'], 'P14750': ['EAC9-BFE0-A2B9-6AAA-4119'], 'P13772': ['richard-arthur-warren-hughes']}"
Q137049093,Richard Hughes,Chair of the Office for Budget Responsibility,['Q5'],[],[],['+1975-10-13T00:00:00Z'],[],"{'P6634': ['rjdhughes'], 'P973': ['https://obr.uk/about-the-obr/who-we-are/richard-hughes/', 'https://www.telegraph.co.uk/business/2025/11/27/obr-chief-offers-to-resign-over-budget-fiasco/', 'https://committees.parliament.uk/publications/1920/documents/18667/default/', 'https://www.gov.uk/government/news/richard-hughes-nominated-for-reappointment-as-chair-of-the-office-for-budget-responsibility'], 'P2002': ['rjdhughes']}"
Q132574107,Richard Hughes,Australian director and reality television contestant,['Q5'],['Q408'],[],['+1986-00-00T00:00:00Z'],"['Q2526255', 'Q27658988']","{'P6262': ['survivor:Rich_Hughes'], 'P345': ['nm5827815'], 'P4985': ['1855425'], 'P2605': ['713903'], 'P14750': ['1AE3-948B-086B-A746-6FA1']}"
Q42533857,Richard K Hughes,researcher,['Q5'],[],[],[],['Q1650915'],"{'P496': ['0000-0001-9910-6566'], 'P1053': ['E-9642-2015'], 'P2798': ['59316'], 'P3829': ['1404626']}"
Q20734280,Richard Hughes,Welsh printer and publisher,['Q5'],['Q25'],['Q496368'],['+1794-00-00T00:00:00Z'],"['Q175151', 'Q2516866', 'Q998550', 'Q1413170', 'Q3362826', 'Q1416611', 'Q285759']","{'P1648': ['s-HUGH-RIC-1794'], 'P2945': ['35847'], 'P12749': ['Q64590']}"
Q64011255,Robert Ginnetti,Canadian-born Italian ice hockey player,['Q5'],"['Q16', 'Q38']",['Q24639'],['+1965-07-31T00:00:00Z'],['Q11774891'],"{'P1447': ['gi/robert-ginnetti-1'], 'P8286': ['86075'], 'P2671': ['/g/11flbsx7hz'], 'P2481': ['165573'], 'P4319': ['43037']}"
Q5295213,Donald T. Phillips,American writer,['Q5'],['Q30'],[],['+1952-03-10T00:00:00Z'],['Q36180'],"{'P214': ['23345440'], 'P213': ['0000000110455285'], 'P856': ['http://www.donaldtphillips.com'], 'P227': ['133978656'], 'P3987': ['14267'], 'P244': ['n96025872'], 'P349': ['00473031'], 'P1015': ['3028475'], 'P1207': ['n95003885'], 'P1368': ['000033216'], 'P1006': ['068492561'], 'P5361': ['PhillipsDonaldT(DonaldThomas)1952-'], 'P1280': ['171065187'], 'P269': ['073441279'], 'P691': ['jx20090824006'], 'P5034': ['KAC2018G3723', 'KAC200109160'], 'P7704': ['agent/base/114425'], 'P646': ['/m/05syl4d'], 'P7293': ['9810630197805606'], 'P8189': ['987007306285205171'], 'P11249': ['14471189'], 'P10832': ['E39PBJfMgJGd46Vb9CKGF4YByd'], 'P13049': ['133978656'], 'P13591': ['person/97607b60-c8d2-43e2-bbc0-f99b4d311ca9']}"
Q102270729,Don T. Phillips,Ph.D. University of Arkansas 1969,['Q5'],[],[],['+1942-02-06T00:00:00Z'],"['Q2267418', 'Q1622272']","{'P549': ['86691'], 'P244': ['n80083729'], 'P214': ['35755523'], 'P8189': ['987007436574305171']}"
Q1529607,James MacGregor Burns,American historian and political scientist (1918–2014),['Q5'],['Q30'],['Q54143'],['+1918-08-03T00:00:00Z'],"['Q201788', 'Q15980158', 'Q1622272', 'Q1238570']","{'P244': ['n50034518'], 'P214': ['26837121'], 'P227': ['118862162'], 'P1006': ['06950959X'], 'P213': ['0000000118624741', '0000000048617510'], 'P2163': ['11682'], 'P1417': ['biography/James-MacGregor-Burns'], 'P648': ['OL27560A'], 'P3430': ['w6j79j5g'], 'P1315': ['973907'], 'P1580': ['a1313886'], 'P950': ['XX1214050'], 'P1207': ['n96001763'], 'P535': ['133010805'], 'P3987': ['142723'], 'P269': ['028341775'], 'P268': ['12019692z'], 'P349': ['00434892'], 'P691': ['xx0086903'], 'P1015': ['90205677'], 'P1017': ['ADV10132488'], 'P409': ['35892175'], 'P3280': ['0000100521'], 'P5034': ['KAC199603999'], 'P8034': ['495/148588'], 'P2963': ['15913'], 'P646': ['/m/091rbv'], 'P8851': ['6021735'], 'P7293': ['9810686335105606'], 'P9037': ['d122c20a-f804-4265-a206-fbd659aeb26e'], 'P8902': ['people/71854'], 'P1225': ['10580523'], 'P9984': ['981058522513806706'], 'P271': ['DA00862809'], 'P7369': ['000071161'], 'P8179': ['ncf10808727'], 'P3348': ['228033'], 'P8189': ['987007259357305171'], 'P7699': ['LNB:VlT;=Bs'], 'P1368': ['000014651'], 'P1375': ['000051884'], 'P7024': ['000000403'], 'P3368': ['1696745'], 'P2190': ['8148'], 'P10660': ['8148'], 'P11249': ['14297578'], 'P11496': ['1140000791671058816'], 'P11686': ['981058522513806706'], 'P8462': ['burnquist-burns.html#323.93.04'], 'P11182': ['100353'], 'P12458': ['878324'], 'P10832': ['E39PBJB8vm7qH8hYjVcBXPKrv3'], 'P13166': ['34178'], 'P10227': ['vtls000025869'], 'P3065': ['A003059974'], 'P8445': ['56162'], 'P13591': ['person/b2b075c7-eee2-46b8-8c74-d40bdfc2afa4'], 'P7184': ['091rbv'], 'P7902': ['118862162'], 'P13951': ['374780', '397173', '696426'], 'P396': ['TO0V031665'], 'P14225': ['981005678177809366']}"
Q123599451,"James MacGregor Burns, Scholar of Presidents and Leadership, Dies at 95","The New York Times article (July 16, 2014)",['Q309481'],[],[],[],[],"{'P953': ['https://www.nytimes.com/2014/07/16/us/james-m-burns-a-scholar-of-presidents-and-leadership-dies-at-95.html'], 'P2322': ['100000003001024']}"
Q112485435,Robert N. Lussier,,['Q5'],[],[],['+1949-00-00T00:00:00Z'],['Q121594'],"{'P691': ['mzk2014852950'], 'P214': ['163038681'], 'P213': ['0000000117121069'], 'P244': ['n87907819'], 'P269': ['185622054'], 'P1207': ['n99043534'], 'P8189': ['987007438089005171'], 'P227': ['171707192'], 'P11182': ['32554'], 'P5034': ['KAC201100238'], 'P1368': ['000008835'], 'P13591': ['person/79d97cce-0190-4f57-8ed3-c667ba9dd73e']}"
Q55865983,James M. Kouzes,1945-,['Q5'],[],[],['+1945-01-01T00:00:00Z'],"['Q1622272', 'Q832136']","{'P1315': ['823457'], 'P2163': ['201407'], 'P214': ['102097209'], 'P244': ['n85259318'], 'P227': ['172195012'], 'P268': ['12211244d'], 'P269': ['030761530'], 'P349': ['00514371'], 'P691': ['vut2011649600'], 'P1015': ['90218157'], 'P1207': ['n2003066747'], 'P1280': ['10271843'], 'P271': ['DA01938225'], 'P5361': ['KouzesJamesM1945-'], 'P949': ['002203615'], 'P1006': ['073752932'], 'P409': ['35089587'], 'P213': ['0000000122836237'], 'P1005': ['593458'], 'P3280': ['0000423670'], 'P646': ['/m/051kn1k'], 'P2002': ['jim_kouzes'], 'P5739': ['43801'], 'P5034': ['KAC199615379'], 'P7293': ['9810602270905606'], 'P3987': ['115270'], 'P8189': ['987007429345105171'], 'P11496': ['1140845216530893568'], 'P11686': ['981058601794806706'], 'P9984': ['981058601794806706'], 'P11182': ['89975'], 'P12458': ['157539'], 'P10832': ['E39PBJc7VtTXKw8767v9Wwxv73'], 'P13049': ['172195012'], 'P10387': ['65377'], 'P13591': ['person/d37c2b45-2824-4029-9b14-4e21b83f2f78'], 'P648': ['OL237290A'], 'P13951': ['547284'], 'P9322': ['0339848-Kouzes-James-M-1945']}"
Q16137225,Barry Posner,American leadership academic,['Q5'],['Q30'],[],['+1949-03-11T00:00:00Z'],"['Q1569495', 'Q1622272']","{'P214': ['102045260'], 'P2163': ['93056'], 'P244': ['n82073257'], 'P227': ['172312027'], 'P213': ['0000000114789805'], 'P1006': ['069609527'], 'P349': ['00515594'], 'P691': ['vut2011649603'], 'P1207': ['n99047021'], 'P1005': ['70603'], 'P949': ['002187449'], 'P1015': ['90133902'], 'P3280': ['0000423671'], 'P2381': ['544645'], 'P269': ['08594016X'], 'P268': ['12211245r'], 'P5034': ['KAC199635974'], 'P5739': ['63983'], 'P646': ['/m/05wcb0z'], 'P8189': ['987007449651405171'], 'P496': ['0000-0003-0227-2141'], 'P3368': ['3487828'], 'P1153': ['7101606016'], 'P11686': ['981058601677106706'], 'P9984': ['981058601677106706'], 'P11182': ['15809'], 'P12458': ['119612'], 'P10832': ['E39PBJmtvBYFMqrMxQ7VmwG8md'], 'P13049': ['172312027'], 'P4619': ['000297564'], 'P8179': ['ncf12080789'], 'P7699': ['LNB:p/I;=Ba'], 'P3065': ['A003706922'], 'P13591': ['person/4cb66fe8-3cbb-46b6-8122-9c481bb9e8eb'], 'P9322': ['0339847-Posner-Barry-Z']}"
Q112444018,Elaine Biech,,['Q5'],[],[],['+1947-00-00T00:00:00Z'],[],"{'P691': ['vut2011663403'], 'P214': ['74744228'], 'P1207': ['n00050244'], 'P213': ['0000000119639670'], 'P8189': ['987007443744805171'], 'P7293': ['9810538888305606'], 'P269': ['157981568'], 'P10387': ['32447'], 'P13591': ['person/c9414c68-9051-4b8b-affc-30d6d08b8425'], 'P13906': ['28008'], 'P10400': ['81599'], 'P9322': ['0304411-Biech-Elaine-1947']}"
Q4864617,Barry Posner,Canadian physician,['Q5'],['Q16'],['Q2135'],['+1937-11-07T00:00:00Z'],['Q39631'],"{'P646': ['/m/0bt296'], 'P3368': ['2616171'], 'P13457': ['2771'], 'P8951': ['146-7167']}"
Q16859272,Barry Posner,Wikimedia disambiguation page,['Q22808320'],[],[],[],[],{}
Q119582967,Peter A. Schein,,['Q5'],[],[],[],['Q16849727'],"{'P2671': ['/g/11f0yybszn'], 'P214': ['3295148997638259870008'], 'P1015': ['1629923208803'], 'P8189': ['987008916284705171'], 'P5034': ['KAC202204110'], 'P244': ['n2018010385'], 'P349': ['001348044'], 'P271': ['DA19271411'], 'P1006': ['429202490'], 'P1207': ['n2017120940'], 'P7293': ['9811239912405606'], 'P3065': ['A027758809'], 'P269': ['202428311'], 'P11496': ['1140000791706407680'], 'P13591': ['person/61da9be7-22cf-4b32-b597-0108308ef05f'], 'P227': ['1128602172'], 'P13049': ['1128602172']}"
Q102213292,Peter Scheinost,Ph.D. Ludwig-Maximilians-Universität München 1992,['Q5'],[],[],[],[],"{'P549': ['49510'], 'P4955': ['367489']}"
Q113811846,Peter Scheinpflug,,['Q5'],['Q183'],[],[],['Q6386271'],"{'P214': ['307305514'], 'P227': ['1049186400'], 'P10553': ['781308895'], 'P8189': ['987007370568405171'], 'P13049': ['1049186400'], 'P213': ['0000000429299616'], 'P10608': ['agent/gnd_1049186400'], 'P13591': ['person/59e9acfd-950e-44cc-a409-a0b913804817'], 'P496': ['0000-0002-3874-4596']}"
Q55875946,Peter Scheiner,1554-1603; Superintendent in Oschatz,['Q5'],[],['Q8738'],['+1554-01-01T00:00:00Z'],"['Q2296367', 'Q152002']","{'P1871': ['cnp01111286'], 'P214': ['22959497'], 'P227': ['119817748']}"
Q139150011,,,['Q5'],[],[],['+1940-01-01T00:00:00Z'],['Q88214831'],"{'P227': ['131377779'], 'P7902': ['131377779'], 'P13049': ['131377779'], 'P213': ['0000000005982729'], 'P214': ['64159873'], 'P10553': ['508494761']}"
Q442008,Doris Kearns Goodwin,American biographer and historian (born 1943),['Q5'],['Q30'],['Q18419'],['+1943-01-04T00:00:00Z'],"['Q1930187', 'Q201788', 'Q1238570', 'Q36180', 'Q1622272', 'Q864380']","{'P214': ['93479825'], 'P434': ['0c6172a0-a4ea-46e5-9146-ea626289f7cc'], 'P345': ['nm0329447'], 'P18': ['NBF2024-doris-kearns-goodwin.jpg'], 'P244': ['n84007639'], 'P227': ['136734596'], 'P268': ['125517800'], 'P349': ['00809917'], 'P646': ['/m/05t4c0'], 'P856': ['http://doriskearnsgoodwin.com'], 'P373': ['Doris Kearns Goodwin'], 'P2190': ['dorisgoodwin'], 'P2163': ['127246'], 'P2267': ['doris-kearns-goodwin'], 'P2611': ['doris_kearns_goodwin'], 'P1263': ['620/000110290'], 'P648': ['OL222155A'], 'P2002': ['doriskgoodwin', 'DorisKGoodwin'], 'P2013': ['Doris-Kearns-Goodwin-123476174412250', 'doriskgoodwin'], 'P2963': ['1476'], 'P3430': ['w6960r8c'], 'P1417': ['biography/Doris-Kearns-Goodwin'], 'P1695': ['a0000002455366'], 'P269': ['034802118'], 'P213': ['0000000117756515'], 'P906': ['56611'], 'P1006': ['072139439'], 'P691': ['osa2013744879'], 'P1015': ['90841330'], 'P5587': ['hftwr3x13gpqz3p'], 'P409': ['35817481'], 'P950': ['XX5331082'], 'P6722': ['11479'], 'P1315': ['1101238'], 'P3630': ['252905'], 'P4657': ['237020401'], 'P271': ['DA01221774'], 'P2734': ['GoodwinDorisKearns'], 'P5739': ['33111'], 'P5705': ['doris-kearns-goodwin'], 'P4666': ['89542'], 'P1225': ['10569154'], 'P1375': ['000012734'], 'P3846': ['87097969488110'], 'P1207': ['n00067294'], 'P3065': ['A000073295'], 'P5034': ['KAC200709834'], 'P4619': ['000450267'], 'P1280': ['118080099'], 'P1670': ['1030J1242'], 'P7400': ['goodwindoriskearns'], 'P2605': ['77995'], 'P3762': ['307460'], 'P4985': ['1230086'], 'P9743': ['107Zzpv8Gl'], 'P9984': ['981058508173606706'], 'P8179': ['ncf10651901'], 'P9995': ['232529'], 'P7293': ['9810559694605606'], 'P10660': ['35582'], 'P8189': ['987007261816705171'], 'P396': ['UFIV121606'], 'P3368': ['3552437'], 'P9768': ['5199'], 'P7699': ['LNB:V*363992;=BS'], 'P10227': ['vtls000080859'], 'P7024': ['000028985'], 'P11249': ['14242499'], 'P11496': ['1140845216494236288'], 'P11686': ['981058508173606706'], 'P12098': ['862745'], 'P12458': ['76543'], 'P10832': ['E39PBJvhtCxhYKjfgHwMfCBgKd'], 'P10608': ['agent/gnd_136734596'], 'P10387': ['47397'], 'P6640': ['76476'], 'P12854': ['5d776b25fb0d55001f55d94c'], 'P13591': ['person/3cd14fa2-6b72-4629-84d8-145683da24b1'], 'P7184': ['05t4c0'], 'P4862': ['B000APE4B6'], 'P2850': ['2798543'], 'P9196': ['doris-kearns-goodwin'], 'P2003': ['doriskgoodwin'], 'P12871': ['05t4c0'], 'P10400': ['34398'], 'P14178': ['osa2013744879'], 'P14225': ['981005675761409366'], 'P11892': ['doriskgoodwin'], 'P5917': ['2798543'], 'P9322': ['0320972-Goodwin-Doris-Kearns-1943'], 'P14750': ['12C7-60C8-054A-59F8-1EEA'], 'P13772': ['doris-kearns-goodwin'], 'P10291': ['166424', '71860']}"
Q22980266,Doris Kearns Goodwin: Lessons from past presidents,TED2008,['Q23011722'],[],[],[],[],"{'P217': ['363'], 'P2613': ['doris_kearns_goodwin_on_learning_from_past_presidents']}"
Q72594844,Ronald E. Riggio,researcher,['Q5'],[],[],['+1955-01-01T00:00:00Z'],"['Q1650915', 'Q1622272']","{'P496': ['0000-0002-2195-3818'], 'P269': ['085645117'], 'P1207': ['n2007127207'], 'P1153': ['7006965366'], 'P214': ['114054574'], 'P213': ['0000000114802619'], 'P227': ['1174997613'], 'P11249': ['14158548'], 'P6178': ['011710611427.09'], 'P8189': ['987007424987605171'], 'P12458': ['423829'], 'P1368': ['000335621'], 'P13591': ['person/e06d0668-6d25-43bb-9d52-2e219c89f957'], 'P691': ['vut2011657394'], 'P13906': ['64387']}"
Q509794,David Logan,American basketball player,['Q5'],"['Q30', 'Q36']",['Q1297'],['+1982-12-26T00:00:00Z'],['Q3665646'],"{'P646': ['/m/05244v7'], 'P18': ['David Logan.jpg'], 'P3525': ['20204092'], 'P4216': ['A33683'], 'P5476': ['LOG-DAV-82', '3246/david-logan'], 'P373': ['David Logan (basketball player)'], 'P5723': ['1243'], 'P3957': ['1831'], 'P4790': ['david-logan-1'], 'P3527': ['75497'], 'P4744': ['l/loganda01d'], 'P3542': ['54418'], 'P8548': ['41172'], 'P5421': ['103620'], 'P3368': ['2537958'], 'P3536': ['000541'], 'P10658': ['42105b86-8fac-43b2-ba18-f23a9bec6696', '28110'], 'P12338': ['152911'], 'P9662': ['161505'], 'P13216': ['200976'], 'P11344': ['4718'], 'P1618': ['5'], 'P4612': ['david-logan'], 'P3685': ['4384']}"
Q57891506,David Logan,"British diplomat (-1943). Counsellor and Head of Chancery, Embassy, Norway 1982-1986, Head of Personnel Operations Department, Foreign and Commonwealth Office 1986-1988, Minister, U.S.S.R./Russia 1989-1992, Assistant Under-Secretary for Foreign and C",['Q5'],['Q145'],[],['+1943-00-00T00:00:00Z'],['Q193391'],{}
Q124200926,David Logan,,['Q5'],['Q30'],[],[],[],{}
Q120416079,David Logan,1780 - est. 1821,['Q5'],[],[],['+1780-00-00T00:00:00Z'],[],"{'P2600': ['6000000013894968076'], 'P2949': ['Logan-2233']}"
Q43170241,David C Logan,researcher,['Q5'],[],[],[],"['Q1650915', 'Q2374149', 'Q864503']","{'P496': ['0000-0002-8980-240X'], 'P269': ['117929085'], 'P214': ['42166914'], 'P1207': ['n2008141879'], 'P213': ['0000000117601281'], 'P227': ['1153941708'], 'P8189': ['987007421512105171'], 'P13591': ['person/1286a147-1df7-42fe-917f-bd33fbcbd20d']}"
Q16731592,Dave Logan,American author and professor,['Q5'],['Q30'],[],['+1968-03-27T00:00:00Z'],"['Q36180', 'Q1622272', 'Q16849727']","{'P2611': ['david_logan'], 'P856': ['http://www.marshall.usc.edu/execed/david-logan.htm'], 'P691': ['hka2011628065'], 'P244': ['n2001097660'], 'P214': ['48577318'], 'P213': ['0000000116371445'], 'P648': ['OL4929480A'], 'P1006': ['320477304'], 'P5034': ['KAC201005052'], 'P1207': ['n2010103383'], 'P646': ['/m/0gtm2k9'], 'P7293': ['9810671195705606'], 'P3987': ['610156'], 'P1280': ['207051875'], 'P8189': ['987007443739305171'], 'P269': ['138968527'], 'P227': ['14216853X'], 'P11249': ['14109312'], 'P10832': ['E39PBJvhqbqpGMgMCKf8bhmmVC'], 'P2963': ['1198867'], 'P13049': ['14216853X'], 'P6634': ['davidlogan'], 'P10387': ['54581'], 'P13591': ['person/d3004b08-f0b1-4edc-b1b3-ac34f4c5cf1d'], 'P9322': ['0296806-Logan-David-1968']}"
Q5229217,Dave Logan,American football player (born 1954),['Q5'],['Q30'],['Q34109'],['+1954-02-02T00:00:00Z'],"['Q19204627', 'Q3665646']","{'P3532': ['LOGANDAV01'], 'P18': ['Dave Logan (American football).JPG'], 'P345': ['nm3064311'], 'P646': ['/m/0280cj1'], 'P3696': ['dave-logan-1'], 'P3561': ['L/LogaDa00'], 'P9338': ['dave-logan'], 'P5421': ['11309', '177790'], 'P2685': ['l/loganda01'], 'P3697': ['dave-logan-1'], 'P1826': ['logan-002dav'], 'P14750': ['FF56-F439-1220-4E19-0985']}"
Q5236735,David Logan,American football player (1956-1999),['Q5'],['Q30'],['Q1342'],['+1956-10-25T00:00:00Z'],['Q19204627'],"{'P535': ['24585857'], 'P3539': ['2519636'], 'P646': ['/m/05f9m_7'], 'P5421': ['11310'], 'P3561': ['L/LogaDa20'], 'P9338': ['david-logan'], 'P14750': ['4EF7-6AFF-47A2-4EE1-47C5']}"
Q5229218,Dave Logan,Canadian ice hockey defenceman,['Q5'],['Q16'],['Q340'],['+1954-07-02T00:00:00Z'],['Q11774891'],"{'P2602': ['3182'], 'P3567': ['13408'], 'P3598': ['l/loganda01'], 'P646': ['/m/03d7wjn'], 'P5421': ['15510'], 'P3522': ['8448871'], 'P3368': ['2536428'], 'P2481': ['143018']}"
Q137681686,David Logan,Canadian political candidate,['Q5'],['Q16'],[],[],"['Q82955', 'Q40348']",{}
Q671520,John King,English writer (born 1960),['Q5'],['Q145'],['Q211907'],['+1960-01-01T00:00:00Z'],"['Q36180', 'Q28389']","{'P214': ['49364836'], 'P213': ['0000000077319328'], 'P646': ['/m/0b1qpc'], 'P1006': ['172439051'], 'P227': ['120773538'], 'P244': ['no96038339'], 'P648': ['OL2632098A'], 'P1015': ['15018288'], 'P1368': ['000049211'], 'P269': ['03538199X'], 'P268': ['13185686t'], 'P691': ['xx0008597'], 'P1207': ['n2005001011'], 'P2963': ['11820'], 'P8971': ['9864'], 'P3630': ['10778'], 'P856': ['http://john-king-author.co.uk'], 'P10832': ['E39PBJkD74V3MVrXXRwvPw4wmd'], 'P13049': ['120773538'], 'P10608': ['agent/gnd_120773538'], 'P10387': ['4619'], 'P13591': ['person/849067a5-e4e0-4f35-8cfb-f26a46c90bde'], 'P9322': ['p0108883-King-John-1960']}"
Q6243132,John King,American music producer (born 1953),['Q5'],['Q30'],[],['+1953-01-01T00:00:00Z'],"['Q183945', 'Q36834']","{'P434': ['a6871613-8619-4e11-b023-a89690bb9f38'], 'P1728': ['mn0000813805'], 'P1953': ['16661'], 'P345': ['nm0454887'], 'P3478': ['213326'], 'P646': ['/m/026dlh8'], 'P4985': ['7477'], 'P5404': ['john_king_f2'], 'P2909': ['7766'], 'P5882': ['M00000278136'], 'P1828': ['00128304693'], 'P12098': ['275953'], 'P4104': ['1028929'], 'P14750': ['8171-4E72-7B3E-ECC7-DDCD']}"
Q6243110,John King Jr.,American politician (born 1975); 10th United States Secretary of Education,['Q5'],['Q30'],['Q18419'],['+1975-01-05T00:00:00Z'],"['Q82955', 'Q21281706']","{'P18': ['John B. King, Jr.2015.jpg'], 'P373': ['John King, Jr.'], 'P646': ['/m/0j42c9t'], 'P2190': ['johnking08'], 'P10632': ['Q6243110'], 'P10660': ['63367'], 'P2600': ['6000000043603640359'], 'P214': ['39152682518223311813'], 'P213': ['0000000499301320'], 'P244': ['no2018063378'], 'P8445': ['367374'], 'P13591': ['person/bbb91055-c9d5-42f9-934d-b05ec6e305ec']}"
Q6243129,John King,American journalist (born 1963),['Q5'],['Q30'],['Q1024037'],['+1963-08-30T00:00:00Z'],['Q1930187'],"{'P214': ['175335977'], 'P18': ['John King (journalist).jpg'], 'P345': ['nm1757452'], 'P2002': ['JohnKingCNN'], 'P2267': ['john-king'], 'P244': ['ns2011000664'], 'P646': ['/m/075dqm'], 'P373': ['John King (journalist)'], 'P6005': ['johnkingcnn'], 'P2013': ['JohnKingCNN'], 'P2003': ['johnkingcnn'], 'P9420': ['john-king-profile'], 'P2190': ['26938'], 'P10660': ['26938'], 'P2600': ['6000000044841853833'], 'P10302': ['dzhon-king-11'], 'P10832': ['E39PBJcgvCWvQc7R3btRk47fv3'], 'P2605': ['189381']}"
Q1700706,John King,Irish soldier and Australian explorer (1838–1872),['Q5'],['Q27'],['Q192229'],['+1838-12-15T00:00:00Z'],"['Q11900058', 'Q12356615']","{'P214': ['75828309'], 'P244': ['nb2003085424'], 'P227': ['1031524371'], 'P1430': ['4193'], 'P1907': ['king-john-3956'], 'P2029': ['1746'], 'P2163': ['498873'], 'P3430': ['w6qj8ssq'], 'P213': ['0000000064059184'], 'P1315': ['518387'], 'P18': ['John King explorer c. 1861 DL PXX 3 3 a.jpg'], 'P646': ['/m/088dnr'], 'P2949': ['King-44631'], 'P9159': ['3956'], 'P10832': ['E39PBJmMY6XpJVJCtjTbXXBVmd']}"
Q43110878,Halee Fischer-Wright,American physician,['Q5'],['Q30'],[],['+1950-00-00T00:00:00Z'],['Q36180'],"{'P269': ['138969094'], 'P1015': ['15016470'], 'P691': ['osa2014810045'], 'P268': ['167465643'], 'P213': ['0000000035636878'], 'P1695': ['a0000002389059'], 'P1207': ['n2010152859'], 'P949': ['004475133'], 'P244': ['n2007060218'], 'P214': ['36370529'], 'P2671': ['/g/11f2hl3k7w'], 'P9322': ['0333810-FischerWright-Halee'], 'P3987': ['610157'], 'P8189': ['987007316239505171'], 'P7293': ['9810671196405606'], 'P10832': ['E39PBJbH4jXHfDbQjWfJygfjG3'], 'P13591': ['person/b94549fd-a8a7-4f12-832a-19046e2774c0'], 'P10400': ['46395']}"
Q112373371,Joe D. Batten,,['Q5'],[],[],['+1925-00-00T00:00:00Z'],['Q974144'],"{'P691': ['xx0004521'], 'P214': ['227145542803496642110'], 'P10387': ['17647'], 'P13906': ['18931'], 'P9322': ['p0107398-Batten-Joe-D-1925']}"
Q212648,Rudy Giuliani,American attorney and politician (born 1944),['Q5'],['Q30'],['Q18419'],['+1944-05-28T00:00:00Z'],"['Q40348', 'Q82955', 'Q36180', 'Q131524', 'Q185351', 'Q30185', 'Q43845', 'Q600751']","{'P373': ['Rudy Giuliani'], 'P214': ['71618074'], 'P213': ['0000000109144586'], 'P244': ['nr95032260'], 'P227': ['124208363'], 'P345': ['nm0321320'], 'P349': ['00915092'], 'P646': ['/m/06gn7'], 'P268': ['144701751'], 'P18': ['Former Mayor Rudy Giuliani in 2025.jpg', '2019 Rudolph Giuliani, Ex-Prefeito de Nova York - 48789790128 (cropped).jpg'], 'P1006': ['241657237'], 'P1284': ['00000020933'], 'P1741': ['101787'], 'P109': ['Rudy Giuliani Signature.svg'], 'P2163': ['361736'], 'P2267': ['rudy-giuliani'], 'P1417': ['biography/Rudolph-W-Giuliani', 'biography/Rudy-Giuliani'], 'P2190': ['rudolphgiuliani'], 'P3221': ['person/rudolph-w-giuliani'], 'P1839': ['P00003251'], 'P3430': ['w6zs6rmw'], 'P3417': ['Rudy-Giuliani-politician', 'Rudy-Giuliani'], 'P1263': ['587/000024515'], 'P2750': ['278172'], 'P269': ['070447047'], 'P691': ['jx20061019004'], 'P434': ['cd1ce533-a63b-4cef-96b4-44cfdc0345a9'], 'P1225': ['10587206'], 'P1296': ['0520761'], 'P5034': ['KAC200203195'], 'P2002': ['RudyGiuliani'], 'P3388': ['28801'], 'P4342': ['Rudy_Giuliani'], 'P3222': ['rudy-giuliani'], 'P7902': ['124208363'], 'P1207': ['n2003037295'], 'P2390': ['Rudy_Giuliani'], 'P7929': ['p=rudolph;n=giuliani'], 'P2397': ['UC-9J07yyuXQTx_uZQchtwsg'], 'P2013': ['realrudygiuliani'], 'P949': ['002078500'], 'P5337': ['CAAqIQgKIhtDQkFTRGdvSUwyMHZNRFpuYmpjU0FtVnVLQUFQAQ'], 'P8904': ['RudyG'], 'P7293': ['9810581532505606'], 'P1695': ['a0000002077040'], 'P3630': ['368649'], 'P4985': ['931021'], 'P5421': ['2104'], 'P9629': ['16287'], 'P6908': ['rudygiuliani'], 'P9743': ['107a4S3u6q'], 'P7775': ['Rudy_Giuliani'], 'P8189': ['987007599036605171'], 'P2949': ['Giuliani-103'], 'P2003': ['therudygiuliani'], 'P2604': ['28829'], 'P8879': ['243078'], 'P4104': ['21471'], 'P8313': ['Rudy_Giuliani'], 'P7400': ['giulianirudolphw'], 'P10660': ['1165'], 'P2600': ['6000000012599940319'], 'P10757': ['11586'], 'P10843': ['Rudy-Giuliani'], 'P10858': ['MayorRudyGiuliani'], 'P4666': ['11525'], 'P8125': ['247747', '1217881'], 'P10302': ['rudolph-w-giuliani'], 'P8462': ['gilmour-givhan.html#097.38.57'], 'P1617': ['994733a4-79ed-45c3-b1e4-30962d508cf1'], 'P6200': ['c2yxzxkx4lyt'], 'P10328': ['13835'], 'P648': ['OL2934553A'], 'P1015': ['4074661'], 'P271': ['DA15787525'], 'P11496': ['1140282266727065472'], 'P12098': ['25447'], 'P12385': ['rudolph-w.-giuliani'], 'P10832': ['E39PBJxmFCty3qJmjhvr8tKjmd'], 'P4657': ['55010401'], 'P2605': ['420274'], 'P9346': ['rudolph-giuliani'], 'P6640': ['5813'], 'P12854': ['5d7768364de0ee001fccbe1e'], 'P8445': ['4597'], 'P13591': ['person/008fa3ba-a827-4fb9-92d8-ab7f1d71dfb5'], 'P7184': ['06gn7'], 'P1953': ['4116769'], 'P6327': ['27173'], 'P6868': ['1348125465'], 'P4332': ['148122'], 'P6005': ['rudy-giuliani'], 'P11386': ['rudy-giuliani'], 'P3368': ['878571'], 'P11137': ['rudy_giuliani'], 'P11646': ['ZiX8yNOfb'], 'P12627': ['rudy-giuliani'], 'P12997': ['rudy-giuliani'], 'P9937': ['501343'], 'P8309': ['18-306841'], 'P13295': ['774378'], 'P11818': ['atsheeshyyesjhj'], 'P3479': ['bb57337b-7509-442d-a51a-1fba59834274'], 'P13403': ['57254964'], 'P13300': ['rudy-giuliani'], 'P3106': ['us-news/rudygiuliani'], 'P13606': ['75906'], 'P12320': ['rudy-giuliani'], 'P13634': ['who/rudy-giuliani'], 'P1266': ['825698'], 'P5254': ['366205'], 'P2435': ['566227'], 'P13661': ['rudy-giuliani'], 'P9102': ['47282-rudy-giuliani'], 'P10916': ['Rudy_Giuliani'], 'P7284': ['rudy-giuliani'], 'P13526': ['rudy-giuliani'], 'P1258': ['celebrity/rudy_giuliani'], 'P10895': ['Rudy-Giuliani'], 'P2373': ['Rudy-giuliani'], 'P6914': ['rudy-giuliani', 'maria-ryan-giulianipartners-com-rudy-giuliani'], 'P13049': ['124208363'], 'P7920': ['7962192'], 'P1712': ['person/rudy-giuliani'], 'P8419': ['Rudy Giuliani'], 'P13873': ['21521'], 'P13906': ['41056'], 'P14003': ['rudy-giuliani'], 'P14178': ['jx20061019004'], 'P13772': ['rudolf-giuliani', 'rudolph-giuliani', 'rudolph-w-giuliani', 'rudy-giuliani'], 'P14750': ['303E-CAA0-4B09-8A49-C371'], 'P11449': ['64380'], 'P7553': ['288211']}"
Q7147004,Patrick Lencioni,American writer,['Q5'],['Q30'],[],['+1965-01-01T00:00:00Z'],"['Q36180', 'Q12859263', 'Q16849727', 'Q482980', 'Q2994387']","{'P214': ['30751572'], 'P1315': ['1304497'], 'P648': ['OL219764A'], 'P227': ['134255232'], 'P213': ['0000000110504059'], 'P1006': ['182972186'], 'P1280': ['45343075'], 'P269': ['057660107'], 'P268': ['13503795m'], 'P691': ['mzk2009517493'], 'P244': ['n98029986'], 'P5034': ['KAC200100043'], 'P1207': ['n00095415'], 'P2963': ['11503'], 'P646': ['/m/02w6b1d'], 'P7293': ['9810634566405606'], 'P9743': ['107aNJVKT2'], 'P8189': ['987007443706905171'], 'P11249': ['13928459'], 'P2607': ['0e304ae4-7971-47e3-bcf0-b7ab3879138d'], 'P9871': ['25528'], 'P10832': ['E39PBJjMFPmyYDhmdYXcVkDwmd'], 'P13049': ['134255232'], 'P10387': ['65053'], 'P13591': ['person/da56a988-2d70-43b5-98d2-a80ec61059f3'], 'P2002': ['patricklencioni'], 'P10400': ['121472'], 'P396': ['MODV547042'], 'P9984': ['981058611817506706'], 'P9322': ['0274324-Lencioni-Patrick-1965']}"
Q112418595,John Heider,,['Q5'],[],[],['+1936-00-00T00:00:00Z'],['Q1113899'],"{'P691': ['mzk2009495876'], 'P214': ['84777221'], 'P950': ['XX4709148'], 'P10400': ['70841'], 'P9322': ['p0001579-Heider-John-1936']}"
Q113503900,Martin Tank,- 1627 Wismar,['Q5'],[],[],[],[],{'P1819': ['I00649515']}
Q100366657,Martín Tanaka,Peruvian sociologist and political scientist,['Q5'],['Q419'],['Q2868'],['+1965-00-00T00:00:00Z'],"['Q2306091', 'Q1238570']","{'P214': ['39653352'], 'P213': ['0000000083745892'], 'P496': ['0000-0001-6640-1518'], 'P244': ['no99021365'], 'P269': ['09210813X'], 'P1207': ['n2015066173'], 'P268': ['15004465h'], 'P227': ['1057495263'], 'P271': ['DA12615294'], 'P1006': ['298179377'], 'P10452': ['0068867'], 'P11496': ['1140845216610593792'], 'P1153': ['55502214300'], 'P10832': ['E39PCjGDMBhDY3mtBHMR8cwVyb'], 'P2038': ['Martin-Tanaka'], 'P1053': ['U-4754-2019'], 'P13591': ['person/6fa97d94-368d-4c16-a36f-06262914be6b'], 'P8189': ['987013781372805171']}"
Q62058462,Martin Tancer,Czech computer scientist,['Q5'],['Q213'],[],[],"['Q1650915', 'Q170790']","{'P496': ['0000-0002-1191-6714'], 'P1153': ['24177957500'], 'P2456': ['29/3357'], 'P1053': ['J-8603-2017'], 'P549': ['178673'], 'P4955': ['797999'], 'P856': ['http://kam.mff.cuni.cz/~tancer'], 'P9579': ['5278880'], 'P1960': ['YkP30T8AAAAJ'], 'P1556': ['tancer.martin'], 'P4252': ['125815'], 'P691': ['uk20201069975']}"
Q12326315,Martin Tancke,Danish diplomat,['Q5'],['Q756617'],[],['+1626-01-01T00:00:00Z'],['Q193391'],"{'P227': ['115458360'], 'P373': ['Martin Tancke'], 'P214': ['64737041'], 'P1871': ['cnp01040362'], 'P94': ['Tanche Martin 1643.jpg'], 'P10832': ['E39PBJycRtmM9k8r9GGp93gtKd'], 'P13049': ['115458360']}"
Q114326700,Martin Tancar,researcher,['Q5'],"['Q215', 'Q83286']",[],['+1973-00-00T00:00:00Z'],['Q1650915'],"{'P1280': ['6949219'], 'P6556': ['24093'], 'P214': ['118154440109635340896']}"
Q93239421,Lee G. Bolman,,['Q5'],[],[],['+1941-01-01T00:00:00Z'],['Q1622272'],"{'P213': ['0000000116040064'], 'P214': ['19769420'], 'P5739': ['120239'], 'P1207': ['n00012178'], 'P5034': ['KAC199701271'], 'P7293': ['9811265328705606'], 'P3987': ['627846'], 'P244': ['n82238753'], 'P1015': ['90194910'], 'P691': ['utb2009357181'], 'P2163': ['1455932'], 'P8189': ['987007452246005171'], 'P268': ['12429986r'], 'P269': ['033434115'], 'P227': ['170992551'], 'P11249': ['14390603'], 'P646': ['/m/05vpwrt'], 'P4619': ['000566266'], 'P8179': ['ncf12097200'], 'P7699': ['LNB:BczR;=CB'], 'P1368': ['000066626'], 'P349': ['00512129'], 'P271': ['DA01713961'], 'P409': ['35105056'], 'P1006': ['070541493'], 'P9171': ['290587'], 'P3065': ['A003021363'], 'P11496': ['1140563741609347712'], 'P11182': ['15102'], 'P12458': ['270926'], 'P13591': ['person/83903708-fefc-488e-83b0-495c9eee88f0'], 'P13906': ['26369']}"
Q551032,John Wooden,American basketball coach (1910–2010),['Q5'],['Q30'],['Q5642538'],['+1910-10-14T00:00:00Z'],"['Q189290', 'Q5137571', 'Q3665646', 'Q36180']","{'P214': ['108410248'], 'P213': ['0000000084606851'], 'P244': ['n50015142'], 'P227': ['172457467'], 'P535': ['53261713'], 'P18': ['Johnwooden.jpg'], 'P646': ['/m/02jhz4'], 'P906': ['293616'], 'P856': ['http://www.coachwooden.com/'], 'P1263': ['312/000028228'], 'P2163': ['1754777'], 'P2611': ['john_wooden'], 'P373': ['John Wooden'], 'P3417': ['John-Wooden'], 'P3222': ['john-wooden'], 'P1417': ['biography/John-Wooden'], 'P349': ['00461401'], 'P1015': ['90876854'], 'P4507': ['john-wooden'], 'P4560': ['john-r-wooden'], 'P3646': ['john-wooden', 'john-wooden1'], 'P648': ['OL6849812A'], 'P5341': ['john-wooden'], 'P4751': ['john-wooden-1'], 'P4823': ['1991003'], 'P1006': ['391597760'], 'P5587': ['nl0362f60xwjxcf'], 'P4796': ['w/woodejo01n'], 'P269': ['060721707'], 'P5034': ['KAC199700207'], 'P2600': ['6000000020168696065'], 'P3762': ['307615'], 'P8094': ['johnrobertwoodenj'], 'P8777': ['3978'], 'P2889': ['LC35-WG2'], 'P5421': ['8354'], 'P8189': ['987007389315705171'], 'P3368': ['272310'], 'P10553': ['697396568'], 'P271': ['DA00610952'], 'P11496': ['1140282266614824960'], 'P3847': ['person:john_wooden_(1910-2010)'], 'P2949': ['Wooden-463'], 'P10832': ['E39PBJqBpCkWYWxBj4XYVBtHYP'], 'P1368': ['000317644'], 'P8445': ['142301'], 'P13591': ['person/38fa7c51-b235-4d66-8d13-3d91b7e720bc'], 'P2963': ['23041'], 'P7184': ['02jhz4'], 'P3696': ['john-wooden-1'], 'P13906': ['1467364'], 'P3527': ['742692']}"
Q1702215,UCLA John Wooden Center,"building on the University of California, Los Angeles campus",['Q19844914'],[],[],[],[],"{'P18': ['John Wooden Center.jpg'], 'P2671': ['/g/15dq1yr7'], 'P373': ['John Wooden Center'], 'P9794': ['283'], 'P10689': ['422876578']}"
Q105695192,UCLA John Wooden Center West,"building on the University of California, Los Angeles campus",['Q19844914'],[],[],[],[],"{'P281': ['90095'], 'P9794': ['63510'], 'P10689': ['422876656']}"
Q22992234,John Wooden: The difference between winning and succeeding,TED2001,['Q23011722'],[],[],[],[],"{'P217': ['498'], 'P2613': ['john_wooden_on_the_difference_between_winning_and_success']}"
Q11928245,John Woodenlegs,American Indian chief,['Q5'],[],[],['+1909-11-12T00:00:00Z'],[],"{'P214': ['48638330'], 'P244': ['n2005066699'], 'P213': ['0000000082275577'], 'P269': ['121236668'], 'P691': ['jo2010588825'], 'P646': ['/m/09gf4kp'], 'P3368': ['2239924'], 'P10832': ['E39PBJr7QyDqykdvrQJxv7gh73']}"
Q1173491,David Allen Aaker,American economist,['Q5'],['Q30'],['Q34109'],['+1938-00-00T00:00:00Z'],"['Q188094', 'Q1622272', 'Q106645013']","{'P214': ['37004329'], 'P213': ['0000000122783868'], 'P244': ['n79089154'], 'P227': ['123018641'], 'P18': ['DavidAaker.jpg'], 'P349': ['00430845'], 'P646': ['/m/02z32vd'], 'P1006': ['070158967'], 'P2163': ['1441190'], 'P3987': ['106703'], 'P268': ['12406697f'], 'P269': ['033173672'], 'P950': ['XX1645510'], 'P1280': ['26015843'], 'P691': ['mzk2003180829'], 'P648': ['OL220279A'], 'P5034': ['KAC199600018'], 'P5739': ['12'], 'P4619': ['000566037'], 'P6394': ['a11888398'], 'P7699': ['LNB:V*1449;=BE'], 'P3065': ['A002902591'], 'P7031': ['david-aaker'], 'P1207': ['n96100694'], 'P9743': ['107aIUvW1T'], 'P271': ['DA00385856'], 'P7293': ['9810606969205606'], 'P8189': ['987007424029605171'], 'P7502': ['David_Aaker-YNG4A4'], 'P11249': ['14535572'], 'P11496': ['1140000791681043584'], 'P1556': ['aaker.v'], 'P11182': ['87208'], 'P12458': ['210459'], 'P10832': ['E39PBJbRjGYtHr7dy9MWw9RdwC'], 'P373': ['David Aaker'], 'P12502': ['15248'], 'P1368': ['000010882'], 'P13049': ['123018641'], 'P3280': ['0000462531'], 'P1015': ['90084350'], 'P7369': ['000854533'], 'P8179': ['ncf10120872'], 'P409': ['36583782'], 'P1375': ['000135818'], 'P1315': ['1305817'], 'P396': ['BVEV013449'], 'P13591': ['person/9dfe0596-e1ba-45ea-9e1f-de006a3c18f5'], 'P13906': ['190529'], 'P10387': ['117727'], 'P10400': ['92324'], 'P14178': ['mzk2003180829'], 'P14225': ['981005784039009366'], 'P9322': ['p0110648-Aaker-David-A-1938']}"
Q65018279,Jill Barrie,badminton player,['Q5'],['Q145'],[],['+1960-00-00T00:00:00Z'],['Q13141064'],{'P2671': ['/g/11fm71shh2']}
Q57571533,Jill Barr-Walker,researcher ORCID ID = 0000-0002-8448-1184,['Q5'],[],[],[],"['Q1650915', 'Q182436']","{'P496': ['0000-0002-8448-1184'], 'P1153': ['55749038600'], 'P856': ['http://profiles.ucsf.edu/jill.barr-walker'], 'P2456': ['239/1495'], 'P1960': ['V0RKuesAAAAJ']}"
Q105199208,Jill Barry,American politician from Connecticut (born 1973),['Q5'],['Q30'],[],['+1973-11-12T00:00:00Z'],['Q82955'],"{'P2671': ['/g/11fhtbt3pb'], 'P18': ['Jill Announcement.jpg'], 'P10632': ['Q105199208']}"
Q75338767,Jill Kathleen Barrett-Lennard,(born 1946),['Q5'],[],[],['+1946-01-01T00:00:00Z'],[],"{'P4638': ['p7299.htm#i72990'], 'P1819': ['I00011994']}"
Q43095225,Jill Barrow,British company director and public administrator,['Q5'],['Q145'],[],['+1951-04-26T00:00:00Z'],"['Q2961975', 'Q37226']","{'P2671': ['/g/11f_pxpc6z'], 'P4789': ['U6666']}"
Q320595,Kenneth Hartley Blanchard,American business writer,['Q5'],['Q30'],['Q1087121'],['+1939-05-06T00:00:00Z'],"['Q131524', 'Q36180', 'Q15982858', 'Q15978655', 'Q12859263', 'Q16849727']","{'P244': ['n50009897'], 'P214': ['101722904'], 'P227': ['118184938'], 'P646': ['/m/09l7rj'], 'P1263': ['940/000030850'], 'P2163': ['2874'], 'P950': ['XX1144400'], 'P3348': ['281584'], 'P3430': ['w6v4186b'], 'P3417': ['Ken-Blanchard-1'], 'P268': ['120917710'], 'P269': ['085836052'], 'P349': ['00433469'], 'P906': ['244615'], 'P1015': ['90177964'], 'P1207': ['n93120027'], 'P213': ['0000000121457665'], 'P1006': ['070293171'], 'P3987': ['107069'], 'P1580': ['a1001112'], 'P5587': ['97mpsvlt4whq27c'], 'P1280': ['7987811'], 'P691': ['xx0002471'], 'P5739': ['8857'], 'P5034': ['KAC200003223'], 'P1309': ['vtls002669075'], 'P3630': ['58596'], 'P7293': ['9810563851905606'], 'P8980': ['000041156'], 'P1695': ['a0000001152404'], 'P18': ['Ken headshot 2013.jpg'], 'P648': ['OL21502A'], 'P8189': ['987007304303705171'], 'P10553': ['079293123'], 'P7400': ['blanchardken'], 'P11249': ['14051278'], 'P11686': ['981060742450806706'], 'P9984': ['981060742450806706'], 'P11182': ['86429'], 'P271': ['DA00730885'], 'P11496': ['1140845216522165376'], 'P12458': ['248842'], 'P10832': ['E39PBJhmKDF7JbDDRb6jCkTJXd'], 'P13049': ['118184938'], 'P1368': ['000008094'], 'P1005': ['63108'], 'P10387': ['17115'], 'P13591': ['person/42232a3f-32f8-497b-8c47-b95f5cf7c1be'], 'P13906': ['1598077'], 'P13951': ['516805'], 'P10400': ['14594'], 'P3368': ['2131051'], 'P9322': ['p0001466-Blanchard-Kenneth-H-1939'], 'P2963': ['4112157'], 'P6634': ['kenblanchard1'], 'P856': ['https://www.blanchard.com/']}"
Q120602364,Patricia Zigarmi,,['Q5'],[],[],[],"['Q2994387', 'Q9379869']","{'P214': ['15390717'], 'P691': ['osa2017964629'], 'P8189': ['987007315684505171'], 'P950': ['XX906478'], 'P7293': ['9810666642405606'], 'P5034': ['KAC200505029'], 'P10387': ['115762'], 'P13591': ['person/b67955ea-da11-4b20-a8e9-3e74616f8bde'], 'P13906': ['66624'], 'P9322': ['0375351-Zigarmi-Patricia']}"
Q120602365,Drea Zigarmi,,['Q5'],[],[],[],"['Q2994387', 'Q9379869']","{'P214': ['8006778'], 'P691': ['osa2017964633'], 'P8189': ['987007317884105171'], 'P950': ['XX1723012'], 'P7293': ['9810666642605606'], 'P5034': ['KAC200505030'], 'P10387': ['115763'], 'P13591': ['person/f983c70c-7d7f-4653-aa94-dd73b52b4136'], 'P9322': ['0375352-Zigarmi-Drea']}"
Q139446157,,,['Q5'],[],[],[],"['Q1231865', 'Q1238570', 'Q2306091', 'Q1622272']",{'P691': ['mub2016923931']}
Q139443948,,,['Q5'],[],[],[],['Q1231865'],{'P691': ['mub2016905081']}
Q3302067,Max De Pree,American businessman and writer (1924–2017),['Q5'],['Q30'],['Q1840466'],['+1924-10-28T00:00:00Z'],"['Q36180', 'Q2961975', 'Q131524']","{'P214': ['76962315'], 'P213': ['0000000116763684'], 'P1006': ['081585551'], 'P2163': ['23515'], 'P244': ['n78025101'], 'P269': ['030003016'], 'P268': ['121509244'], 'P691': ['xx0032053'], 'P5034': ['KAC200706823'], 'P7704': ['agent/base/96962'], 'P1207': ['n99024931'], 'P646': ['/m/02qkwtt'], 'P8980': ['000118870'], 'P9322': ['p0049975-De-Pree-Max-19242017'], 'P9984': ['981058528627606706'], 'P8189': ['987007429323405171'], 'P11686': ['981058528627606706'], 'P3368': ['2060965'], 'P12354': ['max_de_pree'], 'P10832': ['E39PBJmP7rw8qB4TrHtCDpgxjC'], 'P10387': ['58230'], 'P227': ['1047947064'], 'P13049': ['1047947064'], 'P13591': ['person/ff742767-6c93-41a2-95d8-70335fde71dc'], 'P10400': ['211362'], 'P10553': ['779626478']}"
Q2604952,Robin Sharma,Canadian self-help writer,['Q5'],"['Q16', 'Q1027']",['Q2326975'],['+1964-06-16T00:00:00Z'],"['Q36180', 'Q40348', 'Q12859263', 'Q106638245', 'Q185351']","{'P18': ['Robin Sharma.jpg'], 'P244': ['n98012954'], 'P646': ['/m/0h128t'], 'P214': ['119240640'], 'P2002': ['RobinSharma'], 'P373': ['Robin Sharma'], 'P648': ['OL221968A', 'OL2630688A'], 'P3417': ['Robin-Sharma-6'], 'P227': ['120803836'], 'P950': ['XX1026286'], 'P345': ['nm3883593'], 'P856': ['https://robinsharma.com'], 'P213': ['0000000114975018'], 'P906': ['276371'], 'P349': ['00944709'], 'P1015': ['2011559'], 'P1207': ['n2005128294'], 'P1368': ['000084863'], 'P4862': ['B000APEZCE'], 'P1006': ['183527453'], 'P268': ['13544260n'], 'P269': ['050759124'], 'P5587': ['tr58clfc2k98jtd'], 'P2734': ['SharmaRobinS'], 'P1580': ['a1272263'], 'P1315': ['1456712'], 'P691': ['mzk2003173761'], 'P5034': ['KAC200002592'], 'P7704': ['agent/base/139077'], 'P2003': ['robinsharma'], 'P2013': ['RobinSharmaOfficial'], 'P3899': ['robinsharma'], 'P2397': ['UC6oh54zIYKyW6hgBiZzLLsA'], 'P2163': ['1950181'], 'P1309': ['vtls003661429'], 'P2963': ['24678'], 'P7293': ['9810578977505606'], 'P8980': ['000123192'], 'P9196': ['robin-sharma'], 'P9807': ['163116'], 'P9743': ['107a98hV4z'], 'P9984': ['981058510058406706'], 'P8189': ['987007308282105171'], 'P7400': ['sharmarobin'], 'P4985': ['3858101'], 'P11686': ['981058510058406706'], 'P271': ['DA15478542'], 'P11496': ['1140000791867831936'], 'P10832': ['E39PBJj4xTkTTH7jRJ7wTd6Myd'], 'P13019': ['131592'], 'P13049': ['120803836'], 'P9802': ['2191037'], 'P13591': ['person/9b90a106-eb06-40e4-a95a-6e6785f767e5'], 'P13951': ['190653'], 'P10400': ['10473'], 'P14178': ['mzk2003173761'], 'P396': ['TO0V623166'], 'P9322': ['p0108717-Sharma-Robin-S-1964'], 'P11892': ['robinsharma'], 'P14750': ['C687-5972-6C46-BE3D-1A28']}"
Q112509983,David Cottrell,psychiatrist (born 1956),['Q5'],[],[],['+1956-00-00T00:00:00Z'],"['Q211346', 'Q1900167', 'Q1622272']","{'P691': ['mub2017951693'], 'P214': ['73950309']}"
Q112480696,David Cottrell,,['Q5'],[],[],"['+1953-00-00T00:00:00Z', '+1953-10-04T00:00:00Z']",['Q1569495'],"{'P691': ['vse2014833888'], 'P214': ['117446116'], 'P213': ['0000000083288919'], 'P5034': ['KAC200109145'], 'P244': ['no98071993'], 'P8189': ['987007428758705171'], 'P13591': ['person/769e4769-d6d7-4079-bb90-5e66b22e0f55'], 'P13951': ['537321']}"
Q71543601,David S. Cottrell,researcher,['Q5'],[],[],[],['Q1650915'],"{'P496': ['0000-0002-2405-6362'], 'P2798': ['102256'], 'P1053': ['I-6811-2013'], 'P1153': ['55274193700']}"
Q53784066,David J. Cottrell,researcher,['Q5'],[],[],['+1956-06-22T00:00:00Z'],['Q1650915'],"{'P1153': ['7101743029'], 'P496': ['0000-0001-8674-0955'], 'P856': ['https://medhealth.leeds.ac.uk/profile/645/424/david__cottrell'], 'P4789': ['U255781'], 'P6178': ['01022001343.38']}"
Q25350303,David Cottrell,British academic (1947–2009),['Q5'],[],['Q637298'],['+1947-00-00T00:00:00Z'],['Q37226'],{'P2671': ['/g/11c0p_nsmp']}
Q6773687,Marshall Loeb,American journalist,['Q5'],['Q30'],['Q1297'],['+1929-01-01T00:00:00Z'],"['Q1930187', 'Q1086863', 'Q1607826', 'Q482980']","{'P214': ['50085747'], 'P213': ['0000000114723822'], 'P1006': ['18971333X'], 'P1315': ['1152815'], 'P269': ['102224994'], 'P244': ['n83131049'], 'P7902': ['1043380841'], 'P227': ['1043380841'], 'P1207': ['n2008133006'], 'P646': ['/m/05x83ry'], 'P7293': ['9810691909805606'], 'P691': ['vse2007415032'], 'P8189': ['987007446109805171'], 'P11249': ['14045328'], 'P648': ['OL35741A'], 'P10832': ['E39PBJqfHpkpPVJmJTVKvjbDbd'], 'P13049': ['1043380841'], 'P9964': ['1043380841']}"
Q123577175,"Marshall Loeb, Editor Who Shaped Money and Fortune Magazines, Dies at 88","The New York Times article (December 11, 2017)",['Q309481'],[],[],[],[],"{'P953': ['https://www.nytimes.com/2017/12/11/obituaries/marshall-loeb-editor-who-shaped-money-and-fortune-magazines-dies-at-88.html'], 'P2322': ['100000003861894']}"
Q52008212,,1924-,['Q5'],['Q30'],[],['+1924-01-01T00:00:00Z'],"['Q36180', 'Q1231865', 'Q1622272']","{'P1315': ['893022'], 'P950': ['XX949536'], 'P1280': ['36688483'], 'P271': ['DA02243149'], 'P2381': ['573742'], 'P213': ['0000000082441299'], 'P214': ['60389765'], 'P244': ['n80135141'], 'P5034': ['KAC2018O7021', 'KAC199634046'], 'P1006': ['287518620'], 'P1207': ['n2012078445'], 'P691': ['ntk20191041434'], 'P3987': ['144209'], 'P8189': ['987007439795405171'], 'P269': ['074240005'], 'P227': ['1146812159'], 'P11496': ['1140282266539470592'], 'P11182': ['193124'], 'P12458': ['559031'], 'P10832': ['E39PBJvt6cddQCQ8jjqwjTXrv3'], 'P1015': ['90366258'], 'P8179': ['ncf10052123'], 'P1309': ['vtls2848597'], 'P1368': ['000155569'], 'P409': ['35275110'], 'P3065': ['A005522571'], 'P13591': ['person/824135cb-9d06-4d1b-a85c-345ecf8698f6'], 'P396': ['UBOV116312'], 'P646': ['/m/05vmclp']}"
Q112444520,Karen Lawson,,['Q5'],['Q30'],['Q998893'],"['+1947-00-00T00:00:00Z', '+1947-12-05T00:00:00Z', '+1947-05-12T00:00:00Z']",['Q15978655'],"{'P691': ['xx0142546'], 'P214': ['63250318'], 'P1207': ['n2016086444'], 'P1015': ['90890009'], 'P8179': ['ncf11267488'], 'P227': ['1034767887'], 'P213': ['000000003179377X'], 'P8189': ['987007447759705171'], 'P244': ['n95019778'], 'P3987': ['630524'], 'P10832': ['E39PCjMHJ9tQpQRtfDwBqQfFyq'], 'P13591': ['person/b66a094f-e2a1-46ef-a42b-9b76ad6c9c16'], 'P10400': ['54533'], 'P950': ['XX1378640'], 'P3368': ['1449132'], 'P9247': ['104756'], 'P2963': ['276290'], 'P14112': ['Lawson, Karen E.', 'Lawson, Karen'], 'P7400': ['lawsonkaren', 'lawsonkarene'], 'P9322': ['p0004170-Lawson-Karen-1947']}"
Q75473415,Karen Janet Welsh,(born 1964),['Q5'],[],[],['+1964-11-22T00:00:00Z'],[],{'P4638': ['p16386.htm#i163854']}
Q113698112,Rosemary Ryan,Australian artist (1926–1996),['Q5'],['Q408'],['Q34366'],['+1926-10-10T00:00:00Z'],['Q483501'],"{'P1707': ['rosemary-ryan'], 'P1315': ['1774302']}"
Q22415175,Rosemary Ryan,Irish female distance runner,['Q5'],['Q27'],['Q133315'],['+1975-11-08T00:00:00Z'],['Q4439155'],"{'P1146': ['137315', '14283373'], 'P1447': ['ry/rosemary-ryan-1'], 'P8286': ['87064'], 'P2671': ['/g/11cjw51pl_'], 'P5815': ['rosemary-ryan'], 'P3882': ['17497'], 'P14105': ['3000005802'], 'P14843': ['20886'], 'P13725': ['61547']}"
Q112549518,Ellen Van Velsor,,['Q5'],[],[],['+1949-00-00T00:00:00Z'],"['Q1622272', 'Q2462658']","{'P691': ['mub20201086992'], 'P214': ['8865308'], 'P269': ['192424238'], 'P8189': ['987007437089505171'], 'P244': ['n86066860'], 'P11182': ['15341'], 'P1368': ['000168184'], 'P13591': ['person/77545cd8-b9af-471a-aac9-765788c2164d'], 'P13906': ['1545769'], 'P13951': ['546690']}"
Q112407027,Edwin Michael Bridges,pedologist,['Q5'],[],[],['+1931-00-00T00:00:00Z'],"['Q864503', 'Q28378128']","{'P691': ['uk2007402894'], 'P214': ['94258220'], 'P1207': ['n97090400'], 'P213': ['0000000121439440'], 'P244': ['n80166806'], 'P268': ['12280485r'], 'P269': ['031625835'], 'P8189': ['987007426517905171'], 'P227': ['171990013'], 'P11249': ['14002924'], 'P11496': ['1140563741516782080'], 'P271': ['DA04936656'], 'P1015': ['90507218'], 'P8179': ['ncf12096051'], 'P1309': ['vtls000873599'], 'P349': ['00463768'], 'P409': ['36048063'], 'P1006': ['069984530'], 'P3065': ['A003042923'], 'P5587': ['b8nr096v54drtvp'], 'P13591': ['person/a0b38a5e-80b2-4e73-80f7-da3a9af8cbeb'], 'P12749': ['Q149142']}"
Q105682224,Susan Edwards,(1771-1855),['Q5'],[],[],['+1771-12-24T00:00:00Z'],[],"{'P2600': ['6000000003681236904'], 'P2949': ['Edwards-9067']}"
Q112376510,Susan Edwards,,['Q5'],[],[],['+1947-00-00T00:00:00Z'],"['Q212980', 'Q1900167']","{'P691': ['xx0008740'], 'P214': ['79372173'], 'P269': ['034934146'], 'P227': ['1147019800'], 'P213': ['0000000078993242'], 'P13049': ['1147019800'], 'P9322': ['p0075464-Edwards-Susan-1947'], 'P268': ['125634231']}"
Q107209539,Susan Edwards,"Director, Enforcement, Insolvency and Corporate Law, Department for Business, Innovation and Skills, 2009–12",['Q5'],[],[],['+1949-02-17T00:00:00Z'],['Q212238'],{'P4789': ['U250601']}
Q45292427,Susan Edwards,Australian physiologist and academic administrator,['Q5'],['Q408'],[],[],"['Q21281706', 'Q2055046', 'Q104828277']","{'P496': ['0000-0001-6226-1220'], 'P1053': ['A-2464-2016'], 'P3829': ['2322578'], 'P1153': ['57202526013'], 'P4012': ['34747091'], 'P214': ['316550273'], 'P213': ['0000000450477130'], 'P244': ['n2015041235'], 'P227': ['1132456312'], 'P271': ['DA18521568'], 'P269': ['189268395'], 'P11496': ['1140282266559657984'], 'P6634': ['edwardssl'], 'P2671': ['/g/11bwfw4dwv'], 'P373': ['Susan Edwards (physiologist)'], 'P13591': ['person/fc4b774f-bcdb-496a-899f-8105bf3cd23e']}"
Q57333687,Susan Edwards,"education academic, researcher",['Q5'],[],[],['+1975-00-00T00:00:00Z'],"['Q1231865', 'Q1622272']","{'P496': ['0000-0002-5945-0597'], 'P1153': ['7401520345'], 'P2456': ['170/7727'], 'P244': ['no2010093281'], 'P214': ['94377250'], 'P1006': ['331117681'], 'P6178': ['01073137732.32'], 'P1053': ['O-2083-2018'], 'P3987': ['324457'], 'P213': ['0000000115784539'], 'P269': ['143241664'], 'P8189': ['987007320397005171'], 'P691': ['pna2012684756'], 'P1015': ['12001681'], 'P268': ['16945154s'], 'P8179': ['ncf11569112'], 'P227': ['1151837857'], 'P1368': ['000211441'], 'P1207': ['n2018173831'], 'P11182': ['190629'], 'P10832': ['E39PBJyt3HGbPRdkdqMbkbqfbd'], 'P7699': ['LNB:DOTi;=Bm'], 'P1375': ['000740956'], 'P8207': ['423526'], 'P13591': ['person/667a3877-2ced-4044-acee-0952eead1c26'], 'P14225': ['981005742000609366']}"
Q112443627,Terry F. Buss,,['Q5'],[],[],['+1947-00-00T00:00:00Z'],"['Q1238570', 'Q170790']","{'P691': ['jx20110926005'], 'P214': ['49392712'], 'P1207': ['n2004096214'], 'P213': ['0000000108993308'], 'P244': ['n80123679'], 'P268': ['135933496'], 'P269': ['076710912'], 'P227': ['170114228'], 'P11249': ['16882288'], 'P8189': ['987007442310805171'], 'P13591': ['person/99f600af-ebc1-4c0c-8148-8ebb51d1e560'], 'P13204': ['f3bzwest']}"
Q112478718,Frances A. Karnes,American writer and educator,['Q5'],[],[],"['+1937-00-00T00:00:00Z', '+1937-09-15T00:00:00Z']",['Q6051619'],"{'P691': ['utb2014825336'], 'P214': ['35726776'], 'P8189': ['987007342603705171'], 'P12458': ['459213'], 'P13591': ['person/cbbe0f90-61a7-4ffb-a1e8-d59127564f57'], 'P244': ['n79028771']}"
Q58173568,Dirk Van Dierendonck,"researcher, ORCID id # 0000-0002-3545-1798",['Q5'],[],[],[],['Q1650915'],"{'P496': ['0000-0002-3545-1798'], 'P13591': ['person/dae0a978-2a5b-40c0-a4c7-69cec71f6286']}"
Q133788744,,,['Q5'],[],[],['+1963-01-01T00:00:00Z'],[],"{'P227': ['173569692'], 'P213': ['0000000091500246'], 'P13049': ['173569692'], 'P214': ['133932213'], 'P496': ['0000-0002-3545-1798'], 'P10553': ['674604415']}"
Q122225779,Kevin Patterson,researcher at Plant & Food Research in New Zealand,['Q5'],[],[],[],['Q3140857'],{'P2038': ['Kevin-Patterson-3']}
Q58076270,Steve Kempster,researcher,['Q5'],[],[],['+1961-01-01T00:00:00Z'],"['Q1650915', 'Q188094']","{'P496': ['0000-0002-1432-372X'], 'P1153': ['55100804300'], 'P244': ['n2008079293'], 'P227': ['138032289'], 'P213': ['0000000114508831'], 'P214': ['86184280'], 'P1006': ['318799367'], 'P269': ['191663204'], 'P6178': ['013235703770.32'], 'P856': ['http://pure.lancaster.ac.uk/portal/en/people/steve-kempster(9010d045-e3d3-4a9f-86b0-f2a916e7d39c).html'], 'P8189': ['987007426457305171'], 'P10832': ['E39PBJmDmyPWdjTxCybGcRxCcP'], 'P13591': ['person/884895db-c577-4d3d-9140-6484e2c12ca0']}"
Q57451503,Sue Smith,researcher,['Q5'],[],[],[],['Q1650915'],{'P496': ['0000-0002-1066-5175']}
Q15040075,Sue Smith,British horse trainer,['Q5'],['Q145'],['Q23287'],['+1948-02-23T00:00:00Z'],"['Q466640', 'Q2730732']","{'P646': ['/m/0swmlk9'], 'P3368': ['1875223']}"
Q24809547,Sue Smith,Australian screenwriter and playwright,['Q5'],['Q408'],[],['+1959-00-00T00:00:00Z'],"['Q28389', 'Q214917', 'Q36180']","{'P345': ['nm0810055'], 'P646': ['/m/0n4p8mn'], 'P4985': ['75511'], 'P2626': ['228777'], 'P10302': ['syu-smit'], 'P8295': ['A6160'], 'P8292': ['413412'], 'P214': ['311590959', '100652401'], 'P268': ['169221806'], 'P3846': ['87097969701019'], 'P213': ['0000000457008126'], 'P244': ['n2018058767'], 'P409': ['35851804'], 'P1006': ['395646774'], 'P1207': ['n2021207566'], 'P7293': ['9810697960005606'], 'P3065': ['A024366773'], 'P269': ['191663271'], 'P1315': ['575664'], 'P8189': ['987007352000905171'], 'P12098': ['403338'], 'P13591': ['person/a31ee27b-ba9a-4331-bdc3-cd3d42bd6344'], 'P2605': ['109899'], 'P14750': ['874B-613B-1301-03C9-4DF1']}"
Q16150449,Sue Smith,Australian politician,['Q5'],['Q408'],['Q2169513'],['+1951-01-24T00:00:00Z'],['Q82955'],"{'P4186': ['AWE4327b'], 'P646': ['/m/09721z'], 'P10632': ['Q16150449'], 'P11098': ['smithsl709'], 'P3368': ['1876888'], 'P1315': ['1462404']}"
Q530143,Sue Smith,British footballer (born 1979),['Q5'],['Q145'],['Q24826'],['+1979-11-24T00:00:00Z'],['Q937857'],"{'P18': ['Sue Smith.jpg'], 'P856': ['http://www.suesmith8.com/'], 'P1469': ['191192'], 'P4381': ['1817'], 'P5750': ['f61b084c'], 'P646': ['/m/0krr57'], 'P3368': ['1876817'], 'P3537': ['457906'], 'P2020': ['sue-smith'], 'P2369': ['19376']}"
Q61133441,Gelaye Debebe,(born 1966),['Q5'],[],[],['+1966-01-01T00:00:00Z'],[],"{'P5361': ['DebebeGelaye1966-'], 'P213': ['0000000366338058'], 'P214': ['232451512'], 'P244': ['n2012011774'], 'P268': ['16998924t'], 'P227': ['1191270343'], 'P10832': ['E39PBJkD7JJwKmqhhtyK3VwXBP'], 'P13591': ['person/47285ab8-e96b-4643-951c-bb36b4406d09']}"
Q112416244,Manuel London,,['Q5'],[],[],['+1949-00-00T00:00:00Z'],['Q121594'],"{'P691': ['vse2008476845'], 'P214': ['110059209'], 'P269': ['084711787'], 'P227': ['1218192232'], 'P8189': ['987007459867805171'], 'P213': ['0000000103547149'], 'P1368': ['000191600'], 'P13591': ['person/d022ee3a-00cd-42b6-86ca-821f766cf53e'], 'P496': ['0000-0002-3419-1672']}"
Q130948953,Shuang Ren,researcher (ORCID 0009-0008-7381-487X),['Q5'],[],[],[],['Q1650915'],{'P496': ['0009-0008-7381-487X']}
Q96048424,Shuang Ren,researcher,['Q5'],[],[],[],['Q1650915'],{'P496': ['0000-0001-9644-6434']}
Q137090748,,,['Q5'],[],[],[],[],"{'P227': ['1018854282'], 'P13049': ['1018854282'], 'P214': ['231032430'], 'P496': ['0000-0002-8768-8447']}"
Q133594523,,,['Q5'],[],[],['+1953-01-01T00:00:00Z'],['Q201788'],"{'P227': ['1068043059'], 'P213': ['0000000083203065'], 'P13591': ['person/b785d764-0814-4a57-8e7e-1870f452a32b'], 'P214': ['115055870']}"
Q550926,Robert W. Wood,American physicist and inventor (1868–1955),['Q5'],['Q30'],['Q523240'],['+1868-05-02T00:00:00Z'],"['Q169470', 'Q6625963', 'Q1622272', 'Q18844224', 'Q205375']","{'P373': ['Robert Williams Wood'], 'P244': ['n87125750'], 'P214': ['29600638'], 'P227': ['117616796'], 'P213': ['0000000110493759'], 'P646': ['/m/028vvr'], 'P268': ['12308982j'], 'P18': ['Robert Williams Wood.png'], 'P1263': ['102/000099802'], 'P1938': ['668'], 'P269': ['074098012'], 'P1207': ['n00057238'], 'P1006': ['163188475'], 'P409': ['35618219'], 'P906': ['234950'], 'P691': ['xx0148803'], 'P1315': ['1016531'], 'P1296': ['0072393'], 'P648': ['OL2101984A'], 'P2163': ['206625'], 'P1417': ['biography/Robert-Williams-Wood'], 'P949': ['000486630'], 'P1899': ['4224'], 'P2924': ['2335362'], 'P3430': ['w6hh6mqs'], 'P3762': ['22075'], 'P2381': ['56806'], 'P3360': ['10300'], 'P3987': ['17823'], 'P2750': ['275622'], 'P3222': ['robert-williams-wood'], 'P4629': ['Wood, Robert Williams, 1868-1955'], 'P3029': ['F59055'], 'P4823': ['1302528'], 'P1233': ['126093'], 'P5587': ['42gjlcpn2rdvndw'], 'P5357': ['wood_r_w'], 'P6551': ['11611026'], 'P5380': ['20000738'], 'P5019': ['wood-robert-williams'], 'P7433': ['21918'], 'P1580': ['a1258406'], 'P7902': ['117616796'], 'P2600': ['6000000032127019009'], 'P4081': ['242926'], 'P7982': ['66340'], 'P6706': ['Wood,+Robert+William'], 'P9626': ['1500'], 'P9984': ['981058527897906706'], 'P8189': ['987007273440805171'], 'P1556': ['wood.r-w'], 'P8313': ['Robert_Williams_Wood'], 'P3368': ['756424'], 'P10018': ['65443'], 'P1472': ['Robert Williams Wood'], 'P6385': ['nauka_i_tehnika/fizika/VUD_ROBERT_UILYAMS.html'], 'P1185': ['1415701'], 'P11686': ['981058527897906706'], 'P10832': ['E39PBJvd7MGV788gCQmhmMrcyd'], 'P10299': ['robert-w-wood'], 'P1153': ['22990497500'], 'P271': ['DA03272131'], 'P11496': ['1140563741563065088'], 'P11514': ['vud-robert-uil-iams-523819'], 'P12385': ['robert-williams-wood'], 'P8168': ['Q889558'], 'P12597': ['131766'], 'P3365': ['robert-william-wood'], 'P1368': ['000248849'], 'P13049': ['117616796'], 'P10704': ['1956.0022'], 'P9964': ['117616796'], 'P535': ['222685636'], 'P13613': ['207886'], 'P13591': ['person/326a1ea5-952b-4d9e-8ff7-1935a0438e7b'], 'P10133': ['49958'], 'P2963': ['464827'], 'P396': ['RMSV009193'], 'P13951': ['492252'], 'P14091': ['2464-wood-robert-w'], 'P2949': ['Wood-24155'], 'P14178': ['xx0148803']}"
Q110138747,Robert Wood,British American atmospheric scientist,['Q5'],['Q145'],[],[],"['Q3400985', 'Q17276189']","{'P6634': ['robert-wood-a6148827'], 'P1960': ['GUI5GykAAAAJ']}"
Q110067482,Robert Wood,1430 - certain 1456,['Q5'],[],[],['+1430-00-00T00:00:00Z'],[],"{'P1819': ['I00259657'], 'P2949': ['Wood-9194']}"
Q7345996,Robert J. Wood,American army general (1905–1986),['Q5'],['Q30'],['Q511964'],['+1905-06-09T00:00:00Z'],['Q189290'],"{'P18': ['Robert J. Wood.jpg'], 'P646': ['/m/03b_gdm'], 'P373': ['Robert Jefferson Wood'], 'P535': ['123470301']}"
Q15052600,Robert Wood,British psychologist,['Q5'],['Q145'],[],['+1941-03-10T00:00:00Z'],['Q212980'],"{'P214': ['109733785'], 'P1006': ['073370010'], 'P244': ['n80014007'], 'P268': ['131682474'], 'P269': ['035115327'], 'P1015': ['90360968'], 'P1207': ['n2003064967'], 'P213': ['0000000454427640'], 'P691': ['xx0008188'], 'P5361': ['WoodRobert1941March10-'], 'P646': ['/m/043mdkz'], 'P7293': ['9810675882505606'], 'P1280': ['51817059'], 'P11686': ['981058601696206706'], 'P9984': ['981058601696206706'], 'P10832': ['E39PBJdrG7bMfJbxpF6T4xqhHC'], 'P10387': ['132013'], 'P9322': ['p0109469-Wood-Robert-1941'], 'P8189': ['987013154951505171']}"
Q104131505,Ying Zhu,researcher ORCID 0000-0003-0949-0475,['Q5'],[],[],[],['Q1650915'],{'P496': ['0000-0003-0949-0475']}
Q102361196,Ying Zhu,Ph.D. North Carolina State University 2009,['Q5'],[],[],[],[],"{'P549': ['143230'], 'P4955': ['821075']}"
Q102851686,Ying Zhu,"Ph.D. University of California, Berkeley 2015",['Q5'],[],[],[],['Q188094'],"{'P549': ['228606'], 'P4955': ['1118738'], 'P1960': ['F51TUYQAAAAJ']}"
Q104284319,Ying Zhu,researcher ORCID 0000-0002-4535-8546,['Q5'],[],[],[],['Q1650915'],{'P496': ['0000-0002-4535-8546']}
Q102317214,Ying Zhu,Ph.D. George Mason University 2000,['Q5'],[],[],[],[],"{'P549': ['117271'], 'P4955': ['698852']}"
Q111820212,Wendy N. Wagner,American writer and editor,['Q5'],['Q30'],[],['+2000-00-00T00:00:00Z'],"['Q36180', 'Q2516866']","{'P1233': ['144783'], 'P856': ['https://winniewoohoo.com/'], 'P214': ['311775875'], 'P244': ['nb2014027725'], 'P1006': ['411286293'], 'P13337': ['winniewoohoo.com'], 'P4033': ['wendynwagner@wandering.shop'], 'P11079': ['wendynwagner'], 'P2003': ['wendy.n.wagner'], 'P4175': ['WendyNWagner'], 'P12430': ['7abd97a1-c2f4-4d7d-9fb7-1f3a8688012a'], 'P7400': ['wagnerwendyn'], 'P2963': ['4395892'], 'P2002': ['wnwagner'], 'P1581': ['https://winniewoohoo.com/updates/'], 'P12361': ['wnwagner.bsky.social'], 'P648': ['OL7471226A'], 'P2671': ['/g/11q96541_c'], 'P2850': ['540453515']}"
Q9371962,Wendy Kay Wagner,American skier,['Q5'],['Q30'],['Q23337'],['+1973-10-31T00:00:00Z'],['Q13382608'],"{'P2773': ['64907'], 'P1447': ['wa/wendy-wagner-1'], 'P8286': ['101307'], 'P2671': ['/g/120vbvwc']}"
Q139063060,,,['Q5'],[],[],['+1960-01-01T00:00:00Z'],"['Q1622272', 'Q185351']","{'P227': ['1200125924'], 'P213': ['0000000081106704'], 'P214': ['31754753']}"
Q139518184,,,['Q5'],[],[],['+1954-01-01T00:00:00Z'],[],"{'P227': ['122379306'], 'P13049': ['122379306'], 'P213': ['0000000084141740'], 'P214': ['117587822']}"
Q516627,Wende Wagner,American film and television actress (1941-1997),['Q5'],['Q30'],['Q49146'],['+1941-12-06T00:00:00Z'],"['Q10798782', 'Q10800557', 'Q465501', 'Q33999']","{'P214': ['2721339'], 'P345': ['nm0906147'], 'P646': ['/m/04f484n'], 'P244': ['no2012161600'], 'P1266': ['266738'], 'P2019': ['p74081'], 'P2168': ['146815'], 'P2605': ['88039'], 'P2604': ['190567'], 'P2387': ['224866'], 'P2435': ['300903'], 'P4332': ['20238'], 'P213': ['000000000887984X'], 'P535': ['7711178'], 'P950': ['XX1696305'], 'P1741': ['167645'], 'P268': ['146069569'], 'P4985': ['103457'], 'P3368': ['1742542'], 'P2600': ['6000000160974205823'], 'P10302': ['uendi-vagner'], 'P11646': ['9rZIyFuBZ'], 'P11683': ['vende-vagner'], 'P227': ['1286255430'], 'P12098': ['918026'], 'P10832': ['E39PBJrwTqB3fTprFJQyxW3WjC'], 'P9662': ['95523'], 'P2949': ['Wagner-21316'], 'P14750': ['2341-C75B-F95A-4998-EDAE'], 'P7553': ['143172']}"
Q117839246,Susan Elaine Murphy,"psychologist, graduated from University of Washington with a Graduate Degree in Psychology",['Q5'],[],[],[],[],{}
Q112449276,Susan E. Murphy,,['Q5'],[],[],['+1960-00-00T00:00:00Z'],['Q212980'],"{'P691': ['utb2012687218'], 'P214': ['34781924'], 'P1280': ['113775715'], 'P5034': ['KAC201010813'], 'P213': ['000000044457898X'], 'P244': ['n2001097654'], 'P268': ['15658466w'], 'P269': ['109379985'], 'P227': ['132268833'], 'P8189': ['987007461209805171'], 'P13591': ['person/5dd2de2d-7818-4e46-90fa-0c2c1e54e9df']}"
Q91914357,Carol A Mullen,American academic researcher and scholar of alternative mentoring,['Q5'],['Q30'],"['Q2141', 'Q3246744']",['+1961-01-01T00:00:00Z'],"['Q1650915', 'Q1231865', 'Q1622272']","{'P496': ['0000-0002-4732-338X'], 'P691': ['vse2008462552'], 'P214': ['85300703'], 'P213': ['0000000114504064'], 'P244': ['n96083827'], 'P268': ['15006427f'], 'P269': ['083457356'], 'P8189': ['987007457441905171'], 'P1015': ['99062915'], 'P8179': ['ncf10295890'], 'P227': ['1034400703'], 'P5034': ['KAC202287725'], 'P1006': ['203269829'], 'P1005': ['1262099'], 'P3065': ['A008724588'], 'P1960': ['MU81EAcAAAAJ'], 'P2038': ['Carol-Mullen-2'], 'P5715': ['https://vt.academia.edu/CarolMullen/CurriculumVitae'], 'P2963': ['515785'], 'P12458': ['685305'], 'P646': ['/m/05ws_s_'], 'P18': ['Carol A. Mullen in 2023.jpg'], 'P373': ['Carol A. Mullen'], 'P13591': ['person/3d05641d-1063-4bfa-b63f-ad46ab868834']}"
Q112574706,Janine Williams,marketing and international business lecturer in New Zealand,['Q5'],[],[],[],['Q1650915'],"{'P496': ['0000-0002-5629-5368'], 'P10283': ['A5073256492']}"
Q135656973,Janine Williams,New Zealand artist,['Q5'],['Q664'],[],[],"['Q483501', 'Q5183567']","{'P2003': ['janine_divatmd'], 'P6792': ['19372']}"
Q6766442,Mark A. Brennan,Canadian artist,['Q5'],['Q16'],[],['+1968-01-01T00:00:00Z'],['Q1028181'],"{'P7704': ['agent/base/14698'], 'P646': ['/m/03c303l'], 'P18': ['Mark A. Brennan (landscape artist, born 1968).jpg']}"
Q7693343,Ted Johns,Canadian writer,['Q5'],['Q16'],['Q7440408'],['+1942-01-01T00:00:00Z'],"['Q36180', 'Q214917']","{'P214': ['70312600'], 'P213': ['0000000120280984'], 'P3430': ['w632012r'], 'P244': ['n83197546'], 'P1207': ['n2009159178'], 'P691': ['mub2011647661'], 'P7704': ['agent/base/105284'], 'P646': ['/m/03nrhvq'], 'P8179': ['ncf10093705'], 'P8189': ['987007441625005171'], 'P11182': ['33375'], 'P10832': ['E39PBJjXkFVkDvFtDk3kXMk7HC'], 'P13591': ['person/607f1731-ebf0-4159-b962-cb18d9b5c2f4']}"
Q100850715,Ted Johnson,college basketball player (1981–1982) Lafayette,['Q5'],[],[],[],['Q3665646'],{'P3696': ['ted-johnson-1']}
Q113726470,Ted Johnson South,,['Q5'],[],[],['+1957-01-01T00:00:00Z'],"['Q1622272', 'Q201788']","{'P214': ['69179503'], 'P227': ['114635407X'], 'P10553': ['1007877383'], 'P269': ['074192833'], 'P8189': ['987007446337905171'], 'P213': ['0000000034282748'], 'P13591': ['person/6fa5a6dc-174a-47cf-b75c-81a8eefe4a27']}"
Q58422144,E. R. Johnson,Ph.D. University of Cambridge 1977,['Q5'],[],[],[],['Q1650915'],"{'P496': ['0000-0001-7129-8471'], 'P1153': ['7404680336'], 'P8446': ['29CCDF00-D638-416F-B999-F206C8972650'], 'P1960': ['dVpYkSEAAAAJ'], 'P549': ['149097'], 'P4955': ['95075'], 'P2671': ['/g/11gmzdtl7f'], 'P1556': ['johnson.edward-r'], 'P1053': ['A-9414-2008']}"
Q5237318,David McDaniel,American writer (1939–1977),['Q5'],['Q30'],['Q49239'],['+1939-06-16T00:00:00Z'],"['Q6625963', 'Q18844224']","{'P214': ['58228448'], 'P213': ['000000006391314X'], 'P1233': ['1750'], 'P18': ['DavidMcDaniel November1974.jpg'], 'P648': ['OL6886824A'], 'P345': ['nm1565616'], 'P244': ['n89658231'], 'P5357': ['mcdaniel_david'], 'P7704': ['agent/base/77525'], 'P646': ['/m/082npq'], 'P8189': ['987007570667505171'], 'P12386': ['u14648'], 'P10832': ['E39PBJhCKxCTcGc34XDhtfRYfq'], 'P14750': ['5B6E-BEC5-3885-14BB-C3A1']}"
Q6513033,Lee Barrow,English footballer (born 1973),['Q5'],['Q145'],['Q2080375'],['+1973-05-01T00:00:00Z'],['Q937857'],"{'P2193': ['452'], 'P646': ['/m/0fk21q'], 'P3537': ['140984'], 'P12606': ['1056']}"
Q126848775,Lee Barron,British politician,['Q5'],['Q145'],['Q2192879'],['+1970-05-15T00:00:00Z'],['Q82955'],"{'P6465': ['113314'], 'P2171': ['26554'], 'P10428': ['5315'], 'P18': ['Official portrait of Lee Barron MP crop 2.jpg'], 'P373': ['Lee Barron'], 'P11619': ['1786'], 'P2002': ['LeeBarronMP'], 'P6213': ['K56nvWox'], 'P2169': ['Lee_Barron'], 'P1617': ['a73c7068-f6a1-432a-88d1-595f8a9ca989'], 'P4527': ['547137'], 'P10632': ['Q126848775'], 'P2671': ['/g/11w3nsyq4m']}"
Q111724418,Lee Barron,Irish rugby union player,['Q5'],[],[],['+2001-02-15T00:00:00Z'],['Q14089670'],"{'P2671': ['/g/11syb8pp1g'], 'P3769': ['53055'], 'P3666': ['LB114524'], 'P9903': ['lee-barron'], 'P12335': ['15967']}"
Q112519610,Lee Barron,,['Q5'],[],[],['+1970-00-00T00:00:00Z'],"['Q2306091', 'Q1622272']","{'P691': ['jo2018987378'], 'P214': ['305911814'], 'P269': ['170049795'], 'P227': ['1121144462'], 'P8189': ['987012469219505171'], 'P213': ['0000000424705179'], 'P1368': ['000242262'], 'P13591': ['person/952f01f8-10b5-473b-be00-0278b4c40674'], 'P7902': ['1121144462'], 'P496': ['0000-0001-8011-1365']}"
Q83494,Lee Cattermole,English footballer (born 1988),['Q5'],['Q145'],['Q989418'],['+1988-03-21T00:00:00Z'],['Q937857'],"{'P18': ['Lee Cattermole (2019).jpg'], 'P373': ['Lee Cattermole'], 'P646': ['/m/09rjx_'], 'P2446': ['37363'], 'P1618': ['6'], 'P2193': ['43076'], 'P3537': ['13409'], 'P2369': ['2834'], 'P5750': ['538e77d5'], 'P6188': ['58564'], 'P5421': ['40479'], 'P2447': ['101554'], 'P2020': ['lee-cattermole'], 'P3047': ['23735'], 'P12539': ['2949'], 'P12551': ['49650'], 'P12567': ['3648'], 'P3655': ['94800'], 'P8912': ['lee-cattermole'], 'P12606': ['22531'], 'P12608': ['18653'], 'P6640': ['325702'], 'P12302': ['14210'], 'P14750': ['2FD5-DF9C-AC4B-09DB-115E'], 'P12577': ['300']}"
Q6686867,Louis Carter,American football player,['Q5'],['Q30'],['Q755275'],['+1953-02-06T00:00:00Z'],['Q19204627'],"{'P3697': ['louis-carter-1'], 'P3417': ['Louis-Carter-1'], 'P3539': ['2511195'], 'P3762': ['264072'], 'P1618': ['33', '32'], 'P646': ['/m/04114q7'], 'P9338': ['louis-carter'], 'P3561': ['C/CartLo00'], 'P5421': ['9218'], 'P3368': ['2166927'], 'P14750': ['9FF5-FA7A-F908-958D-4211']}"
Q1650207,Lou Carter,American musician and pianist (1918–2005),['Q5'],['Q30'],['Q25395'],['+1918-09-15T00:00:00Z'],"['Q486748', 'Q15981151']","{'P244': ['n93009541'], 'P214': ['269161313'], 'P1953': ['708476'], 'P2163': ['1510138'], 'P227': ['114499523X'], 'P434': ['9102865f-0037-4c60-947f-75474f6dae9f'], 'P2671': ['/g/11f0z069bz'], 'P950': ['XX1536534'], 'P2909': ['58170'], 'P5404': ['lou_carter'], 'P5882': ['M00000220029'], 'P4104': ['1026802'], 'P8189': ['987007391098405171'], 'P213': ['0000000035732149'], 'P396': ['DDSV161256'], 'P13591': ['person/593202ca-b411-40b3-b14a-daf247677b8a']}"
Q133652888,,American businessperson and organizational psychologist,['Q5'],['Q30'],['Q49146'],['+1972-01-01T00:00:00Z'],"['Q43845', 'Q131524', 'Q557880', 'Q122759479', 'Q482980']","{'P227': ['1179961714'], 'P213': ['0000000047921596'], 'P214': ['6728233'], 'P1368': ['000063857'], 'P856': ['https://louiscarter.com'], 'P1960': ['bTTI420AAAAJ']}"
Q6686872,Louis Carter Smith,American archer,['Q5'],['Q30'],[],['+1870-01-01T00:00:00Z'],[],"{'P18': ['Smith 4017166614 3bdf192974 o.jpg'], 'P373': ['Louis Carter Smith'], 'P646': ['/m/0ch2fg5'], 'P3368': ['2166761']}"
Q58436082,David Ulrich,,['Q5'],['Q39'],['Q72'],"['+1797-04-25T00:00:00Z', '+1797-01-01T00:00:00Z']","['Q185351', 'Q82955']","{'P227': ['138806500'], 'P214': ['95430617'], 'P1871': ['cnp01180240'], 'P902': ['046380'], 'P7902': ['138806500'], 'P10832': ['E39PBJrgHPpxqbdJqxf6K7tYfq'], 'P9964': ['138806500'], 'P13468': ['19674'], 'P14585': ['50027']}"
Q133343604,,,['Q5'],[],['Q163132'],['+1950-01-01T00:00:00Z'],['Q33231'],"{'P227': ['1173710973'], 'P13049': ['1173710973'], 'P13591': ['person/e5365496-b66d-4662-b728-c4e3ae61ce79'], 'P214': ['5525154592518043370008']}"
Q53498364,David Ulrich Böcklin,,['Q5'],[],['Q2749'],['+1686-02-05T00:00:00Z'],"['Q13365770', 'Q11569986']","{'P2349': ['6517'], 'P214': ['165735980'], 'P213': ['0000000113466772'], 'P1006': ['370826892'], 'P227': ['143237721'], 'P373': ['David Ulrich Boecklin'], 'P1871': ['cnp01279498'], 'P244': ['n2018013035'], 'P950': ['XX5577654'], 'P7902': ['143237721'], 'P691': ['ntk20201064771'], 'P7293': ['9811540425405606'], 'P2671': ['/g/11ff1x_n7v'], 'P10553': ['643907688'], 'P269': ['170400255'], 'P10832': ['E39PBJv8BVCVg6JF73xmMmFYfq'], 'P13049': ['143237721'], 'P1472': ['David Ulrich Böcklin'], 'P14608': ['143237721']}"
Q133005766,,,['Q5'],[],['Q1718'],['+1977-11-10T00:00:00Z'],['Q39631'],"{'P227': ['134051548'], 'P13049': ['134051548'], 'P213': ['0000000030163063'], 'P214': ['6140114']}"
Q132977361,,,['Q5'],[],[],[],['Q185351'],"{'P227': ['124739326'], 'P13049': ['124739326'], 'P213': ['0000000018298715'], 'P214': ['20622778'], 'P1871': ['cnp00482039']}"
Q1274760,Marshall Goldsmith,American author of leadership and management literature,['Q5'],['Q30'],['Q2168889'],['+1949-03-20T00:00:00Z'],"['Q36180', 'Q43845', 'Q16849727', 'Q482980']","{'P214': ['79568365'], 'P227': ['133637689'], 'P213': ['0000000120293101'], 'P1006': ['157611930'], 'P244': ['n95090407'], 'P18': ['Marshall Goldsmith and Nigel Cumberland (cropped).JPG'], 'P373': ['Marshall Goldsmith'], 'P856': ['http://www.marshallgoldsmith.com/'], 'P950': ['XX1079277'], 'P269': ['057497524'], 'P268': ['131993834'], 'P691': ['kv2011636145'], 'P5034': ['KAC200607921'], 'P5731': ['56351'], 'P1207': ['n98022707'], 'P646': ['/m/0gptjr'], 'P7293': ['9810670791305606'], 'P9743': ['107aIdyl6u'], 'P2002': ['coachgoldsmith'], 'P2013': ['Marshall.Goldsmith.Library'], 'P2003': ['coachgoldsmith'], 'P6634': ['marshallgoldsmith'], 'P2397': ['UCtvlM6xRUC_ErV_q1FgUgiA'], 'P8189': ['987007261978205171'], 'P9984': ['981058582253506706'], 'P11686': ['981058582253506706'], 'P11182': ['16051'], 'P12458': ['284874'], 'P10832': ['E39PBJrRg9YXqjGPmGbPT8pkjC'], 'P1368': ['000194257'], 'P13049': ['133637689'], 'P10387': ['23953'], 'P13591': ['person/dcb8797d-2417-4840-8260-717c0e778c03'], 'P13906': ['113429', '1504997'], 'P648': ['OL2652676A'], 'P10400': ['13467'], 'P14178': ['kv2011636145'], 'P396': ['CFIV159094'], 'P9322': ['0298326-Goldsmith-Marshall-1949']}"
Q6773599,Marshall Goldsmith School of Management,Business school of Alliant International University,['Q1143635'],[],[],[],[],{'P856': ['http://mgsm.alliant.edu/']}
Q106638408,Alma Harris,Welsh pedagogue,['Q5'],[],[],['+1958-12-21T00:00:00Z'],"['Q1231865', 'Q1622272']","{'P496': ['0000-0002-5554-3470'], 'P214': ['267322855'], 'P691': ['jx20091204002'], 'P1580': ['a1119838'], 'P8446': ['9762CC5B-0479-4119-8DCE-FF2DD6367227'], 'P269': ['069302995'], 'P2732': ['350912'], 'P1280': ['45244259'], 'P1225': ['10614587'], 'P1315': ['1306418'], 'P1015': ['97015625'], 'P7369': ['000281964'], 'P268': ['15004736r'], 'P8179': ['ncf12105415'], 'P3846': ['87097969904149'], 'P227': ['136154263'], 'P1309': ['vtls001931278'], 'P213': ['000000038308861X'], 'P8189': ['987007437860205171'], 'P244': ['n96079258'], 'P7699': ['LNB:B1gT;=BU'], 'P1368': ['000036250'], 'P271': ['DA10320212'], 'P409': ['36585160'], 'P1006': ['10505982X'], 'P3065': ['A008690774'], 'P11496': ['1140563741617665792'], 'P12458': ['581029'], 'P10832': ['E39PBJvCQjVCYFVcKGbCf7cdcP'], 'P13591': ['person/c5933bef-4844-4739-a9f4-8b1d18331578'], 'P13906': ['148761']}"
Q112467277,Christopher Mabey,,['Q5'],[],[],['+1951-00-00T00:00:00Z'],['Q121594'],"{'P691': ['jcu2013773060'], 'P214': ['37074133'], 'P1207': ['n99092817'], 'P213': ['0000000109645591'], 'P244': ['n85375402'], 'P268': ['13519715s'], 'P269': ['050218093'], 'P3987': ['117509'], 'P8189': ['987007457439905171'], 'P227': ['133633136'], 'P13591': ['person/fcf433b2-e9b1-48d8-9b97-2824a1b5ad5a'], 'P13049': ['133633136'], 'P496': ['0000-0003-3447-4397']}"
Q117100642,Jack Gordon,English footballer (1911–?),['Q5'],[],[],['+1911-01-01T00:00:00Z'],['Q937857'],"{'P3537': ['367792'], 'P2671': ['/g/11tt88ld4m']}"
Q75479444,Jack Gordon,Peerage person ID=167271,['Q5'],[],[],['+1897-00-00T00:00:00Z'],[],"{'P4638': ['p16728.htm#i167271'], 'P2949': ['Gordon-8419']}"
Q54827679,Jack Gordon,English actor,['Q5'],['Q145'],['Q23143'],['+1985-06-27T00:00:00Z'],['Q33999'],"{'P345': ['nm2807846'], 'P646': ['/m/0d9dp6v'], 'P4985': ['97505'], 'P10302': ['dzhek-gordon'], 'P12098': ['768833'], 'P9662': ['260294'], 'P2605': ['120266'], 'P14419': ['35420'], 'P373': ['Jack Gordon'], 'P14750': ['5BEF-3C29-B04E-1551-0E58']}"
Q10465653,John Gordon,Scottish footballer (1899-1964),['Q5'],"['Q145', 'Q174193']",['Q1011387'],['+1899-04-11T00:00:00Z'],['Q937857'],"{'P646': ['/m/05q3wsw'], 'P3368': ['2218946']}"
Q6112747,Jack Gordon,Scottish footballer (1863-?),['Q5'],"['Q145', 'Q174193']",['Q1786145'],"['+1863-01-01T00:00:00Z', '+1861-04-28T00:00:00Z']","['Q937857', 'Q628099']","{'P646': ['/m/047dz3m'], 'P18': ['Preston north end art (Gordon).jpg']}"
Q313931,Albert Ellis,American psychologist (1913–2007),['Q5'],['Q30'],['Q1342'],['+1913-09-27T00:00:00Z'],"['Q16746890', 'Q212980', 'Q14565186', 'Q21507004', 'Q15980158']","{'P244': ['n79043405'], 'P214': ['108476297', '14854544'], 'P227': ['119117665'], 'P646': ['/m/01k9pb'], 'P856': ['http://www.albertellis.info/'], 'P349': ['00438824'], 'P1006': ['069080240'], 'P213': ['0000000114797688'], 'P269': ['032966741'], 'P268': ['12388841b'], 'P409': ['35062273'], 'P1207': ['n98048010'], 'P906': ['293456'], 'P691': ['xx0001272'], 'P950': ['XX929034'], 'P1015': ['90093892'], 'P1263': ['447/000159967'], 'P648': ['OL19864A'], 'P2163': ['1439826'], 'P1417': ['biography/Albert-Ellis'], 'P3430': ['w67d37wt'], 'P3417': ['Albert-Ellis-1'], 'P1695': ['a0000001039624'], 'P1368': ['000038690'], 'P1280': ['12126051'], 'P3219': ['albert-ellis'], 'P5375': ['18524'], 'P3630': ['160492'], 'P1580': ['a1344567'], 'P5587': ['b8nrvqwv1rvfrvz'], 'P5739': ['108018'], 'P2381': ['54695'], 'P5034': ['KAC199608054'], 'P2600': ['6000000026325934192'], 'P535': ['20706656'], 'P1309': ['vtls001859002'], 'P8849': ['19916389'], 'P7293': ['9810678620305606'], 'P2949': ['Ellis-21472'], 'P8902': ['people/63110'], 'P3348': ['179889'], 'P9322': ['p0054550-Ellis-Albert-19132007'], 'P3987': ['457254'], 'P1315': ['815572'], 'P1005': ['190392'], 'P3280': ['0000019770'], 'P4619': ['000192599'], 'P8179': ['ncf10075980'], 'P6394': ['a11976196', 'a11976202'], 'P8189': ['987007583114905171'], 'P7699': ['LNB:MqK;=Bf'], 'P271': ['DA00700206'], 'P1375': ['000272118'], 'P3065': ['A003214760'], 'P9984': ['981058511521406706'], 'P9247': ['175041'], 'P3368': ['1696383'], 'P10553': ['07991165X'], 'P7502': ['Albert_Ellis-8E4AD'], 'P11249': ['14115631'], 'P11496': ['1140000791674402816'], 'P11686': ['981058511521406706'], 'P11180': ['35286'], 'P12458': ['253281'], 'P10832': ['E39PBJwhtbGKjmWRJxgTRj97HC'], 'P2963': ['12929'], 'P13049': ['119117665'], 'P10387': ['12512'], 'P396': ['RAVV022334'], 'P13591': ['person/20d9a142-eeb8-4fde-961a-3f5f9ba471b1'], 'P18': ['Photo of Albert Ellis on dust jacket.jpg'], 'P373': ['Albert Ellis (psychologist)'], 'P13906': ['14273'], 'P13951': ['283252'], 'P10400': ['5839'], 'P14177': ['xx0001272'], 'P14225': ['981005782423909366'], 'P13204': ['e6e54vmy']}"
Q15970047,Albert Ellissen,French private banker and engineer,['Q5'],['Q142'],['Q1794'],['+1838-08-30T00:00:00Z'],"['Q806798', 'Q81096']","{'P2671': ['/g/1z3t2tg47'], 'P2600': ['6000000012628266558'], 'P640': ['LH//895/6'], 'P11152': ['133212']}"
Q4710143,Albert Ellis,English footballer (1889-1961),['Q5'],"['Q145', 'Q174193']",['Q18125'],['+1889-01-01T00:00:00Z'],['Q937857'],"{'P646': ['/m/0bmc0b0'], 'P3368': ['2555940']}"
Q4710144,Albert Ellis,Wikimedia disambiguation page,['Q22808320'],[],[],[],[],{}
Q106918213,Albert Ellis Allin,"physician, naturalist and writer (1906–1966)",['Q5'],[],[],['+1906-01-01T00:00:00Z'],"['Q39631', 'Q18805', 'Q36180']",{'P2671': ['/g/11nmpschlp']}
Q1332333,Elliott Jaques,Canadian psychoanalyst and organizational psychologist (1917-2003),['Q5'],"['Q16', 'Q30']",['Q172'],['+1917-01-18T00:00:00Z'],"['Q212980', 'Q39631', 'Q1622272', 'Q2306091', 'Q3410028']","{'P214': ['17314586'], 'P213': ['0000000114388243'], 'P244': ['n50037816'], 'P227': ['171267575'], 'P646': ['/m/0chnnl'], 'P1006': ['067632513'], 'P2163': ['12895'], 'P1417': ['biography/Elliott-Jaques'], 'P3430': ['w6h270rp'], 'P3417': ['Elliott-Jacques'], 'P3987': ['146097'], 'P269': ['033480141'], 'P268': ['124342081'], 'P691': ['vse2013758832'], 'P1580': ['a1061098'], 'P1207': ['n99002610'], 'P8849': ['20487269'], 'P3368': ['1684948'], 'P8189': ['987007263223405171'], 'P11249': ['13998092'], 'P2949': ['Jaques-1044'], 'P11182': ['29605'], 'P9871': ['2852'], 'P12582': ['20110803100017871'], 'P12458': ['333012'], 'P10832': ['E39PBJkHmWQyWBBWQtCV6Ry8G3'], 'P13591': ['person/c317b45c-0b59-4006-a042-26e408f5d984'], 'P13951': ['65636'], 'P13204': ['ws524epz']}"
Q1076951,Chris Argyris,American business theorist (1923-2013),['Q5'],['Q30'],['Q25395'],['+1923-07-16T00:00:00Z'],"['Q188094', 'Q212980', 'Q1622272', 'Q131524']","{'P214': ['109013710'], 'P213': ['0000000108598359'], 'P244': ['n80050827'], 'P227': ['120944200'], 'P269': ['028796837'], 'P268': ['120558586'], 'P646': ['/m/020vmb'], 'P349': ['00431683'], 'P1006': ['068333005'], 'P1315': ['787780'], 'P2163': ['54020'], 'P3430': ['w69b1170'], 'P3987': ['106833'], 'P4293': ['pe/046327'], 'P1280': ['18909283'], 'P691': ['jn20000600372'], 'P5034': ['KAC200901770'], 'P648': ['OL833791A'], 'P1207': ['n95019296'], 'P7293': ['9810684683405606'], 'P9984': ['981058514444406706'], 'P3368': ['796607'], 'P8189': ['987007272451105171'], 'P373': ['Chris Argyris'], 'P11249': ['14589186'], 'P271': ['DA01459798'], 'P3280': ['0000092189'], 'P1015': ['90099240'], 'P4619': ['000602151'], 'P8179': ['ncf10449246'], 'P3846': ['87097969232337'], 'P7699': ['LNB:/Pw;=Bo'], 'P1368': ['000306090'], 'P409': ['35007949'], 'P1375': ['000194706'], 'P5587': ['w5kkxfqgtvgf085p'], 'P11686': ['981058514444406706'], 'P11496': ['1140282266674171008'], 'P11182': ['87733'], 'P396': ['SBLV179731'], 'P2671': ['/g/11fp1mkyd9'], 'P12458': ['25411'], 'P12582': ['20110803095423422'], 'P10832': ['E39PBJptW9cddfcJyMXK4778md'], 'P12836': ['30074461'], 'P13049': ['120944200'], 'P13019': ['133410'], 'P13591': ['person/56d1cfec-d64b-4bc6-abfe-b2f80e2db6ef'], 'P6394': ['a1199440x'], 'P3065': ['A002937738'], 'P13951': ['283700', '64334', '64341'], 'P14225': ['981005758642609366'], 'P13204': ['shghbrvp']}"
Q123012334,"Chris Argyris, Integrating the Individual and the Organization, Wiley, London, 1964, 330 sider.",scientific article published in January 1966,['Q13442814'],[],[],[],[],"{'P2093': ['- Redaktionen'], 'P856': ['https://tidsskrift.dk/ledelseogerhvervsoekonomi/article/view/34305'], 'P953': ['https://tidsskrift.dk/ledelseogerhvervsoekonomi/article/download/34305/34060']}"
Q108536093,"Chris Argyris, Intervention Theory and Method, a Behavioral Science View, Addison-Wesley, London, 1970, 374 s.",scientific article published on 01 January 1972,['Q13442814'],[],[],[],[],"{'P2093': ['Erik Johnsen'], 'P856': ['https://tidsskrift.dk/ledelseogerhvervsoekonomi/article/view/34751'], 'P953': ['https://tidsskrift.dk/ledelseogerhvervsoekonomi/article/download/34751/34952']}"
Q99370568,Joseph Olmstead,deacon (1674 - certain 25 Feb 1762),['Q5'],[],[],['+1674-00-00T00:00:00Z'],['Q161944'],"{'P2600': ['349774447600011702'], 'P2949': ['Olmstead-726']}"
Q99370576,Joseph Olmstead,deacon (1654-1726),['Q5'],[],[],['+1654-00-00T00:00:00Z'],['Q161944'],"{'P2600': ['349028137270010414'], 'P2949': ['Olmstead-92']}"
Q84238,Peter Drucker,American business consultant (1909–2005),['Q5'],"['Q30', 'Q40']",['Q1741'],['+1909-11-19T00:00:00Z'],"['Q1086863', 'Q188094', 'Q36180', 'Q1622272', 'Q1930187', 'Q40348', 'Q1281618', 'Q43845', 'Q4964182', 'Q832136']","{'P214': ['2469565'], 'P213': ['000000012117813X'], 'P434': ['b4628bed-da23-4250-8910-4a4fbe41fd48'], 'P244': ['n79149070'], 'P227': ['118527568'], 'P349': ['00438259'], 'P691': ['jn19990001878'], 'P18': ['Drucker5789.jpg'], 'P646': ['/m/01jtkv'], 'P268': ['11900666f'], 'P1006': ['068329342'], 'P866': ['peter-f-drucker'], 'P373': ['Peter Drucker'], 'P2190': ['peterdrucker'], 'P1315': ['810927'], 'P648': ['OL4345625A'], 'P2163': ['1427486'], 'P950': ['XX1721224'], 'P906': ['184074'], 'P2600': ['6000000002765094329'], 'P1263': ['446/000027365'], 'P3430': ['w6fn1x56'], 'P3417': ['Peter-Drucker-author', 'Peter-Drucker-4'], 'P1417': ['biography/Peter-F-Drucker'], 'P4293': ['pe/004264'], 'P3219': ['peter-ferdinand-drucker'], 'P3630': ['188305'], 'P3029': ['F56484'], 'P1280': ['9283939'], 'P2924': ['2630776'], 'P3987': ['125730'], 'P269': ['026837994'], 'P5731': ['74007'], 'P5587': ['86lnnl9s43mh7mv'], 'P1580': ['a1310211'], 'P5739': ['23990'], 'P5034': ['KAC199607459'], 'P7842': ['47332'], 'P7902': ['118527568'], 'P1213': ['000343534'], 'P270': ['n2004354797'], 'P7865': ['95a5yja38danygu695b5yc1h68uk6cg'], 'P1207': ['n94005271'], 'P271': ['DA00477819'], 'P7982': ['16295'], 'P3388': ['88521'], 'P2889': ['LYLR-V4V'], 'P2963': ['12008'], 'P8849': ['10110053'], 'P8851': ['2308711'], 'P8848': ['1144678'], 'P1005': ['101496'], 'P7293': ['9810624492405606'], 'P1695': ['a0000001178685'], 'P9097': ['12415906'], 'P9251': ['21602'], 'P8902': ['people/76158'], 'P3348': ['132423'], 'P3553': ['19589276'], 'P535': ['12316409'], 'P9984': ['981058511654306706'], 'P8189': ['987007260396605171'], 'P3368': ['623758'], 'P10553': ['060180110'], 'P5617': ['peter-drucker-2487'], 'P10660': ['38663'], 'P396': ['CFIV012532'], 'P10886': ['Drucker,_Peter_Ferdinand'], 'P4666': ['132026'], 'P8168': ['Q228605'], 'P7502': ['Peter_Drucker-RW3W9'], 'P11249': ['14352999'], 'P11496': ['1140000791768179328'], 'P11686': ['981058511654306706'], 'P7305': ['3894392'], 'P11158': ['3085'], 'P11182': ['64460'], 'P10565': ['141959'], 'P11193': ['5c18dd4a56972ccb3eb6709a'], 'P11514': ['draker-piter-83ddcf'], 'P9802': ['2189561'], 'P12458': ['212947'], 'P12582': ['20110803095731907'], 'P10832': ['E39PBJrRfFGBtC6vYmctR3Krv3'], 'P10069': ['129281'], 'P1368': ['000022015'], 'P13049': ['118527568'], 'P13022': ['31711'], 'P13166': ['11496'], 'P9964': ['118527568'], 'P3280': ['0000046510'], 'P1015': ['90087290'], 'P4619': ['000587881'], 'P8179': ['ncf12073600'], 'P3846': ['87097968261732'], 'P1309': ['vtls000893865'], 'P6394': ['a1209643x'], 'P7699': ['LNB:V*53950;=BI'], 'P7026': ['45738'], 'P10227': ['vtls001239546'], 'P409': ['35046007'], 'P7029': ['7759520', '7759521'], 'P1375': ['000011177'], 'P9171': ['150913'], 'P3065': ['A003192012'], 'P10387': ['35352'], 'P6640': ['281243'], 'P8445': ['204999'], 'P13591': ['person/3807c7ee-53ba-4953-9473-1f5c57ee8f90'], 'P7184': ['01jtkv'], 'P345': ['nm1538914'], 'P13951': ['256243', '264206', '64698'], 'P7666': ['peter-ferdinand-drucker'], 'P10400': ['26932'], 'P14177': ['jn19990001878'], 'P14178': ['jn19990001878'], 'P14225': ['981005674305309366'], 'P13204': ['jzeu4c4g'], 'P9322': ['p0038447-Drucker-Peter-Ferdinand-19092005'], 'P14541': ['27JqdM'], 'P13772': ['peter-ferdinand-drucker'], 'P14750': ['6D9D-403F-27D7-5213-265F']}"
Q7173902,Peter F. Drucker and Masatoshi Ito Graduate School of Management,"Business school in California, U.S.",['Q1143635'],[],[],[],[],"{'P3417': ['Peter-F-Drucker-and-Masatoshi-Ito-Graduate-School-of-Management'], 'P856': ['https://www.cgu.edu/school/drucker-school-of-management'], 'P646': ['/m/02_92sr']}"
Q77682997,Peter F. Drucker: the dynamics of health care administration,scientific article published on 01 February 1978,['Q13442814'],[],[],[],[],"{'P2093': ['Drucker PF'], 'P304': ['15-22, 36-9'], 'P433': ['1'], 'P478': ['11'], 'P698': ['10306682']}"
Q108536120,"Peter F. Drucker, ed., Preparing Tomorrows Businessleaders Today, Prentice/Hall, London, 1969, 100 sh, 290 s.",,['Q13442814'],[],[],[],[],"{'P2093': ['- Redaktionen'], 'P856': ['https://tidsskrift.dk/ledelseogerhvervsoekonomi/article/view/34770'], 'P953': ['https://tidsskrift.dk/ledelseogerhvervsoekonomi/article/download/34770/34990']}"
Q52411096,Peter F. Drucker and Karl D. Bays discuss the toughest job--running a hospital. Part 2.,scientific article published in January 1982,['Q13442814'],[],[],[],[],"{'P304': ['2-5'], 'P2093': ['Drucker PF', 'Bays KD'], 'P698': ['10256524']}"
Q112398200,Joseph A. Maciariello,,['Q5'],[],[],['+1941-00-00T00:00:00Z'],['Q121594'],"{'P691': ['xx0042341'], 'P214': ['24705672'], 'P213': ['0000000117512916'], 'P1207': ['n2002071605'], 'P7293': ['9810613450105606'], 'P8189': ['987007429887805171'], 'P244': ['n83204993'], 'P268': ['124960891'], 'P269': ['034176136'], 'P3987': ['569781'], 'P5034': ['KAC200911123'], 'P11182': ['32464'], 'P13591': ['person/542be8ed-6946-414e-aa75-d63144764086'], 'P13906': ['222094'], 'P13951': ['68291'], 'P9322': ['0232044-Maciariello-Joseph-A-1941']}"
Q114575424,Jim Collins,"American businessperson and board member, former CEO of Corteva",['Q5'],[],[],[],[],{'P6634': ['jim-collins-85aa981a']}
Q110263723,Jim Collins,Australian rugby league footballer (1923– 1996),['Q5'],['Q408'],[],['+1923-06-27T00:00:00Z'],['Q14373094'],"{'P2671': ['/g/11rkf7wsgx'], 'P4464': ['jim-collins']}"
Q6131576,James J. Collins,American professor of biomedical engineering,['Q5'],['Q30'],['Q60'],['+1965-06-26T00:00:00Z'],"['Q169470', 'Q1622272']","{'P18': ['Jimcollins.jpg'], 'P1960': ['te5DjPQAAAAJ'], 'P646': ['/m/02qkh87'], 'P2381': ['66662'], 'P1556': ['collins.james-j'], 'P9541': ['704', 'class-of-2003/james-j-collins'], 'P496': ['0000-0002-5560-8246'], 'P373': ['James Collins (bioengineer)'], 'P856': ['https://www.collinslab.mit.edu/'], 'P6178': ['0633456602.93'], 'P1153': ['35478063700'], 'P13408': ['42059'], 'P2456': ['96/3733'], 'P214': ['96765704'], 'P244': ['n2009183050'], 'P4955': ['329050'], 'P5380': ['20023695']}"
Q1680733,James M. Collins,American politician (1916-1989),['Q5'],['Q30'],['Q969359'],['+1916-04-29T00:00:00Z'],['Q82955'],"{'P18': ['James M. Collins.jpg'], 'P1157': ['C000638'], 'P646': ['/m/0c2rb9'], 'P1263': ['482/000166981'], 'P535': ['7359317'], 'P3368': ['509892', '2190069'], 'P2190': ['1001647'], 'P10660': ['1001647'], 'P2600': ['6000000032310276871'], 'P11500': ['11251'], 'P8445': ['6233'], 'P14101': ['127492'], 'P227': ['1348057726'], 'P214': ['6202157470207822640002'], 'P213': ['0000000500882370'], 'P244': ['no2019171192'], 'P2949': ['Collins-50805']}"
Q1134293,James C. Collins,American business consultant and writer,['Q5'],['Q30'],['Q192517'],['+1958-01-25T00:00:00Z'],"['Q36180', 'Q1930187', 'Q43845', 'Q16849727']","{'P434': ['9ae2448c-55a9-4fd1-b0ad-7de7ee888721'], 'P214': ['113142467'], 'P227': ['124518494'], 'P646': ['/m/0c7t47'], 'P244': ['n91123848'], 'P856': ['http://www.jimcollins.com/'], 'P1006': ['141266481'], 'P866': ['jim-collins'], 'P906': ['340416'], 'P1207': ['n98000569'], 'P349': ['00512606'], 'P1005': ['476923'], 'P691': ['vse2007395948'], 'P2163': ['296530'], 'P950': ['XX5053851'], 'P18': ['Jim Collins.jpg'], 'P3430': ['w6669nfv'], 'P3762': ['175900'], 'P3987': ['53504'], 'P213': ['0000000109369945'], 'P269': ['034855106'], 'P3478': ['142993'], 'P5587': ['nl038sf607nd0j3'], 'P268': ['125563656'], 'P1580': ['a1146160'], 'P5034': ['KAC200206867'], 'P1309': ['vtls002544523'], 'P2963': ['2826'], 'P7293': ['9810687525905606'], 'P1280': ['46189411'], 'P9984': ['981058512088206706'], 'P8189': ['987007311346805171'], 'P373': ['James C. Collins'], 'P11249': ['13940137'], 'P11686': ['981058512088206706'], 'P11182': ['91350'], 'P271': ['DA07389720'], 'P11496': ['1140845216645863552'], 'P10832': ['E39PBJyxpJT3TbGPdXPtFHjgrq'], 'P1368': ['000043423'], 'P13049': ['124518494'], 'P10387': ['19348'], 'P8980': ['000226472'], 'P13591': ['person/ff8fade6-457a-4cf1-b941-25e6ca063781'], 'P13906': ['104666'], 'P6023': ['25856643'], 'P13951': ['66825'], 'P3368': ['2185123', '654471'], 'P9322': ['0263109-Collins-James-C-1958']}"
Q130640309,M. Scott Norton,,['Q5'],[],[],['+1930-01-01T00:00:00Z'],['Q1622272'],"{'P691': ['xx0324165'], 'P213': ['0000000042968694'], 'P214': ['18888975'], 'P13591': ['person/60c01b5a-74c0-4f78-b891-b23d174d7e9e'], 'P12458': ['298850'], 'P227': ['1164085220']}"
Q1906048,Marvin Bower,American business theorist (1903–2003),['Q5'],['Q30'],['Q43196'],['+1903-08-01T00:00:00Z'],"['Q15978655', 'Q2462658', 'Q40348', 'Q185351']","{'P214': ['79303113'], 'P213': ['0000000081595085'], 'P227': ['107811871'], 'P646': ['/m/058_n8'], 'P18': ['Marvin Bower.jpg'], 'P2163': ['394627'], 'P244': ['n97071562'], 'P349': ['00434047'], 'P1015': ['98066207'], 'P1006': ['099942003'], 'P269': ['092046061'], 'P1280': ['204614243'], 'P691': ['vse2011662014'], 'P7293': ['9810689553005606'], 'P3368': ['406785'], 'P8189': ['987007452867605171'], 'P11182': ['83930'], 'P3280': ['0000099762'], 'P4619': ['000601305'], 'P8179': ['ncf10805758'], 'P7699': ['LNB:BDYK;=BG'], 'P10227': ['vtls001351352'], 'P271': ['DA1081984X'], 'P1207': ['n2021162020'], 'P3065': ['A003034464'], 'P648': ['OL542945A'], 'P11496': ['1140000791853135872'], 'P12354': ['marvin_bower'], 'P10832': ['E39PBJtMtbqDgbVV8dTFBrfpfq'], 'P13049': ['107811871'], 'P13591': ['person/06322139-a532-4cb5-a118-52db68b610f5'], 'P7902': ['107811871'], 'P14178': ['vse2011662014']}"
Q100756891,Marvin Bowerman,college basketball player (1951–1951) San Francisco,['Q5'],[],[],[],['Q3665646'],{'P3696': ['marvin-bowerman-1']}
Q2687017,Nathan Axelrod,"Israeli cinematographer, screenwriter, director (1905–1987)",['Q5'],"['Q801', 'Q15180']",['Q954505'],['+1905-04-07T00:00:00Z'],"['Q222344', 'Q2526255', 'Q3282637', 'Q28389', 'Q1208175', 'Q3455803']","{'P18': ['Natanaxelrod.jpg'], 'P214': ['25412604'], 'P345': ['nm0043495'], 'P2604': ['867423'], 'P3142': ['n0012407'], 'P227': ['119441039'], 'P244': ['n92101883'], 'P213': ['0000000066759344'], 'P3445': ['2826'], 'P268': ['133346470'], 'P2671': ['/g/121x710_'], 'P949': ['000271660'], 'P8189': ['987007307129805171'], 'P373': ['Nathan Axelrod'], 'P4985': ['1436651'], 'P1438': ['10125'], 'P3997': ['987007307129805171'], 'P12098': ['977708'], 'P12688': ['nathan-axelrod'], 'P10832': ['E39PBJfMjfjYQjpJT3CdhH4wmd'], 'P13591': ['person/c6fd3733-50c2-4216-9d46-6468584e205f'], 'P7902': ['119441039'], 'P14750': ['AE96-2242-B520-C150-A0FD']}"
Q113641909,Nathan Axelrod Speaking on the Introduction of Sound,newsreel,['Q24862'],[],[],[],[],"{'P953': ['https://jfc.org.il/news_journal/27416-2/92494-2/'], 'P1325': ['https://catalogue.jfc.org.il/catalogue/item/92494'], 'P217': ['0']}"
Q23722834,Abraham Holtzman,American political scientist,['Q5'],['Q30'],['Q12439'],['+1921-11-03T00:00:00Z'],"['Q1238570', 'Q1622272']","{'P214': ['163053395'], 'P244': ['n79119094'], 'P3987': ['124104'], 'P213': ['0000000117121755'], 'P1006': ['150790503'], 'P1207': ['n2003086131'], 'P8189': ['987007275423405171'], 'P269': ['077788761'], 'P3368': ['1704057'], 'P10832': ['E39PBJpDMQvqkVD7kFJxfJH6Kd'], 'P13591': ['person/a61b1580-aa13-4b4f-b7d3-c45aac847b1a']}"
Q112464590,James Frederick Bender,,['Q5'],[],['Q34739'],['+1905-00-00T00:00:00Z'],['Q212980'],"{'P691': ['vse2013761818'], 'P214': ['79456520'], 'P1207': ['n2014171774'], 'P3368': ['1696011'], 'P213': ['0000000119306083'], 'P244': ['n83314240'], 'P269': ['104632658'], 'P8189': ['987007370950805171'], 'P7293': ['9810681000505606'], 'P906': ['344617'], 'P227': ['121791548'], 'P11182': ['82641'], 'P5587': ['pm149z475jcmd28'], 'P13591': ['person/b05645e3-6e9b-4c60-a268-9a5b7be9695c'], 'P13049': ['121791548'], 'P13204': ['qcqa5ahn']}"
Q106190522,"Campbell, Colin","entry in Alumni Oxonienses: the Members of the University of Oxford, 1715-1886",['Q19389637'],[],[],[],[],"{'P304': ['213'], 'P478': ['1']}"
Q24015112,"Campbell, Colin (a) (NBD)",entry in the Naval Biographical Dictionary,['Q19389637'],[],[],[],[],{'P996': ['A Naval Biographical Dictionary.djvu']}
Q24015122,"Campbell, Colin Yorke (NBD)",entry in the Naval Biographical Dictionary,['Q19389637'],[],[],[],[],{'P996': ['A Naval Biographical Dictionary.djvu']}
Q19021146,"Campbell, Colin (d.1729) (DNB00)",entry in Dictionary of National Biography,['Q19389637'],[],[],[],[],{}
Q19021136,"Campbell, Colin (d.1584) (DNB00)",entry in Dictionary of National Biography,['Q19389637'],[],[],[],[],{}
Q139433622,,,['Q5'],[],[],[],['Q1622272'],{'P691': ['jo2015859845']}
Q112385927,Richard Heimovics,,['Q5'],[],[],['+1941-00-00T00:00:00Z'],['Q188094'],"{'P691': ['mzk2004237496'], 'P214': ['94882519'], 'P227': ['1089157126'], 'P8189': ['987007445901005171'], 'P213': ['0000000082830745'], 'P13591': ['person/0b1d0ddb-f308-4c27-ad27-0c4354831954'], 'P13951': ['353522']}"
Q112551609,Ludger Helms,,['Q5'],[],[],['+1967-00-00T00:00:00Z'],"['Q1238570', 'Q1622272']","{'P691': ['mub20201095230'], 'P214': ['71612127'], 'P213': ['0000000109144447'], 'P1207': ['n2007111704'], 'P8189': ['987007432865605171'], 'P244': ['n99031604'], 'P269': ['087986868'], 'P227': ['124248853'], 'P11249': ['14625195'], 'P268': ['144372697'], 'P11182': ['43314'], 'P13049': ['124248853'], 'P13591': ['person/db376c5a-64a1-40e8-92f7-456bf7ef51b8'], 'P7902': ['124248853'], 'P14437': ['ludger-helms'], 'P496': ['0000-0002-8634-9267'], 'P10553': ['085736023']}"
Q16221621,Stephen Zaccaro,American psychologist,['Q5'],['Q30'],[],['+1955-01-01T00:00:00Z'],['Q212980'],"{'P244': ['n85372574'], 'P213': ['0000000117433011'], 'P214': ['12488638'], 'P268': ['13771491q'], 'P2381': ['443246'], 'P1960': ['EtEt5w0AAAAJ'], 'P1006': ['073300969'], 'P1207': ['n2008048451'], 'P646': ['/m/0zmz2bz'], 'P8189': ['987007528152605171'], 'P269': ['167506110'], 'P12458': ['730715'], 'P10832': ['E39PBJd8cxTFDCRGwTxvk6CG73'], 'P13591': ['person/3e3143c6-dcb0-4798-b140-39b43f2d8101'], 'P691': ['jo2014836871']}"
Q7100953,Ordway Tead,American academic,['Q5'],['Q30'],[],['+1891-09-10T00:00:00Z'],['Q48072011'],"{'P214': ['12675034'], 'P1006': ['074950827'], 'P2163': ['43023'], 'P648': ['OL1756685A'], 'P949': ['000423223'], 'P244': ['n79109206'], 'P3430': ['w6wq04s3'], 'P3029': ['F52493'], 'P1280': ['88844899'], 'P3987': ['109462'], 'P213': ['0000000083578406'], 'P269': ['081915675'], 'P691': ['mub2015874805'], 'P1207': ['n2011242301'], 'P646': ['/m/0jkyzj1'], 'P7293': ['9810556457305606'], 'P8189': ['987007274967205171'], 'P3368': ['1085928'], 'P12582': ['20110803102756750'], 'P10832': ['E39PBJhhxjt6PX4tQhm7XfqxXd'], 'P1368': ['000128500'], 'P13591': ['person/55702af2-55f2-4e54-a33b-0204a916f63f'], 'P13951': ['289428', '67701'], 'P13204': ['fu2bdw7h']}"
Q87846390,John Richard Apps,researcher,['Q5'],[],[],[],['Q1650915'],{'P496': ['0000-0001-7902-482X']}
Q5592972,Graham Kelly,English football administrator,['Q5'],['Q145'],[],['+1945-12-23T00:00:00Z'],['Q111398859'],"{'P646': ['/m/09tv0r'], 'P345': ['nm1653338'], 'P4985': ['4233678'], 'P3368': ['2318845'], 'P10166': ['graham-kelly']}"
Q5592971,Graham Kelly,New Zealand politician,['Q5'],['Q664'],[],['+1941-05-09T00:00:00Z'],"['Q82955', 'Q193391']","{'P646': ['/m/043sfm'], 'P6683': ['168235'], 'P18': ['Graham Kelly (cropped).jpg'], 'P10632': ['Q5592971'], 'P244': ['no2024104249'], 'P214': ['471172761494708870005']}"
Q30122221,Graham Kelly,footballer,['Q5'],[],['Q1761'],['+1997-10-16T00:00:00Z'],['Q937857'],"{'P2369': ['429187'], 'P2671': ['/g/11dxpfrg9m'], 'P2446': ['349712'], 'P5750': ['c67fcf2e'], 'P3537': ['284030'], 'P8912': ['graham-kelly-2'], 'P12302': ['827361'], 'P12577': ['392588']}"
Q44741847,Graham Kelly,association football player,['Q5'],[],['Q1761'],['+1991-10-31T00:00:00Z'],['Q937857'],"{'P2369': ['137380'], 'P646': ['/m/0cm9_2k'], 'P3537': ['225555', '353955']}"
Q92778478,Graham Kelly,Wikimedia disambiguation page,['Q4167410'],[],[],[],[],{}
Q133408510,,,['Q5'],[],[],[],[],"{'P227': ['107100042X'], 'P13049': ['107100042X'], 'P214': ['14182303']}"
Q17385849,Donna Terry Weiss,American singer-songwriter,['Q5'],['Q30'],[],[],['Q488205'],"{'P345': ['nm0918966'], 'P1953': ['524726'], 'P646': ['/m/03hzwl8'], 'P434': ['53932dc8-6268-4cbc-aabc-614ad1d24a92'], 'P7745': ['8359'], 'P12098': ['441648'], 'P2605': ['214176']}"
Q111680926,Kenneth O. Gangel,,['Q5'],[],[],['+1935-01-01T00:00:00Z'],['Q1234713'],"{'P5034': ['KAC200000425'], 'P214': ['55388450'], 'P227': ['1046878360'], 'P244': ['n50015422'], 'P691': ['mzk2014835322'], 'P1015': ['90681985'], 'P10553': ['777356449'], 'P2163': ['4789'], 'P12458': ['569746'], 'P213': ['000000008236203X'], 'P10387': ['75971'], 'P13591': ['person/137c0a82-e3eb-452e-ae45-bf89be2eabfb'], 'P9322': ['p0066880-Gangel-Kenneth-O-19352009']}"
Q130122230,Kenneth O. Gangel: A True Educational Leader,scholarly article published in May 2004,['Q13442814'],[],[],[],[],"{'P478': ['1'], 'P973': ['http://journals.sagepub.com/doi/10.1177/073989130400100205'], 'P356': ['10.1177/073989130400100205'], 'P433': ['2'], 'P304': ['45-53'], 'P2093': ['Michael S. Lawson', 'Carisa A. Ash']}"
Q124544159,Christine Johnson McPhail,American academic administrator,['Q5'],['Q30'],[],[],"['Q21281706', 'Q4376769']","{'P2671': ['/g/1hcq1hz5t'], 'P6634': ['christine-mcphail-7713b6a4'], 'P1153': ['25926519800'], 'P214': ['58506512'], 'P213': ['0000000036339322'], 'P5034': ['KAC202318865'], 'P244': ['n2006051786'], 'P269': ['201777231'], 'P13591': ['person/1a123aef-0fa6-405d-83a0-2768fcd8b3c6']}"
Q117222114,Eloy Ortiz Oakley,"Chancellor, California Community Colleges",['Q5'],[],[],[],[],"{'P6424': ['California Community Colleges'], 'P6634': ['eloy-oakley-6a1b6a47']}"
Q3035873,Don Page,Canadian physicist,['Q5'],['Q16'],['Q80022'],['+1948-12-31T00:00:00Z'],['Q169470'],"{'P18': ['Professor Don Page.jpg'], 'P2381': ['67212'], 'P496': ['0000-0003-2135-8426'], 'P6594': ['don-n-page'], 'P4215': ['Don Page'], 'P646': ['/m/09g65p2'], 'P6178': ['016316764733.87'], 'P1153': ['7401724468'], 'P1556': ['page.don-nelson'], 'P549': ['105658'], 'P4955': ['135215'], 'P2930': ['D.N.Page.1'], 'P8880': ['5563'], 'P10861': ['016316764733.87'], 'P434': ['4c7d0bd6-3c9c-4967-8fe5-a02a679d1da9'], 'P9467': ['5633'], 'P14528': ['24875']}"
Q117120694,Don Page,,['Q5'],[],[],[],[],{'P2174': ['62216']}
Q126208951,Don Page,lacrosse official,['Q5'],[],[],[],['Q125045641'],{}
Q5293273,Don Page,New South Wales politician,['Q5'],['Q408'],['Q3224'],['+1951-05-25T00:00:00Z'],['Q82955'],"{'P214': ['171533091'], 'P646': ['/m/0c1w8q'], 'P10012': ['2133'], 'P10632': ['Q5293273']}"
Q5293270,Don Page,Wikimedia disambiguation page,['Q22808320'],[],[],[],[],{}
Q7174587,Peter Hawkins,British actor (1924–2006),['Q5'],['Q145'],['Q84'],"['+1924-04-03T00:00:00Z', '+1924-00-00T00:00:00Z']","['Q2405480', 'Q10798782', 'Q10732476', 'Q33999']","{'P214': ['31514537', '96879717'], 'P345': ['nm0370199'], 'P2019': ['p190493'], 'P2605': ['23279'], 'P2604': ['425043'], 'P2435': ['136052'], 'P3417': ['Peter-Hawkins-21'], 'P691': ['mzk2004236918'], 'P244': ['no2009130587'], 'P535': ['16809119'], 'P646': ['/m/07jz8b'], 'P4985': ['1215088'], 'P5007': ['Peter-Hawkins'], 'P1953': ['4524652'], 'P8189': ['987009046256305171'], 'P10302': ['piter-houkins-1'], 'P12098': ['866745'], 'P434': ['d51a7c54-04bd-4202-9bef-e733deff2c8f'], 'P12854': ['5d7768268718ba001e311be7'], 'P13591': ['person/12aed44d-3e9a-4f24-9eb0-4679551bca82'], 'P227': ['1099996724'], 'P213': ['0000000069961142'], 'P14750': ['C306-1082-DEE3-2D59-E1A6'], 'P11449': ['100478']}"
Q7174588,Peter Hawkins,English footballer (born 1978),['Q5'],['Q145'],['Q213180'],['+1978-09-18T00:00:00Z'],['Q937857'],"{'P2193': ['14734'], 'P2446': ['15927'], 'P646': ['/m/02qwch1'], 'P3368': ['1951398'], 'P3537': ['55346'], 'P12606': ['8562'], 'P8912': ['peter-hawkins'], 'P12302': ['46548'], 'P2020': ['peter-hawkins']}"
Q64678784,Peter Hawkins,UK bank clerk and author (1924- ),['Q5'],['Q145'],[],['+1924-01-01T00:00:00Z'],['Q36180'],{'P5357': ['hawkins_peter']}
Q117034651,Peter Hawkins,,['Q5'],[],[],[],['Q82594'],"{'P2037': ['hawkinsp'], 'P856': ['https://theory.stanford.edu/~hawkinsp/'], 'P4955': ['1148996'], 'P1960': ['q1_fidgAAAAJ'], 'P2456': ['89/1170'], 'P864': ['81331494100'], 'P1153': ['8543566500'], 'P8964': ['Peter_Hawkins1']}"
Q117034847,Peter Hawkins,British psychologist (*1950),['Q5'],[],[],['+1950-00-00T00:00:00Z'],['Q212980'],"{'P691': ['mzk2004236918'], 'P214': ['31514537'], 'P268': ['16678843w'], 'P227': ['143998064'], 'P5034': ['KAC200702567'], 'P1207': ['n01099052'], 'P269': ['070174229'], 'P5361': ['HawkinsPeter1950-'], 'P9322': ['0209582-Hawkins-Peter-1950'], 'P1006': ['072049707'], 'P213': ['000000011874564X'], 'P8179': ['ncf11568846'], 'P8189': ['987007319187005171'], 'P244': ['nb2005003299'], 'P1368': ['000041983'], 'P349': ['001116903'], 'P271': ['DA00684449'], 'P3065': ['A012422837'], 'P856': ['https://www.henley.ac.uk/henleybusinessschool/about/staff/peter-hawkins.aspx'], 'P11496': ['1140845216658278144'], 'P10832': ['E39PCjvkyy8f6JyBYQ8DjgvJpd'], 'P13591': ['person/514d0998-85ab-47f7-995e-e96dcd1d0e46'], 'P14177': ['mzk2004236918'], 'P396': ['PUVV485039'], 'P496': ['0000-0002-5429-9015']}"
Q91320618,Graham Little,researcher (ORCID 0000-0002-2511-6945),['Q5'],[],[],[],['Q1650915'],{'P496': ['0000-0002-2511-6945']}
Q21465395,Graham Little,British artist (born 1972),['Q5'],['Q145'],[],['+1972-01-01T00:00:00Z'],"['Q1028181', 'Q15296811']","{'P1367': ['little-graham-b-1972'], 'P650': ['240030'], 'P214': ['6089281'], 'P2174': ['27656'], 'P4663': ['87f7f51b-53bd-de11-9a93-002264c49834'], 'P3901': ['graham-little-449672'], 'P245': ['500381165'], 'P5489': ['98349'], 'P6844': ['38586'], 'P2042': ['graham-little'], 'P227': ['132269473'], 'P10706': ['003800'], 'P13591': ['person/47298664-23bb-46ee-a6e5-77d1e03f8e45'], 'P14750': ['252E-7192-75C2-D5FA-550B']}"
Q5593029,Graham Little,British journalist and television presenter,['Q5'],['Q145'],[],['+1978-04-12T00:00:00Z'],['Q947873'],"{'P214': ['1688150172747800180001'], 'P244': ['nb2017015344'], 'P646': ['/m/0gtr61'], 'P10832': ['E39PBJdCvPYXTVCttjymJMBQMP']}"
Q5884126,Graham Little,Scottish footballer (born 1971),['Q5'],['Q145'],['Q22'],['+1971-09-27T00:00:00Z'],['Q937857'],"{'P2446': ['161499'], 'P2671': ['/g/11vj7jr_w']}"
Q135507972,,(1939–2000) political scientist,['Q5'],['Q145'],['Q10686'],['+1939-11-01T00:00:00Z'],"['Q1238570', 'Q1930187']","{'P1907': ['little-frank-graham-34668'], 'P1315': ['557441'], 'P214': ['121802792'], 'P1015': ['90234517'], 'P268': ['123480988'], 'P213': ['0000000111987611'], 'P8189': ['987007277671805171'], 'P244': ['n50053463'], 'P271': ['DA00260409'], 'P409': ['35699763'], 'P269': ['032454473'], 'P9159': ['34668'], 'P11496': ['1980304959789348104'], 'P13204': ['sa35sadq']}"
Q7519777,Simon Sinek,British/American author and motivational speaker,['Q5'],['Q145'],['Q736742'],['+1973-10-09T00:00:00Z'],"['Q15982858', 'Q36180', 'Q1622272', 'Q16849727', 'Q30131998']","{'P214': ['90422783'], 'P1006': ['339639903'], 'P227': ['1049718275'], 'P18': ['Simon Sinek speaks to I MIG Marines (2) (cropped).jpg', 'Simon Sinek speaks at Camp H.M. Smith in Hawaii (cropped).jpg'], 'P244': ['n2009034570'], 'P2611': ['simon_sinek'], 'P950': ['XX5365672'], 'P646': ['/m/02r9pqc'], 'P2397': ['UCPmfPl-BsCd3wmE8i45LAoA'], 'P856': ['https://www.startwithwhy.com/'], 'P2963': ['3158574'], 'P3417': ['Simon-Sinek'], 'P213': ['0000000062629999'], 'P2013': ['simonsinek'], 'P2003': ['simonsinek'], 'P2002': ['simonsinek'], 'P349': ['001099315'], 'P1207': ['n2013063791'], 'P269': ['168936062'], 'P268': ['16763068s'], 'P691': ['vse2013759487'], 'P5034': ['KAC201309092'], 'P7704': ['agent/base/98202'], 'P396': ['UBOV413052'], 'P7293': ['9810588768505606'], 'P3630': ['371244'], 'P1280': ['249647715'], 'P9743': ['107Zzr3FwJ'], 'P8189': ['987007458850205171'], 'P373': ['Simon Sinek'], 'P11249': ['14402199'], 'P9984': ['981058509253206706'], 'P11686': ['981058509253206706'], 'P4619': ['000675968'], 'P8179': ['ncf11931958'], 'P3846': ['87097968937132'], 'P6394': ['a11985689'], 'P7699': ['LNB:CVad;=Bu'], 'P271': ['DA19707302'], 'P7029': ['770223224'], 'P1375': ['000779690'], 'P1005': ['1732526'], 'P3065': ['A025919255'], 'P10021': ['a10002707'], 'P11496': ['1140006960832648343'], 'P10832': ['E39PBJghhxQD9bgpdb7JPRB9Dq'], 'P13049': ['1049718275'], 'P10387': ['57046'], 'P12458': ['348631'], 'P13591': ['person/47c272e0-589b-492b-97de-7207c32220a9'], 'P9802': ['244793'], 'P648': ['OL6645079A'], 'P11892': ['simonsinek'], 'P10400': ['39855'], 'P14178': ['vse2013759487'], 'P14225': ['981005734992509366'], 'P9322': ['0328268-Sinek-Simon-1973']}"
Q22990780,Simon Sinek: Why good leaders make you feel safe,TED2014,['Q23011722'],[],[],[],[],"{'P217': ['1998'], 'P2613': ['simon_sinek_why_good_leaders_make_you_feel_safe']}"
Q110188975,"Lex Fridman Podcast #82 – Simon Sinek: Leadership, Hard Work, Optimism and the Infinite Game",podcast episode of the Lex Fridman Podcast,['Q61855877'],[],[],[],[],"{'P953': ['https://content.blubrry.com/takeituneasy/lex_ai_simon_sinek.mp3'], 'P9882': ['5zqXeCiOdV7oEMiOHSqMRe'], 'P1651': ['_TTNGq9djU4'], 'P7849': ['6962944']}"
Q23465053,Simon Sinek: How great leaders inspire action,TEDxPuget Sound,['Q23058953'],[],[],[],[],"{'P2613': ['simon_sinek_how_great_leaders_inspire_action'], 'P217': ['848']}"
Q127720012,Peter Saul,modern dancer,['Q5'],[],[],[],['Q5716684'],{}
Q128250678,Peter Saul,1868-,['Q5'],[],[],[],[],{'P12890': ['14242']}
Q3376863,Peter Saul,American artist (born 1934),['Q5'],['Q30'],['Q62'],['+1934-08-16T00:00:00Z'],"['Q1028181', 'Q15296811']","{'P214': ['39649035'], 'P213': ['0000000078459840'], 'P1472': ['Peter Saul'], 'P373': ['Peter Saul'], 'P650': ['97262'], 'P1006': ['318814420'], 'P245': ['500005884'], 'P1795': ['29452'], 'P2174': ['5178'], 'P1711': ['45049'], 'P2163': ['157610'], 'P949': ['001436661'], 'P244': ['n85816177'], 'P3430': ['w65m6z3s'], 'P3361': ['BI-30446'], 'P3453': ['I-002631393-7'], 'P227': ['123802016'], 'P1015': ['14036452'], 'P269': ['050798790'], 'P268': ['13547425d'], 'P691': ['jx20120912003'], 'P6714': ['1161'], 'P5489': ['30318'], 'P6844': ['68763'], 'P2843': ['B00161307'], 'P7704': ['agent/base/11583'], 'P6295': ['36545'], 'P8406': ['T097606'], 'P4432': ['00430377'], 'P646': ['/m/02rbn48'], 'P7711': ['T513-27396'], 'P6594': ['peter-saul'], 'P8317': ['18506'], 'P5617': ['peter-saul-3159809'], 'P8189': ['987007507946605171'], 'P6645': ['813-peter-saul'], 'P3368': ['770220'], 'P10882': ['162382'], 'P3888': ['23102'], 'P11239': ['0002496316'], 'P7847': ['0210311630316'], 'P1248': ['d42ebb7a-1eee-4ddc-8ee9-cddf7dc25dd7'], 'P2252': ['46709'], 'P10832': ['E39PBJyMjd9RwXwQgRt3R96tKd'], 'P13049': ['123802016'], 'P13591': ['person/45132ed7-2167-4f3d-9b32-e48e880bbdfe'], 'P7902': ['123802016']}"
Q23662569,Peter Saul,"doctor, intensive care specialist",['Q5'],['Q408'],[],[],['Q39631'],{'P2611': ['peter_saul']}
Q133469645,,,['Q5'],[],[],['+1970-01-01T00:00:00Z'],[],"{'P227': ['1016663587'], 'P13049': ['1016663587'], 'P214': ['235307422']}"
Q87184251,Douglas Anthony Johnson,historian,['Q5'],[],[],[],[],"{'P214': ['76403936'], 'P1006': ['071435166'], 'P10832': ['E39PBJvt4xCQqmjPHFPPJFv4MP']}"
Q3849432,Mark Abraham,American astronomer,['Q5'],['Q30'],[],[],['Q11063'],{'P646': ['/m/0fjy7_']}
Q21257729,Mark Abraham,American businessperson and politician,['Q5'],['Q30'],[],['+1953-11-13T00:00:00Z'],"['Q82955', 'Q43845']","{'P2671': ['/g/122695jr'], 'P10632': ['Q21257729']}"
Q83790640,Mark J Abraham,researcher,['Q5'],[],[],[],['Q1650915'],"{'P496': ['0000-0001-6363-2521'], 'P1053': ['G-6904-2012']}"
Q109836201,Mark Abrahamson,Artist,['Q5'],['Q30'],[],['+1944-00-00T00:00:00Z'],"['Q483501', 'Q33231']","{'P214': ['4592157643236038590001'], 'P245': ['500486510'], 'P6578': ['4D7FFD1FF138B20C']}"
Q20675810,Mark Abrahams,American fashion and portrait photographer,['Q5'],['Q30'],['Q49244'],['+1958-00-00T00:00:00Z'],"['Q19698265', 'Q33231']","{'P214': ['189224390'], 'P227': ['1016745443'], 'P244': ['no2011197686'], 'P2671': ['/g/11b7_rm1vw'], 'P10832': ['E39PBJdMghfthmtHTprHjCvGpP'], 'P6764': ['A37938']}"
Q2150035,Richard L. Nolan,"American business theorist, and Emeritus Professor of Business Administration at the Harvard Business School",['Q5'],['Q30'],[],['+1940-04-28T00:00:00Z'],['Q188094'],"{'P214': ['55387232'], 'P213': ['0000000116468562'], 'P244': ['n50005328'], 'P227': ['170274179'], 'P1006': ['071041117'], 'P3987': ['145189'], 'P269': ['051621401'], 'P691': ['vse2011652563'], 'P5034': ['KAC201769472'], 'P1207': ['n01042221'], 'P646': ['/m/05wf99v'], 'P8189': ['987007463653005171'], 'P3368': ['1946943'], 'P10832': ['E39PBJgd4G8mcmWDpqK49G7CQq'], 'P13591': ['person/69bcedf8-daa5-4123-842a-c4ed9952eaff']}"
Q7144106,Pat Wellington,Australian rules footballer,['Q5'],[],[],['+1953-07-29T00:00:00Z'],['Q13414980'],"{'P3547': ['P/Pat_Wellington'], 'P3546': ['10529'], 'P646': ['/m/0c3vgj1'], 'P3368': ['2121926'], 'P535': ['20930669']}"
Q75748447,Niall James Foster,Peerage person ID=314184,['Q5'],[],[],[],[],{'P4638': ['p31419.htm#i314184']}
Q2605075,Peter Fleming,"British adventurer, journalist, soldier & travel writer (1907–1971)",['Q5'],['Q145'],['Q84'],['+1907-05-31T00:00:00Z'],"['Q36180', 'Q1930187', 'Q6625963', 'Q12356615', 'Q2873500']","{'P214': ['49235710', '97817244'], 'P213': ['0000000122796714'], 'P646': ['/m/012kk4'], 'P1006': ['069800154'], 'P227': ['118683934'], 'P244': ['n50016863'], 'P2191': ['11977'], 'P1315': ['1034470'], 'P648': ['OL28162A'], 'P1816': ['mp50049'], 'P2163': ['5313'], 'P949': ['000047418'], 'P3029': ['F257679'], 'P3430': ['w6mf3f29'], 'P4159': ['Peter_Fleming_(5)'], 'P4293': ['pe/005302'], 'P1415': ['31114'], 'P906': ['326547'], 'P1280': ['210836067'], 'P1233': ['19810'], 'P3987': ['158040'], 'P5357': ['fleming_peter'], 'P3630': ['27511'], 'P269': ['028260805'], 'P1580': ['a1089375'], 'P5587': ['c9pszzpw3wq16lh'], 'P268': ['120133157'], 'P691': ['xx0077527'], 'P2889': ['K2Q2-K9X'], 'P1284': ['00000008067'], 'P2600': ['290920146770005046'], 'P4638': ['p14583.htm#i145829'], 'P3051': ['I10073'], 'P1207': ['n98005981', 'n93080915'], 'P1005': ['62207'], 'P7293': ['9810545703205606'], 'P9984': ['981058514179806706'], 'P8189': ['987007261145005171'], 'P3368': ['3544256'], 'P535': ['22567437'], 'P1185': ['317995'], 'P11249': ['14287061'], 'P11686': ['981058514179806706'], 'P1617': ['58b0a9da-14dc-4ba7-82c0-5001702774c6'], 'P11870': ['1561'], 'P396': ['SBLV188825'], 'P2949': ['Fleming-2513'], 'P12386': ['u5668'], 'P12458': ['327583'], 'P12582': ['20110803095823367'], 'P10832': ['E39PBJjCPDyyPC6BqtvDtRFdwC'], 'P13049': ['118683934'], 'P5570': ['688426366'], 'P1015': ['9069076'], 'P4619': ['000205726'], 'P8179': ['ncf11944180'], 'P6394': ['a11801384'], 'P7699': ['LNB:BjwP;=CD'], 'P10227': ['vtls000692837'], 'P349': ['00521683'], 'P271': ['DA01467934'], 'P409': ['35668123'], 'P1375': ['000024312'], 'P7024': ['000037483'], 'P8034': ['495/316882'], 'P11496': ['1140000791713356032'], 'P10387': ['87295'], 'P13591': ['person/cfec0fe5-10c2-4c81-847c-9de89405abfe'], 'P7902': ['118683934'], 'P13951': ['174949'], 'P10400': ['94474'], 'P14225': ['981005683217209366'], 'P13772': ['peter-fleming']}"
Q112461290,Peter Fleming,economist (born 1972),['Q5'],[],[],['+1972-00-00T00:00:00Z'],"['Q1622272', 'Q188094']","{'P691': ['vse2013745921'], 'P214': ['41362829'], 'P213': ['0000000043752908'], 'P1207': ['n2010006386'], 'P5034': ['KAC201843912'], 'P244': ['nb2006015691'], 'P269': ['14436848X'], 'P227': ['13424060X'], 'P11182': ['132226'], 'P8189': ['987007440565305171'], 'P1015': ['1542227329257'], 'P9984': ['981060029011206706'], 'P8179': ['ncf12127107'], 'P7699': ['LNB:Bof2;=Bp'], 'P10227': ['vtls001361179'], 'P349': ['001320830'], 'P271': ['DA17150890'], 'P1375': ['000574888'], 'P1006': ['305844067'], 'P11496': ['1140845216523868288'], 'P13049': ['13424060X'], 'P13591': ['person/7248b890-73b2-4b2b-83a2-19142cdbae65'], 'P14225': ['981005691792909366'], 'P396': ['UBOV420087'], 'P496': ['0000-0001-6838-7190']}"
Q112488981,Peter Fleming,historian (born 1958),['Q5'],[],[],"['+1958-00-00T00:00:00Z', '+1958-03-28T00:00:00Z']","['Q201788', 'Q1622272']","{'P691': ['jo2015867527'], 'P214': ['116432030'], 'P227': ['134228529'], 'P269': ['069281122'], 'P1015': ['90057466'], 'P268': ['137598188'], 'P213': ['0000000084132094'], 'P8189': ['987007354127405171'], 'P244': ['n00098246'], 'P271': ['DA11882932'], 'P1006': ['231600062'], 'P3065': ['A012499647'], 'P11496': ['1140845216512848256'], 'P13591': ['person/0f949bd7-c241-4aba-a4c9-8844c09cac82'], 'P18': ['Professor Peter Fleming UWE 2015.jpg'], 'P13951': ['318444'], 'P13204': ['vq2y4x3g'], 'P5508': ['11551']}"
Q729789,Peter Fleming,American tennis player,['Q5'],['Q30'],['Q3017853'],['+1955-01-21T00:00:00Z'],['Q10833314'],"{'P373': ['Peter Fleming (tennis)'], 'P536': ['F030'], 'P555': ['510–177'], 'P599': ['10002245'], 'P564': ['224–213'], 'P646': ['/m/05_pr_'], 'P18': ['Fleming-Forget.jpg'], 'P2641': ['800175709'], 'P1417': ['biography/Peter-Fleming'], 'P8618': ['peter-fleming/800175709/usa'], 'P10028': ['PeterFleming'], 'P11585': ['1420'], 'P3368': ['1949954'], 'P4544': ['5025']}"
Q7174866,Peter J. Fleming,Professor of Industrial Systems,['Q5'],[],[],[],"['Q81096', 'Q15976092']","{'P2456': ['f/PeterJFleming'], 'P496': ['0000-0001-9837-8404'], 'P1053': ['B-3397-2009'], 'P1153': ['7201956961'], 'P3829': ['2869012'], 'P646': ['/m/0j444td']}"
Q2313675,Paul Newton,British musician,['Q5'],['Q145'],['Q23204'],['+1945-02-21T00:00:00Z'],['Q12360214'],"{'P691': ['xx0133694'], 'P214': ['169185110'], 'P434': ['5e7ddc79-14ba-419c-8af3-ba1f0e116e43'], 'P646': ['/m/0b6s08'], 'P1953': ['522724'], 'P213': ['0000000385962163'], 'P3987': ['736265'], 'P1728': ['mn0001542192'], 'P18': ['Paul Newton, Uriah heep 2012.jpg'], 'P373': ['Paul Newton (musician)']}"
Q81143001,Paul N. Newton,epidemiologist,['Q5'],[],[],[],['Q12765408'],"{'P496': ['0000-0002-4608-6431'], 'P8446': ['491BBD61-8909-4383-88EA-B171A8467045']}"
Q7152716,Paul Newton,Australian artist (born 1961),['Q5'],['Q408'],['Q3130'],['+1961-00-00T00:00:00Z'],['Q1028181'],"{'P244': ['no2014075860'], 'P214': ['308769819'], 'P646': ['/m/08b9zm'], 'P10832': ['E39PBJbCPBPftJvqCKgFPpdYT3']}"
Q79965121,Paul D Newton,English health sociologist,['Q5'],[],[],[],['Q1650915'],"{'P496': ['0000-0002-8525-6763'], 'P6178': ['01371020622.52']}"
Q60057461,Paul Newton,"Aerospace, Mechanical Engineering, Mathematics researcher",['Q5'],[],[],[],['Q1650915'],"{'P496': ['0000-0002-9477-0318'], 'P6594': ['paul-newton']}"
Q21449958,Rosenberger,family name,['Q101352'],[],[],[],[],"{'P3878': ['R251'], 'P373': ['Rosenberger (surname)'], 'P6597': ['1061'], 'P3880': ['RSNPK1'], 'P4839': ['Entity[""Surname"", ""Rosenberger""]'], 'P3370': ['ROSENBERGER'], 'P9644': ['ROSENBERGER'], 'P3879': ['7861747'], 'P8168': ['Q195185']}"
Q132234198,Rosenberger,,['Q5'],[],[],[],[],"{'P781': ['4031274'], 'P13675': ['4031274']}"
Q2167037,Rosenberger,lunar impact crater,"['Q55818', 'Q1348589']",[],[],[],[],"{'P646': ['/m/05d9d5'], 'P2824': ['5189'], 'P373': ['Rosenberger (crater)'], 'P18': ['Rosenberger crater 4070 h3.jpg']}"
Q106113617,Rosenbergerová,family name,['Q18972207'],[],[],[],[],{}
Q14399844,Rosenberger,,['Q6881511'],[],[],[],[],"{'P856': ['http://www.rosenberger.cc/'], 'P373': ['Rosenberger'], 'P2671': ['/g/12pgdcf8n'], 'P18': ['01 Österreich Autobahn Raststation - Rosenberger Restaurant.jpg']}"
Q91932103,David C. Parkes,British-American computer scientist,['Q5'],['Q30'],['Q146705'],[],"['Q82594', 'Q3400985']","{'P1960': ['JUn8PgwAAAAJ'], 'P496': ['0000-0002-2701-3464'], 'P2456': ['p/DavidCParkes'], 'P6023': ['43852104'], 'P856': ['https://lish.harvard.edu/people/david-c-parkes', 'https://www.eecs.harvard.edu/~parkes/'], 'P2671': ['/g/11hfbw_xcl'], 'P549': ['123362'], 'P4955': ['676640'], 'P227': ['134054121'], 'P244': ['no2009161463'], 'P213': ['000000007193926X'], 'P214': ['101500210'], 'P2002': ['sarahayres3']}"
Q18756642,David Parkes,schoolmaster and antiquary (1763–1833),['Q5'],"['Q161885', 'Q174193']",['Q612260'],['+1763-02-21T00:00:00Z'],"['Q37226', 'Q5697103']","{'P245': ['500019825'], 'P214': ['95803058'], 'P2843': ['B00136220'], 'P2973': ['33724'], 'P1415': ['21351'], 'P3029': ['F38340'], 'P1711': ['41153'], 'P4169': ['5702'], 'P2966': ['parkes-david-1763-1833', 'david-parkes'], 'P6821': ['alvin-person:16863'], 'P650': ['61855'], 'P12749': ['Q63752'], 'P4432': ['00095229T']}"
Q75862289,David Brian Parkes,Peerage person ID=363225,['Q5'],[],[],[],[],{'P4638': ['p36323.htm#i363225']}
Q19023824,"Parkes, David (DNB00)",entry in Dictionary of National Biography,['Q19389637'],[],[],[],[],{}
Q5238390,David Parkes,"Irish footballer, played in the League of Ireland 1967-1977",['Q5'],['Q27'],['Q1761'],['+1950-04-07T00:00:00Z'],"['Q937857', 'Q177220']","{'P7704': ['agent/base/10937'], 'P646': ['/m/02qz0j0'], 'P3537': ['326407']}"
Q374338,Stanley A. McChrystal,American general,['Q5'],['Q30'],['Q590879'],['+1954-08-14T00:00:00Z'],"['Q38239859', 'Q11545923', 'Q1622272', 'Q4991371']","{'P373': ['Stanley A. McChrystal'], 'P345': ['nm4471839'], 'P18': ['Stanley McChrystal BG 1999.jpg'], 'P646': ['/m/05557v4'], 'P227': ['1031696113'], 'P214': ['103582299'], 'P244': ['no2009201339'], 'P935': ['Stanley A. McChrystal'], 'P2190': ['stanleymcchrystal'], 'P2163': ['1915270'], 'P2002': ['stanmcchrystal', 'StanMcChrystal'], 'P2267': ['stanley-mcchrystal'], 'P2611': ['stanley_mcchrystal'], 'P3106': ['world/stanley-mcchrystal'], 'P3183': ['person/M/stanley-mcchrystal/6163'], 'P1741': ['222198'], 'P3417': ['Stanley-A-McChrystal'], 'P1263': ['595/000237881'], 'P1417': ['biography/Stanley-McChrystal'], 'P1296': ['0522447'], 'P1006': ['403849438'], 'P213': ['0000000073484609'], 'P269': ['170294250'], 'P2963': ['3898235'], 'P5034': ['KAC201617993'], 'P691': ['jo20201089950'], 'P648': ['OL7155908A'], 'P7293': ['9810556724305606'], 'P6683': ['273877'], 'P9743': ['107ZzkEc2D'], 'P8189': ['987007449057005171'], 'P8313': ['Stanley_A._McChrystal'], 'P10660': ['89382'], 'P3368': ['516714'], 'P10302': ['stanley-mcchrystal'], 'P12385': ['stanley-a.-mcchrystal'], 'P10832': ['E39PBJqKdhCJ8TBCvhtbbhXWXd'], 'P13049': ['1031696113'], 'P6640': ['380557'], 'P2949': ['McChrystal-20'], 'P13591': ['person/4e3185a7-21c4-433a-a9c4-e1dd53279d4d'], 'P7902': ['1031696113'], 'P13772': ['stanley-mcchrystal']}"
Q130461376,Tantum Collins,,['Q5'],[],[],[],"['Q978044', 'Q1238570']","{'P691': ['mub20241239542'], 'P213': ['0000000450494053'], 'P496': ['0009-0004-8461-6028'], 'P227': ['1161430571'], 'P13049': ['1161430571'], 'P214': ['316546695'], 'P269': ['190250798']}"
Q919608,David Silverman,American animator and director,['Q5'],['Q30'],['Q60'],['+1957-03-15T00:00:00Z'],"['Q2526255', 'Q266569', 'Q33999', 'Q3282637']","{'P213': ['0000000114740964'], 'P227': ['1015428827'], 'P345': ['nm0798899'], 'P214': ['27279710'], 'P646': ['/m/04vlh5'], 'P244': ['n2005024955'], 'P18': ['David Silverman in 2007-cropped.JPG'], 'P1266': ['35019'], 'P2019': ['p266906'], 'P2168': ['294706'], 'P2387': ['163703'], 'P2605': ['26870'], 'P2626': ['145231'], 'P2519': ['6846'], 'P2604': ['50549'], 'P373': ['David Silverman (animator)'], 'P906': ['340417'], 'P1207': ['n2011076795'], 'P742': ['Pound Foolish'], 'P1006': ['306714795'], 'P5534': ['197'], 'P268': ['144030782'], 'P269': ['085237957'], 'P950': ['XX1788999'], 'P5587': ['pm149tg72tnblsf'], 'P5622': ['bios/Silvermaneps.jpg'], 'P691': ['xx0123882'], 'P2002': ['tubatron'], 'P7214': ['478199'], 'P2688': ['davidsilverman'], 'P7704': ['agent/base/69975'], 'P1580': ['a1320072'], 'P2638': ['people/david-silverman'], 'P6150': ['6176'], 'P3987': ['456189'], 'P4985': ['197'], 'P9984': ['981058526184106706'], 'P9463': ['197'], 'P9995': ['48240'], 'P8189': ['987009538369705171'], 'P1015': ['1634286305781'], 'P8179': ['ncf11506560'], 'P3846': ['87097969694934'], 'P7699': ['LNB:BYZX;=Bp'], 'P409': ['42439456'], 'P7293': ['9812441994905606'], 'P3065': ['A013764049'], 'P1280': ['93866851'], 'P11683': ['devid-silverman-1'], 'P11686': ['981058526184106706'], 'P9404': ['359'], 'P1617': ['1aabfe95-49ba-432a-a5b0-8af5aeb28ce2'], 'P12098': ['94269'], 'P12153': ['938970317'], 'P9707': ['16985'], 'P10832': ['E39PBJvd3prpTwrg3JKG3k6Yfq'], 'P9662': ['162239'], 'P1315': ['1457943'], 'P12854': ['5d7768267e9a3c0020c6ab00'], 'P13591': ['person/84322f22-c67e-40f4-b066-f4bb9b182e6d'], 'P7184': ['04vlh5'], 'P434': ['b8a66955-f00d-4479-af79-6cddbcf135ca'], 'P14178': ['xx0123882'], 'P3368': ['782856'], 'P3430': ['w69s3p1d'], 'P14750': ['1B2B-93D8-D6D2-4FFA-7484'], 'P7553': ['28645'], 'P10166': ['david-silverman-1957']}"
Q107128070,David Silverman,British sociologist (1943-),['Q5'],['Q145'],[],['+1943-01-01T00:00:00Z'],"['Q2306091', 'Q1622272', 'Q901']","{'P214': ['267500277'], 'P1015': ['90177697'], 'P4619': ['000462442'], 'P268': ['12359865z'], 'P8179': ['ncf10932896'], 'P227': ['141743867'], 'P213': ['0000000458766690'], 'P8189': ['987007431807805171'], 'P244': ['nb2007008944'], 'P7699': ['LNB:CQEJ;=1A'], 'P1368': ['000034106'], 'P349': ['001345609'], 'P271': ['DA00304173'], 'P691': ['xx0040928', 'mub20241242168'], 'P1006': ['067596401'], 'P1207': ['n98005299'], 'P7293': ['9810538625605606'], 'P3065': ['A018563794'], 'P5587': ['ljx16qc4584lsdr'], 'P1280': ['28538211'], 'P269': ['032599781'], 'P9984': ['981058524680606706'], 'P10553': ['631177094'], 'P3987': ['50587'], 'P5731': ['45413'], 'P5739': ['73907'], 'P3280': ['0000083580'], 'P11496': ['1140282266753621632'], 'P11686': ['981058524680606706'], 'P11182': ['77521'], 'P12458': ['192581'], 'P10832': ['E39PBJr7QVBQh7ttPrRc4Gy68C'], 'P13591': ['person/a82dac63-32a8-4638-8270-b16013ae979d'], 'P13049': ['141743867'], 'P13204': ['duw2m2fh']}"
Q20815807,David Silverman,Wikimedia disambiguation page,['Q22808320'],[],[],[],[],{}
Q5239795,David Silverman,American Atheist activist,['Q5'],['Q30'],['Q27416'],['+1966-08-13T00:00:00Z'],"['Q8246794', 'Q2059704']","{'P214': ['305361559'], 'P244': ['n2013063773'], 'P2002': ['mratheistpants', 'MrAtheistPants'], 'P18': ['David Silverman-Apr 4 2011.JPG'], 'P2267': ['david-silverman'], 'P646': ['/m/0gmfnwh'], 'P373': ['David Silverman (activist)'], 'P856': ['https://firebrandforgood.com/'], 'P10832': ['E39PBJrCfpcjTcTxkhvYfdcVmd']}"
Q89536475,David Silverman,researcher,['Q5'],[],[],[],['Q1650915'],{'P496': ['0000-0003-1842-5739']}
Q131261928,Chris Fussell,,['Q5'],[],[],[],"['Q189290', 'Q978044', 'Q11545923']","{'P691': ['mub20241243110'], 'P213': ['0000000451140898'], 'P227': ['1161430172'], 'P13049': ['1161430172'], 'P214': ['316795230'], 'P269': ['190250992'], 'P13591': ['person/b53b5d84-1049-44f1-ae7b-35fb85adfeb3']}"
Q5106608,Chris Fussell,American baseball player,['Q5'],['Q30'],[],['+1976-05-19T00:00:00Z'],['Q10871364'],"{'P1825': ['f/fussech01'], 'P1826': ['fussel001chr'], 'P4731': ['5368'], 'P6976': ['fussc001'], 'P646': ['/m/02vs2s2'], 'P5421': ['20472'], 'P4409': ['fussech01'], 'P3368': ['2510826']}"
Q114552285,LeaderTreks Youth Ministry,Christian Community for Youth,['Q94670589'],[],[],[],[],"{'P1329': ['8775020699'], 'P856': ['https://www.leadertreks.org/']}"
Q100378079,Tammy Peterson,,['Q5'],['Q16'],['Q172'],['+1965-06-03T00:00:00Z'],['Q662729'],"{'P345': ['nm13355388'], 'P214': ['305277557'], 'P244': ['n2013059244']}"
Q112467419,Carolyn M. Shields,,['Q5'],[],[],['+1945-00-00T00:00:00Z'],['Q121594'],"{'P691': ['mzk2013773723'], 'P214': ['37192883'], 'P1207': ['n2020205585'], 'P269': ['087281856'], 'P213': ['000000007369231X'], 'P244': ['n00084188'], 'P268': ['150048946'], 'P227': ['129806269'], 'P8189': ['987007442343005171'], 'P13049': ['129806269'], 'P13591': ['person/8f8314ff-4fb1-4dfa-a1c4-5a290acbaa9e']}"
Q135436992,Leighton Ford,canadian-American evangelist and author (born 1931),['Q5'],[],[],['+1931-01-01T00:00:00Z'],['Q36180'],{}
Q91890750,Glenn A Walter,researcher (ORCID 0000-0002-7346-2244),['Q5'],[],[],[],['Q1650915'],{'P496': ['0000-0002-7346-2244']}
Q89807185,Glenn D Walters,researcher,['Q5'],[],[],['+1954-01-01T00:00:00Z'],"['Q1650915', 'Q1622272']","{'P496': ['0000-0002-7219-1542'], 'P227': ['1046478354'], 'P214': ['306267661']}"
Q132564774,Glenn Walters,researcher (ORCID 0000-0001-8305-4976),['Q5'],[],[],[],['Q1650915'],{'P496': ['0000-0001-8305-4976']}
Q48987503,Glenn Walters Dam,"dam in Washington County, Oregon, United States of America",['Q12323'],[],[],[],[],"{'P1566': ['5728520'], 'P590': ['1163658'], 'P9439': ['OR00495']}"
Q105397249,Glenn Walters,Wikimedia disambiguation page,['Q4167410'],[],[],[],[],{}
Q101573250,Monica Sharma,researcher ORCID 0000-0003-3599-0596,['Q5'],[],[],[],[],{'P496': ['0000-0003-3599-0596']}
Q79372452,Monica Sharma,researcher (ORCID 0000-0002-7029-293X),['Q5'],[],[],[],['Q1650915'],"{'P496': ['0000-0002-7029-293X'], 'P1153': ['57192543932']}"
Q87813327,Monica Sharma,researcher (ORCID 0000-0002-5078-5518),['Q5'],[],[],[],['Q1650915'],"{'P496': ['0000-0002-5078-5518'], 'P1153': ['55342543300']}"
Q64149112,Monica Sharma,researcher (ORCID 0000-0001-6212-2853),['Q5'],[],[],[],['Q1650915'],"{'P496': ['0000-0001-6212-2853'], 'P1153': ['55580120300']}"
Q19898333,Monica Sharma,Indian television actress,['Q5'],['Q668'],['Q987'],['+1992-09-15T00:00:00Z'],"['Q33999', 'Q4610556', 'Q18581305', 'Q10798782']","{'P2003': ['monica_sharma15'], 'P345': ['nm7782812'], 'P646': ['/m/01311xpr'], 'P7923': ['monica-sharma'], 'P3368': ['2085571'], 'P18': ['Monica Sharma.png'], 'P14750': ['EF66-F93B-EB3D-36DA-F239']}"
Q59140026,Dennis Tourish,professor of leadership studies,['Q5'],[],[],['+1957-01-01T00:00:00Z'],['Q188094'],"{'P1960': ['W6XrOJoAAAAJ'], 'P214': ['29771893'], 'P691': ['utb2009505306'], 'P244': ['n98088556'], 'P1006': ['258431571'], 'P1207': ['n2006152341'], 'P8189': ['987007448611705171'], 'P269': ['088590097'], 'P227': ['173310354'], 'P10832': ['E39PBJv4hhvK8KRfG4JHTjbDbd'], 'P1368': ['000041002'], 'P213': ['0000000117546390'], 'P13591': ['person/d111ae09-acd5-4026-b1ac-a76acf84f85a'], 'P13906': ['1488478']}"
Q116251743,John D. Adams,journalist and co-owner of the Arkansas Gazette,['Q5'],[],['Q494815'],['+1827-06-23T00:00:00Z'],"['Q11293375', 'Q24266767']","{'P535': ['38429150'], 'P2949': ['Adams-51393']}"
Q41690335,John Donley Adams,American lawyer,['Q5'],['Q30'],['Q43421'],['+1974-00-00T00:00:00Z'],['Q82955'],{'P2671': ['/g/11f11jtgcl']}
Q6218170,John Adams,current Chief of the Communications Security Establishment Canada and Associate Deputy Minister of National Defence,['Q5'],['Q16'],['Q203403'],['+1942-05-31T00:00:00Z'],[],"{'P214': ['28482697'], 'P3430': ['w6hq5tt9'], 'P227': ['129010286'], 'P244': ['n50037022'], 'P349': ['00462035'], 'P1207': ['n2011167148'], 'P1006': ['071826025'], 'P213': ['0000000079881744'], 'P269': ['15796793X'], 'P691': ['jn20021219005'], 'P646': ['/m/0b77p4_'], 'P8189': ['987007444223405171'], 'P11249': ['14463263'], 'P10832': ['E39PBJtRFFGpGBQjGm6xjYXcfq'], 'P13951': ['177700'], 'P13204': ['a99v9945']}"
Q75952876,Richard Higginson Lowe,Peerage person ID=426117,['Q5'],[],[],[],[],{'P4638': ['p42612.htm#i426117']}
Q139460411,,,['Q5'],[],[],[],"['Q1234713', 'Q1622272']",{'P691': ['utb20191034628']}
Q139466667,,,['Q5'],[],[],[],['Q1622272'],{'P691': ['xx0247037']}
Q130775381,Myint Swe Khine,,['Q5'],[],[],[],['Q1622272'],"{'P227': ['1081102535'], 'P13049': ['1081102535'], 'P213': ['0000000114444903'], 'P214': ['54445238'], 'P1368': ['000170165'], 'P1207': ['n2009050535'], 'P12458': ['542411'], 'P496': ['0000-0003-2582-7306']}"
Q133463417,William T. Leonard,American writer on film and theatre,['Q5'],['Q30'],['Q753759'],['+1918-10-26T00:00:00Z'],['Q36180'],"{'P1315': ['903276'], 'P648': ['OL1189181A', 'OL5281370A'], 'P214': ['111396759', '92049037'], 'P244': ['n79007396'], 'P227': ['1166069818'], 'P7293': ['9810545537105606'], 'P4862': ['B001KHRWLM'], 'P2963': ['213719'], 'P13591': ['person/7fb67ecb-dfc6-4d79-a54b-9259b59691b2'], 'P8189': ['987007349754505171']}"
Q102202487,"John E. Roueche, Jr.",Ph.D. Florida State University 1964,['Q5'],[],[],[],[],{'P549': ['45670']}
Q20007054,George Augustus Baker,American painter (1821–1880),['Q5'],['Q30'],['Q60'],['+1821-03-19T00:00:00Z'],['Q1028181'],"{'P650': ['3701'], 'P1711': ['18184'], 'P373': ['George Augustus Baker Jr.'], 'P1472': ['George Augustus Baker Jr.'], 'P2163': ['1572336'], 'P1367': ['baker-george-augustus-18211880'], 'P3762': ['174831', '224659'], 'P3965': ['28768'], 'P18': ['Self portrait, by George Augustus Baker.jpg'], 'P213': ['0000000401664239'], 'P3782': ['george-augustus-baker-jr'], 'P214': ['296283381'], 'P244': ['nr2002018598'], 'P245': ['500027491'], 'P6578': ['08880F9043BAF95F'], 'P2268': ['115019'], 'P4145': ['9398'], 'P4927': ['zoc01l9aun'], 'P646': ['/m/0jst167'], 'P1280': ['45363043'], 'P3791': ['3929'], 'P4432': ['10101501'], 'P7848': ['991003635609707141'], 'P535': ['90759929'], 'P10297': ['m0jst167', 'g11f1k464m2'], 'P3368': ['1108628'], 'P2734': ['BakerGeorgeAugustus'], 'P10882': ['2321'], 'P2671': ['/g/11f1k464m2'], 'P7545': ['23845'], 'P10832': ['E39PBJmy46KBHCtpFRCMprfpfq'], 'P5489': ['284442'], 'P13591': ['person/02f77704-aa0e-4b8d-9456-223c11a48f6c'], 'P14750': ['E13F-02AA-12AA-7672-3EDB']}"
Q109725444,George Augustus Baker,author and lawyer 1849-1906,['Q5'],[],['Q60'],['+1849-01-01T00:00:00Z'],"['Q40348', 'Q36180', 'Q185351']","{'P1938': ['6795'], 'P648': ['OL317321A'], 'P214': ['70277426'], 'P1233': ['95873'], 'P10883': ['baker_george_a'], 'P227': ['1236287851'], 'P213': ['0000000023647991'], 'P646': ['/m/0jst3p8']}"
Q102144720,George Baker,American statistician,['Q5'],['Q30'],[],"['+1903-10-31T00:00:00Z', '+1903-01-01T00:00:00Z']",['Q2732142'],"{'P549': ['4167'], 'P214': ['254752050'], 'P3368': ['1692040'], 'P13591': ['person/5e7b9460-9c76-4517-b8d9-4336a760c534'], 'P1556': ['baker.george-allen'], 'P227': ['1077825285'], 'P213': ['0000000377388958']}"
Q112377666,George Allen Baker,,['Q5'],[],[],['+1932-00-00T00:00:00Z'],['Q170790'],"{'P691': ['mzk2003188167'], 'P214': ['94290412'], 'P1207': ['n97039034'], 'P213': ['0000000109264991'], 'P244': ['n81032271'], 'P8189': ['987007273770405171'], 'P3987': ['54246'], 'P269': ['070842299'], 'P227': ['142605077'], 'P268': ['122763982'], 'P1015': ['90334630'], 'P8179': ['ncf11241813'], 'P271': ['DA03004518'], 'P409': ['36068402'], 'P1006': ['06926600X'], 'P3065': ['A012376612'], 'P11496': ['1140282266599493120'], 'P13591': ['person/81c38947-1372-441b-b5be-c6e32b61958c'], 'P7293': ['9813991094405606']}"
Q141435154,,,['Q5'],[],[],['+1932-07-29T00:00:00Z'],[],{'P227': ['1077825404']}
Q64020339,Robert R. Rose,,['Q5'],[],[],['+1937-01-01T00:00:00Z'],[],"{'P244': ['n88152983'], 'P1225': ['10571568'], 'P214': ['117635393'], 'P10832': ['E39PBJmMYrBRxdYKywFffQpwYP']}"
Q18681522,Robert R. Rosenbaum,American medical doctor and philanthropist,['Q5'],[],[],[],[],{}
Q62018363,Robert R. Rose Jr.,American judge,['Q5'],['Q30'],['Q462799'],['+1915-11-01T00:00:00Z'],[],"{'P2671': ['/g/11h5vgtdkr'], 'P8462': ['rose.html#323.62.93'], 'P3368': ['1237536'], 'P14885': ['1885']}"
Q6390837,Kenneth Wiltshire,Australian academic,['Q5'],['Q408'],[],['+1944-12-11T00:00:00Z'],[],"{'P244': ['n50015783'], 'P214': ['64093452'], 'P3430': ['w6zw1ktn'], 'P227': ['170306860'], 'P213': ['0000000083887516'], 'P1006': ['074111892'], 'P3987': ['309831'], 'P269': ['033240256'], 'P268': ['12412666d'], 'P1207': ['n2020180032'], 'P646': ['/m/072cq9'], 'P8189': ['987007435471105171'], 'P10832': ['E39PBJtXbBkrPPgmQFqMKFHKVC'], 'P13591': ['person/00ec2551-a87e-43fa-b111-46d7278fe11d']}"
Q1674335,Ismael Sánchez,Dominican bicycle racer,['Q5'],['Q786'],['Q538953'],['+1982-06-17T00:00:00Z'],['Q2309784'],"{'P1409': ['16868'], 'P1663': ['139214'], 'P1541': ['3747'], 'P2671': ['/g/122cz0nw'], 'P11020': ['161812'], 'P14105': ['2000196282']}"
Q122964945,Ismael Sánchez,Argentinian soldier,['Q5'],['Q414'],[],[],['Q4991371'],{}
Q50737636,Ismael Sánchez Estevan,,['Q5'],['Q29'],['Q14317'],"['+1879-01-01T00:00:00Z', '+1879-12-05T00:00:00Z']","['Q17337766', 'Q36180', 'Q212238', 'Q6673651']","{'P214': ['86990731'], 'P950': ['XX1223578'], 'P269': ['144513064'], 'P1006': ['135652081'], 'P213': ['0000000059827142'], 'P227': ['1056201363'], 'P5498': ['23860'], 'P3987': ['693412', '394135'], 'P7369': ['000168989'], 'P10832': ['E39PBJrwRbKbr8CyBFDDJ6CG73'], 'P18': ['1929-10-01, Vida Gráfica Española, Ismael Sánchez Estevan (cropped).jpg'], 'P9226': ['sanchez-estevan-ismael-1880-1962'], 'P3964': ['14361'], 'P373': ['Ismael Sánchez Estevan'], 'P2671': ['/g/11f6464td0']}"
Q124650221,Ismael Sánchez-Jiménez,researcher,['Q5'],[],[],[],['Q1650915'],{}
Q73470033,Ismael Sánchez-Ramos,researcher,['Q5'],[],[],[],['Q1650915'],{'P496': ['0000-0003-0070-2953']}
Q7346224,Robert K. Greenleaf,American consultant (1904–1990),['Q5'],[],[],['+1904-01-01T00:00:00Z'],[],"{'P214': ['77241566'], 'P213': ['0000000114486927'], 'P1006': ['13445572X'], 'P2163': ['36788'], 'P244': ['n79061083'], 'P3430': ['w6pk1fxr'], 'P227': ['124181562'], 'P349': ['01148788'], 'P1015': ['98027330'], 'P1368': ['000010215'], 'P1280': ['197265507'], 'P269': ['090196678'], 'P691': ['uk2006349551'], 'P5739': ['113833'], 'P5034': ['KAC200603532'], 'P646': ['/m/0d2vry'], 'P3368': ['1684875'], 'P10553': ['085691143'], 'P8189': ['987007441075605171'], 'P11182': ['67250'], 'P12458': ['262995'], 'P10832': ['E39PBJwMyYm9Ry9g8bcgcYyjmd'], 'P13591': ['person/e02063d0-28c2-4129-a717-05e1f5554bb9'], 'P648': ['OL227813A'], 'P14178': ['uk2006349551']}"
Q11301302,Kent M. Keith,American writer and sociologist,['Q5'],['Q30'],['Q18419'],['+1949-00-00T00:00:00Z'],"['Q36180', 'Q2306091']","{'P214': ['60559553'], 'P349': ['00890968'], 'P227': ['170329925'], 'P244': ['n86034693'], 'P1015': ['4012323'], 'P213': ['000000006366661X'], 'P268': ['162167943'], 'P5034': ['KAC200306049'], 'P646': ['/m/0dmhm'], 'P691': ['mzk2002160874'], 'P10832': ['E39PBJjMBqFyq4hqwrTFbf8grq'], 'P13049': ['170329925'], 'P10387': ['31520'], 'P13591': ['person/b9ff2c0a-0d4d-4cae-a1a2-94c216af3e3b'], 'P9322': ['p0109077-Keith-Kent-M'], 'P8189': ['987013961810305171']}"
Q64497023,Geoff Watts,researcher,['Q5'],[],[],[],"['Q1650915', 'Q3745071']",{}
Q112537130,Geoff Watts,,['Q5'],[],[],['+1979-00-00T00:00:00Z'],"['Q1104185', 'Q2994387']","{'P691': ['vse20191041856'], 'P214': ['315606673'], 'P227': ['1204152195'], 'P5361': ['WattsGeoff1979-'], 'P213': ['0000000448033610']}"
Q6846351,Mike Cohn,American software developer,['Q5'],['Q30'],['Q49247'],['+1962-08-25T00:00:00Z'],['Q36180'],"{'P214': ['160604397'], 'P213': ['0000000121967825'], 'P227': ['142964522'], 'P269': ['145820009'], 'P373': ['Mike Cohn'], 'P244': ['n97001396'], 'P1006': ['320433536'], 'P1368': ['000192141'], 'P349': ['01152138'], 'P18': ['Mike Cohn 2013-06-12.jpg'], 'P1280': ['157224291'], 'P691': ['vse2011649624'], 'P5361': ['CohnMike1962-'], 'P856': ['https://www.mountaingoatsoftware.com/'], 'P5034': ['KAC200604194'], 'P1207': ['n2007124160'], 'P646': ['/m/04ym79v'], 'P9251': ['101811'], 'P8189': ['987007371974005171'], 'P3368': ['2076327'], 'P11249': ['14445756'], 'P11182': ['79944'], 'P2963': ['2620'], 'P10832': ['E39PBJmtxGMqvYDmKTxYXPKrv3'], 'P13049': ['142964522'], 'P13591': ['person/9205deee-e394-4009-a07e-2b71686d85c6'], 'P14178': ['vse2011649624']}"
Q130767212,Esther Derby,,['Q5'],[],['Q485708'],[],['Q82594'],"{'P227': ['1175974161'], 'P13049': ['1175974161'], 'P213': ['0000000041215850'], 'P214': ['46186160'], 'P13591': ['person/3b41d7f8-d94b-4f2c-8c77-6dc2ec5e3093']}"
Q712041,Fons Trompenaars,Dutch-French anthropologist,['Q5'],"['Q29999', 'Q142']",['Q727'],['+1953-00-00T00:00:00Z'],"['Q4773904', 'Q2306091', 'Q16849727', 'Q188094']","{'P214': ['59167252'], 'P213': ['0000000116517651'], 'P244': ['n93054720'], 'P227': ['113516541'], 'P646': ['/m/01lbwd'], 'P1006': ['111147530'], 'P349': ['00544784'], 'P1015': ['90742875'], 'P1207': ['n98034849'], 'P269': ['032985282'], 'P4293': ['pe/053941'], 'P950': ['XX4898987'], 'P268': ['12390095b'], 'P5034': ['KAC201755063', 'KAC201422436'], 'P691': ['vse2008476912'], 'P1580': ['a1231640'], 'P7293': ['9810698288005606'], 'P3987': ['477445'], 'P373': ['Fons Trompenaars'], 'P18': ['Fons Trompenaars - 2012.jpg'], 'P1280': ['13727843'], 'P9984': ['981058509916806706'], 'P8189': ['987007269023805171'], 'P11249': ['14231311'], 'P11686': ['981058509916806706'], 'P11182': ['44130'], 'P271': ['DA07922793'], 'P11496': ['1140845216496135168'], 'P12458': ['362160'], 'P10832': ['E39PBJvRWKVCYbKkybMf6h89jC'], 'P1368': ['000192235'], 'P13049': ['113516541'], 'P4619': ['000371182'], 'P8179': ['ncf12116331'], 'P3846': ['87097969038840'], 'P6394': ['a11567673'], 'P409': ['35076023'], 'P1375': ['000455472'], 'P1005': ['973888'], 'P3065': ['A003911691'], 'P1315': ['819438'], 'P13591': ['person/d5c044bb-3597-4890-b48e-f3139ea3b92a'], 'P14225': ['981005791797309366']}"
Q112505992,Larry C. Spears,,['Q5'],[],[],['+1955-00-00T00:00:00Z'],"['Q36180', 'Q15978655', 'Q2462658', 'Q6051619']","{'P691': ['vse2016936204'], 'P214': ['115448951'], 'P213': ['0000000081839924'], 'P5731': ['56352'], 'P5739': ['113832'], 'P244': ['n94094517'], 'P268': ['13327304d'], 'P269': ['035655844'], 'P8189': ['987007428857305171'], 'P11249': ['14333062'], 'P11182': ['67252'], 'P12458': ['262992'], 'P1368': ['000020581'], 'P13591': ['person/8dd0f85c-7395-49a9-b0a2-2622d71d1265'], 'P2671': ['/g/113t9yh10']}"
Q123687765,Michele Jawondo,Snr VP of Omidyar Network,['Q5'],['Q30'],[],[],['Q40348'],"{'P18': ['Michele Jawondo UNCTAD eWeek – 5 December 2023 (sq cropped).jpg'], 'P373': ['Michele Jawondo']}"
Q107736835,Michael Rucker,American baseball player (born 1994),['Q5'],['Q30'],[],['+1994-04-27T00:00:00Z'],['Q10871364'],"{'P1825': ['r/ruckemi01'], 'P3541': ['621074'], 'P3574': ['19454'], 'P3571': ['40996'], 'P4731': ['176825'], 'P5421': ['179433'], 'P2671': ['/g/11h39h3vv3'], 'P4409': ['ruckemi01'], 'P14750': ['1279-C58E-60EB-AE94-B04A'], 'P6976': ['ruckm001']}"
Q139226574,,,['Q5'],[],[],['+1500-01-01T00:00:00Z'],['Q39631'],"{'P227': ['1012298523'], 'P7902': ['1012298523'], 'P214': ['170792223'], 'P1871': ['cnp01290070']}"
Q87656359,Michael Rückert,researcher,['Q5'],[],[],[],['Q1650915'],{'P496': ['0000-0002-9605-4841']}
Q139141292,,,['Q5'],[],[],['+1961-01-01T00:00:00Z'],[],"{'P227': ['120066025'], 'P13049': ['120066025'], 'P213': ['0000000012482829'], 'P214': ['62369610']}"
Q114565775,Michael Rucker,Wikimedia disambiguation page,['Q4167410'],[],[],[],[],{}
Q100561183,Holly Spence,researcher,['Q5'],[],[],[],['Q1650915'],{'P496': ['0000-0002-1628-6790']}
Q111576962,Holly Spence,,['Q5'],[],[],[],['Q36180'],{'P373': ['Holly Spence']}
Q115694198,Holly Spencer,,['Q5'],[],[],[],['Q18715859'],{'P3408': ['1078099']}
Q98696988,Mary Culver,,['Q5'],[],[],[],[],{'P1819': ['I00601079']}
Q94628047,Mary Culver,,['Q5'],[],[],['+1842-00-00T00:00:00Z'],[],"{'P214': ['28337149'], 'P244': ['n78078554'], 'P2163': ['27492'], 'P10832': ['E39PBJyhfFp79BYRdp8rrDw9jC'], 'P13591': ['person/c991c69f-18ae-4dab-9d72-ff0eedbf5a51']}"
Q47118636,James C. Hunter,,['Q5'],[],[],[],[],"{'P244': ['n98001575'], 'P214': ['36223924'], 'P213': ['0000000033271596'], 'P648': ['OL217423A'], 'P2163': ['1539872'], 'P950': ['XX1461715'], 'P1006': ['401573710'], 'P5034': ['KAC200206277'], 'P3987': ['92346'], 'P1207': ['n2014054370'], 'P269': ['121238946'], 'P10832': ['E39PBJpJcpbTfKDMWcxgTyd4v3'], 'P1368': ['000037389'], 'P2963': ['105977'], 'P9802': ['43006'], 'P13591': ['person/334ad02e-b777-4b08-b4a4-0e0b4d14b039']}"
Q133654313,,,['Q5'],[],[],['+1972-01-01T00:00:00Z'],['Q16831721'],"{'P227': ['1118751361'], 'P213': ['0000000383473729'], 'P13591': ['person/df06b3a2-b63a-4df0-9201-498083652680'], 'P214': ['268857998'], 'P496': ['0000-0002-1242-1799']}"
Q99394439,Ursula Thomas-Stein,,['Q5'],['Q183'],[],['+1961-01-01T00:00:00Z'],['Q3391743'],"{'P4663': ['f73c1d6e-ecec-e711-8b59-000c29e811b2'], 'P10706': ['095235'], 'P3901': ['ursula-thomas-stein-823540']}"
Q33683965,Philip Mathew,botanist,['Q5'],[],[],[],['Q2374149'],"{'P428': ['P.Mathew'], 'P586': ['14828-1'], 'P6264': ['1339']}"
Q7184044,Philip Mathews,American basketball coach (born 1950),['Q5'],['Q30'],['Q49243'],['+1950-11-27T00:00:00Z'],"['Q3665646', 'Q5137571']","{'P18': ['Phil Mathews in 2011.jpg'], 'P3430': ['w6zt7g24'], 'P646': ['/m/02r3dd6'], 'P4751': ['philip-mathews-1'], 'P3368': ['1958136'], 'P8777': ['2995']}"
Q21544705,Philip Mathews,English artist,['Q5'],[],[],[],['Q3391743'],{'P650': ['53959']}
Q64624446,Philip Mathews,Wikimedia disambiguation page,['Q22808320'],[],[],[],[],{}
Q43375742,Philip Mathews,Archdeacon of Connor from 1689 to 1694,['Q5'],[],[],[],[],{'P2671': ['/g/11f2q16g8t']}
Q112456610,Mary Elizabeth O'Brien,,['Q5'],[],[],['+1937-00-00T00:00:00Z'],['Q1231865'],"{'P691': ['osd2012725316'], 'P214': ['79499234'], 'P5739': ['57995'], 'P8189': ['987007429368005171'], 'P227': ['12447344X'], 'P10553': ['706644247'], 'P12458': ['70078'], 'P13591': ['person/e3689cc0-950f-4a22-96ac-0c7a2d6da47a']}"
Q139523605,,,['Q5'],[],[],['+1959-01-01T00:00:00Z'],['Q2599593'],"{'P227': ['129686964'], 'P13049': ['129686964'], 'P213': ['0000000110482726'], 'P214': ['28157085'], 'P1207': ['n2009043319'], 'P10608': ['agent/gnd_129686964']}"
Q684079,Ralph Lewis,American actor (1872-1937),['Q5'],['Q30'],['Q2746504'],"['+1872-10-08T00:00:00Z', '+1872-10-28T00:00:00Z']","['Q33999', 'Q10800557']","{'P214': ['5142801'], 'P18': ['The Hoodlum 03 Ralph Lewis.png'], 'P345': ['nm0507635'], 'P373': ['Ralph Lewis (actor)'], 'P244': ['n85138123'], 'P1266': ['7633'], 'P2168': ['129369'], 'P1220': ['49719'], 'P2163': ['1479946'], 'P2604': ['220150'], 'P2626': ['129759'], 'P2019': ['p42247'], 'P2387': ['963673'], 'P2435': ['136556'], 'P535': ['7901835'], 'P3430': ['w6ds74n9'], 'P213': ['0000000024026580'], 'P5340': ['127096'], 'P2605': ['270710'], 'P268': ['141990556'], 'P691': ['xx0176749'], 'P646': ['/m/03g_2rq'], 'P4985': ['8833'], 'P10018': ['103486'], 'P3368': ['1933535'], 'P4666': ['85710'], 'P8189': ['987007327164105171'], 'P10302': ['ralf-lyuis'], 'P269': ['234095873'], 'P11683': ['ralf-lyuis'], 'P7003': ['creators/82189'], 'P12098': ['880508'], 'P10832': ['E39PBJt8pdGkkDtWQfDVRRXw4q'], 'P227': ['1348339438'], 'P9662': ['420800'], 'P13591': ['person/3cc9fd4a-d162-47d9-baf3-d17ecfc3ad5a'], 'P1015': ['13047703'], 'P5034': ['KAC2020N3992'], 'P14178': ['xx0176749'], 'P14750': ['5450-17A9-4717-0B4D-59CC']}"
Q109651356,Ralph Lewis,"psychiatrist at Sunnybrook Health Sciences Centre in Toronto, Canada",['Q5'],[],[],[],['Q211346'],{'P4862': ['B07D6G1KP8']}
Q69142484,Ralph L Sacco,American neurologist,['Q5'],['Q30'],[],['+1957-00-00T00:00:00Z'],"['Q1650915', 'Q1607826']","{'P214': ['54152682566723311383'], 'P496': ['0000-0003-4629-684X'], 'P1375': ['000224043'], 'P14225': ['981005774654109366'], 'P7293': ['9810675693505606']}"
Q3929794,Ralph Lewis,American basketball player-coach,['Q5'],['Q30'],['Q1345'],['+1963-03-28T00:00:00Z'],"['Q3665646', 'Q5137571']","{'P2685': ['l/lewisra01'], 'P3696': ['ralph-lewis-1'], 'P4718': ['lewisra01c'], 'P3957': ['50438'], 'P6865': ['6549'], 'P8548': ['5342'], 'P646': ['/m/0262knb'], 'P3647': ['77383'], 'P9514': ['10862'], 'P3368': ['1932928'], 'P12338': ['115679'], 'P7954': ['2730'], 'P3685': ['5446'], 'P3527': ['776808']}"
Q107369515,Ralph Lewis,British QC,['Q5'],[],[],['+1956-06-29T00:00:00Z'],"['Q40348', 'Q16533']",{'P4789': ['U24428']}
Q19076539,"Noble, John (DNB00)",entry in Dictionary of National Biography,['Q19389637'],[],[],[],[],{}
Q108579294,"Noble, John","entry in Alumni Oxonienses: the Members of the University of Oxford, 1715-1886",['Q19389637'],[],[],[],[],"{'P304': ['1025'], 'P478': ['3']}"
Q108579295,"Noble, John Henry Brunel","entry in Alumni Oxonienses: the Members of the University of Oxford, 1715-1886",['Q19389637'],[],[],[],[],"{'P304': ['1025'], 'P478': ['3']}"
Q103873299,"Noble, John Willock (1831-1912), secretary of the interior",encyclopedia article,['Q13433827'],[],[],[],[],"{'P2093': ['James G. Lewis'], 'P356': ['10.1093/ANB/9780198606697.ARTICLE.0500568']}"
Q927490,John Willock Noble,American politician (1831–1912),['Q5'],['Q30'],['Q986005'],['+1831-10-26T00:00:00Z'],"['Q40348', 'Q82955']","{'P244': ['n89125988'], 'P214': ['43430491'], 'P646': ['/m/039952'], 'P18': ['Interior-Noble.gif'], 'P373': ['John Willock Noble'], 'P648': ['OL6546219A'], 'P2163': ['266144'], 'P3430': ['w6vd75nz'], 'P535': ['9876'], 'P4823': ['0500568'], 'P213': ['000000002895937X'], 'P1225': ['10571595'], 'P8902': ['people/77763'], 'P109': ['Signature of John Willock Noble (1831–1912).png'], 'P8462': ['noadiah-nobles.html#174.59.42'], 'P3368': ['2239774'], 'P2600': ['6000000004214244083'], 'P10832': ['E39PBJfMmPD3mQr7JjCvHvtYfq'], 'P8445': ['104953'], 'P13591': ['person/a26cf060-ad31-4250-a1b6-a65a29c4121a'], 'P2949': ['Noble-10832']}"
Q108284778,James Hunter,"British Royal Navy officer, lieutenant in 1815 (1794-?)",['Q5'],['Q174193'],[],['+1794-07-21T00:00:00Z'],['Q10669499'],{}
Q110629692,James Hunter,Represented Essex from 1818 to 1823,['Q5'],[],[],[],['Q82955'],{'P9443': ['3209']}
Q109856731,James Hunter,,['Q5'],[],[],"['+1817-01-01T00:00:00Z', '+1817-04-25T00:00:00Z']",[],"{'P648': ['OL2435762A'], 'P4629': ['Hunter, James, 1817-1882'], 'P2753': ['hunter_james_11'], 'P12458': ['340219'], 'P13591': ['person/400b1ea3-6ada-4464-9f00-a3986120f1fb']}"
Q108054893,James Hunter,football player (born 1957),['Q5'],[],[],['+1957-09-13T00:00:00Z'],['Q19204627'],{'P3561': ['H/HuntJa23']}
Q133269355,James Hunter,,['Q5'],[],[],[],['Q2341443'],{}
Q7461675,Shahid Kamal,Pakistani career diplomat,['Q5'],['Q843'],['Q1354'],['+1952-01-01T00:00:00Z'],['Q20379302'],"{'P18': ['H.E. Ambassador Shahid Kamal.JPG'], 'P646': ['/m/080mvkq'], 'P373': ['Shahid Ahmad Kamal'], 'P3368': ['1883875'], 'P6640': ['1081577']}"
Q128819045,Pierre Walter,Person shot in the Mont-Valérien in 1942,['Q5'],[],['Q22752'],['+1906-04-29T00:00:00Z'],[],"{'P973': ['https://www.memoiredeshommes.sga.defense.gouv.fr/fr/ark:/40699/m00523bf92b46a03'], 'P4724': ['168094'], 'P268': ['100713162'], 'P2071': ['m00523bf92b46a03'], 'P214': ['316433801']}"
Q133649027,,,['Q5'],[],[],['+1950-01-01T00:00:00Z'],['Q1595570'],"{'P227': ['1204233624'], 'P213': ['0000000036732474'], 'P214': ['69176596'], 'P1368': ['000064561']}"
Q23794945,Waltch,cartoonist,['Q5'],[],[],['+1984-00-00T00:00:00Z'],[],"{'P268': ['157788866'], 'P213': ['000000000256701X'], 'P214': ['69262139'], 'P269': ['159284228'], 'P5951': ['11258'], 'P5491': ['14951'], 'P5035': ['w/waltch_pierre']}"
Q7192489,,American football player,['Q5'],['Q30'],['Q2483749'],['+1986-03-25T00:00:00Z'],['Q19204627'],"{'P3539': ['89816'], 'P646': ['/m/07k66k6'], 'P9338': ['pierre-walters'], 'P3561': ['W/WaltPi00'], 'P9728': ['124484-pierre-walters'], 'P2818': ['275147'], 'P10073': ['2158767'], 'P3368': ['1959549'], 'P14750': ['B5E2-4622-14D6-CA8D-210E']}"
Q110049125,Pierre Walter Politz,German theatre director,['Q5'],[],[],[],['Q3387717'],{}
Q22692218,Mathias Hartmann,,['Q5'],['Q183'],['Q1794'],['+1966-06-17T00:00:00Z'],"['Q161944', 'Q355493', 'Q152002']","{'P227': ['1028125747'], 'P214': ['290227682'], 'P244': ['n2014067514'], 'P213': ['0000000401434265'], 'P2671': ['/g/11bwcdvrtl'], 'P10553': ['730380815'], 'P10832': ['E39PBJmTt78d6MKyKTCQdFGJXd'], 'P13049': ['1028125747'], 'P13591': ['person/eba3ecf5-3a2f-4f93-841e-412fa428411e'], 'P7902': ['1028125747']}"
Q1537931,Gordie Roberts,American ice hockey player (born 1957),['Q5'],['Q30'],['Q12439'],['+1957-10-02T00:00:00Z'],['Q11774891'],"{'P18': ['Gordie Roberts 1976.jpg'], 'P2481': ['31441'], 'P2602': ['4599'], 'P3598': ['r/robergo02'], 'P3522': ['8450905'], 'P3567': ['11387'], 'P373': ['Gordie Roberts'], 'P646': ['/m/0f8rdx'], 'P5421': ['16335'], 'P4319': ['2692'], 'P3368': ['2317159']}"
Q114412171,G. W. Roberts-Borsani,researcher,['Q5'],[],[],[],['Q1650915'],{}
Q138582881,Gary Robertson,researcher,['Q5'],[],[],[],['Q1650915'],{'P496': ['0000-0002-7026-1383']}
Q164170,Philip Kotler,"American marketing author, consultant, and professor",['Q5'],['Q30'],['Q1297'],['+1931-05-27T00:00:00Z'],"['Q188094', 'Q170790', 'Q36180', 'Q1622272', 'Q43845']","{'P214': ['14771959'], 'P213': ['0000000118712151'], 'P434': ['bfad7394-b7d2-4db6-ba8e-b24dd1fc9efa'], 'P373': ['Philip Kotler'], 'P244': ['n79105772'], 'P227': ['121409600'], 'P18': ['Kotler-DSC 0510.jpg'], 'P349': ['00446205'], 'P691': ['jn20011018131'], 'P646': ['/m/080_yg'], 'P1006': ['068025998'], 'P648': ['OL216799A'], 'P2163': ['42557'], 'P949': ['000334092'], 'P3430': ['w6cg28kr'], 'P3417': ['Philip-Kotler'], 'P3987': ['34994'], 'P950': ['XX1141757'], 'P906': ['226356'], 'P269': ['026952904'], 'P5587': ['nl024kp607rw77p'], 'P1280': ['9839971'], 'P268': ['11910014r'], 'P109': ['Kotler autograph 2006.jpg'], 'P5739': ['43773'], 'P5034': ['KAC199634836'], 'P4862': ['B0028DGITO'], 'P1580': ['a1357374'], 'P1741': ['121523'], 'P5731': ['78163'], 'P1207': ['n95101003'], 'P7293': ['9810659846705606'], 'P1695': ['a0000001185882'], 'P4342': ['Philip_Kotler'], 'P3280': ['0000025011'], 'P1015': ['90055421'], 'P8179': ['ncf10063751'], 'P3846': ['87097968575907'], 'P1309': ['vtls003642183'], 'P6394': ['a11207668', 'a11207656'], 'P3348': ['178340'], 'P8189': ['987007308740405171'], 'P7699': ['LNB:V*341337;=BH'], 'P1368': ['000016527'], 'P271': ['DA00233712'], 'P7029': ['7754260'], 'P1375': ['000009796'], 'P1005': ['131777'], 'P3065': ['A003470014'], 'P3630': ['51121'], 'P9322': ['p0009864-Kotler-Philip-1931'], 'P1960': ['uJP1vRYAAAAJ'], 'P9629': ['12883'], 'P3222': ['philip-kotler'], 'P9984': ['981058515858206706'], 'P3368': ['48004'], 'P10553': ['081288298'], 'P396': ['CFIV011705'], 'P7502': ['Philip_Kotler-P49V83'], 'P2450': ['4128'], 'P11496': ['1140000791869139072'], 'P11249': ['14126945'], 'P11686': ['981058515858206706'], 'P496': ['0000-0001-6211-0537'], 'P11182': ['87257'], 'P9871': ['3921'], 'P856': ['https://pkotler.org'], 'P12458': ['157327'], 'P10832': ['E39PBJmhPbjmyrMfPxwWfjvWDq'], 'P4619': ['000282694'], 'P10227': ['vtls000814219'], 'P409': ['35280801'], 'P9171': ['119174'], 'P13049': ['121409600'], 'P10608': ['agent/gnd_121409600'], 'P10387': ['22630'], 'P1315': ['193302'], 'P6640': ['444184'], 'P13591': ['person/f72b0b88-0c81-4436-88e6-bc8cb152ed1e'], 'P13906': ['103077'], 'P7031': ['philip-kotler'], 'P1048': ['000003192'], 'P13951': ['72072', '72075', '72079', '72126', '72130', '72138', '72190', '72194', '72198'], 'P10400': ['5289'], 'P14178': ['jn20011018131'], 'P14225': ['981005673254909366'], 'P13204': ['gptz673e']}"
Q139809105,Philip Kotler: some of my adventures in marketing,,['Q13442814'],[],[],[],[],"{'P433': ['2'], 'P356': ['10.1108/JHRM-11-2016-0027'], 'P304': ['203-208'], 'P478': ['9'], 'P2093': ['Philip Kotler'], 'P953': ['https://doi.org/10.1108/jhrm-11-2016-0027']}"
Q16731279,Kenneth C. Laudon,American academic,['Q5'],[],[],['+1944-01-01T00:00:00Z'],"['Q901', 'Q1622272', 'Q70631379']","{'P227': ['123875196'], 'P214': ['85402487'], 'P244': ['n85219750'], 'P268': ['12532686m'], 'P269': ['034586342'], 'P1015': ['90520276'], 'P1207': ['n94303701'], 'P213': ['0000000121028174'], 'P1006': ['073859869'], 'P1280': ['15250787'], 'P691': ['xx0016155'], 'P5034': ['KAC200604360'], 'P646': ['/m/0519l3c'], 'P3987': ['27616'], 'P648': ['OL34717A'], 'P8189': ['987007436801205171'], 'P11249': ['14029506'], 'P11496': ['1140000791702710912'], 'P271': ['DA00939583'], 'P11686': ['981058611257106706'], 'P9984': ['981058611257106706'], 'P11182': ['89940'], 'P12458': ['296261'], 'P10832': ['E39PBJcGq6PGXpV8hBxrXFPRKd'], 'P1368': ['000063132'], 'P13049': ['123875196'], 'P13591': ['person/9ba6f593-3879-4900-a681-935a6125667e'], 'P13951': ['310223', '565228', '565230']}"
Q106329947,Jane Price Laudon,,['Q5'],[],[],['+1920-00-00T00:00:00Z'],['Q16849727'],"{'P214': ['29643448'], 'P213': ['0000000117544504'], 'P244': ['n86036221'], 'P268': ['12532692j'], 'P269': ['034586407'], 'P227': ['124931316'], 'P1015': ['90757719'], 'P1207': ['n97008784'], 'P1368': ['000063143'], 'P1006': ['073859877'], 'P4619': ['000227169'], 'P8179': ['ncf12077595'], 'P8189': ['987007364164605171'], 'P5034': ['KAC200604361'], 'P271': ['DA02982302'], 'P691': ['xx0016154'], 'P1375': ['000347704'], 'P1005': ['686601'], 'P3065': ['A003499186'], 'P3987': ['27617'], 'P1315': ['1201391'], 'P1280': ['15255907'], 'P1556': ['laudon.jane-price'], 'P1580': ['a1040055'], 'P8848': ['4386150'], 'P9251': ['65293'], 'P3348': ['178553'], 'P9984': ['981058611256706706'], 'P11249': ['14029508'], 'P11686': ['981058611256706706'], 'P11496': ['1140563741824956672'], 'P11182': ['90128'], 'P10832': ['E39PBJmXKCvwHkY4XFH8cMbrv3'], 'P13049': ['124931316'], 'P14225': ['981005803623809366']}"
Q6396753,Kevin Lane Keller,American business theorist,['Q5'],['Q30'],[],['+1956-06-23T00:00:00Z'],['Q48072011'],"{'P214': ['7681990'], 'P213': ['0000000122761650'], 'P1006': ['217252907'], 'P3430': ['w6820t4q'], 'P227': ['132842920'], 'P3987': ['295857'], 'P269': ['07954889X'], 'P268': ['15101009c'], 'P1280': ['25190499'], 'P691': ['mzk2007411198'], 'P244': ['n89644910'], 'P5034': ['KAC200205088'], 'P5739': ['42436'], 'P1580': ['a1276878'], 'P1207': ['n99020703'], 'P646': ['/m/0g875j'], 'P8851': ['55036681'], 'P7293': ['9810662391705606'], 'P9984': ['981058512270006706'], 'P11686': ['981058512270006706'], 'P11182': ['61210'], 'P3368': ['2133536'], 'P648': ['OL391962A'], 'P12458': ['147983'], 'P10832': ['E39PBJyxbJfXdVJ7GfVFcW83cP'], 'P1368': ['000062982'], 'P13049': ['132842920'], 'P10387': ['91529'], 'P1015': ['97037465'], 'P4619': ['000378566'], 'P8179': ['ncf10534890'], 'P3348': ['195350'], 'P7699': ['LNB:7G0;=jn'], 'P349': ['00814934'], 'P271': ['DA05951983'], 'P409': ['35963926'], 'P1375': ['000340511'], 'P3065': ['A009328014'], 'P11496': ['1140000791691094656'], 'P13591': ['person/e6290bc7-7c2a-4338-979a-a1c3e14b5854'], 'P13951': ['471885', '780986'], 'P10400': ['70000'], 'P14225': ['981005763672609366'], 'P9322': ['0250984-Keller-Kevin-Lane-1956']}"
Q93386547,Gary Dessler,,['Q5'],[],[],['+1942-00-00T00:00:00Z'],"['Q188094', 'Q12314916']","{'P213': ['0000000108766834'], 'P214': ['19775722'], 'P244': ['n79007745'], 'P1580': ['a1034888'], 'P906': ['302958'], 'P1207': ['n97031456'], 'P5587': ['20dhms6l54cdxzl'], 'P3348': ['343015'], 'P3987': ['106069'], 'P1280': ['10582115'], 'P8189': ['987007431794105171'], 'P268': ['12460921t'], 'P269': ['033781109'], 'P691': ['jn19990001729'], 'P227': ['124156509'], 'P9984': ['981058523645806706'], 'P11686': ['981058523645806706'], 'P11182': ['86943'], 'P1368': ['000048733'], 'P13591': ['person/1f372795-6cbd-4468-b02c-744b1770dad1'], 'P13906': ['54276'], 'P13951': ['457709']}"
Q93412593,Jay H. Heizer,,['Q5'],[],[],['+1935-09-23T00:00:00Z'],[],"{'P213': ['0000000106528461'], 'P214': ['2568931'], 'P244': ['n85051623'], 'P1580': ['a1213405'], 'P1207': ['n02032527'], 'P691': ['vse2010577716'], 'P3987': ['107619'], 'P906': ['339199'], 'P8189': ['987007374040405171'], 'P268': ['12459092t'], 'P269': ['08597806X'], 'P227': ['129581100'], 'P9984': ['981058523838506706'], 'P11686': ['981058523838506706'], 'P11182': ['2583'], 'P5587': ['31fjp5hm3jq73kt'], 'P13951': ['468054']}"
Q112418918,Barry Render,,['Q5'],[],[],['+1946-00-00T00:00:00Z'],['Q121594'],"{'P691': ['vse2009498868'], 'P214': ['86417679'], 'P1207': ['n99007606'], 'P213': ['0000000116819203'], 'P244': ['n78006868'], 'P268': ['12459091g'], 'P269': ['03375571X'], 'P1280': ['29398371'], 'P8189': ['987007459827705171'], 'P3987': ['107620'], 'P227': ['135972833'], 'P9984': ['981058595855306706'], 'P11686': ['981058595855306706'], 'P11182': ['86827'], 'P5034': ['KAC199636104'], 'P13591': ['person/865693e9-8054-44d7-82fc-b24c4656a57b']}"
Q38625882,,American gestor,['Q5'],['Q30'],[],['+1909-00-00T00:00:00Z'],['Q5673576'],"{'P214': ['55438558'], 'P269': ['082068216'], 'P691': ['vse2012738731'], 'P1006': ['068655436', '131317792'], 'P1015': ['90662956'], 'P1207': ['n97031932'], 'P213': ['0000000109743677'], 'P244': ['n80015704'], 'P949': ['000426431'], 'P2163': ['1443301'], 'P5034': ['KAC2018N7335'], 'P3987': ['107712'], 'P8189': ['987007279703805171'], 'P11182': ['7167'], 'P10832': ['E39PBJfcTxPXWqrRjmpTWpQ6rq'], 'P13591': ['person/6a9dd465-08fa-4e23-bb34-e94d807b7492']}"
Q209641,John le Carré,British novelist and spy (1931–2020),['Q5'],"['Q145', 'Q27']",['Q203349'],['+1931-10-19T00:00:00Z'],"['Q6625963', 'Q28389', 'Q3282637', 'Q33999', 'Q9352089', 'Q36180']","{'P244': ['n79083252'], 'P214': ['109254932'], 'P227': ['119029375'], 'P213': ['000000012284048X', '0000000368652534'], 'P434': ['1b4ea83b-9839-4956-991d-f7f736ccff28'], 'P345': ['nm0494170'], 'P349': ['00447071'], 'P691': ['jn19981001731'], 'P18': ['John le Carré cropped.jpg'], 'P646': ['/m/018nqq'], 'P906': ['70373'], 'P1015': ['90064887'], 'P373': ['John le Carré'], 'P856': ['http://www.johnlecarre.com/'], 'P1006': ['068817959'], 'P1289': ['18000000263'], 'P866': ['john-le-carre'], 'P396': ['CFIV004058', 'TO0V713804'], 'P1263': ['449/000023380'], 'P1953': ['1626155'], 'P742': ['John le Carré'], 'P1816': ['mp06476'], 'P2163': ['39850'], 'P1266': ['38131'], 'P2435': ['150180'], 'P648': ['OL2101074A', 'OL7486204A'], 'P2639': ['d998646d7c444ed8b15abc97fe53ddfd'], 'P109': ['John le Carré signature.png'], 'P2168': ['104802'], 'P2019': ['p167789'], 'P2519': ['7775'], 'P2605': ['75609'], 'P2604': ['48895'], 'P3221': ['person/john-le-carre'], 'P950': ['XX886633'], 'P409': ['35295173'], 'P1207': ['n94200806'], 'P1005': ['24159'], 'P1417': ['biography/John-le-Carre'], 'P3417': ['John-LeCarre'], 'P3569': ['literatuur-internationaal/john-le-carre'], 'P2924': ['2138089', '5865420'], 'P3219': ['john-le-carre'], 'P1368': ['000009303'], 'P1741': ['88535'], 'P1296': ['0015292'], 'P3029': ['F62300'], 'P5414': ['1250'], 'P5534': ['20422'], 'P5357': ['le_carre_john'], 'P5587': ['75kmhcxr2pvm0q2'], 'P1280': ['8539235'], 'P3630': ['18797'], 'P269': ['026972069'], 'P268': ['11911547b'], 'P3987': ['386508'], 'P1580': ['a1244542'], 'P1977': ['256661'], 'P7029': ['776405'], 'P3280': ['0000063602'], 'P949': ['000081750'], 'P1375': ['000095567'], 'P3065': ['A000103292'], 'P5034': ['KAC199605747'], 'P271': ['DA01797790'], 'P6394': ['a11231002', 'a11131597'], 'P4619': ['000163366'], 'P3846': ['87097968619785'], 'P1670': ['0052K2385'], 'P1315': ['901309'], 'P1284': ['00000011513'], 'P5019': ['le-carre-john'], 'P6844': ['121868'], 'P7704': ['agent/base/61777'], 'P7400': ['carrejohnle'], 'P3154': ['carrejoh'], 'P4342': ['John_le_Carré'], 'P7865': ['95a5yja38danygu695b5yc1g6gr3ae0'], 'P7902': ['119029375'], 'P6839': ['Creator/JohnLeCarre'], 'P8295': ['6836987'], 'P7982': ['35758'], 'P2638': ['people/john-le-carre', 'people/john-le-carr-1'], 'P4293': ['pe/011091'], 'P5063': ['i95919'], 'P2963': ['1411964'], 'P3348': ['199649'], 'P8848': ['3746918'], 'P5297': ['hvfnKovbX6P8Ej__tydaYt91-H0'], 'P8796': ['10795'], 'P1607': ['2504051'], 'P8037': ['19344'], 'P7293': ['9810588174405606'], 'P8980': ['000050217'], 'P1695': ['a0000002870788'], 'P1255': ['119029375'], 'P3788': ['000049487'], 'P5617': ['john-le-carre-4537'], 'P4789': ['U11935'], 'P7666': ['john-le-carre'], 'P4985': ['20422'], 'P9807': ['164745'], 'P9918': ['PE00202868'], 'P3222': ['john-le-carre'], 'P9984': ['981058513021806706'], 'P8189': ['987007264315305171'], 'P10242': ['03769/eu_l_1123/l1123'], 'P8313': ['John_le_Carré'], 'P9995': ['106163'], 'P3368': ['1671012'], 'P9247': ['16269'], 'P10553': ['079817491'], 'P10266': ['38131'], 'P2600': ['6000000030809849001'], 'P4666': ['5497'], 'P5408': ['l/john-le-carre'], 'P8125': ['382707'], 'P9251': ['117739'], 'P4514': ['52218'], 'P9965': ['188146'], 'P10302': ['dzhon-le-karre'], 'P11496': ['1140282266580020608'], 'P11249': ['14302988'], 'P2607': ['730c0ee2-a394-44b7-8675-24ab25d7481b'], 'P11683': ['dzhon-le-karre'], 'P11686': ['981058513021806706'], 'P10832': ['E39PBJy8tD34WPqJ3hXmjBtHYP'], 'P7369': ['000011273'], 'P8179': ['ncf10161976'], 'P7699': ['LNB:V*379981;=BX'], 'P7026': ['10847'], 'P10227': ['vtls000062391'], 'P7700': ['vtls005693817'], 'P7039': ['000030420'], 'P7024': ['000001545'], 'P9594': ['8348'], 'P1617': ['c309bda9-6948-4b90-987a-36111e9fadfb'], 'P6200': ['cxlmdkk0x9dt'], 'P7305': ['3931030'], 'P11870': ['2652'], 'P11158': ['4876'], 'P11180': ['15518'], 'P10780': ['john-le-carre'], 'P8795': ['27444'], 'P12098': ['879283'], 'P2949': ['Cornwell-1579'], 'P12385': ['john-le-carre'], 'P12386': ['u12970'], 'P2188': ['14134'], 'P12597': ['260158'], 'P12458': ['174989'], 'P8381': ['john-le-carré'], 'P13019': ['82579'], 'P13049': ['119029375'], 'P3365': ['john-le-carre'], 'P9707': ['55792'], 'P13022': ['188912'], 'P13183': ['119029375'], 'P9964': ['119029375'], 'P10387': ['2665'], 'P6640': ['23869'], 'P13591': ['person/a559cbbf-66b2-457c-82d2-f037f93208de'], 'P7803': ['62972'], 'P6385': ['kultura_i_obrazovanie/literatura/LE_KARRE_DZHON.html'], 'P13951': ['298369', '1513241', '1513240'], 'P9802': ['2140966'], 'P10400': ['6784'], 'P14178': ['jn19981001731'], 'P12502': ['17935'], 'P14225': ['981005682941109366'], 'P13204': ['dtvr9hbv'], 'P14211': ['981013402548907712'], 'P13613': ['105960'], 'P8168': ['Q1059869'], 'P9322': ['p0000906-Le-Carre-John-19312020'], 'P8969': ['53000'], 'P13772': ['john-le-carre-2', 'john-le-carre'], 'P14750': ['F726-3447-98C4-DA35-A6DF'], 'P8814': ['11142815-n'], 'P12451': ['151060435'], 'P2581': ['00025386n'], 'P7553': ['809224'], 'P7214': ['9424']}"
Q47512678,John Le Carre,painting by Don Ivan Punchatz,['Q3305213'],[],[],[],[],"{'P217': ['NPG.78.TC280'], 'P6152': ['NPG.78.TC280'], 'P4692': ['npg/56370'], 'P7851': ['npg_NPG.78.TC280'], 'P9473': ['sm40c0a2f10-0522-44a3-a0d3-c203f40eccc0']}"
Q104413918,John le Carré bibliography,list of works,['Q1631107'],[],[],[],[],{}
Q21775777,John le Carré: The Biography,2015 book by Adam Sisman,['Q7725634'],[],[],[],[],{'P2671': ['/g/11b5m0kdf1']}
Q12126899,A Perfect Spy,1987 TV Mini Series,"['Q5398426', 'Q1259759']",[],[],[],[],"{'P345': ['tt0092425'], 'P2603': ['280931'], 'P3138': ['131262'], 'P2529': ['88846'], 'P1970': ['34976'], 'P480': ['274346'], 'P3143': ['92144'], 'P1562': ['v274312'], 'P2334': ['72349'], 'P4835': ['91731'], 'P6127': ['a-perfect-spy'], 'P4983': ['34344'], 'P4282': ['140257'], 'P10432': ['4981'], 'P11460': ['5d9c0866d4f2a9001f8007ab'], 'P8013': ['shows/a-perfect-spy'], 'P12096': ['93772'], 'P12544': ['a-perfect-spy-ratings-3473'], 'P12683': ['film/40293'], 'P12492': ['164776'], 'P7985': ['12648074'], 'P8600': ['18424'], 'P646': ['/m/04656gz']}"
Q139478718,,,['Q5'],[],[],[],['Q1622272'],"{'P691': ['jcu20211130293'], 'P213': ['0000000037035451'], 'P496': ['0000-0002-1188-4492']}"
Q3761260,Gerry McNamara,American basketball player and coach (born 1983),['Q5'],['Q30'],['Q271395'],['+1983-08-28T00:00:00Z'],"['Q3665646', 'Q5137571']","{'P373': ['Gerry McNamara'], 'P646': ['/m/04vsnc'], 'P18': ['G-Mac during warmups.jpg'], 'P3696': ['gerry-mcnamara-1'], 'P4790': ['gerry-mcnamara-1'], 'P4744': ['m/mcnamge01d'], 'P3957': ['947'], 'P6865': ['33708'], 'P3527': ['45666'], 'P9514': ['6586'], 'P973': ['https://cuse.com/sports/mens-basketball/roster/gerry-mcnamara/3079', 'https://cuse.com/staff-directory/gerry-mcnamara/290'], 'P968': ['mailto:gtmcnama@syr.edu'], 'P2002': ['Coach_McNamara'], 'P8777': ['2988075'], 'P7954': ['3110'], 'P3685': ['3861'], 'P4751': ['gerry-mcnamara-1'], 'P12338': ['157504'], 'P3536': ['lfu'], 'P14105': ['3000388969']}"
Q5552909,Gerry McNamara,Canadian ice hockey player,['Q5'],['Q16'],['Q3045039'],['+1934-09-22T00:00:00Z'],['Q11774891'],"{'P18': ['Gerry McNamara.png'], 'P2602': ['10758'], 'P3567': ['18622'], 'P646': ['/m/03nr94v'], 'P2481': ['198982'], 'P3522': ['8450039'], 'P373': ['Gerry McNamara (ice hockey)'], 'P5421': ['115336'], 'P3598': ['m/mcnamge02'], 'P4319': ['14969'], 'P2949': ['McNamara-5479'], 'P345': ['nm14286418'], 'P3368': ['2308451', '653465']}"
Q57010537,Seung Hyun Lee,researcher (ORCID 0000-0002-0311-6565),['Q5'],[],[],[],['Q1650915'],"{'P496': ['0000-0002-0311-6565'], 'P1153': ['57192516744']}"
Q61142977,Seung-Hyun Lee,researcher ORCID ID = 0000-0001-7549-9430,['Q5'],[],[],[],['Q1650915'],"{'P496': ['0000-0001-7549-9430'], 'P2798': ['719919']}"
Q109657440,Seung-hyun Lee,South Korean legal scholar and human rights activist,['Q5'],['Q884'],[],['+1982-10-08T00:00:00Z'],"['Q185351', 'Q1622272', 'Q1476215']","{'P2013': ['nuhog'], 'P213': ['0000000476622519'], 'P8223': ['P2019016093'], 'P5034': ['KAC201863194'], 'P214': ['48154590173143081923'], 'P10509': ['61305'], 'P8885': ['이승현(헌법학자)']}"
Q91790563,Seung Hyun Lee,researcher (ORCID 0000-0002-1109-6787),['Q5'],[],[],[],['Q1650915'],{'P496': ['0000-0002-1109-6787']}
Q88487774,Seung Hyun Lee,researcher (ORCID 0000-0002-4113-5118),['Q5'],[],[],[],['Q1650915'],"{'P496': ['0000-0002-4113-5118'], 'P6178': ['01037746663.92'], 'P2456': ['23/774-2']}"
Q112386596,Stephen P. Robbins,,['Q5'],[],[],['+1943-00-00T00:00:00Z'],[],"{'P691': ['xx0022227'], 'P214': ['9309165628869442480005'], 'P10387': ['126204'], 'P13951': ['469714'], 'P10400': ['179659'], 'P9322': ['0209588-Robbins-Stephen-P-1943']}"
Q46249969,Stephen Paul Robbins,American business theorist,['Q5'],['Q30'],['Q65'],['+1940-00-00T00:00:00Z'],['Q48072011'],"{'P268': ['12460797h'], 'P269': ['033779775'], 'P213': ['0000000121388460'], 'P227': ['124203973'], 'P1280': ['6277475'], 'P244': ['n79119223'], 'P5034': ['KAC199623143'], 'P214': ['71489109'], 'P950': ['XX1654371'], 'P906': ['325527'], 'P5739': ['67465'], 'P1580': ['a1011219'], 'P1006': ['068466692'], 'P1207': ['n97031385'], 'P5587': ['c9pszxkw5gl4gck'], 'P7293': ['9810562585205606'], 'P2671': ['/g/11b72tzppl'], 'P3987': ['107507'], 'P8189': ['987007518963105171'], 'P9984': ['981058511957306706'], 'P11686': ['981058511957306706'], 'P11182': ['87294'], 'P12458': ['146984'], 'P10832': ['E39PBJpYBRdw3wpw8QrhywgHYP'], 'P1368': ['000012459'], 'P13049': ['124203973'], 'P13166': ['243493'], 'P13591': ['person/49eca8ff-95d7-44d9-b9d8-3ecbf8f165c6'], 'P14112': ['Robbins, Stephen P.'], 'P11158': ['6338'], 'P8849': ['54729573'], 'P1315': ['1304293'], 'P3280': ['0000852314'], 'P1015': ['90660018'], 'P8179': ['ncf10148713'], 'P3348': ['295418'], 'P7699': ['LNB:V*336839;=BS'], 'P349': ['00667924'], 'P271': ['DA0082812X'], 'P409': ['36580716'], 'P1375': ['000061226'], 'P3065': ['A003750540'], 'P11496': ['1981712334673383110']}"
Q432929,Andrew Grove,"Hungarian-born American businessman, engineer and author (1936–2016)",['Q5'],"['Q30', 'Q28']","['Q1781', 'Q30']",['+1936-09-02T00:00:00Z'],"['Q81096', 'Q131524', 'Q36180', 'Q121594', 'Q901']","{'P244': ['n83040150'], 'P214': ['108281008'], 'P227': ['13408831X'], 'P18': ['Andrew Grove.jpg'], 'P349': ['00441846'], 'P373': ['Andrew Grove'], 'P646': ['/m/018fvy'], 'P1006': ['070897395'], 'P648': ['OL319610A'], 'P2190': ['andrewgrove'], 'P2163': ['110471'], 'P3348': ['81462'], 'P1263': ['328/000058154'], 'P951': ['000000008354'], 'P1015': ['90915211'], 'P1207': ['n97031807'], 'P1368': ['000087091'], 'P1296': ['22022618'], 'P1417': ['biography/Andrew-S-Grove'], 'P3987': ['130527'], 'P213': ['0000000117793471'], 'P269': ['028619536'], 'P2179': ['10011361'], 'P268': ['120418372'], 'P691': ['kup19980000033921'], 'P5034': ['KAC2018O2643', 'KAC201721749'], 'P1284': ['00000019383'], 'P3133': ['358304'], 'P8849': ['54256229'], 'P7293': ['9810556006105606'], 'P3630': ['224077'], 'P1280': ['56073571'], 'P396': ['LO1V029860'], 'P8189': ['987007309283705171'], 'P10242': ['02573/eu_g_3190/g3190'], 'P2600': ['6000000028044978230'], 'P4823': ['20693'], 'P10660': ['40297'], 'P2949': ['Gróf-48'], 'P11249': ['14462186'], 'P3973': ['PIM645598'], 'P11182': ['14756'], 'P3368': ['1673853'], 'P271': ['DA00431035'], 'P11496': ['1140282266803440256'], 'P12385': ['andrew-grove'], 'P12354': ['andrew_s_grove'], 'P12582': ['20110803095910295'], 'P10832': ['E39PBJtxkQKBj8crrxXgH7cHG3'], 'P2963': ['37708'], 'P13049': ['13408831X'], 'P13183': ['13408831X'], 'P10387': ['92017'], 'P13408': ['29286'], 'P6640': ['140137'], 'P8445': ['37256'], 'P13591': ['person/86d9df29-42db-47c1-9e9f-7570aa8da097'], 'P13906': ['112665'], 'P14178': ['kup19980000033921'], 'P9322': ['p0078228-Grove-Andrew-S-19362016']}"
Q123589625,Andrew S. Grove Dies at 79; Intel Chief Spurred Semiconductor Revolution,"The New York Times article (March 23, 2016)",['Q309481'],[],[],[],[],"{'P953': ['https://www.nytimes.com/2016/03/22/technology/andrew-grove-intel-obituary.html'], 'P2322': ['100000003861563']}"
Q112383110,Eugene F. Brigham,1930-,['Q5'],[],[],['+1930-00-00T00:00:00Z'],['Q188094'],"{'P691': ['kup19980000011048'], 'P214': ['71469804'], 'P1280': ['8976995'], 'P7293': ['9810702607405606'], 'P950': ['XX1153665'], 'P213': ['0000000081511929'], 'P227': ['124803059'], 'P3987': ['89067'], 'P244': ['n79046106'], 'P269': ['032700113'], 'P268': ['12367995w'], 'P8189': ['987007278220505171'], 'P11182': ['87050'], 'P5034': ['KAC201216347'], 'P1368': ['000004257'], 'P13591': ['person/cb3fbc4f-77df-4d04-89bc-d237511ad9ae'], 'P13906': ['23398'], 'P13951': ['429651', '558585']}"
Q112390984,Michael C. Ehrhardt,1955-,['Q5'],[],[],['+1955-00-00T00:00:00Z'],['Q188094'],"{'P691': ['vse2005278937'], 'P214': ['5031644'], 'P1207': ['n2010146541'], 'P1280': ['9045091'], 'P213': ['0000000083524395'], 'P244': ['n93088972'], 'P268': ['12475600f'], 'P269': ['033951438'], 'P227': ['130090387'], 'P8189': ['987007339728605171'], 'P11182': ['62520'], 'P13591': ['person/bd8f51a6-8b84-4a8c-9613-64868a4de863']}"
Q7350714,Robert W. Mondy,American historian (1908–1997),['Q5'],['Q30'],['Q2271328'],"['+1908-11-04T00:00:00Z', '+1940-00-00T00:00:00Z']","['Q201788', 'Q37226', 'Q832136']","{'P214': ['32097686'], 'P213': ['0000000108851916'], 'P227': ['138181969'], 'P244': ['n79122315'], 'P1207': ['n97031950'], 'P1368': ['000118128'], 'P1006': ['072291338'], 'P269': ['033951357'], 'P268': ['124755930'], 'P691': ['mzk2014849420'], 'P8189': ['987007427313805171'], 'P11182': ['65954'], 'P10832': ['E39PBJqw4MwrMHMfpdBHtHCxXd']}"
Q134622746,,management scientist (1954-),['Q5'],[],[],"['+1954-01-01T00:00:00Z', '+1954-03-13T00:00:00Z']",['Q89000321'],"{'P1280': ['14132067'], 'P1207': ['n2007153457'], 'P214': ['111789480'], 'P213': ['0000000110835878'], 'P244': ['n88074707'], 'P268': ['12475594b'], 'P269': ['033951365'], 'P1015': ['90762127'], 'P1006': ['141533099'], 'P973': ['https://librarycatalog.usj.edu.lb/cgi-bin/koha/opac-authoritiesdetail.pl?authid=375907'], 'P8189': ['987007394508605171'], 'P11182': ['80289'], 'P8179': ['ncf11303860'], 'P7699': ['LNB:DB3a;=BA'], 'P3065': ['A003710714'], 'P13906': ['30674']}"
Q112380398,Ronald Knowles,,['Q5'],[],[],['+1940-00-00T00:00:00Z'],['Q1569495'],"{'P691': ['xx0013555'], 'P214': ['110010895'], 'P1207': ['n2005032806'], 'P213': ['0000000109340413'], 'P8189': ['987007274623405171'], 'P244': ['n85186036'], 'P3987': ['167757'], 'P268': ['12734161q'], 'P269': ['07000546X'], 'P227': ['174048238'], 'P11249': ['14513682'], 'P13591': ['person/35c72697-ff9e-44e6-9f85-26a3c04b60c7']}"
Q113481605,Joseph J. Martocchio,American psychologist,['Q5'],['Q30'],[],[],"['Q212980', 'Q1622272']","{'P214': ['269737854'], 'P1015': ['3053198'], 'P8179': ['ncf11360503'], 'P227': ['171600509'], 'P213': ['0000000383441997'], 'P8189': ['987007439337505171'], 'P244': ['n96110820'], 'P271': ['DA13609311'], 'P691': ['utb2015868163'], 'P1006': ['217008089'], 'P1207': ['n2013204300'], 'P3065': ['A006254779'], 'P269': ['091985927'], 'P11496': ['1140000791802717440'], 'P11182': ['37014'], 'P10832': ['E39PCjKxbw6QHP7JCRvkJPRbtX'], 'P13591': ['person/d323a446-d6a1-46b8-81c7-f9527bb88b6d'], 'P13906': ['1628478']}"
Q112445340,Thomas L. Wheelen,,['Q5'],[],[],['+1935-00-00T00:00:00Z'],"['Q1622272', 'Q36180', 'Q15978655', 'Q188094']","{'P691': ['vse2011669572'], 'P214': ['16116309'], 'P213': ['0000000082015134'], 'P1207': ['n01106344'], 'P1280': ['52303971'], 'P3987': ['109402'], 'P244': ['n82090271'], 'P269': ['078170354'], 'P227': ['141563990'], 'P11249': ['14073709'], 'P4619': ['000257915'], 'P8189': ['987007426081605171'], 'P1375': ['000285247'], 'P7699': ['LNB:BRuC;=Bi'], 'P271': ['DA02370077'], 'P396': ['UBOV036007'], 'P3368': ['525274'], 'P11496': ['1140563741633060864'], 'P11182': ['3044'], 'P1368': ['000348992'], 'P13951': ['71410'], 'P646': ['/m/05ykm36'], 'P14225': ['981005752092809366']}"
Q112383715,J. David Hunger,,['Q5'],[],[],['+1941-00-00T00:00:00Z'],['Q121594'],"{'P691': ['kup19980000041438'], 'P214': ['84484788'], 'P1207': ['n01106345'], 'P1280': ['52302435'], 'P213': ['0000000110739501'], 'P3987': ['115696'], 'P244': ['n82091139'], 'P8189': ['987007461072805171'], 'P269': ['078170656'], 'P227': ['170544133'], 'P11249': ['14073711'], 'P11182': ['62834'], 'P1368': ['000348989'], 'P13591': ['person/1a479757-5056-4d85-8131-cf8ab6963bdf'], 'P13951': ['547754']}"
Q104099076,Dennis Lock,"Danish cyclist, born 2002",['Q5'],['Q756617'],['Q27119'],['+2002-05-17T00:00:00Z'],['Q2309784'],"{'P1663': ['244542'], 'P2003': ['dennisrlock'], 'P1409': ['176356'], 'P18': ['Dennis Lock (2022-05-08).jpeg'], 'P373': ['Dennis Lock'], 'P10902': ['121537'], 'P11020': ['522839'], 'P646': ['11']}"
Q5258663,Dennis Lock,English cricketer (born 1950),['Q5'],['Q145'],['Q34217'],['+1950-08-16T00:00:00Z'],['Q12299841'],"{'P2697': ['16722'], 'P646': ['/m/0gvvrxc'], 'P2698': ['34717'], 'P3368': ['2383893']}"
Q112409558,Dennis Lock,,['Q5'],[],[],['+1929-00-00T00:00:00Z'],['Q15978655'],"{'P691': ['vse2007423300'], 'P214': ['101927176'], 'P8189': ['987007429458505171'], 'P7293': ['9810544241905606'], 'P213': ['0000000081707606'], 'P244': ['n50050758'], 'P268': ['122761913'], 'P269': ['031573169'], 'P227': ['1172352550'], 'P11249': ['14021672'], 'P9984': ['981058515563806706'], 'P11686': ['981058515563806706'], 'P646': ['/m/05ymk8w'], 'P1015': ['90060721'], 'P7699': ['LNB:+Gf;=BN'], 'P1368': ['000033958'], 'P271': ['DA00738832'], 'P1006': ['069731772'], 'P1207': ['n97018999'], 'P3065': ['A003527476'], 'P11496': ['1140000791797532160'], 'P11182': ['86752'], 'P3348': ['83859'], 'P13591': ['person/128f3c97-95b6-46b2-9413-d57869c30dc6']}"
Q13583393,Charles Thomas Horngren,American accounting scholar (1926-2011),['Q5'],['Q30'],['Q37836'],['+1926-10-28T00:00:00Z'],"['Q326653', 'Q111724657', 'Q1051798']","{'P214': ['54267828'], 'P950': ['XX5441746'], 'P227': ['129194565'], 'P213': ['0000000122801309'], 'P244': ['n50030812'], 'P349': ['00443766'], 'P691': ['vse2006344661'], 'P409': ['35422193'], 'P1006': ['069218889'], 'P1207': ['n97031573'], 'P906': ['297635'], 'P271': ['DA00285035'], 'P1375': ['000407871'], 'P3987': ['108122'], 'P2163': ['10268'], 'P268': ['126134475'], 'P269': ['05931785X'], 'P1315': ['947018'], 'P5587': ['mkz265v509gqfcb'], 'P1280': ['7294307'], 'P5034': ['KAC199612813'], 'P5739': ['38165'], 'P1309': ['vtls000873809'], 'P8851': ['27332199'], 'P646': ['/m/012vy3c9'], 'P3368': ['669114'], 'P8189': ['987007437023605171'], 'P11249': ['14073641'], 'P11496': ['1140282266764147712'], 'P11158': ['23825'], 'P11182': ['51771'], 'P12458': ['118796'], 'P10832': ['E39PBJwHgw9rbTT8QWwg38bDbd'], 'P1368': ['000094590'], 'P13049': ['129194565'], 'P396': ['MILV041239'], 'P13906': ['150054'], 'P13951': ['64519', '64551', '64552', '64554', '502581'], 'P14178': ['vse2006344661'], 'P14225': ['981005804393809366']}"
Q203906,Frederick Winslow Taylor,American mechanical engineer (1856–1915),['Q5'],['Q30'],['Q279890'],['+1856-03-20T00:00:00Z'],"['Q188094', 'Q27827744', 'Q1906857', 'Q9379869', 'Q36180', 'Q81096', 'Q16849727']","{'P373': ['Frederick Winslow Taylor'], 'P244': ['n50008202'], 'P214': ['66505279'], 'P227': ['11880149X'], 'P213': ['000000011323148X'], 'P268': ['121549572'], 'P269': ['030055806'], 'P349': ['00458389'], 'P691': ['jn20010420035'], 'P646': ['/m/01d2p8'], 'P1447': ['ta/frederick-taylor-1'], 'P1006': ['068811314'], 'P245': ['500087467'], 'P1938': ['2055'], 'P648': ['OL223463A'], 'P1315': ['989747', '613029'], 'P935': ['Frederick Winslow Taylor'], 'P1296': ['0065320'], 'P2163': ['2313'], 'P950': ['XX915067'], 'P409': ['35541093'], 'P1207': ['n99041156'], 'P1005': ['258740'], 'P1017': ['ADV11305937'], 'P3348': ['263446'], 'P3430': ['w6q81djm'], 'P535': ['11349052'], 'P3762': ['37152'], 'P3788': ['000031608'], 'P3222': ['frederick-w-taylor'], 'P4629': ['Taylor, Frederick Winslow, 1856-1915'], 'P1280': ['88867683'], 'P3154': ['taylofre'], 'P1417': ['biography/Frederick-W-Taylor'], 'P4823': ['1001619'], 'P18': ['Frederick Winslow Taylor (1).JPG', 'Frederick Winslow Taylor.menor.jpg'], 'P3074': ['Frederick_Winslow_Taylor'], 'P3987': ['144746'], 'P3219': ['frederick-winslow-taylor'], 'P5731': ['4166'], 'P5034': ['KAC199636853'], 'P6404': ['frederick-winslow-taylor'], 'P2600': ['6000000029203755077'], 'P7902': ['11880149X'], 'P5019': ['taylor-frederick-winslow'], 'P1580': ['a1377925'], 'P1309': ['vtls002794740'], 'P8286': ['18205'], 'P8034': ['495/267608'], 'P8547': ['000007375'], 'P7929': ['p=frederick;n=taylor;oc=1'], 'P7982': ['60589'], 'P7293': ['9810693519305606'], 'P6706': ['Taylor,+Frederick+Winslow'], 'P9037': ['eae620c1-d8ab-42c4-a177-2ca901d76f10'], 'P1695': ['a0000002739092'], 'P4342': ['Frederick_Winslow_Taylor'], 'P5421': ['141226', '126426'], 'P9251': ['65503'], 'P3630': ['318682'], 'P7666': ['frederick-winslow-taylor'], 'P1015': ['90256920'], 'P4619': ['000366609'], 'P7369': ['000010348'], 'P8179': ['ncf12083145'], 'P6394': ['a11333923'], 'P8189': ['987007463486405171'], 'P7699': ['LNB:Ir1;=BS'], 'P1368': ['000038153'], 'P271': ['DA01252723'], 'P1375': ['000222618'], 'P3065': ['A000160999'], 'P8849': ['56319589'], 'P9984': ['981058515128606706'], 'P10242': ['05573/eu_t_0439/t0439'], 'P7305': ['3985773'], 'P3368': ['1051072'], 'P10553': ['060183403'], 'P1890': ['000037973'], 'P11496': ['1140845216603671168'], 'P11249': ['14050547'], 'P11686': ['981058515128606706'], 'P9871': ['1721'], 'P2949': ['Taylor-25806'], 'P12385': ['frederick-winslow-taylor'], 'P12458': ['49363'], 'P12582': ['20110803102310928'], 'P3280': ['0000085166'], 'P10227': ['vtls001205899'], 'P10832': ['E39PBJbRjt3TTv4WG4tGrhmTpP'], 'P3365': ['frederick-winslow-taylor'], 'P4223': ['frederick-winslow-taylor'], 'P13049': ['11880149X'], 'P9964': ['11880149X'], 'P10387': ['96725', '107769'], 'P396': ['LO1V030387'], 'P13613': ['190880'], 'P13591': ['person/35bf1b37-9177-4a4f-b0c6-f0ee38ba926d'], 'P2963': ['485537'], 'P13834': ['people/t/a.htm#taylor'], 'P13951': ['1122639', '67013', '274411', '779506'], 'P13750': ['14749'], 'P14177': ['jn20010420035'], 'P14178': ['jn20010420035'], 'P14225': ['981005772471409366'], 'P13204': ['gkd6fc93'], 'P9322': ['0436728-Taylor-Frederick-Winslow-18561915'], 'P14536': ['382481'], 'P13772': ['frederick-winslow-taylor']}"
Q106941794,Frederick Winslow Taylor (1856-1915),scientific article,['Q13442814'],[],[],[],[],"{'P2093': ['I N Hollis'], 'P478': ['53'], 'P433': ['10'], 'P304': ['870-1915'], 'P888': ['25130033']}"
Q129857740,Frederick Winslow Taylor Revisited,scholarly article published in August 1961,['Q13442814'],[],[],[],[],"{'P478': ['4'], 'P973': ['http://journals.aom.org/doi/10.5465/254498'], 'P356': ['10.5465/254498'], 'P433': ['2'], 'P304': ['100-107'], 'P2093': ['J. Boddewyn']}"
Q1474230,Paul Hersey,American academic (1931-2012),['Q5'],['Q30'],['Q18419'],['+1931-01-26T00:00:00Z'],"['Q188094', 'Q36180', 'Q43845', 'Q462390']","{'P214': ['9882319'], 'P213': ['0000000083558253'], 'P227': ['12955622X'], 'P244': ['n79041897'], 'P1006': ['070293163'], 'P2163': ['33886'], 'P3987': ['111101'], 'P269': ['029783798'], 'P268': ['12133465n'], 'P691': ['mub2013779985'], 'P5034': ['KAC199612207'], 'P1207': ['n98025712'], 'P646': ['/m/02qh3xb'], 'P1280': ['69954147'], 'P3368': ['2177439'], 'P8189': ['987007442546705171'], 'P11249': ['13940515'], 'P11686': ['981060413645706706'], 'P9984': ['981060413645706706'], 'P11182': ['27806'], 'P10832': ['E39PBJtcMDtQRTjBPbj7xfv8md'], 'P13049': ['12955622X'], 'P13591': ['person/a7278afb-02c1-4578-adb3-88641c65801e'], 'P648': ['OL526722A']}"
Q1859321,situational leadership theory,business model,['Q1979154'],[],[],[],[],"{'P646': ['/m/05c5zn8'], 'P6366': ['178649314'], 'P10283': ['C178649314']}"
Q103381030,Michael Levy,Ph.D. Rensselaer Polytechnic Institute 2014,['Q5'],[],[],[],[],{'P549': ['264962']}
Q105362915,Michael Levy,Holocaust victim (born 1870),['Q5'],[],['Q2805'],['+1870-02-23T00:00:00Z'],[],"{'P9109': ['21367'], 'P9300': ['te-levy-michael'], 'P7571': ['913059']}"
Q112475874,Michael Levy,,['Q5'],[],[],['+1950-00-00T00:00:00Z'],['Q121594'],"{'P691': ['utb2014812867'], 'P214': ['315175600'], 'P1207': ['n97067965'], 'P8189': ['987007446375105171'], 'P213': ['0000000116680248'], 'P244': ['n2008010780'], 'P269': ['05924903X'], 'P5034': ['KAC200206467'], 'P11182': ['74375'], 'P1368': ['000043894']}"
Q60394390,Michael Levy,American neurologist,['Q5'],[],[],[],['Q1650915'],"{'P496': ['0000-0002-7969-8346'], 'P1153': ['55687303100'], 'P2798': ['499123'], 'P1053': ['A-3268-2011']}"
Q89077871,Michael S Levy,researcher,['Q5'],[],[],[],['Q1650915'],{'P496': ['0000-0002-8777-2518']}
Q112386104,Arthur A. Thompson,,['Q5'],[],[],['+1940-00-00T00:00:00Z'],['Q121594'],"{'P691': ['kup19970000101388'], 'P214': ['109171680'], 'P213': ['0000000109326662'], 'P244': ['n50008327'], 'P268': ['123404884'], 'P269': ['032360320'], 'P1207': ['n95002179'], 'P1280': ['50836323'], 'P8189': ['987007445238605171'], 'P3987': ['147367'], 'P396': ['MILV147466'], 'P227': ['133565467'], 'P11686': ['981058522925506706'], 'P9984': ['981058522925506706'], 'P11182': ['86420'], 'P1368': ['000010108'], 'P13591': ['person/1ca4e721-e912-4483-b36d-a6de5e460083'], 'P9322': ['p0076154-Thompson-Arthur-A-1940']}"
Q140330104,,,['Q5'],[],[],[],"['Q188094', 'Q832136']","{'P1207': ['n95002180'], 'P1280': ['50839907'], 'P1368': ['000010113'], 'P213': ['0000000116637127'], 'P214': ['67659619'], 'P227': ['133565440', '154361348'], 'P244': ['n80019512'], 'P269': ['067273688'], 'P3987': ['105405'], 'P950': ['XX5181304'], 'P9984': ['981058515012506706'], 'P906': ['369050'], 'P1015': ['90895006'], 'P8179': ['ncf10506131'], 'P6394': ['a11801591'], 'P691': ['vse2006344633'], 'P7029': ['RU+NLR+AUTH+7710033'], 'P1375': ['000259884'], 'P7293': ['9814691039805606'], 'P3065': ['A003870321'], 'P8189': ['987007442815505171'], 'P271': ['DA02396693'], 'P409': ['35528834'], 'P1006': ['072610344'], 'P5587': ['42gkrbpn332f5r6'], 'P11496': ['1981149384721337477']}"
Q112420778,Lee J. Krajewski,,['Q5'],[],[],['+1940-00-00T00:00:00Z'],['Q121594'],"{'P691': ['vse2009515525'], 'P214': ['46860743'], 'P213': ['0000000081251928'], 'P1207': ['n97002426'], 'P1280': ['22761827'], 'P5731': ['18715'], 'P269': ['033929769'], 'P11249': ['13986332'], 'P8189': ['987007421573205171'], 'P12458': ['175761'], 'P5034': ['KAC200002838'], 'P1368': ['000193105'], 'P13591': ['person/8db202e1-e668-404e-9e6f-67db79f08f9b']}"
Q43031731,Gareth R. Jones,researcher,['Q5'],[],[],[],['Q1650915'],"{'P496': ['0000-0002-7516-5526'], 'P1153': ['55715907300'], 'P2456': ['35/5478-2']}"
Q136309019,,business manager,['Q5'],[],[],[],['Q832136'],"{'P214': ['1169494'], 'P213': ['0000000109477444'], 'P244': ['n88263647'], 'P269': ['070371032'], 'P227': ['13230922X'], 'P691': ['utb2009543498'], 'P1015': ['90632294'], 'P1207': ['n01105193'], 'P1309': ['vtls000783599'], 'P1368': ['000043408'], 'P1006': ['079788904'], 'P3280': ['0001249544'], 'P4619': ['000469472'], 'P7369': ['000825329'], 'P8179': ['ncf10478114'], 'P8189': ['987007575058505171'], 'P271': ['DA04284704'], 'P1375': ['000289302'], 'P7293': ['9813706694805606'], 'P3065': ['A003429638'], 'P1280': ['29828963'], 'P9287': ['20355'], 'P3987': ['116364'], 'P8848': ['2867558'], 'P5034': ['KAC199614139'], 'P12458': ['297605'], 'P2963': ['309899'], 'P11496': ['1981712334676592035'], 'P14225': ['981005754920309366']}"
Q112487789,Jennifer M. George,,['Q5'],[],[],['+1949-00-00T00:00:00Z'],['Q1622272'],"{'P691': ['utb2015862672'], 'P214': ['288164956'], 'P1207': ['n01105194'], 'P8189': ['987007575058605171'], 'P5034': ['KAC201511752']}"
Q19666912,David A. Whetten,American organizational theorist,['Q5'],[],[],['+1946-06-22T00:00:00Z'],"['Q2306091', 'Q1622272']","{'P214': ['91216276'], 'P244': ['n82017042'], 'P227': ['170414396'], 'P1006': ['069863660'], 'P213': ['0000000110762269'], 'P269': ['059313730'], 'P691': ['vse2009515529'], 'P5361': ['WhettenDavidA(DavidAllred)1946-'], 'P1207': ['n98020832'], 'P646': ['/m/05xxr1w'], 'P1280': ['18651491'], 'P8189': ['987007452987005171'], 'P11249': ['14322525'], 'P11182': ['88655'], 'P3368': ['2534212'], 'P12458': ['640788'], 'P10832': ['E39PBJvMtvKCwHV4DjHY9YBkjC'], 'P13591': ['person/d3611033-ed83-40e1-b527-81cfaa1b6863'], 'P13951': ['565567', '693986']}"
Q16107244,Kim S. Cameron,American academic,['Q5'],['Q30'],[],['+1946-00-00T00:00:00Z'],"['Q11626095', 'Q188094', 'Q2306091']","{'P214': ['85258554'], 'P2163': ['80130'], 'P244': ['n81113953'], 'P3430': ['w6g30rjg'], 'P227': ['170187330'], 'P213': ['0000000109955573'], 'P1006': ['069863644'], 'P269': ['082013438'], 'P5034': ['KAC200901811'], 'P1015': ['90215914'], 'P1207': ['n98020840'], 'P646': ['/m/04n4kyp'], 'P7293': ['9810616558105606'], 'P1280': ['18651747'], 'P691': ['utb2009357176'], 'P10553': ['060237759'], 'P8189': ['987007434880505171'], 'P18': ['SWD Command Week (2) 2943044 (cropped).jpg'], 'P11182': ['88728'], 'P1960': ['F8UUbq4AAAAJ'], 'P1153': ['7102930675'], 'P10283': ['A5018174273'], 'P10832': ['E39PBJyGVjmkT3vbB8thrbth73'], 'P1368': ['000199965'], 'P13591': ['person/5d0c08f0-5758-4a9a-8458-ff32c3029570'], 'P13951': ['546887', '565568', '693989'], 'P496': ['0000-0002-6602-7164']}"
Q37248928,Whetten,family name,['Q101352'],[],[],[],[],"{'P3880': ['WTN111'], 'P3879': ['326'], 'P3878': ['W350'], 'P4839': ['Entity[""Surname"", ""Whetten""]'], 'P9644': ['WHETTEN']}"
Q33220019,Whetten Ditch,"canal in Dubois County, Indiana, United States of America",['Q12284'],[],[],[],[],"{'P1566': ['4928171'], 'P590': ['445899'], 'P4839': ['Entity[""Canal"", ""WhettenDitch::nqz7b""]']}"
Q67472934,R.L. Whetten,researcher,['Q5'],[],[],[],['Q1650915'],"{'P4012': ['6424291'], 'P496': ['0000-0002-9838-6823']}"
Q76294362,Kim Sonia Cameron,(born 1955),['Q5'],[],[],['+1955-02-09T00:00:00Z'],[],{'P4638': ['p66916.htm#i669152']}
Q6408423,Kim Cameron,American computer scientist,['Q5'],['Q30'],[],['+1948-08-31T00:00:00Z'],"['Q82594', 'Q81096']","{'P18': ['KimCameron2.jpg'], 'P2456': ['18/5206'], 'P646': ['/m/0gg5gdw']}"
Q16196393,Kim Cameron,American singer,['Q5'],['Q30'],['Q122563'],['+1966-11-28T00:00:00Z'],['Q177220'],"{'P434': ['b10bcfb9-d2a2-4a0e-acd2-8d1a2993713b'], 'P18': ['Kim cameron wiki.jpg'], 'P856': ['http://www.sidefxband.net'], 'P4208': ['kim-cameron'], 'P7704': ['agent/base/140154'], 'P646': ['/m/0wxs72q']}"
Q6408422,Kim Cameron,Wikimedia disambiguation page,['Q22808320'],[],[],[],[],{}
Q16010961,Harold Koontz,American business consultant,['Q5'],['Q30'],['Q590191'],"['+1909-05-19T00:00:00Z', '+1908-00-00T00:00:00Z']",['Q48072011'],"{'P214': ['108610581'], 'P1315': ['895172'], 'P227': ['170316157'], 'P213': ['0000000108597743'], 'P906': ['362462'], 'P1006': ['074551191'], 'P3987': ['110478'], 'P2163': ['44631'], 'P244': ['n79122740'], 'P5587': ['jgvz5gs23d50bl2'], 'P1280': ['46978403'], 'P269': ['033956278'], 'P268': ['12476044n'], 'P691': ['jn19990004534'], 'P5034': ['KAC200603159'], 'P5731': ['32794'], 'P1207': ['n96344305'], 'P646': ['/m/05wpn7z'], 'P7293': ['9810571834305606'], 'P3368': ['2332719'], 'P8189': ['987007452858105171'], 'P11249': ['14061066'], 'P3348': ['85722'], 'P11182': ['74211'], 'P9871': ['24995'], 'P3280': ['0000062396'], 'P1015': ['90082580'], 'P4619': ['000259413'], 'P8179': ['ncf10075815'], 'P6394': ['a12430766'], 'P7699': ['LNB:V*120799;=BO'], 'P349': ['00446115'], 'P271': ['DA00887005'], 'P409': ['35279829'], 'P1375': ['000022541'], 'P3065': ['A003467786'], 'P2734': ['KoontzHaroldD'], 'P1607': ['87731'], 'P950': ['XX989109'], 'P9247': ['447251'], 'P9251': ['28133'], 'P2188': ['27243'], 'P11185': ['59de6bd321c0c8f86d491b4f'], 'P11192': ['5c0f9af956972ccb3e92e708'], 'P11193': ['5f8951c27e3b959541011b22'], 'P11496': ['1140563741708203136'], 'P12458': ['254482'], 'P12582': ['20110803100042516'], 'P10832': ['E39PBJcwF6WhytC4Ywcw9tBF8C'], 'P10387': ['100314'], 'P13951': ['66726', '425878', '68890'], 'P10400': ['160082'], 'P14177': ['jn19990004534'], 'P14225': ['981005682034009366'], 'P9322': ['p0042309-Koontz-Harold-19081984']}"
Q1545010,Project Management Institute,U.S.-based non-profit corporation,"['Q17084016', 'Q2385804']",[],[],[],[],"{'P646': ['/m/03ngvz'], 'P227': ['243074-5'], 'P244': ['n80044648'], 'P214': ['308697490'], 'P349': ['00810351'], 'P213': ['0000000123374142', '000000010582316X'], 'P906': ['341257'], 'P269': ['035791586'], 'P409': ['35434669'], 'P691': ['vse2005288507'], 'P856': ['http://www.pmi.org/'], 'P3417': ['Project-Management-Institute'], 'P3630': ['248584'], 'P1662': ['10.29168'], 'P2427': ['grid.464645.1'], 'P268': ['13336934z'], 'P6366': ['1299779963', '56691978'], 'P3500': ['203834'], 'P6782': ['03ppgma52'], 'P2013': ['PMInstitute'], 'P2002': ['pminstitute', 'PMInstitute'], 'P2003': ['pmi_org'], 'P2397': ['UCMA-ZzWeWAipboxxBRjzedg'], 'P3987': ['319655'], 'P648': ['OL29513A'], 'P2088': ['project-management-institute'], 'P10283': ['C56691978'], 'P8189': ['987007587823905171'], 'P11915': ['1100040817'], 'P5587': ['pm149vd73rdg6cn'], 'P7865': ['95a5yja38danygah65b5yc1h70u32dr'], 'P13591': ['group/b7228fbd-77cc-407b-9f2e-5b0a302cca17'], 'P13906': ['256436'], 'P11892': ['pmi_org'], 'P14075': ['55186'], 'P13204': ['hzebksmf'], 'P14536': ['380042']}"
Q139037534,PMI Memphis Chapter,"Project Management Institute chapter serving Memphis, Tennessee and the Mid-South region since 1999",['Q163740'],[],[],[],[],"{'P856': ['https://pmimemphis.org'], 'P4264': ['pmi-memphis'], 'P2013': ['PMIMemphisChapter'], 'P2003': ['pmimemphis']}"
Q22279613,,American judge,['Q5'],['Q30'],[],[],['Q16533'],{'P2671': ['/g/11bw_4cf5d']}
Q112527136,Barton A. Weitz,,['Q5'],[],[],['+1941-00-00T00:00:00Z'],['Q1622272'],"{'P691': ['vse20181015113'], 'P214': ['110700688'], 'P1207': ['n96344065'], 'P213': ['0000000109349119'], 'P244': ['n81049767'], 'P268': ['144486015'], 'P269': ['059247738'], 'P8189': ['987007431031805171'], 'P227': ['124282288'], 'P5034': ['KAC200206469'], 'P11182': ['3673'], 'P1368': ['000043895'], 'P13591': ['person/6c220f7a-8e8d-4e07-ae4f-a63aaeee850c']}"
Q112396964,Donald J. Bowersox,,['Q5'],[],[],['+1932-00-00T00:00:00Z'],['Q188094'],"{'P691': ['vse2006327309'], 'P214': ['20960497'], 'P213': ['0000000119327845'], 'P244': ['n79059823'], 'P269': ['059581948'], 'P1207': ['n00028552'], 'P8189': ['987007595578605171'], 'P3987': ['107544'], 'P227': ['1011915049'], 'P11182': ['740'], 'P5034': ['KAC199603142'], 'P1368': ['000010698'], 'P13591': ['person/7df68aab-4af3-4d38-9c87-3ca2de27e144'], 'P13906': ['20528']}"
Q108054924,Spencer Johnson,football player (born 1988),['Q5'],[],[],['+1988-03-27T00:00:00Z'],['Q19204627'],{'P3561': ['J/JohnSp00']}
Q200760,Patrick Spencer Johnson,American writer,['Q5'],['Q30'],['Q1065503'],['+1938-11-24T00:00:00Z'],"['Q551835', 'Q15978655', 'Q9379869', 'Q36180', 'Q212980']","{'P434': ['e78260ae-8fce-429d-9702-334a846a6bf4'], 'P214': ['100253775'], 'P213': ['0000000114786217'], 'P244': ['n79022069'], 'P227': ['110067819'], 'P646': ['/m/02735hw'], 'P1006': ['069344221'], 'P2163': ['31907'], 'P648': ['OL223174A'], 'P856': ['http://www.spencerjohnson.com'], 'P3430': ['w6wx53vj'], 'P906': ['378479'], 'P1015': ['90192121'], 'P1207': ['n94000472'], 'P269': ['078073995'], 'P5587': ['fcrv3zgz1t5k62h'], 'P950': ['XX863548'], 'P268': ['12698630v'], 'P691': ['jn20010309117'], 'P5034': ['KAC199614063'], 'P2963': ['3340'], 'P1580': ['a1000812'], 'P1309': ['vtls002669102'], 'P8849': ['17321829'], 'P8851': ['2436711'], 'P7293': ['9810692558505606'], 'P1695': ['a0000001153358'], 'P1280': ['15926371'], 'P9984': ['981058511875606706'], 'P8189': ['987007302916205171'], 'P3280': ['0000024752'], 'P4619': ['000585864'], 'P7369': ['000851949'], 'P8179': ['ncf10117677'], 'P3846': ['87097968513634'], 'P6394': ['a12063514'], 'P7699': ['LNB:lVL;=Bk'], 'P1368': ['000008071'], 'P271': ['DA00730932'], 'P409': ['35655156'], 'P1375': ['000013948'], 'P1005': ['75496'], 'P3065': ['A003428129'], 'P7700': ['vtls009411940'], 'P1890': ['000114795'], 'P11249': ['13928453'], 'P11686': ['981058511875606706'], 'P11496': ['1140282266659940736'], 'P11182': ['21453'], 'P10832': ['E39PBJkXp8FWt9ffqq6mJdFkDq'], 'P13049': ['110067819'], 'P10387': ['3665'], 'P2600': ['6000000062573334115'], 'P1315': ['1028879'], 'P13591': ['person/92ca90cc-90da-41a4-bb81-31ef6f6bdcd7'], 'P10400': ['2811'], 'P14177': ['jn20010309117'], 'P14225': ['981005675746009366'], 'P9322': ['p0001467-Johnson-Spencer-19382017']}"
Q42289499,Spencer Johnson,cricketer,['Q5'],['Q408'],[],['+1995-12-16T00:00:00Z'],['Q12299841'],"{'P2697': ['1123718'], 'P2671': ['/g/11f15cpv8w']}"
Q7576097,Spencer Johnson,Wikimedia disambiguation page,['Q22808320'],[],[],[],[],{}
Q7576096,Spencer Johnson,American football player,['Q5'],['Q30'],['Q540346'],['+1981-12-12T00:00:00Z'],['Q19204627'],"{'P2002': ['Spencejohnson91'], 'P18': ['Spencer Johnson (American football).JPG'], 'P646': ['/m/0h75b5'], 'P3539': ['2505864'], 'P3561': ['J/JohnSp20'], 'P5421': ['46399'], 'P3368': ['1864720'], 'P9338': ['spencer-johnson'], 'P14750': ['F07D-2FE6-8C8E-81D9-A828']}"
Q112446160,Robert D. Hisrich,,['Q5'],[],[],['+1944-00-00T00:00:00Z'],['Q121594'],"{'P691': ['mub2011672922'], 'P214': ['55405024'], 'P213': ['0000000109743271'], 'P1207': ['n99008935'], 'P1280': ['7205987'], 'P244': ['n78052285'], 'P269': ['056814887'], 'P8189': ['987007522737405171'], 'P3987': ['594257'], 'P227': ['170127915'], 'P11182': ['14788'], 'P1368': ['000054872'], 'P13591': ['person/ed9d8c66-a2ae-4506-8d5e-d046f67dfbd5'], 'P13049': ['170127915'], 'P13906': ['150673'], 'P9322': ['p0069631-Hisrich-Robert-D-1944']}"
Q29524967,James C. Van Horne,American economist,['Q5'],['Q30'],['Q486877'],['+1935-00-00T00:00:00Z'],"['Q188094', 'Q1622272', 'Q36180']","{'P227': ['128399015'], 'P214': ['108757156'], 'P213': ['0000000110030682'], 'P1263': ['459/000171943'], 'P1006': ['067824137'], 'P691': ['jcu2015894705'], 'P244': ['n79089881'], 'P268': ['11927601z'], 'P1375': ['000054393'], 'P1015': ['90058729'], 'P269': ['027176339'], 'P271': ['DA01103122'], 'P949': ['000422114'], 'P1368': ['000042797'], 'P4619': ['000378741'], 'P409': ['35576362'], 'P1207': ['n2005124216'], 'P2963': ['1073146'], 'P4862': ['B000APCIFA'], 'P646': ['/m/05xg3hp'], 'P3987': ['89064'], 'P8189': ['987007273070905171'], 'P11249': ['14077601'], 'P11496': ['1140845216569995776'], 'P11182': ['8741'], 'P10832': ['E39PBJth6jQ7BBtyJQtwqMCmh3'], 'P13591': ['person/8f10f557-7647-4af1-997b-09aef42a8149'], 'P14225': ['981005680300209366']}"
Q92304423,James C. Van Horne Professorship,endowed academic position at Stanford University,['Q1363750'],[],[],[],[],{}
Q112400512,James A. O'Brien,,['Q5'],[],[],['+1936-00-00T00:00:00Z'],['Q121594'],"{'P691': ['mzk2006354091'], 'P214': ['111011790'], 'P1207': ['n98047064'], 'P1280': ['47007587'], 'P213': ['0000000122841546'], 'P244': ['n79043670'], 'P268': ['12535174z'], 'P269': ['034614028'], 'P227': ['131391771'], 'P11249': ['14106585'], 'P11182': ['87040'], 'P8189': ['987007459791405171'], 'P1368': ['000083008'], 'P13591': ['person/82c8d996-9721-4801-8e28-a2d7baa2ee85'], 'P9984': ['981058611259906706']}"
Q105338343,,"politician in Massachusetts, US (born 1919)",['Q5'],['Q30'],[],['+1919-06-22T00:00:00Z'],['Q82955'],"{'P18': ['1975 James OBrien Massachusetts House of Representatives.png'], 'P10632': ['Q105338343']}"
Q105553327,,"politician in Massachusetts, US (born 1886)",['Q5'],['Q30'],['Q49194'],['+1886-10-27T00:00:00Z'],['Q82955'],{'P18': ['1945 James OBrien Massachusetts House of Representatives.png']}
Q94506629,James A. O'Brien,,['Q5'],[],[],['+1936-00-00T00:00:00Z'],[],"{'P214': ['110693867'], 'P244': ['n2005010700'], 'P213': ['0000000084659697'], 'P2163': ['1696593'], 'P5739': ['117333'], 'P227': ['1035038412'], 'P8189': ['987007405543905171'], 'P12458': ['266986'], 'P10832': ['E39PBJqw3rvQQG4jkfG8t4BdcP'], 'P13591': ['person/71168e12-0b24-4e83-a50d-20c9180ed9a1']}"
Q95785077,Barry Berman,screenwriter,['Q5'],[],[],['+1957-01-01T00:00:00Z'],['Q28389'],"{'P7902': ['109551055X'], 'P227': ['109551055X'], 'P214': ['85097545'], 'P8971': ['116527'], 'P691': ['pna2006327279'], 'P1280': ['34105443'], 'P2605': ['192847'], 'P269': ['190075465'], 'P2639': ['e51777c7caca45edaac00461831fbcca'], 'P213': ['0000000109210037'], 'P9662': ['35969'], 'P13591': ['person/c9a37bbf-35d3-4f16-8055-901e6a92b053']}"
Q809007,Barry Bermange,British author,['Q5'],['Q145'],['Q84'],['+1933-01-01T00:00:00Z'],"['Q36180', 'Q33999', 'Q214917', 'Q28389']","{'P244': ['n85297626'], 'P214': ['79173485'], 'P227': ['118813463'], 'P213': ['0000000109192262'], 'P345': ['nm0075865'], 'P1006': ['073228869'], 'P3987': ['167031'], 'P2163': ['185416'], 'P269': ['10139814X'], 'P7902': ['118813463'], 'P1207': ['n98702427'], 'P691': ['mub20191043960'], 'P2671': ['/g/121kw1lv'], 'P9918': ['PE00642800'], 'P5882': ['M00000264512'], 'P8189': ['987007439406305171'], 'P434': ['981652af-bcac-4c49-bd04-1f5a5e1ce0bf'], 'P12098': ['138966'], 'P10832': ['E39PBJccgtcky9fFqbTJ7mWdQq'], 'P13049': ['118813463'], 'P10608': ['agent/gnd_118813463'], 'P9964': ['118813463'], 'P13591': ['person/066c61d1-944b-4483-b39d-d59f596753ea'], 'P1741': ['249589'], 'P5489': ['2750'], 'P14750': ['C6DC-AD45-6BE1-0C69-3793']}"
Q95785094,Barry Bermange,screenwriter,['Q5'],[],[],[],['Q28389'],"{'P7902': ['109551069X'], 'P227': ['109551069X'], 'P214': ['7146030514635860481'], 'P2639': ['632e63ffc7a84593ab7acded42021b8c'], 'P2671': ['/g/11jdcvzm50']}"
Q112516443,Jerrold S. Greenberg,,['Q5'],[],[],['+1942-00-00T00:00:00Z'],['Q1622272'],"{'P691': ['mzk2017975919'], 'P214': ['23395376'], 'P213': ['0000000082064534'], 'P244': ['n78020117'], 'P269': ['230197639'], 'P8189': ['987007444488505171'], 'P12458': ['519961'], 'P5034': ['KAC201004125'], 'P1368': ['000038615'], 'P13591': ['person/83c386f6-df0a-4501-902b-03ebaf1c3de6'], 'P13906': ['218078']}"
Q5200774,Cyril J. O'Donnell,American professor,['Q5'],['Q30'],['Q28260'],['+1900-12-00T00:00:00Z'],['Q188094'],"{'P214': ['108610599'], 'P213': ['0000000109316536'], 'P1006': ['06758778X'], 'P244': ['n79122741'], 'P227': ['170316165'], 'P648': ['OL1979802A'], 'P3987': ['106525'], 'P269': ['033974462'], 'P268': ['12477693r'], 'P1280': ['95151459'], 'P691': ['vse2014805349'], 'P5034': ['KAC199620493'], 'P1207': ['n96344118'], 'P7293': ['9810571834405606'], 'P646': ['/m/05p94lp'], 'P3368': ['2522895'], 'P8189': ['987007433581005171'], 'P18': [""Dr. Cyril O'Donnell (cropped).jpg""], 'P11249': ['14413434'], 'P11182': ['80355'], 'P373': [""Cyril J. O'Donnell""], 'P10832': ['E39PBJycTtyB9wyKvV6G37fKBP'], 'P13951': ['425877']}"
Q139446636,,,['Q5'],[],[],[],"['Q1622272', 'Q2462658']",{'P691': ['xx0206596']}
Q29583803,Torben Hansen,Danish professor,['Q5'],['Q756617'],[],['+1966-00-00T00:00:00Z'],['Q1622272'],"{'P856': ['http://research.ku.dk/find-a-researcher/?pure=en%2Fpersons%2Ftorben-hansen(6b6bfff1-8b14-468b-af77-e71b375018e0).html', 'https://curis.ku.dk/portal/en/persons/torben-hansen(6b6bfff1-8b14-468b-af77-e71b375018e0).html'], 'P496': ['0000-0001-8748-3831'], 'P1153': ['56016225800', '7401667966', '57201968961'], 'P6178': ['016350427407.47'], 'P691': ['xx0206606'], 'P214': ['23995614'], 'P1207': ['n2016240388'], 'P269': ['112508766'], 'P10861': ['016350427407.47'], 'P227': ['13612898X'], 'P13049': ['13612898X'], 'P213': ['0000000037842296']}"
Q12006907,Torben Hansen,Danish politician,['Q5'],['Q756617'],['Q27168'],['+1965-09-11T00:00:00Z'],['Q82955'],"{'P7882': ['torben-hansen'], 'P2671': ['/g/1215cmgf'], 'P10207': ['288'], 'P2002': ['TorbenHansenRds'], 'P10632': ['Q12006907'], 'P7972': ['4007025271'], 'P12361': ['torbenhansen1965.bsky.social'], 'P8313': ['Torben_Hansen']}"
Q111722816,Torben Hansen,Danish mayor in Køge,['Q5'],['Q756617'],[],['+1952-11-24T00:00:00Z'],['Q82955'],"{'P7972': ['4004086835'], 'P2671': ['/g/11ryq8j8mw']}"
Q65965218,Torben Hansen,badminton player,['Q5'],['Q756617'],[],['+1947-04-25T00:00:00Z'],['Q13141064'],"{'P2729': ['EB1B915B-6A06-4D92-8BFB-CE033DF06515'], 'P3620': ['71040'], 'P2671': ['/g/11fmp99ywt']}"
Q111709349,Torben Hansen,Danish mayor,['Q5'],['Q756617'],[],[],[],{}
Q8007305,William Cronon,American historian,['Q5'],['Q30'],['Q49145'],['+1954-09-11T00:00:00Z'],"['Q901402', 'Q201788', 'Q1622272', 'Q16529590']","{'P214': ['94368651'], 'P213': ['0000000121439686'], 'P18': ['William Cronon, 2007.jpg'], 'P244': ['n83056418'], 'P227': ['1048022684'], 'P1006': ['070814406'], 'P245': ['500259369'], 'P269': ['031071821'], 'P349': ['00512703'], 'P2163': ['111850'], 'P2381': ['33845'], 'P3987': ['10674'], 'P268': ['12235996z'], 'P691': ['jcu2012731910'], 'P6594': ['william-cronon'], 'P1207': ['n01097509'], 'P646': ['/m/0gwxpv'], 'P9541': ['249', 'class-of-1985/william-cronon'], 'P2190': ['64761'], 'P10660': ['64761'], 'P8189': ['987007526467405171'], 'P3368': ['639796'], 'P373': ['William Cronon'], 'P345': ['nm1404041'], 'P10302': ['william-cronon'], 'P11249': ['14067081'], 'P2002': ['wcronon'], 'P856': ['https://www.williamcronon.net/'], 'P9984': ['981058524856406706'], 'P11686': ['981058524856406706'], 'P11182': ['6388'], 'P12098': ['551980'], 'P12458': ['648139'], 'P10832': ['E39PBJbWBY6MFWYQ3DXJHX8t8C'], 'P1368': ['000228121'], 'P1015': ['90660223'], 'P8179': ['ncf11247030'], 'P5034': ['KAC2022D3463'], 'P271': ['DA00905275'], 'P409': ['36132435'], 'P3065': ['A003144745'], 'P11496': ['1140563741636289536'], 'P13591': ['person/d2c37e6f-8425-4234-8f6a-0d1c02f99dba'], 'P7184': ['0gwxpv'], 'P14178': ['jcu2012731910'], 'P13204': ['cfm4cskp']}"
Q75737651,William Crone,(born 1736),['Q5'],[],[],['+1736-12-03T00:00:00Z'],[],{'P4638': ['p30925.htm#i309245']}
Q75737909,William Frederick Crone,(born 1915),['Q5'],[],[],['+1915-09-11T00:00:00Z'],[],{'P4638': ['p30937.htm#i309361']}
Q105837698,,"politician in Massachusetts, US",['Q5'],['Q30'],[],[],['Q82955'],{'P18': ['1915 William Cronin Massachusetts House of Representatives.png']}
Q75743372,William Crone,(1687-1715),['Q5'],[],[],['+1687-01-01T00:00:00Z'],[],{'P4638': ['p31197.htm#i311964']}
Q23303093,Charles W.L. Hill,British-born academic,['Q5'],[],[],['+1900-01-01T00:00:00Z'],['Q48072011'],"{'P227': ['128473606'], 'P244': ['n88263646'], 'P214': ['39532659'], 'P1006': ['079788890'], 'P1207': ['n2004048193'], 'P646': ['/m/05w0sgz'], 'P5034': ['KAC200907280'], 'P1280': ['29828707'], 'P691': ['utb2009543497'], 'P8179': ['ncf10537041'], 'P8189': ['987007429895605171'], 'P213': ['0000000110573548'], 'P269': ['086702289'], 'P268': ['13498681j'], 'P11182': ['10196'], 'P10832': ['E39PBJvd6F6PmCJ9DRgqqf7fv3'], 'P1368': ['000112356'], 'P648': ['OL224314A']}"
Q131865202,Thomas R. Hoffmann,,['Q5'],[],[],[],['Q1792450'],"{'P13049': ['1042220034'], 'P227': ['1042220034'], 'P214': ['36439421'], 'P244': ['nb2006005128'], 'P268': ['161455802'], 'P691': ['xx0044053'], 'P1207': ['n2006122276'], 'P10387': ['14797'], 'P13591': ['person/fe56d30e-8f7e-4c80-97b9-a6fd93d183ef'], 'P10400': ['21336'], 'P9322': ['0233741-Hoffmann-Thomas-R'], 'P8189': ['987007316237605171'], 'P10553': ['768453658']}"
Q301653,Aaron Antonovsky,Israeli American sociologist,['Q5'],"['Q30', 'Q801']",['Q18419'],['+1923-12-19T00:00:00Z'],"['Q2306091', 'Q1622272']","{'P244': ['n80131632'], 'P214': ['79433000', '3967159248423804870000', '6344159248641304870003'], 'P227': ['120158663'], 'P646': ['/m/0gxy15'], 'P1006': ['068496931'], 'P2163': ['62070'], 'P213': ['0000000078635277'], 'P349': ['00841580'], 'P1015': ['90139464'], 'P1207': ['n96101652'], 'P1695': ['a0000002809705'], 'P1280': ['175828579'], 'P3987': ['161359'], 'P5375': ['239'], 'P949': ['000010739'], 'P269': ['09147082X'], 'P691': ['jo2002100796'], 'P4342': ['Aaron_Antonovsky'], 'P3846': ['87097968072239'], 'P271': ['DA02154719'], 'P3065': ['A002933442', 'A010221289'], 'P1375': ['000295995'], 'P409': ['35007415'], 'P5019': ['antonovsky-aaron'], 'P7293': ['9810646091905606'], 'P1315': ['787528'], 'P8189': ['987007257889805171'], 'P5034': ['KAC2019G2618'], 'P3368': ['2540909'], 'P10553': ['08048705X'], 'P11496': ['1140563741734202752'], 'P12458': ['490494'], 'P10832': ['E39PBJg4jX9HfwHDVTKRHFWYyd'], 'P13049': ['120158663'], 'P13183': ['120158663'], 'P13591': ['person/fbc3b75e-fedc-407d-99ef-686809a6a594'], 'P9984': ['981061056742906706'], 'P9171': ['58260'], 'P14225': ['981005756483909366'], 'P13204': ['vzpddsuy']}"
Q95529921,"Aaron Antonovsky’s Development of Salutogenesis, 1979 to 1994",,['Q13442814'],[],[],[],[],"{'P2093': ['Hege Forbech Vinje', 'Eva Langeland', 'Torill Bull'], 'P698': ['28590660']}"
Q95529906,"Aaron Antonovsky, the Scholar and the Man Behind Salutogenesis",,['Q13442814'],[],[],[],[],"{'P2093': ['Avishai Antonovsky', 'Shifra Sagy'], 'P698': ['28590656']}"
Q48869978,Aaron Antonovsky: editor and idealist.,scientific article published on 01 March 1996,['Q13442814'],[],[],[],[],"{'P433': ['3-4'], 'P698': ['8606129'], 'P2093': ['Y Henkin', 'A D Sperber'], 'P478': ['32'], 'P304': ['163-165']}"
Q14946817,Michael Armstrong,British politician (1924-1982),['Q5'],"['Q145', 'Q174193']",[],['+1924-05-06T00:00:00Z'],"['Q82955', 'Q808967']","{'P214': ['34662895'], 'P213': ['0000000000875043'], 'P3029': ['F50378'], 'P268': ['14071304m'], 'P646': ['/m/0h54x53'], 'P3368': ['2067255'], 'P4638': ['p25164.htm#i251635']}"
Q6828266,Michael Armstrong,British writer and director,['Q5'],['Q145'],['Q184579'],['+1944-07-24T00:00:00Z'],"['Q28389', 'Q2526255', 'Q3455803']","{'P214': ['162785882', '311723231'], 'P213': ['0000000114580649'], 'P18': ['Michael Armstrong.jpg'], 'P345': ['nm0035830', 'nm0144364'], 'P3430': ['w6kf5tqt'], 'P950': ['XX4950002'], 'P268': ['14075215z'], 'P244': ['no2009117749'], 'P1233': ['279643'], 'P2605': ['15074'], 'P2639': ['585cbb52458042fcaab9421d08072582', 'fc3d9a7830f548f0ba11c90257f0ca5b'], 'P7902': ['138474680', '1062470354'], 'P227': ['138474680', '1062470354'], 'P646': ['/m/02vy57f'], 'P7293': ['9810610049105606'], 'P4985': ['71031'], 'P3368': ['2067253'], 'P10302': ['michael-armstrong'], 'P269': ['197099440'], 'P7003': ['creators/30025'], 'P12098': ['834382'], 'P742': ['Sergio Kastner'], 'P10832': ['E39PBJpJcy8WWTjFK6MThwmjmd'], 'P9662': ['7738'], 'P12854': ['5d776838961905001eb94b83'], 'P14750': ['3664-166C-F2A3-C16C-D041']}"
Q106082173,Michael Armstrong,British politician,['Q5'],['Q145'],[],[],['Q82955'],{'P6465': ['62380']}
Q112352177,Michael Armstrong,British economist (1928-),['Q5'],['Q145'],[],"['+1928-09-13T00:00:00Z', '+1928-00-00T00:00:00Z']",['Q188094'],"{'P691': ['jn20000600405'], 'P214': ['109667681'], 'P1280': ['29124195'], 'P8189': ['987007437497605171'], 'P7293': ['9810566440605606'], 'P3987': ['115281'], 'P213': ['000000012147465X'], 'P244': ['n50001509'], 'P268': ['15539440v'], 'P269': ['083690506'], 'P396': ['UBOV045943'], 'P1015': ['90227108'], 'P8179': ['ncf10117652'], 'P227': ['13143683X'], 'P1309': ['vtls847393'], 'P3348': ['67749'], 'P5034': ['KAC199600960'], 'P7699': ['LNB:BLNU;=BN'], 'P1368': ['000049480'], 'P271': ['DA02371670'], 'P409': ['35652787'], 'P7029': ['7713401'], 'P1375': ['000199881'], 'P1006': ['072890754'], 'P1207': ['n96020353'], 'P1005': ['1449250'], 'P3065': ['A019084936'], 'P7700': ['vtls004366474'], 'P11249': ['14681178'], 'P11496': ['1140563741815127808'], 'P9807': ['166485'], 'P10832': ['E39PCjKcpJmvTjRf4xRWrCBybd'], 'P13049': ['13143683X'], 'P13591': ['person/c30d3757-d0a1-4059-a02e-9effee0b4129'], 'P14225': ['981005760390309366'], 'P13204': ['uwcwpmx2'], 'P9984': ['981060927616406706'], 'P9322': ['p0020300-Armstrong-Michael-1928']}"
Q80553023,Michael Armstrong,US newspaperman and author (1956- ),['Q5'],['Q30'],[],['+1956-01-01T00:00:00Z'],"['Q36180', 'Q1930187']","{'P5357': ['armstrong_michael'], 'P1233': ['1641']}"
Q112427096,Adrian Wilkinson,,['Q5'],[],[],['+1963-00-00T00:00:00Z'],['Q188094'],"{'P691': ['jx20100326010'], 'P214': ['3855165628841242480004']}"
Q56929027,Adrian Wilkinson,researcher,['Q5'],[],[],['+1963-01-12T00:00:00Z'],"['Q1650915', 'Q188094']","{'P496': ['0000-0001-7231-2861'], 'P1153': ['7201829042', '56486908300'], 'P244': ['n94033972'], 'P214': ['32095448'], 'P1006': ['12539649X'], 'P1207': ['n2002068101'], 'P269': ['033833230'], 'P6178': ['014027425427.97'], 'P8189': ['987007434258205171'], 'P268': ['12465081d'], 'P227': ['1012595897'], 'P11182': ['91675'], 'P10832': ['E39PBJkTdXBwH8mHrBW4Wq4g8C'], 'P1368': ['000018658'], 'P13591': ['person/0ec3b5ec-0b9f-498b-acc2-306aed6b8df3'], 'P9984': ['981058616064806706']}"
Q19595687,Adrian Wilkinson,Irish priest,['Q5'],['Q27'],[],['+1968-00-00T00:00:00Z'],"['Q42603', 'Q1753370']",{'P646': ['/m/012n8jv2']}
Q132158377,Evangelia Marinakou,,['Q5'],[],[],[],['Q1622272'],"{'P691': ['vse20251249742'], 'P213': ['0000000427436859'], 'P496': ['0000-0003-3040-2695'], 'P214': ['29153237857429212164']}"
Q133018221,,,['Q5'],[],[],['+1950-01-01T00:00:00Z'],[],"{'P227': ['171354877'], 'P13049': ['171354877'], 'P213': ['0000000031900504'], 'P214': ['66605362']}"
Q3098605,Gary Rees,English rugby union footballer and coach,['Q5'],['Q145'],['Q1626288'],['+1960-05-02T00:00:00Z'],['Q14089670'],"{'P858': ['9769'], 'P4493': ['1885'], 'P646': ['/m/0hzr9_l'], 'P3368': ['2457319']}"
Q136708096,Gary Reese,Virginia politician (born 1945),['Q5'],[],[],[],[],{}
Q112484190,Professor Gary Rees,Psychologist and author,['Q5'],[],[],['+1962-00-00T00:00:00Z'],"['Q212980', 'Q1622272']","{'P691': ['utb2014847989'], 'P214': ['130455030'], 'P496': ['0000-0002-5689-7705'], 'P269': ['242601367'], 'P1207': ['n2015142544'], 'P244': ['no2010173573'], 'P213': ['0000000124017198'], 'P227': ['108434551X'], 'P1368': ['000164013']}"
Q76275890,Raymond William French,(died 1937),['Q5'],[],[],[],[],{'P4638': ['p65628.htm#i656279']}
Q96195509,David Rees,Spanish singer,['Q5'],['Q29'],['Q8851'],['+1994-08-24T00:00:00Z'],['Q177220'],"{'P2397': ['UCOIhdIB6qKSxvS7apNxzeLw'], 'P2671': ['/g/11bv2pv800'], 'P434': ['be17f3bb-cd43-485c-8fa2-f39d62c2abcd'], 'P18': ['DAVID REES EN SINGLE.jpg'], 'P11245': ['davidtriangle']}"
Q105218317,David Rees,"QC 2017; a Recorder, since 2012; a Deputy High Court Judge, since 2018",['Q5'],[],[],['+1971-09-06T00:00:00Z'],"['Q16533', 'Q808967']","{'P4789': ['U288692'], 'P10632': ['Q105218317']}"
Q42708686,David Rees,researcher at King's College London,['Q5'],[],[],[],['Q1650915'],"{'P496': ['0000-0003-3647-1050'], 'P1053': ['B-6789-2011'], 'P1153': ['16747741000'], 'P3829': ['407395']}"
Q116502083,David Rees,rugby league footballer,['Q5'],[],[],['+1965-09-23T00:00:00Z'],['Q14373094'],{'P11428': ['604']}
Q118793362,David Rees,health systems researcher in New Zealand,['Q5'],[],[],[],"['Q1650915', 'Q12765408', 'Q52899051']","{'P6634': ['david-rees-synergia'], 'P973': ['https://profiles.auckland.ac.nz/dree019/about'], 'P6023': ['2148714344'], 'P2038': ['David-Rees-16']}"
Q76060447,Richard McBain,(1865-1954),['Q5'],[],[],['+1865-01-01T00:00:00Z'],[],{'P4638': ['p50280.htm#i502793']}
Q124738278,David Farnham,gravitational wave researcher,['Q5'],[],[],[],['Q1650915'],{'P2930': ['D.Farnham.1']}
Q86999518,David J Farnham,researcher,['Q5'],[],[],[],['Q1650915'],"{'P496': ['0000-0002-6690-4251'], 'P1153': ['56562823400']}"
Q1174381,David F. Emery,American politician from Maine,['Q5'],['Q30'],['Q2078053'],['+1948-09-01T00:00:00Z'],['Q82955'],"{'P214': ['186972071'], 'P1157': ['E000175'], 'P18': ['David F Emery.png'], 'P646': ['/m/08j16n'], 'P3430': ['w6bh03p9'], 'P244': ['no2011153314'], 'P10632': ['Q1174381'], 'P11500': ['12808'], 'P8462': ['emery.html#904.95.80'], 'P3368': ['2536088'], 'P1185': ['29713'], 'P10832': ['E39PBJbM6ThbT7wfFVWwHWpMfq'], 'P8445': ['6290'], 'P14101': ['127630'], 'P227': ['1394989008']}"
Q47211491,People management. Under pressure.,scientific article published in March 2006,['Q13442814'],[],[],[],[],"{'P433': ['5998'], 'P478': ['116'], 'P2093': ['Jennifer Taylor'], 'P698': ['16618076'], 'P304': ['suppl 12-3']}"
Q58178664,Juani Swart,"researcher, ORCID id # 0000-0002-5365-0686",['Q5'],[],[],[],['Q1650915'],"{'P496': ['0000-0002-5365-0686'], 'P1153': ['56235423600'], 'P6178': ['011002316251.29']}"
Q57090207,Bruce Rayton,researcher,['Q5'],[],[],[],['Q1650915'],"{'P496': ['0000-0002-8179-0803'], 'P214': ['16714772'], 'P1053': ['F-2998-2013'], 'P227': ['171629426'], 'P244': ['nb97047518'], 'P213': ['0000000040218515']}"
Q112463294,Susan Hutchinson,,['Q5'],[],[],['+1956-00-00T00:00:00Z'],[],"{'P691': ['jo2013756772'], 'P214': ['70851503'], 'P213': ['0000000036811017'], 'P8189': ['987007335089205171'], 'P13591': ['person/496a631e-5af8-4b5f-ba20-e256c30c23a3']}"
Q59511344,Susan Hutchinson,researcher ORCID ID = 0000-0001-8107-6557,['Q5'],[],[],[],['Q1650915'],"{'P496': ['0000-0001-8107-6557'], 'P1153': ['35554780100'], 'P549': ['255153'], 'P6178': ['015072461517.75']}"
Q76012594,Susan Margaretta Susie Newell,(1893-1986),['Q5'],[],[],['+1893-01-31T00:00:00Z'],[],{'P4638': ['p46678.htm#i466779']}
Q109131679,Susan Hutchinson,American botanical collector (1880-1970),['Q5'],['Q30'],['Q12439'],['+1880-11-19T00:00:00Z'],"['Q2083925', 'Q98544732']","{'P535': ['137991439'], 'P6264': ['39902', '14039'], 'P6944': ['Q109131679'], 'P2889': ['G8J3-Z17']}"
Q58655935,Pawan S. Budhwar,researcher ORCID ID = 0000-0001-8915-6172,['Q5'],['Q668'],[],['+1964-00-00T00:00:00Z'],"['Q89000321', 'Q1622272']","{'P496': ['0000-0001-8915-6172'], 'P214': ['29714835'], 'P1153': ['6701694690'], 'P856': ['https://research.aston.ac.uk/portal/en/persons/pawan-budhwar(18d56233-6000-4f96-b24f-9a6383135a67).html'], 'P1207': ['n2008121159'], 'P269': ['059872861'], 'P691': ['utb2014853068'], 'P271': ['DA13141333'], 'P1280': ['143135587'], 'P227': ['171851730'], 'P8189': ['987007430014305171'], 'P1015': ['8033887', '90923501'], 'P9984': ['981059709615106706'], 'P268': ['13763472q'], 'P213': ['000000012126154X'], 'P244': ['nr00004512'], 'P7699': ['LNB:DADB;=hI'], 'P1368': ['000220621'], 'P1006': ['267765789'], 'P3065': ['A012733552'], 'P11496': ['1140000791828283264'], 'P11686': ['981059709615106706'], 'P13591': ['person/b9437235-06d9-4e94-8b77-46e5849ac7ac'], 'P13049': ['171851730'], 'P13906': ['25780']}"
Q58178035,"Pawan S. Budhwar and Yaw A. Debrah (Eds.). Human Resource Management in Developing Countries.London: Routledge, 2001, 384 pages",,['Q13442814'],[],[],[],[],"{'P356': ['10.1002/HRM.20022'], 'P433': ['2-3'], 'P304': ['285-287'], 'P478': ['43'], 'P2093': ['E. S. Srinivas']}"
Q112451098,Ricky W. Griffin,,['Q5'],[],[],['+1950-00-00T00:00:00Z'],['Q188094'],"{'P691': ['ctu2012695609'], 'P214': ['73950321'], 'P7293': ['9810649155705606'], 'P8189': ['987007426412605171'], 'P213': ['0000000109157627'], 'P244': ['n81112818'], 'P268': ['12460786v'], 'P269': ['079004660'], 'P227': ['128828951'], 'P11249': ['14369956'], 'P11182': ['102083'], 'P5034': ['KAC201752792'], 'P13049': ['128828951'], 'P1368': ['000125477'], 'P13591': ['person/be871853-b3b6-4e62-a24e-346f64f0d8fb']}"
Q112484316,Jean Phillips,,['Q5'],[],[],['+1969-00-00T00:00:00Z'],['Q121594'],"{'P691': ['utb2014848413'], 'P214': ['24057598'], 'P213': ['0000000040447553'], 'P1207': ['n2011215580'], 'P269': ['133717399'], 'P227': ['1029989265'], 'P8189': ['987007446041805171'], 'P13591': ['person/41e949f4-bd2f-4468-9b41-5a017b11b701'], 'P9984': ['981061113974906706'], 'P496': ['0000-0001-5785-8268']}"
Q71971150,Stanley Gully,researcher,['Q5'],[],[],[],"['Q1650915', 'Q1622272', 'Q212980']","{'P496': ['0000-0003-4037-3883'], 'P1153': ['6701470889'], 'P269': ['133717437'], 'P227': ['1029989583'], 'P214': ['73312945'], 'P8189': ['987007425874205171'], 'P1207': ['n2011172865'], 'P213': ['0000000036884427'], 'P13591': ['person/ac51144c-563e-4f2c-9129-428bf982a627'], 'P691': ['utb2014848418']}"
Q45765,Jack London,"American author, journalist and social activist (1876–1916)",['Q5'],['Q30'],['Q62'],['+1876-01-12T00:00:00Z'],"['Q36180', 'Q1930187', 'Q6625963', 'Q164236', 'Q11774202', 'Q18814623', 'Q28389', 'Q18844224', 'Q4853732', 'Q3579035', 'Q12144794', 'Q49757', 'Q18939491', 'Q707995', 'Q12356615']","{'P18': ['Jack London young.jpg'], 'P109': ['Jack London Signature.svg'], 'P373': ['Jack London'], 'P244': ['n78086415'], 'P214': ['46764200', '1878155566455313380007'], 'P227': ['118574183'], 'P213': ['0000000121309371', '0000000368641210'], 'P434': ['c5342c3d-ad4d-48c8-be68-b1fa111ffbc8'], 'P349': ['00447982'], 'P691': ['jn19990005166'], 'P935': ['Jack London'], 'P646': ['/m/0bt23'], 'P268': ['11913283v'], 'P1015': ['90064701'], 'P1296': ['0038387'], 'P1472': ['Jack London'], 'P1233': ['1975'], 'P1006': ['068764995'], 'P866': ['jack-london'], 'P723': ['lond007'], 'P1263': ['929/000031836'], 'P1711': ['178608'], 'P1938': ['120'], 'P906': ['72282'], 'P409': ['35311166'], 'P1207': ['n94000533'], 'P1017': ['ADV10911176'], 'P269': ['027319016'], 'P1005': ['41617'], 'P950': ['XX921509'], 'P648': ['OL44633A', 'OL10373938A', 'OL9258086A', 'OL10405946A'], 'P2191': ['13235'], 'P1315': ['907223'], 'P2163': ['28181'], 'P1417': ['biography/Jack-London'], 'P2639': ['56a2d965cf7742deb84ab101f3ad9add'], 'P949': ['000085705'], 'P2799': ['1734'], 'P345': ['nm0518711'], 'P2019': ['p265433'], 'P1266': ['36934'], 'P2168': ['123775'], 'P2604': ['124187'], 'P2605': ['84002'], 'P2435': ['118751'], 'P1899': ['143'], 'P535': ['1889'], 'P1977': ['17867'], 'P3338': ['london-jack'], 'P650': ['436669'], 'P3430': ['w6rf5vjj'], 'P3417': ['Jack-London-author'], 'P3762': ['1676'], 'P3569': ['literatuur-internationaal/jack-london'], 'P3630': ['5735'], 'P3222': ['jack-london'], 'P3788': ['000045513'], 'P4293': ['pe/011644'], 'P4104': ['1666'], 'P4629': ['London, Jack, 1876-1916'], 'P1225': ['10580771'], 'P1280': ['7347043'], 'P3219': ['jack-london'], 'P3154': ['londojac'], 'P2924': ['2157392'], 'P4823': ['1601012'], 'P5361': ['LondonJack1876-1916'], 'P5357': ['london_jack'], 'P3987': ['193071'], 'P5340': ['75824'], 'P5570': ['1984'], 'P3478': ['219080'], 'P5613': ['Jack-London'], 'P1580': ['a1335188'], 'P5618': ['230'], 'P5641': ['1218'], 'P5587': ['vs6842pd11ltns3'], 'P2963': ['1240'], 'P2607': ['b318a0de-425d-4004-ad36-6f932e52976b', 'd46f493b-a61e-46fb-9be4-39de89cd8215'], 'P2850': ['2789674'], 'P4862': ['B000APWLIO'], 'P6329': ['18026'], 'P3794': ['person/london_jack'], 'P4666': ['82851'], 'P4657': ['559480401'], 'P271': ['DA00473658'], 'P5739': ['47649'], 'P5408': ['l/jack-london'], 'P5705': ['jack-london'], 'P1150': ['HU 4280'], 'P5859': ['1581'], 'P5951': ['37178'], 'P5491': ['23172'], 'P6173': ['596'], 'P6327': ['2236'], 'P5905': ['4040-60128', '4005-20391'], 'P6385': ['literatura/london-dzhek'], 'P3847': ['person:jack_london_(1876-1916)'], 'P6578': ['2792A59DD691BC12'], 'P6844': ['32905'], 'P6839': ['Creator/JackLondon'], 'P6984': ['jack-london'], 'P7208': ['l/jack-london'], 'P7029': ['777462', '777463'], 'P3065': ['A000106609', 'A010110065'], 'P4619': ['000563342'], 'P1375': ['000100018'], 'P1368': ['000007386'], 'P3280': ['0000064522'], 'P3846': ['87097968645549'], 'P5034': ['KAC199616959'], 'P6394': ['a11442694', 'a11149929'], 'P1670': ['0101E0978'], 'P7311': ['1770'], 'P5019': ['london-jack'], 'P4342': ['Jack_London'], 'P6262': ['de.memory-alpha:Jack_London', 'memory-alpha:Jack_London', 'fr.memory-alpha:Jack_London'], 'P1988': ['29839_artiste_LONDON_Jack'], 'P7704': ['agent/base/60398'], 'P7753': ['london'], 'P7865': ['95a5yja38danygu695b5yc1g6rt30cg'], 'P2600': ['6000000010758821057'], 'P1953': ['1593880'], 'P7433': ['3003'], 'P4613': ['56390'], 'P7902': ['118574183'], 'P8195': ['(Bookplate of Jack London) (LOC) (15585512686).jpg'], 'P1309': ['vtls000960254'], 'P8034': ['495/213833'], 'P7369': ['000008146'], 'P8179': ['ncf10090245'], 'P3348': ['64245'], 'P8189': ['987007264753805171'], 'P7699': ['LNB:V*86;=BA'], 'P7026': ['46633'], 'P7293': ['9810601945905606'], 'P8385': ['15602'], 'P7982': ['37083'], 'P2638': ['people/jack-london'], 'P5063': ['i96002'], 'P7400': ['londonjack'], 'P4839': ['Entity[""Person"", ""JackLondon::5wp8f""]'], 'P7929': ['p=john+griffith;n=chaney'], 'P8795': ['71291'], 'P8833': ['14118'], 'P8849': ['12764517'], 'P8851': ['5365095'], 'P9037': ['dadf3481-8813-44fd-bdcc-f8f9edbf56b5'], 'P9081': ['18463'], 'P9097': ['12412876'], 'P8814': ['11157738-n'], 'P9178': ['979'], 'P5421': ['113901'], 'P9251': ['78786'], 'P8902': ['people/67532'], 'P9287': ['4388'], 'P9141': ['3561'], 'P5617': ['jack-london-3470'], 'P7666': ['jack-london'], 'P9556': ['london-jack__9809'], 'P4985': ['71759'], 'P9534': ['113'], 'P3553': ['19760513'], 'P4084': ['24689'], 'P7700': ['vtls005395645'], 'P7024': ['000041255'], 'P7507': ['857'], 'P9807': ['170354'], 'P2889': ['LZNP-89Q'], 'P9918': ['PE00004688'], 'P9984': ['981058527384406706'], 'P1695': ['a0000001613746'], 'P3365': ['jack-london'], 'P7305': ['3933675'], 'P10242': ['03895/eu_l_2389/l2389'], 'P8895': ['Jack_London'], 'P8313': ['Jack_London'], 'P5882': ['M00000284687'], 'P6698': ['ジャック・ロンドン'], 'P4223': ['jack-london'], 'P396': ['CFIV006202'], 'P7520': ['126119'], 'P10141': ['148748'], 'P10553': ['133755908'], 'P10565': ['71386'], 'P10757': ['14469'], 'P10883': ['london_jack'], 'P9965': ['292024'], 'P8896': ['4-4181'], 'P9307': ['Jack_London'], 'P10362': ['LONDON'], 'P1890': ['000035658'], 'P11155': ['78567'], 'P11185': ['59de6bd121c0c8f86d474b31'], 'P10780': ['jack-london'], 'P11496': ['1140000791635924224'], 'P9247': ['1233501'], 'P11249': ['14130551'], 'P11686': ['981058527384406706'], 'P11683': ['dzhek-london'], 'P1617': ['92698f85-7b35-491c-a73c-1e14674596d3'], 'P6200': ['cgmxjppkwl7t'], 'P9212': ['5095'], 'P11828': ['825'], 'P11870': ['2781'], 'P11158': ['5028'], 'P11180': ['139'], 'P11182': ['86859'], 'P10227': ['vtls000093159'], 'P8168': ['Q454200'], 'P1185': ['1086257'], 'P12098': ['965544'], 'P9802': ['110610'], 'P2949': ['Chaney-637'], 'P10298': ['139306'], 'P11386': ['jack-london'], 'P12385': ['jack-london'], 'P12458': ['184894'], 'P12483': ['8699'], 'P2188': ['3125'], 'P12597': ['4954'], 'P12582': ['20110803100113206'], 'P12614': ['l/london_d'], 'P12386': ['u1899'], 'P9707': ['26354'], 'P10832': ['E39PBJt46jpjd9jpKhCxwJCvpP'], 'P12800': ['en:Jack_London', 'fr:Jack_London'], 'P12815': ['6219'], 'P9885': ['4ed2440a-9e1f-9a88-59c0-2957fca6918e'], 'P12430': ['2175c8b5-2be8-4c17-ae25-2a083abd2c73'], 'P13049': ['118574183'], 'P13051': ['7582'], 'P13019': ['73152'], 'P10608': ['agent/gnd_118574183'], 'P12836': ['27222551'], 'P1213': ['000157968'], 'P4813': ['217450'], 'P9964': ['118574183'], 'P5562': ['chaney_john_griffith'], 'P10387': ['111'], 'P13437': ['London_Jack'], 'P8445': ['29857'], 'P13613': ['145459', '145458'], 'P13591': ['person/a86076be-6fca-434c-8288-19f6b6ec9001'], 'P11227': ['373557'], 'P13951': ['57487'], 'P10400': ['49'], 'P12502': ['17786'], 'P14178': ['jn19990005166'], 'P14225': ['981005664644309366'], 'P13204': ['es3vcsbd'], 'P1801': ['Jack London (6278964329).jpg', 'Jack london gedenktafel.jpg', 'Jack London Sydney Writers Walk plaque.jpg', 'Jack London in Belmont, CA.jpg'], 'P5917': ['2789674'], 'P13804': ['11848'], 'P9322': ['p0007761-London-Jack-18761916'], 'P14536': ['356000'], 'P9371': ['1077847109'], 'P14541': ['2ObiJD'], 'P8969': ['41860'], 'P14750': ['D6E1-0378-A346-33B0-EAD2'], 'P12451': ['151060518'], 'P2581': ['00047813n'], 'P7553': ['89515']}"
Q109982296,Jack London,person identified in the Museu da Pessoa collection,['Q5'],['Q155'],['Q8678'],['+1949-02-16T00:00:00Z'],['Q215536'],"{'P10032': ['Um mascate da era digital, História no Museu da Pessoa (45042).pdf'], 'P10023': ['17188']}"
Q744313,,asteroid,['Q3863'],[],[],[],[],"{'P490': ['1934 NC1', '1976 JQ2', '1979 HZ1'], 'P646': ['/m/03y4rrb'], 'P5736': ['2625'], 'P716': ['20002625'], 'P373': ['2625 Jack London']}"
Q1384076,Jack London,British athlete (1905–1966),['Q5'],"['Q145', 'Q174193']",['Q10717'],['+1905-01-13T00:00:00Z'],['Q11513337'],"{'P373': ['Jack London (athlete)'], 'P214': ['53684186'], 'P646': ['/m/0kt2yr'], 'P18': ['Sport, SFA006003533.jpg'], 'P1447': ['lo/jack-london-1'], 'P3520': ['LONDOJAC01'], 'P3171': ['jack-london'], 'P3925': ['3998'], 'P1415': ['103443'], 'P213': ['0000000079963790'], 'P244': ['nb2008015869'], 'P268': ['17783068b'], 'P8286': ['69257'], 'P5815': ['john-edward-london'], 'P3368': ['2225135'], 'P3884': ['549547'], 'P10832': ['E39PBJqk7MBBkg8dmGH8jRjV4q'], 'P2949': ['London-1658'], 'P1146': ['14561624'], 'P13725': ['18300']}"
Q3213588,Jack London,1943 film by Alfred Santell,['Q11424'],[],[],[],[],"{'P345': ['tt0036051'], 'P646': ['/m/0h4nbw'], 'P1562': ['v25700'], 'P724': ['Jack_London_'], 'P1874': ['60010513'], 'P2603': ['54585'], 'P3138': ['82305'], 'P2334': ['25127'], 'P2529': ['28024'], 'P3143': ['35979'], 'P905': ['85373'], 'P2346': ['1548743'], 'P1970': ['66079'], 'P18': [""Virginia Mayo-Michael O'Shea in Jack London.jpg""], 'P3593': ['525'], 'P4276': ['73442'], 'P5786': ['jack-london'], 'P6145': ['1765'], 'P480': ['490121'], 'P6127': ['jack-london'], 'P8296': ['F020742'], 'P4947': ['23018'], 'P9586': ['umc.cmc.4bgvx3wt2qe9xq71gors4vmp4'], 'P4282': ['176847'], 'P8013': ['movies/jack-london-1943'], 'P11460': ['5d77684a0ea56a001e2a2a0a'], 'P12096': ['319692'], 'P2704': ['10.5240/EBDE-C176-17B2-163B-FC5A-R'], 'P12683': ['film/67953'], 'P12196': ['193092'], 'P12492': ['13953'], 'P4780': ['12693'], 'P5327': ['filme/jack-london'], 'P14449': ['223466'], 'P12879': ['6472']}"
Q108113173,Paul Kearns,"biology researcher, academic",['Q5'],[],[],[],['Q169470'],"{'P18': ['Paul Kearns director of Argonne National Laboratory.jpg'], 'P2671': ['/g/11g6nhwj_f']}"
Q112485884,Paul Kearns,economist,['Q5'],[],[],['+1955-00-00T00:00:00Z'],"['Q188094', 'Q1569495']","{'P691': ['mzk2015854788'], 'P214': ['19169999'], 'P1207': ['n2005037945'], 'P213': ['0000000050764798'], 'P244': ['nb91517326'], 'P269': ['128541199'], 'P227': ['173671632'], 'P11182': ['100292'], 'P8189': ['987007380818005171'], 'P3987': ['627821'], 'P13591': ['person/c4f90934-1e99-4044-9dc1-574c1a48c087']}"
Q112421163,Paul Kearns,law researcher,['Q5'],[],[],['+1962-00-00T00:00:00Z'],[],"{'P691': ['jx20090529004'], 'P214': ['217145763'], 'P1207': ['n2007138699'], 'P213': ['0000000110854884'], 'P269': ['060845309'], 'P8189': ['987007454958205171'], 'P13591': ['person/263678c5-cf5c-4d66-a310-2ae1aedc9d5f']}"
Q50709411,Ellen Hawley McWhirter,"Professor in Counseling Psychology, researcher",['Q5'],[],[],[],"['Q212980', 'Q1622272', 'Q3400985']","{'P496': ['0000-0002-9670-3629'], 'P1153': ['6603064190'], 'P214': ['23822090'], 'P691': ['xx0267950'], 'P227': ['135576040'], 'P8189': ['987007405735705171'], 'P244': ['n94008474'], 'P213': ['0000000035208873']}"
Q82104,Ian Fleming,British author (1908–1964),['Q5'],['Q145'],['Q124184'],"['+1908-05-28T00:00:00Z', '+1908-12-28T00:00:00Z']","['Q1930187', 'Q36180', 'Q6625963', 'Q28389', 'Q12144794', 'Q45199']","{'P373': ['Ian Fleming'], 'P244': ['n50004065'], 'P214': ['51689472'], 'P227': ['118691724'], 'P213': ['0000000122798250'], 'P434': ['2eca2fe2-42d9-47d5-bd3a-a992fdbea4d9'], 'P345': ['nm0001220'], 'P349': ['00466541'], 'P691': ['jn19990002319'], 'P646': ['/m/0fx02'], 'P268': ['11902905j'], 'P1015': ['90572861'], 'P1430': ['381'], 'P1006': ['068346549'], 'P1284': ['00000010666'], 'P866': ['ian-fleming'], 'P1816': ['mp18199'], 'P396': ['CFIV017252'], 'P1263': ['507/000022441'], 'P1801': ['IAN FLEMING 1908-1964 Creator of James Bond lived here.JPG', 'Ian Flemmings grave - geograph.org.uk - 1139008.jpg'], 'P1442': [""Grave of James Bond's Creator - geograph.org.uk - 496657.jpg""], 'P648': ['OL29227A'], 'P2191': ['19464'], 'P1296': ['0027189'], 'P1315': ['823194'], 'P2163': ['997'], 'P1266': ['36107'], 'P2019': ['p309478'], 'P2435': ['101580'], 'P950': ['XX869623'], 'P949': ['000400652'], 'P2639': ['a160b334e91b46ec968454c02a86b3e0'], 'P2168': ['81521'], 'P2519': ['20171'], 'P2604': ['24214'], 'P2605': ['76363'], 'P2949': ['Fleming-2508'], 'P3029': ['F66246'], 'P3051': ['I10088'], 'P1220': ['506269'], 'P3430': ['w6tx3r35'], 'P3417': ['Ian-Fleming-2'], 'P3569': ['literatuur-internationaal/ian-fleming'], 'P3478': ['423834'], 'P18': ['Ian Fleming c. 1958 (cropped).jpg'], 'P3987': ['17816'], 'P4159': ['Ian_Fleming_(1)'], 'P1417': ['biography/Ian-Fleming'], 'P856': ['https://ianfleming.com'], 'P4359': ['ianfleming'], 'P906': ['187013'], 'P1207': ['n94005182'], 'P4200': ['57818'], 'P3222': ['ian-fleming'], 'P3630': ['27932'], 'P1415': ['33168'], 'P3219': ['ian-fleming'], 'P1368': ['000007595'], 'P1005': ['38541'], 'P3154': ['flemiian'], 'P2924': ['4715469'], 'P4985': ['9856'], 'P1280': ['10971747'], 'P1233': ['31742'], 'P5357': ['fleming_ian'], 'P269': ['026866676'], 'P5534': ['9856'], 'P1580': ['a1283171'], 'P5587': ['75kmmnjr2dvqqr9'], 'P5570': ['-52568'], 'P5905': ['4040-57719'], 'P5247': ['3040-134743'], 'P5859': ['1928'], 'P5491': ['41803'], 'P6844': ['141294'], 'P2889': ['LWX5-G83'], 'P4638': ['p1377.htm#i13768'], 'P5034': ['KAC199608908'], 'P5019': ['fleming-ian-lancaster'], 'P4342': ['Ian_Fleming'], 'P2600': ['6000000011071696374'], 'P535': ['6997'], 'P1953': ['4402606'], 'P7433': ['4398'], 'P7865': ['95a5yja38danygu695b5yc1h6wt3acg'], 'P7902': ['118691724'], 'P7982': ['19881'], 'P5063': ['i95118'], 'P2963': ['2565'], 'P6262': ['jamesbond:Ian_Fleming'], 'P8094': ['flemingi'], 'P7929': ['p=ian;n=fleming'], 'P8849': ['22678373'], 'P8851': ['21402471'], 'P8349': ['21583'], 'P7293': ['9810572455505606'], 'P1695': ['a0000002404911'], 'P1819': ['I00258730'], 'P8814': ['10992977-n'], 'P5421': ['184323'], 'P1255': ['118691724'], 'P4789': ['U56886'], 'P8902': ['people/73099'], 'P3348': ['77712'], 'P7369': ['000007168'], 'P8179': ['ncf12074448'], 'P3846': ['87097968310687'], 'P8189': ['987007462804405171'], 'P7699': ['LNB:Va+;=BX'], 'P271': ['DA00196128'], 'P409': ['35088803'], 'P7029': ['779687'], 'P5617': ['ian-fleming-2444'], 'P1375': ['000057470'], 'P7666': ['ian-fleming'], 'P9918': ['PE00203883'], 'P9984': ['981058514380206706'], 'P109': ['Ian Fleming signature.jpg'], 'P2003': ['ianflemings007'], 'P2002': ['theianfleming'], 'P2013': ['ianflemingbooks'], 'P10242': ['02189/eu_f_0789/f0789'], 'P8313': ['Ian_Fleming'], 'P9995': ['142101'], 'P7305': ['3901473'], 'P3368': ['11789', '1674669'], 'P7520': ['28669'], 'P6385': ['kultura_i_obrazovanie/literatura/FLEMING_YAN.html'], 'P9594': ['3687'], 'P10883': ['fleming_ian'], 'P9965': ['305509'], 'P5408': ['f/ian-fleming'], 'P7502': ['Ian_Fleming-P4XAW'], 'P6921': ['13220'], 'P6706': ['Fleming,+Lancaster+Ian'], 'P1890': ['000034616'], 'P11185': ['59de6bd121c0c8f86d47bd2c'], 'P7745': ['2972'], 'P3280': ['0000053970'], 'P4619': ['000181932'], 'P3065': ['A003247798'], 'P7024': ['000000929'], 'P11496': ['1140282266767232768'], 'P11249': ['14116881'], 'P2607': ['58fdf001-8b21-4ca5-984c-866b88d0d65a'], 'P11683': ['yan-fleming'], 'P11686': ['981058514380206706'], 'P1617': ['f2e45c58-89c8-49de-a8b6-8e7d8278a974'], 'P11870': ['1560'], 'P3847': ['person:ian_fleming_(1908-1964)'], 'P10780': ['ian-fleming'], 'P10832': ['E39PBJmtB6RRD6yqxPvGdFvyh3'], 'P1185': ['317994'], 'P12098': ['47259'], 'P12086': ['Ian_Fleming'], 'P12386': ['u12164'], 'P11386': ['ian-fleming'], 'P12385': ['ian-lancaster-fleming'], 'P2188': ['2665'], 'P12582': ['20110803095823331'], 'P9707': ['46973'], 'P12749': ['Q93946'], 'P3365': ['ian-lancaster-fleming'], 'P13049': ['118691724'], 'P10608': ['agent/gnd_118691724'], 'P13185': ['59318'], 'P12871': ['0fx02'], 'P9964': ['118691724'], 'P5562': ['fleming_ian_lancaster'], 'P10387': ['516'], 'P13437': ['Fleming_Ian'], 'P12854': ['5d776d74fb0d55001f5a0bd7'], 'P13613': ['201833'], 'P13951': ['1496548', '174402'], 'P10400': ['1996'], 'P3106': ['books/ian-fleming'], 'P14178': ['jn19990002319'], 'P14225': ['981005682542009366'], 'P13204': ['n3p965rq'], 'P14211': ['981013406170007712'], 'P9322': ['p0019894-Fleming-Ian-19081964'], 'P13772': ['ian-fleming'], 'P14470': ['People/Ian_Fleming'], 'P14750': ['EA58-2C7C-9646-1028-1AC4'], 'P12451': ['151059634'], 'P2581': ['00035178n'], 'P7214': ['1952'], 'P7553': ['29566']}"
Q18756785,Ian Fleming,"Fleming, Ian (1906–1994), artist and art teacher (1906–1994)",['Q5'],"['Q145', 'Q174193']",['Q4093'],['+1906-11-19T00:00:00Z'],['Q1028181'],"{'P650': ['135254'], 'P1711': ['142949'], 'P214': ['71667404'], 'P268': ['14973935k'], 'P1367': ['fleming-ian-19061994'], 'P3965': ['18432'], 'P245': ['500138976'], 'P1430': ['2350'], 'P3782': ['ian-fleming'], 'P1415': ['54960'], 'P4927': ['rbx5e0izha'], 'P2843': ['B00065123'], 'P6578': ['ED5FCAFCBBFA94E7'], 'P4663': ['2d73c63e-4a26-e111-9c2b-000c29604b72'], 'P3901': ['ian-fleming-843375'], 'P8783': ['1110'], 'P7848': ['991004051939707141'], 'P1953': ['5134869'], 'P11239': ['0008814968'], 'P10706': ['009030'], 'P7545': ['11031113'], 'P4432': ['00016005'], 'P14750': ['3D7A-5EF1-9F6C-D83E-2007']}"
Q1916242,Ian Fleming,Australian character actor (1888–1969),['Q5'],['Q408'],['Q3141'],['+1888-09-10T00:00:00Z'],['Q33999'],"{'P214': ['34039934'], 'P646': ['/m/04n0835'], 'P345': ['nm0281686'], 'P2163': ['354534'], 'P1266': ['458783'], 'P2019': ['p23863'], 'P2604': ['200136'], 'P2168': ['214575'], 'P244': ['no95018875'], 'P950': ['XX5249171'], 'P1280': ['10969955'], 'P213': ['0000000043530707'], 'P1741': ['99087'], 'P3368': ['2358590'], 'P10302': ['ien-fleming-0'], 'P11683': ['ien-fleming'], 'P12098': ['966156'], 'P396': ['DDSV269900'], 'P10832': ['E39PBJxRHrdBrpv46TW4tpPxXd'], 'P2605': ['914382'], 'P12854': ['5d7768545af944001f1ff7f5'], 'P14750': ['8531-EE46-11AE-1FDA-0888'], 'P7553': ['601186']}"
Q908452,Ian Fleming,English organic chemist,['Q5'],['Q145'],['Q23105'],['+1935-01-01T00:00:00Z'],"['Q593644', 'Q1622272']","{'P214': ['19647993'], 'P213': ['0000000108760539'], 'P227': ['139245359'], 'P646': ['/m/03c5_70'], 'P1006': ['067786987'], 'P244': ['n50003526'], 'P2070': ['11445'], 'P1153': ['16156495700'], 'P349': ['00439706'], 'P906': ['187014'], 'P1015': ['90572599'], 'P1207': ['n93128527'], 'P396': ['RMCV004341'], 'P1315': ['823202'], 'P1580': ['a1283169'], 'P269': ['05965029X'], 'P268': ['12281640k'], 'P5587': ['86lnnpks5p605kg'], 'P691': ['jn19981001189'], 'P5034': ['KAC199608909'], 'P950': ['XX1007703'], 'P7293': ['9810686686705606'], 'P1280': ['116962659'], 'P9984': ['981058514380506706'], 'P8189': ['987007458652205171'], 'P856': ['http://www-fleming.ch.cam.ac.uk/'], 'P3368': ['643463'], 'P2381': ['65651'], 'P11686': ['981058514380506706'], 'P271': ['DA02094967'], 'P11496': ['1140000791838168832'], 'P10832': ['E39PBJj4xVjcDVd8wwjmm87yh3'], 'P1368': ['000127603'], 'P13049': ['139245359'], 'P13591': ['person/16d33832-5145-420c-96f1-76daa0e4dbcc'], 'P648': ['OL233257A'], 'P13951': ['143627'], 'P13204': ['h45dcm8q'], 'P9322': ['p0039645-Fleming-Ian-1935']}"
Q2548502,Ian Fleming,Wikimedia disambiguation page,['Q22808320'],[],[],[],[],{}
Q90288688,Ashish A. Malik,researcher (ORCID 0000-0003-4866-9072),['Q5'],[],[],[],['Q1650915'],"{'P496': ['0000-0003-4866-9072'], 'P1153': ['56154990100'], 'P2002': ['ashish_a_malik']}"
Q60023542,Ashish Malik,researcher ORCID ID = 0000-0002-2422-4194,['Q5'],[],[],[],"['Q2462658', 'Q1622272']","{'P496': ['0000-0002-2422-4194'], 'P1153': ['56208258600'], 'P214': ['316767560'], 'P6178': ['016516010401.89'], 'P1053': ['H-5624-2012'], 'P856': ['https://www.newcastle.edu.au/profile/ashish-malik'], 'P269': ['197843972'], 'P11496': ['1140000791581730688'], 'P271': ['DA18357715'], 'P227': ['1074040325'], 'P8179': ['ncf11883747'], 'P213': ['0000000440004452'], 'P8189': ['987007369514105171'], 'P244': ['n2014065867'], 'P691': ['utb20191053281'], 'P10283': ['A5045690458'], 'P13591': ['person/3a89d89f-3b5d-4a0d-8e3c-330cd8187a53'], 'P13049': ['1074040325']}"
Q92458196,Ashish Malik,researcher (ORCID 0000-0003-3626-5556),['Q5'],[],[],[],['Q1650915'],"{'P496': ['0000-0003-3626-5556'], 'P1053': ['L-7155-2017']}"
Q136580876,,,['Q5'],[],[],['+1986-01-01T00:00:00Z'],['Q3779582'],"{'P227': ['1058383833'], 'P13049': ['1058383833'], 'P214': ['310687494']}"
Q115329218,Chris Rowley,researcher,['Q5'],['Q408'],[],[],"['Q3640160', 'Q1650915']","{'P4081': ['185828'], 'P4012': ['1401137588']}"
Q112422410,Chris Rowley,,['Q5'],[],[],['+1959-00-00T00:00:00Z'],['Q121594'],"{'P691': ['mzk2009529145'], 'P214': ['115443131'], 'P8189': ['987007441898005171'], 'P213': ['0000000121484671'], 'P244': ['n96040951'], 'P268': ['15514876b'], 'P269': ['120105268'], 'P7293': ['9810644448605606'], 'P227': ['136733131'], 'P11182': ['133720'], 'P1368': ['000220625'], 'P13591': ['person/5920dfd3-87ce-4224-87a1-7d90b948db4c'], 'P13951': ['446024', '537357', '705176']}"
Q36562790,Chris Rowley,baseball player (1990-),['Q5'],['Q30'],['Q23556'],['+1990-08-14T00:00:00Z'],['Q10871364'],"{'P1825': ['r/rowlech01'], 'P1826': ['rowley000chr'], 'P3541': ['635903'], 'P3574': ['sa740522'], 'P3571': ['36365'], 'P2003': ['chris.rowley'], 'P4731': ['159242'], 'P6976': ['rowlc001'], 'P2671': ['/g/11f01qqk9t'], 'P5421': ['113565'], 'P4409': ['rowlech01'], 'P18': ['Chris Rowley (15)-003 (cropped).jpg'], 'P14750': ['D934-07F9-B2A3-A964-8BDF']}"
Q133710790,,,['Q5'],[],[],['+1938-01-01T00:00:00Z'],[],"{'P227': ['136864155'], 'P213': ['0000000055547717'], 'P214': ['1969308']}"
Q75855774,David Wood Griffiths,American military officer (1896–1967),['Q5'],['Q30'],['Q1297'],['+1896-11-05T00:00:00Z'],['Q189290'],"{'P4638': ['p35841.htm#i358406'], 'P2600': ['6000000012823848428'], 'P2949': ['Griffiths-4185'], 'P1819': ['I00392294'], 'P535': ['19694017'], 'P2671': ['/g/11fq87__d7'], 'P18': ['David Wood Griffiths (1896–1967) at West Point in 1918.png']}"
Q180599,James Armstrong Richardson,Canadian politician (1922-2004),['Q5'],['Q16'],['Q2135'],['+1922-03-28T00:00:00Z'],"['Q82955', 'Q43845']","{'P646': ['/m/059x4q'], 'P6616': ['11148'], 'P2949': ['Richardson-26081'], 'P8445': ['591505']}"
Q109740833,James Richardson,,['Q5'],['Q145'],[],[],['Q19772737'],{'P6465': ['84069']}
Q121012982,James Richardson,lawyer,['Q5'],[],[],[],[],{}
Q110887302,James Richardson,,['Q5'],['Q16'],['Q1247411'],['+1810-03-29T00:00:00Z'],"['Q520549', 'Q11900058']","{'P648': ['OL5160181A'], 'P13591': ['person/3ae3b270-750b-480c-8c3a-c1dd4bcf015b'], 'P2753': ['richardson_james_1810_1883_11', 'richardson_james_1810_83_11']}"
Q128792598,James Richardson,successful doctoral candidate at the University of York,['Q5'],[],[],[],['Q1650915'],{}
Q132875436,,,['Q5'],[],[],['+1957-01-01T00:00:00Z'],[],"{'P227': ['1011800306'], 'P13049': ['1011800306'], 'P13591': ['person/60d466e0-7d1a-4f2a-82b8-bf4c05225771'], 'P214': ['315985727']}"
Q13563379,Page,family name,"['Q101352', 'Q829026']",[],[],[],[],"{'P373': ['Page (surname)'], 'P3878': ['P200'], 'P3880': ['PK1111'], 'P4839': ['Entity[""Surname"", ""Page""]'], 'P5452': ['Page'], 'P3370': ['PAGE'], 'P9644': ['PAGE'], 'P3879': ['14'], 'P8168': ['Q373788'], 'P13742': ['55929']}"
Q1069725,page,unit of extent that consists of a single side of a leaf,"['Q47574', 'Q78754808', 'Q63285117']",[],[],[],[],"{'P487': ['🗏', '🗐'], 'P646': ['/m/07_8yb'], 'P373': ['Pages'], 'P8408': ['PageOfPaper-IBO'], 'P7749': ['13706'], 'P6512': ['ZP'], 'P7007': ['""Pages""'], 'P1245': ['333652'], 'P9236': ['RDACarrierEU/1023'], 'P9374': ['p.aspx#page'], 'P3222': ['pagina'], 'P1296': ['0128875'], 'P8814': ['06267274-n'], 'P8168': ['Q164536'], 'P18': [""Felicien Rops - l'homme et l'artiste 1908 (144064786).jpg""], 'P11567': ['page'], 'P12086': ['Bladzijde'], 'P12385': ['pagina-0'], 'P9495': ['term/b8a51a60-427b-47c1-bbb0-ed8c844cee08']}"
Q15471528,Page,given name,['Q3409032'],[],[],[],[],"{'P3878': ['P200'], 'P3879': ['14'], 'P3880': ['PK1111'], 'P373': ['Page (given name)']}"
Q2102713,polyacrylamide gel electrophoresis,analytical technique,[],[],[],[],[],"{'P373': ['Polyacrylamide gel electrophoresis'], 'P486': ['D004591'], 'P646': ['/m/0pxnh'], 'P672': ['E05.196.401.402', 'E05.301.300.319'], 'P11143': ['Polyacrylamide gel electrophoresis']}"
Q110218573,Page,English printmaker (active 1776-1793),['Q5'],['Q21'],[],[],"['Q11569986', 'Q329439']","{'P1795': ['3666'], 'P1816': ['mp63534']}"
Q125492296,Peter Dowling,New Zealand publisher,['Q5'],['Q664'],['Q84'],['+1965-00-00T00:00:00Z'],['Q2516866'],"{'P6634': ['peter-dowling-9882388'], 'P13591': ['person/a0da307f-59af-43f7-8d48-c2834d53c3c3']}"
Q110208729,Peter Dowling,researcher (business school operations),['Q5'],[],[],[],['Q1650915'],"{'P496': ['0000-0002-2940-0206'], 'P1153': ['26642945500'], 'P856': ['https://scholars.latrobe.edu.au/pdowling'], 'P6178': ['011656063367.42']}"
Q112436586,Peter Dowling,Australian marketing specialist and lecturer,['Q5'],[],[],['+1950-00-00T00:00:00Z'],['Q1622272'],"{'P691': ['utb2011622778'], 'P214': ['161607436']}"
Q7173722,Peter Dowling,Australian politician,['Q5'],['Q408'],['Q83065'],['+1961-08-12T00:00:00Z'],['Q82955'],"{'P646': ['/m/064nm1p'], 'P10632': ['Q7173722']}"
Q133737835,,,['Q5'],[],['Q84'],['+1965-01-01T00:00:00Z'],['Q2516866'],"{'P227': ['142597937'], 'P213': ['0000000047349614'], 'P214': ['140328731']}"
Q93261857,Randall S. Schuler,,['Q5'],[],[],['+1945-04-29T00:00:00Z'],[],"{'P213': ['0000000115686592'], 'P214': ['44440080'], 'P5739': ['71948'], 'P244': ['n78091411'], 'P1580': ['a1364201'], 'P3280': ['0000120911'], 'P1015': ['90211652'], 'P268': ['13185202v'], 'P8179': ['ncf10163400'], 'P227': ['139909176'], 'P8189': ['987007444361905171'], 'P7699': ['LNB:QyO;=Bv'], 'P271': ['DA04686184'], 'P691': ['vse2006344687'], 'P409': ['35880994'], 'P1375': ['000194695'], 'P1006': ['07166274X'], 'P7293': ['9810549640605606'], 'P3065': ['A003808773'], 'P1280': ['8302179'], 'P269': ['085873233'], 'P3987': ['496570'], 'P1207': ['n98085555'], 'P2163': ['1438679'], 'P9984': ['981058519294606706'], 'P11496': ['1140845216704199168'], 'P11249': ['14373296'], 'P11686': ['981058519294606706'], 'P11182': ['1366'], 'P12458': ['179895'], 'P10832': ['E39PBJwHjCRqgDP8v6y9rRVXBP'], 'P13591': ['person/d78bbada-69c1-4c8a-8c48-7ef672251000'], 'P14225': ['981005758643709366']}"
Q87106585,Diana Dias,researcher (ORCID 0000-0002-5065-8068),['Q5'],[],[],[],['Q1650915'],"{'P496': ['0000-0002-5065-8068'], 'P7893': ['D21C-9532-09DF'], 'P1053': ['U-4614-2018'], 'P2038': ['Diana_Dias2']}"
Q57790059,Diana Dias,researcher ORCID ID = 0000-0003-2067-5243,['Q5'],[],[],[],['Q1650915'],"{'P496': ['0000-0003-2067-5243'], 'P1153': ['55206392300'], 'P7893': ['4E1E-17C5-30F8'], 'P1053': ['C-1119-2016'], 'P6178': ['010456665640.31']}"
Q59160761,Diana Dias da Silva,researcher ORCID ID = 0000-0002-7331-9157,['Q5'],[],[],[],['Q1650915'],"{'P496': ['0000-0002-7331-9157'], 'P1153': ['57064454800'], 'P7893': ['7715-CF06-F0B5'], 'P1053': ['C-8844-2016']}"
Q87884221,Carla Magalhães,researcher,['Q5'],[],[],[],['Q1650915'],"{'P496': ['0000-0002-9152-7865'], 'P7893': ['6117-3AE8-EFC5'], 'P1153': ['57189467478']}"
Q76292862,Patricia Wellington,Peerage person ID=668197,['Q5'],[],[],[],[],{'P4638': ['p66820.htm#i668197']}
Q122897576,Carol Colfer,forestry researcher,['Q5'],[],[],[],['Q21244999'],"{'P496': ['0000-0002-2769-7536'], 'P10283': ['A5074665567'], 'P13591': ['person/032ed2ff-0d76-4a13-ada2-df76ada25510']}"
Q115468290,"Carol J. Pierce Colfer (ed): The Equitable Forest: Diversity, Community, and Resource Management",scientific article published in 2006,['Q13442814'],[],[],[],[],"{'P2093': ['John O. Browder'], 'P304': ['379-380'], 'P356': ['10.1007/S10745-006-9072-7'], 'P433': ['3'], 'P478': ['35']}"
Q1927840,Michael Hitt,American economist,['Q5'],['Q30'],[],['+1946-01-24T00:00:00Z'],['Q188094'],"{'P227': ['124214517'], 'P1006': ['084816708'], 'P3747': ['241662'], 'P213': ['0000000110796696'], 'P3987': ['144856'], 'P1280': ['12795491'], 'P269': ['050711490'], 'P268': ['13540311r'], 'P214': ['101596090'], 'P691': ['utb2009543507'], 'P244': ['n78090259'], 'P1207': ['n99027940'], 'P646': ['/m/05vrc38'], 'P8189': ['987007311268405171'], 'P3368': ['235189'], 'P11249': ['14808259'], 'P12458': ['461608'], 'P10832': ['E39PBJht6cp4yVBTJVxWV7cHG3'], 'P1368': ['000024445'], 'P13591': ['person/75fc5411-05c7-40ee-aa64-4731bec38948'], 'P13906': ['150539']}"
Q108626265,R. Duane Ireland,American academic,['Q5'],['Q30'],['Q983974'],['+1947-00-00T00:00:00Z'],['Q121594'],"{'P691': ['utb2009543508'], 'P214': ['101596100'], 'P1207': ['n99027939'], 'P1280': ['12796003'], 'P213': ['0000000109294058'], 'P244': ['n88135878'], 'P268': ['12420917r'], 'P269': ['03333272X'], 'P227': ['124214533'], 'P8189': ['987007439580705171'], 'P11182': ['90721'], 'P2671': ['/g/11h4mqbcvy'], 'P5034': ['KAC201109346'], 'P1368': ['000024446'], 'P13591': ['person/43012205-1d5b-44dc-9f72-1ae0dfe3c174'], 'P13906': ['3490']}"
Q5489871,Frank T. Rothaermel,American academic,['Q5'],['Q30'],['Q569680'],[],"['Q188094', 'Q1622272']","{'P691': ['jcu2017937397'], 'P214': ['37605567'], 'P5361': ['RothaermelFrankT'], 'P1006': ['334432898'], 'P5034': ['KAC201503890'], 'P646': ['/m/05pbng2'], 'P18': ['FTR wikipedia.jpg'], 'P1207': ['n2013184619'], 'P213': ['0000000040928293'], 'P269': ['165954752'], 'P1960': ['MuZkxuMAAAAJ'], 'P8189': ['987007337613105171'], 'P244': ['no99019827'], 'P13591': ['person/80813039-782a-42f5-8bff-285daf1a92e4'], 'P11182': ['190547'], 'P13951': ['602083']}"
Q3938264,R. Edward Freeman,American philosopher (1951-),['Q5'],['Q30'],['Q239870'],['+1951-12-18T00:00:00Z'],"['Q188094', 'Q4964182', 'Q1622272']","{'P214': ['36991798'], 'P213': ['0000000108881859'], 'P227': ['124214584'], 'P268': ['12346239t'], 'P646': ['/m/02q3hn9'], 'P1006': ['069871817'], 'P269': ['132755998'], 'P3747': ['263356'], 'P1960': ['ZcvIxwsAAAAJ'], 'P3987': ['122358'], 'P906': ['54193'], 'P950': ['XX1379745'], 'P5587': ['wt795fmf0nvd9h3'], 'P1280': ['22206819'], 'P691': ['mub2011659943'], 'P244': ['n83148756'], 'P1207': ['n98030147'], 'P5739': ['29186'], 'P5034': ['KAC199609290'], 'P549': ['199628'], 'P1580': ['a1323697'], 'P5731': ['87967'], 'P4955': ['445551'], 'P7293': ['9810610379205606'], 'P9984': ['981058528595406706'], 'P3368': ['695868'], 'P10553': ['085712663'], 'P856': ['http://redwardfreeman.com/'], 'P8189': ['987007429719505171'], 'P11249': ['13972081'], 'P11686': ['981058528595406706'], 'P11182': ['89400'], 'P3348': ['81763'], 'P12458': ['37017'], 'P10832': ['E39PBJt44fmVjx64pKywWcxhpP'], 'P1368': ['000195382'], 'P13049': ['124214584'], 'P13591': ['person/9b1c5c53-1764-4a5c-86c3-a9317aacb9bc'], 'P1315': ['1253147'], 'P1607': ['1965871'], 'P3233': ['robert-edward-freeman'], 'P9802': ['2170762'], 'P6868': ['1421434543'], 'P8848': ['9917286'], 'P13951': ['509328', '780455'], 'P496': ['0000-0002-0721-5878']}"
Q39060777,Fred David,austrian-born aircraft designer,['Q5'],['Q408'],['Q1741'],['+1898-10-01T00:00:00Z'],['Q10497074'],"{'P214': ['72451995'], 'P2671': ['/g/11fylss0s7'], 'P227': ['128724668'], 'P10832': ['E39PBJv4gVDjWKj8MRThQhbGHC']}"
Q102380484,Fred David John Bowden,Ph.D. University of Adelaide 2001,['Q5'],[],[],[],[],"{'P549': ['154194'], 'P4955': ['665496']}"
Q102512382,Fred D. Arditti,Ph.D. Massachusetts Institute of Technology 1966,['Q5'],['Q30'],['Q18426'],['+1939-01-30T00:00:00Z'],['Q188094'],"{'P549': ['207438'], 'P2671': ['/g/11fhsd0_ds'], 'P214': ['11869039'], 'P213': ['0000000067755441'], 'P244': ['no91008475'], 'P3368': ['198566'], 'P1207': ['n2011165937'], 'P8189': ['987007340541605171']}"
Q139163344,,,['Q5'],[],[],['+1950-01-01T00:00:00Z'],[],"{'P227': ['120612305'], 'P7902': ['120612305'], 'P13049': ['120612305'], 'P214': ['42674091']}"
Q5495438,Fred Herbold,American football coach,['Q5'],['Q30'],['Q171224'],['+1875-09-25T00:00:00Z'],"['Q3246315', 'Q41583', 'Q42331263']","{'P18': ['Frank Herbold.jpg'], 'P535': ['5910409'], 'P3560': ['1039'], 'P646': ['/m/02qq_n9'], 'P3368': ['2447241'], 'P2949': ['Herbold-102'], 'P8777': ['37165']}"
Q1292980,Edward McDonnell,producer,['Q5'],['Q27'],['Q1761'],['+1806-01-01T00:00:00Z'],['Q43845'],{'P2671': ['/g/1238g5xd']}
Q126811289,Edward McDonnell,Irish politician and businessman (1806–1860,['Q5'],[],[],['+1806-01-01T00:00:00Z'],[],{}
Q121357809,Edward McDonnell,,['Q5'],[],[],[],['Q47541952'],{'P7003': ['creators/79427']}
Q5344694,Edward Orrick McDonnell,United States Navy Medal of Honor recipient,['Q5'],['Q30'],['Q5092'],['+1891-11-13T00:00:00Z'],"['Q189290', 'Q108114975', 'Q2961975']","{'P18': ['Edward O. McDonnell 2.jpg'], 'P535': ['7878300'], 'P373': ['Edward O. McDonnell'], 'P646': ['/m/05p98qs'], 'P2949': ['McDonnell-1919'], 'P3368': ['1045094'], 'P2600': ['6000000184332477830'], 'P1442': ['Medal of Honor recipient gravestone in Arlington National Cemetery, Arlington, Virginia in the 2020s - 296.jpg'], 'P1869': ['756'], 'P13443': ['edward-o-mcdonnell']}"
Q115745658,Edward McDonnell Lake,"lake in Manitoba, Canada",['Q23397'],[],[],[],[],{'P821': ['GBVAA']}
Q1538942,Jay Barney,American economist,['Q5'],['Q30'],['Q493261'],['+1954-00-00T00:00:00Z'],"['Q188094', 'Q1622272']","{'P244': ['n86147003'], 'P227': ['123872200'], 'P1006': ['072398361'], 'P691': ['vse2007365235'], 'P349': ['00937338'], 'P213': ['0000000109213801'], 'P409': ['35925845'], 'P271': ['DA01098361'], 'P3987': ['144538'], 'P269': ['033965889'], 'P268': ['12476931s'], 'P214': ['85286436'], 'P18': ['Jay B. Barney.jpg'], 'P373': ['Jay B. Barney'], 'P5034': ['KAC200003193'], 'P1207': ['n2004034055'], 'P646': ['/m/05vk45d'], 'P7293': ['9810659793105606'], 'P10553': ['583277861'], 'P8189': ['987007434880005171'], 'P11496': ['1140282266815722752'], 'P11182': ['15348'], 'P10832': ['E39PBJrrvBJHgTpJGgJCMj3vpP'], 'P1368': ['000133655'], 'P1315': ['1148574'], 'P13591': ['person/c75591ad-ddb5-4b54-8962-36760630fade'], 'P13951': ['467344', '772690'], 'P496': ['0000-0003-0875-6702'], 'P3747': ['896023', '295356']}"
Q48774003,Jay Barney,American actor (1913-1985),['Q5'],['Q30'],['Q1297'],['+1913-03-14T00:00:00Z'],['Q33999'],"{'P1220': ['30968'], 'P345': ['nm0056020'], 'P2671': ['/g/11gf62hsjf'], 'P4985': ['153414'], 'P9995': ['127005'], 'P244': ['n82161958'], 'P214': ['13667567'], 'P213': ['0000000026199194'], 'P10302': ['dzhey-barni'], 'P12098': ['836412'], 'P10832': ['E39PCjwTvCKjFQ4ppVrJHpvwT3'], 'P9662': ['98836'], 'P5340': ['79817'], 'P2605': ['341887'], 'P14750': ['F812-E1B1-730F-5D81-0557']}"
Q112444979,Jeffrey H. Dyer,,['Q5'],[],[],['+1959-00-00T00:00:00Z'],['Q121594'],"{'P691': ['vse2011667907'], 'P214': ['103728784'], 'P213': ['0000000040267843'], 'P1207': ['n2015180611'], 'P244': ['n00089310'], 'P269': ['061489565'], 'P268': ['16679087j'], 'P8189': ['987007433869205171'], 'P227': ['15675634X', '14018354X'], 'P950': ['XX5226318'], 'P7293': ['9810634451105606'], 'P9984': ['981058515682406706'], 'P11686': ['981058515682406706'], 'P5034': ['KAC201201581'], 'P1368': ['000336536'], 'P13591': ['person/28006c13-4f12-463c-afb6-660ccee2d75f']}"
Q105221977,Paul Godfrey,Royal Air Force officer,['Q5'],['Q145'],[],[],"['Q19934710', 'Q2095549']","{'P2671': ['/g/11qybmwp7k'], 'P18': ['Commander, UK Space Command Air Vice-Marshal Paul Godfrey OBE, MA, FRAeS (cropped).jpg'], 'P373': ['Paul Godfrey (RAF)']}"
Q126848216,Paul Godfrey,candidate in the 2024 United Kingdom general election,['Q5'],['Q145'],[],[],[],{'P6465': ['98111']}
Q99701129,Paul David Godfrey,British musician,['Q5'],['Q145'],['Q2621103'],['+1972-01-19T00:00:00Z'],['Q639669'],"{'P8301': ['9606'], 'P434': ['6c230e5a-dcf1-454b-8348-b71a0baf7f73'], 'P1828': ['00258091652'], 'P213': ['000000005698234X'], 'P1953': ['280652']}"
Q7150926,Paul Godfrey,Canadian politician and businessman (born 1939),['Q5'],['Q16'],['Q172'],['+1939-01-01T00:00:00Z'],['Q43845'],"{'P345': ['nm2500905'], 'P18': ['Paul Godfrey.jpg'], 'P646': ['/m/05ktld'], 'P373': ['Paul Godfrey'], 'P8951': ['146-8254']}"
Q12333603,Robert Jensen,,['Q5'],['Q756617'],[],['+1900-08-15T00:00:00Z'],[],"{'P373': ['Robert Jensen (1900-1944)'], 'P18': ['Jensen Robert.jpg'], 'P8341': ['Robert_Jensen'], 'P4359': ['robertjensen'], 'P8313': ['Robert_Jensen'], 'P10951': ['106289']}"
Q102395050,Robert Jensen,Ed.D. University of Georgia 1984,['Q5'],[],[],[],[],{'P549': ['161946']}
Q122921281,Robert Jensen,American designer (born 1950),['Q5'],['Q30'],[],['+1950-00-00T00:00:00Z'],['Q5322166'],"{'P6645': ['26811-robert-jensen'], 'P245': ['500660255'], 'P650': ['384045'], 'P13591': ['person/77ea717e-55dc-40a1-a2ef-efd608902cd9']}"
Q111819028,Robert Jensen,"American architect and architectural historian, 1938-1990",['Q5'],['Q30'],['Q968976'],['+1938-01-01T00:00:00Z'],"['Q42973', 'Q11486702']","{'P1315': ['1282905'], 'P2163': ['1452135'], 'P214': ['110299327'], 'P227': ['174326432'], 'P244': ['n82040569'], 'P1207': ['n2007079665'], 'P1006': ['069728402'], 'P5361': ['JensenRobert1938-'], 'P213': ['0000000084650430'], 'P7400': ['jensenrobert-2'], 'P5508': ['12631'], 'P13591': ['person/cd69aa31-8bbb-4bff-8cbf-b769a53cd005'], 'P8189': ['987012747879605171']}"
Q48743679,Robert Jensen,American economist,['Q5'],[],[],"['+1970-12-20T00:00:00Z', '+1970-00-00T00:00:00Z']",['Q188094'],"{'P1960': ['YDdLZhkAAAAJ'], 'P214': ['45494359'], 'P213': ['0000000049191742'], 'P244': ['nr98018068'], 'P227': ['133538818'], 'P1006': ['30357755X'], 'P2671': ['/g/11hbqkshvt'], 'P10832': ['E39PBJfcRdF88P34DWd9yqMtrq']}"
Q113953885,David Bryce,ceramicist and sculptor,['Q5'],[],[],[],"['Q7541856', 'Q1281618']",{}
Q59827905,David L Bryce,researcher ORCID ID = 0000-0001-9989-796X,['Q5'],[],[],[],['Q1650915'],"{'P496': ['0000-0001-9989-796X'], 'P1053': ['A-3534-2008'], 'P1153': ['7006138678'], 'P856': ['https://science.uottawa.ca/chemistry/people/bryce-david']}"
Q5231854,David Bryce,Scottish architect (1803-1876),['Q5'],['Q145'],[],['+1803-04-03T00:00:00Z'],['Q42973'],"{'P214': ['57860097'], 'P245': ['500027345'], 'P2268': ['107895'], 'P373': ['David Bryce'], 'P2163': ['19988'], 'P648': ['OL6108599A'], 'P244': ['n77000271'], 'P646': ['/m/05nfp3'], 'P3782': ['david-bryce'], 'P3029': ['F54914'], 'P1415': ['3797'], 'P1442': [""David Bryce's grave (sunny).JPG""], 'P5308': ['100014'], 'P213': ['0000000067073678'], 'P5508': ['9882'], 'P5361': ['BryceDavid1803-1876'], 'P6578': ['1EB01FAC4F9799E1'], 'P7349': ['20'], 'P1367': ['bryce-david-18031876'], 'P4432': ['10144717'], 'P18': ['David Bryce by George McCallum, SNPG.JPG'], 'P7848': ['991004214289707141'], 'P7545': ['11288123'], 'P12582': ['20110803095532737'], 'P10832': ['E39PBJfRFRpFdJb4Vwty79PG73'], 'P396': ['CFIV220782'], 'P13591': ['person/3e4f7c22-5afe-4b4e-af65-9159f05d06c6']}"
Q42268707,David Bryce Yaden,researcher,['Q5'],[],[],[],"['Q1650915', 'Q212980', 'Q901', 'Q1622272']","{'P496': ['0000-0002-9604-6227'], 'P1153': ['57205255274'], 'P6178': ['010423061131.20'], 'P5739': ['155304'], 'P12458': ['670742'], 'P227': ['1077792352'], 'P13049': ['1077792352'], 'P214': ['165144782958683486397'], 'P691': ['jo20261304720'], 'P10553': ['837505348']}"
Q20638853,David Lawrence Bryce,Scottish marine zoologist,['Q5'],[],[],['+1852-00-00T00:00:00Z'],['Q350979'],"{'P646': ['/m/013chstf'], 'P3368': ['2538102']}"
Q55622741,Melissa Schilling,American innovation scholar and professor,['Q5'],[],[],[],"['Q901', 'Q188094']","{'P2671': ['/g/11gjhfr0f7'], 'P691': ['utb2010570244'], 'P9743': ['107aNAQz7U'], 'P269': ['093542992'], 'P214': ['17509593'], 'P496': ['0000-0002-3573-7614'], 'P213': ['000000001117025X'], 'P244': ['no98117564'], 'P11686': ['981058608456506706'], 'P9984': ['981058608456506706'], 'P227': ['136245463'], 'P11182': ['190837'], 'P8189': ['987007423869705171'], 'P1280': ['81142115'], 'P3987': ['437663'], 'P5034': ['KAC200612053'], 'P13591': ['person/6f11c7fe-0cce-49ae-9346-6d5b244711ad'], 'P648': ['OL2640351A'], 'P12458': ['346797'], 'P3747': ['341752']}"
Q29032387,Garth Saloner,South African-born American economist,['Q5'],[],[],"['+1955-00-00T00:00:00Z', '+1955-01-18T00:00:00Z']","['Q188094', 'Q3400985', 'Q1622272', 'Q84506120']","{'P227': ['170058786'], 'P214': ['72864360'], 'P1006': ['074816047'], 'P1207': ['n2003028379'], 'P646': ['/m/05xk35k'], 'P3987': ['118406'], 'P549': ['207269'], 'P4955': ['241791'], 'P244': ['n86005014'], 'P856': ['https://www.gsb.stanford.edu/faculty-research/faculty/garth-saloner'], 'P3368': ['849764'], 'P8189': ['987007423791205171'], 'P269': ['06096510X'], 'P213': ['0000000116709952'], 'P10832': ['E39PBJdcyq8f6kbrfrkP9pHXBP'], 'P13591': ['person/17d9c48a-c9e8-421e-bbfb-8bc962ca7063']}"
Q6213706,Joel M. Podolny,American sociologist,['Q5'],['Q30'],['Q30'],['+1950-00-00T00:00:00Z'],"['Q2306091', 'Q188094']","{'P214': ['59382540'], 'P244': ['nr97042060'], 'P227': ['128545879'], 'P1006': ['175326533'], 'P213': ['0000000115718857'], 'P3987': ['438132'], 'P1207': ['n2008044406'], 'P646': ['/m/0bbfhn'], 'P1280': ['168376675'], 'P8189': ['987007440061905171'], 'P269': ['094209812'], 'P6634': ['joel-podolny-58395a63'], 'P10832': ['E39PBJtRMdMWJTRbCFcjCk6Yfq'], 'P13591': ['person/0b32c98e-f738-45d8-bc36-6136ff852dce']}"
Q16150461,Alan M. Rugman,,['Q5'],[],[],['+1945-01-01T00:00:00Z'],['Q3400985'],"{'P227': ['129694010'], 'P214': ['108347321'], 'P244': ['n79024681'], 'P268': ['12279817b'], 'P269': ['031617484'], 'P349': ['00454948'], 'P1015': ['90062624'], 'P1207': ['n2004078451'], 'P213': ['0000000124203345'], 'P1368': ['000011412'], 'P2163': ['32212'], 'P1006': ['067494412'], 'P691': ['vse2008429980'], 'P1580': ['a1078756'], 'P3029': ['F252724'], 'P646': ['/m/05ydx6f'], 'P3987': ['124051'], 'P1280': ['21266019'], 'P9984': ['981058513993506706'], 'P8189': ['987007267353005171'], 'P11249': ['14011925'], 'P11686': ['981058513993506706'], 'P11182': ['10127'], 'P10832': ['E39PBJg4gFChdfYpJxCcdWxVYP'], 'P13591': ['person/bbc7d0a4-02bb-4d20-888f-aee7ac80c662']}"
Q41802895,Alan M. Rugman,economist,['Q5'],[],[],[],['Q188094'],{'P2428': ['pru83']}
Q112395567,Richard M. Hodgetts,,['Q5'],[],[],['+1942-00-00T00:00:00Z'],['Q121594'],"{'P691': ['vse2006316099'], 'P214': ['11018458'], 'P1207': ['n97034927'], 'P3368': ['850710'], 'P5739': ['37746'], 'P244': ['n78079497'], 'P213': ['0000000115949209'], 'P2163': ['27580'], 'P8189': ['987007451995605171'], 'P3987': ['111108'], 'P269': ['06083112X'], 'P227': ['132843811'], 'P11496': ['1140845216752554368'], 'P271': ['DA00370065'], 'P11249': ['14439934'], 'P11182': ['8440'], 'P12458': ['115486'], 'P1368': ['000011413'], 'P13591': ['person/fa168640-a0e5-48ea-a3a9-c08108f2d85d'], 'P13906': ['146593'], 'P13862': ['richard-m-hodgetts']}"
Q111357384,Mark Harrison Moore,,['Q5'],[],[],['+1947-01-01T00:00:00Z'],['Q185351'],"{'P5731': ['3086'], 'P214': ['14203447'], 'P227': ['111593956'], 'P244': ['n81070755'], 'P268': ['13608868c'], 'P269': ['078523842'], 'P691': ['jn20020721298'], 'P1015': ['12064687'], 'P1207': ['n2011106337'], 'P1006': ['069200998'], 'P8189': ['987007400417405171'], 'P213': ['0000000040108877'], 'P11249': ['14383885'], 'P12458': ['36635'], 'P13049': ['111593956'], 'P13591': ['person/e86b6a76-475b-4a26-80b0-635e318e3b47']}"
Q124637186,Philippe Lasserre,,['Q5'],[],['Q1479'],['+1939-01-01T00:00:00Z'],['Q1622272'],"{'P691': ['mzk20231206581'], 'P13591': ['person/f76b43fc-3dce-415f-b8db-29e833ab358f'], 'P227': ['1275111432'], 'P13049': ['1275111432'], 'P213': ['000000011472581X'], 'P214': ['51802237'], 'P1207': ['n2004036390'], 'P1280': ['33257827']}"
Q13377535,John Adrian Naicker Parnell,botanist,['Q5'],[],[],['+1954-01-01T00:00:00Z'],"['Q2374149', 'Q1622272']","{'P428': ['J.Parn.'], 'P586': ['12439-1'], 'P214': ['48654402'], 'P244': ['n2006047815'], 'P268': ['16169787d'], 'P269': ['119764490'], 'P1015': ['7025268'], 'P213': ['0000000124177183'], 'P1006': ['300254261'], 'P496': ['0000-0002-1624-8807'], 'P4012': ['144171377'], 'P6264': ['83216', '6384'], 'P8189': ['987007334406505171'], 'P10832': ['E39PBJgxvDJbYMTFjqJpbh67pP'], 'P13591': ['person/3b3b2f80-40a3-4808-99c6-c72422b357f4'], 'P691': ['xx0334820']}"
Q6240076,John Howard Parnell,British politician,['Q5'],[],[],['+1843-01-01T00:00:00Z'],['Q82955'],"{'P214': ['246596604'], 'P2015': ['mr-john-parnell'], 'P2029': ['1384'], 'P2949': ['Parnell-562'], 'P3430': ['w6w68z4c'], 'P4159': ['John_Parnell_(13)'], 'P4638': ['p24735.htm#i247346'], 'P213': ['0000000385923113'], 'P3051': ['I16237'], 'P4471': ['2728'], 'P244': ['no2018101621'], 'P2600': ['6000000017309804094'], 'P6829': ['007203'], 'P646': ['/m/02ql56t'], 'P2171': ['16200'], 'P10832': ['E39PBJdMfbMCHkVFQgp7FYFVG3']}"
Q16844952,John Parnell,English cricketer (1811-1859),['Q5'],['Q174193'],[],['+1811-08-14T00:00:00Z'],['Q12299841'],"{'P2698': ['37454'], 'P4638': ['p825.htm#i8242'], 'P3051': ['I16184'], 'P2949': ['Parnell-434'], 'P2671': ['/g/11byv92j57'], 'P3368': ['2228373'], 'P1599': ['PNL831JH'], 'P8168': ['Q1199069']}"
Q25927628,"John Parnell, 6th Baron Congleton",peer (1892-1932),['Q5'],"['Q145', 'Q174193']",[],['+1892-05-16T00:00:00Z'],['Q82955'],"{'P2015': ['mr-john-parnell-1'], 'P4638': ['p1404.htm#i14039'], 'P3074': ['John_Brooke_Molesworth_Parnell'], 'P2949': ['Parnell-1272'], 'P2600': ['6000000005620165070'], 'P1819': ['I00272492'], 'P4789': ['U207799'], 'P10849': ['7071'], 'P2671': ['/g/11c0v5nqhl']}"
Q6251959,"John Parnell, 2nd Baron Congleton",British baron,['Q5'],['Q174193'],[],['+1805-00-00T00:00:00Z'],"['Q219477', 'Q432386', 'Q82955']","{'P2015': ['mr-john-parnell-2'], 'P648': ['OL4780144A'], 'P4159': ['John_Parnell_(11)'], 'P1415': ['21389'], 'P2949': ['Parnell-957'], 'P4638': ['p1749.htm#i17490'], 'P2600': ['6000000025276849342'], 'P646': ['/m/02qbj91'], 'P3368': ['2238421'], 'P10849': ['7067']}"
Q112451990,Peter M. Ginter,,['Q5'],[],[],['+1946-00-00T00:00:00Z'],['Q188094'],"{'P691': ['utb2012700079'], 'P214': ['51858500'], 'P213': ['0000000116419904'], 'P244': ['n84153362'], 'P1207': ['n97029363'], 'P8189': ['987007455103405171'], 'P3987': ['594611'], 'P269': ['05265947X'], 'P227': ['133490742'], 'P11249': ['13998035'], 'P11496': ['1140000791857389568'], 'P271': ['DA03593000'], 'P11182': ['49729'], 'P13591': ['person/9c3d1c7a-dab8-4442-8164-dce19cc5421c'], 'P7293': ['9810623474205606']}"
Q64706294,Linda E. Swayne,"American academic, professor of marketing, researcher",['Q5'],['Q30'],[],['+1946-01-01T00:00:00Z'],"['Q121594', 'Q1650915', 'Q1622272']","{'P214': ['10015791'], 'P227': ['133490785'], 'P244': ['n88026605'], 'P268': ['13572506t'], 'P269': ['085981869'], 'P691': ['utb2012700073'], 'P1015': ['90398473'], 'P1207': ['n97029364'], 'P1006': ['075091054'], 'P856': ['https://belkcollege.uncc.edu/directory/linda-swayne'], 'P6634': ['linda-swayne-1b585a13'], 'P213': ['0000000115935368'], 'P1607': ['483515'], 'P1280': ['100257635'], 'P271': ['DA03592981'], 'P8179': ['ncf12119114'], 'P8189': ['987007442353805171'], 'P7293': ['9810694554805606'], 'P3065': ['A003878773'], 'P3987': ['594613', '373872'], 'P11249': ['13998037'], 'P11496': ['1140000791790437120'], 'P11182': ['49730'], 'P10832': ['E39PBJkdk9Vdm3CT4MTG8yDXh3'], 'P13591': ['person/aac8d3d0-fba9-4305-a8c0-bf41fbb3152f'], 'P646': ['/m/05x3kck']}"
Q115678119,David Williamson,hospitality researcher in New Zealand,['Q5'],[],[],[],['Q1622272'],"{'P973': ['http://hdl.handle.net/10292/765'], 'P496': ['0000-0003-3826-7889'], 'P10283': ['A5036397982']}"
Q110228931,David Williamson,American metal artist (born 1949),['Q5'],['Q30'],['Q578328'],['+1949-00-00T00:00:00Z'],"['Q15980591', 'Q2519376']",{'P1795': ['29017']}
Q113867189,David Williamson,"Jeweler in Berea, OH",['Q5'],[],[],[],['Q336221'],{}
Q112406600,David Williamson,American author and Civil War historian,['Q5'],['Q30'],['Q163132'],['+1942-11-21T00:00:00Z'],"['Q36180', 'Q201788']","{'P691': ['jo2007399950'], 'P214': ['11681882'], 'P213': ['0000000114878437'], 'P244': ['n2003051656'], 'P6634': ['david-williamson-7b248a71', 'david-williamson-78431964'], 'P11870': ['4740']}"
Q968980,David Williamson,Australian dramatist and playwright,['Q5'],['Q408'],['Q3141'],['+1942-02-24T00:00:00Z'],"['Q214917', 'Q28389', 'Q487596', 'Q2707485', 'Q1823479', 'Q2737906', 'Q2526255', 'Q13235160']","{'P268': ['121564486'], 'P646': ['/m/02mkpk'], 'P345': ['nm0932011'], 'P2163': ['1858248'], 'P1266': ['40259'], 'P2019': ['p116921'], 'P2604': ['91145'], 'P2435': ['141728'], 'P2626': ['17072'], 'P2168': ['91005'], 'P2519': ['21291'], 'P2387': ['1501027', '103030'], 'P648': ['OL2837853A'], 'P244': ['n50018995'], 'P1220': ['5021'], 'P1015': ['90406960'], 'P1207': ['n00048283'], 'P1006': ['068370040'], 'P3219': ['david-williamson'], 'P5068': ['1925972', '1893780'], 'P1417': ['biography/David-Williamson'], 'P213': ['0000000114761730'], 'P214': ['84243099'], 'P269': ['030075335'], 'P950': ['XX1167743'], 'P3987': ['233746'], 'P691': ['js20051226031'], 'P5361': ['WilliamsonDavid1942February24-'], 'P1280': ['8331107'], 'P3430': ['w6wh2vks'], 'P5019': ['williamson-david-keith'], 'P8295': ['A21523'], 'P856': ['https://www.davidwilliamsonplaywright.com'], 'P7982': ['66183'], 'P2963': ['84372'], 'P8385': ['32237'], 'P1801': ['David Williamson Sydney Writers Walk plaque.jpg'], 'P6683': ['146555'], 'P7293': ['9810699691805606'], 'P4342': ['David_Williamson'], 'P4985': ['121634'], 'P18': ['David Williamson 1972 (cropped).jpg'], 'P8179': ['ncf11956748'], 'P3846': ['87097969752411'], 'P227': ['119328089'], 'P8189': ['987007451552405171'], 'P271': ['DA08278576'], 'P409': ['35611097'], 'P1375': ['000027092'], 'P1953': ['2428059'], 'P3368': ['637082'], 'P3630': ['263472'], 'P4666': ['22459'], 'P373': ['David Williamson'], 'P10302': ['devid-uilyamson'], 'P11496': ['1140282266815041664'], 'P3794': ['person/williamson_david'], 'P7003': ['creators/76438'], 'P12098': ['920430'], 'P12674': ['Q155283'], 'P10832': ['E39PBJkT6C9kVpt3Hgryxrmw4q'], 'P2949': ['Williamson-21396'], 'P10608': ['agent/gnd_119328089'], 'P9662': ['336014'], 'P1315': ['544077'], 'P349': ['032697385'], 'P12854': ['5d7768373c3c2a001fbceb72'], 'P13591': ['person/3e1a336d-1863-41a7-8ccc-bd404262b969'], 'P3222': ['david-williamson'], 'P7184': ['02mkpk'], 'P7902': ['119328089'], 'P2605': ['447104'], 'P14225': ['981005686056909366'], 'P14750': ['B74C-C0F8-74FB-254D-841A'], 'P7553': ['825550']}"
Q139466730,,,['Q5'],[],[],[],"['Q9379869', 'Q1622272']",{'P691': ['ntk20201071479']}
Q23990310,"Miller, Alexander (NBD)",entry in the Naval Biographical Dictionary,['Q19389637'],[],[],[],[],{'P996': ['A Naval Biographical Dictionary.djvu']}
Q110138628,"Miller, Alexander Edward",entry in Men-at-the-Bar,['Q19389637'],[],[],[],[],{'P304': ['317']}
Q124741367,Allen C. Amason,scientist,['Q5'],[],[],[],"['Q901', 'Q1622272']","{'P691': ['xx0269462'], 'P213': ['0000000047051113'], 'P3987': ['476271'], 'P214': ['58901229']}"
Q112390986,John L. Thompson,,['Q5'],[],[],['+1931-00-00T00:00:00Z'],"['Q121594', 'Q1622272']","{'P691': ['vse2005278945'], 'P214': ['1316156012373649700000'], 'P244': ['n78080449'], 'P3987': ['115706'], 'P1368': ['000026337'], 'P13591': ['person/7429b096-6829-42cb-89e0-f9722162b6eb'], 'P11182': ['2190'], 'P13204': ['dt3jtcbh'], 'P8189': ['987007422470405171']}"
Q6243715,John L. Thompson,American journalist (1869–1930),['Q5'],['Q30'],[],['+1869-04-03T00:00:00Z'],['Q1930187'],"{'P6851': ['377'], 'P646': ['/m/06jfcm'], 'P2949': ['Thompson-95702'], 'P13591': ['person/8ba2615e-5c2a-487d-90b8-3f7a6954ceb2']}"
Q18808917,John Thompson,"Australian rules footballer, born 1938",['Q5'],[],['Q816673'],['+1938-06-21T00:00:00Z'],"['Q13414980', 'Q361593']","{'P3547': ['J/John_Thompson1'], 'P3546': ['9085'], 'P646': ['/m/012mgzf5'], 'P535': ['60838725']}"
Q16850534,John L. Thompson House,"historic house in The Dalles, Oregon, United States",['Q3947'],[],[],[],[],"{'P649': ['80003390'], 'P18': ['Thompson House - The Dalles Oregon.jpg'], 'P646': ['/m/010gkmgz'], 'P8177': ['39112']}"
Q123910,Frank Martin,Swiss composer (1890–1974),['Q5'],['Q39'],['Q71'],['+1890-09-15T00:00:00Z'],"['Q36834', 'Q158852', 'Q1622272', 'Q486748', 'Q16145150', 'Q8178443']","{'P214': ['14958975'], 'P213': ['000000011468160X'], 'P434': ['3de0b29a-602c-49dc-ba54-81706c98f3c5'], 'P244': ['n79077288'], 'P227': ['118731343'], 'P269': ['027783928'], 'P268': ['13897141c'], 'P349': ['01093715'], 'P646': ['/m/01rpvmk'], 'P691': ['jn20000603914'], 'P409': ['35762357'], 'P906': ['272440'], 'P950': ['XX1018786'], 'P1005': ['1409906'], 'P1362': ['Frank_Martin'], 'P1006': ['070733783'], 'P1287': ['17000000366'], 'P1284': ['00000012900'], 'P1442': ['Frank Martin - Cimetière des Rois.jpg'], 'P1953': ['833010'], 'P1728': ['mn0001175276'], 'P1315': ['1075923'], 'P2163': ['39060'], 'P949': ['000421349'], 'P3430': ['w6nw02k4'], 'P3222': ['frank-martin'], 'P1417': ['biography/Frank-Martin'], 'P1902': ['3UZ6lXd6nvGaeRVv4E4Tci', '0RFA6ka89RHDXV9VoxaURb'], 'P3219': ['frank-martin'], 'P4104': ['1010169'], 'P839': ['Category:Martin,_Frank'], 'P373': ['Frank Martin (composer)'], 'P1296': ['0040718'], 'P648': ['OL1032857A'], 'P1280': ['36944483'], 'P5226': ['franck-martin'], 'P3987': ['162926'], 'P5359': ['martin'], 'P1741': ['130054'], 'P3478': ['514370'], 'P5587': ['sq47bd1b48ddz9c'], 'P5882': ['M00000238517'], 'P6231': ['66993'], 'P6925': ['80307'], 'P856': ['https://www.frankmartin.org'], 'P3365': ['frank-martin'], 'P5034': ['KAC2018N2283'], 'P4342': ['Frank_Martin'], 'P902': ['009525'], 'P7704': ['agent/base/147463'], 'P3762': ['361711'], 'P535': ['22544783'], 'P7902': ['118731343'], 'P3630': ['337458'], 'P5019': ['martin-frank-theodore'], 'P7865': ['95a5yja38danyk2f65b5yc9k60rkjdg'], 'P6412': ['12037'], 'P8235': ['4984'], 'P8290': ['898'], 'P1207': ['n97008271'], 'P5504': ['people/50033903'], 'P8750': ['93378', '156392'], 'P8849': ['55755621'], 'P8870': ['C390'], 'P7982': ['39149'], 'P7293': ['9810568877705606'], 'P8385': ['15510'], 'P8974': ['a/8418509b-57e8-48fa-ac39-a14374cc189c'], 'P6706': ['Martin,+Frank'], 'P1695': ['a0000001185575'], 'P8980': ['000196526'], 'P9113': ['203575'], 'P6770': ['3163.011'], 'P8902': ['people/92028'], 'P7666': ['frank-martin'], 'P9686': ['2960'], 'P9918': ['PE00289766'], 'P8189': ['987007271598805171'], 'P10242': ['04074/eu_m_1196/m1196'], 'P8313': ['Frank_Martin'], 'P7305': ['3938147'], 'P396': ['LO1V130196'], 'P7052': ['8c48f335-7759-4f88-bd7d-72f7407eea7a'], 'P701': ['P13434'], 'P3280': ['0000070331'], 'P1015': ['90799189'], 'P8179': ['ncf10152639'], 'P3846': ['87097991515733'], 'P6394': ['a12215211'], 'P7699': ['LNB:ORR;=BP'], 'P1368': ['000039267'], 'P10227': ['vtls000037875'], 'P271': ['DA05569685'], 'P9171': ['14195'], 'P3065': ['A012312666'], 'P10553': ['135325501'], 'P8591': ['17895'], 'P8168': ['Q383971'], 'P11156': ['59806'], 'P11496': ['1140282266533746048'], 'P11249': ['14047626'], 'P1617': ['78a15a70-a83a-4855-9106-75a248d89687'], 'P10780': ['frank-martin'], 'P12385': ['frank-martin'], 'P12582': ['20110803100136943'], 'P12386': ['u8135'], 'P10832': ['E39PBJqBpDbCTXRjgrk6RVPfbd'], 'P13049': ['118731343'], 'P10608': ['agent/gnd_118731343'], 'P9964': ['118731343'], 'P9662': ['351'], 'P13455': ['3443'], 'P13509': ['5840'], 'P13596': ['martin'], 'P13613': ['149654'], 'P13591': ['person/477120f0-9f18-4bb6-955a-b976bb7156c3'], 'P14073': ['01944072-ed76-734a-8baa-5f5be1d6737e'], 'P18': ['Frank Martin 1960.jpg'], 'P9322': ['p0093632-Martin-Frank-18901974'], 'P14536': ['431654']}"
Q15924537,Frank Martin,fictional character,"['Q15632617', 'Q15773347', 'Q15773317']",['Q145'],[],[],"['Q352388', 'Q848466', 'Q178197', 'Q851436']","{'P345': ['ch0007426', 'ch0010165'], 'P646': ['/m/0tk3y_v'], 'P10757': ['44653', '314050'], 'P14750': ['CEC4-1A8E-359B-EE6F-E2D3']}"
Q17309040,Frank Martin,"British sculptor, born 1914",['Q5'],"['Q145', 'Q174193']",['Q72259'],['+1914-12-27T00:00:00Z'],"['Q1281618', 'Q7574803']","{'P2914': ['msib4_1264423870'], 'P1415': ['93474'], 'P650': ['306144'], 'P646': ['/m/010x5rbn'], 'P2889': ['L6RB-L9D']}"
Q124790681,Frank-Martin,male given name,['Q12308941'],[],[],[],[],{}
Q130761810,Frank Martin,chemist,['Q5'],[],['Q28030510'],['+1967-01-01T00:00:00Z'],['Q593644'],"{'P227': ['123536731'], 'P13049': ['123536731'], 'P213': ['0000000016156772'], 'P214': ['30447766']}"
Q112382368,W. Edward Stead,,['Q5'],[],[],['+1946-00-00T00:00:00Z'],['Q121594'],"{'P691': ['xx0017080'], 'P214': ['43866362'], 'P1207': ['n2010106791'], 'P269': ['144885344'], 'P11496': ['1140563741809695744'], 'P271': ['DA06669324'], 'P8189': ['987007429255305171'], 'P10387': ['62521'], 'P13591': ['person/4d3bb803-757a-4cb4-9788-62ff9d394113'], 'P9322': ['p0078316-Stead-W-Edward-1946']}"
Q105592455,Jean Garner Stead,,['Q5'],[],[],['+1949-01-01T00:00:00Z'],['Q37226'],"{'P214': ['112632378'], 'P244': ['n92004150'], 'P269': ['144885077'], 'P349': ['001192366'], 'P691': ['xx0017081'], 'P1015': ['90602385'], 'P1207': ['n2010106790'], 'P1006': ['107677768'], 'P213': ['0000000110840378'], 'P8179': ['ncf11271292'], 'P8189': ['987007427533105171'], 'P271': ['DA06669335'], 'P9251': ['60899'], 'P1280': ['263545187'], 'P11496': ['1140845216489895296'], 'P11182': ['22870'], 'P2671': ['/g/12nxbzrkf'], 'P10832': ['E39PBJhdfjdd6wd3HrjpPgCG73'], 'P10387': ['62558'], 'P13591': ['person/21d314ff-c47d-4d3d-b370-9ccff747604b'], 'P13951': ['536547'], 'P9322': ['p0078317-Stead-Jean-Garner-1949']}"
Q133794280,,,['Q5'],[],[],['+1951-01-01T00:00:00Z'],[],"{'P227': ['173842313'], 'P213': ['0000000110567930'], 'P1207': ['n2007011785'], 'P13591': ['person/f6294574-ce0b-4384-945d-5bfa6dc70447'], 'P214': ['38965370']}"
Q5006477,C. Gopinath,Indian television presenter,['Q5'],['Q668'],['Q584889'],['+1975-07-04T00:00:00Z'],['Q947873'],"{'P214': ['309854356'], 'P244': ['no2014099151'], 'P646': ['/m/0z5x93w'], 'P18': ['Neeya naana promo shooting at Rameshwaram.jpg'], 'P10832': ['E39PBJvcX7v8rjvQbgHCcjJbh3']}"
Q355277,Henry Mintzberg Storch,Canadian business theorist (born 1939),['Q5'],['Q16'],['Q340'],['+1939-09-02T00:00:00Z'],"['Q188094', 'Q1622272', 'Q2306091', 'Q36180']","{'P214': ['32077791'], 'P213': ['0000000110237827'], 'P434': ['d19e089f-9570-4592-9de3-370b11e3cb2b'], 'P244': ['n79058434'], 'P227': ['124434096'], 'P349': ['00471723'], 'P646': ['/m/01h4lh'], 'P268': ['12376074d'], 'P1006': ['068323050'], 'P856': ['http://www.mintzberg.org/'], 'P2163': ['36110'], 'P950': ['XX985376'], 'P18': ['HenryMintzberg230948.jpg'], 'P1417': ['biography/Henry-Mintzberg'], 'P3762': ['74542'], 'P373': ['Henry Mintzberg'], 'P906': ['406603'], 'P1015': ['90074750'], 'P1207': ['n97005723'], 'P1368': ['000027177'], 'P1005': ['135867'], 'P1695': ['a0000002573273'], 'P269': ['032801874'], 'P5587': ['wt7blg6f3xqwv1t'], 'P1280': ['19059811'], 'P691': ['vse2010558347'], 'P5739': ['53890'], 'P5034': ['KAC200901765'], 'P4342': ['Henry_Mintzberg'], 'P1580': ['a1016202'], 'P2963': ['21681'], 'P3987': ['8867'], 'P9984': ['981058513064206706'], 'P8189': ['987007437852705171'], 'P7293': ['9810661200905606'], 'P8951': ['146-4910'], 'P10553': ['363344713'], 'P396': ['CFIV043839'], 'P11496': ['1140282266732689536'], 'P271': ['DA02086663'], 'P11249': ['14023471'], 'P11686': ['981058513064206706'], 'P11182': ['87090'], 'P12458': ['26693'], 'P10832': ['E39PBJfhbC7W6QVcy9KmR4YByd'], 'P13049': ['124434096'], 'P13166': ['243071'], 'P13457': ['127'], 'P13591': ['person/c779035b-cae9-442e-80aa-475f9cdb54e4'], 'P13951': ['65021']}"
Q62035706,Henry Mintzberg Fonds,Archival fonds held at the McGill University Archives,['Q3052382'],[],[],[],[],"{'P973': ['https://archivalcollections.library.mcgill.ca/index.php/henry-mintzberg-fonds'], 'P217': ['MG1058']}"
Q113802084,Mason Andrew Carpenter,,['Q5'],[],[],['+1961-01-01T00:00:00Z'],[],"{'P4629': ['Carpenter, Mason Andrew, 1961-2011'], 'P1207': ['n2013195118'], 'P213': ['0000000114402340'], 'P214': ['26731429'], 'P227': ['14361617X'], 'P244': ['no2002048148'], 'P269': ['11653429X'], 'P1015': ['8054181'], 'P1006': ['320920615'], 'P8189': ['987007431210005171'], 'P1280': ['167950947'], 'P13951': ['467728']}"
Q16066161,Anthony Henry Ashley-Cooper,English politician and cricketer (1807-1858),['Q5'],['Q174193'],[],['+1807-05-05T00:00:00Z'],"['Q12299841', 'Q82955']","{'P1816': ['mp00154'], 'P1614': ['1820-1832/member/ashley-cooper-hon-anthony-1807-1858'], 'P2015': ['hon-anthony-cooper'], 'P4471': ['8998'], 'P1819': ['I00048011'], 'P4638': ['p69447.htm#i694461'], 'P18': ['The House of Commons, 1833 by Sir George Hayter.jpg'], 'P2697': ['8892'], 'P646': ['/m/0w4y43y'], 'P3368': ['2590878'], 'P2698': ['36243'], 'P1185': ['632479'], 'P2171': ['22270'], 'P12749': ['Q80596']}"
Q21866811,Anthony Henry,sprinter from Antigua and Barbuda,['Q5'],['Q781'],[],['+1967-01-09T00:00:00Z'],"['Q2066131', 'Q11513337']","{'P1447': ['he/anthony-henry-1'], 'P8286': ['64346'], 'P2671': ['/g/11bxdvsq18'], 'P5815': ['anthony-henry'], 'P1146': ['14549800'], 'P3884': ['99156']}"
Q7822561,Tony Henry,English footballer (born 1957),['Q5'],['Q145'],['Q2326854'],['+1957-11-26T00:00:00Z'],['Q937857'],"{'P2446': ['176925'], 'P646': ['/m/03d26k7'], 'P5421': ['183465'], 'P2020': ['tony-henry'], 'P3537': ['110532'], 'P12606': ['8792']}"
Q106777103,Anthony Henry Ogozalek Jr.,"Mayor of Delran Township, New Jersey",['Q5'],[],[],[],[],{'P973': ['http://beckmanlawgroup.com/anthony-h-ogozalek-jr']}
Q103005570,Anthony Henry Quan,Ph.D. University of Wisconsin-Milwaukee 1984,['Q5'],[],[],[],[],{'P549': ['239753']}
Q112533206,Harry Sminia,,['Q5'],[],['Q727'],['+1963-00-00T00:00:00Z'],['Q1622272'],"{'P691': ['mzk20191028289'], 'P214': ['21743948'], 'P227': ['172887100'], 'P213': ['0000000043111131'], 'P13591': ['person/d3e401e6-1668-4ab2-a6fc-75aec1804340']}"
Q102411664,Zahirul Hoque,mathematics Ph.D. 2004,['Q5'],[],[],[],[],"{'P549': ['176347'], 'P4955': ['636204']}"
Q110244600,Zahirul Hoque,researcher (accounting & data analytics),['Q5'],[],[],[],"['Q1650915', 'Q1622272', 'Q832136']","{'P496': ['0000-0002-8680-8523'], 'P1153': ['6602242279'], 'P1053': ['AAP-1237-2020'], 'P856': ['https://scholars.latrobe.edu.au/zhoque'], 'P227': ['173298362'], 'P214': ['6881672'], 'P8189': ['987007314756205171'], 'P1207': ['n2005001144'], 'P3987': ['514421'], 'P213': ['0000000115906006'], 'P13591': ['person/04833cad-befe-47bb-8846-04c6c3bc62f9'], 'P691': ['vse2016934220']}"
Q113769537,Kamel Mellahi,,['Q5'],['Q145'],[],[],['Q188094'],"{'P214': ['37209955'], 'P227': ['130492876'], 'P10553': ['502592117'], 'P213': ['0000000116219996'], 'P269': ['069670056'], 'P244': ['nb2002064527'], 'P268': ['15089546c'], 'P8189': ['987007432772105171'], 'P1368': ['000209769'], 'P13591': ['person/3606cf7a-db16-48fd-b86c-938c22f77c35'], 'P13049': ['130492876'], 'P396': ['MILV308444'], 'P496': ['0009-0004-8612-8132']}"
Q106674855,Jedrzej George Frynas,British economist,['Q5'],['Q145'],[],[],['Q188094'],"{'P1280': ['88445539'], 'P271': ['DA16684867'], 'P214': ['85281338'], 'P213': ['0000000076929378'], 'P244': ['no2001040349'], 'P268': ['15001874v'], 'P269': ['075453673'], 'P691': ['vse2006344624'], 'P1015': ['35312'], 'P1207': ['n2011212834'], 'P1368': ['000209766'], 'P1006': ['190869194'], 'P8446': ['D796E04E-FD6C-4C5C-8EF7-E710720ED528'], 'P2732': ['603535'], 'P7293': ['9811713382305606'], 'P973': ['http://librarycatalog.bau.edu.lb/cgi-bin/koha/opac-authoritiesdetail.pl?authid=106248'], 'P8179': ['ncf12128886'], 'P227': ['121571785'], 'P8189': ['987007454066505171'], 'P3065': ['A011254432'], 'P11496': ['1140563741623727360'], 'P10832': ['E39PBJjxvYxqvFhvTc6k7QKTpP'], 'P13591': ['person/f9410972-8a85-438d-820e-36c2c616e8c8'], 'P9495': ['person/27a56b34-d5ae-4319-a183-d5cee9b821be'], 'P13049': ['121571785'], 'P13906': ['1642191'], 'P396': ['UBOV851841']}"
Q104473098,Paul Finlay,researcher,['Q5'],[],[],[],['Q1650915'],{'P496': ['0000-0002-3039-3218']}
Q102417084,Paul Finlayson,Ph.D. University of Utah 1987,['Q5'],[],[],[],[],"{'P549': ['180943'], 'P2671': ['/g/11gmzyk88n']}"
Q7150630,Paul Finlay,Gaelic football player,['Q5'],[],['Q373901'],[],['Q17351861'],{'P646': ['/m/04q1___']}
Q75756734,Paul MacRae,(born 1955),['Q5'],[],[],['+1955-01-01T00:00:00Z'],[],{'P4638': ['p31834.htm#i318333']}
Q112343906,Richard L. Lynch,,['Q5'],[],[],"['+1943-00-00T00:00:00Z', '+1953-00-00T00:00:00Z']","['Q15978655', 'Q1622272', 'Q2994387']","{'P496': ['0000-0001-5871-0927'], 'P691': ['ntk20221136460'], 'P214': ['91516559'], 'P244': ['n79018495'], 'P1280': ['167845475'], 'P268': ['12478306d'], 'P269': ['03398140X'], 'P227': ['139617035'], 'P11496': ['1140000791817324800'], 'P271': ['DA05253499'], 'P8189': ['987007449632805171'], 'P11182': ['86966'], 'P3987': ['550599'], 'P13591': ['person/db88df1a-fb55-4a47-a19e-4747b14249c5']}"
Q124644188,Jeff Hiatt,,['Q5'],[],[],[],['Q131524'],"{'P691': ['jcu20231175496'], 'P213': ['0000000031934448'], 'P214': ['68158121']}"
Q124644204,Timothy J. Creasey,,['Q5'],[],[],[],"['Q1607826', 'Q12859263']","{'P691': ['jcu20231175530'], 'P213': ['0000000048799596'], 'P214': ['34155960']}"
Q113997853,Julian Randall,"American poet, author",['Q5'],[],[],[],['Q49757'],"{'P856': ['https://juliandavidrandall.com/'], 'P5609': ['Julian Randall'], 'P5341': ['julian-randall']}"
Q1689230,Robert Sullivan,"Māori poet, academic and editor",['Q5'],['Q664'],['Q37100'],['+1967-01-01T00:00:00Z'],"['Q49757', 'Q36180']","{'P214': ['12602123'], 'P244': ['no98126840'], 'P213': ['0000000045481451'], 'P227': ['1035258455'], 'P18': ['Robert Sullivan NZ poet.jpg'], 'P1006': ['073961345'], 'P2163': ['1546623'], 'P5392': ['robert-sullivan'], 'P5635': ['robert-sullivan'], 'P5640': ['sullivan-robert'], 'P269': ['140316876'], 'P268': ['15107348j'], 'P5341': ['robert-sullivan'], 'P646': ['/m/07k97ln'], 'P7293': ['9810576792205606'], 'P4342': ['Robert_Sullivan'], 'P8189': ['987007379452105171'], 'P6683': ['197184'], 'P11870': ['4284'], 'P373': ['Robert Sullivan (poet)'], 'P10832': ['E39PBJqk3WDX4xfF7jKdDc6R8C'], 'P12702': ['1018'], 'P13049': ['1035258455'], 'P9662': ['190037'], 'P13591': ['person/78e298e3-95ec-40c3-b36f-48e779abd9a5'], 'P8179': ['ncf11958738'], 'P409': ['58798815'], 'P3065': ['A025004611'], 'P434': ['0ba5b8dc-9b01-4121-90ab-5f2d6d566dde']}"
Q112391552,Robert Sullivan,,['Q5'],[],[],"['+1953-00-00T00:00:00Z', '+1953-11-13T00:00:00Z']",['Q6051619'],"{'P6844': ['130040'], 'P691': ['mzk2005282454'], 'P214': ['96713448'], 'P1207': ['n2003046849'], 'P2163': ['371106'], 'P3987': ['270724'], 'P227': ['1250710693'], 'P244': ['n96023798'], 'P8189': ['987007416483005171'], 'P12458': ['772777'], 'P213': ['0000000110001478'], 'P13591': ['person/fa36ba93-9861-4aed-894e-7e6970e012d9']}"
Q117121368,Robert Sullivan,,['Q5'],[],[],[],[],{'P2174': ['62987']}
Q43968192,Robert Sullivan,neurologist,['Q5'],[],[],[],"['Q1650915', 'Q783906']","{'P496': ['0000-0003-3414-2448'], 'P1053': ['A-8639-2012'], 'P3829': ['2757777']}"
Q59667717,Robert Sullivan,researcher ORCID ID = 0000-0003-4191-598X,['Q5'],[],[],[],['Q1650915'],{'P496': ['0000-0003-4191-598X']}
Q102177982,Thomas Lauer,Ph.D. Freie Universität Berlin 1987,['Q5'],[],[],[],[],{'P549': ['26780']}
Q95220498,Thomas Lauer,,['Q5'],[],[],['+1953-00-00T00:00:00Z'],['Q170790'],"{'P7902': ['1098449290'], 'P227': ['1098449290'], 'P214': ['412146216606409091078'], 'P9964': ['1098449290']}"
Q133364833,,,['Q5'],[],[],[],['Q188094'],"{'P227': ['136636152'], 'P13049': ['136636152'], 'P214': ['80947022'], 'P496': ['0000-0002-7662-1132']}"
Q139281404,,,['Q5'],[],[],['+1964-01-01T00:00:00Z'],[],"{'P227': ['115822321'], 'P13049': ['115822321'], 'P213': ['0000000013581482'], 'P214': ['25340465']}"
Q132919028,,,['Q5'],[],['Q3942'],[],['Q188094'],"{'P227': ['1026034957'], 'P13049': ['1026034957'], 'P213': ['0000000109873885'], 'P1207': ['n95207648'], 'P214': ['73102519'], 'P13591': ['person/4fa30777-1a2c-47b0-950f-7000591e7089']}"
Q112418308,Lyndon Pugh,,['Q5'],[],[],['+1943-00-00T00:00:00Z'],[],"{'P691': ['stk2009493746'], 'P214': ['233305331'], 'P227': ['157337057'], 'P213': ['0000000367555476'], 'P244': ['nb97087374'], 'P268': ['15838529w'], 'P269': ['132740206'], 'P1207': ['n2006081872'], 'P8189': ['987007432816205171'], 'P950': ['XX1538078'], 'P11249': ['14656171'], 'P11182': ['93757'], 'P12458': ['714147'], 'P13591': ['person/1cd722c2-4938-465c-9308-5c97e16e2022']}"
Q104671714,"Lyndon Pugh, Change management in information services",scientific article published in Bollettino AIB,"['Q13442814', 'Q637866']",[],[],[],[],"{'P478': ['41'], 'P433': ['2'], 'P953': ['https://bollettino.aib.it/article/view/8528/7607'], 'P2699': ['https://bollettino.aib.it/article/view/8528'], 'P973': ['https://bollettino.aib.it/article/view/8528']}"
Q6895576,Esther Cameron,Israeli-American writer (born 1941),['Q5'],"['Q801', 'Q30']",['Q60'],['+1941-09-00T00:00:00Z'],"['Q49757', 'Q36180', 'Q333634']","{'P214': ['68772466'], 'P7293': ['9810677627705606'], 'P2163': ['1484861'], 'P8189': ['987007259204005171'], 'P244': ['nr88001434'], 'P268': ['16249556b'], 'P227': ['1066380236'], 'P213': ['0000000107742435'], 'P1006': ['321704800'], 'P742': ['E. Kam-Ron', 'George Richter'], 'P949': ['000027842'], 'P3997': ['987007259204005171'], 'P10832': ['E39PBJmHGqV6Y6tBvx3gtxrQbd'], 'P13166': ['238752'], 'P12458': ['355529'], 'P13591': ['person/c21f86f7-ded7-48d9-9680-46bfab0af8b0']}"
Q62414840,Esther Cameron,archaeologist,['Q5'],[],[],[],['Q3621491'],"{'P6734': ['6311'], 'P2038': ['Esther-Cameron-2'], 'P6634': ['esther-cameron-85071636']}"
Q112421996,Esther Cameron,,['Q5'],[],[],['+1954-00-00T00:00:00Z'],['Q15978655'],"{'P691': ['utb2009525613'], 'P214': ['91215980'], 'P244': ['nr98018119'], 'P1207': ['n2015226934'], 'P2163': ['418152'], 'P8189': ['987007458857105171'], 'P213': ['0000000115721095'], 'P269': ['170580393'], 'P227': ['173240321'], 'P646': ['/m/05w9_d9'], 'P268': ['16644805r'], 'P8179': ['ncf11433573'], 'P5034': ['KAC2020T3390'], 'P7699': ['LNB:7Ow;=Bj'], 'P3065': ['A024474074'], 'P11182': ['95093']}"
Q112681299,Mike Green,archaeologist in Australia,['Q5'],[],[],[],['Q3621491'],{'P6634': ['mike-green-42baab71']}
Q6847064,Mike Green,footballer (born 1946),['Q5'],['Q145'],['Q192896'],['+1946-09-08T00:00:00Z'],"['Q937857', 'Q628099']","{'P646': ['/m/0fhqf4'], 'P3537': ['346368'], 'P12606': ['7710']}"
Q112443761,Mike Green,journalist b1972,['Q5'],[],[],['+1972-00-00T00:00:00Z'],"['Q1930187', 'Q6051619']","{'P691': ['jx20110929014'], 'P214': ['4756112'], 'P13591': ['person/79f4827c-a74e-48a4-b58e-2bc495c50dbf']}"
Q112421997,Mike Green,opinion journalist b1959,['Q5'],[],[],['+1959-00-00T00:00:00Z'],"['Q15978655', 'Q6051619']","{'P691': ['utb2009525614'], 'P214': ['78162283'], 'P1207': ['n2015227000'], 'P8189': ['987007438851805171'], 'P244': ['n2003119756'], 'P268': ['16644844n'], 'P269': ['155258230'], 'P906': ['318085'], 'P227': ['133809471'], 'P213': ['0000000114488703'], 'P11182': ['63600'], 'P5587': ['97mqvl7t1nr3vc9'], 'P13591': ['person/dd322dac-67f8-4557-8bf6-86cfd06891de']}"
Q100982383,Mike Green,college basketball player (2016–2017) Northern Arizona,['Q5'],[],[],['+1997-06-25T00:00:00Z'],['Q3665646'],"{'P3696': ['mike-green-5'], 'P3957': ['84294']}"
Q58068135,Darren McCabe,"researcher, ORCID id # 0000-0001-9938-2085",['Q5'],[],[],[],"['Q1650915', 'Q188094']","{'P496': ['0000-0001-9938-2085'], 'P1153': ['7101976020'], 'P227': ['171808606'], 'P214': ['240833356'], 'P6178': ['07531701475.49'], 'P856': ['http://pure.lancaster.ac.uk/portal/en/people/darren-mccabe(28253345-14ec-4122-8d02-45d6d8088029).html'], 'P10832': ['E39PBJk4FrQmvCJkMqF6hjgHYP']}"
Q1745009,Klaus Doppler,German author,['Q5'],['Q183'],['Q184983'],['+1939-01-01T00:00:00Z'],"['Q212980', 'Q36180', 'Q1234713', 'Q16849727']","{'P244': ['n00101424'], 'P214': ['74542480'], 'P227': ['113888074'], 'P213': ['0000000021916078'], 'P1006': ['149860684'], 'P1280': ['138744419'], 'P269': ['128600144'], 'P1207': ['n2012046678'], 'P2671': ['/g/122rcyqy'], 'P10553': ['520391772'], 'P10832': ['E39PBJcGkrP3bdpjPyGD3m7WDq'], 'P13049': ['113888074'], 'P13591': ['person/085fad11-9315-4e45-9c27-26445becf016']}"
Q132265938,Christoph Lauterburg,,['Q5'],[],[],['+1937-01-01T00:00:00Z'],['Q16849727'],"{'P13049': ['120346915'], 'P227': ['120346915'], 'P214': ['115131087'], 'P244': ['n78094963'], 'P269': ['128600187'], 'P1015': ['99047325'], 'P1207': ['n2012269230'], 'P1006': ['149860900'], 'P13591': ['person/b00d7118-5ce8-49c1-ae61-96dd91bba4c9']}"
Q478686,John Hayes,British politician (born 1958),['Q5'],['Q145'],['Q1006232'],"['+1958-06-23T00:00:00Z', '+1958-06-00T00:00:00Z']",['Q82955'],"{'P18': ['Official portrait of Mr John Hayes crop 2.jpg'], 'P214': ['65989373'], 'P2015': ['mr-john-hayes'], 'P646': ['/m/02828_'], 'P373': ['John Hayes (British politician)'], 'P244': ['nb2005010033'], 'P4527': ['301126'], 'P4471': ['340'], 'P6213': ['yzH3vz6B'], 'P6465': ['3445'], 'P2171': ['10265'], 'P4789': ['U19581'], 'P5297': ['5lZyt1_r7MtSbvFXFb3bB8qhhO8', 'phu4FGB90bummD4PSbFDCi1jaDk', '3C_e1NsCR2bywmPUtexvNVQZdjQ', 'LTNqKMWd9Exoj5-yU-gss14rSUc'], 'P10428': ['350'], 'P10632': ['Q478686'], 'P10874': ['john-hayes'], 'P11619': ['1650'], 'P1617': ['13b846a8-c999-4b2b-9f15-645b107e23bd'], 'P6200': ['c467y0gpj52t'], 'P10832': ['E39PBJjCPdRTPHtwYxDjwm9Yyd'], 'P856': ['https://www.johnhayes.uk/'], 'P2169': ['John_Haye']}"
Q16065822,John Hayes,"British portrait-painter, born 1786 (1786–1866)",['Q5'],"['Q21', 'Q145']",[],['+1786-01-01T00:00:00Z'],"['Q1028181', 'Q483501', 'Q21178131']","{'P650': ['36656'], 'P245': ['500027725'], 'P1711': ['30943'], 'P1816': ['mp07086'], 'P214': ['95852643'], 'P2843': ['B00084868'], 'P373': ['John Hayes (painter)'], 'P1367': ['hayes-john-17861866'], 'P3782': ['john-hayes'], 'P1415': ['12759'], 'P4927': ['yc85ijn1r5'], 'P6578': ['4DD6C5539F61C99C'], 'P646': ['/m/0_1khr1'], 'P3368': ['2228159'], 'P7545': ['11038673'], 'P1472': ['John Hayes']}"
Q6238378,John Hayes,British Royal Navy officer (18th century),['Q5'],"['Q161885', 'Q174193']",[],"['+1767-00-00T00:00:00Z', '+1765-00-00T00:00:00Z']",['Q189290'],"{'P1415': ['12758'], 'P646': ['/m/05zy21v'], 'P2949': ['Hayes-14425']}"
Q30106529,John Hayes,American businessman (born 1965),['Q5'],[],['Q578301'],['+1965-12-02T00:00:00Z'],['Q43845'],{'P6424': ['Ball Corporation']}
Q38318853,John D. Hayes,researcher,['Q5'],[],[],[],['Q1650915'],"{'P496': ['0000-0002-2927-5548'], 'P1153': ['7403555596'], 'P213': ['000000002842907X'], 'P244': ['n86105333'], 'P214': ['21165837'], 'P1006': ['110684680'], 'P6178': ['0641067163.38'], 'P2798': ['227602'], 'P269': ['103007555'], 'P10832': ['E39PBJtcDqBBmFqyb6jVVddqQq'], 'P13591': ['person/57944468-d236-479c-8064-2aac42050412']}"
Q130279005,Todd Jick,,['Q5'],[],[],['+1949-01-01T00:00:00Z'],['Q188094'],"{'P691': ['jo20241235947'], 'P213': ['0000000084708196'], 'P1368': ['000126717'], 'P1207': ['n2010018452'], 'P214': ['112633343'], 'P227': ['172169143']}"
Q4261023,Jason Little,cartoonist,['Q5'],['Q30'],['Q60'],['+1970-01-01T00:00:00Z'],"['Q715301', 'Q17098559', 'Q644687']","{'P214': ['165898804'], 'P213': ['0000000121979885'], 'P856': ['http://www.beecomix.com'], 'P18': ['5.21.11JasonLittleByLuigiNovi.jpg'], 'P5035': ['l/little_jason'], 'P269': ['099596040'], 'P268': ['16524895z'], 'P5361': ['LittleJason1970-'], 'P244': ['no2011041004'], 'P5491': ['25384'], 'P7704': ['agent/base/76248'], 'P1207': ['n2009053015'], 'P646': ['/m/07hwrp'], 'P9707': ['6064'], 'P10832': ['E39PBJtgYHBQxpMHKDrB6yM773'], 'P13591': ['person/cbf8f809-2642-4b22-9966-0582744f6f15'], 'P691': ['xx0335634'], 'P9322': ['0448161-Little-Jason-1970']}"
Q83157407,Jason G Little,researcher,['Q5'],[],[],[],['Q1650915'],{'P496': ['0000-0003-0002-307X']}
Q3162966,Jason Little,Australian rugby union player,['Q5'],['Q408'],['Q478302'],['+1970-08-26T00:00:00Z'],['Q14089670'],"{'P373': ['Jason Little'], 'P858': ['10670'], 'P861': ['7226'], 'P646': ['/m/0d6jkh'], 'P4493': ['little-jason'], 'P3666': ['JL729613'], 'P3769': ['4360'], 'P5421': ['189205'], 'P3368': ['2198812'], 'P12335': ['7389']}"
Q11775614,Jason Little,Wikimedia disambiguation page,['Q22808320'],[],[],[],[],{}
Q6162979,Jason Little,American singer and songwriter,['Q5'],['Q30'],[],[],[],{'P18': ['J Little.jpg']}
Q112495581,James McCalman,,['Q5'],[],[],['+1958-00-00T00:00:00Z'],"['Q188094', 'Q1622272']","{'P691': ['jcu2015893780'], 'P214': ['52761988'], 'P213': ['0000000116432172'], 'P496': ['0000-0001-7251-755X'], 'P269': ['129548812'], 'P1207': ['n97014332'], 'P244': ['n87935479'], 'P227': ['129214116'], 'P8189': ['987007430040605171'], 'P1368': ['000147613'], 'P13591': ['person/eaf73669-56d6-46fb-b67f-1acd5a34f4b1']}"
Q88399817,Wouter Ten Have,researcher,['Q5'],[],[],[],['Q1650915'],"{'P496': ['0000-0001-8461-0209'], 'P1153': ['56034522500'], 'P856': ['https://research.vu.nl/en/persons/4852c911-0327-40bb-90df-2db44f8c1b23']}"
Q112536888,W. D. ten Have,,['Q5'],[],[],['+1969-00-00T00:00:00Z'],['Q1622272'],"{'P691': ['utb20191040988'], 'P214': ['289620168'], 'P5034': ['KAC200905650'], 'P8189': ['987007458711305171'], 'P1368': ['000305538'], 'P13591': ['person/83be3c3b-9368-471a-b684-8e2b3dd9ef10']}"
Q89132205,Steven Ten Have,researcher,['Q5'],[],[],[],['Q1650915'],"{'P496': ['0000-0002-7903-0071'], 'P1153': ['55295577700'], 'P856': ['https://research.vu.nl/en/persons/7e7544b0-81c9-430f-96f7-9861225bdce7']}"
Q2242018,Steven ten Have,Dutch writer,['Q5'],['Q29999'],[],['+1967-08-30T00:00:00Z'],"['Q36180', 'Q1622272', 'Q2994387']","{'P214': ['277797599'], 'P1006': ['147385172'], 'P1207': ['n2017156715'], 'P213': ['0000000384678232'], 'P5034': ['KAC200905649'], 'P691': ['utb20191040978'], 'P2671': ['/g/122z_svm'], 'P8189': ['987007438691805171'], 'P1368': ['000305532'], 'P13591': ['person/9abb6935-33f3-4db0-a577-30e651b8c349']}"
Q51561371,Camille Fournier,French actor (1905-1989),['Q5'],['Q142'],['Q71'],['+1905-08-27T00:00:00Z'],['Q33999'],"{'P1977': ['46264'], 'P345': ['nm0288468'], 'P214': ['311711161'], 'P227': ['1062346947'], 'P268': ['170044068'], 'P7902': ['1062346947'], 'P2671': ['/g/11ggzm9y99'], 'P8974': ['a/089eb26c-ed32-4616-9e05-f3b0a0bbdcf8'], 'P8971': ['2486'], 'P4985': ['145077'], 'P2600': ['6000000000603872907'], 'P269': ['232946531'], 'P12098': ['216513'], 'P10832': ['E39PBJwdcH8QfJW7CbhyPRv4MP'], 'P213': ['0000000453426494'], 'P1362': ['Camille_Fournier'], 'P2605': ['195765'], 'P14750': ['C4CD-DDA2-62E5-83D8-2BB5']}"
Q27335726,Camille Fournier,American businesswoman,['Q5'],[],[],[],"['Q81096', 'Q5287861', 'Q36180', 'Q2462658']","{'P691': ['mzk2018979913'], 'P214': ['44151776788318011961'], 'P2002': ['skamille'], 'P2671': ['/g/11c1tzpq19'], 'P2963': ['14801119']}"
Q9387641,Zaza Fournier,French singer,['Q5'],['Q142'],['Q90'],"['+1984-11-09T00:00:00Z', '+1984-11-11T00:00:00Z']","['Q177220', 'Q488205']","{'P434': ['f9c1c4e2-df55-4cd7-80d3-24ef784549a4'], 'P1953': ['1298535'], 'P18': ['Zaza Fournier aux Francofolies de Montréal 2016.jpg'], 'P3265': ['zazafournier'], 'P3478': ['2486196'], 'P2013': ['zazafournier'], 'P1977': ['237135'], 'P5291': ['zaza-fournier'], 'P2373': ['Zaza-fournier'], 'P6351': ['480882'], 'P7109': ['zaza_fournier'], 'P646': ['/m/0dp3gt7'], 'P373': ['Zaza Fournier'], 'P7212': ['zaza-fournier-lyrics.html'], 'P1902': ['2bZALl0GuaCwj2V9cx7SIo'], 'P5882': ['M00000366438'], 'P9965': ['212229'], 'P10780': ['zaza-fournier'], 'P5617': ['zaza-fournier-45748'], 'P2722': ['79736'], 'P11613': ['3994']}"
Q79847592,,galaxy,['Q318'],[],[],[],[],"{'P3083': ['LEDA 101244'], 'P528': ['APMBGC 109+103+016', 'APMGS 222532.2-651956.8', '2MASX J22290458-6504383', '6dFGS gJ222904.6-650439'], 'P223': ['E'], 'P13228': ['6404338989060572672']}"
Q93799614,,galaxy in the constellation Sculptor,['Q318'],[],[],[],[],"{'P3083': ['LEDA 73916'], 'P528': ['LEDA 73916', 'APMGS 011546.17-365417.8']}"
Q88249548,,galaxy,"['Q318', 'Q67201561']",[],[],[],[],"{'P3083': ['APMGS 033230.8-290839'], 'P528': ['APMGS 033230.8-290839', '[ECD2009] 53.64484-28.97806']}"
Q87703724,,galaxy in the constellation Fornax,['Q318'],[],[],[],[],"{'P3083': ['APMGS 030926.17-270705.8'], 'P528': ['APMGS 030926.17-270705.8']}"
Q83845970,,galaxy in the constellation Indus,['Q318'],[],[],[],[],"{'P528': ['APMGS 215018.2-555049'], 'P3083': ['APMGS 215018.2-555049']}"
Q102179566,Bennet Price Lientz,Ph.D. University of Washington 1968,['Q5'],[],[],[],[],"{'P549': ['27996'], 'P4955': ['488228']}"
Q62518730,Kathryn Reardon-Smith,researcher,['Q5'],[],[],[],['Q1650915'],"{'P496': ['0000-0002-0997-3058'], 'P1153': ['35211271200']}"
Q21341358,Kathryn Read,herpetologist,['Q5'],[],[],[],['Q16271064'],{}
Q104798769,Dean P Anderson,researcher,['Q5'],[],[],[],['Q1650915'],{'P496': ['0000-0001-7029-3636']}
Q107473471,Dean Anderson,Canadian ice hockey player,['Q5'],[],['Q211867'],['+1966-07-14T00:00:00Z'],['Q11774891'],"{'P2602': ['65'], 'P3522': ['8455436'], 'P2481': ['111534'], 'P5421': ['117065'], 'P2671': ['/g/11f01l7r9z']}"
Q5245982,Dean Anderson,Australian footballer,['Q5'],[],[],['+1967-08-01T00:00:00Z'],['Q13414980'],"{'P3547': ['D/Dean_Anderson'], 'P3546': ['12514'], 'P646': ['/m/02rcfk7'], 'P5421': ['204659'], 'P3368': ['2380865']}"
Q100720574,Dean Anderson,college basketball player (1975–1977) Wisconsin,['Q5'],[],[],['+1956-05-10T00:00:00Z'],['Q3665646'],"{'P3696': ['dean-anderson-1'], 'P18': ['Dean Anderson, Wisconsin Badgers MBB media guide 1977.jpg']}"
Q133742253,,,['Q5'],[],[],['+1953-01-01T00:00:00Z'],[],"{'P227': ['132387867'], 'P213': ['0000000382162320'], 'P1207': ['n00023364'], 'P214': ['848148451572015970008'], 'P396': ['UTOV454639']}"
Q112444995,Bernard Burnes,,['Q5'],[],[],['+1953-00-00T00:00:00Z'],['Q121594'],"{'P691': ['vse2011667968'], 'P214': ['110428892'], 'P213': ['0000000121476348'], 'P496': ['0000-0003-4244-7241'], 'P244': ['n88191075'], 'P268': ['13520204s'], 'P269': ['050228080'], 'P1207': ['n99014299'], 'P8189': ['987007459816805171'], 'P3987': ['499403'], 'P7293': ['9810678035805606'], 'P227': ['132911515'], 'P11182': ['78150'], 'P1368': ['000327567'], 'P13591': ['person/e0779859-abc5-4392-9233-6d34b9f3cc9b']}"
Q95485,August-Wilhelm Scheer,German business theorist,['Q5'],['Q183'],['Q182805'],['+1941-07-27T00:00:00Z'],"['Q81096', 'Q188094', 'Q1622272', 'Q12800682', 'Q82594', 'Q70631379', 'Q639669']","{'P214': ['51787891'], 'P213': ['0000000109008111'], 'P244': ['n81041765'], 'P227': ['119016710'], 'P18': ['August-Wilhelm Scheer- Deutschland ohne digitale Strategie.jpg'], 'P1006': ['073876798'], 'P1284': ['00000028262'], 'P866': ['august-wilhelm-scheer'], 'P2163': ['71097'], 'P2456': ['s/AugustWilhelmScheer'], 'P373': ['August-Wilhelm Scheer'], 'P349': ['00754885'], 'P1015': ['90117022'], 'P1207': ['n94301739'], 'P3987': ['117064'], 'P269': ['033818584'], 'P4293': ['pe/015501'], 'P268': ['12463744n'], 'P691': ['utb2009529886'], 'P5034': ['KAC200600702'], 'P1953': ['3256909'], 'P646': ['/m/05w_4sf'], 'P7293': ['9810587196705606'], 'P1695': ['a0000003748920'], 'P1280': ['24623715'], 'P2038': ['August-Wilhelm-Scheer'], 'P6023': ['2193109170'], 'P434': ['4616a69e-4326-4508-93ec-c1cd0e45186e'], 'P10879': ['00001909'], 'P8189': ['987007440916805171'], 'P11249': ['14059312'], 'P11182': ['11675'], 'P271': ['DA01774525'], 'P11496': ['1140563741691417600'], 'P10832': ['E39PBJqFQCmfBjkKkpwWdYpF8C'], 'P1368': ['000298134'], 'P13049': ['119016710'], 'P6640': ['146299'], 'P13591': ['person/f225988d-8a49-41ff-a552-b5fb28403c55'], 'P7902': ['119016710'], 'P13951': ['288179'], 'P8168': ['Q1735642'], 'P8179': ['ncf11490544'], 'P7699': ['LNB:CRzf;=CF'], 'P7029': ['770228241'], 'P3065': ['A003793527']}"
Q64143653,AWS-Institute for digitized products and processes,"facility in Saarbrücken, Germany","['Q31855', 'Q163740']",[],[],[],[],"{'P2427': ['grid.506116.5'], 'P856': ['https://www.aws-institut.de/'], 'P6782': ['00g8ww875'], 'P2002': ['aws_institut'], 'P4264': ['aws-institut-für-digitale-produkte-und-prozesse-ggmbh'], 'P6619': ['awsinstitutfürdigitaleprodukteundprozesse'], 'P2013': ['augustwilhelmscheerinstitut'], 'P1320': ['de/V1109_HRB101867'], 'P14075': ['95765']}"
Q112518109,Frank Voehl,,['Q5'],[],[],['+1946-00-00T00:00:00Z'],['Q16849727'],"{'P691': ['jcu2018981749'], 'P214': ['114345840'], 'P1207': ['n01037508'], 'P213': ['0000000110063003'], 'P244': ['n93122733'], 'P268': ['135948652'], 'P269': ['244982694'], 'P8189': ['987007319063705171'], 'P7293': ['9810685219205606'], 'P227': ['172822378'], 'P11249': ['14227507'], 'P11182': ['74426'], 'P1368': ['000270265'], 'P13591': ['person/18dc4343-2401-4478-8cf5-3ff5351475c3']}"
Q112398667,H. James Harrington,,['Q5'],[],[],['+1929-00-00T00:00:00Z'],[],"{'P691': ['vse2006339221'], 'P214': ['85280612'], 'P213': ['0000000121420299'], 'P244': ['n85278813'], 'P1207': ['n98075652'], 'P1280': ['31051107'], 'P8189': ['987007442388405171'], 'P3987': ['28352'], 'P269': ['029978327'], 'P11249': ['14035500'], 'P268': ['121489523'], 'P11182': ['67648'], 'P5034': ['KAC201102631'], 'P1368': ['000047241'], 'P13591': ['person/aab51997-0ef5-4abc-bf75-f248b2dd4eae']}"
Q18593160,James Harrington,English lawyer,['Q5'],['Q179876'],[],['+1664-00-00T00:00:00Z'],"['Q40348', 'Q185351', 'Q36180']","{'P1802': ['8504dcbe-c211-45d0-8444-413d21c225bd'], 'P214': ['19648538'], 'P213': ['0000000083619861'], 'P227': ['1055496424'], 'P244': ['n84121471'], 'P268': ['12082043v'], 'P2401': ['10005567'], 'P1415': ['12376'], 'P906': ['190072'], 'P648': ['OL4768767A'], 'P5587': ['64jlmrwq5bh3jdv'], 'P3429': ['harrijames001907'], 'P2671': ['/g/11bwq8ycr8'], 'P10832': ['E39PBJxH3qYrTh4bMvTXKx7vHC'], 'P13591': ['person/61f62914-22dd-4cf4-aa6d-d28c5e09d710']}"
Q56507044,Marcus D Goncalves,researcher,['Q5'],[],[],[],['Q1650915'],"{'P496': ['0000-0002-0784-9248'], 'P1153': ['30067648200']}"
Q131758748,Guellwaar Adún,Brazilian writer and poet,['Q5'],['Q155'],['Q8678'],['+1971-00-00T00:00:00Z'],"['Q36180', 'Q49757']","{'P4619': ['001469876'], 'P244': ['no2017067502'], 'P214': ['92149617057503752630'], 'P2671': ['/g/11vpj62dmx']}"
Q110559282,Sarah Lewis,24 Jul 1774 -,['Q5'],[],[],['+1774-07-24T00:00:00Z'],[],"{'P1819': ['I00618188'], 'P2949': ['Lewis-50491']}"
Q110413787,Sarah Lewis,,['Q5'],[],[],[],[],{'P1819': ['I00570066']}
Q113336124,Sarah Lewis,9 Jul 1681 - certain 5 Jan 1718,['Q5'],[],[],['+1681-07-09T00:00:00Z'],[],"{'P2600': ['6000000012257434498'], 'P2949': ['Marsh-4685']}"
Q131008252,Sarah Lewis,9 Nov 1698 - 8 Jun 1765,['Q5'],[],[],[],[],"{'P2600': ['6000000000770134471', '6000000006795243716'], 'P2949': ['DeForest-35']}"
Q37613585,Sarah J Lewis,researcher (ORCID 0000-0003-4311-6890),['Q5'],[],[],[],"['Q1650915', 'Q3126128']","{'P496': ['0000-0003-4311-6890'], 'P244': ['n2014185168'], 'P214': ['308758005'], 'P8446': ['3C00AEDE-4D94-4617-BCD1-C58270859F71'], 'P6178': ['0713400030.74'], 'P856': ['http://www.bris.ac.uk/social-community-medicine/people/sarah-j-lewis/index.html'], 'P227': ['104776962X'], 'P10832': ['E39PBJwD3YmyXyhRRqthb3PvpP'], 'P213': ['0000000434612603']}"
Q112387828,Annabel C. Beerel,1953-,['Q5'],[],['Q34647'],['+1953-00-00T00:00:00Z'],['Q15978655'],"{'P691': ['xx0025535'], 'P214': ['85459559'], 'P1207': ['n2005037265'], 'P213': ['0000000109216156'], 'P269': ['147697859'], 'P227': ['138438935'], 'P244': ['n87875164'], 'P8189': ['987007461065805171'], 'P13591': ['person/915b544b-6475-4898-8920-3cc457ceb9e2']}"
Q16728891,Mahmoud Ezzamel,British academic,['Q5'],[],[],['+1942-10-24T00:00:00Z'],['Q3400985'],"{'P227': ['171179064'], 'P214': ['22228768'], 'P1006': ['114485283'], 'P1207': ['n2012109952'], 'P5034': ['KAC201104935'], 'P646': ['/m/09gpj8h'], 'P3987': ['115899'], 'P213': ['0000000083635562'], 'P244': ['n92068024'], 'P268': ['12411192b'], 'P269': ['033224161'], 'P8189': ['987007341665605171'], 'P11182': ['275'], 'P10832': ['E39PBJgHd9dq4Xtfp9HqQf3G73'], 'P13591': ['person/9750a8e1-0172-414a-bc30-441d90943139'], 'P12458': ['937363'], 'P496': ['0000-0002-3673-8440']}"
Q117193524,Chris Green,American poet,['Q5'],['Q30'],[],[],"['Q49757', 'Q1622272', 'Q1607826']","{'P6634': ['chris-green-440a9b89'], 'P856': ['https://chrisgreenpoetry.com/'], 'P2963': ['6718454'], 'P214': ['68760135']}"
Q2048639,Chris Green,British cellist,['Q5'],['Q145'],[],[],['Q13219637'],{'P1953': ['489336']}
Q19957945,Chris Green,British Conservative Party politician,['Q5'],['Q145'],['Q26'],['+1973-08-12T00:00:00Z'],['Q82955'],"{'P18': ['Official portrait of Chris Green crop 2.jpg'], 'P373': ['Chris Green'], 'P2002': ['CGreenUK'], 'P2013': ['ChrisGreenMP'], 'P6213': ['VTSdW5B0'], 'P6465': ['4164', '4018'], 'P2171': ['25359'], 'P4789': ['U283924'], 'P4471': ['9785'], 'P646': ['/m/01370hyr'], 'P10428': ['4398'], 'P10632': ['Q19957945'], 'P11619': ['1115'], 'P1617': ['85ed2674-43b3-4653-a3d2-7533540a8dc3'], 'P6200': ['c9edvz6g5jrt'], 'P3368': ['2505337'], 'P2169': ['Chris_Green']}"
Q76736678,Chris Green,Brexit Party candidate in the 2019 United Kingdom General Election,['Q5'],['Q145'],[],[],['Q82955'],"{'P6465': ['72268', '51155']}"
Q59162298,Chris Green,British archaeologist,['Q5'],[],[],[],['Q3621491'],"{'P496': ['0000-0001-6620-4979'], 'P214': ['184068528'], 'P6734': ['1730'], 'P6178': ['010634726251.05'], 'P3987': ['612180'], 'P213': ['0000000356282193'], 'P269': ['154965782'], 'P244': ['nb2011022214'], 'P10861': ['010634726251.05'], 'P227': ['1015226299'], 'P10832': ['E39PBJq74kMhdRDqg7hvfbXKh3'], 'P13591': ['person/50c673ae-f8d6-4afb-bd8f-9ef56cf78aec']}"
Q93372493,Joseph Tidd,Professor of technology and innovation management,['Q5'],[],[],['+1960-07-08T00:00:00Z'],"['Q188094', 'Q1622272', 'Q169470']","{'P213': ['0000000109359181'], 'P214': ['111694233'], 'P244': ['n91015678'], 'P1580': ['a1334032'], 'P1207': ['n2006102168'], 'P227': ['131650602'], 'P7293': ['9810668653405606'], 'P3987': ['144924'], 'P691': ['vse2007379062'], 'P1960': ['he2j1ugAAAAJ'], 'P2038': ['Joe-Tidd'], 'P1153': ['6602639296'], 'P8189': ['987007447004305171'], 'P268': ['12338662q'], 'P269': ['032337477'], 'P11249': ['13954059'], 'P11686': ['981058509190106706'], 'P9984': ['981058509190106706'], 'P11182': ['64112'], 'P1368': ['000313074'], 'P13591': ['person/3fada0ef-5074-4923-bfa9-81bbcd1d0f8e'], 'P9322': ['0244078-Tidd-Joseph-1960']}"
Q16009909,John Bessant,cricketer (1892-1982),['Q5'],"['Q145', 'Q174193']",['Q2660843'],['+1892-11-11T00:00:00Z'],['Q12299841'],"{'P2697': ['9724'], 'P646': ['/m/0102cvp1']}"
Q112404322,J. R. Bessant,,['Q5'],[],[],['+1952-00-00T00:00:00Z'],['Q121594'],"{'P691': ['mzk2007381861'], 'P214': ['94383402'], 'P1207': ['n97037335'], 'P1280': ['27767651'], 'P7293': ['9810668653605606'], 'P213': ['0000000121031453'], 'P244': ['n81006018'], 'P269': ['136740359'], 'P8189': ['987007432586905171'], 'P3987': ['144925'], 'P227': ['131650513'], 'P11249': ['14014472'], 'P9984': ['981058509189906706'], 'P11686': ['981058509189906706'], 'P11182': ['64113'], 'P13049': ['131650513'], 'P1015': ['13066991', '1542227317556', '1653056313442', '90075897'], 'P4619': ['000444840'], 'P268': ['13518772c'], 'P8179': ['ncf12096050'], 'P6394': ['a1248510x'], 'P5034': ['KAC202242884'], 'P1368': ['000229236'], 'P10227': ['vtls000800711'], 'P349': ['00974740'], 'P271': ['DA02173881', 'DA06703568'], 'P1375': ['000009856'], 'P1006': ['073617199'], 'P1005': ['260379'], 'P3065': ['A000019333'], 'P5587': ['53hlrngp3p4vkm6'], 'P11496': ['1140000791874232576'], 'P13591': ['person/1e137920-e1fe-4f3d-b610-9040cb3c4172'], 'P13906': ['23668'], 'P14225': ['981005673593909366'], 'P13204': ['gnk6ya7d'], 'P9322': ['p0052702-Bessant-J-R-1952'], 'P496': ['0000-0002-5040-4949']}"
Q3194763,Keith Pavitt,British economist (1937-2002),['Q5'],['Q145'],['Q84'],['+1937-01-13T00:00:00Z'],"['Q188094', 'Q81096', 'Q2306091']","{'P214': ['61607143'], 'P213': ['000000008140623X'], 'P646': ['/m/08052n5'], 'P2732': ['47891'], 'P1207': ['n2005083536'], 'P1005': ['260321'], 'P691': ['mzk2007381862'], 'P244': ['n80089660'], 'P349': ['00452328'], 'P1015': ['90412018'], 'P1006': ['067892248'], 'P1368': ['000091060'], 'P3987': ['88908'], 'P268': ['122787243'], 'P269': ['031604706'], 'P8189': ['987007274948405171'], 'P11249': ['13954061'], 'P11182': ['64114'], 'P11496': ['1140845216642625920'], 'P271': ['DA05686077'], 'P10832': ['E39PBJyxhwkJcQwHrh6wvqtFrq'], 'P13591': ['person/61a74419-abe7-4a94-b464-a1f18e916b73'], 'P13951': ['368246'], 'P10400': ['120515'], 'P14178': ['mzk2007381862'], 'P13204': ['uvrg4fj7'], 'P9322': ['0244079-Pavitt-Keith-19372002']}"
Q1223576,Dietmar Vahs,German economist,['Q5'],['Q183'],"['Q1726', 'Q183']",['+1961-01-01T00:00:00Z'],"['Q188094', 'Q1622272', 'Q10660901', 'Q13405496', 'Q15978655', 'Q482980']","{'P244': ['n91092494'], 'P214': ['52326657'], 'P227': ['111833477'], 'P213': ['0000000029205000'], 'P1280': ['83322723'], 'P691': ['utb2015867313'], 'P2671': ['/g/122jwt8c'], 'P269': ['199321353'], 'P10832': ['E39PBJh4t7wx7VVRw6VR6ktkDq'], 'P13049': ['111833477']}"
Q112397006,Jeffrey P. Davidson,,['Q5'],[],[],['+1951-00-00T00:00:00Z'],[],"{'P691': ['vse2006327408'], 'P214': ['43448274'], 'P213': ['0000000028974377'], 'P1207': ['n95002685'], 'P7293': ['9810533964805606'], 'P950': ['XX957067'], 'P3987': ['527138'], 'P244': ['n82229627'], 'P5034': ['KAC201832295'], 'P269': ['190211903'], 'P11686': ['981058611101106706'], 'P9984': ['981058611101106706'], 'P8189': ['987007442974605171'], 'P10387': ['68130'], 'P13591': ['person/98305bef-fd07-4cf6-98df-9ce4fdd7181a'], 'P13906': ['221508'], 'P9322': ['p0066842-Davidson-Jeffrey-P-1951']}"
Q6831848,Michael Kenworthy,American actor,['Q5'],['Q30'],['Q34404'],['+1975-08-18T00:00:00Z'],"['Q33999', 'Q10800557']","{'P345': ['nm0448959'], 'P646': ['/m/0gfh070'], 'P4985': ['92852'], 'P10302': ['maykl-kenuorti'], 'P3368': ['2070203'], 'P12098': ['273810'], 'P9662': ['72767'], 'P2605': ['86675'], 'P14750': ['AB51-8252-863E-D3E3-6DE7']}"
Q139476853,,,['Q5'],[],[],[],['Q81096'],{'P691': ['ctu20211116215']}
Q90264377,Elizabeth A Cudney,researcher (ORCID 0000-0002-3990-0474),['Q5'],[],[],[],"['Q1622272', 'Q901']","{'P496': ['0000-0002-3990-0474'], 'P6178': ['012071430600.90'], 'P691': ['ctu20211116217'], 'P227': ['1114147087'], 'P214': ['78848235'], 'P8189': ['987007336070205171'], 'P1207': ['n2011042964'], 'P213': ['0000000055061549'], 'P13591': ['person/2a20e1a3-41d1-4b22-a561-fe756edf28bc']}"
Q927439,David Miller,film director (1909–1992),['Q5'],['Q30'],['Q138391'],['+1909-11-28T00:00:00Z'],"['Q2526255', 'Q7042855', 'Q639669', 'Q28389', 'Q3282637', 'Q3455803']","{'P214': ['74038332'], 'P213': ['0000000081542995'], 'P244': ['no92010155'], 'P227': ['137759185'], 'P345': ['nm0588183'], 'P646': ['/m/0dn1bs'], 'P1266': ['1197'], 'P2019': ['p102849'], 'P2168': ['119437'], 'P2387': ['115244'], 'P950': ['XX1177418'], 'P2435': ['18762'], 'P2626': ['32473'], 'P2605': ['13150'], 'P2604': ['183439'], 'P3430': ['w6fc8rxw'], 'P535': ['31068516'], 'P373': ['David Miller (director)'], 'P1280': ['163301475'], 'P5068': ['1890351'], 'P268': ['13897520h'], 'P1006': ['375444351'], 'P269': ['127433414'], 'P691': ['xx0189157'], 'P1417': ['biography/David-Miller'], 'P3056': ['1212697'], 'P1225': ['10569990'], 'P2163': ['88471'], 'P1580': ['a1075118'], 'P7293': ['9810536368805606'], 'P8971': ['153846'], 'P4985': ['73256'], 'P9984': ['981058517529506706'], 'P9463': ['73256'], 'P9995': ['48209'], 'P10018': ['42001'], 'P9247': ['19225'], 'P8189': ['987007275501205171', '987007334585805171'], 'P10302': ['devid-miller'], 'P11686': ['981058517529506706'], 'P3204': ['9962'], 'P3368': ['1719932'], 'P12098': ['887961'], 'P396': ['MILV233221'], 'P2949': ['Miller-121166'], 'P12674': ['Q120393'], 'P10832': ['E39PBJhH4qm6btqrvQjVT6kqwC'], 'P2174': ['75136'], 'P9662': ['4005'], 'P13591': ['person/5085f553-2063-4729-b517-f8732e9ade37'], 'P648': ['OL7521306A'], 'P8969': ['114006'], 'P14750': ['4B1A-8BC2-9902-8B71-F08B']}"
Q108162609,David Miller,"British Royal Navy officer, lieutenant in 1840",['Q5'],['Q174193'],[],[],['Q10669499'],{}
Q104531266,David W. Miller,particle physicist,['Q5'],[],[],[],['Q63017728'],"{'P2002': ['HighEnergyDavid'], 'P1960': ['h8CO950AAAAJ'], 'P2381': ['776796'], 'P496': ['0000-0002-9485-9435'], 'P2930': ['D.W.Miller.2']}"
Q15455696,David Miller,"American architect, born 1944",['Q5'],['Q30'],['Q39709'],['+1944-01-01T00:00:00Z'],"['Q42973', 'Q1622272']","{'P214': ['15062906', '157015991'], 'P213': ['0000000114673896'], 'P5508': ['110395'], 'P2963': ['346124'], 'P8179': ['ncf10251897'], 'P268': ['150810493'], 'P227': ['123913721'], 'P8189': ['987007316331605171'], 'P244': ['n82049957'], 'P409': ['36543388'], 'P1006': ['327102861'], 'P269': ['095361421'], 'P646': ['/m/02x20yw'], 'P10832': ['E39PBJkD4FwgDg39MP6HYpctrq'], 'P648': ['OL15913297A']}"
Q118220866,David Miller,American mathematician,['Q5'],[],[],[],['Q1650915'],{'P496': ['0000-0001-9469-9374']}
Q16252439,Chip Heath,American writer,['Q5'],[],[],['+1963-07-19T00:00:00Z'],['Q36180'],"{'P3430': ['w6dp9x4t'], 'P213': ['0000000109126222'], 'P244': ['n94008510'], 'P5034': ['KAC200707176'], 'P691': ['ola2010548222'], 'P214': ['69073673'], 'P434': ['4cbad797-1469-4c73-853a-befb25b4531c'], 'P1006': ['124555241'], 'P1207': ['n2009100048'], 'P646': ['/m/04yq2pn'], 'P9807': ['164599'], 'P7293': ['9810563145405606'], 'P8189': ['987007426856705171'], 'P3280': ['0001123146'], 'P1015': ['90756603'], 'P4619': ['000532646'], 'P268': ['13205467h'], 'P8179': ['ncf10585246'], 'P3846': ['87097968414997'], 'P227': ['13405945X'], 'P6394': ['a12201625'], 'P7699': ['LNB:BdFc;=Bf'], 'P1368': ['000165947'], 'P7026': ['13255'], 'P271': ['DA15104509'], 'P1375': ['000490769'], 'P1005': ['1362738'], 'P3065': ['A003356515'], 'P5587': ['fcrv1tsz0b0sgr6'], 'P7700': ['vtls006748534'], 'P269': ['057551995'], 'P10021': ['a10001302'], 'P11496': ['1140282266845722112'], 'P10832': ['E39PBJm4Mfj63tfVW3GcKBrH4q'], 'P2963': ['39021'], 'P13049': ['13405945X'], 'P10387': ['33302'], 'P13591': ['person/8306cdf2-3f77-4b40-aa73-0635f6b859bd'], 'P13951': ['517320'], 'P10400': ['25365'], 'P14177': ['ola2010548222'], 'P14225': ['981005708780309366'], 'P9322': ['0281036-Heath-Chip-1963']}"
Q935152,John Kotter,American economist (1947-),['Q5'],['Q30'],['Q16552'],['+1947-02-25T00:00:00Z'],"['Q188094', 'Q1622272']","{'P214': ['2509328'], 'P213': ['0000000121179378'], 'P244': ['n79018183'], 'P227': ['132293196'], 'P646': ['/m/045glc'], 'P1006': ['07005214X'], 'P18': ['John Kotter.JPG'], 'P2163': ['1439248'], 'P950': ['XX1040864'], 'P3348': ['191570'], 'P3430': ['w6w80q9c'], 'P3987': ['111215'], 'P269': ['070036454'], 'P1280': ['11046755'], 'P268': ['12150733j'], 'P691': ['xx0013862'], 'P5361': ['KotterJohnP1947-'], 'P5739': ['43780'], 'P5034': ['KAC200100877'], 'P1580': ['a1266075'], 'P1207': ['n97062750'], 'P8849': ['20185957'], 'P7293': ['9810600655605606'], 'P9984': ['981058512900706706'], 'P8313': ['John_P._Kotter'], 'P7400': ['kotterjohnp'], 'P8189': ['987007296662205171'], 'P3368': ['3434901'], 'P396': ['CFIV108193'], 'P1015': ['90191089'], 'P4619': ['000174180'], 'P8179': ['ncf12123759'], 'P3846': ['87097968575966'], 'P7699': ['LNB:+ws;=CE'], 'P1368': ['000053619'], 'P349': ['00446209'], 'P271': ['DA01089553'], 'P409': ['35280838'], 'P1375': ['000350924'], 'P1005': ['1374842'], 'P3065': ['A003470114'], 'P11496': ['1140845216699369344'], 'P11249': ['14126951'], 'P11686': ['981058512900706706'], 'P9871': ['8952'], 'P8851': ['4755047'], 'P9802': ['2172121', '2001132'], 'P1315': ['895616'], 'P3630': ['255570'], 'P3417': ['John-Kotter-3'], 'P2734': ['KotterJohnP'], 'P9247': ['1386645', '246098'], 'P10844': ['14221'], 'P9251': ['60635'], 'P2188': ['37812'], 'P11193': ['5c18dd4756972ccb3eb650d2'], 'P12458': ['157382'], 'P2963': ['26977'], 'P10832': ['E39PBJx4krrHfkCdpcdtkgVt8C'], 'P13049': ['132293196'], 'P10387': ['10088'], 'P13591': ['person/a8927a85-d3d1-4ec5-9c90-fc9e5f1b55e7'], 'P373': ['John Kotter'], 'P13906': ['103031'], 'P13951': ['482240'], 'P10400': ['39658'], 'P14178': ['xx0013862'], 'P14225': ['981005803170409366'], 'P13204': ['es6f5ugj'], 'P9322': ['p0088071-Kotter-John-P-1947']}"
Q9201283,Daniel Bloom,Polish musician,['Q5'],['Q36'],['Q326582'],['+1971-12-21T00:00:00Z'],"['Q36834', 'Q183945', 'Q486748', 'Q33999']","{'P434': ['f09bc0aa-37a3-4a4b-a4c1-71e8281cb88c'], 'P1953': ['472201'], 'P345': ['nm0089149'], 'P3478': ['5542273'], 'P214': ['303298326'], 'P1207': ['n2013192787'], 'P950': ['XX5340737'], 'P213': ['000000012981433X'], 'P7109': ['daniel_bloom'], 'P7293': ['9810695828805606'], 'P1695': ['a0000001861125'], 'P2605': ['235606'], 'P646': ['/m/01t0822'], 'P9328': ['30462391900'], 'P2013': ['DanielBloomofficial'], 'P2397': ['UCYvZmoMZpEeAoVsd90YEUyg', 'UCf2he2udXj4MDzlSD8gFTWQ'], 'P5404': ['daniel_bloom'], 'P1728': ['mn0001044077'], 'P1902': ['4TDLFnTINY3fKOX6Bozfzd'], 'P2722': ['8321128'], 'P3040': ['daniel-bloom-official'], 'P8179': ['ncf10721923'], 'P244': ['n2013044287'], 'P3065': ['A028967726'], 'P269': ['250714914'], 'P227': ['1253882258'], 'P5034': ['KAC202257685'], 'P12098': ['839603'], 'P10832': ['E39PBJf8qk6GVfPh7XmT8fxFKd'], 'P9662': ['242006'], 'P13591': ['person/40683772-5671-4992-9c3a-adafba5af00a'], 'P14750': ['491B-6B80-AD08-AC2A-B51C'], 'P7553': ['832422']}"
Q125356254,Daniel Bloomfield,Jamaican Rhodes Scholar,['Q5'],['Q766'],['Q34692'],['+1975-09-30T00:00:00Z'],[],{}
Q719413,David Heinemeier Hansson,"programmer, racing driver, creator of Ruby on Rails",['Q5'],['Q756617'],['Q1748'],['+1979-10-15T00:00:00Z'],"['Q82594', 'Q10349745', 'Q183888', 'Q8246794', 'Q36180', 'Q43845', 'Q5482740']","{'P214': ['24888522'], 'P227': ['173789617'], 'P244': ['no2006071728'], 'P18': [""David Heinemeier Hansson Driver of Abu Dhabi Proton Racing's Porsche 911 RSR (27225732035) (cropped).jpg""], 'P646': ['/m/0714xq'], 'P349': ['01034410'], 'P1006': ['298962608'], 'P2037': ['dhh'], 'P906': ['264350'], 'P950': ['XX4895045'], 'P691': ['stk2007383215'], 'P213': ['0000000116095882'], 'P271': ['DA1757643X'], 'P2087': ['david-heinemeier-hansson'], 'P856': ['https://dhh.dk'], 'P2002': ['dhh'], 'P3417': ['David-Heinemeier-Hansson-1'], 'P3048': ['David_Hansson'], 'P3684': ['david-hansson'], 'P2003': ['dhh79'], 'P1015': ['5081149'], 'P1207': ['n2006095545'], 'P4411': ['David-Heinemeier-Hansson'], 'P2456': ['53/9387'], 'P864': ['81322495706'], 'P373': ['David Heinemeier Hansson'], 'P5587': ['42gjmfcn4bwr63w'], 'P269': ['097530417'], 'P268': ['150608725'], 'P5034': ['KAC201104056', 'KAC200704279'], 'P8140': ['david-heinemeier-hansson'], 'P3630': ['168003'], 'P7293': ['9810591856505606'], 'P8980': ['000142933'], 'P1581': ['https://world.hey.com/dhh'], 'P3987': ['738538'], 'P9322': ['0294342-Hansson-David-Heinemeier-1979'], 'P9743': ['107ZzpvPeR'], 'P7972': ['4000405255'], 'P9984': ['981058518799606706'], 'P8189': ['987007462566705171'], 'P11533': ['webster132'], 'P11496': ['1140282266552891264'], 'P11249': ['14431893'], 'P11686': ['981058518799606706'], 'P3368': ['2536879'], 'P9802': ['107746'], 'P2963': ['23587'], 'P10832': ['E39PBJgCP3j4Q6dbvmrRvcFqcP'], 'P648': ['OL7618544A'], 'P13049': ['173789617'], 'P6640': ['1670083'], 'P1005': ['1467547'], 'P9251': ['101822'], 'P9247': ['734663'], 'P1280': ['114016867'], 'P13591': ['person/87678628-8a2d-44a9-ad15-fbb1dd74376d'], 'P10400': ['27681'], 'P14178': ['stk2007383215']}"
Q112392395,Ronald J. Ebert,,['Q5'],[],[],['+1938-00-00T00:00:00Z'],['Q188094'],"{'P691': ['vse2005290838'], 'P214': ['73931571'], 'P213': ['0000000117702621'], 'P1207': ['n95302528'], 'P244': ['n81050362'], 'P268': ['12371103z'], 'P269': ['080601693'], 'P8189': ['987007422331005171'], 'P3987': ['106195'], 'P227': ['128828943'], 'P11182': ['8793'], 'P1368': ['000116076'], 'P13591': ['person/d36ed2a7-cb50-4548-8085-64d8174deaa1']}"
Q112397021,Norman Gaither,,['Q5'],[],[],['+1937-00-00T00:00:00Z'],[],"{'P691': ['vse2006327444'], 'P214': ['111162696'], 'P1207': ['n2006083315'], 'P213': ['0000000116988699'], 'P269': ['070385203'], 'P244': ['n80047773'], 'P8189': ['987007433671205171'], 'P11182': ['381'], 'P13951': ['468900']}"
Q112496868,Scott M. Shafer,,['Q5'],[],[],['+1962-00-00T00:00:00Z'],['Q1622272'],"{'P691': ['utb2016898905'], 'P214': ['163278302'], 'P213': ['0000000117130600'], 'P244': ['n97112427'], 'P269': ['147290791'], 'P1207': ['n2006034494'], 'P1280': ['90845027'], 'P8189': ['987007450687705171'], 'P227': ['1102255009'], 'P11182': ['43240'], 'P1368': ['000184725'], 'P13591': ['person/638e9bdb-2719-4e57-8811-52a4b2e35b12']}"
Q10336827,Nigel Slack,,['Q5'],[],[],['+1946-00-00T00:00:00Z'],['Q188094'],"{'P2671': ['/g/12353r9n'], 'P691': ['pna2007389015'], 'P214': ['77817036'], 'P8189': ['987007443564205171'], 'P3987': ['595336'], 'P1368': ['000141148'], 'P13591': ['person/5f6420b5-628c-4c38-829b-0f88705a0fe7'], 'P227': ['1046228803'], 'P213': ['0000000116773495'], 'P1207': ['n98085543'], 'P13906': ['10493']}"
Q139266343,Nigel Slack,election candidate,['Q5'],[],[],[],[],{'P6465': ['126740']}
Q109806953,Robert Johnston,archaeologist,['Q5'],[],[],[],['Q3621491'],"{'P6734': ['284'], 'P214': ['19212943'], 'P8189': ['987007331545305171'], 'P1368': ['000299918'], 'P13591': ['person/1bc62aaa-a95a-4f29-b4a9-540bbf562110']}"
Q65045599,Robert Johnston,Australian naval officer (1792-1882),['Q5'],['Q174193'],['Q3130'],['+1792-01-01T00:00:00Z'],['Q10669499'],"{'P18': ['Robert-johnston 246x550.gif'], 'P2671': ['/g/11hyj8s_zc'], 'P9232': ['johnston-robert-19530'], 'P9159': ['19530']}"
Q7346160,Robert Johnston,Irish recipient of the Victoria Cross (1872-1950),['Q5'],['Q258'],['Q179424'],['+1872-08-13T00:00:00Z'],['Q14089670'],"{'P18': ['Robert Johnston (VC).jpg'], 'P535': ['11300023'], 'P646': ['/m/04j8xl'], 'P858': ['1073'], 'P3368': ['734114']}"
Q117051777,Robert Johnston,"Minister of the Church of Scotland, d. 1738",['Q5'],[],[],['+1675-00-00T00:00:00Z'],['Q1423891'],{}
Q112422535,Robert Johnston,,['Q5'],[],[],['+1953-00-00T00:00:00Z'],['Q6051619'],"{'P691': ['utb2009529898'], 'P214': ['290241601', '305130593'], 'P1207': ['n01098337'], 'P7293': ['9810698876805606'], 'P213': ['0000000417271659', '0000000084851291'], 'P269': ['058479104'], 'P8189': ['987007338042605171'], 'P1368': ['000108740'], 'P227': ['140388575'], 'P13049': ['140388575']}"
Q7273907,R. Panneerselvam,Indian film director,['Q5'],['Q668'],['Q2229506'],['+1970-04-10T00:00:00Z'],"['Q2526255', 'Q28389']","{'P345': ['nm5648017'], 'P646': ['/m/0k3lph6'], 'P2605': ['718339'], 'P14750': ['980A-94C5-990F-F40F-C5D0']}"
Q59627441,Elwood Spencer Buffa,"born:1923|died:2005|; Buffa, Elwood S.; Buffa, Elwood Spencer; Buffa, Elwood S. 1923-; Buffa, Elwood Spencer, 1923-2005; Buffa, Elwood S. (Elwood Spencer), 1923-",['Q5'],[],[],['+1923-01-01T00:00:00Z'],['Q188094'],"{'P214': ['13585153'], 'P227': ['171995651'], 'P244': ['n79045401'], 'P269': ['074129090'], 'P349': ['00434746'], 'P691': ['vse2009539919'], 'P1015': ['90684674'], 'P1207': ['n2005036803'], 'P1006': ['072894539'], 'P213': ['0000000110397046'], 'P950': ['XX1155500'], 'P1580': ['a1005244'], 'P7902': ['171995651'], 'P648': ['OL1193811A'], 'P3987': ['67230'], 'P271': ['DA00173075'], 'P9984': ['981058509863406706'], 'P8189': ['987007430026705171'], 'P11249': ['14704978'], 'P11686': ['981058509863406706'], 'P11496': ['1140563741673726720'], 'P10832': ['E39PBJmTvjJ9FTFxHb9j7fhWDq'], 'P13906': ['1634024'], 'P13951': ['71887']}"
Q112453649,David K. Hayes,,['Q5'],[],[],['+1954-00-00T00:00:00Z'],['Q1622272'],"{'P691': ['vse2012709217'], 'P214': ['21217322'], 'P213': ['0000000110437941'], 'P1207': ['n2004091646'], 'P244': ['n88005673'], 'P269': ['075921669'], 'P8189': ['987007433521005171'], 'P11182': ['190174'], 'P1368': ['000075967'], 'P13591': ['person/2af5d11b-baf1-494f-a23e-1b93af6d4b7b'], 'P9984': ['981060934775506706']}"
Q125402117,Ray Wild,,['Q5'],[],[],[],['Q1622272'],"{'P214': ['12400431'], 'P213': ['0000000108706655'], 'P268': ['124368817'], 'P8189': ['987007457772705171'], 'P244': ['n50019234'], 'P269': ['033508801'], 'P5731': ['89329'], 'P11182': ['86478'], 'P227': ['1043765549'], 'P3987': ['107261'], 'P1207': ['n96103714'], 'P1368': ['000101462'], 'P12458': ['269629'], 'P13591': ['person/0841bd41-095e-4c52-a947-d1d959983bfa'], 'P13204': ['hvzxcpe4']}"
Q1900227,Mark M. Davis,"American molecular biologist, Professor at Stanford University",['Q5'],['Q30'],['Q90'],['+1952-11-27T00:00:00Z'],"['Q15839206', 'Q1622272', 'Q12119633', 'Q1650915']","{'P214': ['87042234'], 'P244': ['n86038621'], 'P213': ['0000000116823480'], 'P2070': ['12858'], 'P227': ['172038413'], 'P18': ['Professor Mark Davis ForMemRS.jpg'], 'P2381': ['78996'], 'P1153': ['7404850298'], 'P1015': ['90860539'], 'P1006': ['141551763'], 'P5380': ['64198'], 'P646': ['/m/0d8yrtp'], 'P8189': ['987007425367705171'], 'P3368': ['319059'], 'P11249': ['14367666'], 'P10832': ['E39PBJht4VtbXYFp8cwGYmtMyd'], 'P496': ['0000-0001-6868-657X'], 'P13591': ['person/fd187d9c-1e57-4eac-820e-6f98a5326efe'], 'P13204': ['v4hsbqbs']}"
Q112383322,James B. Dilworth,,['Q5'],[],[],['+1939-00-00T00:00:00Z'],['Q121594'],"{'P691': ['kup19940000021664'], 'P214': ['20949706'], 'P1207': ['n97087523'], 'P213': ['000000011043517X'], 'P244': ['n78087829'], 'P269': ['080290736'], 'P8189': ['987007431011405171'], 'P3987': ['117288'], 'P227': ['170716945'], 'P11182': ['79267'], 'P1368': ['000061037'], 'P13591': ['person/b1994db3-926c-4f9a-9016-c1db999c7919'], 'P13951': ['477373']}"
Q7612051,Steve Brown,British composer (1954–2024),['Q5'],['Q145'],[],['+1954-10-25T00:00:00Z'],"['Q36834', 'Q822146', 'Q183945']","{'P434': ['41a93aea-6804-4977-b8ee-eb4d7b7554f4', 'ac2d5b0c-4071-4a53-b025-0bf97b34eb55'], 'P646': ['/m/01ndrj'], 'P1953': ['671270'], 'P345': ['nm0114713'], 'P5882': ['M00000402579'], 'P4985': ['1954565'], 'P12098': ['153051'], 'P12854': ['5dcd39bc8958c50020af2818'], 'P2605': ['867791'], 'P244': ['n2024028402'], 'P214': ['9171707675806602422'], 'P14750': ['F3EE-184A-5A5F-6CDE-41C3'], 'P11449': ['109625']}"
Q114101427,Steve Brown,,['Q5'],[],[],[],['Q3455803'],"{'P345': ['nm5385506'], 'P4985': ['172651'], 'P14750': ['3160-7FDB-3EFA-6D0A-68DF']}"
Q7612054,Steve Brown,"English former professional association football player, born 1973",['Q5'],['Q145'],['Q203995'],['+1973-12-06T00:00:00Z'],['Q937857'],"{'P646': ['/m/011d_xkt'], 'P3537': ['461080'], 'P12606': ['2490']}"
Q8990972,Steve Brown,English footballer (born 1966),['Q5'],['Q145'],['Q192240'],['+1966-07-06T00:00:00Z'],['Q937857'],"{'P2193': ['1066'], 'P646': ['/m/06wyrv'], 'P3537': ['73448'], 'P12606': ['2489']}"
Q7612055,Steve Brown,"former English footballer now Assistant Manager, born 1972",['Q5'],['Q145'],['Q131491'],['+1972-05-13T00:00:00Z'],"['Q937857', 'Q628099']","{'P2193': ['1065'], 'P646': ['/m/03m407n'], 'P3537': ['19581'], 'P2020': ['steve-brown'], 'P2446': ['13401'], 'P5750': ['a889aef3'], 'P3047': ['58539'], 'P12539': ['1516'], 'P12551': ['12792'], 'P12567': ['5985'], 'P3655': ['93575'], 'P8912': ['steve-brown'], 'P12608': ['790'], 'P12606': ['2488'], 'P18': ['Steve Brown 29032025 (1).jpg']}"
Q106545441,Fu Jia,,['Q5'],[],[],['+1990-02-05T00:00:00Z'],"['Q33999', 'Q10800557']",{}
Q41705,Fujian,"province of the People's Republic of China, covering the mountainous coast opposite Taiwan",['Q1615742'],[],[],[],[],"{'P948': ['Fujian banner Chuxi Tulou cluster.jpg'], 'P373': ['Fujian'], 'P442': ['35'], 'P300': ['CN-35', 'CN-FJ'], 'P18': ['Hakka china.jpg', 'ISS060-E-60237.jpg'], 'P856': ['http://www.fujian.gov.cn'], 'P998': ['Regional/Asia/China/Fujian/'], 'P349': ['00645948'], 'P646': ['/m/0m5pn'], 'P901': ['CH07'], 'P1566': ['1811017'], 'P227': ['4220847-6'], 'P982': ['1b949732-48e7-47cc-95e1-e08fced8f4a1'], 'P242': ['Fujian in China (+all claims hatched).svg'], 'P935': ['福建'], 'P1417': ['place/Fujian'], 'P3222': ['fukien'], 'P3417': ['Fujian-Province-1', 'Fujian'], 'P3984': ['fujian'], 'P4427': ['17287'], 'P3219': ['fujian-fou-kien'], 'P268': ['12139611q'], 'P5573': ['6103'], 'P402': ['553303'], 'P6703': ['zacgdvr2eaweb2dh'], 'P214': ['147747721'], 'P3896': ['Data:China/Fujian.map'], 'P6766': ['85669735'], 'P6706': ['Fujian'], 'P8408': ['Fujian-ProvinceChina'], 'P8119': ['CN.FJ'], 'P7471': ['54517'], 'P7850': ['T84-478'], 'P4342': ['Fujian'], 'P8189': ['987007557342305171'], 'P8313': ['Fujian'], 'P10565': ['154846'], 'P7305': ['3903109'], 'P9495': ['geo/94A03059-EC4C-4B1C-9EF2-7DAAC15D7F80'], 'P11196': ['福建'], 'P11897': ['CHS-FJ'], 'P9957': ['23630'], 'P9984': ['981060788407006706'], 'P7369': ['000248015'], 'P950': ['XX4799739'], 'P2163': ['1209951'], 'P244': ['n80113116'], 'P4801': ['geographicAreas/a-cc-fu'], 'P2326': ['-1905684'], 'P10832': ['E39PBJqfJwJx8yJjYpvdv7KKh3'], 'P8885': ['푸젠성'], 'P13030': ['region/652'], 'P13591': ['concept/5d3e005f-9e1c-4e6f-9130-65393bb12df1'], 'P13971': ['350000'], 'P13204': ['aw9zx9gr'], 'P5698': ['108670'], 'P14541': ['2Njqq9']}"
Q1048629,Fu Jia,Cao Wei state official (209-255),['Q5'],"['Q1147037', 'Q320930']",['Q1201033'],['+0209-01-01T00:00:00Z'],['Q82955'],"{'P646': ['/m/0dm1zc'], 'P497': ['0011154'], 'P2600': ['6000000074728415894'], 'P9613': ['773009'], 'P1782': ['蘭石', '兰石', '昭先'], 'P6702': ['22lwx1f9iu7sec6m']}"
Q91113663,Fu Jia,researcher (ORCID 0000-0002-9830-121X),['Q5'],[],[],[],"['Q1650915', 'Q188094']","{'P496': ['0000-0002-9830-121X'], 'P8446': ['12E2A7A6-16DC-4CFF-B87D-10F7F2877C22'], 'P1053': ['A-4149-2009'], 'P214': ['1340145857028122921092'], 'P269': ['233975845'], 'P227': ['142480681']}"
Q1071647,Fú Jiàn,founding emperor of the Di-led Chinese Former Qin dynasty during the Sixteen Kingdoms period,['Q5'],"['Q29520', 'Q1471995']",['Q1574107'],['+0317-00-00T00:00:00Z'],[],"{'P646': ['/m/0b1ntk'], 'P1187': ['A002769'], 'P497': ['0031642'], 'P2600': ['6000000075346387832'], 'P6702': ['sfodx3xbzuvio273']}"
Q112378637,Richard Schonberger,economist,['Q5'],[],[],['+1937-00-00T00:00:00Z'],['Q188094'],"{'P691': ['ola2003193777'], 'P214': ['10477460'], 'P1207': ['n95003535'], 'P213': ['0000000117426380'], 'P8189': ['987007276644405171'], 'P244': ['n81066459'], 'P3987': ['108435'], 'P7293': ['9810641027605606'], 'P268': ['12134208h'], 'P269': ['029792339'], 'P227': ['134095448'], 'P11182': ['13164'], 'P13049': ['134095448'], 'P1368': ['000140977'], 'P13591': ['person/88f01f0b-5ca5-43fd-aa39-05cd19f2ecce'], 'P13862': ['richard-j-schonberger']}"
Q6456528,L. Joseph Thomas,American academic,['Q5'],['Q30'],['Q808468'],"['+1942-01-16T00:00:00Z', '+1942-00-00T00:00:00Z']",[],"{'P214': ['109908868'], 'P213': ['0000000082971433'], 'P244': ['n79119022'], 'P1006': ['068229372'], 'P269': ['103593667'], 'P1207': ['n2004016172'], 'P646': ['/m/0bwkzy9'], 'P9984': ['981058514848406706'], 'P8189': ['987007435906505171'], 'P227': ['130411167'], 'P11686': ['981058514848406706'], 'P11182': ['73702'], 'P3368': ['809536'], 'P10832': ['E39PBJgxtjFRPJ4Y46wKYtgkDq'], 'P13591': ['person/a8acf886-b36b-4636-82bb-be1ba28eafe7']}"
Q112483191,Larry P. Ritzman,,['Q5'],[],[],['+1938-00-00T00:00:00Z'],['Q1622272'],"{'P691': ['utb2014843952'], 'P214': ['49324676'], 'P213': ['0000000073625213'], 'P1207': ['n97032342'], 'P1280': ['22761315'], 'P244': ['n78097878'], 'P268': ['12473686h'], 'P269': ['033929777'], 'P8189': ['987007444826505171'], 'P11249': ['13986338'], 'P5034': ['KAC200002839'], 'P11182': ['2888'], 'P12458': ['247281'], 'P1368': ['000193106'], 'P13591': ['person/caa06071-0373-4d17-b833-2ccf15cba8c1'], 'P13951': ['780990']}"
Q112483193,Manoj K. Malhotra,,['Q5'],[],[],['+1960-00-00T00:00:00Z'],['Q1622272'],"{'P691': ['utb2014843954'], 'P214': ['70804585'], 'P1207': ['n2008129785'], 'P213': ['0000000036774156'], 'P227': ['1103970879'], 'P5034': ['KAC201517652'], 'P8189': ['987007444285405171'], 'P244': ['n2005090257'], 'P496': ['0000-0001-6258-1902']}"
Q102269600,Robert D. Reid,Ph.D. University of Warwick 2000,['Q5'],[],[],[],[],{'P549': ['85820']}
Q66532068,Nada R. Sanders,American supply chain expert,['Q5'],['Q30'],[],['+1957-06-18T00:00:00Z'],"['Q1622272', 'Q3400985']","{'P1607': ['3406783'], 'P1280': ['95165539'], 'P271': ['DA17339423'], 'P214': ['46103647'], 'P213': ['0000000038519140'], 'P244': ['n2001012693'], 'P269': ['100575005'], 'P691': ['mub2010598818'], 'P949': ['004484981'], 'P1006': ['382825179'], 'P1015': ['2037017'], 'P1207': ['n2005013900'], 'P1375': ['000309994'], 'P4619': ['000367032'], 'P8189': ['987007336043105171'], 'P227': ['1198147350'], 'P11496': ['1140282266831420288'], 'P11182': ['43242'], 'P10832': ['E39PBJfcKhXgpRwgyMfjdyhCQq'], 'P1368': ['000281662'], 'P13591': ['person/d60f21ac-3106-4187-bf7c-e7b93aa6d8ff'], 'P14225': ['981005766071409366'], 'P1960': ['riA_LgYAAAAJ'], 'P2671': ['/g/11f360glbh'], 'P18': ['Nada R. Sanders.png']}"
Q5231137,David Barnes,Australian archer,['Q5'],['Q408'],[],['+1986-02-22T00:00:00Z'],['Q13382355'],"{'P1447': ['ba/david-barnes-1'], 'P3682': ['david-barnes'], 'P8286': ['102853'], 'P646': ['/m/03qgkd'], 'P3368': ['2534552'], 'P11866': ['david-barnes-394103'], 'P3010': ['935'], 'P14105': ['3000339228']}"
Q5231133,David Barnes,boxer,['Q5'],['Q145'],['Q18125'],['+1981-01-16T00:00:00Z'],['Q11338576'],"{'P1967': ['52981'], 'P646': ['/m/04mxjq2'], 'P3368': ['2534551'], 'P13591': ['person/c8259593-2e99-44cc-83d8-dd3cb5bae90e']}"
Q5231135,David Barnes,English association footballer (born 1961),['Q5'],['Q145'],['Q124230'],['+1961-11-16T00:00:00Z'],['Q937857'],"{'P2193': ['414'], 'P646': ['/m/0b7qk9'], 'P2446': ['226549'], 'P5421': ['23675'], 'P3537': ['54481'], 'P2020': ['david-barnes'], 'P5750': ['7d42b1d6'], 'P3047': ['307798'], 'P12539': ['475'], 'P12551': ['34627'], 'P12567': ['1421'], 'P3655': ['80685'], 'P8912': ['david-barnes'], 'P12606': ['980'], 'P12608': ['19992']}"
Q102371800,David Barnes,Ph.D. University of Georgia 1994,['Q5'],[],[],[],['Q88011130'],{'P549': ['151278']}
Q125784421,David Barnes,British industrialist,['Q5'],[],[],['+1936-03-04T00:00:00Z'],['Q43845'],{}
Q139465712,,,['Q5'],[],[],[],"['Q188094', 'Q1622272']",{'P691': ['utb20201066283']}
Q100803664,Terry Hill,college basketball player (1967–1969) American,['Q5'],[],[],[],['Q3665646'],{'P3696': ['terry-hill-3']}
Q112367833,Terry Hill,1940-,['Q5'],[],[],['+1940-00-00T00:00:00Z'],['Q188094'],"{'P691': ['xx0000295'], 'P214': ['85309007'], 'P1207': ['n98032529'], 'P3987': ['107615'], 'P213': ['0000000110748651'], 'P244': ['n87141765'], 'P269': ['069294534'], 'P906': ['246838'], 'P227': ['170070603'], 'P11249': ['14005762'], 'P268': ['12422503f'], 'P8189': ['987007454065805171'], 'P11182': ['72681'], 'P5587': ['dbqsw25x19tv8p5'], 'P13049': ['170070603'], 'P9984': ['981058511554106706']}"
Q100803661,Terry Hill,college basketball player (2004–2005) Grambling,['Q5'],[],[],[],['Q3665646'],{'P3696': ['terry-hill-1']}
Q100803662,Terry Hill,college basketball player (2006–2006) Savannah State,['Q5'],[],[],[],['Q3665646'],{'P3696': ['terry-hill-2']}
Q59683361,Terry E Hill,researcher ORCID ID = 0000-0002-6771-8813,['Q5'],[],[],[],['Q1650915'],{'P496': ['0000-0002-6771-8813']}
Q139453665,,,['Q5'],[],[],[],"['Q1622272', 'Q2994387']",{'P691': ['vse2018989183']}
Q378824,Jim Fox,British modern pentathlete,['Q5'],['Q145'],['Q639675'],['+1941-09-19T00:00:00Z'],"['Q81096', 'Q15972912']","{'P646': ['/m/04ychn7'], 'P1447': ['fo/jim-fox-1'], 'P3520': ['FOXJIM01'], 'P8286': ['34779'], 'P4490': ['602SqekbHjcEV5l3nLY9HX'], 'P14105': ['3000392664']}"
Q126958562,Jim Fox,American football player,['Q5'],[],[],[],['Q19204627'],{'P3697': ['jim-fox-2']}
Q125244403,Jim Fox,"American architect, active in Highlands",['Q5'],['Q30'],[],[],['Q42973'],"{'P5508': ['38193'], 'P214': ['96254853'], 'P245': ['500080292']}"
Q100982153,Jim Fox,college basketball player (1967–1968) Drake,['Q5'],[],[],[],['Q3665646'],{'P3696': ['jim-fox-2']}
Q3808335,Jim Fox,American basketball player,['Q5'],['Q30'],['Q23556'],['+1943-04-07T00:00:00Z'],['Q3665646'],"{'P2685': ['f/foxji01'], 'P3696': ['jim-fox-4'], 'P3957': ['66052'], 'P214': ['3136156811372345390008'], 'P646': ['/m/02x19wj'], 'P8548': ['187341'], 'P3647': ['76747'], 'P9514': ['11623'], 'P5421': ['7040'], 'P244': ['n2019052512'], 'P3527': ['641344'], 'P14750': ['DC9A-603F-27D9-2E9F-5601']}"
Q139436123,,,['Q5'],[],[],[],"['Q1622272', 'Q9379869']",{'P691': ['mzk2015869140']}
Q112536432,Philip Gibson,,['Q5'],[],[],['+1955-00-00T00:00:00Z'],['Q188094'],"{'P691': ['vse20191039244'], 'P214': ['41256101'], 'P213': ['0000000119489668'], 'P244': ['n2005093238'], 'P8189': ['987007441178705171'], 'P3987': ['315997'], 'P227': ['139289046'], 'P5034': ['KAC201231898'], 'P13049': ['139289046'], 'P1368': ['000107413']}"
Q10349147,Philip G. Hodge,American applied mathematician,['Q5'],['Q30'],['Q49145'],['+1920-11-09T00:00:00Z'],"['Q1622272', 'Q1906857', 'Q901', 'Q170790']","{'P1006': ['121846377'], 'P549': ['14282'], 'P227': ['174097433'], 'P244': ['n80139933'], 'P214': ['111109868'], 'P409': ['35199355'], 'P1695': ['a0000002732789'], 'P349': ['00522652'], 'P691': ['skuk0003032'], 'P1207': ['n2004095712'], 'P213': ['0000000109353564'], 'P18': ['Philip g hodge.jpg'], 'P1315': ['861689'], 'P3987': ['2364'], 'P1280': ['41416291'], 'P269': ['133350266'], 'P373': ['Philip G. Hodge'], 'P4955': ['86765'], 'P646': ['/m/012bfc8x'], 'P7293': ['9810537888005606'], 'P3368': ['1956441', '1450811'], 'P8189': ['987007460682905171'], 'P10832': ['E39PBJpDQkCkMwpYV9JTMdr8YP'], 'P13408': ['29205'], 'P13591': ['person/ac64a5c0-8331-4bf7-b93b-08ca8350ae61'], 'P7902': ['174097433'], 'P13049': ['174097433'], 'P13951': ['158554'], 'P14178': ['skuk0003032']}"
Q76096671,Philip Gibson in Haddington,Peerage person ID=528193,['Q5'],[],[],['+1520-00-00T00:00:00Z'],[],"{'P4638': ['p52820.htm#i528193'], 'P2949': ['Gibson-9883']}"
Q116486036,Stanley E. Portny,"American engineer, project manager and entrepreneur",['Q5'],['Q30'],[],[],"['Q1326886', 'Q816432', 'Q36180', 'Q131524', 'Q1327627']","{'P214': ['67367127'], 'P213': ['0000000044662242'], 'P244': ['no92021541'], 'P268': ['16541539b'], 'P269': ['076554694'], 'P227': ['123179777'], 'P691': ['utb2010557572'], 'P1015': ['7034206'], 'P1207': ['n2013146707'], 'P1006': ['222448695'], 'P7293': ['9810642586005606'], 'P4619': ['000512745'], 'P8179': ['ncf12129690'], 'P8189': ['987007314538805171'], 'P3065': ['A017746979'], 'P10832': ['E39PCjvJhcFT9TP37k7PWrvtBq'], 'P13049': ['123179777'], 'P13591': ['person/7a8960c5-e42a-4ca4-a7a3-da62bd3906de'], 'P646': ['/m/0j1rhsh']}"
Q94654199,Harvey Maylor,researcher,['Q5'],[],[],[],['Q1650915'],"{'P496': ['0000-0002-8629-1026'], 'P648': ['OL2825763A'], 'P691': ['vse2005315917'], 'P214': ['85277522']}"
Q59282151,"Robert ""Judge"" Hughes",American football player and coach,['Q5'],[],['Q985648'],['+1944-11-17T00:00:00Z'],['Q19204627'],"{'P2671': ['/g/11fhvxfqvz'], 'P3561': ['H/HughBo20']}"
Q124071597,Bob Hughes,American lacrosse player (Syracuse),['Q5'],[],[],[],['Q17682262'],{}
Q2157626,Bob Hughes,British politician (1932-1922),['Q5'],['Q145'],['Q36405'],['+1932-01-03T00:00:00Z'],['Q82955'],"{'P2015': ['mr-robert-hughes-1'], 'P18': ['Official portrait of Lord Hughes of Woodside crop 2.jpg'], 'P4471': ['8842'], 'P6213': ['3oj2yMIH'], 'P244': ['n90713531'], 'P214': ['1640336'], 'P5361': ['HughesRobert1932-'], 'P4638': ['p19143.htm#i191428'], 'P646': ['/m/03g1nb'], 'P4527': ['301324'], 'P4789': ['U21069'], 'P3368': ['1918805'], 'P10428': ['1051'], 'P10632': ['Q2157626'], 'P10849': ['1888'], 'P2171': ['13454', '22114'], 'P10832': ['E39PBJqkbr37kqrtBBkvRd4g8C'], 'P8445': ['363291'], 'P13591': ['person/1679debe-1ef8-4008-b64c-ee4a91aab5a8'], 'P345': ['nm6828584']}"
Q2512679,Bob Hughes,soap character,"['Q15632617', 'Q15773317']",[],[],[],[],"{'P646': ['/m/027k6k2'], 'P14750': ['68AA-07C9-050D-D83F-6DFB']}"
Q100806307,Bob Hughes,college basketball player (1948–1950) Northwestern,['Q5'],[],[],[],['Q3665646'],{'P3696': ['bob-hughes-3']}
Q112485914,Erik W. Larson,,['Q5'],[],[],['+1952-00-00T00:00:00Z'],['Q121594'],"{'P691': ['mzk2015854901'], 'P214': ['64314871'], 'P1207': ['n2013000810'], 'P1280': ['50764899'], 'P213': ['0000000039156767'], 'P244': ['n99025497'], 'P268': ['15523691n'], 'P269': ['112487432'], 'P8189': ['987007426211405171'], 'P227': ['170681424'], 'P11182': ['79249'], 'P10553': ['060802936'], 'P1368': ['000040840'], 'P13951': ['470994']}"
Q63892664,Nancy Joyce,"musical character in the musical The Dancing Mistress; ""dancing mistress of """"Down House"""" ""","['Q15632617', 'Q63975020']",[],[],[],[],{}
Q75993102,Nancy Joyce Studdert,Peerage person ID=454168,['Q5'],[],[],[],[],{'P4638': ['p45417.htm#i454168']}
Q6962912,Nancy Peters,American writer and publisher,['Q5'],['Q30'],['Q5083'],['+1936-10-03T00:00:00Z'],"['Q1607826', 'Q2516866', 'Q36180', 'Q998550']","{'P214': ['94428111'], 'P213': ['0000000066531761'], 'P1006': ['069045038'], 'P2163': ['32590'], 'P18': ['NancyJoycePeters1974.jpg'], 'P244': ['n79028802'], 'P3430': ['w6t154ks'], 'P268': ['12676950d'], 'P269': ['144586673'], 'P1207': ['n2018083293'], 'P646': ['/m/02wzt70'], 'P9097': ['12413497'], 'P8189': ['987007522692005171'], 'P227': ['1202531199'], 'P9918': ['PE00626511'], 'P10832': ['E39PBJwxMXTrkrq9cptfqHDyVC'], 'P691': ['xx0325824'], 'P13591': ['person/7f36c447-5130-4f93-98b5-ddd2733bf228']}"
Q75697750,Nancy Joyce Beale,Peerage person ID=292429,['Q5'],[],[],[],[],{'P4638': ['p29243.htm#i292429']}
Q6962574,Nancy Buckingham,British writer of gothic and romance novels (born 1924),['Q5'],['Q145'],['Q23154'],['+1924-08-10T00:00:00Z'],['Q36180'],"{'P409': ['35023379'], 'P214': ['79319805'], 'P213': ['0000000063330358'], 'P244': ['n79103763'], 'P1006': ['071039392'], 'P349': ['00444745'], 'P1315': ['797339'], 'P1015': ['90846257'], 'P742': ['Christina Abbey'], 'P5361': ['BuckinghamNancy'], 'P7704': ['agent/base/119022'], 'P646': ['/m/09k5fln'], 'P3368': ['2093046'], 'P10832': ['E39PBJpPCDgfByjvD9QpYMgxjC']}"
Q139478043,,,['Q5'],[],[],[],"['Q13582652', 'Q1622272', 'Q1423891']","{'P691': ['mzk20211125804'], 'P213': ['0000000115659332'], 'P1207': ['n2006095963'], 'P214': ['33702456'], 'P1368': ['000101072']}"
Q119268884,Mark C. Layton,,['Q5'],[],[],[],"['Q1622272', 'Q2462658']","{'P646': ['/m/03ww88l'], 'P214': ['4696148997688559870002'], 'P1015': ['13011983'], 'P268': ['17045287m'], 'P8179': ['ncf11023786'], 'P227': ['1154822532'], 'P213': ['0000000028376182'], 'P5034': ['KAC200605802'], 'P244': ['n00085959'], 'P691': ['vse20221150244'], 'P1006': ['393634035'], 'P1207': ['n2018087087'], 'P3065': ['A024358142'], 'P269': ['192326856'], 'P11182': ['139887'], 'P13049': ['1154822532'], 'P13591': ['person/d4740073-1006-4905-82a3-2b32075629e8']}"
Q120595797,Kory Kogon,,['Q5'],[],[],[],['Q41583'],"{'P214': ['311459824'], 'P691': ['ola2015888323'], 'P5034': ['KAC201612662'], 'P227': ['1096500329'], 'P13049': ['1096500329'], 'P213': ['0000000440005447'], 'P10387': ['84437'], 'P13906': ['1462967'], 'P396': ['UTOV531587'], 'P9322': ['0355406-Kogon-Kory']}"
Q112403690,Jeffrey K. Pinto,,['Q5'],[],[],['+1958-00-00T00:00:00Z'],[],"{'P691': ['vse2007378997'], 'P214': ['50907790'], 'P1207': ['n01036647'], 'P1280': ['50210915'], 'P213': ['0000000116405254'], 'P269': ['067166334'], 'P8189': ['987007437800005171'], 'P1368': ['000075829'], 'P13591': ['person/8d0b1fe7-1afb-4b2e-bad8-7da031e616f5'], 'P13906': ['33345']}"
Q112441319,Robert K. Wysocki,,['Q5'],[],[],['+1941-00-00T00:00:00Z'],"['Q816432', 'Q15978655']","{'P691': ['vse2011649815'], 'P214': ['77964799'], 'P213': ['0000000122128804'], 'P244': ['n91113939'], 'P269': ['071533419'], 'P1207': ['n2005123459'], 'P8189': ['987007427820605171'], 'P7293': ['9810688690305606'], 'P3987': ['496956'], 'P11249': ['13992385'], 'P1368': ['000016360'], 'P13591': ['person/0e61ab76-b5b5-4757-969e-66a190d3bcff']}"
Q94648395,P. K. Joy,,['Q5'],[],[],['+1940-00-00T00:00:00Z'],['Q36180'],"{'P214': ['77228987'], 'P244': ['n89209667'], 'P213': ['0000000078690321'], 'P2163': ['308258'], 'P227': ['123700612'], 'P10832': ['E39PBJj4vHvp6fPf8tg44vXWXd'], 'P13951': ['120292', '120293']}"
Q112452046,Brian Kramer,,['Q5'],[],[],['+1974-00-00T00:00:00Z'],[],"{'P691': ['utb2012700361'], 'P214': ['119807140'], 'P227': ['173865119'], 'P8189': ['987007437378105171'], 'P213': ['000000008336108X']}"
Q112480766,Jack Gido,,['Q5'],[],[],['+1945-00-00T00:00:00Z'],[],"{'P691': ['utb2014834148'], 'P214': ['111223335'], 'P1207': ['n2011144946'], 'P213': ['0000000083034759'], 'P244': ['n82271858'], 'P269': ['183104935'], 'P8189': ['987007425389705171'], 'P227': ['170139913'], 'P11182': ['81149']}"
Q16973357,James P. Clements,American computer scientist and academic administrator,['Q5'],[],['Q107126'],['+1964-03-11T00:00:00Z'],['Q1622272'],"{'P373': ['James P. Clements'], 'P18': ['James P. Clements in 2018.jpg'], 'P691': ['utb2014834159'], 'P214': ['77734572'], 'P1006': ['072789786'], 'P1207': ['n2011165586'], 'P646': ['/m/0h6ylx2'], 'P213': ['0000000063691903'], 'P8189': ['987007399131005171'], 'P244': ['n85019663'], 'P11182': ['32211']}"
Q87888792,Avraham Shtub,researcher,['Q5'],[],[],[],['Q1650915'],{'P496': ['0000-0002-3140-8151']}
Q118914936,Avraham Shtub,,['Q5'],[],[],['+1952-04-11T00:00:00Z'],[],"{'P8189': ['987007302721505171'], 'P244': ['n93078165'], 'P214': ['26277936'], 'P3368': ['554425'], 'P1280': ['83789923'], 'P3987': ['621658'], 'P11182': ['23502'], 'P1368': ['000027448'], 'P13591': ['person/1bcabd62-6d5f-4208-955d-4280f402aeeb'], 'P9984': ['981058512422106706']}"
Q102260578,Jonathan F. Bard,Sc.D. The George Washington University 1979,['Q5'],[],[],[],[],"{'P549': ['79065'], 'P4955': ['192360'], 'P13951': ['73190']}"
Q30527030,Shlomo Globerson,Israeli university teacher,['Q5'],['Q801'],['Q2655674'],"['+1941-01-13T00:00:00Z', '+1941-00-00T00:00:00Z']",['Q1622272'],"{'P2038': ['Shlomo-Globerson'], 'P6634': ['shlomo-globerson-0245b5180'], 'P8189': ['987007280611605171'], 'P244': ['n84238289'], 'P214': ['33415069'], 'P8179': ['ncf12100853'], 'P213': ['0000000110522046'], 'P1006': ['070663300'], 'P1207': ['n97067831'], 'P1280': ['83796067'], 'P269': ['089483685'], 'P11182': ['80458']}"
Q100770268,Jim Clements,college basketball player (1973–1974) South Carolina,['Q5'],[],[],[],['Q3665646'],{'P3696': ['jim-clements-1']}
Q78416907,Jim Clements,American football coach and player,['Q5'],[],[],[],['Q19204627'],"{'P2671': ['/g/11fqps6srb'], 'P8777': ['28766']}"
Q3161091,James Clements,"American ornithologist, author and businessman (1927-2005)",['Q5'],['Q30'],['Q60'],['+1927-10-31T00:00:00Z'],"['Q1225716', 'Q36180', 'Q43845']","{'P214': ['101000665'], 'P213': ['0000000120316086'], 'P646': ['/m/06j5kc'], 'P648': ['OL41074A'], 'P1006': ['314900179'], 'P269': ['061175978'], 'P268': ['15664811z'], 'P691': ['xx0136517'], 'P244': ['n80149679'], 'P1207': ['n2008140476'], 'P2963': ['231920'], 'P8189': ['987007435308205171'], 'P10832': ['E39PBJd8c76rFxBgy7fv9KYgKd'], 'P1368': ['000036405'], 'P13591': ['person/c3eaa7c1-5dc0-4594-b72d-5e6e028ffb85'], 'P396': ['TO0V386249']}"
Q60058974,Rose D Baker,researcher ORCID ID = 0000-0003-3555-3425,['Q5'],[],[],[],['Q1650915'],"{'P496': ['0000-0003-3555-3425'], 'P1153': ['7404220024'], 'P2456': ['60/2796']}"
Q75642150,Rose Hickman,Peerage person ID=265679,['Q5'],[],[],[],[],{'P4638': ['p26568.htm#i265679']}
Q89163820,Rose Baker,researcher,['Q5'],[],[],[],['Q1650915'],{'P496': ['0000-0002-3660-5998']}
Q43492460,Rose Baker,British statistician,['Q5'],[],[],[],"['Q169470', 'Q170790', 'Q2732142']",{'P2671': ['/g/11g01_0hfj']}
Q4849102,Baker-Miller Pink,color,['Q1075'],[],[],[],[],"{'P646': ['/m/0kbhq7z'], 'P10757': ['457160'], 'P465': ['FF91AF']}"
Q112479589,Rory Burke,1952-,['Q5'],[],[],['+1952-00-00T00:00:00Z'],"['Q1569495', 'Q15978655']","{'P691': ['utb2014829169'], 'P214': ['79105621'], 'P1207': ['n96213666'], 'P7293': ['9810544652405606'], 'P269': ['059068523'], 'P213': ['000000008396821X'], 'P244': ['n93079543'], 'P268': ['12425104d'], 'P8189': ['987007456398305171'], 'P11182': ['91585'], 'P1368': ['000193519'], 'P13591': ['person/08d15f16-c81a-4080-afe6-911a97c48d84']}"
Q141492355,Rory Burke,,['Q22808320'],[],[],[],[],{}
Q137907320,Rory Burke,Irish hurler,['Q5'],[],[],['+2005-01-01T00:00:00Z'],[],{}
Q29623907,Rory Burke,Irish rugby union player (1994-),['Q5'],['Q27'],['Q36647'],['+1994-04-27T00:00:00Z'],['Q14089670'],{'P2671': ['/g/11g7zd_nh8']}
Q137907323,Rory Burke,,[],[],[],[],[],{}
Q120432303,Clifford F. Gray,1930-,['Q5'],[],[],['+1930-00-00T00:00:00Z'],['Q36180'],{}
Q112486942,John M. Nicholas,,['Q5'],[],[],['+1945-00-00T00:00:00Z'],['Q1622272'],"{'P691': ['utb2015859085'], 'P214': ['77878464'], 'P213': ['0000000109912741'], 'P496': ['0000-0003-3586-1217'], 'P269': ['08119384X'], 'P1207': ['n99047014'], 'P7293': ['9810576313405606'], 'P244': ['n88210414'], 'P8189': ['987007438719405171'], 'P3987': ['556934'], 'P227': ['142275700'], 'P11686': ['981060732366406706'], 'P9984': ['981060732366406706'], 'P11182': ['192552'], 'P1368': ['000045073'], 'P13591': ['person/3dda5b56-60b0-4ec5-97c8-194bedfd9271']}"
Q139433827,,,['Q5'],[],[],[],['Q1622272'],{'P691': ['zcu2015860249']}
Q91226344,David J Shirley,researcher (ORCID 0000-0003-4529-0403),['Q5'],[],[],[],['Q1650915'],{'P496': ['0000-0003-4529-0403']}
Q23879783,David A. Shirley,American chemist (1934-2021),['Q5'],['Q30'],['Q774849'],['+1934-03-30T00:00:00Z'],['Q593644'],"{'P2381': ['62655'], 'P6551': ['11602018'], 'P2671': ['/g/11cnxzgy83'], 'P1207': ['n00713987'], 'P214': ['228706184'], 'P7293': ['9810646958905606'], 'P269': ['052581624'], 'P3368': ['3515848'], 'P244': ['nr90008732'], 'P8189': ['987007456167405171'], 'P18': ['David Shirley, Lawrence Berkeley National Laboratory director, in 1996.jpg'], 'P373': ['David A. Shirley'], 'P13591': ['person/cad0f67f-575c-45a6-be0f-a1e57218fb4f'], 'P13204': ['ju9ru726']}"
Q64176932,David Shirley Papers (NAID 66956626),series in the National Archives and Records Administration's holdings,['Q2668072'],[],[],[],[],{'P1225': ['66956626']}
Q64208016,David Shirley's Program Files (NAID 66956636),series in the National Archives and Records Administration's holdings,['Q2668072'],[],[],[],[],{'P1225': ['66956636']}
Q64206370,David Shirley's Program Correspondence Files (NAID 66799073),series in the National Archives and Records Administration's holdings,['Q2668072'],[],[],[],[],{'P1225': ['66799073']}
Q112480252,Lewis R. Ireland,,['Q5'],[],[],['+1937-00-00T00:00:00Z'],['Q15978655'],"{'P691': ['utb2014832211'], 'P214': ['118288904'], 'P213': ['0000000122843998'], 'P1207': ['n2005121383'], 'P269': ['076622827'], 'P1368': ['000121287'], 'P13591': ['person/41329242-65d7-471c-b6c0-cb5d95f2ee31'], 'P13906': ['3492']}"
Q1101261,Clifford Gray,American bobsledder and actor (1892–1969),['Q5'],['Q30'],['Q1297'],['+1892-01-29T00:00:00Z'],"['Q13383011', 'Q26262117', 'Q753110']","{'P1447': ['gr/cliff-gray-1'], 'P3520': ['GREYCLI01'], 'P4391': ['112590', '93497'], 'P8286': ['86222'], 'P646': ['/m/01371nv4'], 'P2889': ['K4K4-CDD'], 'P345': ['nm6175947'], 'P3171': ['clifford-barton-gray'], 'P2949': ['Gray-18322'], 'P18': ['Clifford B. Gray 1923 passport photograph.jpg'], 'P5815': ['clifford-barton-gray'], 'P3368': ['2514696'], 'P14105': ['3000338009']}"
Q100797126,Clifford Gray,college basketball player (2000–2000) Idaho,['Q5'],[],[],[],['Q3665646'],{'P3696': ['clifford-gray-1']}
Q1101276,Clifford Grey,"English songwriter, actor and screenwriter (1887–1941)",['Q5'],['Q145'],['Q2256'],['+1887-01-05T00:00:00Z'],"['Q753110', 'Q36834', 'Q28389', 'Q822146', 'Q10800557', 'Q33999']","{'P214': ['43856190'], 'P213': ['0000000073266935'], 'P434': ['d5c58002-376b-4961-8ab3-23af9c7c9462'], 'P345': ['nm0340540'], 'P244': ['no89019130', 'n2008017285'], 'P535': ['8877445'], 'P646': ['/m/03cmvs3'], 'P227': ['1059955407'], 'P1315': ['1027984'], 'P2019': ['p92561'], 'P2163': ['1493284'], 'P950': ['XX938465'], 'P1220': ['4882'], 'P3430': ['w6q81xfg'], 'P4491': ['grey_clifford_auteur_ou_responsable_intellectuel'], 'P1415': ['47284'], 'P1006': ['329782460'], 'P4823': ['1803554'], 'P5340': ['33231'], 'P268': ['14762010z'], 'P691': ['mzk2012723398'], 'P7704': ['agent/base/15814'], 'P1207': ['n2019034432'], 'P4457': ['108896', '101265'], 'P7293': ['9810663439905606'], 'P8385': ['42724'], 'P1442': ['Grave of Clifford Grey in Ipswich Cemetery, Oct 2019.jpg'], 'P4985': ['1369088'], 'P4104': ['1025989'], 'P2909': ['38084'], 'P1953': ['301997'], 'P373': ['Clifford Grey'], 'P7745': ['9'], 'P11249': ['14271549'], 'P12098': ['863799'], 'P12582': ['20110803095907663'], 'P12386': ['u9787'], 'P12627': ['clifford_grey'], 'P13049': ['1059955407'], 'P396': ['CFIV213680'], 'P13591': ['person/2b09b688-d0f7-4552-8d21-62eba856feb0'], 'P13698': ['clifford_grey'], 'P10832': ['E39PBJyWTxcJyxPWYKXF6DJRrq'], 'P7902': ['1059955407'], 'P14073': ['01944079-1a5c-732e-afa0-61c97ed736a9'], 'P14178': ['mzk2012723398'], 'P13204': ['mr37k6vk'], 'P9984': ['981061110433306706'], 'P9322': ['0383640-Grey-Clifford-18871941'], 'P8189': ['987014637775905171'], 'P14750': ['00AE-A1DC-C8E6-66DD-ACF9'], 'P7553': ['361521']}"
Q5132952,Clifford Gray,American politician,['Q5'],['Q30'],['Q1345'],['+1940-05-31T00:00:00Z'],['Q82955'],"{'P646': ['/m/09rsm4q'], 'P10632': ['Q5132952']}"
Q106604560,Clifford Gray Twombly,American clergyman (1869-1942),['Q5'],['Q30'],['Q49169'],['+1869-05-07T00:00:00Z'],['Q3147441'],"{'P535': ['140891023'], 'P3368': ['278920']}"
Q93032,Ken Schwaber,American computer scientist,['Q5'],['Q30'],['Q575315'],['+1945-01-01T00:00:00Z'],"['Q82594', 'Q15978655', 'Q183888', 'Q2552738', 'Q5482740']","{'P214': ['70132166'], 'P213': ['0000000047401347'], 'P244': ['n2001015026'], 'P18': ['Ken Schwaber.jpg'], 'P373': ['Ken Schwaber'], 'P227': ['1082017493'], 'P1006': ['316231711'], 'P269': ['146214692'], 'P691': ['vse2006360686'], 'P5034': ['KAC200812316'], 'P1207': ['n2005105474'], 'P646': ['/m/07f4q0'], 'P7293': ['9810646747005606'], 'P1695': ['a0000003206515'], 'P8189': ['987007453404005171'], 'P10832': ['E39PBJt44CVpCBFxVfTDq7fKBP'], 'P13049': ['1082017493'], 'P13591': ['person/714eb847-6386-4174-b121-fdd7c3c88547'], 'P648': ['OL2650932A'], 'P14178': ['vse2006360686']}"
Q7435985,Scott Berkun,"Author, speaker",['Q5'],['Q30'],[],['+1901-00-00T00:00:00Z'],['Q482980'],"{'P3417': ['Scott-Berkun-1'], 'P213': ['0000000066633872'], 'P244': ['n95094928'], 'P5034': ['KAC200606637'], 'P7704': ['agent/base/130299'], 'P646': ['/m/0h67_k5'], 'P7293': ['9810536842905606'], 'P214': ['61848381'], 'P1280': ['89950819'], 'P1207': ['n2006076814'], 'P691': ['vse2007395936'], 'P8189': ['987007524445205171'], 'P269': ['108780007'], 'P648': ['OL1438336A'], 'P1015': ['90853191'], 'P4619': ['000439257'], 'P268': ['15120999t'], 'P8179': ['ncf12116923'], 'P227': ['1070544787'], 'P6394': ['a12168440'], 'P349': ['01058485'], 'P271': ['DA1623973X'], 'P1375': ['000464363'], 'P1006': ['314007962'], 'P3065': ['A012749192'], 'P11496': ['1140563741541416960'], 'P13049': ['1070544787'], 'P13591': ['person/19539ca8-329e-403a-8f7d-661874c31998'], 'P14225': ['981005793942009366']}"
Q93115,Tom DeMarco,"American software engineer, author, and consultant",['Q5'],['Q30'],['Q1186937'],['+1940-08-20T00:00:00Z'],"['Q36180', 'Q81096', 'Q82594', 'Q15978655', 'Q16849727']","{'P244': ['n78049465'], 'P214': ['9899304'], 'P213': ['000000008355878X'], 'P434': ['b435bbd1-519d-440e-b4d7-cb43a83878ab'], 'P227': ['112180965'], 'P646': ['/m/068tkg'], 'P1006': ['068563701'], 'P349': ['00437644'], 'P2456': ['66/5399'], 'P864': ['81330489860'], 'P3430': ['w65z7mzp'], 'P1015': ['90153427'], 'P1207': ['n99031102'], 'P268': ['12218657j'], 'P269': ['030854431'], 'P691': ['vse2006344628'], 'P1580': ['a1255909'], 'P5034': ['KAC199606643'], 'P949': ['000415522'], 'P409': ['35853829'], 'P4619': ['000175833'], 'P8179': ['ncf12093753'], 'P8189': ['987007272971905171'], 'P7699': ['LNB:BDW9;=BC'], 'P1368': ['000177500'], 'P271': ['DA00897960'], 'P7029': ['7735015'], 'P7293': ['9810643658905606'], 'P3065': ['A005854052'], 'P1315': ['1116783'], 'P1695': ['a0000001040082'], 'P648': ['OL19395A'], 'P950': ['XX1685892'], 'P1280': ['67842403'], 'P1953': ['5305089'], 'P866': ['tom-demarco'], 'P3987': ['731338'], 'P9984': ['981058526113606706'], 'P3368': ['1789591'], 'P11496': ['1140000791745117184'], 'P11686': ['981058526113606706'], 'P10832': ['E39PBJfMmvKwdqJqwPPPHGbcfq'], 'P13049': ['112180965'], 'P13591': ['person/d3c3fc90-3e05-42eb-b22e-5fd91d7794f4']}"
Q139454091,,,['Q5'],[],[],[],"['Q2462658', 'Q2994387']",{'P691': ['utb2018992606']}
Q112386587,Sidney M. Levy,,['Q5'],[],[],['+1930-00-00T00:00:00Z'],[],"{'P691': ['xx0022203'], 'P214': ['111033958'], 'P1207': ['n2010135940'], 'P213': ['000000011083113X'], 'P244': ['n85374455'], 'P269': ['098885073'], 'P8189': ['987007431186305171'], 'P13591': ['person/0c98390b-b7cd-4c36-9bc6-483723821c93']}"
Q4819095,Aubrey C. Daniels,American psychologist,['Q5'],['Q30'],['Q1456'],['+1935-05-17T00:00:00Z'],"['Q212980', 'Q36180', 'Q16849727']","{'P214': ['114210655'], 'P213': ['0000000084743127'], 'P244': ['n93095112'], 'P349': ['00512754'], 'P1015': ['11021048'], 'P1207': ['n2010146038'], 'P1006': ['234593628'], 'P5034': ['KAC200210369'], 'P646': ['/m/0c02zg9'], 'P8189': ['987007457607605171'], 'P10832': ['E39PBJyhfw6QfdxKD4vYW6jpyd'], 'P434': ['4655db18-5cd4-403d-abc5-1253fc322464'], 'P648': ['OL32869A'], 'P7400': ['danielsaubreyc'], 'P2963': ['155291'], 'P4862': ['B001IGWWJ2'], 'P2850': ['129244138'], 'P13591': ['person/a5aba602-c7ac-4fab-b972-d146c2021f4b'], 'P13906': ['52916'], 'P13951': ['516997']}"
Q133569030,Jon S. Bailey,American teacher and psychologist,['Q5'],['Q30'],[],[],"['Q212980', 'Q1622272']","{'P691': ['mub20211135089'], 'P244': ['n81118675'], 'P214': ['46979045'], 'P1207': ['n2010171102'], 'P8189': ['987007446458605171']}"
Q22003019,Herman Aguinis,business theorist,['Q5'],['Q414'],['Q983451'],"['+1966-03-00T00:00:00Z', '+1966-03-11T00:00:00Z']","['Q48072011', 'Q1650915', 'Q1622272', 'Q212980']","{'P227': ['131831356'], 'P214': ['74995997'], 'P244': ['n2003107554'], 'P269': ['090230981'], 'P1015': ['4085543'], 'P1207': ['n2007101112'], 'P1006': ['262215039'], 'P213': ['0000000114481720'], 'P18': ['Aguinis1.jpg'], 'P691': ['vse2007406231'], 'P496': ['0000-0002-3485-9484'], 'P1153': ['7006100196'], 'P1280': ['122400355'], 'P1053': ['M-2918-2014'], 'P3829': ['1641441'], 'P1960': ['VbMNUXoAAAAJ'], 'P2038': ['Herman_Aguinis'], 'P4862': ['B001IO9N4G'], 'P646': ['/m/051fy3h'], 'P7293': ['9810548031605606'], 'P6178': ['01000263735.85'], 'P549': ['275920'], 'P4955': ['756225'], 'P3368': ['405132'], 'P8189': ['987007449531805171'], 'P8179': ['ncf11398144'], 'P1368': ['000163954'], 'P271': ['DA15712504'], 'P3065': ['A011043868'], 'P10861': ['01000263735.85'], 'P11496': ['1140000791656637696'], 'P11182': ['59309'], 'P373': ['Herman Aguinis'], 'P10832': ['E39PBJxcRPhPhjY4FdGgjPTyh3'], 'P13591': ['person/085fea5a-d68a-46a3-b614-d9454c9dd12a'], 'P13049': ['131831356'], 'P13951': ['467707']}"
Q130527393,Jack Alexander,,['Q5'],[],[],[],['Q2526255'],"{'P345': ['nm0018475'], 'P14750': ['B621-89C2-4487-8EF7-94DD']}"
Q61107147,"John W. Alexander, Jr.",American mathematician and professor (1938-2022),['Q5'],['Q30'],['Q919402'],['+1938-05-17T00:00:00Z'],"['Q170790', 'Q3665646', 'Q1622272']","{'P6634': ['jack-alexander-20241734'], 'P3696': ['jack-alexander-1', 'john-alexander-4'], 'P2671': ['/g/11jg8m0wh5']}"
Q6110980,Jack Alexander,modern pentathlete,['Q5'],['Q16'],['Q486877'],['+1954-11-18T00:00:00Z'],"['Q15972912', 'Q21141408']","{'P1447': ['al/jack-alexander-1'], 'P8286': ['34659'], 'P646': ['/m/0jt1l4d'], 'P3368': ['2371728'], 'P4054': ['john-jack-alexander'], 'P13591': ['person/fb9e49df-c766-448a-99f9-763b7be3d344']}"
Q1190693,Jack Huston,British actor,['Q5'],['Q145'],"['Q157341', 'Q84']",['+1982-12-07T00:00:00Z'],"['Q10800557', 'Q2259451', 'Q10798782', 'Q2405480', 'Q116695160', 'Q2526255', 'Q69423232', 'Q3282637', 'Q33999']","{'P214': ['68716518'], 'P213': ['0000000116649208'], 'P345': ['nm1658935'], 'P18': ['Jack Huston - Berlinale - 2013 (cropped).jpg'], 'P646': ['/m/027dtv3'], 'P373': ['Jack Huston'], 'P1266': ['196537'], 'P2605': ['33822'], 'P2002': ['thejackhuston'], 'P2019': ['p463593'], 'P2626': ['223605'], 'P2435': ['270633'], 'P2639': ['b55b5c7abae3430dae89ab848ea91897'], 'P2519': ['41539'], 'P2168': ['389641'], 'P2604': ['675533'], 'P227': ['106212524X'], 'P244': ['no2007102475'], 'P2949': ['Huston-729'], 'P3417': ['Jack-Huston'], 'P4985': ['54738'], 'P5534': ['54738'], 'P950': ['XX4690082'], 'P1280': ['192509795'], 'P268': ['161496255'], 'P691': ['xx0210796'], 'P7214': ['802566'], 'P1953': ['2969407'], 'P4638': ['p22396.htm#i223956'], 'P1819': ['I00279373'], 'P7902': ['106212524X'], 'P5033': ['308947'], 'P1207': ['n2017010935'], 'P7803': ['26649'], 'P5297': ['yI3q4LT3brY9sDDvXGYQp8gZfyg'], 'P5617': ['jack-huston-38941'], 'P3142': ['n0004353'], 'P8189': ['987007446270005171'], 'P9995': ['111351'], 'P5882': ['M00000402591'], 'P2600': ['6000000011033666914'], 'P4666': ['40180'], 'P8125': ['304280'], 'P269': ['226565041'], 'P10302': ['dzhek-hyuston'], 'P11683': ['dzhek_hyuston'], 'P12098': ['944621'], 'P11386': ['jack-huston'], 'P10832': ['E39PBJB47HXB8cWbWCM9v7gh73'], 'P3114': ['4217'], 'P13049': ['106212524X'], 'P9662': ['197529'], 'P6640': ['674942'], 'P434': ['ff9feeca-ab6c-4ec5-bfdd-7c82e78da6be'], 'P12854': ['5d77683254f42c001f8c3c89'], 'P13591': ['person/26bd329f-24b8-4a74-9a09-98c8068eb8d8'], 'P7184': ['027dtv3'], 'P1617': ['d2303fd9-64dd-4a7d-808d-833204051c15'], 'P14419': ['47666'], 'P14588': ['44396'], 'P8969': ['65458'], 'P14750': ['71FF-4C65-4FB6-DC8B-BE34'], 'P11449': ['18155'], 'P7553': ['28362'], 'P10166': ['jack-huston']}"
Q102150700,Jack Alexander Lees,Ph.D. The University of Chicago 1967,['Q5'],[],[],[],[],"{'P549': ['6562'], 'P4955': ['486144']}"
Q52236834,Angela Baron,German pornographic actress,['Q5'],['Q183'],['Q1718'],['+1962-12-31T00:00:00Z'],['Q488111'],"{'P3869': ['baron'], 'P345': ['nm0056195'], 'P2605': ['189203'], 'P8720': ['angela-baron'], 'P8767': ['a00120'], 'P5421': ['96052'], 'P4985': ['2488252'], 'P3351': ['632'], 'P12098': ['1041643'], 'P12776': ['79802891-349a-4049-a6b8-565e8b299ad6'], 'P646': ['/m/06vkmz'], 'P11386': ['angela-baron'], 'P14246': ['angela-baron'], 'P12836': ['27272898']}"
Q119582901,Angela Baron,,['Q5'],[],[],[],[],"{'P2671': ['/g/11fzyvqxvr'], 'P214': ['33950725'], 'P1015': ['7020047'], 'P8179': ['ncf11377782'], 'P213': ['000000011052595X'], 'P8189': ['987007450032605171'], 'P244': ['nb98087828'], 'P271': ['DA13898773'], 'P691': ['xx0007577'], 'P1006': ['312826389'], 'P1207': ['n2005098863'], 'P7293': ['9810649980705606'], 'P1005': ['1449244'], 'P269': ['191059447'], 'P11496': ['1140000791561098112']}"
Q112481349,Angela Baroni,,['Q5'],[],[],[],[],"{'P691': ['ola2014836425'], 'P214': ['310734859']}"
Q112888535,Ángela Barón,Colombian-American soccer player,['Q5'],['Q30'],['Q26485'],['+2003-09-18T00:00:00Z'],['Q937857'],"{'P2002': ['_angelabaron_'], 'P4381': ['69852'], 'P3537': ['502436'], 'P2369': ['817701'], 'P2020': ['angela-baron'], 'P2671': ['/g/11sq3nj90_'], 'P8912': ['angela-baron'], 'P11866': ['angela-baron-2333963'], 'P5815': ['angela-baron'], 'P2003': ['_angelabaron_'], 'P5222': ['ea0ca2901fc54a9ab9db3ee34a935935/ángela-barón'], 'P18': ['Ángela Barón.jpg'], 'P373': ['Ángela Barón'], 'P8286': ['152035'], 'P11892': ['_angelabaron_'], 'P14105': ['3000538001'], 'P5750': ['5622ebc4']}"
Q75366258,Angela Baronin Griessenbeck von Griessenbach,(born 1956),['Q5'],[],[],['+1956-02-11T00:00:00Z'],[],{'P4638': ['p9082.htm#i90819']}
Q112499304,Mike Bourne,,['Q5'],[],[],['+1975-00-00T00:00:00Z'],"['Q1238570', 'Q1622272']","{'P691': ['mub2016909369'], 'P214': ['19125078'], 'P213': ['0000000054823062'], 'P1207': ['n2015056107'], 'P227': ['1028745680'], 'P269': ['133291308'], 'P906': ['294229'], 'P5587': ['31fjmhjm05zrltl'], 'P13591': ['person/0f4ca3b8-0e47-47b7-9766-5563ef28bc8a'], 'P496': ['0009-0000-3510-9178']}"
Q113792851,Arbinder Singh Kohli,,['Q5'],[],[],['+1947-01-01T00:00:00Z'],[],"{'P214': ['40977515'], 'P227': ['140454284'], 'P10553': ['703680684'], 'P213': ['0000000033419300']}"
Q103635487,T. Venkata Rao,professor of clinical psychiatry,['Q5'],[],[],[],"['Q1622272', 'Q1650915']",{'P856': ['https://medicine.iu.edu/faculty/24395/rao-t']}
Q7668794,T. V. Rao,Indian academic,['Q5'],"['Q668', 'Q129286', 'Q1775277']",['Q1159'],['+1946-03-14T00:00:00Z'],"['Q832136', 'Q16849727']","{'P7031': ['t-v-rao'], 'P214': ['52125935'], 'P227': ['10425503X'], 'P244': ['n81094210'], 'P271': ['DA0276838X'], 'P269': ['161468497'], 'P213': ['0000000078555031'], 'P646': ['/m/04zwnzx'], 'P8189': ['987007460361505171'], 'P11496': ['1140282266684336768'], 'P10832': ['E39PBJjhBgKyMRQyF8TrKcFVG3'], 'P13591': ['person/ef2d7605-9e17-4b3f-bc0f-aa073a5cec2c']}"
Q112467375,Ron Dimon,,['Q5'],[],[],['+1963-01-01T00:00:00Z'],"['Q2462658', 'Q482980']","{'P691': ['vse2013773504'], 'P214': ['295978894'], 'P13591': ['person/eafb0f1f-6aed-4855-bdfc-2b1c398da6a8'], 'P227': ['1288946279'], 'P213': ['000000040007419X'], 'P8179': ['ncf11635872'], 'P244': ['n2013004170']}"
Q87417067,Poonam Khurana,associate professor of clinical pediatrics,['Q5'],[],[],[],"['Q1650915', 'Q1622272']",{'P856': ['https://medicine.iu.edu/faculty/16225/khurana-poonam']}
Q133477781,,,['Q5'],[],[],['+1963-01-01T00:00:00Z'],[],"{'P227': ['172687632'], 'P13049': ['172687632'], 'P214': ['215368581']}"
Q112423517,Kornel Terplan,,['Q5'],[],[],['+1944-00-00T00:00:00Z'],[],"{'P691': ['ntk2009537591'], 'P214': ['44857137'], 'P1207': ['n96030286'], 'P213': ['0000000110602070'], 'P269': ['095081615'], 'P244': ['n86145747'], 'P268': ['13628249v'], 'P227': ['172414458'], 'P11249': ['14137895'], 'P8189': ['987007440813005171'], 'P11182': ['1084'], 'P13049': ['172414458'], 'P7293': ['9810609675405606']}"
Q58811297,Robert Bacallao,researcher ORCID ID = 0000-0002-5703-5701,['Q5'],[],[],[],['Q1650915'],{'P496': ['0000-0002-5703-5701']}
Q130768108,Robert Bacalja,,['Q5'],[],[],[],['Q1622272'],"{'P227': ['1046925849'], 'P13049': ['1046925849'], 'P213': ['0000000049956709'], 'P214': ['68871682'], 'P1207': ['n2019067747'], 'P13591': ['person/8a8a39d9-5890-4299-a533-b3a350f546d7'], 'P7293': ['9810694349905606']}"
Q116501514,Lee Parker,rugby league footballer,['Q5'],[],[],['+1982-04-28T00:00:00Z'],['Q14373094'],{'P11428': ['3275']}
Q75684758,Lee Parker,(born 1970),['Q5'],['Q145'],[],['+1970-03-25T00:00:00Z'],[],"{'P4638': ['p28778.htm#i287771'], 'P5297': ['-MGWZtLtIjMzqK2tAEh2y7ZZWYs'], 'P13591': ['person/acf4169b-6b12-4bd7-8b0f-7df2dd246652']}"
Q139426629,,,['Q5'],[],[],[],['Q1622272'],{'P691': ['mub2012725200']}
Q112398665,Geert Bouckaert,economist,['Q5'],['Q31'],['Q506707'],"['+1958-00-00T00:00:00Z', '+1958-09-28T00:00:00Z']",['Q188094'],"{'P691': ['vse2006339216'], 'P214': ['7559202'], 'P213': ['0000000122761490'], 'P244': ['n94071790'], 'P269': ['055799590'], 'P1207': ['n2009088313'], 'P8189': ['987007281361405171'], 'P3987': ['148095'], 'P396': ['TO0V173052'], 'P227': ['132269120'], 'P11249': ['14664062'], 'P11182': ['16676'], 'P10553': ['520395417'], 'P13049': ['132269120'], 'P1368': ['000071665'], 'P8214': ['https://web.archive.org/web/20240630210154/https://soc.kuleuven.be/io/english/staff/cv/cv-bouckaert-geert-e-201501.pdf'], 'P13591': ['person/76d5beac-9918-4291-b131-676b0b4f7251']}"
Q27963986,Geert Bouckaert,Belgian journalist,['Q5'],['Q31'],['Q12994'],['+1967-08-25T00:00:00Z'],['Q1930187'],"{'P18': ['Geert Bouckaert 20170305.jpg'], 'P214': ['171533977'], 'P2605': ['426894'], 'P3762': ['331678'], 'P2671': ['/g/11csrr7zqk'], 'P6366': ['2710733884'], 'P373': ['Geert Bouckaert'], 'P345': ['nm0960613'], 'P10302': ['geert-bouckaert'], 'P227': ['1228870292'], 'P12098': ['923207'], 'P13049': ['1228870292'], 'P9984': ['981058615901706706']}"
Q112456587,John Halligan,"professor at University of Canberra, born 1945",['Q5'],[],[],['+1945-00-00T00:00:00Z'],['Q1622272'],"{'P691': ['mub2012725176'], 'P496': ['0000-0001-9709-5939'], 'P214': ['27137869'], 'P1153': ['56090207500'], 'P227': ['1216529329'], 'P8189': ['987007445525305171'], 'P244': ['n81121189'], 'P3987': ['602541'], 'P10832': ['E39PCjGWTWQp766vK9MW8CqKbb'], 'P10283': ['A5070419201'], 'P13591': ['person/a9a51067-73c2-4022-a411-f1d7b50d5d55']}"
Q6237376,John Halligan,Irish politician,['Q5'],['Q27'],['Q183551'],['+1955-01-18T00:00:00Z'],['Q82955'],"{'P18': ['John Halligan 2011.jpg'], 'P4690': ['John-Halligan.D.2011-03-09', '2315'], 'P373': ['John Halligan'], 'P2002': ['JohnHalligan'], 'P244': ['n2017034020'], 'P1331': ['7287'], 'P214': ['1392149844941602960006'], 'P646': ['/m/09gfcf6'], 'P10632': ['Q6237376'], 'P10832': ['E39PBJr7Vcrb3m3dpytjqbdxXd'], 'P8445': ['42619']}"
Q14574117,"John Halligan, Jr.",admiral of the United States Navy in the early 20th century,['Q5'],['Q30'],['Q1759693'],['+1876-05-04T00:00:00Z'],['Q189290'],"{'P535': ['58083319'], 'P18': ['John Halligan nh704a.jpg'], 'P646': ['/m/08w8y5'], 'P3368': ['1093457'], 'P1869': ['16559'], 'P1442': ['Grave of John Halligan.jpg'], 'P373': ['John Halligan, Jr.'], 'P12389': ['JohnHalligan/89276'], 'P2949': ['Halligan-434']}"
Q6237374,John Halligan,sportswriter,['Q5'],['Q30'],[],['+1942-00-00T00:00:00Z'],['Q26481809'],{'P646': ['/m/03hf_h0']}
Q6237371,John Halligan,Wikimedia disambiguation page,['Q22808320'],[],[],[],[],{}
Q48236402,Brian J. Hall,researcher,['Q5'],[],[],[],['Q1650915'],"{'P496': ['0000-0001-9358-2377'], 'P1153': ['35233416800'], 'P244': ['no2012043433'], 'P214': ['233356146'], 'P2456': ['170/4282'], 'P2798': ['605294'], 'P1053': ['B-7694-2016'], 'P10832': ['E39PBJxRy9dr9xKkRd9cbhRR8C']}"
Q124413971,Brian J. Hall,faculty at Harvard Business School,['Q5'],[],[],[],[],{}
Q112493160,Brian John Hall,,['Q5'],[],[],['+1981-00-00T00:00:00Z'],['Q39631'],"{'P691': ['mub2015883367'], 'P214': ['23197490'], 'P1207': ['n2013057344'], 'P1280': ['172942947'], 'P213': ['0000000040404238'], 'P269': ['149211953'], 'P227': ['1024066789'], 'P8189': ['987007323094205171'], 'P13591': ['person/e46bc4d4-e439-426a-944b-75a318b0bafe'], 'P1015': ['2055391'], 'P268': ['16255369c'], 'P8179': ['ncf11499627'], 'P5034': ['KAC202311610'], 'P244': ['n2009180250'], 'P1006': ['140548807']}"
Q63864594,Richard A. Luecke,"has written on a wide range of business subjects, has an M.B.A. from the Univ. of St. Thomas",['Q5'],['Q30'],[],['+1923-01-01T00:00:00Z'],"['Q7019111', 'Q2259532', 'Q4964182']","{'P1315': ['844439'], 'P950': ['XX1651861'], 'P3630': ['145474'], 'P5739': ['122587'], 'P1280': ['67168611'], 'P214': ['53532541'], 'P409': ['35154117'], 'P213': ['0000000063909044'], 'P227': ['136008240'], 'P244': ['n2003112624'], 'P269': ['098587579'], 'P349': ['00849414'], 'P949': ['004323005'], 'P1006': ['277137225'], 'P1015': ['4038059'], 'P1207': ['n2004090170'], 'P1368': ['000083227'], 'P1695': ['a0000001648334'], 'P4619': ['000498238'], 'P5034': ['KAC201763733'], 'P268': ['16567946k'], 'P1309': ['vtls002658188'], 'P7293': ['9810641365705606'], 'P3987': ['481482'], 'P8189': ['987007322603105171'], 'P10553': ['573548080'], 'P12458': ['1894'], 'P10832': ['E39PBJxmDcvJkP6CF9qFB7jjYP'], 'P13591': ['person/61a72ded-42bf-4154-aeff-4e0df0a166db'], 'P13906': ['221257'], 'P646': ['/m/05xzr1c']}"
Q25601729,historical register of persons,Norwegian database of past population,"['Q8513', 'Q7094076']",[],[],[],[],"{'P856': ['https://histreg.no/'], 'P2671': ['/g/11c0q_bwxr'], 'P6520': ['Historisk_befolkningsregister']}"
Q2447,hydrogen bromide,chemical compound,['Q113145171'],[],[],[],[],"{'P235': ['CPELXLSAUQHCOX-UHFFFAOYSA-N'], 'P662': ['260', '22169024'], 'P231': ['10035-10-6'], 'P232': ['233-113-0'], 'P657': ['MW3850000'], 'P683': ['47266'], 'P233': ['Br'], 'P234': ['InChI=1S/BrH/h1H'], 'P117': ['Bromwasserstoff.svg'], 'P695': ['1048'], 'P665': ['C13645'], 'P661': ['255'], 'P592': ['CHEMBL1231461'], 'P227': ['4289691-5'], 'P679': ['1060', '001060'], 'P1931': ['0331'], 'P1579': ['3587158'], 'P935': ['Hydrogen bromide'], 'P1417': ['science/hydrogen-bromide'], 'P2566': ['100.030.090'], 'P274': ['BrH'], 'P652': ['3IY7CNP8XJ'], 'P3345': ['1426869'], 'P3117': ['DTXSID0029713'], 'P373': ['Hydrogen bromide'], 'P3219': ['bromure-d-hydrogene'], 'P2924': ['1884440'], 'P5076': ['RD-02-02744'], 'P5220': ['0282'], 'P4342': ['hydrogenbromid'], 'P3073': ['56415'], 'P6366': ['2779039209'], 'P8408': ['HydrogenBromide'], 'P8494': ['DTXCID809713'], 'P8224': ['Hydrogen-bromide-elpot-transparent-3D-balls.png'], 'P646': ['/m/047786'], 'P7025': ['2524'], 'P244': ['sh89005875'], 'P2062': ['570'], 'P8189': ['987007534558005171'], 'P10283': ['C2779039209'], 'P11931': ['886'], 'P10565': ['485702'], 'P11089': ['641645'], 'P11514': ['bromovodorod-581686'], 'P13591': ['concept/be6bda26-1ddd-45e1-9e9d-6b17783c504c'], 'P2877': ['1872791', '182', '183'], 'P14541': ['2uid7z']}"
Q423245,hydrobromic acid,aqueous solution of hydrogen bromide,['Q906356'],[],[],[],[],"{'P227': ['4203952-6'], 'P2566': ['100.240.772'], 'P486': ['D018054'], 'P5076': ['RD-02-02745'], 'P1417': ['science/hydrobromic-acid'], 'P1296': ['0114256'], 'P6366': ['2778444112'], 'P117': ['Hydrobromic acid.svg'], 'P274': ['HBr'], 'P679': ['520039'], 'P646': ['/m/02vdm0'], 'P10283': ['C2778444112'], 'P2892': ['C0063075'], 'P672': ['D01.029.260.300', 'D01.139.300'], 'P12385': ['bromur-dhidrogen'], 'P231': ['10035-10-6']}"
Q62142165,LmxM.21.0250,Leishmania mexicana protein-coding gene,"['Q7187', 'Q8054']",[],[],[],[],"{'P3382': ['LmxM.21.0250'], 'P644': ['77908'], 'P645': ['79323']}"
Q62142102,LmxM.21.0240,Leishmania mexicana protein-coding gene,"['Q7187', 'Q8054']",[],[],[],[],"{'P3382': ['LmxM.21.0240'], 'P644': ['73629'], 'P645': ['75316']}"
Q130776002,Richard Pettinger,management scholar (1953-),['Q5'],[],[],['+1953-00-00T00:00:00Z'],"['Q89000321', 'Q188094', 'Q1622272']","{'P227': ['1046432354'], 'P13049': ['1046432354'], 'P213': ['000000011641015X'], 'P214': ['51309498'], 'P1015': ['90890855'], 'P8179': ['ncf11318898'], 'P8189': ['987007452734405171'], 'P244': ['no98088971'], 'P1368': ['000003423'], 'P271': ['DA08570614'], 'P691': ['pag2008464168'], 'P1375': ['000255633'], 'P1006': ['227159799'], 'P1207': ['n00079271'], 'P269': ['12138733X'], 'P1280': ['22864739'], 'P1005': ['1176489'], 'P3987': ['116931'], 'P9251': ['116296'], 'P11182': ['93150'], 'P6178': ['013142652523.42'], 'P11496': ['1140000791867584640'], 'P13591': ['person/fe71b103-04e1-4c00-9c3b-dca85d7a3779'], 'P14225': ['981005773722509366'], 'P496': ['0000-0002-7924-9380']}"
Q90101012,Richard Pettinger,researcher,['Q5'],[],[],[],['Q1650915'],{'P496': ['0000-0001-6820-1894']}
Q112387923,Gary Cokins,,['Q5'],[],[],['+1949-00-00T00:00:00Z'],[],"{'P691': ['xx0026047'], 'P214': ['9064241'], 'P213': ['0000000032508600'], 'P1207': ['n2011300810'], 'P244': ['n93111593'], 'P269': ['144651084'], 'P8189': ['987007453574105171'], 'P5034': ['KAC200803122'], 'P11182': ['22862'], 'P13591': ['person/7dcd546b-0aae-459b-a674-2eb79f4a1bd8']}"
Q130776205,Bernard Marr,,['Q5'],[],[],[],['Q70631379'],"{'P227': ['1072724308'], 'P13049': ['1072724308'], 'P213': ['0000000116811850'], 'P214': ['85289744'], 'P1207': ['n2005099494'], 'P396': ['PUVV382941']}"
Q117749923,Bernard Marr,Author,['Q5'],[],[],[],[],"{'P646': ['/m/05y1qpf'], 'P856': ['https://bernardmarr.com/'], 'P6634': ['bernardmarr'], 'P2888': ['https://www.forbes.com/sites/bernardmarr'], 'P2002': ['BernardMarr'], 'P2013': ['BernardWMarr'], 'P2003': ['bernard.marr'], 'P11245': ['bernardmarr'], 'P2397': ['UCWstLaT61QUc-TvfxOjNpFw']}"
Q112431907,Bernard Marrey,,['Q5'],['Q142'],[],"['+1932-00-00T00:00:00Z', '+1932-03-26T00:00:00Z']","['Q201788', 'Q2516866']","{'P691': ['xx0124027'], 'P214': ['76319731'], 'P1207': ['n2020210629'], 'P213': ['0000000083951805'], 'P244': ['n81089849'], 'P8189': ['987007457011605171'], 'P227': ['188457488'], 'P950': ['XX1356809'], 'P3987': ['501003'], 'P5508': ['13521'], 'P269': ['027011488'], 'P11249': ['14817860'], 'P10780': ['bernard-marrey'], 'P268': ['11914696j'], 'P13591': ['person/4290eb11-de66-445c-9064-3c8c12f72822'], 'P4491': ['marrey_bernard'], 'P9984': ['981058527026106706']}"
Q3428981,Bernard Marreau,,['Q5'],['Q142'],[],[],['Q2465611'],"{'P18': ['Marreau.jpg'], 'P2671': ['/g/1215jfph'], 'P373': ['Bernard Marreau']}"
Q133653173,,,['Q5'],[],[],['+1944-01-01T00:00:00Z'],['Q185351'],"{'P227': ['1282113526'], 'P213': ['0000000034576463'], 'P214': ['14484']}"
Q112529553,Dina Gray,,['Q5'],[],[],['+1963-00-00T00:00:00Z'],"['Q15978655', 'Q9379869', 'Q2994387', 'Q1622272']","{'P691': ['utb20191020284'], 'P214': ['23916757'], 'P213': ['0000000037781710'], 'P1207': ['n99014835'], 'P244': ['n98071838'], 'P8189': ['987007448510105171'], 'P3987': ['499893'], 'P269': ['099260131'], 'P11182': ['17906'], 'P12458': ['590204'], 'P1368': ['000153123'], 'P13591': ['person/a6cb5fad-faf2-43de-bca3-2afa0c1fdbb8'], 'P13906': ['1563129'], 'P7293': ['9810604699805606']}"
Q139371980,,,['Q5'],[],[],['+1936-01-01T00:00:00Z'],['Q16849727'],"{'P227': ['1145928145'], 'P13049': ['1145928145'], 'P213': ['000000006383381X'], 'P214': ['4901149198222774940003']}"
Q112446555,Bob Paladino,,['Q5'],[],[],['+1959-00-00T00:00:00Z'],['Q16849727'],"{'P691': ['vut2011674776'], 'P214': ['65899558'], 'P1207': ['n2012073295'], 'P213': ['0000000036604210'], 'P227': ['173903428'], 'P8189': ['987007342525205171'], 'P13591': ['person/61526f8c-d594-41ee-b4c8-be0edf4ae718']}"
Q112366479,Robert L. Mathis,1944-,['Q5'],[],[],['+1944-00-00T00:00:00Z'],['Q188094'],"{'P691': ['jn20011018950'], 'P214': ['43102760'], 'P213': ['0000000110595560'], 'P1207': ['n2002068040'], 'P244': ['n78090503'], 'P269': ['176933956'], 'P227': ['172251842'], 'P5034': ['KAC200802697'], 'P8189': ['987007424099605171'], 'P11182': ['190139'], 'P1368': ['000024438'], 'P13591': ['person/66749a23-914a-4dd5-a4f0-314b426821c4'], 'P13906': ['223564', '1627597']}"
Q93431301,David A. DeCenzo,,['Q5'],[],[],"['+1955-02-21T00:00:00Z', '+1955-00-00T00:00:00Z']",['Q188094'],"{'P213': ['0000000109062732'], 'P214': ['59326586'], 'P244': ['n86052078'], 'P1580': ['a1111255'], 'P1207': ['n97059030'], 'P5034': ['KAC201105801'], 'P7293': ['9810684499305606'], 'P8179': ['ncf10182745'], 'P691': ['jcu2012709638'], 'P8189': ['987007445043205171'], 'P269': ['073841315'], 'P227': ['124203981'], 'P9984': ['981058511792206706'], 'P11686': ['981058511792206706'], 'P3348': ['328903'], 'P3630': ['152475'], 'P8851': ['14858087'], 'P9251': ['22464', '114989'], 'P2188': ['105017'], 'P11158': ['2896'], 'P11155': ['99406'], 'P11193': ['5c18dd4a56972ccb3eb66e4d'], 'P1015': ['90750826'], 'P4619': ['000231857'], 'P268': ['145617240'], 'P7699': ['LNB:V*336829;=BR'], 'P271': ['DA02627162'], 'P1375': ['000382831'], 'P1006': ['102216517'], 'P3065': ['A008634850'], 'P11496': ['1140563741653823104'], 'P11182': ['23072'], 'P13591': ['person/398bd2dd-2a76-4f1e-90d0-0cda9ab8b88d'], 'P14225': ['981005797012809366']}"
Q71735155,Kenneth G. Brown,Psychologist; PhD Michigan State 1999,['Q5'],[],[],[],['Q1650915'],"{'P496': ['0000-0001-9428-9420'], 'P1153': ['55270222100'], 'P856': ['https://tippie.uiowa.edu/people/kenneth-g-brown']}"
Q22101652,Kenneth G. Brown,screenwriter,['Q5'],[],[],['+2000-00-00T00:00:00Z'],['Q28389'],"{'P345': ['nm0114010'], 'P646': ['/m/0j_yb06'], 'P6150': ['5530'], 'P4985': ['3956705'], 'P14750': ['3268-D160-62E9-BB57-818F']}"
Q1699398,John Bratton,Confederate Army general (1831-1898),['Q5'],['Q30'],['Q2317192'],['+1831-03-07T00:00:00Z'],['Q82955'],"{'P214': ['43678757'], 'P535': ['9506'], 'P227': ['1057615463'], 'P244': ['n2003087203'], 'P1157': ['B000772'], 'P2163': ['496777'], 'P646': ['/m/02vrpcp'], 'P3430': ['w6n58m72'], 'P213': ['0000000035814873'], 'P2949': ['Bratton-660'], 'P8462': ['brant-braxton.html#478.98.07'], 'P3368': ['959492'], 'P2600': ['6000000042550439517'], 'P11500': ['9776'], 'P10832': ['E39PBJyGTPrdmrHQfgCxbvrXh3'], 'P8445': ['202037'], 'P13591': ['person/a27c4141-bbc2-4588-b369-4e9e59436311'], 'P18': ['John Bratton.jpg']}"
Q112540449,John Bratton,,['Q5'],[],['Q473209'],['+1946-00-00T00:00:00Z'],['Q1622272'],"{'P691': ['mzk20191053551'], 'P214': ['63877511'], 'P213': ['0000000116581522'], 'P244': ['nr93006644'], 'P1207': ['n2008138563'], 'P1280': ['37481827'], 'P8189': ['987007605423805171'], 'P269': ['080481949'], 'P3987': ['594340'], 'P11182': ['63918'], 'P1368': ['000241094'], 'P13591': ['person/32754df2-878e-432c-80fd-500c005acd6a']}"
Q58207233,John Bratton,"researcher, ORCID id # 0000-0003-0376-4981",['Q5'],[],[],[],['Q1650915'],"{'P496': ['0000-0003-0376-4981'], 'P1153': ['35582672000'], 'P6178': ['01157003072.24'], 'P10861': ['01157003072.24']}"
Q100994214,John Bratton Stanley,(1799-1873),['Q5'],[],[],['+1799-05-18T00:00:00Z'],[],"{'P2600': ['6000000016475030892'], 'P2949': ['Stanley-10751']}"
Q112399272,Jeffrey Gold,,['Q5'],[],[],['+1955-00-00T00:00:00Z'],['Q188094'],"{'P691': ['vse2006344683'], 'P214': ['41085222'], 'P1207': ['n2008138713'], 'P213': ['0000000116272746'], 'P1280': ['37484899'], 'P8189': ['987007440211605171'], 'P3987': ['594341'], 'P244': ['n95037370'], 'P269': ['080482007'], 'P227': ['1089500963'], 'P11249': ['14253385'], 'P11182': ['62683'], 'P1368': ['000188476'], 'P13591': ['person/cb76a59b-cfb7-4f0d-948d-45497a746d9e']}"
Q42708202,Jeffrey Gold,researcher (ORCID 0000-0001-6683-9907),['Q5'],[],[],[],['Q1650915'],"{'P496': ['0000-0001-6683-9907'], 'P1153': ['7201492180']}"
Q346895,Jeffrey Goldstone,British theoretical physicist,['Q5'],"['Q145', 'Q30']",['Q18125'],['+1933-09-03T00:00:00Z'],['Q169470'],"{'P549': ['66814'], 'P646': ['/m/09d1s0'], 'P2070': ['11508'], 'P2930': ['J.Goldstone.1'], 'P2381': ['215895'], 'P1153': ['7102216578'], 'P2924': ['2366540'], 'P6551': ['11511024'], 'P4955': ['74835'], 'P4215': ['Jeffrey Goldstone'], 'P227': ['1212863410'], 'P214': ['6112159400272719620000'], 'P1556': ['goldstone.jeffrey'], 'P7902': ['1212863410'], 'P8313': ['Jeffrey_Goldstone'], 'P3368': ['1303392'], 'P11514': ['goldstoun-dzheffri-b1dc0b'], 'P8880': ['34172'], 'P6178': ['012374567205.25'], 'P9964': ['1212863410']}"
Q6176005,Jeffrey Goldberg,American journalist (born 1965),['Q5'],"['Q30', 'Q801']",['Q18419'],"['+1965-09-01T00:00:00Z', '+1965-09-22T00:00:00Z']","['Q36180', 'Q1930187', 'Q8246794']","{'P214': ['39698497'], 'P213': ['0000000066621193'], 'P345': ['nm3059463'], 'P1006': ['299133664'], 'P244': ['n2006014877'], 'P18': ['Jeffrey Goldberg 2013 (1301030-M-EV637-116).jpg'], 'P2190': ['jeffreygoldberg'], 'P2163': ['1636382'], 'P2002': ['JeffreyGoldberg'], 'P646': ['/m/0h7y33'], 'P3417': ['Jeffrey-Goldberg-3'], 'P269': ['076725022'], 'P268': ['15594108k'], 'P6005': ['jeffreygoldberg'], 'P6791': ['jeffrey-goldberg'], 'P227': ['1146874006'], 'P7293': ['9810695322205606'], 'P8189': ['987007301537005171'], 'P9743': ['107aDtv9Qw'], 'P10660': ['92972'], 'P373': ['Jeffrey Goldberg'], 'P6424': ['The Atlantic'], 'P1015': ['2007797'], 'P8179': ['ncf11452356'], 'P1207': ['n2021160099'], 'P3065': ['A013675168'], 'P10832': ['E39PBJwxJYMF7j9dF6dTPHfcyd'], 'P2734': ['GoldbergJeffrey'], 'P6327': ['63038'], 'P9802': ['10350'], 'P989': ['Wikipedia - Jeffrey Goldberg.mp3'], 'P6640': ['903492'], 'P1617': ['62cef847-c0b2-4d69-b895-993d58dd6ce9'], 'P12361': ['jeffreygoldberg.bsky.social'], 'P13591': ['person/664b6b6c-960f-45a4-a6e8-a62f8f673f19'], 'P396': ['TO0V596940'], 'P8168': ['Q1775203'], 'P14750': ['A6A2-B0F9-D82F-8890-7AC8']}"
Q100304170,Jeffrey P. Gold,member or fellow of the New York Academy of Medicine,['Q5'],[],[],[],[],{}
Q85409823,Wendell L. French,,['Q5'],[],[],['+1923-01-01T00:00:00Z'],['Q188094'],"{'P1580': ['a1361577'], 'P214': ['110517084'], 'P227': ['108792757'], 'P244': ['n50025429'], 'P269': ['092154964'], 'P1015': ['4109333'], 'P1207': ['n99011169'], 'P1006': ['069614679'], 'P213': ['0000000122841255'], 'P5361': ['FrenchWendellL1923-'], 'P5739': ['29223'], 'P1309': ['vtls000968078'], 'P5034': ['KAC2018N8806'], 'P3987': ['128410'], 'P9984': ['981058518125206706'], 'P8189': ['987007592400405171'], 'P11686': ['981058518125206706'], 'P11182': ['70534'], 'P12458': ['37373'], 'P10832': ['E39PBJbM6VFkcx4rct7P4kwV4q'], 'P13049': ['108792757'], 'P13591': ['person/d6b46b1c-8313-4167-a2a4-51261239c46e'], 'P13951': ['467340']}"
Q112436490,LLoyd L. Byars,,['Q5'],[],[],['+1940-00-00T00:00:00Z'],['Q188094'],"{'P691': ['utb2011622295'], 'P214': ['109130246'], 'P213': ['0000000110033453'], 'P244': ['n79058596'], 'P269': ['107949504'], 'P1207': ['n96001203'], 'P1280': ['27875427'], 'P8189': ['987007447430105171'], 'P3987': ['493561'], 'P227': ['134174143'], 'P11496': ['1140000791593080448'], 'P271': ['DA01616717'], 'P11182': ['35395'], 'P13951': ['566636']}"
Q109832605,John M. Ivancevich,,['Q5'],[],[],['+1939-01-01T00:00:00Z'],['Q188094'],"{'P691': ['vse2006327317'], 'P1207': ['n94207431'], 'P213': ['0000000109743423'], 'P214': ['55421369'], 'P227': ['136523137'], 'P244': ['n79055230'], 'P269': ['081263678'], 'P349': ['00902930'], 'P1015': ['90219157'], 'P1368': ['000034484'], 'P1006': ['068204256'], 'P8851': ['53292297'], 'P3987': ['106144'], 'P1280': ['36943203'], 'P8189': ['987007447184305171'], 'P11496': ['1140563741530147456'], 'P271': ['DA00381811'], 'P11182': ['15751'], 'P10387': ['136431'], 'P13591': ['person/02bd9aa0-bf53-4109-a0ec-840ae8497df9'], 'P9322': ['p0012177-Ivancevich-John-M-19392009']}"
Q112427086,Monica Belcourt,,['Q5'],[],[],['+1946-00-00T00:00:00Z'],['Q121594'],"{'P691': ['mzk2010566857'], 'P214': ['120104155'], 'P10387': ['29069'], 'P9322': ['p0071091-Belcourt-Monica-1946']}"
Q122212367,Pieter Nel,business academic at Unitec in New Zealand,['Q5'],[],[],[],['Q3400985'],"{'P2038': ['Pieter-Nel-4'], 'P6634': ['pieter-nel-5154ba35']}"
Q84510289,Pieter W Nel,researcher,['Q5'],[],[],[],"['Q1650915', 'Q212980']","{'P496': ['0000-0003-1755-2031'], 'P1153': ['14039500800'], 'P856': ['https://researchprofiles.herts.ac.uk/portal/en/persons/pieter-nel(3e730012-3cee-4a9c-a358-96c725ce25a0).html']}"
Q90664647,Pieter Nelis,researcher (ORCID 0000-0001-8616-9664),['Q5'],[],[],[],['Q1650915'],{'P496': ['0000-0001-8616-9664']}
Q42293394,Pieter Neleman,Dutch jurist,['Q5'],['Q29999'],['Q34370'],['+1936-07-10T00:00:00Z'],['Q185351'],"{'P214': ['52966859'], 'P1006': ['068000154'], 'P213': ['0000000021485917'], 'P244': ['n79089306'], 'P2671': ['/g/11gc9gdwvy'], 'P973': ['https://archive.ph/UnKh8#selection-181.0-181.14'], 'P10832': ['E39PBJj4xTQ4KKvJRw4VyqTyh3']}"
Q133335999,,,['Q5'],[],[],['+1989-01-01T00:00:00Z'],[],"{'P227': ['1156299101'], 'P13049': ['1156299101'], 'P214': ['1152449298006342462']}"
Q137848812,,academic in management and organizational behavior at Florida State University,['Q5'],[],[],[],"['Q1650915', 'Q1622272']",{'P10283': ['A5049565348']}
Q117236858,K. Michele Kacmar,researcher,['Q5'],[],[],[],['Q1650915'],{}
Q139463264,,,['Q5'],[],[],[],"['Q1622272', 'Q2994387']",{'P691': ['mzk20191052681']}
Q139455643,,,['Q5'],[],[],[],['Q1622272'],{'P691': ['utb20181005272']}
Q52820031,Tim Claydon,,['Q5'],[],[],[],['Q2490358'],"{'P5068': ['1936253'], 'P12674': ['Q83350']}"
Q83190893,Raymond A Noe,researcher,['Q5'],[],[],[],"['Q1650915', 'Q1622272', 'Q212980']","{'P496': ['0000-0003-1915-9508'], 'P3987': ['323351'], 'P214': ['33576060'], 'P1015': ['97045027'], 'P4619': ['000340048'], 'P8179': ['ncf10533349'], 'P227': ['1105669777'], 'P3348': ['192598'], 'P213': ['0000000116172729'], 'P8189': ['987007450451505171'], 'P5034': ['KAC201002702'], 'P244': ['n88640444'], 'P271': ['DA08509023'], 'P691': ['utb2011619848'], 'P1375': ['000378867'], 'P1006': ['292793480'], 'P3065': ['A020243205'], 'P269': ['120844362'], 'P1207': ['n2003065578'], 'P9984': ['981058590961706706'], 'P11496': ['1140282266761067776'], 'P11686': ['981058590961706706'], 'P11182': ['90864'], 'P10832': ['E39PBJxcVtptC6hWDYfxpymcfq'], 'P13591': ['person/f07b8c88-a550-4669-87ff-f92dfef73b00'], 'P10283': ['A5035539519'], 'P14225': ['981005796123809366']}"
Q88452698,Paul E Smith,researcher (ORCID 0000-0002-5565-3274),['Q5'],[],[],[],['Q1650915'],{'P496': ['0000-0002-5565-3274']}
Q96229845,Paul E Smith,researcher ORCID 0000-0002-6663-0422,['Q5'],[],[],[],['Q1650915'],"{'P496': ['0000-0002-6663-0422'], 'P2798': ['944693']}"
Q56954539,Chris Brewster,researcher,['Q5'],[],[],['+1947-01-13T00:00:00Z'],"['Q1650915', 'Q832136', 'Q1622272', 'Q188094']","{'P496': ['0000-0001-5314-1518'], 'P1153': ['7004000738'], 'P244': ['n85349921'], 'P227': ['11393260X'], 'P213': ['0000000124258776'], 'P214': ['205191202'], 'P1580': ['a1363071'], 'P1006': ['073095796'], 'P1207': ['n97002946'], 'P269': ['033245142'], 'P7293': ['9810583889705606'], 'P856': ['http://www.henley.ac.uk/people/person/professor-chris-brewster/'], 'P1280': ['37122915'], 'P8189': ['987007454961205171'], 'P268': ['12413109f'], 'P11496': ['1140282266733742080'], 'P271': ['DA02102238'], 'P11249': ['14240958'], 'P9984': ['981058519054406706'], 'P11686': ['981058519054406706'], 'P11182': ['24086'], 'P6178': ['011132212337.70'], 'P10832': ['E39PBJrKRcXkcxfhQjGtBMbrv3'], 'P13591': ['person/af728a4c-e0d9-480e-98af-58dabc45e4a0'], 'P691': ['vut2011657463'], 'P13049': ['11393260X'], 'P13906': ['214688']}"
Q141520728,,Canadian long-distance runner (born 1963),['Q5'],[],[],['+1963-10-17T00:00:00Z'],['Q4439155'],"{'P1146': ['14357922'], 'P3884': ['7416'], 'P13725': ['61290']}"
Q439109,Guy Moon,American composer (1962–2026),['Q5'],['Q30'],['Q1570350'],['+1962-02-07T00:00:00Z'],"['Q36834', 'Q1415090', 'Q33999']","{'P345': ['nm0600615'], 'P244': ['no96052902'], 'P214': ['87045640'], 'P646': ['/m/06rfvb'], 'P213': ['0000000354903435'], 'P7704': ['agent/base/155430'], 'P950': ['XX1280161'], 'P4985': ['56889'], 'P7293': ['9810701612605606'], 'P10302': ['gay-mun'], 'P8334': ['258578'], 'P12098': ['328273'], 'P434': ['45d95d82-5f47-46f3-9319-0e34dd21c25a'], 'P9662': ['50878'], 'P12854': ['5dcd37c9c6eb67001f224dc0'], 'P13591': ['person/470ddcdc-8447-4717-b43b-0c97839a6117'], 'P2003': ['guymoonmusic'], 'P2013': ['GuyMoonMusic'], 'P227': ['1386476552'], 'P2605': ['295707'], 'P14750': ['C915-4675-B6CF-0028-AC05']}"
Q76058855,Guy Fitzpatrick Roger Vernon,(1878-1914),['Q5'],[],[],['+1878-10-08T00:00:00Z'],[],{'P4638': ['p50161.htm#i501610']}
Q19902707,A Masque of Poets,published 1878,['Q7725634'],[],[],[],[],"{'P373': ['A Masque of Poets'], 'P724': ['amasquepoetsinc02dickgoog'], 'P1957': ['https://en.wikisource.org/wiki/Index:A_masque_of_poets_1878.djvu'], 'P996': ['A masque of poets 1878.djvu'], 'P18': ['Houghton 72S-700 - Masque of Poets, title.jpg'], 'P675': ['h3zUFsap3yEC'], 'P646': ['/m/01295wyx']}"
Q4120771,Guy Lewis,American basketball player and coach (1922-2015),['Q5'],['Q30'],['Q977081'],['+1922-03-19T00:00:00Z'],"['Q3665646', 'Q5137571']","{'P646': ['/m/08m8yg'], 'P18': ['Guy Lewis, circa 1972.png'], 'P3646': ['guy-v-lewis'], 'P4560': ['guy-lewis'], 'P4751': ['guy-lewis-1'], 'P8777': ['4082']}"
Q5622596,Vernon Smith,British bishop (1880–1957),['Q5'],[],[],"['+1880-10-15T00:00:00Z', '+1880-00-00T00:00:00Z']","['Q208762', 'Q3409375', 'Q29182']","{'P1816': ['mp76441'], 'P214': ['56987308'], 'P213': ['0000000424563078'], 'P244': ['no2015116070'], 'P1207': ['n2014180140'], 'P646': ['/m/04zygkf'], 'P10832': ['E39PBJvHhtHMgVqwV7HDYfKmVC'], 'P227': ['1280540915'], 'P18': ['Guy Vernon Smith, negative, 1929 (Lafayette; NPG x70082).png']}"
Q124643389,Ronan Carbery,,['Q5'],[],[],[],['Q1622272'],"{'P691': ['xx0280518'], 'P213': ['0000000052018051'], 'P496': ['0000-0001-8836-2038'], 'P214': ['78744797'], 'P13591': ['person/e2bd24b7-2851-4b9b-a850-d8320375df6d']}"
Q65964799,Christine Crossley,badminton player,['Q5'],['Q145'],[],['+1953-02-17T00:00:00Z'],['Q13141064'],"{'P2729': ['2BF95086-558F-4737-8D81-C71AE910FCBB'], 'P3620': ['89719'], 'P373': ['Christine Crossley'], 'P2671': ['/g/11hzlzhcs5'], 'P18': ['FOU04250.jpg']}"
Q64605245,christine cross,researcher ORCID 0000-0002-6582-7936,['Q5'],[],[],[],['Q1650915'],"{'P496': ['0000-0002-6582-7936'], 'P1153': ['12140190300'], 'P1053': ['C-9709-2019']}"
Q139100649,,,['Q5'],[],['Q3874'],['+1981-08-25T00:00:00Z'],[],"{'P227': ['136817297'], 'P213': ['0000000058401668'], 'P214': ['81099092']}"
Q117260095,Jonathan Crawshaw,researcher,['Q5'],[],[],[],['Q1650915'],{}
Q104448838,Ann Davis,American model,['Q5'],[],['Q1925076'],['+1938-06-17T00:00:00Z'],"['Q4610556', 'Q728711']",{'P646': ['/m/0c6zz_']}
Q112558562,Ann Davis,,['Q5'],[],[],['+1946-00-00T00:00:00Z'],"['Q6430706', 'Q780596', 'Q4164507']","{'P691': ['mub20211117348'], 'P214': ['29662054'], 'P227': ['1097231372'], 'P8189': ['987007409464305171'], 'P13049': ['1097231372'], 'P213': ['0000000120230987']}"
Q443015,Ann B. Davis,American actress (1926-2014),['Q5'],['Q30'],['Q331380'],['+1926-05-03T00:00:00Z'],"['Q33999', 'Q10800557', 'Q10798782']","{'P214': ['21707009'], 'P373': ['Ann B. Davis'], 'P244': ['no91016515'], 'P345': ['nm0002036'], 'P18': ['Ann B. Davis 1973.jpg'], 'P646': ['/m/09rq7_'], 'P1220': ['89857'], 'P1266': ['179650'], 'P2019': ['p17292'], 'P2168': ['136484'], 'P2163': ['288255'], 'P1417': ['biography/Ann-B-Davis'], 'P2604': ['96917'], 'P2605': ['148695'], 'P2435': ['158213'], 'P2949': ['Davis-5936'], 'P3430': ['w6hv7b8g'], 'P1263': ['178/000023109'], 'P535': ['130713720'], 'P213': ['0000000043082684'], 'P2600': ['6000000026404060023'], 'P5033': ['132203'], 'P8094': ['davisa'], 'P5421': ['80854'], 'P4985': ['125110'], 'P8381': ['ann-b-davis'], 'P10302': ['ann-b-davis'], 'P12098': ['51167'], 'P10832': ['E39PBJwRR8DBXQgfJWpd3Q4H4q'], 'P9662': ['129719'], 'P5773': ['ann-b-davis'], 'P13591': ['person/76604952-1dbe-4c2c-b386-cb179a0d46ce'], 'P7184': ['09rq7_'], 'P14750': ['BC4D-0557-77D3-B7FF-B97A']}"
Q75679574,Ann Katherine Mary Bennison,(born 1955),['Q5'],[],[],['+1955-07-15T00:00:00Z'],[],{'P4638': ['p28573.htm#i285722']}
Q75765277,Ann Davis,(1630-1708),['Q5'],[],[],['+1630-01-01T00:00:00Z'],[],"{'P4638': ['p32252.htm#i322520'], 'P2949': ['Davis-56975']}"
Q139455293,,,['Q5'],[],[],[],['Q1622272'],{'P691': ['jcu20181002619']}
Q112523532,Patrick M. Wright,,['Q5'],[],[],['+1960-00-00T00:00:00Z'],['Q1622272'],"{'P691': ['jcu20181002638'], 'P214': ['55859866'], 'P213': ['0000000109747440'], 'P244': ['n95047594'], 'P269': ['120844540'], 'P227': ['170966461'], 'P8189': ['987007421976805171'], 'P11182': ['88044'], 'P5034': ['KAC201002705'], 'P13591': ['person/0a1eac2c-4b36-4fa2-a035-eec70e1ad28b'], 'P7293': ['9810535463205606']}"
Q7028162,Nick Wilton,actor and Scriptwriter,['Q5'],['Q145'],['Q2335729'],['+1957-03-08T00:00:00Z'],"['Q33999', 'Q10798782', 'Q7131885']","{'P345': ['nm0934360'], 'P2605': ['282519'], 'P646': ['/m/0gvr8nn'], 'P2002': ['n1ckwilton'], 'P856': ['http://www.nickwilton.co.uk/', 'https://nickwilton.com/'], 'P1712': ['person/nick-wilton'], 'P6634': ['nick-wilton-21913834'], 'P2397': ['UCh-BwrknPaB7l7LpEhOTnVA'], 'P4985': ['3771249'], 'P10302': ['nick-wilton'], 'P5284': ['1033396'], 'P3368': ['2101079'], 'P12098': ['920646'], 'P10895': ['Nick-Wilton'], 'P12836': ['27239140'], 'P11245': ['ntwictv'], 'P14750': ['7CA8-2A40-9C6C-9AAB-CE96']}"
Q21066544,Nick Wilton,Australian rules footballer,['Q5'],[],[],['+1958-02-24T00:00:00Z'],['Q13414980'],"{'P3546': ['11195'], 'P3547': ['N/Nick_Wilton'], 'P2671': ['/g/11bwdpvr1x'], 'P3368': ['2099535']}"
Q5495821,Fred Luthans,American academic,['Q5'],['Q30'],['Q676421'],['+1939-06-28T00:00:00Z'],['Q1622272'],"{'P214': ['37087323'], 'P213': ['0000000108886190'], 'P2163': ['35705'], 'P244': ['n79055781'], 'P2381': ['63573'], 'P227': ['170131327'], 'P1006': ['069719837'], 'P3987': ['111255'], 'P269': ['05083732X'], 'P268': ['13595610g'], 'P691': ['vse2008429854'], 'P5034': ['KAC201216809'], 'P1580': ['a1214950'], 'P1207': ['n97035885'], 'P646': ['/m/05ww5j1'], 'P9984': ['981058517480806706'], 'P8189': ['987007435309505171'], 'P3368': ['669033'], 'P11496': ['1140282266783348224'], 'P271': ['DA0151121X'], 'P11686': ['981058517480806706'], 'P11182': ['1694'], 'P12458': ['408810'], 'P10832': ['E39PBJrWFhWWVHFK48XFDg9JjC'], 'P1368': ['000005772'], 'P13591': ['person/59953fa4-17f7-4c84-bb11-ecec1c942551'], 'P13862': ['fred-luthans']}"
Q4762900,Angelo Kinicki,American academic,['Q5'],[],[],[],['Q36180'],"{'P213': ['000000003712821X'], 'P269': ['110922603'], 'P244': ['n88021262'], 'P214': ['1549593'], 'P1015': ['90911684'], 'P1207': ['n97036194'], 'P1368': ['000034353'], 'P1006': ['182146537'], 'P3987': ['304305'], 'P2038': ['Angelo_Kinicki'], 'P691': ['jcu2013773291'], 'P18': ['Kinicki Angelo.jpg'], 'P646': ['/m/027r7m4'], 'P1280': ['11156067'], 'P8189': ['987007457708805171'], 'P11182': ['24285'], 'P10832': ['E39PBJjmWDVWMMhkFyjryf3bBP'], 'P13591': ['person/7def6365-a0a0-4592-aa31-064843c64f80'], 'P12458': ['941730']}"
Q1603059,Hellriegel,family name,['Q101352'],[],[],[],[],"{'P3878': ['H462'], 'P3879': ['05745'], 'P3880': ['ARK111'], 'P373': ['Hellriegel (surname)'], 'P6597': ['6593'], 'P4839': ['Entity[""Surname"", ""Hellriegel""]'], 'P3370': ['HELLRIEGEL'], 'P9644': ['HELLRIEGEL'], 'P8168': ['Q548254'], 'P5452': ['hellriegel']}"
Q27963571,Standschütze Hellriegel M1915,Austro-Hungarian water-cooled submachine gun produced during World War I in very limited prototype numbers,['Q15142894'],[],[],[],[],"{'P18': ['Brzostrelka Hellriegel - 1.jpg'], 'P373': ['Standschütze Hellriegel M1915'], 'P2671': ['/g/11cs5kjrs7']}"
Q27605381,"Hellriegel, Hermann",entry in the Allgemeine Deutsche Biographie,['Q19389637'],[],[],[],[],"{'P478': ['50'], 'P304': ['169–171']}"
Q103862003,"Hellriegel, Martin Balthasar (1890-1981), clergyman",encyclopedia article,['Q13433827'],[],[],[],[],"{'P2093': ['William Barnaby Faherty'], 'P356': ['10.1093/ANB/9780198606697.ARTICLE.0802191']}"
Q111255738,Hellriegelstraße,"street in Steglitz-Zehlendorf district, Berlin, Germany",['Q79007'],[],[],[],[],"{'P10451': ['01926'], 'P373': ['Hellriegelstraße (Berlin-Dahlem)']}"
Q118874081,John W. Newstrom,American economist and business scholar,['Q5'],['Q30'],[],[],"['Q188094', 'Q1622272', 'Q96926345']","{'P950': ['XX1724005'], 'P214': ['7481981'], 'P244': ['n80014435'], 'P268': ['12440871p'], 'P269': ['033551790'], 'P1015': ['90194969'], 'P1207': ['n98028516'], 'P1368': ['000032253'], 'P1006': ['073026808'], 'P213': ['0000000110206289'], 'P7293': ['9810539208405606'], 'P3987': ['594295'], 'P4619': ['000626680'], 'P9984': ['981058517664706706'], 'P8179': ['ncf11184378'], 'P1309': ['vtls002643382'], 'P8189': ['987007436802405171'], 'P271': ['DA00800528'], 'P691': ['xx0250457'], 'P409': ['35385698'], 'P1375': ['000592050'], 'P3065': ['A020227587'], 'P11496': ['1140845216690717952'], 'P11182': ['7369'], 'P14225': ['981005706468809366']}"
Q139482667,,,['Q5'],[],[],['+1943-01-01T00:00:00Z'],['Q1622272'],"{'P691': ['hka20221158571'], 'P213': ['0000000117413758'], 'P1207': ['n97029594'], 'P214': ['8680010'], 'P227': ['170235068'], 'P1368': ['000054265']}"
Q139449355,,,['Q5'],[],[],[],"['Q1622272', 'Q188094', 'Q212980']",{'P691': ['mub2017951488']}
Q112475787,Debra L. Nelson,,['Q5'],[],[],['+1956-00-00T00:00:00Z'],['Q1231865'],"{'P691': ['osd2014812392'], 'P214': ['12534955'], 'P213': ['0000000108710777'], 'P1207': ['n2004091712'], 'P1280': ['73847139'], 'P244': ['n88246091'], 'P268': ['14493700x'], 'P269': ['15726730X'], 'P227': ['17019521X'], 'P11249': ['13993863'], 'P5034': ['KAC201003283'], 'P8189': ['987007427056305171'], 'P13591': ['person/fddceb58-1fc3-493e-b3f5-a831c17874d4']}"
Q139468506,,,['Q5'],[],[],[],"['Q188094', 'Q2462658', 'Q1622272']",{'P691': ['mub20201081550']}
Q139468507,,,['Q5'],[],[],[],"['Q188094', 'Q2462658', 'Q1622272']",{'P691': ['mub20201081551']}
Q139468508,,,['Q5'],[],[],[],"['Q188094', 'Q212980']",{'P691': ['mub20201081558']}
Q112374268,Richard M. Steers,American economist,['Q5'],['Q30'],[],"['+1944-00-00T00:00:00Z', '+1944-12-14T00:00:00Z']","['Q188094', 'Q1622272', 'Q482980', 'Q1607826']","{'P691': ['ola2003169660'], 'P244': ['n78080937'], 'P2163': ['27682'], 'P214': ['109826953'], 'P1315': ['983123'], 'P1607': ['1113877'], 'P1280': ['60371043'], 'P271': ['DA02592465'], 'P2381': ['547406'], 'P1207': ['n97036743'], 'P8848': ['4775014'], 'P5034': ['KAC199636709'], 'P7293': ['9810607635905606'], 'P3987': ['105687'], 'P6178': ['015011606537.20', '012726137657.67'], 'P9247': ['119856'], 'P10518': ['99665'], 'P409': ['35521718'], 'P349': ['01025540'], 'P1015': ['90066725'], 'P268': ['12296744n'], 'P8179': ['ncf12090686'], 'P213': ['0000000110822671'], 'P8189': ['987007268388905171'], 'P1368': ['000011237'], 'P1375': ['000023606'], 'P1006': ['070330034'], 'P3065': ['A003860035'], 'P269': ['031824501'], 'P227': ['170200116'], 'P1695': ['a0000002795950'], 'P6329': ['963409'], 'P1153': ['6603477594'], 'P4012': ['68984707', '11286959', '2099730400'], 'P646': ['/m/05wqznf'], 'P4862': ['B001IXOCZC'], 'P2038': ['Richard-Steers-2'], 'P2963': ['402533'], 'P648': ['OL230982A'], 'P7400': ['steersrichardm'], 'P6366': ['2287837694'], 'P10283': ['A2287837694'], 'P11249': ['13980914'], 'P11496': ['1140563741783281024'], 'P12458': ['640534'], 'P10832': ['E39PCjy6CTDWvyq3dbMyKm64mb'], 'P13591': ['person/fde98abf-8d45-4561-9abe-e87218ee86d4'], 'P13906': ['9340'], 'P14225': ['981005682101409366']}"
Q87137758,Robert G. Owens Jr.,US Marine Corps general,['Q5'],['Q30'],['Q574192'],['+1917-02-13T00:00:00Z'],"['Q1402561', 'Q47064', 'Q7890793', 'Q2095549']","{'P18': ['Photograph of U.S. Marine Corps Major Robert G. Owens, Jr.jpg'], 'P2671': ['/g/11j8zx8x6j'], 'P373': ['Robert G. Owens Jr.']}"
Q107395086,Dorothy Marcic,American dramatist,['Q5'],[],[],[],"['Q214917', 'Q36180', 'Q1622272']","{'P345': ['nm2438277'], 'P10302': ['dorothy-marcic'], 'P691': ['mzk20241233078'], 'P214': ['1299172278387512660007'], 'P646': ['/m/05xh9fc'], 'P14750': ['FB77-95D4-C8CF-4DAB-E3B1']}"
Q133720868,,,['Q5'],[],[],['+1949-01-01T00:00:00Z'],[],"{'P227': ['171174658'], 'P213': ['0000000117189952'], 'P1207': ['n01025605'], 'P13591': ['person/34987c2e-225d-4d8a-b5fc-866c4cee98a4'], 'P214': ['164774638'], 'P7902': ['171174658']}"
Q790,Haiti,country in the Caribbean Sea,"['Q3624078', 'Q112099', 'Q6256']",[],[],[],[],"{'P1036': ['2--7294'], 'P94': ['Coat of arms of Haiti.svg'], 'P41': ['Flag of Haiti.svg', 'Flag of Haiti (1964–1986).svg'], 'P297': ['HT'], 'P298': ['HTI'], 'P299': ['332'], 'P373': ['Haiti'], 'P474': ['+509'], 'P242': ['Haiti (orthographic projection).svg', 'LocationHaiti.svg'], 'P948': ['Canaan (Haiti) banner.jpg'], 'P349': ['00562822'], 'P856': ['http://www.presidence.ht/', 'http://primature.gouv.ht/'], 'P984': ['HAI'], 'P982': ['cf25d306-7da5-3878-a2b1-a0370f847308'], 'P646': ['/m/03gyl'], 'P901': ['HA'], 'P1566': ['3723988'], 'P227': ['4022974-9'], 'P244': ['n79053108'], 'P268': ['15304382b'], 'P898': ['hɑˈɪtɪ'], 'P2258': ['372'], 'P3221': ['destination/haiti'], 'P3106': ['world/haiti'], 'P3417': ['Haiti'], 'P3422': ['99410'], 'P213': ['000000040466965X'], 'P3612': ['pays/haiti'], 'P3916': ['concept783'], 'P2347': ['109294'], 'P1667': ['7005502'], 'P3911': ['17783-6'], 'P402': ['307829'], 'P395': ['RH'], 'P1225': ['10044783'], 'P3241': ['07114a'], 'P4212': ['pcrtX8Wmcv957j'], 'P3984': ['haiti'], 'P4427': ['760'], 'P486': ['D006205'], 'P2581': ['00042567n'], 'P2924': ['2340307'], 'P3219': ['haiti'], 'P2979': ['336'], 'P5180': ['haiti'], 'P3896': ['Data:Haiti.map'], 'P5019': ['haiti'], 'P5198': ['294914986'], 'P2163': ['1205135'], 'P1617': ['9c16f33a-060a-470f-81cc-4ee34212d92a'], 'P3006': ['8639'], 'P2004': ['44321'], 'P3743': ['2.16.332'], 'P5573': ['6033'], 'P949': ['000975342'], 'P691': ['ge134199'], 'P3175': ['uht'], 'P3024': ['HTI'], 'P214': ['128919997'], 'P3068': ['HT'], 'P5698': ['108453'], 'P5905': ['4020-55946'], 'P487': ['🇭🇹'], 'P5250': ['1313'], 'P6573': ['Haiti'], 'P4801': ['countries/ht', 'geographicAreas/nwht'], 'P3500': ['217921'], 'P1296': ['0031995'], 'P6766': ['85632433'], 'P5002': ['161455'], 'P6849': ['haiti'], 'P6404': ['haiti'], 'P1245': ['5750'], 'P902': ['003385'], 'P5400': ['gu0XS4'], 'P7870': ['13722'], 'P443': ['Lb-Haiti.ogg', 'LL-Q7913 (ron)-KlaudiuMihaila-Haiti.wav', 'LL-Q652 (ita)-Francyskus-Haiti.wav', 'LL-Q33573 (kin)-Adygrafix250-Hayiti.wav'], 'P5437': ['1228'], 'P8408': ['Haiti'], 'P8406': ['T036174'], 'P8370': ['1002808'], 'P8365': ['10042313'], 'P8072': ['85168'], 'P672': ['Z01.107.084.900.425', 'Z01.639.880.425'], 'P5843': ['Haiti'], 'P8826': ['H0006783'], 'P1438': ['11009'], 'P4613': ['28169'], 'P4527': ['10592'], 'P5456': ['haiti'], 'P9100': ['haiti'], 'P8814': ['08769150-n', '08769327-n'], 'P7471': ['7526'], 'P8168': ['Q176240'], 'P7850': ['T84-233'], 'P9368': ['haiti'], 'P9757': ['5201'], 'P9948': ['haiti'], 'P7775': ['Haiti'], 'P8189': ['987007561807605171'], 'P4342': ['Haiti'], 'P9084': ['haiti'], 'P10235': ['haiti'], 'P9957': ['11520'], 'P9937': ['14134'], 'P8309': ['18-180706'], 'P6293': ['Y109294'], 'P10291': ['48777'], 'P6385': ['strany_mira/GAITI.html'], 'P8313': ['Haiti'], 'P6200': ['c207p54m4jqt'], 'P2082': ['332'], 'P7305': ['4169049'], 'P269': ['026583453', '027484319'], 'P7127': ['haiti'], 'P9495': ['geo/CD12875F-5B31-48DD-BF26-025D2223982A'], 'P11012': ['Q3215'], 'P2572': ['Haiti'], 'P11137': ['haiti'], 'P3222': ['haiti'], 'P8483': ['E25'], 'P6778': ['00003953'], 'P8885': ['아이티'], 'P11693': ['424297281'], 'P10565': ['529005'], 'P6621': ['Haïti'], 'P18': ['ISS020-E-43300 - View of Haiti.jpg'], 'P11835': ['726'], 'P11897': ['HAI'], 'P6900': ['ハイチ'], 'P9475': ['E0034390'], 'P10832': ['E39PBJt8d7gKPv6RfPWf8hppT3'], 'P1417': ['place/Haiti'], 'P12086': ['Haïti'], 'P12385': ['haiti'], 'P10326': ['14364', '30503'], 'P6213': ['P5XtT3M1'], 'P12749': ['Q1209'], 'P12800': ['es:Haití', 'ca:Haití', 'fr:Haïti'], 'P8988': ['osm&id=332'], 'P7502': ['Haiti-3X4V'], 'P8519': ['2252'], 'P13030': ['country/30'], 'P13061': ['12346687'], 'P1248': ['aa512bd7-eeb0-45a8-8748-33a26581b818'], 'P9346': ['haïti'], 'P13300': ['haiti'], 'P13317': ['haiti'], 'P11408': ['ハイチ'], 'P11947': ['haiti@lemmy.world'], 'P13389': ['haiti'], 'P13390': ['haiti'], 'P12515': ['4072761'], 'P13202': ['haiti'], 'P13440': ['6441'], 'P5063': ['i82878'], 'P11924': ['haiti'], 'P13591': ['concept/3c02e100-9b89-4931-82a8-7ec7c8ea190f'], 'P2983': ['HAI'], 'P13803': ['HTI'], 'P2503': ['object_406430'], 'P13956': ['0509'], 'P13869': ['1.581837'], 'P13204': ['pzqtnk56'], 'P13613': ['133238'], 'P10077': ['geografico/1114857'], 'P8424': ['2841738'], 'P14337': ['haiti01'], 'P13772': ['haiti'], 'P9322': ['0270087-Haiti'], 'P14541': ['zqJi9'], 'P11493': ['Q27006'], 'P14470': ['Locations/Haiti'], 'P6413': ['Q790'], 'P12036': ['E0000000811']}"
Q33303,Haida,endangered language spoken in Canada and Alaska,"['Q33742', 'Q152559', 'Q1288568']",[],[],[],[],"{'P1036': ['497.28'], 'P220': ['hai'], 'P646': ['/m/07qbw_'], 'P305': ['hai'], 'P1846': ['Haida lang.png'], 'P1394': ['haid1248'], 'P1014': ['300388387'], 'P3417': ['Haida'], 'P278': ['хай 753'], 'P1417': ['topic/Haida-language'], 'P1466': ['hai'], 'P2192': ['2050'], 'P1627': ['hai'], 'P4801': ['languages/hai', 'iso639-2/hai'], 'P424': ['hai'], 'P219': ['hai'], 'P18': ['00canadafilm-ss-slide-Q7S7-superJumbo.jpg'], 'P1245': ['1497803'], 'P2888': ['http://publications.europa.eu/resource/authority/language/HAI'], 'P8408': ['HaidaLanguageFamily'], 'P9060': ['hai'], 'P8814': ['06923014-n'], 'P2924': ['4727713'], 'P8189': ['987007545694305171']}"
Q64210820,Hai,family name,['Q101352'],[],[],[],[],"{'P3878': ['H000'], 'P3879': ['0'], 'P3880': ['A11111'], 'P4839': ['Entity[""Surname"", ""Hai""]'], 'P3370': ['HAI'], 'P9644': ['HAI'], 'P373': ['Hai (surname)']}"
Q96081135,Hai,given name,['Q202444'],[],[],[],[],{'P3879': ['0']}
Q4131826,Hai,"village in Mahilioŭ district, Belarus",['Q65661087'],[],[],[],[],"{'P373': ['Hai, Mahilioŭ District'], 'P281': ['213124'], 'P18': ['Hai 01.jpg'], 'P473': ['222'], 'P5412': ['Hai'], 'P2672': ['7244840016'], 'P1566': ['816214'], 'P2326': ['150700'], 'P2487': ['viewate/25740']}"
Q133786875,,,['Q5'],[],[],['+1949-01-01T00:00:00Z'],[],"{'P227': ['173482201'], 'P213': ['0000000382967583'], 'P214': ['267823121']}"
Q14948774,Peter Vaill,American academic,['Q5'],['Q30'],[],[],['Q48072011'],"{'P18': ['Dr. Peter Vaill.jpg'], 'P646': ['/m/027yw1f'], 'P373': ['Peter Vaill']}"
Q137344826,Peter Vaillancourt,researcher,['Q5'],[],[],[],['Q1650915'],"{'P496': ['0000-0002-1277-7752'], 'P1960': ['yqXTU8kAAAAJ'], 'P2038': ['Peter_Vaillancourt']}"
Q20519525,Marčič,family name,['Q101352'],[],[],[],[],"{'P3880': ['MR1111'], 'P9644': ['MARCIC'], 'P373': ['Marčič (surname)']}"
Q111766437,Marcicz,family name,['Q101352'],[],[],[],[],{'P3878': ['M622']}
Q30669303,Marčić,family name,['Q101352'],[],[],[],[],{}
Q115675553,,family name,['Q101352'],[],[],[],[],{'P373': ['Márcico (surname)']}
Q960525,Marčići,human settlement in Bosnia and Herzegovina,['Q486972'],[],[],[],[],{'P2671': ['/g/121n9rdl']}
Q130456829,Tim Judge,,['Q5'],[],[],[],"['Q2462658', 'Q188094', 'Q1622272']","{'P691': ['mub20241239282'], 'P213': ['0000000063141215'], 'P1368': ['000146858'], 'P214': ['44600290'], 'P9984': ['981058511957006706'], 'P12458': ['939193'], 'P7293': ['9810663920005606']}"
Q7803747,Tim Judge,American bicycle motocross rider,['Q5'],['Q30'],['Q8652'],['+1964-07-08T00:00:00Z'],['Q2309784'],{'P646': ['/m/02x7ff7']}
Q112546978,Joyce Osland,,['Q5'],[],[],['+1949-00-00T00:00:00Z'],['Q1622272'],"{'P691': ['vse20201076898'], 'P214': ['65575374'], 'P213': ['0000000029572222'], 'P496': ['0000-0001-9841-2465'], 'P269': ['180995103'], 'P3987': ['115267'], 'P244': ['n88259315'], 'P227': ['172295920'], 'P8189': ['987007457117305171'], 'P11182': ['24281'], 'P13591': ['person/60b93d6b-1038-4dbd-a530-de4684fa022f'], 'P13049': ['172295920']}"
Q98772150,Nancy Borkowski,researcher,['Q5'],[],[],[],"['Q1650915', 'Q56224063', 'Q2462658', 'Q1622272']","{'P496': ['0000-0003-2380-1583'], 'P691': ['xx0337028'], 'P213': ['0000000036064453']}"
Q125130524,Gregory B. Northcraft,American social psychologist,['Q5'],[],[],[],['Q212980'],"{'P6023': ['5039213'], 'P2381': ['647235'], 'P1153': ['6701598619'], 'P214': ['58175191', '272457459'], 'P1006': ['071898166'], 'P271': ['DA05737167'], 'P213': ['0000000063793117'], 'P7293': ['9812829504305606'], 'P1207': ['n2003024154'], 'P1015': ['90761232'], 'P8189': ['987007426736305171'], 'P409': ['35368277'], 'P244': ['n88181398'], 'P11986': ['gregory-b-northcraft'], 'P6634': ['greg-northcraft-8138535'], 'P12458': ['67629'], 'P11496': ['1140845216678134528'], 'P13591': ['person/fe3b61cc-4581-4d6c-8cfa-abf54ae8c779'], 'P5739': ['57724']}"
Q112343464,John A. Wagner,,['Q5'],[],[],['+1952-00-00T00:00:00Z'],['Q1622272'],"{'P496': ['0000-0001-6460-6798'], 'P691': ['vse20211107718'], 'P214': ['163236573'], 'P227': ['138026270'], 'P10553': ['696280787'], 'P269': ['056240341'], 'P213': ['0000000114830441'], 'P244': ['nb98062251'], 'P268': ['14431469b'], 'P8189': ['987007434954705171'], 'P950': ['XX5170587'], 'P1368': ['000013637'], 'P13591': ['person/5ba9c75d-0b40-484e-9986-2e9514985832'], 'P13951': ['443489']}"
Q56599649,John Alexander Wagner,US entomologist (1935 - 2012),['Q5'],['Q30'],[],['+1935-00-00T00:00:00Z'],"['Q3055126', 'Q1622272', 'Q98544732']","{'P4081': ['186846'], 'P6944': ['Q56599649']}"
Q6217971,,"politician from Michigan, USA",['Q5'],['Q30'],[],['+1885-05-26T00:00:00Z'],['Q82955'],{'P646': ['/m/026sg6g']}
Q112515910,Craig C. Pinder,,['Q5'],[],[],['+1948-00-00T00:00:00Z'],['Q1622272'],"{'P691': ['vse2017973907'], 'P214': ['26151533690102771560'], 'P13591': ['person/511a2cbf-2dd5-4017-aedb-cb2f1b23f1ae']}"
Q113318234,Paul Sweeney,Scottish Footballer,['Q5'],[],[],['+1965-01-10T00:00:00Z'],['Q937857'],"{'P3537': ['358370'], 'P2671': ['/g/11t7ktr933'], 'P12606': ['19119']}"
Q30163629,Paul Sweeney,Scottish politician (born 1989),['Q5'],['Q145'],['Q4093'],['+1989-01-16T00:00:00Z'],"['Q82955', 'Q188094']","{'P2002': ['PaulJSweeney'], 'P18': ['Paul Sweeney MP - official photo 2017.jpg'], 'P6213': ['q7FVioTp'], 'P6465': ['13063'], 'P2171': ['25639'], 'P4789': ['U289520'], 'P4471': ['10055'], 'P2671': ['/g/11dzvx68bp'], 'P5297': ['94s21CCcEi7gqhjkhFSrKzRXCp8'], 'P2190': ['114291'], 'P10428': ['4642'], 'P10632': ['Q30163629'], 'P10660': ['114291'], 'P373': ['Paul Sweeney'], 'P1617': ['e040d7bf-862b-4fe5-bcda-e51f0c0dc431'], 'P6200': ['cyrx2we55z1t'], 'P2169': ['Paul_Sweeney'], 'P4527': ['437219'], 'P14463': ['paul-sweeney']}"
Q20790975,Paul Sweeney,,['Q5'],[],[],[],[],{}
Q63917503,Paul Sweeney's Files (NAID 7280784),series in the National Archives and Records Administration's holdings,['Q2668072'],[],[],[],[],{'P1225': ['7280784']}
Q139468691,,,['Q5'],[],[],[],['Q1622272'],{'P691': ['vse20201082937']}
Q141520388,Karlene H. Roberts,"American organizational theorist, professor emerita at the Haas School of Business, UC Berkeley (born 1937)",['Q5'],['Q30'],[],['+1937-06-12T00:00:00Z'],"['Q106645013', 'Q212980']","{'P214': ['1288798'], 'P244': ['n79064885'], 'P213': ['0000 0000 8191 1818']}"
Q16290303,Hunt,given name,['Q12308941'],[],[],[],[],"{'P3878': ['H530'], 'P3879': ['062'], 'P3880': ['ANT111'], 'P373': ['Hunt (given name)']}"
Q36963,hunting,"human activity of searching for, pursuing, and catching wild animals",['Q1914636'],[],[],[],[],"{'P373': ['Hunting'], 'P508': ['6371'], 'P349': ['00572442'], 'P646': ['/m/09p5m'], 'P227': ['4027955-8'], 'P1014': ['300239666'], 'P1051': ['1032'], 'P18': ['Paul Childerley driven hunt Finland 06.png'], 'P3222': ['jakt'], 'P948': ['Beauty of the Hunt icon.jpg'], 'P3827': ['hunting'], 'P3417': ['Hunting'], 'P1225': ['10636730'], 'P2581': ['00045245n'], 'P3916': ['concept4807'], 'P3219': ['chasses'], 'P2924': ['2699980'], 'P5198': ['294915974'], 'P268': ['119311589'], 'P5429': ['mediatopic/20000562'], 'P3911': ['12962-3'], 'P5395': ['hunting'], 'P4212': ['pcrtcoV2DHQBSp'], 'P1417': ['sports/hunting-sport'], 'P7033': ['scot/9669'], 'P244': ['sh85063117'], 'P1245': ['1811'], 'P902': ['013942'], 'P5437': ['5396'], 'P7712': ['T51-53'], 'P4527': ['10819'], 'P6016': ['hunting'], 'P5247': ['3015-3183'], 'P7695': ['741'], 'P7688': ['hunting'], 'P7686': ['na.040'], 'P8408': ['Hunting'], 'P8472': ['375'], 'P8519': ['62975'], 'P8248': ['MY6'], 'P8814': ['00453279-n', '00623824-n'], 'P8672': ['847901772374986752'], 'P9304': ['EM00738b'], 'P3984': ['Hunting'], 'P1036': ['799', '639'], 'P3365': ['caccia'], 'P9850': ['caccia'], 'P9809': ['caccia'], 'P9734': ['caccia'], 'P4223': ['caccia', 'caccia_res-43146743-8b74-11dc-8e9d-0016357eee51', 'caccia_res-48a8bd73-87e9-11dc-8e9d-0016357eee51', 'caccia_res-4914d066-87ea-11dc-8e9d-0016357eee51'], 'P2004': ['40332'], 'P8189': ['987007533761905171'], 'P8313': ['jagt'], 'P2347': ['3547'], 'P486': ['D000090262'], 'P672': ['I03.400', 'I03.450.642.637'], 'P8168': ['Q246140'], 'P4342': ['jakt'], 'P691': ['ph115182', 'ph134880'], 'P9495': ['term/c612df9a-f391-481a-b41a-3f8078cd9dc8', 'term/2ED6C9F3-9415-43CF-86FE-F492D37B22DF'], 'P11715': ['caccia'], 'P11733': ['caccia'], 'P11514': ['okhota-legal-naia-definitsiia-06ad1d'], 'P10376': ['social-sciences/hunting', 'nursing-and-health-professions/animal-hunting'], 'P1617': ['9a10f7a3-0166-4717-ba1f-6da2860c6bdc'], 'P6200': ['c5jwvmdv3n7t'], 'P9983': ['caccia'], 'P8603': ['92'], 'P12455': ['Hunting'], 'P12596': ['480'], 'P6621': ['Chasse'], 'P5905': ['4015-56999'], 'P12800': ['it:Caccia', 'fr:Chasse'], 'P11473': ['1435'], 'P6262': ['ru.apocalypse:Охота', 'starwars:Hunting'], 'P4549': ['427'], 'P2572': ['hunting'], 'P13346': ['LEMAC201217177'], 'P4644': ['31eede0c-9dac-49b8-b61b-1f9f22e79e1e'], 'P13591': ['activity/377db3a5-0edc-4658-848b-7f99a7408801'], 'P11924': ['hunting'], 'P3847': ['hunting'], 'P9475': ['E0025424'], 'P9322': ['h0001297-lov-zvere', 'h0001298-lovectvi'], 'P9106': ['3176'], 'P13772': ['hunting'], 'P8590': ['7939'], 'P11493': ['Q295229'], 'P14470': ['Concepts/Hunting'], 'P8854': ['79626'], 'P5748': ['48.66'], 'P10381': ['C7848']}"
Q111693843,hunt,video games 2020,['Q7889'],[],[],[],[],"{'P8084': ['hunt-switch'], 'P5971': ['EP3656-CUSA23669_00-6821466145282633'], 'P8351': ['45259'], 'P11072': ['01000DE0125B8000'], 'P12001': ['1G72']}"
Q254906,,family name,['Q101352'],[],[],[],[],"{'P373': ['Hunt (surname)'], 'P3878': ['H530'], 'P3880': ['ANT111'], 'P3879': ['062'], 'P6597': ['27831'], 'P3370': ['HUNT'], 'P9644': ['HUNT'], 'P5452': ['hunt'], 'P8168': ['Q256102'], 'P4839': ['Entity[""Surname"", ""Hunt""]']}"
Q67266168,Huntingdonshire,historic county of England,['Q1138494'],[],[],[],[],"{'P242': ['Huntingdonshire Brit Isles Sect 5.svg'], 'P41': ['Flag of Huntingdonshire.svg'], 'P3616': ['17255'], 'P528': ['HNT'], 'P402': ['8484523'], 'P373': ['Huntingdonshire'], 'P8168': ['Q217716'], 'P12749': ['Q9665'], 'P13364': ['Huntingdonshire']}"
Q139454046,,,['Q5'],[],[],[],[],{'P691': ['ola2018992175']}
Q6241327,John J. Wild,American inventor,['Q5'],['Q30'],['Q23298'],['+1914-08-11T00:00:00Z'],['Q205375'],"{'P1415': ['102371'], 'P1417': ['biography/John-Julian-Wild'], 'P5375': ['18367'], 'P535': ['42293096'], 'P646': ['/m/080p32y'], 'P2949': ['Wild-2491'], 'P3368': ['623616', '2230408']}"
Q100154628,Afsaneh Nahavandi,,['Q5'],[],[],[],['Q1622272'],"{'P1280': ['15495779'], 'P271': ['DA07954213'], 'P2381': ['615469'], 'P1207': ['n2017084562'], 'P214': ['68132941'], 'P269': ['06916732X'], 'P11496': ['1140282266581421440'], 'P8189': ['987007432226905171'], 'P13591': ['person/93b3aaf3-cf5a-4f03-b8b1-18691bc5aea2'], 'P691': ['vse20251248966'], 'P496': ['0009-0001-2098-5789'], 'P8850': ['853255'], 'P1015': ['90757732'], 'P8179': ['ncf11312085'], 'P227': ['170670414'], 'P213': ['0000000082574104'], 'P5034': ['KAC202113022'], 'P244': ['n92119992'], 'P7699': ['LNB:BIFQ;=0L'], 'P349': ['00980862'], 'P1006': ['213005921'], 'P7293': ['9812838232805606'], 'P3065': ['A016262271']}"
Q36927775,Newstrom,family name,['Q101352'],[],[],[],[],"{'P3880': ['NSTRM1'], 'P3879': ['638276'], 'P3878': ['N236'], 'P4839': ['Entity[""Surname"", ""Newstrom""]'], 'P9644': ['NEWSTROM']}"
Q49531438,Newstrom State Wildlife Management Area,"park in Aitkin County, Minnesota, United States of America",['Q22698'],[],[],[],[],"{'P1566': ['5039217'], 'P590': ['648534']}"
Q6828511,Michael Baye,American economist,['Q5'],['Q30'],[],['+1958-04-06T00:00:00Z'],['Q188094'],"{'P2428': ['pba279'], 'P1960': ['uyTqYxwAAAAJ'], 'P214': ['39518042'], 'P213': ['0000000108901434'], 'P244': ['n85242429'], 'P227': ['111027446'], 'P268': ['13185809x'], 'P269': ['035383518'], 'P1280': ['116838755'], 'P5034': ['KAC200206474'], 'P906': ['318438'], 'P1006': ['072173548'], 'P1207': ['n01018082'], 'P646': ['/m/05vxxzm'], 'P5587': ['20dhmcdl4v69lxk'], 'P3987': ['628973'], 'P691': ['vse2010558280'], 'P8189': ['987007423603705171'], 'P11249': ['14131275'], 'P11182': ['75249'], 'P3368': ['199428'], 'P10832': ['E39PBJfh4tKvHJ98b6GyxpHXBP'], 'P1368': ['000058779'], 'P13049': ['111027446'], 'P13591': ['person/caa44212-c65b-454d-a2ca-876839469a49'], 'P13951': ['378599'], 'P3747': ['216276']}"
Q1799852,Michael Bayersdörfer,German politician (1867-1940),['Q5'],['Q1206012'],['Q552382'],['+1867-07-10T00:00:00Z'],['Q82955'],"{'P214': ['55238296'], 'P227': ['129850268'], 'P213': ['000000001689648X'], 'P244': ['n2016182539'], 'P7902': ['129850268'], 'P8748': ['129850268'], 'P646': ['/m/06znm9h'], 'P10832': ['E39PBJd8dQmVrxV4BpmQD7GGpP'], 'P13049': ['129850268'], 'P14292': ['750'], 'P14396': ['register/person/arw-129850268']}"
Q102213044,Michael Bayer,Ph.D. Universität Kaiserslautern 2000,['Q5'],[],[],[],[],{'P549': ['49429']}
Q130620562,Michael Bayer,Canadian political candidate,['Q5'],['Q16'],[],[],"['Q15931838', 'Q82955']",{}
Q130791142,Michael Bayer,,['Q5'],[],[],['+1970-01-01T00:00:00Z'],['Q2306091'],"{'P227': ['123998883'], 'P13049': ['123998883'], 'P213': ['0000000457795713'], 'P214': ['650144783247696879817'], 'P1207': ['n2007102185']}"
Q16217194,Patrick Bet-David,American entrepreneur and YouTuber,['Q5'],['Q30'],['Q3616'],"['+1978-10-18T00:00:00Z', '+1978-01-01T00:00:00Z']","['Q43845', 'Q15077007', 'Q36180', 'Q17125263', 'Q131524', 'Q15978655']","{'P646': ['/m/0w534hq'], 'P2397': ['UCIHdDJ0tjn_3j-FS7s_X1kQ', 'UCGX7nGXpz-CmO_Arg-cgJ7A'], 'P2003': ['patrickbetdavid'], 'P2002': ['patrickbetdavid'], 'P3368': ['2173637'], 'P434': ['08d137f0-593e-44f0-900d-01bf33a7d6a0'], 'P18': ['Patrick Bet-David by Gage Skidmore.jpg', 'Patrick Bet-David (54234423976) (cropped).jpg'], 'P214': ['239696531', '85167440265288530824', '43151897177224071983'], 'P268': ['179798711'], 'P244': ['no2012054021'], 'P349': ['031697771'], 'P213': ['0000000504687556'], 'P227': ['1295722682'], 'P10832': ['E39PCjqyhWc3FhrVXxJpPRVhRC'], 'P1015': ['1686545092856'], 'P269': ['257946047'], 'P1207': ['n2016008728'], 'P6394': ['a12403829'], 'P1005': ['1843960'], 'P7029': ['77124209', '770248400'], 'P7293': ['9810697010705606'], 'P2963': ['6872689'], 'P373': ['Patrick Bet-David'], 'P13049': ['1295722682'], 'P345': ['nm6102854'], 'P4985': ['3340649'], 'P2604': ['3563994'], 'P11245': ['valuetainment', 'pbdpodcast'], 'P13906': ['1663759'], 'P11892': ['patrickbetdavid'], 'P691': ['jcu20261284277'], 'P396': ['PCMV008713']}"
Q130769258,Greg Dinkin,,['Q5'],[],[],['+1971-01-01T00:00:00Z'],['Q26831130'],"{'P227': ['1295725312'], 'P13049': ['1295725312'], 'P213': ['0000000058889632'], 'P214': ['75678418'], 'P13906': ['1663765'], 'P691': ['jcu20261284313'], 'P396': ['TO0V644327']}"
Q12035941,Marty Neumeier,American writer,['Q5'],[],[],['+1947-10-10T00:00:00Z'],['Q15982858'],"{'P18': ['Marty Neumeier.jpg'], 'P214': ['313296037', '13714206'], 'P691': ['mzk2008463764'], 'P3417': ['Marty-Neumeier'], 'P213': ['0000000063464110'], 'P5361': ['NeumeierMarty'], 'P244': ['n84123011'], 'P5034': ['KAC200402693'], 'P7704': ['agent/base/143692'], 'P646': ['/m/051kljt'], 'P7293': ['9810634520705606'], 'P9743': ['107a4UK8ed'], 'P1207': ['n2017160181'], 'P8189': ['987007330123305171'], 'P269': ['129613096'], 'P10832': ['E39PCjJJDhv9cQdbFvy4jrXqkP'], 'P10387': ['89453'], 'P13591': ['person/dddb5322-b025-4ba8-b74b-be8b5ba01cbb'], 'P14178': ['mzk2008463764'], 'P9322': ['0261921-Neumeier-Marty']}"
Q105342856,John Grieve Smith,Fellow of Robinson College Cambridge,['Q5'],[],[],['+1935-01-01T00:00:00Z'],[],"{'P4527': ['291255'], 'P214': ['44383071'], 'P1015': ['90847529'], 'P213': ['0000000374341150'], 'P269': ['033077215'], 'P268': ['135192607'], 'P1207': ['n96344230'], 'P244': ['n84135293'], 'P1006': ['073304786'], 'P6023': ['79891552'], 'P3987': ['123210'], 'P8189': ['987007599656705171'], 'P11249': ['14222425'], 'P11182': ['89747'], 'P13591': ['person/c6779b03-044b-4f26-95f2-7a8e97ccc828']}"
Q59609905,Alain Verbeke,"born:1960|; Verbeke, Alain.; Verbeke, A. (Alain), jurist, 1960-; Verbeke, Alain, 19..-...., professeur de gestion",['Q5'],[],[],['+1960-01-01T00:00:00Z'],['Q188094'],"{'P214': ['100284830'], 'P227': ['124846319'], 'P244': ['n90669075'], 'P268': ['12279818p'], 'P269': ['031617492'], 'P691': ['jx20110616015'], 'P1207': ['n2009049522'], 'P1006': ['072545240'], 'P213': ['0000000108595609'], 'P3762': ['293866'], 'P7293': ['9810686057905606'], 'P3987': ['147732'], 'P8179': ['ncf10254455'], 'P8189': ['987007432755405171'], 'P11249': ['14781620'], 'P10832': ['E39PBJr3vW7wbjh83BGRyVKcfq'], 'P13591': ['person/0ad6d4e8-4e1c-4bc2-9ff5-d505f4b6cd0d'], 'P13049': ['124846319'], 'P396': ['TO0V042951'], 'P496': ['0000-0003-0187-0959']}"
Q112454518,Alain-Laurent Verbeke,,['Q5'],['Q31'],[],['+1964-00-00T00:00:00Z'],"['Q121594', 'Q482980', 'Q185351', 'Q40348']","{'P691': ['mub2012713472'], 'P214': ['7605765'], 'P1207': ['n2012011239'], 'P1280': ['56083555'], 'P269': ['131467891'], 'P227': ['140431624'], 'P213': ['0000000002780363'], 'P1368': ['000254354']}"
Q7963452,Wally Olins,British brand consultant (1930-2014),['Q5'],['Q145'],['Q84'],['+1930-12-19T00:00:00Z'],['Q10355417'],"{'P214': ['79349087'], 'P1816': ['mp70225'], 'P227': ['170815773'], 'P213': ['0000000110726700'], 'P244': ['n78071325'], 'P691': ['utb2009543528'], 'P1006': ['074962604'], 'P1207': ['n97700210'], 'P269': ['030910315'], 'P268': ['12223162r'], 'P1415': ['108553'], 'P5034': ['KAC200602970'], 'P5739': ['58527'], 'P1580': ['a1342709'], 'P646': ['/m/027rppc'], 'P7293': ['9810606300505606', '9810587879805606'], 'P3987': ['773040'], 'P18': ['Wally Ollins.jpg'], 'P9984': ['981058511270806706'], 'P3368': ['1777716'], 'P8189': ['987008729357105171'], 'P396': ['UFIV042371'], 'P11686': ['981058511270806706'], 'P11496': ['1140563741627412736'], 'P271': ['DA04473514'], 'P11182': ['18683'], 'P12458': ['75059'], 'P10832': ['E39PBJvMB7F9fDK9fdbg64bPQq'], 'P1368': ['000010504'], 'P13049': ['170815773'], 'P13022': ['69877'], 'P10387': ['46055'], 'P13951': ['434802'], 'P10400': ['36152'], 'P9322': ['0279215-Olins-Wally-19302014']}"
Q139424023,,,['Q5'],[],[],[],['Q188094'],"{'P691': ['mub2011625070'], 'P9322': ['0296271-Kourdi-Jeremy']}"
Q4964917,Brian O'Neil,English footballer (born 1944),['Q5'],['Q145'],['Q2249694'],['+1944-01-04T00:00:00Z'],['Q937857'],"{'P646': ['/m/026005c'], 'P5421': ['46800'], 'P3537': ['114749'], 'P12606': ['14989']}"
Q117222106,Brian O'Neil,"Chief Investment Officer, Robert Wood Johnson Foundation",['Q5'],[],[],[],[],"{'P6424': ['Robert Wood Johnson Foundation'], 'P6634': ['brian-o-neil-1575a311']}"
Q112496047,Brian O'Neill,"sociologist, university teacher",['Q5'],[],[],['+1961-00-00T00:00:00Z'],"['Q2306091', 'Q1622272']","{'P691': ['xx0200127', 'mzk20251256089'], 'P214': ['103013413', '5313174413972608700003'], 'P8189': ['987007386875505171'], 'P13591': ['person/3856673f-e5ab-4469-9f8e-259795ae98d4'], 'P9984': ['981058529013606706']}"
Q4964924,Brian O'Neill,American ice hockey defenceman,['Q5'],['Q30'],['Q643516'],['+1988-06-01T00:00:00Z'],['Q11774891'],"{'P2481': ['16709'], 'P2602': ['107627'], 'P2601': ['495407'], 'P18': [""Brian O'Neill Manchester (cropped).jpg""], 'P3598': ['o/oneilbr01'], 'P373': [""Brian O'Neill (ice hockey)""], 'P8286': ['138338'], 'P646': ['/m/0gkxglz'], 'P3522': ['8476772'], 'P5421': ['93039'], 'P3368': ['2478702'], 'P8309': ['18-156376'], 'P13540': ['brian-oneill-1086713', 'brian-o-neill-1086713']}"
Q56754260,Brian O'Neil,British politician,['Q5'],['Q145'],[],[],[],{'P6465': ['14808']}
Q7173038,Peter Buckley,British business professor,['Q5'],['Q145'],[],['+1949-07-11T00:00:00Z'],"['Q188094', 'Q832136', 'Q1622272']","{'P227': ['124275893'], 'P214': ['108820089'], 'P268': ['12264363q'], 'P213': ['0000000109320586'], 'P244': ['n80098376'], 'P349': ['00463953'], 'P691': ['utb2015882092'], 'P409': ['36555449'], 'P1006': ['073334677'], 'P1207': ['n93080419'], 'P269': ['031427634'], 'P1015': ['90316484'], 'P856': ['https://business.leeds.ac.uk/about-us/our-people/staff-directory/profile/peter-buckley/'], 'P1153': ['7202909430'], 'P1670': ['1000A1882'], 'P1368': ['000019377'], 'P1375': ['000031954'], 'P3065': ['A000023632'], 'P271': ['DA01190477'], 'P949': ['002223464'], 'P1315': ['1289871'], 'P5034': ['KAC2018N9168'], 'P2732': ['24592'], 'P646': ['/m/0js_zx5'], 'P4789': ['U282238'], 'P3987': ['613389'], 'P1280': ['34783843'], 'P8189': ['987007432158305171'], 'P396': ['UFIV024054'], 'P3368': ['481455'], 'P11249': ['14027340'], 'P11496': ['1140563741808315904'], 'P11182': ['56583'], 'P10832': ['E39PBJwRTbrwGHxkKxkQpRfjG3'], 'P13049': ['124275893'], 'P13591': ['person/5c985a08-d725-474a-a61e-f3ad01a7fe1e'], 'P13951': ['345778'], 'P14225': ['981005664683209366'], 'P496': ['0000-0002-0450-5589'], 'P648': ['OL52310A']}"
Q7174854,Peter J. Buckley,American politician,['Q5'],['Q30'],['Q62'],['+1957-05-10T00:00:00Z'],['Q82955'],"{'P646': ['/m/02vp_22'], 'P10632': ['Q7174854'], 'P18': ['Peter J. Buckley.png'], 'P373': ['Peter J. Buckley']}"
Q21546586,Pervez N. Ghauri,researcher,['Q5'],[],[],"['+1948-01-01T00:00:00Z', '+1948-03-19T00:00:00Z']",['Q1622272'],"{'P2016': ['692'], 'P227': ['124275958'], 'P213': ['0000000124193781'], 'P1280': ['20936547'], 'P214': ['111570242'], 'P5361': ['GhauriPervezN1948-'], 'P244': ['n90609289'], 'P1006': ['069626928'], 'P1207': ['n99013237'], 'P269': ['032096593'], 'P3987': ['115808'], 'P691': ['vse2006351475'], 'P8189': ['987007449429505171'], 'P496': ['0000-0002-9728-485X'], 'P11249': ['14011170'], 'P11496': ['1140000791815130112'], 'P271': ['DA05148053'], 'P1153': ['6603115597'], 'P8446': ['BEBAB62B-61DB-486B-92D4-2E0516D72F57'], 'P6178': ['011553700051.44'], 'P11182': ['53952'], 'P10832': ['E39PBJr3BybmYwkHmYrGtxkJjC'], 'P1368': ['000074919'], 'P13049': ['124275958'], 'P13591': ['person/7860eb1b-ff8a-4f98-b7af-6f022509afc0'], 'P13951': ['347254', '536282', '476857'], 'P9984': ['981058604977706706']}"
Q27922197,Adi Agashé,"Indian singer, songwriter, actor, entrepreneur, writer, and book editor (born 1997)",['Q5'],['Q668'],['Q1538'],['+1997-06-10T00:00:00Z'],"['Q488205', 'Q33999', 'Q36834', 'Q1607826', 'Q183945', 'Q639669', 'Q88190618', 'Q36180', 'Q1930187', 'Q131524', 'Q16849727', 'Q42297530', 'Q29514511', 'Q177220']","{'P2003': ['adiagashe10'], 'P213': ['0000000459456643'], 'P345': ['nm8682468'], 'P214': ['7745148947830854950002'], 'P2397': ['UCZTwyXhwfUerjIFgDw3BOng'], 'P742': ['Adi Agashé'], 'P2671': ['/g/11gxq1pn_7'], 'P2605': ['329208'], 'P2087': ['aditya-agashe'], 'P434': ['ce5cca8d-2f92-4ce6-bf99-1cb4f417bd3c'], 'P443': ['LL-Q1571 (mar)-SangeetaRH-आडी आगाशे.wav'], 'P269': ['256360952'], 'P2002': ['AdiAgashe10'], 'P2013': ['AdiAgashe10'], 'P1048': ['028602305'], 'P9984': ['981060405911206706'], 'P227': ['1254662596'], 'P496': ['0000-0003-4720-0547'], 'P244': ['nb2022004678'], 'P947': ['000265811'], 'P648': ['OL10352706A'], 'P2604': ['6471901'], 'P1003': ['000437337'], 'P7293': ['9812668056405606'], 'P3829': ['5194882'], 'P1053': ['AHE-2966-2022'], 'P1207': ['n2022015871'], 'P7699': ['LNB:DIe2;=BK'], 'P2163': ['2013320'], 'P1368': ['000320552'], 'P1015': ['1694150455910'], 'P6394': ['a12323779'], 'P2607': ['b19b9905-d9c3-4eb3-9112-5449fb895192'], 'P2963': ['22505805'], 'P8189': ['987011381306005171'], 'P1280': ['419833603'], 'P1309': ['Balis425473576'], 'P1005': ['1858856'], 'P5587': ['dvfzz5xtbl8dqpqr'], 'P6721': ['1797339621'], 'P8849': ['84115208'], 'P1006': ['437528502'], 'P11249': ['21785716'], 'P396': ['UBOV067044'], 'P691': ['jo20231180715'], 'P1960': ['UG8y4U0AAAAJ'], 'P10832': ['E39QbYw3gYDypJgC3X4ptXd3Jj'], 'P10141': ['171651'], 'P11686': ['981060405911206706'], 'P9807': ['228479'], 'P7700': ['vtls012797912'], 'P10227': ['vtls002802558'], 'P11496': ['1140860443309417100'], 'P1695': ['a1000001039780'], 'P271': ['DB00122628'], 'P3788': ['000068576'], 'P2581': ['21619758n'], 'P8879': ['5891612'], 'P5431': ['7bcacadc'], 'P4193': ['Aditya_Agashé_(1997)'], 'P4985': ['4317531'], 'P7920': ['9118372'], 'P7400': ['agasheaditya'], 'P4619': ['001599310'], 'P13049': ['1254662596'], 'P13591': ['person/f0145b8b-0da8-4cde-8819-6cee4e3d335e'], 'P7502': ['Aditya_Agashe-4BBPMNE'], 'P8750': ['404103'], 'P14178': ['jo20231180715'], 'P13951': ['1482518'], 'P856': ['https://adiagashe.com/'], 'P6634': ['adityaagashe10'], 'P950': ['981061256431808606'], 'P5337': ['CAAqLAgKIiZDQkFTRmdvTkwyY3ZNVEZuZUhFeGNHNWZOeElGWlc0dFIwSW9BQVAB'], 'P14750': ['DAE9-58D9-2E30-1A9B-E74F'], 'P7085': ['adiagashe10']}"
Q107301879,Aditya Agashe,American computer scientist and author,['Q5'],['Q30'],[],['+1996-01-28T00:00:00Z'],"['Q36180', 'Q61911662', 'Q12859263', 'Q2552738']","{'P244': ['no2018038367'], 'P1207': ['n2020163152'], 'P269': ['254730167'], 'P1015': ['1615358753581'], 'P2003': ['heyitsadi'], 'P2671': ['/g/11gg9k2nn3'], 'P214': ['41152259572916982416'], 'P856': ['https://adityaagashe.com/'], 'P4411': ['Adi-Agashe'], 'P213': ['0000000499130525'], 'P349': ['031915595'], 'P5034': ['KAC202102498'], 'P6634': ['adityaagashe'], 'P973': ['https://swipetounlock.com/adi'], 'P2037': ['ava9'], 'P947': ['000227637'], 'P648': ['OL7989361A'], 'P2163': ['2013322'], 'P1048': ['026169880'], 'P268': ['180227781'], 'P1280': ['418862851'], 'P691': ['jo20231180716'], 'P10832': ['E39PCjv4K8Twjxhh8xGX8MFc4C'], 'P11496': ['1140007660060146177'], 'P3630': ['607156'], 'P7502': ['Aditya_Agashe-JKXVXAX', 'Aditya_Agashe-Z5YV83K'], 'P4204': ['adi-agashe'], 'P1005': ['1865011'], 'P13591': ['person/30dfa1f8-683d-4f22-b4a0-ef0bb148ce18'], 'P11892': ['heyitsadi'], 'P14178': ['jo20231180716']}"
Q111982434,Parth Detroja,researcher,['Q5'],['Q30'],[],[],"['Q1650915', 'Q82594', 'Q2462658']","{'P214': ['8152259569416982688'], 'P213': ['0000000499130728'], 'P244': ['no2018038373'], 'P1015': ['1615360582235'], 'P1207': ['n2020214277'], 'P269': ['254730183'], 'P5034': ['KAC202102499'], 'P349': ['031915602'], 'P947': ['000227639'], 'P268': ['18022779c'], 'P1280': ['418862595'], 'P691': ['xx0300480'], 'P1005': ['1865012'], 'P2671': ['/g/11c73y4vsg'], 'P11496': ['1140007660060146178'], 'P10832': ['E39PCjGqpgVq4RcY63qhgvpVmd'], 'P13591': ['person/41db9687-49f0-490e-b316-c947b2105487'], 'P13906': ['1583923']}"
Q5232113,David Campbell,Australian television presenter,['Q5'],['Q408'],['Q5112'],['+1973-08-06T00:00:00Z'],['Q177220'],"{'P214': ['9460410'], 'P434': ['281d0ad2-a4a5-4f80-a8b6-e78d2d1b1c2a'], 'P18': ['David Campbell in the studio.JPG'], 'P1953': ['283380'], 'P345': ['nm0132371'], 'P856': ['http://www.davidcampbell.com'], 'P213': ['000000004532857X'], 'P3478': ['543300'], 'P4208': ['david-campbell'], 'P244': ['no2009180465'], 'P2373': ['David-campbell'], 'P6351': ['132241'], 'P7109': ['david_campbell'], 'P2002': ['davidcampbell73', 'DavidCampbell73'], 'P2013': ['davidcampbellmusic'], 'P2003': ['davidcampbell73'], 'P2397': ['UCRbIa1OEWmSfItpfSvTZe2g'], 'P1902': ['6tUwA7Nt6EoMLy48nNVrgq'], 'P2722': ['133166'], 'P4198': ['Ajps4us66toeh2v6zyikyacmjqe'], 'P7192': ['David-Campbell-m74965'], 'P646': ['/m/08cszz'], 'P6262': ['disney:David_Campbell'], 'P1553': ['50750'], 'P4985': ['206047'], 'P7212': ['david-campbell-lyrics.html'], 'P2909': ['69130'], 'P1728': ['mn0000638791'], 'P9575': ['campbell-david'], 'P5882': ['M00000257176'], 'P9965': ['73098'], 'P373': ['David Campbell (singer)'], 'P10302': ['devid-kempbell-3'], 'P12098': ['844150'], 'P10832': ['E39PBJxxd8fJJ4Mc76BrCxyWXd'], 'P13591': ['person/a71a596e-3b38-437b-948c-bcc3a757f08f'], 'P11245': ['davidcampbell'], 'P2949': ['Campbell-78857'], 'P14750': ['D9A3-19C2-53FA-A5AC-CF86']}"
Q1173920,David Campbell,"cavalry officer of the British Army, amateur sportsman, and later Governor of Malta (1869-1936)",['Q5'],"['Q145', 'Q174193']",[],['+1869-01-28T00:00:00Z'],['Q846750'],"{'P4638': ['p44317.htm#i443162'], 'P646': ['/m/09ggs0f'], 'P18': ['Davidcampbell.jpg'], 'P9943': ['person/846242368214']}"
Q24397525,David Ian Campbell,British diplomat,['Q5'],['Q145'],[],['+1958-09-07T00:00:00Z'],"['Q193391', 'Q1251687']","{'P373': ['David Ian Campbell'], 'P18': ['David Ian Campbell (cropped from File Taipei City Government Press Release 291814435947).jpg'], 'P2671': ['/g/11g0m3yxgv'], 'P10874': ['david-campbell'], 'P10632': ['Q24397525']}"
Q112602676,David Campbell,performing artist in Canada,['Q5'],['Q16'],[],[],['Q713200'],{'P856': ['http://www.facebook.com/david.campbell.54?fref=ts']}
Q1173917,David Campbell,American theoretical physicist,['Q5'],['Q30'],['Q16739'],['+1944-07-23T00:00:00Z'],"['Q169470', 'Q1622272']","{'P244': ['n84182387'], 'P214': ['44372032'], 'P227': ['143851748'], 'P213': ['0000000116313210'], 'P1006': ['069495564'], 'P496': ['0000-0002-4502-5629'], 'P856': ['http://physics.bu.edu/people/show/dkcampbe'], 'P906': ['182881', '182884'], 'P1015': ['90351452'], 'P1207': ['n99043794'], 'P3987': ['291674'], 'P269': ['032399219'], 'P268': ['123436187'], 'P6551': ['11502017'], 'P2671': ['/g/121j1c_1'], 'P5587': ['ljx00wb40q24srk'], 'P1556': ['campbell.david-k'], 'P8189': ['987007280072305171'], 'P3368': ['3374684'], 'P11249': ['14010772'], 'P10832': ['E39PBJwxJhpFHggBg7YDFvpVmd'], 'P13049': ['143851748'], 'P13591': ['person/9935f2fa-d383-4485-af08-40da84432e3b'], 'P271': ['DA01383481'], 'P1280': ['74624867'], 'P1153': ['7404496607'], 'P549': ['69854'], 'P4955': ['44650'], 'P6634': ['david-campbell-21829111'], 'P1960': ['icXJxqwAAAAJ'], 'P2038': ['David-Campbell-82'], 'P11496': ['1980023484813633033']}"
Q295647,Myron Scholes,Canadian economist,['Q5'],['Q16'],['Q991310'],['+1941-07-01T00:00:00Z'],"['Q188094', 'Q170790', 'Q1650915']","{'P373': ['Myron Scholes'], 'P227': ['139033394'], 'P18': ['Myron Scholes 2008 in Lindau.png'], 'P646': ['/m/0sxy4'], 'P244': ['n88669589'], 'P856': ['https://news.stanford.edu/news/2001/october3/scholes-103.html'], 'P1284': ['00000022368'], 'P1263': ['822/000141399'], 'P2163': ['239156'], 'P349': ['00861455'], 'P3365': ['myron-scholes'], 'P2428': ['psc29'], 'P2732': ['225633'], 'P3747': ['22786'], 'P2924': ['3624391'], 'P213': ['0000000123213381'], 'P3219': ['myron-scholes'], 'P1006': ['074762672'], 'P1417': ['biography/Myron-Scholes'], 'P214': ['95629812'], 'P268': ['124215334'], 'P269': ['033339538'], 'P1556': ['scholes.myron'], 'P691': ['vse2010601554'], 'P1296': ['22858822'], 'P5034': ['KAC201403966'], 'P5019': ['scholes-myron-samuel'], 'P8024': ['718'], 'P1207': ['n2016201604'], 'P1438': ['15871'], 'P7293': ['9810603630405606'], 'P9087': ['Scholes'], 'P1695': ['a0000003269199'], 'P3222': ['myron-s-scholes'], 'P4293': ['pe/015885'], 'P1280': ['14018147'], 'P271': ['DA05981044'], 'P2381': ['596630'], 'P7982': ['54952'], 'P3388': ['12411'], 'P1580': ['a1213722'], 'P8849': ['57535333'], 'P8851': ['26770535'], 'P8568': ['myron-scholes'], 'P1015': ['90584397'], 'P8179': ['ncf11288283'], 'P8189': ['987007446070005171'], 'P3987': ['631404'], 'P6385': ['gumanitarnye_nauki/ekonomika_i_pravo/SKOULZ_MARON.html'], 'P7666': ['myron-samuel-scholes'], 'P10242': ['05322/eu_s_1414/s1414'], 'P8313': ['Myron_Scholes'], 'P7305': ['3973159'], 'P3368': ['587860'], 'P2190': ['55045'], 'P10660': ['55045'], 'P2600': ['6000000041848186961'], 'P11496': ['1140282266780611584'], 'P4955': ['1079056'], 'P11249': ['14077579'], 'P11514': ['shoulz-mairon-e8e5c7'], 'P11182': ['14647'], 'P12385': ['myron-s.-scholes'], 'P10832': ['E39PBJqk8gQFKcY9rVXKrhTmBP'], 'P13591': ['person/3db03a77-3e45-4ce4-b078-bfe8b9c68d47'], 'P7184': ['0sxy4'], 'P14178': ['vse2010601554'], 'P13613': ['184376']}"
Q57777136,Terry Shevlin,researcher,['Q5'],[],[],[],"['Q1650915', 'Q188094']","{'P496': ['0000-0001-8286-2891'], 'P244': ['n2005007743'], 'P214': ['94879216'], 'P1006': ['271461918'], 'P6178': ['015012300515.14'], 'P227': ['129799580'], 'P10832': ['E39PBJkhPxxdyQjFwwTpx6wBfq'], 'P213': ['0000000066851423'], 'P13591': ['person/9be24d4d-331f-42ba-a701-cb90830fe151']}"
Q1116078,Robin John,German handball player,['Q5'],['Q183'],['Q1715'],['+1991-07-27T00:00:00Z'],['Q12840545'],{'P2671': ['/g/1218dz82']}
Q56179203,Robin John,linguist,['Q5'],[],[],['+1904-00-00T00:00:00Z'],['Q14467526'],"{'P2966': ['john-robin-1904-1986-correspondence', 'john-robin-1904-1986-correspondence-2', 'john-robin-1904-1986', 'john-robin-1904-3'], 'P12749': ['Q68258']}"
Q326396,Robert John Tillyard,English–Australian entomologist and geologist (1881–1937),['Q5'],['Q408'],['Q130191'],['+1881-01-31T00:00:00Z'],"['Q3055126', 'Q1662561', 'Q18805', 'Q98544732']","{'P214': ['111099009'], 'P213': ['0000000116988381'], 'P244': ['n87145236'], 'P18': ['RJTillyard1881-1937.jpg'], 'P646': ['/m/0f9ndg'], 'P1599': ['TLRT900RJ'], 'P227': ['1055297928'], 'P1907': ['tillyard-robin-john-8817'], 'P648': ['OL166650A'], 'P373': ['Robert John Tillyard'], 'P2163': ['1851198'], 'P835': ['Tillyard'], 'P3430': ['w69p3cr2'], 'P4081': ['44987', '2490', '27285'], 'P3029': ['F61646'], 'P3987': ['85466'], 'P1006': ['159252377'], 'P5370': ['12965'], 'P269': ['115504362'], 'P1315': ['552632'], 'P6944': ['Q326396'], 'P1207': ['n2002043627'], 'P8612': ['NA7952'], 'P6683': ['91157'], 'P9159': ['8817'], 'P8189': ['987007349642405171'], 'P1015': ['2090026'], 'P7369': ['000176213'], 'P10227': ['vtls001322871'], 'P271': ['DA04466949'], 'P409': ['35661577'], 'P3065': ['A003901755'], 'P1890': ['000493242'], 'P535': ['152892896'], 'P11496': ['1140282266601800832'], 'P2006': ['A2F16CCC-AF04-4896-A46A-40754B3D07EA'], 'P10832': ['E39PBJktqDyHpMJRYcRtghjjYP'], 'P10704': ['1938.0016'], 'P2949': ['Tillyard-15'], 'P13591': ['person/27ebedc1-2426-4cfc-b41f-372cc41e9a49'], 'P7184': ['0f9ndg'], 'P4228': ['P000834b'], 'P13204': ['c786z5qp'], 'P14536': ['387179'], 'P8034': ['495/402494']}"
Q76033683,Robin John,Peerage person ID=482706,['Q5'],[],[],[],[],"{'P4638': ['p48271.htm#i482706'], 'P12749': ['Q91611']}"
Q84767097,Robin Shattock,Chair in Mucosal Infection and Immunity at Imperial College London,['Q5'],[],[],['+1963-01-01T00:00:00Z'],['Q1650915'],"{'P496': ['0000-0002-4936-1718'], 'P856': ['https://www.imperial.ac.uk/people/r.shattock'], 'P2002': ['roboskis'], 'P2671': ['/g/11hf5xk240'], 'P10897': ['R142284'], 'P6424': ['Imperial College London'], 'P6178': ['010754146257.15'], 'P18': ['Robin John Shattock (born 1963).png'], 'P214': ['311837964'], 'P269': ['171954815']}"
Q100936781,Jack Trout,college basketball player (1971–1972) Southern Methodist,['Q5'],[],[],[],['Q3665646'],{'P3696': ['jack-trout-1']}
Q983171,Jack Trout,American marketing man (1935-2017),['Q5'],['Q30'],['Q11299'],['+1935-01-31T00:00:00Z'],"['Q131524', 'Q188094']","{'P214': ['17147965701084081075'], 'P213': ['0000000110236963'], 'P227': ['110757157'], 'P244': ['n80067997'], 'P646': ['/m/046n5x'], 'P1006': ['07118581X'], 'P349': ['00459144'], 'P1015': ['90397904'], 'P1207': ['n96102328'], 'P3987': ['89408'], 'P5361': ['TroutJack'], 'P268': ['12056889q'], 'P269': ['02880984X'], 'P950': ['XX1097079'], 'P691': ['vse2005290937'], 'P5034': ['KAC199627876'], 'P1309': ['vtls000056534'], 'P8851': ['34613095'], 'P7293': ['9810635425805606'], 'P9510': ['238266-traut-dzhek'], 'P1280': ['26425955'], 'P10553': ['616009895'], 'P2600': ['6000000025293964731'], 'P8189': ['987007444659905171'], 'P11249': ['14279893'], 'P11182': ['17537'], 'P271': ['DA01892077'], 'P11496': ['1140000791743321728'], 'P2949': ['Trout-1314'], 'P12458': ['787899'], 'P10832': ['E39PBJhhtX867VbKqvKVJWxqwC'], 'P13049': ['110757157'], 'P1368': ['000031293'], 'P6640': ['596528'], 'P10387': ['51686'], 'P4619': ['000625156'], 'P8179': ['ncf11161816'], 'P3846': ['87097969039170'], 'P6394': ['a1146527x'], 'P7699': ['LNB:Q+3;=w3'], 'P409': ['35214454'], 'P1375': ['000065330'], 'P1005': ['1919709'], 'P3065': ['A003912109'], 'P1315': ['868357'], 'P7400': ['troutjack'], 'P13591': ['person/79fcae97-967b-4e91-9df1-737f50be3b49'], 'P396': ['RAVV006221'], 'P10400': ['33915'], 'P14225': ['981005665774909366'], 'P9322': ['p0009984-Trout-Jack']}"
Q15999593,,American football player and coach (1888-1961),['Q5'],['Q30'],['Q488690'],['+1888-11-05T00:00:00Z'],['Q3246315'],"{'P535': ['46250976'], 'P646': ['/m/03gwgs3']}"
Q123577042,"Jack Trout, Who Fought for Consumers’ Minds and Money, Dies at 82","The New York Times article (June 7, 2017)",['Q309481'],[],[],[],[],"{'P953': ['https://www.nytimes.com/2017/06/07/business/jack-trout-dead-marketing-strategist-product-positioning.html'], 'P2322': ['100000005146505']}"
Q112467140,Jeff Prince,,['Q5'],[],[],['+1976-00-00T00:00:00Z'],"['Q188094', 'Q1231865']","{'P691': ['utb2013772294'], 'P214': ['1157727'], 'P269': ['226154793']}"
Q36597372,Jeffrey S. Prince,botanist,['Q5'],[],[],[],['Q2374149'],"{'P428': ['J.S.Prince'], 'P586': ['33921-1'], 'P4081': ['49883'], 'P2038': ['Jeffrey-Prince-2']}"
Q19945907,Cor Molenaar,Dutch economist,['Q5'],['Q29999'],[],['+1950-00-00T00:00:00Z'],['Q188094'],{'P1741': ['230713']}
Q133585622,,,['Q5'],[],[],['+1949-01-01T00:00:00Z'],['Q832136'],"{'P227': ['1053299893'], 'P213': ['0000000035307855'], 'P1207': ['n2012275861'], 'P214': ['26313519'], 'P13591': ['person/74e834e6-a621-4486-b074-929dcfcf3bf4'], 'P496': ['0000-0003-1106-6614']}"
Q433651,Robert Greene,English author (1558-1592),['Q5'],['Q145'],['Q130191'],"['+1558-07-11T00:00:00Z', '+1558-00-00T00:00:00Z']","['Q214917', 'Q36180', 'Q49757']","{'P214': ['29550164'], 'P213': ['000000010883135X'], 'P244': ['n80126058'], 'P227': ['118541811'], 'P373': ['Robert Greene'], 'P646': ['/m/01hy0w'], 'P691': ['jn20000602390'], 'P1015': ['90702005'], 'P1006': ['070515514'], 'P1711': ['199346'], 'P1938': ['5531'], 'P906': ['188648'], 'P409': ['35148423'], 'P1315': ['842397'], 'P2163': ['61531'], 'P18': ['Rgreene.jpg'], 'P2401': ['10005162'], 'P949': ['000056442'], 'P2973': ['35'], 'P349': ['00441626'], 'P1263': ['146/000095858'], 'P3029': ['F37579'], 'P3430': ['w6893512'], 'P3417': ['Robert-Greene-2'], 'P3762': ['39070'], 'P1599': ['GRN575R'], 'P648': ['OL18262A'], 'P1417': ['biography/Robert-Greene'], 'P3987': ['61817'], 'P1017': ['ADV10192868'], 'P1207': ['n98702502'], 'P1415': ['11418'], 'P4104': ['1021298'], 'P4629': ['Greene, Robert, 1558-1592'], 'P3219': ['robert-greene'], 'P950': ['XX5331934'], 'P5478': ['greene-robert'], 'P269': ['02853283X'], 'P5613': ['Robert-Greene'], 'P2977': ['RoGreen1592'], 'P3222': ['robert-greene'], 'P5587': ['qn2447v854jfgkx'], 'P268': ['12034999d'], 'P1296': ['0031057'], 'P5019': ['greene-robert'], 'P4342': ['Robert_Greene'], 'P1871': ['cnp01435887', 'cnp02162690'], 'P6060': ['GREE3'], 'P535': ['9038539'], 'P1580': ['a1324524'], 'P7902': ['118541811'], 'P8234': ['1042'], 'P5504': ['people/30096027'], 'P8034': ['495/73538'], 'P7982': ['23261'], 'P8385': ['39576'], 'P7293': ['9811554746905606', '9810615137405606'], 'P6706': ['Greene,+Robert'], 'P9756': ['48131'], 'P9984': ['981058528273506706'], 'P8189': ['987007262183405171'], 'P10242': ['02562/eu_g_3082/g3082'], 'P8349': ['24434'], 'P3368': ['728821'], 'P7305': ['3907739'], 'P6385': ['kultura_i_obrazovanie/teatr_i_kino/GRIN_ROBERT.html'], 'P434': ['2d882935-914e-48b1-9e58-34883c66149b'], 'P10757': ['528950'], 'P396': ['MILV072293'], 'P11249': ['14216009'], 'P11496': ['1140282266776176128'], 'P271': ['DA01134013'], 'P11686': ['981058528273506706'], 'P10565': ['401651'], 'P11870': ['1865'], 'P2949': ['Greene-5537'], 'P12385': ['robert-greene'], 'P12483': ['149296'], 'P12582': ['20110803095906401'], 'P10832': ['E39PBJrWBbFBxWH6WmJq4YJv73'], 'P3365': ['robert-greene'], 'P13049': ['118541811'], 'P10608': ['agent/gnd_118541811'], 'P8179': ['ncf10390818'], 'P6394': ['a11783916'], 'P7699': ['LNB:Cad0;=BY'], 'P10227': ['vtls000897696'], 'P7029': ['7768692'], 'P1375': ['000613101'], 'P9171': ['112130'], 'P3065': ['A013688875'], 'P7024': ['000041824'], 'P9964': ['118541811'], 'P10387': ['143385'], 'P13613': ['132153'], 'P13591': ['person/40a79104-2fc2-441e-b502-6972b615006e'], 'P13951': ['113879', '611263'], 'P14225': ['981005725269809366'], 'P14585': ['68724'], 'P14541': ['2Ctj7q'], 'P13772': ['robert-greene']}"
Q1386992,Robert Greene,American author,['Q5'],['Q30'],['Q65'],['+1959-05-14T00:00:00Z'],['Q36180'],"{'P214': ['79450809'], 'P227': ['12135279X'], 'P18': ['Robert Greene B&W.jpg'], 'P646': ['/m/034crr'], 'P1006': ['173572812'], 'P856': ['https://powerseductionandwar.com'], 'P2163': ['421593'], 'P648': ['OL236414A'], 'P244': ['n98073126'], 'P3430': ['w6qd0kcf'], 'P3987': ['55338'], 'P906': ['319665'], 'P213': ['0000000116788697'], 'P269': ['144921766'], 'P950': ['XX1393842'], 'P5587': ['zw9djbnh2g11thx'], 'P268': ['16164869j'], 'P691': ['utb2015856321'], 'P2963': ['865'], 'P5034': ['KAC200003656'], 'P7704': ['agent/base/117426'], 'P1580': ['a1320575'], 'P1207': ['n2004077431'], 'P7293': ['9810577648805606'], 'P9743': ['107Zzr2yxU'], 'P9984': ['981058526403906706'], 'P8189': ['987007287651705171'], 'P349': ['00865265'], 'P1368': ['000054042'], 'P1375': ['000476313'], 'P1005': ['611673'], 'P947': ['000004640'], 'P409': ['60031725'], 'P3065': ['A003317564'], 'P949': ['000535452'], 'P7024': ['000041706'], 'P1309': ['vtls003977700'], 'P434': ['612c20e1-6737-4613-880c-869bd990436a'], 'P7502': ['Robert_Greene_(American_author)-PGBPWD'], 'P396': ['SBLV133747'], 'P4619': ['000195415'], 'P11249': ['14551118'], 'P11686': ['981058526403906706'], 'P1617': ['1916452a-1500-4bcb-ba35-fdbf09f2ed1c'], 'P3478': ['289363'], 'P271': ['DA0655588X'], 'P11496': ['1140845216605970432'], 'P12458': ['80890'], 'P10832': ['E39PBJc3HjqXbgCwkyqwpcHt8C'], 'P13049': ['12135279X'], 'P9964': ['12135279X'], 'P10387': ['97865'], 'P9802': ['243460'], 'P1315': ['1707555'], 'P3280': ['0001179674'], 'P7369': ['000218182'], 'P8179': ['ncf12075514'], 'P6394': ['a12268975'], 'P7699': ['LNB:RLT;=BO'], 'P10227': ['vtls001352464'], 'P7029': ['7776963'], 'P1280': ['91099747'], 'P7700': ['vtls011977208'], 'P13591': ['person/2b78dee6-163b-437d-abed-96dbc6d1650a'], 'P7902': ['12135279X'], 'P2002': ['RobertGreene'], 'P10757': ['53802'], 'P10400': ['28368'], 'P14178': ['utb2015856321'], 'P14225': ['981005700402409366'], 'P9322': ['0367081-Greene-Robert-1959'], 'P5337': ['CAAqIggKIhxDQkFTRHdvSkwyMHZNRE0wWTNKeUVnSmxiaWdBUAE']}"
Q820609,Robert Greene,Wikimedia disambiguation page,['Q22808320'],[],[],[],[],{}
Q7344935,Robert Greene,English philosopher,['Q5'],['Q145'],[],['+1678-01-01T00:00:00Z'],['Q4964182'],"{'P227': ['134232178'], 'P214': ['23353145'], 'P1315': ['1076982'], 'P1871': ['cnp01141120'], 'P2163': ['1500299'], 'P2401': ['10005163'], 'P244': ['no91016095'], 'P906': ['319663'], 'P1415': ['11419'], 'P648': ['OL2405917A'], 'P1006': ['322798817'], 'P213': ['0000000063218024'], 'P5587': ['wt7bg8lf2zzsw39'], 'P269': ['183903021'], 'P7902': ['134232178'], 'P646': ['/m/0h3lhhj'], 'P3368': ['1918184'], 'P10832': ['E39PBJtRKj4wfwTMtXhtrf3G73'], 'P9964': ['134232178'], 'P13591': ['person/04accde4-fcad-4789-8ee6-65d989c54c59'], 'P9984': ['981058528273406706']}"
Q131008002,Robert Greene,American contemporary artist,['Q5'],[],[],['+1953-01-01T00:00:00Z'],['Q483501'],{}
Q327122,Donald Leslie,American inventor (1911-2004),['Q5'],['Q30'],['Q577334'],['+1911-04-13T00:00:00Z'],"['Q128124', 'Q205375']","{'P535': ['9566762'], 'P646': ['/m/03vbr0'], 'P3368': ['2393524'], 'P1417': ['biography/Donald-Leslie'], 'P373': ['Donald Leslie'], 'P856': ['https://donaldleslie.com/'], 'P2949': ['Leslie-5309'], 'P1263': ['710/000061527']}"
Q60734903,Don Leslie,American actor,['Q5'],[],[],['+1948-11-23T00:00:00Z'],['Q2405480'],"{'P345': ['nm0504084'], 'P2671': ['/g/11gzq4q7nm'], 'P4985': ['1177401'], 'P10302': ['don-leslie'], 'P12098': ['880213'], 'P9995': ['124499'], 'P14750': ['3401-8470-00DB-D2E3-4A24']}"
Q5293003,Don Leslie Michael,U.S. Army Medal of Honor recipient (1947–1967),['Q5'],[],['Q79743'],['+1947-07-31T00:00:00Z'],['Q47064'],"{'P535': ['7128319'], 'P646': ['/m/02vs9js'], 'P3368': ['2392385'], 'P2600': ['6000000014440567167'], 'P18': ['437 Michael.jpg'], 'P13443': ['don-l-michael'], 'P373': ['Don L. Michael']}"
Q707626,Don L. Lind,American astronaut (1930–2022),['Q5'],['Q30'],['Q482518'],['+1930-05-18T00:00:00Z'],"['Q189290', 'Q11631', 'Q42603', 'Q169470']","{'P214': ['53155508'], 'P373': ['Don L. Lind'], 'P18': ['Don Lind.jpg'], 'P646': ['/m/02wt32'], 'P244': ['n85389588'], 'P2030': ['lind-dl'], 'P2163': ['170375'], 'P3430': ['w67m7sdr'], 'P213': ['0000000025220449'], 'P1741': ['126284'], 'P268': ['169530845'], 'P2949': ['Lind-808'], 'P10832': ['E39PBJp669Yw7xhmm6kdc7HHmd']}"
Q75689883,Don Leslie Pitt,(born 1959),['Q5'],[],[],['+1959-03-27T00:00:00Z'],[],{'P4638': ['p28961.htm#i289605']}
Q6770405,Mark Wolfson,British politician (1934-2018),['Q5'],['Q145'],[],['+1934-04-07T00:00:00Z'],['Q82955'],"{'P2015': ['mr-mark-wolfson'], 'P4471': ['6239'], 'P646': ['/m/0dt4d4'], 'P3368': ['2272168'], 'P10428': ['962'], 'P6213': ['Zoadbxxu'], 'P2171': ['19551'], 'P8445': ['311949']}"
Q88490455,Mark Wolfson,researcher,['Q5'],[],[],[],['Q1650915'],{'P496': ['0000-0002-7901-774X']}
Q49126,Harvard Business School,"business school in Boston, Massachusetts, USA","['Q1143635', 'Q43229']",[],[],[],[],"{'P373': ['Harvard Business School'], 'P18': ['Aerial of the Harvard Business School campus.jpeg'], 'P646': ['/m/0kqj1'], 'P1566': ['4938986'], 'P214': ['261659719'], 'P856': ['https://www.hbs.edu/Pages/default.aspx'], 'P648': ['OL2993372A'], 'P3417': ['Harvard-Business-School'], 'P213': ['0000000110915405', '0000000419367566'], 'P3153': ['100007300'], 'P691': ['kn20140812003'], 'P244': ['n79055350'], 'P6773': ['486577'], 'P3500': ['1856'], 'P3393': ['33342'], 'P227': ['42800-0'], 'P2002': ['HarvardHBS'], 'P2003': ['harvardhbs'], 'P2013': ['onlineHBS'], 'P3987': ['735465'], 'P3553': ['19637004'], 'P7632': ['133'], 'P4096': ['harbsus'], 'P2088': ['harvard-business-school', 'harvard-business-school-rock-center-for-entrepreneurship'], 'P10006': ['harvard-business-school'], 'P271': ['DA00270526'], 'P8189': ['987007408393105171'], 'P269': ['026631121'], 'P11496': ['1140000791595363968'], 'P11196': ['哈佛商学院'], 'P11822': ['h1/co/A0365H/0751/L'], 'P12749': ['Q97902'], 'P9964': ['42800-0'], 'P13337': ['hbs.edu'], 'P13591': ['group/dc67b3cd-56c2-4724-8222-71b801174972'], 'P13204': ['xbygqzjf'], 'P13772': ['harvard-business-school'], 'P5586': ['harvard-business-school'], 'P14750': ['E957-0A6D-EDC4-2EAB-80BB'], 'P402': ['17733087']}"
Q3783574,Harvard Business Publishing,United States publishing company,['Q479716'],[],[],[],[],"{'P646': ['/m/088y7r'], 'P856': ['http://www.harvardbusiness.org/'], 'P3417': ['Harvard-Business-Publishing'], 'P244': ['no2012030386'], 'P214': ['126281122', '262570077'], 'P2002': ['harvardbizedu'], 'P2013': ['HarvardBizEdu'], 'P2397': ['UCTStHSp2-io68j_3jjvQmgA'], 'P691': ['vse20211108250', 'vse20211108257'], 'P2088': ['harvard-business-publishing-corporation'], 'P269': ['052505022'], 'P11496': ['1140282266559409408'], 'P271': ['DA19309150'], 'P11686': ['981058522598806706'], 'P8189': ['987012330469105171'], 'P10283': ['P4310316270'], 'P13337': ['harvardbusiness.org'], 'P13591': ['group/b8edb0f3-eeeb-4e5c-8277-c536ecd0ef61']}"
Q5676306,Harvard Business School RFC,"rugby union team based at Harvard Business School in Boston, Massachusetts, USA",['Q14645593'],[],[],[],[],"{'P646': ['/m/04n3lfl'], 'P856': ['https://hbsclubrugby.com/']}"
Q27478414,Harvard Business School Working Paper,,[],[],[],[],[],{}
Q114239845,Harvard Business School Association,alumni association of the Harvard Business School,['Q447877'],[],[],[],[],"{'P8189': ['987007585539405171'], 'P244': ['n82166272'], 'P1315': ['1221495'], 'P214': ['126281122'], 'P213': ['0000000108055530'], 'P8179': ['ncf10752866'], 'P13591': ['group/b8edb0f3-eeeb-4e5c-8277-c536ecd0ef61']}"
Q60024331,S. Tamer Cavusgil,Turkish-American economist (born 1947),['Q5'],"['Q30', 'Q43']",[],['+1947-10-04T00:00:00Z'],"['Q188094', 'Q1622272', 'Q1650915', 'Q3400985']","{'P496': ['0000-0003-1947-492X'], 'P1153': ['6603748728'], 'P214': ['250744'], 'P213': ['0000000115578874'], 'P268': ['14548732w'], 'P269': ['084082364'], 'P1207': ['n2004086134'], 'P3987': ['89318'], 'P1280': ['21102947'], 'P5034': ['KAC201009739'], 'P244': ['n82085310'], 'P8189': ['987007605155105171'], 'P227': ['123819555'], 'P11249': ['14011168'], 'P11182': ['13526'], 'P13591': ['person/122fdf56-dff7-432a-9148-b875b6316ef9'], 'P2671': ['/g/11byd0k8r_']}"
Q124125631,Gary Knight,American composer,['Q5'],[],[],[],[],{}
Q5525380,Gary Knight,British photographer,['Q5'],['Q145'],['Q1001942'],['+1964-01-01T00:00:00Z'],"['Q164236', 'Q33231', 'Q11496048']","{'P214': ['102422421'], 'P213': ['0000000106558118'], 'P18': ['GKPortrait.jpg'], 'P856': ['http://www.garyknightphotography.com/'], 'P2750': ['315873'], 'P646': ['/m/0284w6r'], 'P268': ['161562068'], 'P5361': ['KnightGary1964-'], 'P244': ['no2003092338'], 'P7704': ['agent/base/8320'], 'P4759': ['Gary__Knight'], 'P227': ['142768359'], 'P8189': ['987012094846605171'], 'P10832': ['E39PBJdcD6TTjKbqH6xqHmRFrq'], 'P13591': ['person/f291ef2c-380a-4d6d-977f-7283c7b6b749'], 'P9720': ['38099']}"
Q3098572,Gary Albert Knight,New Zealand rugby union player,['Q5'],['Q664'],['Q23661'],['+1951-08-26T00:00:00Z'],['Q14089670'],"{'P858': ['8796'], 'P3645': ['470'], 'P646': ['/m/0123r3cv'], 'P5421': ['43723'], 'P3368': ['2456231'], 'P14105': ['3000503441']}"
Q23304241,Gary Knight,cricketer,['Q5'],['Q408'],['Q339527'],['+1950-07-20T00:00:00Z'],['Q12299841'],"{'P2697': ['6162'], 'P2671': ['/g/11cm0mrn5s']}"
Q137031126,,,['Q5'],[],[],[],['Q188094'],"{'P227': ['142769533'], 'P13049': ['142769533'], 'P214': ['261126893'], 'P496': ['0000-0003-4793-1200']}"
Q61864333,Nicole Franziska Richter,researcher ORCID ID = 0000-0002-1278-176X,['Q5'],[],[],[],"['Q832136', 'Q1622272']","{'P496': ['0000-0002-1278-176X'], 'P1153': ['56478605100'], 'P227': ['1080275894'], 'P214': ['54145067070366630261'], 'P6178': ['011072376105.83'], 'P856': ['https://portal.findresearcher.sdu.dk/en/persons/8ef03ee7-4531-46c6-bdf7-7b63affcb862'], 'P691': ['vse20221169567'], 'P13049': ['1080275894']}"
Q12319668,Jesper Strandskov,Danish scientist,['Q5'],['Q756617'],['Q30096'],"['+1954-11-24T00:00:00Z', '+1954-00-00T00:00:00Z']",['Q901'],"{'P244': ['n85359062'], 'P691': ['jx20111114030'], 'P214': ['7545369'], 'P1006': ['336594879'], 'P1207': ['n2011109286'], 'P3987': ['555596'], 'P8189': ['987007441262805171'], 'P213': ['0000000028061500'], 'P268': ['135190077'], 'P269': ['050201298'], 'P227': ['131879073'], 'P11182': ['10619'], 'P10832': ['E39PBJkdhHc394HQkmgYWYbWXd'], 'P13049': ['131879073'], 'P13591': ['person/b159d84a-f4c6-48ef-9bfc-9e1c3a6888f7'], 'P496': ['0000-0003-2120-9869']}"
Q141054168,"Jesper Strandskov: Konkurrence og koncentration. Slagteriernes fusionshistorie 1960-2010. Bind I-II. (University of Southern Denmark Studies in History and Social Sciences vol. 422). Odense, Syddansk Universitetsforlag, 2011.",scholarly article published in Historisk Tidsskrift (2013) (DOI: 10.7146/HT.V111I2.56540),['Q13442814'],[],[],[],[],"{'P356': ['10.7146/HT.V111I2.56540'], 'P304': ['611-615'], 'P2093': ['Gustav N. Kristensen'], 'P10283': ['W2758157512']}"
Q132926476,,,['Q5'],[],[],[],['Q188094'],"{'P227': ['141136464'], 'P13049': ['141136464'], 'P213': ['0000000078108370'], 'P214': ['120377945'], 'P496': ['0000-0002-4706-4533']}"
Q12160003,Vasyl A. Tarasenko,Ukrainian diplomat,['Q5'],['Q212'],['Q1718330'],['+1907-04-18T00:00:00Z'],"['Q193391', 'Q201788']","{'P646': ['/m/012nvv7p'], 'P3368': ['1766458']}"
Q43260861,Vasyl Tarasovych,,['Q5'],[],[],[],[],{'P2671': ['/g/1211rdkj']}
Q30961456,Vasyl Tarasiuk,Ukrainian military personnel,['Q5'],['Q212'],['Q984408'],['+1994-01-14T00:00:00Z'],['Q47064'],"{'P18': ['Присяга Національної академії сухопутних військ 2017.jpg'], 'P2671': ['/g/11dzsrvpyg']}"
Q28358675,Vasyl Tarasiuk,,['Q5'],[],['Q4410690'],['+1884-00-00T00:00:00Z'],[],{'P2671': ['/g/11c61yw8yc']}
Q112562460,David Travis,,['Q5'],[],[],['+1960-00-00T00:00:00Z'],['Q212980'],"{'P691': ['vse20211134502'], 'P214': ['5301150172719800180001'], 'P8189': ['987007423314805171'], 'P13591': ['person/4138e1cb-cd51-4077-bae0-502776334549'], 'P227': ['1314714716']}"
Q75478863,David Travis,(born 1954),['Q5'],[],[],['+1954-02-10T00:00:00Z'],[],{'P4638': ['p16697.htm#i166962']}
Q5230012,Dave Travis,British javelin thrower,['Q5'],['Q145'],['Q1143278'],['+1945-09-09T00:00:00Z'],"['Q18510502', 'Q11513337']","{'P1447': ['tr/dave-travis-1'], 'P3171': ['david-travis'], 'P4548': ['38921'], 'P18': ['Dave Travis 2.jpg'], 'P3925': ['9345'], 'P8286': ['69538'], 'P2671': ['/g/122dslzf'], 'P5815': ['david-howard-travis'], 'P4490': ['5c4rPRsHg8yQMZUJbTaaOu'], 'P5882': ['M00000127518'], 'P3368': ['2533581'], 'P1146': ['14551773'], 'P14105': ['3000009889']}"
Q5240486,David Travis,American politician,['Q5'],['Q30'],[],['+1948-09-21T00:00:00Z'],"['Q82955', 'Q1792450', 'Q674426']","{'P214': ['39458983'], 'P213': ['0000000109362508'], 'P3344': ['3546'], 'P3430': ['w6gb3s3m'], 'P646': ['/m/051cq7t'], 'P2750': ['308771'], 'P906': ['283059'], 'P1006': ['071353895'], 'P268': ['13166593n'], 'P5587': ['rp369rs95808xns'], 'P269': ['094846278'], 'P244': ['n79090508'], 'P5034': ['KAC201413566'], 'P1207': ['n2007135216'], 'P8189': ['987007272946005171'], 'P10632': ['Q5240486'], 'P227': ['132943247'], 'P10832': ['E39PBJdh6hfwbcgvWXcHwGgh73'], 'P13049': ['132943247'], 'P8445': ['20964'], 'P13591': ['person/0ea86381-f686-4ed5-b90e-b5fdcc0e376b']}"
Q122889213,Dave Monk,British radio presenter,['Q5'],['Q145'],['Q203995'],['+1953-02-00T00:00:00Z'],"['Q2722764', 'Q130857', 'Q14284', 'Q131524']","{'P10632': ['Q122889213'], 'P5297': ['JZZzXDvL2S8f6qsbn2f3sKwM7xk']}"
Q87874640,Philip Hodgson,researcher,['Q5'],[],[],[],['Q1650915'],{'P496': ['0000-0002-4364-6712']}
Q7183742,Philip Hodgson,English county cricketer (1935-2015),['Q5'],['Q145'],[],['+1935-09-21T00:00:00Z'],['Q12299841'],"{'P646': ['/m/02qlxqb'], 'P2698': ['30305'], 'P3368': ['1956548']}"
Q133654897,,,['Q5'],[],[],['+1950-01-01T00:00:00Z'],['Q212980'],"{'P227': ['1314714821'], 'P213': ['000000050159715X'], 'P214': ['17153651655655780080']}"
Q139461172,,,['Q5'],[],[],[],['Q1622272'],{'P691': ['utb20191039472']}
Q5544877,"Sir George Stonhouse, 3rd Baronet",English politician,['Q5'],['Q179876'],[],['+1603-08-28T00:00:00Z'],['Q82955'],"{'P1614': ['1660-1690/member/stonhouse-sir-george-1603-75'], 'P4638': ['p3698.htm#i36979'], 'P646': ['/m/0dgr4tp'], 'P3368': ['2305591'], 'P1819': ['I00313538'], 'P2949': ['Stonehouse-943'], 'P1802': ['3f42aeca-2da1-41e3-853d-7fd08c8b82b2']}"
Q19325833,George Stonehouse,estranged Church of England clergyman and philanthropist,['Q5'],['Q161885'],[],['+1714-00-00T00:00:00Z'],['Q3409375'],"{'P214': ['26940244'], 'P244': ['nr93037386'], 'P1415': ['63467'], 'P3410': ['87512']}"
Q28549914,George Stonehouse,1 Jul 1808 - certain 24 Jul 1871,['Q5'],[],[],['+1808-07-01T00:00:00Z'],[],"{'P2671': ['/g/11g6b0bq7s'], 'P2949': ['Stonehouse-44']}"
Q119700770,"George Stonehouse (1662–1724), Fellow (1689–?)","painting by Michael Dahl (1656/1659–1743) (circle of), Magdalen College, University of Oxford",['Q3305213'],[],[],[],[],"{'P1679': ['george-stonehouse-16621724-fellow-1689-222461'], 'P217': ['P0217'], 'P4765': ['https://d3d00swyhr67nd.cloudfront.net/w800h800/collection/OU/MGDC/OU_MGDC_P0217-001.jpg']}"
Q61741950,Bill Houston,"American football player, wide receiver",['Q5'],['Q30'],['Q983822'],['+1951-08-22T00:00:00Z'],['Q19204627'],"{'P3561': ['H/HousBi00'], 'P3539': ['2516863'], 'P2671': ['/g/11h3mjz4nt'], 'P9338': ['bill-houston']}"
Q19874431,Bill Houston,Australian rules footballer (1918-1982),['Q5'],[],['Q47002'],['+1918-08-14T00:00:00Z'],['Q13414980'],"{'P3546': ['6666'], 'P3547': ['B/Bill_Houston'], 'P646': ['/m/0134v8s0'], 'P535': ['262428536']}"
Q112389225,Bill Houston,,['Q5'],[],[],['+1928-00-00T00:00:00Z'],['Q188094'],"{'P691': ['vse2004265406'], 'P214': ['85269926'], 'P1207': ['n2014189158'], 'P213': ['0000000114621885'], 'P269': ['127356053'], 'P227': ['171374541'], 'P8189': ['987007428774205171'], 'P13591': ['person/d29ae9dc-8cc3-48ac-9575-2a9a6358883e']}"
Q98766208,Bill Houston,,['Q5'],['Q145'],[],['+1956-01-01T00:00:00Z'],['Q3391743'],"{'P4663': ['4ce92126-8b0d-4c7c-a63a-003fe5363137'], 'P10706': ['004683']}"
Q105091956,Marc English,print by Bryce McCloud,['Q429785'],[],[],[],[],"{'P217': ['2001.173'], 'P6108': ['https://iiif-manifest.library.vanderbilt.edu/gallery/2001/2001.173.json']}"
Q126298110,Janice Burnett,"New Zealand community leader, netball umpire and Guiding leader",['Q5'],['Q664'],[],[],"['Q1500610', 'Q202648']","{'P18': ['Janice Burnett KSM (cropped).jpg'], 'P373': ['Janice Burnett']}"
Q16089787,"Sir Nigel Seely, 5th Baronet",British baronet,['Q5'],['Q145'],[],['+1923-07-28T00:00:00Z'],[],"{'P4638': ['p277.htm#i2767'], 'P2949': ['Seely-759'], 'P4789': ['U34303'], 'P646': ['/m/0y4p0q8'], 'P3368': ['1859951']}"
Q75346340,Nigel Seely,(1902-1943),['Q5'],[],[],['+1902-11-13T00:00:00Z'],[],{'P4638': ['p7805.htm#i78048']}
Q89187854,Nigel Seeley,(1942-2004),['Q5'],[],[],['+1942-01-01T00:00:00Z'],[],{'P214': ['172752411']}
Q30113294,Terry Garrison,American politician,['Q5'],['Q30'],[],['+1949-01-19T00:00:00Z'],['Q82955'],"{'P18': ['Terry Garrison NC.jpg'], 'P2671': ['/g/11dfj4wfj8'], 'P10632': ['Q30113294'], 'P8445': ['366980']}"
Q124839952,Peter Zamborsky,business academic,['Q5'],[],[],[],['Q3400985'],"{'P1053': ['E-7797-2017'], 'P496': ['0000-0002-4388-3187'], 'P10283': ['A5042412556']}"
Q93434078,Jerry J. Weygandt,,['Q5'],[],[],['+1942-12-24T00:00:00Z'],['Q1051798'],"{'P213': ['000000010996025X'], 'P214': ['85516817'], 'P244': ['n79144799'], 'P1580': ['a1068602'], 'P1207': ['n99002871'], 'P5034': ['KAC200714516'], 'P8851': ['55024393'], 'P691': ['xx0034916'], 'P3987': ['114800'], 'P1280': ['7298659'], 'P8189': ['987007425016305171'], 'P269': ['067701507'], 'P227': ['135963710'], 'P11249': ['14313117'], 'P9984': ['981058518901306706'], 'P11686': ['981058518901306706'], 'P11182': ['1697'], 'P648': ['OL225203A'], 'P13591': ['person/dc40d70e-093b-4c57-829f-1c12aefcd2b2'], 'P1048': ['000122561', '000392939'], 'P13951': ['428489']}"
Q6387330,Ken Black,Canadian politician (1932-2016),['Q5'],['Q16'],['Q896553'],['+1932-03-11T00:00:00Z'],['Q82955'],"{'P214': ['31161545'], 'P213': ['0000000073928388'], 'P244': ['n90684653'], 'P646': ['/m/05_jdt'], 'P10832': ['E39PBJvhp8gWWyMDMRTTGvkkXd'], 'P8445': ['325345'], 'P3054': ['ken-black']}"
Q6387335,Ken Blackburn,American aerospace engineer,['Q5'],['Q30'],[],['+1963-03-24T00:00:00Z'],"['Q10497074', 'Q81096', 'Q482980']","{'P214': ['69224137'], 'P213': ['0000000110694104'], 'P1006': ['17564246X'], 'P268': ['15094640k'], 'P691': ['jx20071220015'], 'P244': ['n94019580'], 'P1207': ['n2009114471'], 'P646': ['/m/0gvv2n4'], 'P7293': ['9810646638305606'], 'P648': ['OL233995A'], 'P5421': ['176735'], 'P10832': ['E39PBJvHbV97kmhprPgGqXgBT3'], 'P10387': ['145152'], 'P227': ['1183815484'], 'P13049': ['1183815484'], 'P9322': ['0446535-Blackburn-Ken'], 'P8189': ['987013338655705171']}"
Q27918305,Ken Black,Canadian architect,['Q5'],['Q16'],[],['+1912-05-19T00:00:00Z'],['Q42973'],"{'P2671': ['/g/11c46jnjdv'], 'P8098': ['1130']}"
Q18693042,Ken Blackwell,American film editor,['Q5'],['Q30'],[],[],['Q7042855'],"{'P345': ['nm0085923'], 'P2604': ['1985534'], 'P2626': ['29521'], 'P1266': ['475629', '95582'], 'P2605': ['240890'], 'P2019': ['p541505'], 'P2387': ['1472189'], 'P2435': ['204477'], 'P2168': ['95731'], 'P2519': ['44534'], 'P4985': ['938105'], 'P10266': ['95582'], 'P10302': ['ken-blekuell'], 'P11683': ['ken-blekuell'], 'P12098': ['142638'], 'P9662': ['29711'], 'P12854': ['5d776a8296b655001fdf09c3'], 'P14750': ['822B-E5B9-EE5A-289F-F614']}"
Q100752335,Ken Blackmon,basketball player,['Q5'],[],[],[],['Q3665646'],{'P3696': ['ken-blackmon-1']}
Q107488326,Morris Hamburg,American statistician,['Q5'],['Q30'],[],['+1922-00-00T00:00:00Z'],"['Q2732142', 'Q1622272']","{'P214': ['110772887'], 'P213': ['0000000109349952'], 'P244': ['n79060161'], 'P227': ['170187942'], 'P646': ['/m/05vdp71'], 'P269': ['035113731'], 'P7293': ['9810698961405606'], 'P11182': ['81389'], 'P3987': ['111026'], 'P12458': ['856293'], 'P13951': ['309397']}"
Q16246142,Max H. Bazerman,Negotiation theorist and teacher,['Q5'],[],[],['+1955-08-14T00:00:00Z'],"['Q1622272', 'Q188094']","{'P227': ['170024512'], 'P214': ['57975689'], 'P3987': ['323714'], 'P1006': ['070817871'], 'P213': ['0000000063531571'], 'P5361': ['BazermanMaxH'], 'P691': ['vse2012699604'], 'P244': ['n82216968'], 'P5034': ['KAC200403593'], 'P1207': ['n97008015'], 'P646': ['/m/05xxqb7'], 'P1960': ['NGKWT4gAAAAJ'], 'P7293': ['9810600807805606'], 'P8189': ['987007272648305171'], 'P269': ['069985987'], 'P496': ['0000-0002-7009-3340'], 'P11182': ['12293'], 'P12458': ['636730'], 'P10832': ['E39PBJjH9JChjmrGV8XCQbymVC'], 'P1015': ['90182813'], 'P4619': ['000611077'], 'P8179': ['ncf12096841'], 'P7699': ['LNB:CicU;=B0'], 'P349': ['00538107'], 'P271': ['DA02906392'], 'P409': ['36335240'], 'P1375': ['000040717'], 'P3065': ['A002980261'], 'P11496': ['1140845216559196672'], 'P13591': ['person/bc604859-733f-4bca-9e04-0223eee0060b'], 'P13951': ['184632'], 'P14225': ['981005671068709366'], 'P3747': ['273075']}"
Q181529,Herbert Simon,"American political scientist, economist, sociologist, and psychologist (1916–2001)",['Q5'],['Q30'],['Q37836'],['+1916-06-15T00:00:00Z'],"['Q188094', 'Q82955', 'Q2306091', 'Q1622272', 'Q82594', 'Q1238570', 'Q15319501']","{'P244': ['n79021485'], 'P214': ['29540765'], 'P213': ['0000000120958302'], 'P373': ['Herbert Simon'], 'P227': ['118936271'], 'P349': ['00456633'], 'P691': ['jn19990007976'], 'P549': ['87903'], 'P646': ['/m/03pdl'], 'P18': ['Herbert Simon, RIT NandE Vol13Num11 1981 Mar19 Complete.jpg'], 'P1006': ['068404107'], 'P648': ['OL4372811A'], 'P2163': ['1439338'], 'P1417': ['biography/Herbert-A-Simon'], 'P1263': ['281/000116930'], 'P2456': ['16/6065'], 'P864': ['81100527918'], 'P1960': ['9d7rMrkAAAAJ'], 'P1153': ['7402135283'], 'P3348': ['83890'], 'P3430': ['w6fb6jsh'], 'P2428': ['psi29'], 'P2732': ['50000'], 'P2381': ['93092', '11024'], 'P2924': ['3528161'], 'P4293': ['pe/016589'], 'P906': ['235457'], 'P3987': ['66232'], 'P3219': ['herbert-alexander-simon'], 'P3029': ['F66598'], 'P269': ['033627495'], 'P1556': ['simon.herbert-a'], 'P5731': ['88428'], 'P2179': ['10011392'], 'P5587': ['1zcfh85k1zxmht4'], 'P950': ['XX997740'], 'P268': ['11924825s'], 'P6174': ['simon-herbert'], 'P1296': ['0062805'], 'P5034': ['KAC199625366', 'KAC2018N9243'], 'P1284': ['00000015432'], 'P5019': ['simon-herbert-alexander'], 'P4342': ['Herbert_Simon'], 'P4955': ['162505'], 'P8024': ['691'], 'P7865': ['95a5yja38danygu695b5yc1n64w3cc0'], 'P1580': ['a1278429'], 'P7902': ['118936271'], 'P5380': ['50445'], 'P1207': ['n98044535'], 'P271': ['DA00049859'], 'P5063': ['i96920'], 'P8851': ['378471'], 'P7982': ['56032'], 'P1005': ['106336'], 'P7293': ['9810550023605606'], 'P6706': ['Simon,+Herbert+A.'], 'P1695': ['a0000001854047'], 'P9087': ['Simon'], 'P9097': ['12455045'], 'P8814': ['11320888-n'], 'P9251': ['22709'], 'P3630': ['217908'], 'P535': ['6922591'], 'P7666': ['herbert-alexander-simon'], 'P2600': ['6000000020773186224'], 'P396': ['CFIV051860'], 'P2889': ['LHK4-8TY'], 'P9918': ['PE00003782'], 'P6385': ['gumanitarnye_nauki/lingvistika/SAMON_GERBERT_ALEKSANDER.html'], 'P9984': ['981058514876906706'], 'P8189': ['987007302229805171'], 'P8034': ['495/304017'], 'P1015': ['90056630'], 'P4619': ['000355882'], 'P8179': ['ncf12082610'], 'P6394': ['a11548198', 'a11187402'], 'P7699': ['LNB:V*90831;=BH'], 'P1368': ['000009046'], 'P1375': ['000016129'], 'P3065': ['A003833113'], 'P10242': ['05404/eu_s_2232/s2232'], 'P8313': ['Herbert_A._Simon'], 'P7305': ['3975355'], 'P10553': ['060226676'], 'P10565': ['217119', '106480', '734230'], 'P2949': ['Simon-6284'], 'P2450': ['4212'], 'P11185': ['59de6bd221c0c8f86d488962'], 'P11496': ['1140000791713840896'], 'P11249': ['14746491'], 'P11686': ['981058514876906706'], 'P11514': ['saimon-gerbert-cfb8cd'], 'P3280': ['0000060837'], 'P8568': ['herbert-simon'], 'P11182': ['1615'], 'P6900': ['ハーバート・アレクサンダー・サイモン'], 'P6441': ['4608840'], 'P1213': ['063505221'], 'P4012': ['2259532335'], 'P9871': ['4931'], 'P12385': ['herbert-simon'], 'P12458': ['193249'], 'P2188': ['25221'], 'P12582': ['20110803100506875'], 'P10832': ['E39PBJhxt4mxmJGBrgMDBxrjG3'], 'P12836': ['30194202'], 'P3365': ['herbert-alexander-simon'], 'P13049': ['118936271'], 'P3222': ['herbert-a-simon'], 'P1280': ['93494371'], 'P8349': ['45893'], 'P10387': ['124769'], 'P8445': ['184306'], 'P13613': ['186402'], 'P13591': ['person/f584041a-b6e8-4503-a9f8-bb5faeebbaf7'], 'P2963': ['89879'], 'P7184': ['03pdl'], 'P1438': ['13651'], 'P13951': ['139758', '185618', '284970'], 'P14178': ['jn19990007976'], 'P14225': ['981005677719709366'], 'P13204': ['h5ad79u8'], 'P14541': ['4U2ODV', '2OWZg5'], 'P14536': ['429334'], 'P12451': ['151061436'], 'P2581': ['00043782n']}"
Q69905650,Herbert Alexander Simon,scientific article published on 01 January 1970,['Q13442814'],[],[],[],[],"{'P304': ['81-89'], 'P433': ['1'], 'P478': ['25'], 'P698': ['4910178']}"
Q112417372,O. C. Ferrell,,['Q5'],[],[],['+1943-00-00T00:00:00Z'],['Q121594'],"{'P691': ['vse2008485547'], 'P214': ['37860967'], 'P213': ['0000000109650366'], 'P1207': ['n99023914'], 'P1280': ['11420515'], 'P244': ['n82053047'], 'P269': ['119334577'], 'P8189': ['987007454632105171'], 'P3987': ['79380'], 'P227': ['124804926'], 'P11496': ['1140845216585756032'], 'P271': ['DA0088772X'], 'P5034': ['KAC201710659'], 'P11182': ['5013'], 'P13049': ['124804926'], 'P1368': ['000015524'], 'P13591': ['person/ae18d6c5-04d0-49b1-8a5c-0735ae36763c'], 'P13906': ['96762'], 'P12458': ['890348']}"
Q112419769,John Fraedrich,,['Q5'],[],[],['+1957-00-00T00:00:00Z'],['Q188094'],"{'P691': ['utb2009505300'], 'P214': ['88574017'], 'P213': ['0000000078788169'], 'P244': ['n93079212'], 'P269': ['163695474'], 'P1207': ['n01106832'], 'P1280': ['61778275'], 'P8189': ['987007441055305171'], 'P3987': ['285056'], 'P227': ['132639785'], 'P11182': ['82809'], 'P1368': ['000015525'], 'P13591': ['person/e7689ee7-4983-45a0-9139-1837c2134ec7']}"
Q130815305,Linda Ferrell,,['Q5'],[],[],[],['Q188094'],"{'P227': ['132639459'], 'P13049': ['132639459'], 'P213': ['0000000029010430'], 'P214': ['45468518'], 'P1207': ['n2009102275'], 'P496': ['0000-0002-2309-309X']}"
Q112426101,S. Christian Albright,Professor (1946-,['Q5'],[],[],['+1946-00-00T00:00:00Z'],['Q121594'],"{'P691': ['vse2010558354'], 'P214': ['81544102'], 'P1207': ['n2004040660'], 'P213': ['0000000078845135'], 'P3987': ['145431'], 'P244': ['n86145424'], 'P8189': ['987007605325505171'], 'P269': ['070426139'], 'P227': ['137339968'], 'P11496': ['1140282266699685760'], 'P271': ['DA03254887'], 'P11182': ['25535'], 'P1368': ['000103615'], 'P13591': ['person/9fa897fb-6cc9-42e7-9bac-f9b0df4fdf7b']}"
Q30074498,Wayne L. Winston,American information scientist,['Q5'],['Q30'],['Q1408'],['+1950-02-14T00:00:00Z'],"['Q1265807', 'Q1622272', 'Q170790']","{'P271': ['DA04635489'], 'P213': ['0000000121423844'], 'P268': ['145882074'], 'P227': ['134241614'], 'P691': ['vse2009498874'], 'P1368': ['000063998'], 'P269': ['07042621X'], 'P1207': ['n2004005844'], 'P1015': ['90578786'], 'P949': ['002195674'], 'P1006': ['072964111'], 'P1375': ['000338448'], 'P409': ['35232633'], 'P244': ['n87942571'], 'P214': ['86417738'], 'P1280': ['12756579'], 'P5034': ['KAC201507854'], 'P646': ['/m/0519f77'], 'P3630': ['194643'], 'P3987': ['145432'], 'P8189': ['987007459845205171'], 'P7400': ['winstonwaynel'], 'P11496': ['1140845216676601984'], 'P11182': ['90643'], 'P10832': ['E39PBJjXmvkqcqr3YwWpM3DQbd'], 'P13591': ['person/818cb775-d5ef-48af-8e6b-f9a79fae228c'], 'P14225': ['981005762124809366']}"
Q117251839,Peter Juslin,researcher,['Q5'],[],[],[],['Q1650915'],{}
Q94656603,Henry Eglinton Montgomery,American cleric (1820–1874),['Q5'],['Q30'],['Q1345'],"['+1820-00-00T00:00:00Z', '+1820-12-09T00:00:00Z']",['Q2259532'],"{'P214': ['9416633'], 'P244': ['no93012622'], 'P2163': ['322098'], 'P2600': ['6000000018642436887'], 'P2949': ['Montgomery-14207'], 'P10832': ['E39PBJc7QCG7RmRBFkvBcWqhHC'], 'P13591': ['person/2573ffd7-81d9-47aa-b655-d169b0de613e'], 'P535': ['101814954'], 'P18': ['Henry Eglinton Montgomery (1820–1874).png'], 'P109': ['Signature of Henry Eglinton Montgomery (1820–1874).png']}"
Q16059347,Henry Montgomery,American politician from South Dakota,['Q5'],['Q30'],[],['+1858-06-16T00:00:00Z'],['Q82955'],"{'P646': ['/m/0zbvjnh'], 'P3368': ['2344978'], 'P3229': ['862'], 'P8462': ['montgomery.html#697.16.38']}"
Q5992219,Henry Montgomery,Swedish psychologist,['Q5'],['Q34'],[],['+1943-06-19T00:00:00Z'],['Q212980'],"{'P244': ['n85363632'], 'P214': ['51817496'], 'P2163': ['175236'], 'P1006': ['067769225'], 'P906': ['207244'], 'P5587': ['ljx01sd41g30n7l'], 'P8189': ['987007278758505171'], 'P496': ['0000-0001-7811-1390'], 'P269': ['085794155'], 'P227': ['170822680'], 'P10832': ['E39PBJrmbf6p7Yfg49tYh8pkjC'], 'P1368': ['000067386'], 'P13591': ['person/c0f0aea0-98d2-4409-9799-8c08071f897c']}"
Q96480319,Henry Montgomery,May 1868 New York - 1922 New York,['Q5'],[],[],['+1868-01-01T00:00:00Z'],[],"{'P1819': ['I00649696'], 'P2949': ['Montgomery-8593'], 'P2600': ['6000000002734140507']}"
Q366956,Robert Montgomery,American actor (1904-1981),['Q5'],['Q30'],['Q812892'],['+1904-05-21T00:00:00Z'],"['Q10798782', 'Q10800557', 'Q2526255', 'Q2259451', 'Q15627169', 'Q3387717', 'Q33999', 'Q13235160', 'Q3282637', 'Q3455803']","{'P214': ['12516761'], 'P213': ['0000000063087765'], 'P373': ['Robert Montgomery (actor)'], 'P244': ['n82013431'], 'P227': ['133168336'], 'P345': ['nm0599910'], 'P18': ['Robert Montgomery circa 1950s.JPG'], 'P646': ['/m/034cj9'], 'P1263': ['704/000031611'], 'P1741': ['133799'], 'P1819': ['I00649698'], 'P1266': ['3262'], 'P2019': ['p103333'], 'P2168': ['129972'], 'P1220': ['53470'], 'P935': ['Robert Montgomery'], 'P2163': ['86374'], 'P2626': ['125137'], 'P2387': ['186755'], 'P2604': ['178232'], 'P2435': ['143199'], 'P2605': ['4273'], 'P2949': ['Montgomery-3785'], 'P3305': ['1388'], 'P1258': ['celebrity/robert_montgomery'], 'P2638': ['people/robert-montgomery'], 'P3430': ['w6pv7nm7'], 'P535': ['2958'], 'P1417': ['biography/Robert-Montgomery-American-actor'], 'P3219': ['robert-montgomery'], 'P950': ['XX1647002'], 'P4823': ['1802055'], 'P1006': ['120979233'], 'P268': ['14208198t'], 'P5534': ['19406'], 'P3222': ['robert-montgomery'], 'P2639': ['53510b62dae24ba09657103de5d5a0fe'], 'P269': ['061501190'], 'P7214': ['13988'], 'P1296': ['0043869'], 'P3056': ['134372'], 'P4342': ['Robert_Montgomery'], 'P2600': ['6000000012955114868'], 'P7902': ['133168336'], 'P5033': ['56887'], 'P8094': ['montgomeryr'], 'P8971': ['19491'], 'P5421': ['146234'], 'P6150': ['5295'], 'P4985': ['19406'], 'P9463': ['19406'], 'P9995': ['3056'], 'P10018': ['97756', '122316'], 'P3368': ['1409588'], 'P396': ['RAVV088667'], 'P5617': ['robert-montgomery-14725'], 'P8189': ['987007457210805171'], 'P8179': ['ncf11663032'], 'P245': ['500445173'], 'P409': ['35359729'], 'P3065': ['A013138856'], 'P4666': ['25479'], 'P8309': ['18-137173'], 'P10302': ['robert-montgomeri'], 'P9984': ['981058609820606706'], 'P5034': ['KAC2020N4515'], 'P11683': ['robert-montgomeri'], 'P11686': ['981058609820606706'], 'P12098': ['20676'], 'P12385': ['robert-montgomery'], 'P10832': ['E39PBJcgr7RmJXvvxQCDMttxjC'], 'P13049': ['133168336'], 'P13019': ['96620'], 'P9662': ['6096'], 'P1315': ['507284'], 'P3365': ['robert-montgomery'], 'P8445': ['100739'], 'P12854': ['5d77682ae6d55c002040b5a2'], 'P13591': ['person/476474b6-9ace-4d91-8c8c-3cf70287d66d'], 'P2909': ['168096'], 'P7184': ['034cj9'], 'P14536': ['392947'], 'P8969': ['44011'], 'P14419': ['1868'], 'P14750': ['EC84-7769-08C7-0B12-82CD'], 'P7553': ['69720']}"
Q112767040,Ronald C. Doll,American educator and author,['Q5'],['Q30'],['Q6809717'],['+1913-03-14T00:00:00Z'],"['Q37226', 'Q21281706', 'Q36180', 'Q1056391', 'Q1622272', 'Q99675502']","{'P244': ['n50027243'], 'P213': ['0000000110047169'], 'P1006': ['070062579'], 'P535': ['78369641'], 'P214': ['111094983'], 'P973': ['https://pabook.libraries.psu.edu/literary-cultural-heritage-map-pa/bios/Doll__Ronald_C'], 'P1207': ['n2004031725'], 'P269': ['186325436'], 'P271': ['DA04461537'], 'P1015': ['90948102'], 'P8189': ['987007423000605171'], 'P8179': ['ncf11183465'], 'P3987': ['322619'], 'P11249': ['14140205'], 'P11496': ['1140845216737013376'], 'P7400': ['dollronaldc'], 'P2963': ['1685955'], 'P4862': ['B001HP3HXE'], 'P12458': ['288660'], 'P13591': ['person/82a21723-29ed-4820-a1a9-30553ee88553'], 'P13906': ['52409'], 'P646': ['/m/05xjnyf']}"
Q16734588,Scott Plous,American social psychologist (1959-),['Q5'],['Q30'],['Q37836'],['+1959-11-02T00:00:00Z'],"['Q10672931', 'Q11499147', 'Q3400985', 'Q1622272']","{'P214': ['70590291'], 'P3430': ['w66g20dn'], 'P3417': ['Scott-Plous'], 'P244': ['n92082215'], 'P349': ['01186561'], 'P1207': ['n2014056687'], 'P213': ['0000000082611913'], 'P1006': ['140463143'], 'P269': ['071065326'], 'P691': ['vse2008462491'], 'P5034': ['KAC200006920'], 'P646': ['/m/03gshxs'], 'P3987': ['621095'], 'P8189': ['987007457825405171'], 'P18': ['Scott Plous.jpg'], 'P856': ['https://www.socialpsychology.org/plous.htm', 'http://www.scottplous.com/'], 'P11182': ['21929'], 'P12458': ['732862'], 'P10832': ['E39PBJmTv9pgFdytD8XRfkCYT3'], 'P13591': ['person/cbaa210a-d6a9-475f-b6c3-bcea6662bf15'], 'P1015': ['90732023'], 'P8179': ['ncf11021693'], 'P6394': ['a1236471x'], 'P7699': ['LNB:C2aI;=BF'], 'P271': ['DA07689677'], 'P3065': ['A003700224'], 'P11496': ['1981993809656526011'], 'P2963': ['51188'], 'P7400': ['plousscott'], 'P648': ['OL836577A'], 'P1960': ['dm1ELxEAAAAJ'], 'P4862': ['B000APHYOA'], 'P345': ['nm4295233'], 'P6634': ['scott-plous-59405113']}"
Q112446749,John J. Hampton,,['Q5'],[],[],['+1942-00-00T00:00:00Z'],['Q121594'],"{'P691': ['vse2011675762'], 'P214': ['108804148'], 'P213': ['0000000116978108'], 'P1207': ['n98047493'], 'P8189': ['987007452343305171'], 'P3987': ['247751'], 'P244': ['n78084872'], 'P269': ['157764958'], 'P227': ['170880036'], 'P11182': ['80748'], 'P13591': ['person/71ccdfde-4be9-48ee-bdf0-5e73635636e7'], 'P13951': ['430033']}"
Q120610979,Deborah Stone,UK travel writer,['Q5'],['Q145'],[],[],"['Q1930187', 'Q1607826', 'Q3579035', 'Q100983844']","{'P214': ['6762156990996461180004'], 'P691': ['jo20201089608'], 'P213': ['0000000478574573'], 'P1006': ['423621238'], 'P2003': ['debs.travels'], 'P6005': ['stonedeborah'], 'P973': ['https://www.femalefirst.co.uk/books/day-in-the-life-of-travel-writer-deborah-stone-1187988.html', 'https://johnbeaufoy.com/worlds-great-river-journeys/'], 'P6634': ['deb-stone-b3328913'], 'P2002': ['StoneDeborah'], 'P9322': ['0406571-Stone-Deborah']}"
Q107638604,Deborah A. Stone,American political scientist,['Q5'],['Q30'],['Q326295'],['+1946-04-01T00:00:00Z'],"['Q1238570', 'Q1622272']","{'P213': ['0000000115128849'], 'P214': ['146194695', '238590071'], 'P244': ['n80056419'], 'P2191': ['21749'], 'P6594': ['deborah-a-stone'], 'P2734': ['StoneDeborahA'], 'P271': ['DA01666715'], 'P1280': ['25424995'], 'P8189': ['987007309660905171'], 'P11496': ['1140563741702229504'], 'P13591': ['person/da73489f-6498-45a5-83fc-a3c6428a1662'], 'P1015': ['90057685'], 'P8179': ['ncf11368005'], 'P227': ['142675407', '170772675'], 'P7699': ['LNB:xH1;=BX'], 'P349': ['032088393'], 'P691': ['vse2012709249'], 'P1006': ['068285892'], 'P1207': ['n2010080388'], 'P3065': ['A003867324'], 'P269': ['075155052'], 'P856': ['https://policyparadox.wordpress.com/'], 'P9743': ['107aNKeXru'], 'P6023': ['2037901171'], 'P9802': ['2064276'], 'P973': ['https://politicalsciencenow.com/deborah-stone-james-madison-award-recipient/', 'https://www.hachettebookgroup.com/contributor/deborah-stone/', 'http://investigatorawards.org/investigators/deborah-stone.html', 'https://scholarworks.brandeis.edu/esploro/profile/deborah_stone/overview', 'https://heller.brandeis.edu/news/items/releases/2015/stone-welcome.html', 'https://policyparadox.wordpress.com/bio-2/'], 'P4862': ['B001IGWW7E', 'B006ILZCE4'], 'P8214': ['https://policyparadox.wordpress.com/wp-content/uploads/2014/10/stone-cv-april-2015.pdf'], 'P13337': ['policyparadox.wordpress.com'], 'P9322': ['0319487-Stone-Deborah-A-1946']}"
Q76026072,Deborah Carlene Stone,(born 1965),['Q5'],[],[],['+1965-12-13T00:00:00Z'],[],{'P4638': ['p47698.htm#i476979']}
Q138130993,Deborah Stone,American travel writer,['Q5'],['Q30'],[],[],"['Q3579035', 'Q15077007', 'Q101444631', 'Q108116351', 'Q55979438', 'Q2259451', 'Q1086863']","{'P6005': ['travelstonedeb'], 'P6634': ['travelstone'], 'P2002': ['travelstonedeb'], 'P6424': ['Northwest Prime Time', 'Luxe Beat Magazine', 'North American Travel Journalists Association', 'International Food, Wine & Travel Writers Association'], 'P973': ['https://www.ifwtwa.org/our-members/travelstone/', 'https://www.goworldtravel.com/author/debbie-stone/', 'https://www.travelworldmagazine.com/author/debbie-stone/', 'https://blendradioandtv.com/listing/deborah-stone-travel-destinations/', 'https://travelwriting2.com/a-conversation-with-debbie-stone/', 'https://luxebeatmag.com/debbie-stone-travel-writer-columnist/', 'https://jaunting.com/author/debbie-stone/'], 'P9743': ['107u2CD5Qw']}"
Q138132771,Deborah Stone,American dancer & singer,['Q5'],['Q30'],[],[],"['Q5716684', 'Q177220', 'Q2490358', 'Q2393361', 'Q2259451', 'Q15214752', 'Q2865819']","{'P856': ['https://www.deborah-stone.com/'], 'P973': ['https://www.deborah-stone.com/about', 'http://www.bropera.org/hansel-gretel/cast.xhtml#:~:text=%20Deborah%20Stone', 'https://www.broadwayworld.com/cabaret/article/BWW-Feature-At-Home-With-Deborah-Stone-20201029', 'https://newyorkarts.net/2017/05/deborah-stone-still-exactly-belong-dont-tell-mama/', 'https://nitelifeexchange.com/sues-muse-an-interview-with-deborah-stone/'], 'P2013': ['deborahstonesings'], 'P2003': ['deborahstonesings'], 'P6634': ['deborah-stone-7b80852a'], 'P3040': ['deborah-stone-952437900']}"
Q112352068,David Ray Anderson,,['Q5'],[],[],['+1941-00-00T00:00:00Z'],[],"{'P691': ['jn19990000172'], 'P214': ['109708274'], 'P244': ['n79017932'], 'P8189': ['987007436207705171'], 'P213': ['0000000109336262'], 'P1207': ['n94302406'], 'P269': ['066902215'], 'P1280': ['24298595'], 'P3987': ['27983'], 'P5034': ['KAC200710958'], 'P906': ['296458'], 'P1315': ['787047'], 'P5361': ['AndersonDavidRay1941-'], 'P11249': ['14661661'], 'P11182': ['62444'], 'P5587': ['dbqtxw9x3mcb0d0'], 'P1368': ['000109258'], 'P13591': ['person/377559d2-969a-4eac-98ab-ba37e5a5c96f'], 'P648': ['OL78984A'], 'P1015': ['90398262'], 'P4619': ['000234492'], 'P268': ['13751678n'], 'P8179': ['ncf10506205'], 'P227': ['122291565'], 'P6394': ['a12445551'], 'P3348': ['312096'], 'P409': ['35006385'], 'P1375': ['000338945'], 'P1006': ['121224171'], 'P7293': ['9814646632205606'], 'P3065': ['A021638527'], 'P14225': ['981005762769609366'], 'P12458': ['937764']}"
Q139468725,,,['Q5'],[],[],[],['Q1622272'],{'P691': ['vse20201083275']}
Q16499868,Michael R. Williams,American physician,['Q5'],[],[],[],['Q2961975'],{'P646': ['/m/0w_033b']}
Q112412252,Michael Roy Williams,,['Q5'],[],[],['+1942-00-00T00:00:00Z'],['Q82594'],"{'P691': ['xx0075147'], 'P214': ['18377778'], 'P213': ['0000000121227915'], 'P244': ['n84198237'], 'P1207': ['n2010123313'], 'P8189': ['987007333015905171'], 'P3987': ['28005'], 'P268': ['12343616j'], 'P269': ['032399170'], 'P227': ['132191741'], 'P9984': ['981058515066206706'], 'P11686': ['981058515066206706'], 'P11182': ['89152'], 'P648': ['OL542890A'], 'P10400': ['40696']}"
Q3080462,Irving Janis,American psychologist (1918–1990),['Q5'],['Q30'],['Q40435'],['+1918-05-26T00:00:00Z'],"['Q212980', 'Q1622272']","{'P214': ['108380289'], 'P213': ['0000000110809565'], 'P349': ['00444531'], 'P227': ['124521452'], 'P244': ['n80008069'], 'P646': ['/m/02k8d9'], 'P1006': ['069881073'], 'P2163': ['1720276'], 'P1315': ['879013'], 'P3430': ['w6573phx'], 'P2381': ['87559'], 'P1417': ['biography/Irving-Janis'], 'P3222': ['irving-janis'], 'P906': ['191456'], 'P3987': ['115694'], 'P5587': ['b8nqrxkv2822m7b'], 'P269': ['030457009'], 'P268': ['12186751j'], 'P691': ['mzk2009496390'], 'P5361': ['JanisIrvingL(IrvingLester)1918-1990'], 'P5739': ['40662'], 'P1207': ['n96017088'], 'P6594': ['irving-l-janis'], 'P8902': ['people/59283'], 'P10553': ['36339401X'], 'P8189': ['987007570054805171'], 'P11249': ['14804482'], 'P11182': ['75343'], 'P12458': ['135298'], 'P10832': ['E39PBJjt7HdqyvHHt3wGGq6h73'], 'P648': ['OL129765A'], 'P396': ['MILV232216'], 'P535': ['260351321'], 'P13591': ['person/a0af05f8-6b05-4eaf-9017-107dfb4cb35e'], 'P7184': ['02k8d9'], 'P1015': ['90054749'], 'P9984': ['981060983958206706'], 'P8179': ['ncf11158456'], 'P5034': ['KAC201915256'], 'P409': ['35242497'], 'P1375': ['000022768'], 'P7293': ['9812829750105606'], 'P3065': ['A003419548'], 'P13951': ['303063', '193590', '218235', '452344'], 'P3368': ['1696885'], 'P14225': ['981005681443809366'], 'P13204': ['rkmy4c8e']}"
Q102186780,Wayne Winston,Ph.D. Yale University 1975,['Q5'],[],[],[],[],"{'P549': ['32897'], 'P4955': ['183620']}"
Q23008773,Wayne W. Lambert,United States Air Force general,['Q5'],['Q30'],['Q788794'],['+1936-01-03T00:00:00Z'],['Q1402561'],"{'P18': ['Wayne W. Lambert.jpg'], 'P2671': ['/g/11c3w0tp0z'], 'P4026': ['22575']}"
Q93434081,Donald E. Kieso,,['Q5'],[],[],['+1936-00-00T00:00:00Z'],['Q188094'],"{'P213': ['0000000122132440'], 'P214': ['85516829'], 'P244': ['n79144797'], 'P1580': ['a1068601'], 'P1207': ['n99002868'], 'P5034': ['KAC200714515'], 'P8851': ['55024905'], 'P691': ['xx0034917'], 'P3987': ['110823'], 'P1280': ['7298147'], 'P8189': ['987007605503105171'], 'P269': ['067701388'], 'P227': ['135963796'], 'P11249': ['14313120'], 'P9984': ['981058520234006706'], 'P11686': ['981058520234006706'], 'P11182': ['1698'], 'P13591': ['person/7151f1a5-29b0-4f2c-9657-4122d748bb53'], 'P13951': ['428490']}"
Q1352604,James G. March,American sociologist (1928–2018),['Q5'],['Q30'],['Q37320'],['+1928-01-15T00:00:00Z'],"['Q2306091', 'Q188094', 'Q1622272', 'Q36180', 'Q1238570', 'Q136659238']","{'P244': ['n80019620'], 'P227': ['124115187'], 'P646': ['/m/02_mc0'], 'P214': ['85273917'], 'P1006': ['067824706'], 'P2163': ['50413'], 'P349': ['00448785'], 'P3430': ['w6bw9wwq'], 'P3987': ['28381'], 'P213': ['0000000083983225'], 'P1015': ['90080399'], 'P1207': ['n97029825'], 'P1368': ['000032960'], 'P1417': ['biography/James-G-March'], 'P268': ['11914408w'], 'P269': ['027007766'], 'P950': ['XX997684'], 'P691': ['vse2005290880'], 'P5034': ['KAC199617681'], 'P1580': ['a1211192'], 'P5380': ['52949'], 'P5731': ['68732'], 'P7400': ['marchjamesg'], 'P18': ['James G. March.jpg'], 'P271': ['DA00153894'], 'P9984': ['981058523516006706'], 'P8313': ['James_G._March'], 'P7293': ['9810615487705606'], 'P396': ['RAVV072644'], 'P8189': ['987007279849705171'], 'P11496': ['1140282266856383872'], 'P11249': ['14382693'], 'P11686': ['981058523516006706'], 'P11182': ['87653'], 'P3368': ['1700646'], 'P9871': ['6604'], 'P648': ['OL234151A'], 'P12458': ['176904'], 'P10832': ['E39PBJqvTVqVVGkHYbvFdmj9jC'], 'P13049': ['124115187'], 'P13591': ['person/6bdc12b7-9c67-439c-b65b-a88a88cac85f'], 'P549': ['257687'], 'P13951': ['64822'], 'P13204': ['a2c85t97']}"
Q93298893,James G. March Professorship in Organizational Studies in Education and Business,endowed academic position at Stanford University,['Q1363750'],[],[],[],[],{}
Q109943162,"James G. March and Johan P. Olsen, Rediscovering Institutions. The Organizational of Politics, New York: Free Press, 1989, $ 24.95.",scientific article,['Q13442814'],[],[],[],[],"{'P356': ['10.7146/POLITICA.V22I4.69209'], 'P2093': ['Ove K. Pedersen'], 'P478': ['22'], 'P433': ['4'], 'P304': ['509-509'], 'P856': ['https://tidsskrift.dk/politica/article/view/69209'], 'P953': ['https://tidsskrift.dk/politica/article/download/69209/100923']}"
Q113531347,David J Pauleen,professor of technology management in New Zealand,['Q5'],[],[],['+1957-01-01T00:00:00Z'],"['Q1650915', 'Q462390']","{'P2038': ['David-Pauleen'], 'P1960': ['urR5jiQAAAAJ'], 'P214': ['265836858'], 'P227': ['1220367761'], 'P10553': ['1736857622'], 'P213': ['0000000036567966'], 'P11249': ['14210593'], 'P8189': ['987007338156205171'], 'P244': ['n2003108277'], 'P13591': ['person/4fb6a4a1-3e8a-4542-8898-d323c84bd3df'], 'P496': ['0000-0003-4412-0162']}"
Q130616572,Nazim Taskin,researcher,['Q5'],[],[],[],['Q1650915'],{}
Q55969711,Irving L. Janis' Victims of Groupthink,scholarly article published in 1991,['Q13442814'],[],[],[],[],"{'P356': ['10.2307/3791464'], 'P433': ['2'], 'P304': ['247'], 'P478': ['12'], 'P2093': [""Paul't Hart""], 'P888': ['3791464']}"
Q56334820,Irving L. Janis (1918-1990): Obituary,obituary published in 1992,"['Q13442814', 'Q309481']",[],[],[],[],"{'P356': ['10.1037/0003-066X.47.6.812'], 'P433': ['6'], 'P304': ['812-813'], 'P478': ['47'], 'P2093': ['M. Brewster Smith', 'Leon Mann']}"
Q135356180,Ali Abdulhussein Hasan Al-Sudani,Iraqi basketball player (born 2004),['Q5'],['Q796'],[],['+2004-01-05T00:00:00Z'],['Q3665646'],{'P12338': ['320719']}
Q12037337,Milan Zelený,"Czech economist, professor and university educator (1942-2023)",['Q5'],"['Q213', 'Q30', 'Q33946']","['Q12029472', 'Q1085']",['+1942-01-22T00:00:00Z'],"['Q188094', 'Q1231865', 'Q1622272']","{'P691': ['ola2003174872'], 'P214': ['79263546'], 'P213': ['0000000058091559'], 'P244': ['n80080216'], 'P373': ['Milan Zelený'], 'P18': ['Milan Zelený.JPG'], 'P1006': ['068212224'], 'P1015': ['90122099'], 'P1207': ['n97038043'], 'P1368': ['000000585'], 'P269': ['067055494'], 'P6844': ['145773'], 'P646': ['/m/0c3p4hp'], 'P9037': ['bc4693bf-1d63-4af7-af06-c6652203da77'], 'P9160': ['135882'], 'P3368': ['586929'], 'P8189': ['987007452583205171'], 'P227': ['135993075'], 'P11182': ['73501'], 'P8179': ['ncf12101608'], 'P7699': ['LNB:Cf7S;=BZ'], 'P271': ['DA02082221'], 'P3065': ['A003997114'], 'P1280': ['175876963'], 'P109': ['Milan Zelený (signature).png'], 'P11496': ['1140282266553198976'], 'P10832': ['E39PBJpJfpBxDgfMxydXpBTCQq'], 'P13049': ['135993075'], 'P10387': ['23939'], 'P396': ['MILV035911'], 'P13591': ['person/15f87aa5-5438-4b90-a541-57c468f7bcd0'], 'P10400': ['14773'], 'P14178': ['ola2003174872'], 'P9322': ['p0059663-Zeleny-Milan-1942']}"
Q17165277,Milan Zeleny bibliography,,['Q1631107'],[],[],[],[],{}
Q140907106,"Milan Zeleny (Ed): Autopoiesis: A-theory of living organization. New York: Elsevier North Holland Inc., 1981, 314 pp.","scholarly article published in Systems Research and Behavioral Science, vol. 27, no. 3 (1982) (DOI: 10.1002/BS.3830270308)",['Q13442814'],[],[],[],[],"{'P356': ['10.1002/BS.3830270308'], 'P478': ['27'], 'P433': ['3'], 'P304': ['298-299'], 'P2093': ['William J. Horvath'], 'P10283': ['W1990441098']}"
Q100775008,Rick Daniels-Mulholland,college basketball player (2007–2008) Tennessee,['Q5'],[],[],['+1987-04-11T00:00:00Z'],['Q3665646'],"{'P3696': ['rick-daniels-mulholland-1'], 'P3957': ['5928']}"
Q113906217,Rick Danielson,American actor,['Q5'],['Q30'],[],[],['Q10800557'],"{'P345': ['nm0200161'], 'P4985': ['158101'], 'P10302': ['richard-danielson'], 'P12098': ['184708'], 'P2605': ['667819'], 'P14750': ['57E3-E453-14EE-2CAC-FFBF']}"
Q41800554,Jerold Zimmerman,economist (University of Rochester),['Q5'],[],[],['+1947-01-01T00:00:00Z'],['Q188094'],"{'P2428': ['pzi31'], 'P227': ['132887134'], 'P244': ['n84214989'], 'P214': ['15944273'], 'P1006': ['071635440'], 'P1207': ['n2009075347'], 'P691': ['jn20020925006'], 'P5034': ['KAC200912602'], 'P8851': ['53187081'], 'P3987': ['110958'], 'P8189': ['987007450909205171'], 'P269': ['069064199'], 'P213': ['0000000121220086'], 'P11182': ['62549'], 'P10832': ['E39PBJdMfy89wBj9M9ycMK9v73'], 'P13591': ['person/e713850d-5c58-4a63-8bda-682c0db2aab9'], 'P13951': ['467648'], 'P648': ['OL542424A'], 'P3747': ['20102']}"
Q17053995,Zimmerman,family name,['Q101352'],[],[],[],[],"{'P3878': ['Z565'], 'P3879': ['86766'], 'P3880': ['SMMN11', 'SMMN111111'], 'P373': ['Zimmerman (surname)'], 'P4839': ['Entity[""Surname"", ""Zimmerman""]'], 'P3370': ['ZIMMERMAN'], 'P9644': ['ZIMMERMAN'], 'P8168': ['Q142120'], 'P13907': ['43586'], 'P13955': ['45608']}"
Q5994029,Zimmermann,family name,['Q101352'],[],[],[],[],"{'P3878': ['Z565'], 'P3879': ['86766'], 'P3880': ['SMMN11', 'SMMN111111'], 'P373': ['Zimmermann (surname)'], 'P6597': ['20'], 'P4839': ['Entity[""Surname"", ""Zimmermann""]'], 'P3370': ['ZIMMERMANN'], 'P9644': ['ZIMMERMANN'], 'P443': ['De-Zimmermann.ogg'], 'P8168': ['Q27835'], 'P13907': ['43587'], 'P13955': ['45609']}"
Q1334388,Elwood Zimmerman,American entomologist (1912-2004),['Q5'],['Q30'],['Q187805'],['+1912-12-08T00:00:00Z'],"['Q3055126', 'Q350979']","{'P214': ['67405546'], 'P213': ['000000006310991X'], 'P227': ['124674941'], 'P835': ['Zimmerman'], 'P3430': ['w6nj09db'], 'P2006': ['6C11360E-B63D-4171-80E4-170106F8A22F'], 'P3987': ['86532'], 'P1006': ['157540138'], 'P5370': ['13654', '60604'], 'P269': ['085858439'], 'P268': ['14594532d'], 'P244': ['n50013586'], 'P1207': ['n2013168625'], 'P646': ['/m/05wwtn5'], 'P6264': ['124781'], 'P10832': ['E39PBJdRxPPMfmX3DkkyY4RYfq'], 'P9964': ['124674941'], 'P7902': ['124674941']}"
Q1360732,Ernst Zimmermann,German painter (1852-1901),['Q5'],"['Q183', 'Q154195']",['Q1726'],['+1852-04-24T00:00:00Z'],['Q1028181'],"{'P244': ['nr91035473'], 'P214': ['32762392'], 'P227': ['116995459'], 'P213': ['000000006676301X'], 'P373': ['Ernst Zimmermann (painter)'], 'P1006': ['171402162'], 'P245': ['500016500'], 'P650': ['86437'], 'P1711': ['52012'], 'P2268': ['112211'], 'P2843': ['B00202071'], 'P1367': ['zimmermann-ernst-karl-georg-18521901'], 'P3782': ['ernst-karl-georg-zimmermann'], 'P1472': ['Ernst Zimmermann'], 'P4927': ['6zbwqaulb7'], 'P5489': ['284157'], 'P18': ['Ernst Karl Georg Zimmermann - Selbstbildnis - 14466 - Bavarian State Painting Collections.jpg'], 'P6844': ['159768'], 'P7944': ['2795'], 'P7902': ['116995459'], 'P2671': ['/g/12301y_7'], 'P4025': ['ZKGPJQZxgA'], 'P7848': ['991003590589707141'], 'P10297': ['g12301y_7'], 'P7847': ['021039691342'], 'P4432': ['00194054'], 'P1248': ['1390402a-9362-41c3-b2b4-ba2d74bf0404'], 'P7545': ['11082527'], 'P12597': ['57471'], 'P10832': ['E39PBJpJj7xpTxPKFyWvJhqWjC'], 'P13049': ['116995459'], 'P9964': ['116995459'], 'P13591': ['person/4c243e3e-f512-4cd0-a4e9-61a73f98fa76']}"
Q1047543,,asteroid,['Q3863'],[],[],[],[],"{'P490': ['1975 TJ2', '1975 WV1', '1977 EQ1', '1982 UJ6'], 'P646': ['/m/03ylcdf'], 'P5736': ['3100'], 'P373': ['3100 Zimmerman'], 'P18': ['003100-asteroid shape model (3100) Zimmerman.png'], 'P716': ['20003100']}"
Q116672557,Mervyn King,former Governor of the Bank of England,['Q5'],[],[],[],[],{}
Q1375680,Mervyn King,British economist (born 1948),['Q5'],['Q145'],['Q637711'],['+1948-03-30T00:00:00Z'],"['Q188094', 'Q806798', 'Q1622272', 'Q82955', 'Q36180']","{'P244': ['n50062636'], 'P227': ['120323990'], 'P646': ['/m/01k47w'], 'P990': ['Mervyn King in The Today Programme Lecture b01gvryl.flac'], 'P214': ['229244774'], 'P1006': ['070406499'], 'P18': ['Official portrait of Lord King of Lothbury crop 2, 2024.jpg'], 'P2163': ['1914670'], 'P349': ['00469569'], 'P3430': ['w62960b9'], 'P3029': ['F72177'], 'P1417': ['biography/Mervyn-King'], 'P3987': ['120800'], 'P269': ['050206389'], 'P268': ['13519153p'], 'P6213': ['C5nyU4kx'], 'P691': ['jo2016897578'], 'P5463': ['King_Mervyn'], 'P373': ['Mervyn King'], 'P1284': ['00000001452'], 'P4638': ['p55124.htm#i551232'], 'P1207': ['n2005080232'], 'P5297': ['zndN4el7vO6Y2KMM5_VvDCjw2Fc', '87MCH6ywxVobxWYyPnVSzQxSz1A', '833OifCMaHXOtf5lQQbllpvJOnU'], 'P4527': ['291130'], 'P4789': ['U23132'], 'P5298': ['52027'], 'P3368': ['64678'], 'P10428': ['4280'], 'P10632': ['Q1375680'], 'P10849': ['2215'], 'P8189': ['987007604868905171'], 'P6683': ['289546'], 'P1617': ['d28c9c42-02e6-499f-a901-69d1f1b57e6c'], 'P11182': ['384'], 'P2171': ['25185'], 'P271': ['DA0090963X'], 'P11496': ['1140845216497989504'], 'P10832': ['E39PBJxrTGYfQFTdWvCXX4JkXd'], 'P13049': ['120323990'], 'P13591': ['person/c6413244-cfcc-4b1d-b9a2-291c9683ebc5'], 'P1015': ['90182208', '90255919'], 'P3065': ['A003454833'], 'P5739': ['155517'], 'P14178': ['jo2016897578'], 'P12458': ['943727']}"
Q1922188,Mervyn King,English darts player,['Q5'],['Q145'],['Q184775'],['+1966-03-15T00:00:00Z'],['Q18574233'],"{'P3621': ['168'], 'P646': ['/m/082r3w'], 'P18': ['Mervyn King Darts Actueel 2022 (cropped).jpg'], 'P345': ['nm2353705'], 'P4985': ['3068172'], 'P12854': ['608836b117ae8e002c4981ce'], 'P14105': ['29157']}"
Q75465276,Mervyn King,Peerage person ID=159150,['Q5'],[],[],[],[],{'P4638': ['p15915.htm#i159150']}
Q75465277,Mervyn King,Peerage person ID=159151,['Q5'],[],[],[],[],{'P4638': ['p15916.htm#i159151']}
Q140683,John Kay,British inventor,['Q5'],['Q161885'],['Q47822'],['+1704-07-16T00:00:00Z'],['Q205375'],"{'P373': ['John Kay (inventor born 1704)'], 'P646': ['/m/03ll6s'], 'P18': ['PublicDomainColourPortraitOfJohnKayBorn1704.jpg'], 'P214': ['311580303', '96250149'], 'P1816': ['mp122602'], 'P244': ['nb2014023970'], 'P2924': ['2058928'], 'P1415': ['15194'], 'P1417': ['biography/John-Kay'], 'P2949': ['Kay-453'], 'P245': ['500079733'], 'P227': ['1089107382'], 'P1871': ['cnp02140476'], 'P3222': ['john-kay'], 'P4342': ['John_Kay_-_engelsk_oppfinner'], 'P8947': ['191199'], 'P7666': ['john-kay'], 'P10252': ['25913004'], 'P2600': ['6000000009151287311'], 'P11514': ['kei-dzhon-98ac9b'], 'P12597': ['15600'], 'P13591': ['person/2e4762cc-c73e-4e71-861b-60205fe76f0c'], 'P13204': ['y7z6jbr3'], 'P1801': ['Kay Monument - Relief Portrait - geograph.org.uk - 2752605.jpg', 'Plaque on Kay Monument - geograph.org.uk - 6780797.jpg'], 'P268': ['16666487q']}"
Q1556464,John Kay,British artist (1742–1826),['Q5'],['Q174193'],['Q727520'],['+1742-04-00T00:00:00Z'],"['Q3658608', 'Q11569986', 'Q47494964', 'Q483501']","{'P214': ['54247002'], 'P213': ['000000007689665X'], 'P373': ['John Kay (caricaturist)'], 'P227': ['132681838'], 'P244': ['nr93031894'], 'P1472': ['John Kay'], 'P650': ['43667'], 'P245': ['500004452'], 'P18': ['John Kay.jpg'], 'P1006': ['072102128'], 'P1816': ['mp53689'], 'P1315': ['1191386'], 'P2163': ['327006'], 'P2843': ['B00097569'], 'P409': ['36025664'], 'P3430': ['w61r6npt'], 'P1367': ['kay-john-17421826'], 'P3782': ['john-kay'], 'P1415': ['15195'], 'P4927': ['lhp7i0yat1'], 'P648': ['OL2527812A'], 'P3603': ['11693'], 'P4169': ['3599'], 'P1871': ['cnp01095936'], 'P268': ['12470488x'], 'P691': ['xx0189646'], 'P2977': ['JoKay1826'], 'P7349': ['452'], 'P7902': ['132681838'], 'P6821': ['alvin-person:29709'], 'P8317': ['27735'], 'P646': ['/m/02vysf'], 'P7444': ['169530'], 'P7848': ['991004070389707141'], 'P10882': ['83596'], 'P10832': ['E39PBJgCFTrKfcqVPQ7H3hkkXd'], 'P13049': ['132681838'], 'P10227': ['vtls000060151', 'vtls000256063'], 'P349': ['001110289'], 'P7293': ['9812681095605606'], 'P13951': ['809432'], 'P8946': ['/artists/john-kay'], 'P14178': ['xx0189646'], 'P13204': ['nfexnhyb'], 'P14608': ['132681838']}"
Q111382270,John Kay,Mayor of Salford 1845 to 1846,['Q5'],[],[],[],[],{}
Q10441079,John Kay,English footballer (born 1964),['Q5'],['Q145'],['Q751587'],['+1964-01-29T00:00:00Z'],['Q937857'],"{'P646': ['/m/04gpf4x'], 'P3537': ['192996'], 'P12606': ['10686'], 'P3368': ['2230485']}"
Q13738353,John Kay,,['Q5'],[],[],['+1461-01-01T00:00:00Z'],['Q49757'],{'P2671': ['/g/122wtv_s']}
Q139419343,,,['Q5'],[],[],[],"['Q185351', 'Q1622272']",{'P691': ['jo2017965813']}
Q4730957,Allan Savory,Zimbabwean scientist,['Q5'],['Q954'],['Q193250'],['+1935-09-15T00:00:00Z'],"['Q864503', 'Q82955', 'Q36180', 'Q61048378', 'Q131512']","{'P214': ['117308068'], 'P213': ['0000000110856708'], 'P18': ['Allan Savory (cropped).jpg'], 'P2163': ['231588'], 'P2611': ['allan_savory'], 'P244': ['n88073596'], 'P271': ['DA13062190'], 'P691': ['utb2011622530'], 'P227': ['171000773'], 'P373': ['Allan Savory'], 'P3417': ['Allan-Savory'], 'P1015': ['90982120'], 'P1006': ['354972030'], 'P646': ['/m/0276624'], 'P9743': ['107Zzr3o2T'], 'P8189': ['987007316294305171'], 'P11496': ['1140563741533549952'], 'P10632': ['Q4730957'], 'P10832': ['E39PBJkMFKTcq7rghkvrxcdYT3'], 'P13591': ['person/b708aceb-d155-4376-93f8-58ac5f63bd6f'], 'P14178': ['utb2011622530']}"
Q22988752,Allan Savory: How to fight desertification and reverse climate change,TED2013,['Q23011722'],[],[],[],[],"{'P217': ['1683'], 'P2613': ['allan_savory_how_to_green_the_world_s_deserts_and_reverse_climate_change']}"
Q59629195,George Leland Bach,American economist (1915-1994),['Q5'],[],[],['+1915-04-28T00:00:00Z'],['Q188094'],"{'P214': ['51685169'], 'P227': ['12389896X'], 'P244': ['n79109750'], 'P268': ['11889787b'], 'P269': ['026699613'], 'P349': ['00519717'], 'P906': ['38029'], 'P691': ['mzk2013793667'], 'P1015': ['90078048'], 'P1207': ['n98027538'], 'P1006': ['069531374'], 'P213': ['0000000109001673'], 'P5587': ['31fhb1vm500pgdw'], 'P2163': ['1727119', '43101'], 'P1580': ['a1367285'], 'P7293': ['9810531359305606'], 'P646': ['/m/05ymsn0'], 'P3987': ['103251'], 'P648': ['OL119802A'], 'P9984': ['981058519386006706'], 'P8189': ['987007590139405171'], 'P11686': ['981058519386006706'], 'P11182': ['82647'], 'P10832': ['E39PBJvMtKxRfQJWyxfJ4hmTpP'], 'P12582': ['20110803095439216'], 'P3368': ['953123'], 'P10141': ['89707'], 'P13049': ['12389896X'], 'P4619': ['000605942'], 'P7369': ['000010924'], 'P8179': ['ncf11276336'], 'P7699': ['LNB:V*79891;=BU'], 'P271': ['DA01929111'], 'P409': ['35011570'], 'P3065': ['A002956590'], 'P11496': ['1140282266693257472'], 'P13906': ['1664663'], 'P13951': ['879193', '373728']}"
Q58537238,George Leland Bach: 1915–1994,,['Q13442814'],[],[],[],[],"{'P356': ['10.1080/00220485.1995.10844861'], 'P433': ['2'], 'P304': ['99-100'], 'P478': ['26'], 'P2093': ['Phillip Saunders']}"
Q102277817,Dennis J. Sweeney,D.B.A. Indiana University 1971,['Q5'],['Q30'],['Q39709'],"['+1941-00-00T00:00:00Z', '+1941-10-05T00:00:00Z']",['Q1622272'],"{'P549': ['91234'], 'P4955': ['218675'], 'P2456': ['51/4807'], 'P691': ['xx0157752'], 'P214': ['264931971'], 'P244': ['n78081208'], 'P8189': ['987007430013705171'], 'P213': ['0000000382413548'], 'P269': ['06689591X'], 'P1207': ['n94303225'], 'P1280': ['34145379'], 'P3987': ['145428'], 'P227': ['170141357'], 'P11249': ['14661664'], 'P5034': ['KAC200710959'], 'P11182': ['1691'], 'P12458': ['416697'], 'P1368': ['000109256'], 'P2450': ['4217'], 'P13166': ['383']}"
Q93429028,Thomas Arthur Williams,,['Q5'],[],[],"['+1944-05-05T00:00:00Z', '+1944-00-00T00:00:00Z']",['Q121594'],"{'P213': ['0000000108935263'], 'P214': ['44479661'], 'P244': ['n79017938'], 'P1580': ['a1044048'], 'P1207': ['n94303240'], 'P5034': ['KAC200710960'], 'P3987': ['145429'], 'P1280': ['24300643'], 'P691': ['jn19990009164'], 'P8189': ['987007461233305171'], 'P268': ['13751688z'], 'P269': ['066895928'], 'P227': ['121277887'], 'P396': ['URBV027590'], 'P11249': ['14661666'], 'P9984': ['981058517275606706'], 'P11686': ['981058517275606706'], 'P11182': ['62445'], 'P1368': ['000087300'], 'P648': ['OL2778456A'], 'P13951': ['417059']}"
Q102311299,Jeffrey D. Camm,,['Q5'],[],[],[],[],"{'P549': ['128132'], 'P2671': ['/g/113vn0bpk'], 'P1960': ['nUxb0h4AAAAJ']}"
Q112505995,Jeffrey D. Camm,,['Q5'],[],['Q43196'],['+1958-00-00T00:00:00Z'],['Q1622272'],"{'P691': ['utb2016936214'], 'P214': ['16460196'], 'P269': ['191556750'], 'P227': ['1095565184'], 'P8189': ['987007453871605171'], 'P213': ['0000000035010285'], 'P13591': ['person/4b6ac80a-3424-4800-b95b-41f00d34a262']}"
Q102311298,James J. Cochran,statistics researcher; Ph.D. University of Cincinnati 1997,['Q5'],[],[],[],"['Q2732142', 'Q1622272']","{'P549': ['111639'], 'P4955': ['764957'], 'P214': ['1742159474071627660455'], 'P244': ['no2019037435', 'n2005008390'], 'P8179': ['ncf11927104'], 'P269': ['118635212'], 'P13591': ['person/7a3132de-66eb-4ac9-b2c6-e887898aaec0'], 'P2671': ['/g/11c1npkz7y'], 'P1960': ['_zYYctQAAAAJ'], 'P496': ['0000-0002-8632-8909']}"
Q139027944,,,['Q5'],[],[],['+1966-01-01T00:00:00Z'],[],"{'P227': ['1054970408'], 'P7902': ['1054970408'], 'P213': ['0000000079112822'], 'P214': ['108022081']}"
Q61864133,Jacqueline C Birtwistle,researcher ORCID ID = 0000-0002-6083-589X,['Q5'],[],[],[],['Q1650915'],"{'P496': ['0000-0002-6083-589X'], 'P1153': ['56289010500'], 'P6178': ['01246165052.38']}"
Q130312592,Keryn Chalmers,accounting researcher,['Q5'],[],[],[],['Q1650915'],"{'P496': ['0000-0001-7321-8359'], 'P214': ['120035498'], 'P2038': ['Keryn-Chalmers-3'], 'P1368': ['000161173']}"
Q88083711,Suzanne C Byrne,researcher,['Q5'],[],[],[],['Q1650915'],{'P496': ['0000-0002-9281-1569']}
Q11595,John Adair,American politician (1757–1840),['Q5'],['Q30'],['Q497377'],['+1757-01-09T00:00:00Z'],"['Q82955', 'Q47064', 'Q25203010']","{'P373': ['John Adair'], 'P214': ['71237694'], 'P244': ['nr90000745'], 'P535': ['6864701'], 'P646': ['/m/05d76r'], 'P18': ['JOHN ADAIR.jpg'], 'P1157': ['A000026'], 'P2163': ['263245'], 'P2949': ['Adair-482'], 'P109': ['John Adair Signature.svg'], 'P3430': ['w6vd7cqb'], 'P4823': ['0300001'], 'P8094': ['adairj'], 'P3368': ['1056184'], 'P8462': ['acampora-adamowski.html#954.90.66'], 'P8143': ['101136'], 'P2600': ['6000000014984789485'], 'P7502': ['John_Adair-XK6W6Y'], 'P11500': ['8290'], 'P1185': ['80528'], 'P4997': ['https://www.nga.org/governor/john-adair/'], 'P10832': ['E39PBJxGRXbJCpgHxfKh6FtxjC'], 'P12578': ['AJ0047'], 'P8445': ['83485'], 'P13591': ['person/ccfff846-f377-4929-8819-dd496f7d77cb']}"
Q6218135,John Adair,Scottish surveyor,['Q5'],[],[],['+1660-00-00T00:00:00Z'],"['Q1734662', 'Q170790']","{'P244': ['n84204434'], 'P214': ['61851199', '258808375'], 'P227': ['1053395205', '122397622'], 'P2401': ['10000040'], 'P3430': ['w6t76bp2'], 'P1415': ['82'], 'P1417': ['biography/John-Adair'], 'P213': ['0000000118503640'], 'P2163': ['1427914'], 'P1871': ['cnp01977282', 'cnp00569455'], 'P268': ['15326551h'], 'P7349': ['374'], 'P646': ['/m/05b_wx'], 'P2349': ['12921'], 'P3368': ['2219522'], 'P10832': ['E39PCjC73mT9wPgv4CVDGjw7gX', 'E39PBJdRrhqkmjV6vx6XJbd4v3'], 'P13591': ['person/d21a2f1f-7aa2-4256-8edf-3ee288139f7a']}"
Q3180864,John Adair,"author, military historian and leadership theorist",['Q5'],['Q145'],['Q203889'],['+1934-05-18T00:00:00Z'],"['Q1622272', 'Q47064', 'Q201788', 'Q1493121', 'Q9379869', 'Q2072298', 'Q484275']","{'P214': ['19722692'], 'P213': ['0000000115915746'], 'P646': ['/m/02q53bk'], 'P269': ['130765015'], 'P1006': ['067859879'], 'P349': ['00462021'], 'P227': ['124297234'], 'P3348': ['244656'], 'P3430': ['w6pq3wsg'], 'P3762': ['111374'], 'P906': ['287633'], 'P1695': ['a0000001197411'], 'P244': ['n50037019'], 'P268': ['12186202z'], 'P2163': ['12620'], 'P5587': ['75knrdbr509wnhm'], 'P1280': ['29198947'], 'P950': ['XX937585'], 'P691': ['ola2003209059'], 'P5034': ['KAC200603214'], 'P1580': ['a1215566'], 'P1207': ['n97022602'], 'P7293': ['9810614255405606'], 'P9322': ['p0012167-Adair-John-Eric-19342025'], 'P3987': ['106718'], 'P4789': ['U246705'], 'P5297': ['-kGHc67COZm8Z4ommhecak0nyoY'], 'P10553': ['085768642'], 'P8189': ['987007272387405171'], 'P9984': ['981058512043906706'], 'P11686': ['981058512043906706'], 'P11182': ['86596'], 'P271': ['DA00837528'], 'P11496': ['1140282266750832256'], 'P12458': ['532145'], 'P10832': ['E39PBJjdbf3rCbp3fbcJQ8qmh3'], 'P1368': ['000017649'], 'P13049': ['124297234'], 'P10387': ['3717'], 'P1015': ['7025295'], 'P4619': ['000592270'], 'P7369': ['000256499'], 'P8179': ['ncf10046481'], 'P1309': ['vtls002482866'], 'P6394': ['a11801682'], 'P7699': ['LNB:5UR;=BI'], 'P10227': ['vtls000049928'], 'P409': ['49885814'], 'P1005': ['28565'], 'P3065': ['A002907442'], 'P1315': ['784706'], 'P13591': ['person/88c3e97b-acc9-4a51-8229-b38b49724c6f'], 'P13951': ['263584', '453352'], 'P10400': ['5953'], 'P14177': ['ola2003209059'], 'P13204': ['k2kr2rdp']}"
Q672370,John Adair,football referee (b. 1919),['Q5'],['Q145'],['Q10686'],['+1918-03-31T00:00:00Z'],['Q859528'],"{'P7435': ['19'], 'P6315': ['834'], 'P6314': ['john-adair'], 'P3699': ['6800'], 'P2369': ['108251'], 'P7436': ['john_adair'], 'P2671': ['/g/120qkx5y']}"
Q96089363,John Adair,,['Q5'],[],[],['+1720-01-01T00:00:00Z'],[],{'P3051': ['I27438']}
Q93430950,Ray H. Garrison,,['Q5'],[],[],"['+1933-02-23T00:00:00Z', '+1933-00-00T00:00:00Z']",['Q121594'],"{'P213': ['000000011472936X'], 'P214': ['55465550'], 'P244': ['n81039673'], 'P1580': ['a1348917'], 'P1207': ['n96030372'], 'P5034': ['KAC200908059'], 'P3987': ['327253'], 'P8179': ['ncf10428045'], 'P691': ['utb2011619292'], 'P8189': ['987007433988005171'], 'P269': ['069043671'], 'P227': ['136743315'], 'P9984': ['981058513793606706'], 'P11686': ['981058513793606706'], 'P11182': ['88133'], 'P1368': ['000034177'], 'P13591': ['person/631f232c-9b23-4622-b135-e988fa6fed98'], 'P396': ['UANV000511']}"
Q732048,Marshall Rosenberg,American psychologist (1934-2015),['Q5'],['Q30'],['Q491239'],['+1934-10-06T00:00:00Z'],"['Q212980', 'Q3400985', 'Q15980158', 'Q4859473']","{'P214': ['66629638'], 'P213': ['0000000121375037'], 'P244': ['n86846925'], 'P227': ['123032032'], 'P434': ['c35438f3-b9cc-4854-873d-7871f74f6545'], 'P646': ['/m/02hw4y'], 'P1006': ['074760343'], 'P373': ['Marshall Bertram Rosenberg'], 'P950': ['XX1530607'], 'P3417': ['Marshall-Rosenberg-2'], 'P648': ['OL243612A'], 'P1953': ['4704437'], 'P3630': ['26325', '183779'], 'P269': ['050791079'], 'P268': ['135467986'], 'P691': ['jx20081202027'], 'P18': ['Marshall B. Rosenberg 11-05-2005.jpg'], 'P5739': ['133432'], 'P5034': ['KAC200604984'], 'P1207': ['n2003046677'], 'P8851': ['34101351'], 'P7293': ['9810569133105606'], 'P3987': ['786352'], 'P8189': ['987007290721505171'], 'P10553': ['390351229'], 'P3280': ['0000690049'], 'P1015': ['90832143'], 'P7369': ['000200926'], 'P8179': ['ncf10651352'], 'P3846': ['87097968883849'], 'P7699': ['LNB:KxT;=Bt'], 'P349': ['001115265'], 'P271': ['DA16708896'], 'P1375': ['000329583'], 'P1005': ['1826941'], 'P3065': ['A003760335'], 'P11496': ['1140000791870870272'], 'P1617': ['6d04f5e8-3d25-4589-a059-1161d6161da8'], 'P11182': ['194416'], 'P12458': ['81388'], 'P9984': ['981060788267306706'], 'P7029': ['770249187', '770249189'], 'P2963': ['40541'], 'P10832': ['E39PBJcccQ67gxjpj49kxHWkXd'], 'P13049': ['123032032'], 'P10387': ['17476'], 'P396': ['UBOV131128'], 'P13591': ['person/1b21da2c-981b-4b8a-bc88-e64c15d4f81b'], 'P13951': ['3756'], 'P10400': ['16744'], 'P14177': ['jx20081202027'], 'P14178': ['jx20081202027'], 'P14225': ['981005759335109366'], 'P13804': ['96121'], 'P9322': ['0266345-Rosenberg-Marshall-B-19342015']}"
Q136449879,M. N. Hegde,,['Q5'],[],[],['+1941-01-01T00:00:00Z'],"['Q1622272', 'Q11762416']",{'P691': ['xx0336717']}
Q116174830,Paul A. Argenti,,['Q5'],[],[],[],[],"{'P1280': ['102318947'], 'P214': ['113581707'], 'P244': ['n93027646'], 'P269': ['133533972'], 'P349': ['00664401'], 'P1015': ['90863281'], 'P1207': ['n98036964'], 'P1006': ['172253780'], 'P5361': ['ArgentiPaulA'], 'P213': ['0000000117802147'], 'P5034': ['KAC200604502'], 'P3987': ['510267'], 'P5739': ['3038'], 'P8189': ['987007421701605171'], 'P11182': ['91532'], 'P12458': ['228325'], 'P13591': ['person/169d9b4b-11a1-4cdd-b3a5-4e0ab9030d10'], 'P13906': ['1712776']}"
Q112537384,Lynn H. Turner,,['Q5'],[],[],['+1946-00-00T00:00:00Z'],['Q1622272'],"{'P691': ['jo20191042826'], 'P214': ['112158308'], 'P1207': ['n2007112866'], 'P213': ['0000000110329131'], 'P227': ['155922580', '117489606X'], 'P950': ['XX1142264'], 'P244': ['n91046706'], 'P268': ['13481019k'], 'P269': ['085970603'], 'P8189': ['987007434473405171'], 'P12458': ['292450'], 'P1368': ['000105535'], 'P13591': ['person/4a1130fa-6599-4a0c-ac87-3951cdf5bb56']}"
Q127424869,Richard West,"British actor, producer and director",['Q5'],"['Q174193', 'Q145']",['Q123634'],['+1920-03-16T00:00:00Z'],"['Q578109', 'Q21280562', 'Q10798782', 'Q2259451', 'Q10800557', 'Q2059704']","{'P2889': ['GTJ7-X8M'], 'P345': ['nm1678401'], 'P2469': ['3e5v'], 'P14750': ['1CAF-42F2-CC4A-C969-E247']}"
Q130972153,Richard West,,['Q5'],[],[],[],[],"{'P496': ['0000-0001-5100-0666'], 'P2456': ['w/RichardWest']}"
Q57044486,Richard H West,researcher,['Q5'],[],[],[],['Q1650915'],"{'P496': ['0000-0003-3861-6030'], 'P1153': ['16403749200'], 'P1053': ['B-2675-2009'], 'P3829': ['1260232']}"
Q6238282,Richard Westmacott,British sculptor (1775–1856),['Q5'],"['Q174193', 'Q161885']",['Q84'],['+1775-07-15T00:00:00Z'],"['Q1028181', 'Q1281618']","{'P214': ['22947096'], 'P213': ['0000000066757744'], 'P646': ['/m/068dl_'], 'P650': ['83899'], 'P1430': ['632'], 'P245': ['500117773'], 'P1006': ['126885311'], 'P1711': ['50859'], 'P1816': ['mp04774'], 'P1882': ['w/westmaco'], 'P373': ['Richard Westmacott'], 'P2342': ['130484'], 'P935': ['Richard Westmacott'], 'P18': ['Richard Westmacott Mw111920.jpg'], 'P2741': ['18071'], 'P2843': ['B00196349'], 'P2914': ['msib4_1254302199'], 'P3430': ['w6sx7b76'], 'P1367': ['westmacott-ii-richard-17751856'], 'P1472': ['Richard Westmacott'], 'P1417': ['biography/Richard-Westmacott'], 'P3029': ['F258115'], 'P4200': ['50858'], 'P4553': ['5971'], 'P1415': ['29114'], 'P4927': ['24zvk66omc'], 'P2041': ['16768'], 'P3782': ['richard-sir-westmacott'], 'P950': ['XX4946676'], 'P4808': ['richard-westmacott-ra'], 'P4169': ['2103'], 'P268': ['12520869w'], 'P2977': ['RiWestm1856'], 'P269': ['03445439X'], 'P6735': ['richard-westmacott-ii'], 'P7430': ['2896'], 'P4342': ['Richard_Westmacott'], 'P5019': ['westmacott-richard'], 'P7711': ['T513-32284'], 'P8081': ['B184801'], 'P8210': ['32845'], 'P8496': ['westmacott-sir-richard-1775-1856-sculptor'], 'P2600': ['6000000022825017307', '6000000084413007970'], 'P6821': ['alvin-person:15606'], 'P7982': ['66046'], 'P6706': ['Westmacott,+sir+Richard'], 'P7444': ['122206'], 'P8705': ['3903-WESTMACOTT-Sir-Richard'], 'P244': ['n93067787'], 'P10031': ['2302'], 'P7848': ['991004162789707141'], 'P7305': ['3995010'], 'P8189': ['987007428984705171'], 'P10882': ['161435'], 'P227': ['119252082'], 'P1871': ['cnp00551177'], 'P2949': ['Westmacott-80'], 'P12582': ['20110803121911111'], 'P3365': ['sir-richard-westmacott'], 'P13049': ['119252082'], 'P7545': ['11137389'], 'P12040': ['person/1052W7'], 'P13591': ['person/085f89a3-12ba-43a8-b509-fd7ff32d00a5'], 'P13818': ['ed30337a-7364-461d-a908-7b5e0a0b72ad'], 'P7902': ['119252082'], 'P1801': ['Sir Richard Westmacott.jpg'], 'P14585': ['42643'], 'P14674': ['5081']}"
Q88742372,Richard G West,researcher,['Q5'],[],[],[],['Q1650915'],{'P496': ['0000-0001-6604-5533']}
Q104439408,Lynn Turner,American model,['Q5'],['Q30'],['Q99'],['+1935-12-01T00:00:00Z'],"['Q4610556', 'Q728711']","{'P5421': ['69275'], 'P646': ['/m/02q8v2h']}"
Q109674347,Lynn Turner,American ceramist (b. 1943),['Q5'],['Q30'],['Q1762867'],['+1943-00-00T00:00:00Z'],['Q7541856'],{'P1795': ['4894']}
Q16018932,,American convicted murderer (1968-2010),['Q5'],['Q30'],['Q1439'],['+1968-07-13T00:00:00Z'],"['Q17391638', 'Q19829999', 'Q1622272']","{'P214': ['305307991'], 'P244': ['no2013102704'], 'P213': ['0000000418907057'], 'P269': ['181358573'], 'P691': ['jo20181004121'], 'P5361': ['TurnerLynn1968-'], 'P1207': ['n2020075217'], 'P646': ['/m/02q88bl'], 'P3368': ['2251871'], 'P227': ['1163292370'], 'P10832': ['E39PBJgxx3hddgdfBFdgMjD6rq'], 'P13049': ['1163292370'], 'P10608': ['agent/gnd_1163292370'], 'P6640': ['63748'], 'P13591': ['person/6e0bb119-614a-4c2c-bab9-e65d12ccbc24'], 'P9984': ['981060950647906706']}"
Q1878891,,American musician,['Q5'],['Q30'],['Q38022'],['+1941-01-01T00:00:00Z'],['Q639669'],{'P2671': ['/g/122tnwsk']}
Q6709259,Lynn Turner,Wikimedia disambiguation page,['Q22808320'],[],[],[],[],{}
Q100725719,Sanjay Kumar,researcher ORCID 0000-0002-8951-5996,['Q5'],[],[],[],['Q1650915'],"{'P496': ['0000-0002-8951-5996'], 'P2456': ['65/4930-1']}"
Q115899044,Sanjay Kumar,researcher at Banaras Hindu University,['Q5'],[],[],[],"['Q2374149', 'Q1622272']",{'P973': ['https://internet.bhu.ac.in/science/botany/sanjay.php']}
Q115899029,Sanjay Kumar,Professor at Florida State University,['Q5'],[],[],[],"['Q6337803', 'Q1622272']","{'P2038': ['Sanjay-Kumar-23'], 'P1153': ['57201873352'], 'P6634': ['sanjay-s-kumar-855a77245'], 'P1960': ['mDR-YB4AAAAJ']}"
Q114862452,Sanjay Kumar,Strategic Sourcing Director - LafargeHolcim,['Q5'],[],[],[],[],{}
Q102292686,Sanjay Kumar,Ph.D. California Institute of Technology 1992,['Q5'],[],[],[],[],"{'P549': ['98003'], 'P4955': ['674376']}"
Q108473142,Ronald Alber,1946-,['Q5'],[],[],['+1946-01-01T00:00:00Z'],['Q1622272'],"{'P269': ['057047332'], 'P214': ['111383696'], 'P213': ['0000000083043233'], 'P244': ['n80106728'], 'P7293': ['9810636155205606'], 'P227': ['131710559'], 'P5034': ['KAC200409009'], 'P8189': ['987007447502305171'], 'P11182': ['81907'], 'P3987': ['40388'], 'P12458': ['638079'], 'P1368': ['000108819'], 'P691': ['jo20251258954'], 'P13591': ['person/44baa4a5-59b5-4925-b0b5-e5ffd828be0b']}"
Q106474785,Ronald Adler,"prisoner in Theresienstadt Ghetto, b. 1935-04-09",['Q5'],[],['Q25797'],['+1935-04-09T00:00:00Z'],[],"{'P9300': ['te-adler-ronald'], 'P9543': ['46720']}"
Q133001837,,,['Q5'],[],['Q4077'],['+1983-01-01T00:00:00Z'],['Q39631'],"{'P227': ['136976360'], 'P13049': ['136976360'], 'P213': ['0000000057976830'], 'P214': ['81231892']}"
Q6889110,Ron Adler,Israeli poet,['Q5'],['Q801'],['Q152374'],['+1957-00-00T00:00:00Z'],['Q49757'],"{'P213': ['000000006697583X'], 'P244': ['n89134600'], 'P648': ['OL6752770A'], 'P214': ['40968702'], 'P8189': ['987007280092805171'], 'P3997': ['987007280092805171'], 'P10404': ['01084'], 'P10832': ['E39PBJpjcQcB9tHFMGDdPyP84q'], 'P13591': ['person/458eb090-5266-4e05-a545-8cb807604a40'], 'P2671': ['/g/112ygckl9']}"
Q135272150,,"Towne, Neil, 1928-",['Q5'],[],[],['+1928-01-01T00:00:00Z'],[],"{'P1315': ['993976'], 'P214': ['65296705'], 'P213': ['000000008251577X'], 'P244': ['n80015667'], 'P269': ['057047375'], 'P1015': ['90162047'], 'P1207': ['n95003493'], 'P1368': ['000108818'], 'P1006': ['072731249'], 'P8851': ['17944423'], 'P8189': ['987007432952705171'], 'P13906': ['34118'], 'P12458': ['638132'], 'P7293': ['9810623600005606']}"
Q6263525,John Wesley Blassingame,American historian (1940–2000),['Q5'],['Q30'],['Q34217'],['+1940-03-23T00:00:00Z'],['Q201788'],"{'P214': ['12428875'], 'P213': ['0000000121210072'], 'P1006': ['068570066'], 'P2163': ['1797569'], 'P648': ['OL1862774A'], 'P244': ['no2012039572'], 'P3430': ['w68s5669'], 'P227': ['121175545'], 'P4903': ['history-archaeology/john-blassingame-1940-2000'], 'P1280': ['220627811'], 'P269': ['066901243'], 'P268': ['126726300'], 'P691': ['skuk0001724'], 'P6723': ['african-american-history/blassingame-john-w-1940-2000'], 'P1207': ['n01723385'], 'P2963': ['103957'], 'P646': ['/m/02qcwxr'], 'P7293': ['9811719881305606'], 'P8902': ['people/71189'], 'P3368': ['2239119'], 'P8189': ['987007274242005171'], 'P11249': ['14239554'], 'P10832': ['E39PBJm9cJGCcWHWXpQvR8Kcfq'], 'P13591': ['person/be5b5847-9baa-46d8-a1c9-748220ec8b14'], 'P1015': ['90065045'], 'P8179': ['ncf12045518'], 'P7699': ['LNB:DWZc;=Bu'], 'P271': ['DA00395011'], 'P409': ['35019339'], 'P1375': ['000681735'], 'P9171': ['148576'], 'P3065': ['A003013112'], 'P11496': ['1981149384719505591'], 'P14225': ['981005657803509366']}"
Q128751462,John W. Blassingame: A Remembrance,scholarly article,['Q13442814'],[],[],[],[],"{'P478': ['103'], 'P973': ['https://www.journals.uchicago.edu/doi/10.1086/699958'], 'P356': ['10.1086/699958'], 'P433': ['4'], 'P304': ['637-640'], 'P2093': ['Lawrence N. Powell']}"
Q130018290,"John W. Blassingame: March 23, 1940-February 13, 2000",scholarly article published in July 2001,['Q13442814'],[],[],[],[],"{'P478': ['86'], 'P973': ['http://www.journals.uchicago.edu/doi/10.1086/JNHv86n3p422'], 'P356': ['10.1086/JNHV86N3P422'], 'P433': ['3'], 'P304': ['422-423'], 'P2093': ['Robert L. Harris,']}"
Q112360354,Stewart L. Tubbs,American communication researcher,['Q5'],[],[],['+1943-09-06T00:00:00Z'],"['Q36180', 'Q3400985', 'Q832136']","{'P691': ['jn19990008633'], 'P214': ['43123949'], 'P1207': ['n2008055223'], 'P213': ['0000000109672258'], 'P269': ['152729593'], 'P227': ['170886093'], 'P244': ['n79131984'], 'P8189': ['987007434378805171'], 'P12458': ['591083'], 'P13591': ['person/3e5710a2-80a2-475c-91fb-e34505de0d8b'], 'P13906': ['33457'], 'P3368': ['3531907']}"
Q112436893,Mary Ellen Guffey,,['Q5'],[],[],['+1936-00-00T00:00:00Z'],['Q9379869'],"{'P691': ['utb2011624436'], 'P214': ['28427867'], 'P1207': ['n02080854'], 'P8189': ['987007452537205171'], 'P3987': ['548833'], 'P213': ['0000000116123580'], 'P244': ['n82151740'], 'P269': ['060591463'], 'P227': ['1044246146'], 'P648': ['OL218771A']}"
Q112448013,Larry A. Samovar,,['Q5'],[],[],['+1935-00-00T00:00:00Z'],"['Q6051619', 'Q15978655']","{'P691': ['utb2012681185'], 'P214': ['20817494'], 'P213': ['0000000110433748'], 'P244': ['n80030446'], 'P269': ['067708412'], 'P1207': ['n01056686'], 'P8189': ['987007452305805171'], 'P227': ['131456296'], 'P11182': ['18698'], 'P12458': ['359822'], 'P5034': ['KAC200703843'], 'P1368': ['000025424'], 'P13591': ['person/1b430a6f-1117-43f3-841b-16d6448385d7']}"
Q112448014,Richard E. Porter,professor,['Q5'],[],[],['+1933-00-00T00:00:00Z'],['Q121594'],"{'P691': ['utb2012681189'], 'P214': ['8520035'], 'P1207': ['n2006001967'], 'P213': ['0000000110375138'], 'P244': ['n80057095'], 'P269': ['067708439'], 'P8189': ['987007432722005171'], 'P227': ['13145627X'], 'P11182': ['18699'], 'P1368': ['000025425'], 'P13591': ['person/3b543b62-c2c6-4f85-bb46-c1ef19ee1564'], 'P13906': ['31837']}"
Q212993,Benedict Anderson,American political scientist (1936-2015),['Q5'],['Q27'],['Q182852'],['+1936-08-26T00:00:00Z'],"['Q1622272', 'Q1238570', 'Q36180', 'Q4773904', 'Q4964182', 'Q201788', 'Q482980']","{'P244': ['n83191591'], 'P214': ['98335497'], 'P227': ['118140795'], 'P269': ['031865186'], 'P268': ['12300057x'], 'P349': ['00462282'], 'P646': ['/m/036g2b'], 'P1006': ['069701466'], 'P2163': ['119243'], 'P3430': ['w6z04gkf'], 'P3417': ['Benedict-Anderson'], 'P3222': ['benedict-anderson'], 'P648': ['OL193997A'], 'P2963': ['5847920'], 'P1417': ['biography/Benedict-Anderson'], 'P906': ['243150'], 'P396': ['MILV098906'], 'P3219': ['benedict-anderson'], 'P3987': ['144704'], 'P5419': ['benedict-r-anderson'], 'P213': ['0000000121448654'], 'P5705': ['benedict-r-og-anderson'], 'P5587': ['gdsvz05021kh53d'], 'P1280': ['11028579'], 'P691': ['jn20010601808'], 'P1580': ['a1073296'], 'P6594': ['benedict-r-og-anderson'], 'P5034': ['KAC200208216'], 'P2732': ['73854'], 'P4638': ['p26186.htm#i261852'], 'P2600': ['6000000046189259838'], 'P7865': ['95a5yja38danyka99hb5yc1t70wk0dg'], 'P7902': ['118140795'], 'P5502': ['benedict-anderson'], 'P1207': ['n95006164'], 'P7400': ['andersonbenedict'], 'P2607': ['f0dd2412-a938-455d-a480-ce94d9aabf35'], 'P7293': ['9810578232605606'], 'P3065': ['A002928051'], 'P8189': ['987007312923305171'], 'P8179': ['ncf12069028'], 'P3847': [""person:benedict_r._o'g_anderson_(1936-2015)""], 'P3630': ['125383'], 'P8750': ['260288', '328853'], 'P8851': ['29173863'], 'P5297': ['TepWhVFnZPRkMCPbTtS8rcdrWjM'], 'P9037': ['e20cbf93-b54d-4883-b262-ba850e159f22'], 'P1695': ['a0000003046220'], 'P5617': ['benedict-anderson-39789'], 'P9984': ['981058507619106706'], 'P10553': ['079267602'], 'P4862': ['B000APBSDI'], 'P3280': ['0000806667'], 'P1015': ['90384347'], 'P4619': ['000598372'], 'P7369': ['000283762'], 'P1309': ['vtls003911532'], 'P6394': ['a11588822'], 'P3348': ['77415'], 'P7699': ['LNB:V*375171;=BK'], 'P1368': ['000033406'], 'P7026': ['54577'], 'P10227': ['vtls000276637'], 'P271': ['DA01419498'], 'P409': ['36049965'], 'P1375': ['000009595'], 'P1005': ['583688'], 'P1890': ['000262131'], 'P11249': ['14398113'], 'P11686': ['981058507619106706'], 'P11496': ['1140000791558854400'], 'P11182': ['89121'], 'P3368': ['1704812'], 'P12458': ['512362'], 'P2188': ['15475'], 'P12597': ['64817'], 'P10832': ['E39PBJckQD8Tb9GpmbxRt96tKd'], 'P13049': ['118140795'], 'P13019': ['128316'], 'P13166': ['83189'], 'P8309': ['18-139254'], 'P10387': ['22665'], 'P1315': ['1202171'], 'P6640': ['581767'], 'P12430': ['403f6a78-c5b1-4a2a-923d-53d07660385f'], 'P9885': ['920a9aad-3a1d-ff37-22c6-352451e81df3'], 'P4839': ['Entity[""Person"", ""BenedictAnderson::23j7z""]'], 'P3846': ['87097968066271'], 'P9171': ['75100'], 'P13591': ['person/b649ddc4-ffc9-43e8-b401-2bc70781c607'], 'P7184': ['036g2b'], 'P18': ['Ben Anderson.png'], 'P9802': ['178633'], 'P13951': ['399468'], 'P14225': ['981005673746809366'], 'P9322': ['0266268-Anderson-Benedict-R-OG-19362015']}"
Q124639063,Benedict Anderson,,['Q5'],[],[],[],"['Q42973', 'Q2707485', 'Q1622272']","{'P691': ['ntk20231190541'], 'P496': ['0000-0002-8387-340X'], 'P214': ['5524148451582615970007'], 'P13591': ['person/79f6d9b2-29f9-4d6b-9c8c-21cd72ee6b7a'], 'P10400': ['1066']}"
Q123590606,"Benedict Anderson, Scholar Who Saw Nations as ‘Imagined,’ Dies at 79","The New York Times article (December 15, 2015)",['Q309481'],[],[],[],[],"{'P953': ['https://www.nytimes.com/2015/12/15/world/asia/benedict-anderson-scholar-who-saw-nations-as-imagined-dies-at-79.html'], 'P2322': ['100000004091804']}"
Q136947606,,,['Q1980247'],[],[],[],[],"{'P304': ['369-372'], 'P356': ['10.18800/9786124146480.019']}"
Q139975142,"Benedict Anderson, Imagined Communities (1983)",,['Q13442814'],[],[],[],[],"{'P433': ['2'], 'P356': ['10.1215/08992363-8090180'], 'P304': ['441-448'], 'P478': ['32'], 'P2093': ['Manu Goswami'], 'P953': ['https://doi.org/10.1215/08992363-8090180']}"
Q93237665,Emory A. Griffin,,['Q5'],[],[],"['+1937-06-30T00:00:00Z', '+1937-00-00T00:00:00Z']",[],"{'P213': ['0000000110667413'], 'P214': ['62887907'], 'P5739': ['33971'], 'P1207': ['n94006242'], 'P5034': ['KAC199700150'], 'P7293': ['9810558142305606'], 'P1280': ['63154275'], 'P691': ['jn19990002888'], 'P8189': ['987007445911105171'], 'P269': ['158641302'], 'P227': ['1089157614'], 'P244': ['n82055231'], 'P12458': ['83935'], 'P1368': ['000184715']}"
Q19787390,Alan O. Ebenstein,"American political scientist, educator and author",['Q5'],['Q30'],[],['+1959-05-28T00:00:00Z'],"['Q1238570', 'Q201788']","{'P214': ['71371'], 'P244': ['n90692103'], 'P213': ['0000000108611701'], 'P269': ['066964547'], 'P349': ['01116032'], 'P227': ['134057007'], 'P268': ['15732426z'], 'P2190': ['alanebenstein'], 'P1006': ['227261283'], 'P3987': ['303392'], 'P691': ['vse2013756417'], 'P1207': ['n2003094496'], 'P646': ['/m/05xc5ts'], 'P7293': ['9810548125805606'], 'P10660': ['89801'], 'P8189': ['987007298532505171'], 'P10832': ['E39PBJdmmDVWrw8t4yffgKg7pP'], 'P1368': ['000038929'], 'P13591': ['person/8ee20fdb-bc97-480f-a739-026e7998fdf3'], 'P648': ['OL31351A'], 'P13906': ['1624634'], 'P13951': ['234179', '362689'], 'P3368': ['1698841']}"
Q18911354,,political science scholar,['Q5'],['Q30'],['Q1741'],"['+1910-05-11T00:00:00Z', '+1910-00-00T00:00:00Z']","['Q201788', 'Q1238570', 'Q185351', 'Q1622272']","{'P214': ['108439380'], 'P227': ['10190214X'], 'P349': ['00438562'], 'P244': ['n79063566'], 'P409': ['35054694'], 'P213': ['000000010931328X'], 'P1207': ['n99036483'], 'P906': ['303610'], 'P1005': ['147453'], 'P1006': ['070445796'], 'P648': ['OL6838073A'], 'P3987': ['126393'], 'P268': ['12278645s'], 'P269': ['031603726'], 'P5587': ['sq47cknb04nwtc0'], 'P1280': ['83264611'], 'P5034': ['KAC199607776'], 'P5739': ['24740'], 'P8851': ['15719783'], 'P7293': ['9810656684305606'], 'P646': ['/m/05ws501'], 'P3368': ['272569'], 'P9247': ['1212522'], 'P10553': ['503025798'], 'P691': ['mub20211100445'], 'P2600': ['6000000001452234780'], 'P8189': ['987007260653105171'], 'P3430': ['w6b641fr'], 'P11182': ['99766'], 'P12458': ['278458'], 'P10832': ['E39PBJrrtWDWRv6Rb98WtPChHC'], 'P1368': ['000038926'], 'P13049': ['10190214X'], 'P9964': ['10190214X'], 'P7902': ['10190214X'], 'P13951': ['211735']}"
Q112393583,Sarah Trenholm,,['Q5'],[],[],['+1944-00-00T00:00:00Z'],['Q121594'],"{'P691': ['jx20050823024'], 'P214': ['77754058'], 'P1207': ['n2010177499'], 'P213': ['0000000118782774'], 'P227': ['144005794'], 'P8189': ['987007429353105171'], 'P12458': ['672330'], 'P13591': ['person/f035a3ae-8ffe-47fc-97d6-905b37170bc7']}"
Q441910,,Danish actor (1897-1981),['Q5'],['Q756617'],['Q1748'],['+1897-11-09T00:00:00Z'],"['Q33999', 'Q2259451', 'Q10800557', 'Q2405480']","{'P345': ['nm0421330'], 'P1266': ['638913'], 'P2168': ['72450'], 'P2626': ['39'], 'P2387': ['224402'], 'P2604': ['61263', '325102'], 'P2519': ['33412'], 'P2019': ['p209229'], 'P3417': ['Arthur-Jensen'], 'P3786': ['66'], 'P4359': ['arthurjensen'], 'P4112': ['10426'], 'P434': ['561a84c4-ca3b-4380-822c-0b444686b5a4'], 'P1442': ['J. P. Jensens Familie-Gravsted.jpg'], 'P5033': ['49458'], 'P646': ['/m/026vjbj'], 'P8313': ['Arthur_Jensen'], 'P8341': ['Arthur_Jensen'], 'P9466': ['Arthur_Jensen'], 'P4985': ['117958'], 'P5007': ['Arthur-Jensen'], 'P2605': ['444015'], 'P3368': ['2600849'], 'P1953': ['4189104'], 'P213': ['0000000465898413'], 'P6777': ['138'], 'P12098': ['264106'], 'P9662': ['111601'], 'P3154': ['jenseart'], 'P1728': ['mn0002223445'], 'P5404': ['arthur_jensen'], 'P2722': ['1476707'], 'P1902': ['57l96sBJcJRgHSdePRoss5'], 'P4576': ['3927714'], 'P14750': ['B09E-9118-6867-709E-C74D']}"
Q710027,Arthur R. Jensen,American professor of educational psychology (1923-2012),['Q5'],['Q30'],['Q16552'],['+1923-08-24T00:00:00Z'],"['Q212980', 'Q1622272', 'Q7019111']","{'P214': ['2621615'], 'P213': ['0000000117372052'], 'P227': ['119296152'], 'P18': ['Arthur Jensen Vanderbilt 2002.jpg'], 'P646': ['/m/012_r'], 'P244': ['n79104248'], 'P1006': ['069010730'], 'P2163': ['42425'], 'P648': ['OL391736A'], 'P3430': ['w61g1rbx'], 'P269': ['035311797'], 'P268': ['13479604x'], 'P1960': ['d1A-XYIAAAAJ'], 'P6594': ['arthur-r-jensen'], 'P7865': ['95a5yja38danyja595b5yc1k6wtk8d8'], 'P1207': ['n2010102874'], 'P271': ['DA00088475'], 'P2963': ['403289'], 'P7293': ['9810703114405606'], 'P549': ['85134'], 'P2949': ['Jensen-6940'], 'P8189': ['987007274381405171'], 'P11496': ['1140000791873029376'], 'P11249': ['14798321'], 'P8534': ['arthur-jensen'], 'P11182': ['19632'], 'P3368': ['1305432'], 'P12458': ['720846'], 'P10832': ['E39PBJqFQjqP7Ty6PKrpwhppT3'], 'P3154': ['jensearu'], 'P7775': ['Arthur_Jensen'], 'P13591': ['person/16213649-cae0-4627-8417-d71022671942'], 'P3222': ['arthur-r-jensen'], 'P7902': ['119296152'], 'P13951': ['178865', '324368'], 'P13204': ['f4993xsf'], 'P13772': ['arthur-robert-jensen']}"
Q123937869,Arthur Jensen,American professor emeritus at Syracuse University Department of Communication & Rhetorical Studies,['Q5'],[],[],[],[],{}
Q112393578,Arthur Jensen,1954-,['Q5'],[],[],['+1954-00-00T00:00:00Z'],[],"{'P691': ['jx20050823005'], 'P214': ['109713646'], 'P244': ['n86012302'], 'P8189': ['987007450364905171']}"
Q95308145,Arthur Jensen,German artist,['Q5'],[],['Q1792'],['+1863-00-00T00:00:00Z'],"['Q483501', 'Q644687', 'Q1028181']","{'P7902': ['1077842856'], 'P227': ['1077842856'], 'P214': ['204144782964501815350'], 'P4432': ['00091585'], 'P13049': ['1077842856']}"
Q96606655,Malcolm A Barnard,researcher,['Q5'],[],[],[],['Q1650915'],"{'P496': ['0000-0003-4192-574X'], 'P1053': ['L-2760-2017'], 'P1153': ['57217092112']}"
Q61182641,Barnard Malcolm,(born 1958),['Q5'],[],[],['+1958-01-01T00:00:00Z'],['Q1792450'],"{'P5361': ['BarnardMalcolm1958-'], 'P213': ['0000000110849719'], 'P214': ['115012580'], 'P244': ['n95084315'], 'P268': ['13615661w'], 'P269': ['051629062'], 'P349': ['00904704'], 'P691': ['utb2011656922'], 'P1015': ['90969051'], 'P1207': ['n00045865'], 'P1368': ['000026800'], 'P1006': ['157010260'], 'P3987': ['147518'], 'P8189': ['987007439669405171'], 'P496': ['0000-0002-5917-4510'], 'P227': ['1143852966'], 'P11249': ['14219489'], 'P12458': ['382250'], 'P10832': ['E39PBJdgTXGVJHY4D3GWMddWjC'], 'P13591': ['person/6917b2b6-810e-4472-8a37-bd5d1013cae9'], 'P13951': ['320083']}"
Q7152242,Paul Martin Lester,American academic,['Q5'],['Q30'],['Q1058775'],['+1953-03-21T00:00:00Z'],"['Q26759595', 'Q1930187', 'Q1622272', 'Q121594']","{'P214': ['22313847'], 'P18': ['Latest lester.jpg'], 'P2750': ['269519'], 'P691': ['utb2014852179'], 'P213': ['0000000114886218'], 'P1015': ['90866764'], 'P268': ['135992063'], 'P227': ['1044667680'], 'P8189': ['987007435379705171'], 'P5034': ['KAC200603305'], 'P244': ['no90023002'], 'P1368': ['000172409'], 'P271': ['DA10329636', 'DA05965070'], 'P1006': ['141623055'], 'P7293': ['9810652052905606', '9810578138105606'], 'P3065': ['A003515369'], 'P269': ['07547204X'], 'P5739': ['111707'], 'P9984': ['981058526944506706'], 'P10553': ['772405514'], 'P3368': ['1162790'], 'P373': ['Paul Martin Lester'], 'P11249': ['14426816'], 'P11496': ['1140845216589648384'], 'P11686': ['981058526944506706'], 'P7699': ['LNB:DP42;=tj'], 'P1207': ['n2005107912'], 'P12458': ['260193'], 'P646': ['/m/05m_9r5'], 'P10832': ['E39PBJkCXGdGhkftgKXrXTQjG3'], 'P13591': ['person/a2bad6d7-c777-45f9-a61e-8d8c9c501432'], 'P13906': ['116481'], 'P13951': ['313052']}"
Q141036465,"Roy Blakey, Ice Show Performer and Archivist, Is Dead at 94","The New York Times article (September 30, 2024)",['Q309481'],[],[],[],[],"{'P953': ['https://www.nytimes.com/2024/09/30/arts/roy-blakey-dead.html'], 'P2322': ['100000009723602']}"
Q6112987,,American photographer (1930–2024),['Q5'],['Q30'],[],['+1930-07-19T00:00:00Z'],['Q33231'],"{'P2750': ['9438'], 'P2671': ['/g/121bdbbh']}"
Q108541519,Roy Blake,Wikimedia disambiguation page,['Q4167410'],[],[],[],[],{}
Q20203470,John G. Proakis,American electrical engineer,['Q5'],[],[],['+1935-01-01T00:00:00Z'],"['Q1326886', 'Q1622272']","{'P856': ['http://www.ece.neu.edu/people/proakis-john-g'], 'P2456': ['29/281'], 'P3987': ['3995'], 'P5034': ['KAC200704965'], 'P214': ['85646368'], 'P1580': ['a1109545'], 'P1315': ['1284559'], 'P906': ['377853'], 'P1280': ['21101667'], 'P271': ['DA00510390'], 'P2381': ['384663'], 'P1556': ['proakis.john-g'], 'P691': ['xx0053676'], 'P8850': ['811271'], 'P8848': ['1282662'], 'P3348': ['195967'], 'P1015': ['90268453'], 'P268': ['123088154'], 'P8179': ['ncf12109067'], 'P227': ['129254703'], 'P213': ['0000000114506721'], 'P8189': ['987007439687305171'], 'P244': ['n82049358'], 'P950': ['XX1096374'], 'P349': ['00760427'], 'P409': ['36546214'], 'P1006': ['075175010'], 'P3065': ['A003713097'], 'P5587': ['khw062x34p4r2jp'], 'P269': ['031969674'], 'P1368': ['000056277'], 'P5361': ['ProakisJohnG'], 'P1207': ['n95302474'], 'P9984': ['981058522070006706'], 'P11496': ['1140282266605115392'], 'P11686': ['981058522070006706'], 'P6479': ['37297484500'], 'P864': ['81100120144'], 'P2038': ['Jg-Proakis'], 'P1153': ['7005879349'], 'P11182': ['88696'], 'P10832': ['E39PBJrWBdP9qBXFqtCc9vVV4q'], 'P13049': ['129254703'], 'P13591': ['person/8225f58e-a7fd-4baf-aba6-f715dd2fb715'], 'P13906': ['30814'], 'P13951': ['38680', '783425']}"
Q112458670,Leon W. Couch,,['Q5'],[],['Q49229'],['+1941-00-00T00:00:00Z'],['Q1326886'],"{'P691': ['ctu2012734930'], 'P214': ['11185755'], 'P213': ['0000000115951878'], 'P244': ['n82036884'], 'P269': ['059939001'], 'P1207': ['n97090014'], 'P8189': ['987007433662005171'], 'P3987': ['150085'], 'P227': ['153930624'], 'P1368': ['000176660'], 'P13591': ['person/2870ef4e-5a16-41cf-a6ba-2755d24e0e44']}"
Q20723884,William Gudykunst,sociologist (1947-2005),['Q5'],[],['Q2233616'],['+1947-10-26T00:00:00Z'],['Q2306091'],"{'P214': ['85259072'], 'P227': ['129726362'], 'P244': ['n83042195'], 'P268': ['12160654f'], 'P269': ['030128188'], 'P349': ['00467670'], 'P906': ['169531'], 'P1207': ['n02023102'], 'P213': ['0000000081609352'], 'P1006': ['069923329'], 'P5361': ['GudykunstWilliamB'], 'P950': ['XX1043570'], 'P5587': ['hftww9d15f9rnrv'], 'P691': ['utb2009505242'], 'P1580': ['a1030334'], 'P646': ['/m/05wddzn'], 'P3987': ['477549'], 'P9984': ['981058512767606706'], 'P8189': ['987007273792205171'], 'P11686': ['981058512767606706'], 'P11182': ['18685'], 'P12458': ['88597'], 'P10832': ['E39PBJcwFYqvkRFJJhH7KB4jG3'], 'P13166': ['125875'], 'P373': ['William B. Gudykunst'], 'P396': ['UBOV013767'], 'P13591': ['person/eee2d63f-ebaa-422d-96de-8cd41ea2e2d3'], 'P13951': ['292373', '292402']}"
Q122582777,Young Yun Kim,,['Q5'],[],['Q8684'],[],['Q1622272'],"{'P691': ['xx0306511'], 'P213': ['0000000059270540'], 'P1207': ['n2013012913'], 'P214': ['71425618'], 'P8189': ['987007427698305171'], 'P950': ['XX1072572'], 'P1368': ['000268984'], 'P13591': ['person/aa02c556-a5aa-4845-bd9a-c6f66cbf48ff']}"
Q93115797,Young Yun Kim,researcher (ORCID 0000-0002-6305-0182),['Q5'],[],[],[],['Q1650915'],"{'P496': ['0000-0002-6305-0182'], 'P1053': ['S-4644-2016']}"
Q91495926,Young Yun Kim,researcher (ORCID 0000-0002-4425-9976),['Q5'],[],[],[],['Q1650915'],{'P496': ['0000-0002-4425-9976']}
Q25273299,Katherine Miller,translator,['Q5'],[],[],[],['Q333634'],"{'P214': ['270647563'], 'P244': ['no2015104006'], 'P3348': ['262269'], 'P213': ['0000000066524959'], 'P373': ['Katherine Miller'], 'P1472': ['Katherine Miller'], 'P10832': ['E39PBJfX3FtKV3R79KcwbrVwG3'], 'P13591': ['person/12a9de97-7ce9-467e-a5b7-09a31881de85'], 'P268': ['12747270w']}"
Q75520188,Katherine Miller,(born 1957),['Q5'],[],[],['+1957-01-01T00:00:00Z'],[],{'P4638': ['p19096.htm#i190955']}
Q43396000,Katherine Miller,Accused of witchcraft,['Q5'],[],[],[],[],{'P4478': ['A/LA/2902']}
Q43392017,Katherine Miller,accused of witchcraft,['Q5'],[],[],[],[],{'P4478': ['A/LA/3091']}
Q26260221,Katherine Miller,Brazilian-American fencer,['Q5'],['Q155'],['Q60'],['+1994-05-09T00:00:00Z'],['Q13381863'],"{'P1447': ['mi/katherine-miller-1'], 'P8286': ['129259'], 'P2671': ['/g/11c1kcf7__'], 'P13766': ['55097'], 'P14105': ['3000544385']}"
Q6768451,Mark L. Knapp,American academic,['Q5'],['Q30'],[],['+1938-07-12T00:00:00Z'],['Q26759595'],"{'P214': ['41916300'], 'P18': ['Mark Knapp Rhino Cake.JPG'], 'P1006': ['067953956'], 'P213': ['0000000108914729'], 'P227': ['141752432'], 'P244': ['n79082223'], 'P349': ['00445921'], 'P1015': ['90382803'], 'P1207': ['n00093908'], 'P1695': ['a0000001248680'], 'P269': ['032573782'], 'P268': ['123577803'], 'P691': ['osd2010555497'], 'P5034': ['KAC199615129'], 'P646': ['/m/02r3h4k'], 'P7293': ['9810614336605606'], 'P8189': ['987007440210005171'], 'P11249': ['14245041'], 'P11686': ['981058601532806706'], 'P9984': ['981058601532806706'], 'P12458': ['469982'], 'P10832': ['E39PBJrm4BBMPqqbxffFmtqYT3'], 'P13049': ['141752432'], 'P1368': ['000351031'], 'P13591': ['person/3c57cdf6-6d62-4240-98f0-fc9decac0b04'], 'P13951': ['185212'], 'P648': ['OL444993A']}"
Q89263098,Judith A. Hall,American social psychologist,['Q5'],['Q30'],[],['+1946-00-00T00:00:00Z'],"['Q1650915', 'Q121594', 'Q10672931', 'Q212980']","{'P496': ['0000-0001-5840-2895'], 'P691': ['osd2010555498'], 'P214': ['69005452'], 'P213': ['0000000118775064'], 'P244': ['n84028490'], 'P1207': ['n00093910'], 'P268': ['12357781f'], 'P269': ['072331143'], 'P8189': ['987007449644505171'], 'P7293': ['9810614336805606'], 'P3987': ['91359'], 'P227': ['143988166'], 'P12458': ['469984'], 'P5034': ['KAC201312038'], 'P13049': ['143988166'], 'P13591': ['person/04c9f924-c1ff-4469-bcb8-56aad63804ce'], 'P648': ['OL1239241A']}"
Q16872405,Locker,family name,['Q101352'],[],[],[],[],"{'P3878': ['L260'], 'P373': ['Locker (surname)'], 'P3880': ['LK1111'], 'P4839': ['Entity[""Surname"", ""Locker""]'], 'P3370': ['LOCKER'], 'P9644': ['LOCKER'], 'P8168': ['Q388841']}"
Q106042725,Locker,given name,['Q202444'],[],[],[],[],{'P3878': ['L260']}
Q105763610,Löcker,family name,['Q101352'],[],[],[],[],"{'P3370': ['LOCKER'], 'P9644': ['LOCKER'], 'P8168': ['Q397713'], 'P373': ['Löcker (surname)']}"
Q216045,Lockerbie,"town in Dumfries and Galloway, Scotland, UK","['Q3957', 'Q7543008']",[],[],[],[],"{'P373': ['Lockerbie'], 'P998': ['Regional/Europe/United_Kingdom/Scotland/Dumfries_and_Galloway/Lockerbie/'], 'P646': ['/m/0kt88'], 'P1566': ['2643791'], 'P214': ['131460193'], 'P1281': ['27263'], 'P613': ['NY135815'], 'P18': ['Lockerbie from above.jpg'], 'P948': ['Lockerbie banner from above.jpg'], 'P473': ['01576'], 'P3616': ['17396'], 'P3120': ['4000000074549223'], 'P982': ['64dc3a06-a153-4c29-bb9f-61bf466e4cf4'], 'P1417': ['place/Lockerbie'], 'P244': ['n88238229'], 'P6766': ['101873445'], 'P3615': ['10360857'], 'P7350': ['towns/townfirst357'], 'P836': ['S20000314', 'S19000343'], 'P8519': ['78587'], 'P4527': ['11401'], 'P8168': ['Q208454'], 'P8313': ['Lockerbie'], 'P2671': ['/g/11ghrc2hy_'], 'P8189': ['987007562522805171'], 'P9284': ['58c04c892c66dc982c01a288'], 'P7197': ['2643791'], 'P1617': ['9e6ef11d-d83d-4906-bd71-896b59b80f74'], 'P6200': ['c1kr6zzeyn6t'], 'P10832': ['E39PBJwX9vdyX3J9ph6cXHFBT3'], 'P1937': ['GBLKB'], 'P9957': ['107483'], 'P2326': ['-2601841'], 'P13061': ['12435237'], 'P13591': ['place/5af5fb01-b969-42e1-8de6-90dfe9944632'], 'P13364': ['Lockerbie']}"
Q1195470,locker,lockable storage compartment,[],[],[],[],[],"{'P373': ['Lockers'], 'P18': ['Tropenmuseum lockers - cropped.png', 'Keyless locker 001.JPG'], 'P646': ['/m/03cxnw7'], 'P8408': ['Locker'], 'P8814': ['02936846-n'], 'P12596': ['102545'], 'P11924': ['locker'], 'P7314': ['hirz']}"
Q6227494,John Vivian,English Liberal politician; (1818-1879),['Q5'],['Q174193'],['Q572078'],['+1818-04-18T00:00:00Z'],['Q82955'],"{'P18': ['John Cranch Walker Vivian, Vanity Fair, 1870-11-05.jpg'], 'P1816': ['mp53520'], 'P1819': ['I00018387'], 'P2015': ['hon-john-vivian'], 'P4471': ['2855'], 'P4638': ['p31610.htm#i316092'], 'P2600': ['6000000025617550978'], 'P646': ['/m/0drzzf1'], 'P3368': ['2223583'], 'P2171': ['16315'], 'P2949': ['Vivian-578']}"
Q116026111,John Vivian,Abt 1525 - Bef 7 Feb 1590,['Q5'],[],[],[],[],{'P1819': ['I00666418']}
Q116026113,John Vivian,"Abt 1458 Trenowith, Cornwall - 8 Oct 1545 St.Columb Major, Cornwall",['Q5'],[],[],[],[],{'P1819': ['I00666561']}
Q137718165,John Vivian,"English barrister, 1756-1828",['Q5'],[],[],['+1756-01-01T00:00:00Z'],[],"{'P1816': ['mp84922'], 'P2949': ['Vivian-326'], 'P18': ['John Vivian of Claverton.jpg']}"
Q100942271,John Vivian,college basketball player (1993–1993) Illinois,['Q5'],[],[],[],['Q3665646'],{'P3696': ['john-vivian-1']}
Q609529,Albert Mehrabian,American psychologist,['Q5'],['Q30'],['Q794'],['+1939-11-17T00:00:00Z'],"['Q212980', 'Q1622272']","{'P214': ['108378016'], 'P213': ['0000000109312316'], 'P349': ['00449678'], 'P646': ['/m/07bdhy'], 'P244': ['n79104236'], 'P1006': ['068535600'], 'P2163': ['42422'], 'P269': ['079913377'], 'P373': ['Albert Mehrabian'], 'P691': ['xx0054036'], 'P3987': ['564089'], 'P5034': ['KAC201882300'], 'P1207': ['n2003083250'], 'P7293': ['9810605918505606'], 'P8189': ['987007274381705171'], 'P3368': ['358598'], 'P1015': ['90114929'], 'P8179': ['ncf11160362'], 'P271': ['DA00566318'], 'P409': ['35345055'], 'P3065': ['A003579915'], 'P11496': ['1140282266591514240'], 'P396': ['IEIV005337'], 'P9171': ['183062'], 'P856': ['https://www.kaaj.com/psych/'], 'P2963': ['987680'], 'P648': ['OL886345A'], 'P12458': ['413353'], 'P10832': ['E39PBJxcTTBrWFvQqhdkbQp3wC'], 'P1315': ['919564'], 'P9984': ['981061020265306706'], 'P13591': ['person/aa9349de-9394-49aa-8e59-8202fb783ab3'], 'P13951': ['156462'], 'P14177': ['xx0054036']}"
Q112431724,Bhagwandas Pannalal Lathi,,['Q5'],[],[],['+1933-00-00T00:00:00Z'],['Q121594'],"{'P691': ['mub2010595779'], 'P214': ['11093047'], 'P271': ['DA00240365'], 'P1015': ['90337307'], 'P7369': ['000065092'], 'P268': ['16920044k'], 'P8179': ['ncf12101225'], 'P227': ['174098936'], 'P213': ['0000000081965146'], 'P8189': ['987007325521505171'], 'P244': ['n50059507'], 'P409': ['36518234'], 'P1375': ['000384517'], 'P1006': ['070925909'], 'P1207': ['n00712847'], 'P7293': ['9810572711905606'], 'P3065': ['A003498460'], 'P269': ['113680899'], 'P11496': ['1140000791739673728'], 'P9984': ['981058513515106706'], 'P11686': ['981058513515106706'], 'P648': ['OL220594A'], 'P10832': ['E39PCjrtwCmX6WWY7yt3yT4qFC'], 'P5034': ['KAC199615998'], 'P13591': ['person/635b3979-55b1-435e-9aa8-29efd9d5a368'], 'P14225': ['981005797245409366']}"
Q102704022,Zhi Ding,Ph.D. Cornell University 1990,['Q5'],[],[],[],[],"{'P549': ['220353', '233534'], 'P4955': ['679223']}"
Q112433511,Zhi Ding,1962-,['Q5'],[],[],['+1962-00-00T00:00:00Z'],[],"{'P691': ['vut2010605291'], 'P214': ['27307969'], 'P1207': ['n2010090271'], 'P269': ['059422335'], 'P227': ['17344413X'], 'P5034': ['KAC201220648'], 'P213': ['0000000109616862'], 'P244': ['n00007907'], 'P268': ['145619832'], 'P8189': ['987007325884605171'], 'P13591': ['person/d421e653-c884-4307-ab37-5c59586a805b']}"
Q60668041,Zhi Ding,researcher ORCID ID = 0000-0002-2649-2125,['Q5'],[],[],[],['Q1650915'],"{'P496': ['0000-0002-2649-2125'], 'P1153': ['56028423100'], 'P2456': ['46/2384'], 'P1960': ['G0oZBhUAAAAJ'], 'P6479': ['37278651400', '37086013742'], 'P6178': ['011716325447.49']}"
Q88260838,Zhi Ding,researcher (ORCID 0000-0002-2112-1835),['Q5'],[],[],['+1917-01-01T00:00:00Z'],['Q1650915'],"{'P496': ['0000-0002-2112-1835'], 'P269': ['133801128'], 'P214': ['288206266'], 'P227': ['1075872006'], 'P10553': ['83401629X']}"
Q45602901,Zhi Ding,Ming dynasty person CBDB = 131679,['Q5'],['Q9903'],[],[],[],"{'P497': ['0131679'], 'P6705': ['023545'], 'P9613': ['282890'], 'P6702': ['mnf48yjyh5nn5oag', 'nxdoodby17cdpp61']}"
Q29583260,Julia Wood,professor and author,['Q5'],[],[],['+1950-08-26T00:00:00Z'],['Q3400985'],"{'P214': ['56933336'], 'P227': ['172457327'], 'P213': ['0000000116492976'], 'P5361': ['WoodJuliaT'], 'P1006': ['068276222'], 'P691': ['utb2011619834'], 'P244': ['n79024675'], 'P5034': ['KAC200604475'], 'P1580': ['a1088026'], 'P1207': ['n99015045'], 'P2671': ['/g/11dymv9hnq'], 'P8189': ['987007436940005171'], 'P269': ['109184130'], 'P11249': ['14401619'], 'P9984': ['981058518497006706'], 'P11686': ['981058518497006706'], 'P11182': ['66166'], 'P12458': ['430403'], 'P10832': ['E39PBJtmpvkRV3gG6Qm69bwjYP'], 'P1368': ['000024769'], 'P13591': ['person/7721bfd2-8e34-44ce-9eb6-2c8c6c19b5d4']}"
Q112388328,Joseph R. Dominick,,['Q5'],[],[],['+1944-00-00T00:00:00Z'],['Q26759595'],"{'P691': ['xx0026435'], 'P214': ['94847673'], 'P7293': ['9810695728405606'], 'P5739': ['23491'], 'P227': ['1047954591'], 'P213': ['0000000116897527'], 'P244': ['n82069488'], 'P268': ['12304453m'], 'P5034': ['KAC199607265'], 'P9984': ['981058589722406706'], 'P11686': ['981058589722406706'], 'P8189': ['987007437615305171'], 'P12458': ['277169'], 'P13591': ['person/d510b490-ac7c-47db-9a90-2149a225d5c7'], 'P13906': ['55576'], 'P13204': ['k3a7jpjq']}"
Q3061477,Everett Rogers,American academic,['Q5'],['Q30'],['Q1903180'],['+1931-03-06T00:00:00Z'],"['Q2306091', 'Q26759595']","{'P214': ['102383310'], 'P213': ['0000000109296686'], 'P349': ['00454511'], 'P646': ['/m/04877c'], 'P1006': ['069669147'], 'P2163': ['54607'], 'P244': ['n80056791'], 'P3430': ['w6h73r3g'], 'P227': ['126848416'], 'P906': ['274475'], 'P3987': ['108298'], 'P268': ['12305630r'], 'P3222': ['everett-m-rogers'], 'P5587': ['mkz259454kxsxg9'], 'P269': ['03193191X'], 'P691': ['vse2011618384'], 'P5739': ['67937'], 'P1207': ['n99067730'], 'P5034': ['KAC199623336'], 'P7704': ['agent/base/68662'], 'P1580': ['a1034683'], 'P1280': ['12705635'], 'P9984': ['981058520174906706'], 'P10553': ['382285581'], 'P8189': ['987007273064105171'], 'P11686': ['981058520174906706'], 'P11182': ['15436'], 'P12458': ['150712'], 'P10832': ['E39PBJhd9mgPWXDf3ktqC7F9Xd'], 'P1368': ['000055688'], 'P13049': ['126848416'], 'P13591': ['person/367d6931-d7fc-410a-b457-a62b45358a12'], 'P13906': ['57472'], 'P13951': ['527463'], 'P13204': ['nq5rrvm3']}"
Q112358326,Timothy Pratt,researcher in New Zealand,['Q5'],[],[],[],['Q1650915'],{'P496': ['0000-0002-2461-2285']}
Q4692009,Agency for Instructional Technology,US non-profit distributor of educational television programs,"['Q163740', 'Q4830453']",[],[],[],[],"{'P646': ['/m/027fxdl'], 'P213': ['0000000121776295'], 'P244': ['n84156461'], 'P214': ['145349485'], 'P8189': ['987007601857705171'], 'P13591': ['group/c09033d5-a890-4f65-9b17-b9eb669988c1'], 'P345': ['co0236003'], 'P14750': ['32AB-AA01-BE67-9D9D-6CB9']}"
Q93261840,Stanley J. Baran,,['Q5'],[],[],['+1948-12-27T00:00:00Z'],['Q1622272'],"{'P213': ['0000000063055042'], 'P214': ['44363560'], 'P5739': ['5522'], 'P244': ['n80140396'], 'P1580': ['a1290871'], 'P1015': ['90368751', '12056349'], 'P268': ['12298613k'], 'P8189': ['987007431616605171'], 'P1368': ['000284105'], 'P349': ['00462769'], 'P271': ['DA04425453'], 'P691': ['utb2017952789'], 'P409': ['35231473'], 'P1375': ['000589328'], 'P1006': ['070204187'], 'P7293': ['9810617893405606'], 'P3065': ['A002967072'], 'P269': ['117656739'], 'P1207': ['n95002582'], 'P3987': ['480459'], 'P9984': ['981058516801906706'], 'P11249': ['14002810'], 'P11496': ['1140000791839796480'], 'P11686': ['981058516801906706'], 'P12458': ['239276'], 'P10832': ['E39PBJrwVj4CXhrhRtT6ffxbh3'], 'P13591': ['person/86f88976-1b05-4c89-8a49-b971709a09ab'], 'P13906': ['19093'], 'P14225': ['981005704126409366']}"
Q112510316,Dennis K. Davis,"(1945–?) American university professor emeritus in the field of media studies, dealing with mass communication.",['Q5'],[],[],['+1945-00-00T00:00:00Z'],['Q1622272'],"{'P691': ['utb2017952796'], 'P214': ['28383140'], 'P213': ['0000000116122916'], 'P244': ['n80140397'], 'P269': ['157263460'], 'P1207': ['n97080907'], 'P7293': ['9810640499805606'], 'P5739': ['21224'], 'P8189': ['987007440169805171'], 'P9984': ['981058516801806706'], 'P11686': ['981058516801806706'], 'P12458': ['275036'], 'P13591': ['person/12bc91e3-a468-4fd7-9d68-ecf2a42615a7'], 'P13906': ['56803']}"
Q351701,Daniel Goleman,American psychologist and journalist,['Q5'],['Q30'],['Q49240'],['+1946-03-07T00:00:00Z'],"['Q1650915', 'Q212980', 'Q1930187', 'Q36180', 'Q17433421']","{'P214': ['24602077'], 'P213': ['0000000108792450'], 'P244': ['n81050835'], 'P227': ['120944537'], 'P268': ['11905333v'], 'P646': ['/m/01dtmv'], 'P18': ['Daniel Goleman - World Economic Forum Annual Meeting 2011.jpg'], 'P1006': ['070784124'], 'P866': ['daniel-goleman'], 'P345': ['nm2330147'], 'P373': ['Daniel Goleman'], 'P856': ['https://danielgoleman.info'], 'P2163': ['1448402'], 'P2611': ['daniel_goleman'], 'P396': ['RAVV048823'], 'P950': ['XX966137'], 'P3417': ['Daniel-Goleman'], 'P2381': ['25980'], 'P1417': ['biography/Daniel-Goleman'], 'P269': ['026896273'], 'P3630': ['14762'], 'P3987': ['450986'], 'P691': ['jn20010309104'], 'P5731': ['2620'], 'P5739': ['32768'], 'P5034': ['KAC200304819'], 'P7704': ['agent/base/62183'], 'P1580': ['a1021965'], 'P7865': ['95a5yja38danymj1atb5yc1m70w34cr'], 'P648': ['OL224907A'], 'P8795': ['92889'], 'P7293': ['9810586798005606'], 'P9322': ['p0004997-Goleman-Daniel-1946'], 'P1280': ['6221411'], 'P1695': ['a0000001040500'], 'P9807': ['163642'], 'P9743': ['107a4Yqtr3'], 'P9984': ['981058515168406706'], 'P8189': ['987007311308705171'], 'P8313': ['Daniel_Goleman'], 'P10553': ['080985351'], 'P11249': ['14626579'], 'P11496': ['1140282266555287808'], 'P271': ['DA02859827'], 'P11686': ['981058515168406706'], 'P11182': ['14884'], 'P3348': ['76694'], 'P12458': ['30998'], 'P10832': ['E39PBJgMFq3YtVcdqV6H3Hxv73'], 'P2963': ['829'], 'P2002': ['DanielGolemanEI'], 'P13019': ['115127'], 'P1368': ['000030316'], 'P13049': ['120944537'], 'P7400': ['golemandaniel'], 'P1005': ['248550'], 'P13183': ['120944537'], 'P3280': ['0000392367'], 'P1015': ['90337516'], 'P4619': ['000222279'], 'P7369': ['000100353'], 'P8179': ['ncf10072498'], 'P3846': ['87097968355184'], 'P1309': ['vtls2668298'], 'P6394': ['a1197686x'], 'P7699': ['LNB:V7K;=BE'], 'P349': ['00513500'], 'P409': ['35666391'], 'P7029': ['7784452'], 'P1375': ['000192534'], 'P1207': ['n97039773'], 'P9171': ['111518'], 'P3065': ['A003306453'], 'P7700': ['vtls007414208'], 'P434': ['500f4ab1-d31e-4f14-9e75-60c2ba96a629'], 'P9802': ['10450'], 'P10387': ['17926'], 'P1315': ['1033510'], 'P13591': ['person/c2f10810-a9d7-4e68-915d-f3371d6797e8'], 'P13906': ['1548005'], 'P13951': ['243015'], 'P10400': ['7560'], 'P14177': ['jn20010309104'], 'P14178': ['jn20010309104'], 'P14225': ['981005756454709366'], 'P13204': ['qauqvp44'], 'P14750': ['843D-5770-B9CE-2828-1A27']}"
Q22980031,Daniel Goleman: Why aren't we more compassionate?,TED2007,['Q23011722'],[],[],[],[],"{'P217': ['200'], 'P2613': ['daniel_goleman_on_compassion']}"
Q115229046,"Daniel Goleman and Richard J. Davidson: Altered Traits: Science Reveals How Meditation Changes Your Mind, Brain, and Body. Avery, New York, NY, 2017, 336 pp",scientific article published in 2021,['Q13442814'],[],[],[],[],"{'P2093': ['Luis Cásedas'], 'P304': ['2355-2356'], 'P356': ['10.1007/S12671-021-01650-4'], 'P433': ['9'], 'P478': ['12']}"
Q17986043,Travis Bradberry,American business writer,['Q5'],[],[],[],"['Q36180', 'Q864380', 'Q212980', 'Q482980']","{'P214': ['29250752'], 'P227': ['142068454'], 'P244': ['no2004097451'], 'P269': ['143103865'], 'P349': ['01147020'], 'P1015': ['13010868'], 'P1207': ['n2006109302'], 'P1006': ['337818320'], 'P213': ['0000000110491198'], 'P691': ['xx0061141'], 'P5034': ['KAC200608290'], 'P7400': ['bradberrytravis'], 'P7293': ['9810611419005606'], 'P648': ['OL7208840A'], 'P8189': ['987007300744105171'], 'P3280': ['0000806018'], 'P4619': ['000423833'], 'P8179': ['ncf12070970'], 'P3846': ['87097946656016'], 'P7699': ['LNB:C3SS;=BI'], 'P1005': ['1407710'], 'P3065': ['A017967930'], 'P646': ['/m/011q8c28'], 'P11249': ['14374947'], 'P11182': ['65649'], 'P18': ['Travis Bradberry photo.jpg'], 'P10832': ['E39PBJrWx9R8YHKJqCKWDPKWXd'], 'P373': ['Travis Bradberry'], 'P13049': ['142068454'], 'P10387': ['51223'], 'P13591': ['person/fbf6f1ba-7181-4eea-964a-75ae13c9f97f'], 'P13906': ['193189'], 'P10400': ['28331'], 'P9322': ['0246167-Bradberry-Travis']}"
Q130797164,Jean Greaves,,['Q5'],[],[],[],['Q482980'],"{'P227': ['1113552085'], 'P13049': ['1113552085'], 'P213': ['0000000109614787'], 'P214': ['26783014'], 'P1207': ['n2006109447'], 'P13906': ['218113'], 'P7293': ['9810611419205606']}"
Q119428227,"Jean Greaves, Nursing Officer, Theatre Unit","painting by C. Hilton, The Robert Jones and Agnes Hunt Orthopaedic and District Hospital",['Q3305213'],[],[],[],[],{'P1679': ['jean-greaves-nursing-officer-theatre-unit-53893']}
Q116501531,Tom Parks,rugby league footballer,['Q5'],[],[],['+1990-03-19T00:00:00Z'],['Q14373094'],{'P11428': ['690']}
Q100896101,Tom Parks,basketball player,['Q5'],[],[],[],['Q3665646'],"{'P3696': ['tom-parks-2', '_-parks-3']}"
Q100896100,Tom Parks,college basketball player (2009–2010) Youngstown State,['Q5'],[],[],[],['Q3665646'],{'P3696': ['tom-parks-1']}
Q53369536,Tom Parks,researcher,['Q5'],[],[],[],['Q1650915'],"{'P496': ['0000-0002-1163-8654'], 'P1153': ['26656944100'], 'P8446': ['715F7D34-8517-4582-83B7-6E4C3A5F6EFA'], 'P1053': ['D-7741-2013']}"
Q2077999,Peter Salovey,American social psychologist and former president of Yale University,['Q5'],['Q30'],['Q49111'],"['+1958-02-21T00:00:00Z', '+1958-02-00T00:00:00Z']","['Q212980', 'Q121594', 'Q4376769']","{'P227': ['138892385'], 'P646': ['/m/03dv7n'], 'P213': ['0000000374242558'], 'P1006': ['090518284'], 'P244': ['n82231570'], 'P691': ['xx0095898'], 'P349': ['00980256'], 'P1375': ['000145396'], 'P409': ['35209981'], 'P950': ['XX1639249'], 'P271': ['DA02296542'], 'P2381': ['96207'], 'P18': [""Yale University President Peter Salovey at the Yale University Reserve Officers' Training Corps Commissioning Ceremony in New Haven, Conn, May 23, 2016.jpg""], 'P1015': ['90572957'], 'P1207': ['n99008688'], 'P1417': ['biography/Peter-Salovey'], 'P3987': ['204905'], 'P214': ['29619935'], 'P268': ['12408031b'], 'P269': ['033188521'], 'P373': ['Peter Salovey'], 'P5034': ['KAC200803685'], 'P7293': ['9810645147705606'], 'P5297': ['DnBtdqIDGBzuHJsXF3Nbm0a0G3A'], 'P10553': ['606719415'], 'P2600': ['6000000183286717835'], 'P856': ['https://president.yale.edu/'], 'P8214': ['http://psychology.yale.edu/sites/default/files/vita.salovey.current.pdf'], 'P1153': ['7005302162'], 'P496': ['0000-0002-8822-9488'], 'P1960': ['PTKpUzQAAAAJ'], 'P8189': ['987007450282605171'], 'P3368': ['1702578'], 'P6424': ['Yale University'], 'P11249': ['14499128'], 'P11496': ['1140563741687472640'], 'P11182': ['38283'], 'P4104': ['132445'], 'P12458': ['184152'], 'P10832': ['E39PBJpPBRWFKHFqHk4v7DMpT3'], 'P13049': ['138892385'], 'P1315': ['866611'], 'P8179': ['ncf11966829'], 'P3846': ['87097968898544'], 'P7699': ['LNB:7NU;=BG'], 'P1005': ['1080952'], 'P3065': ['A003781692'], 'P13591': ['person/52a49235-3d89-49f2-833b-904ccd5236c2'], 'P13906': ['68030'], 'P648': ['OL2877610A'], 'P13951': ['508292'], 'P14225': ['981005751183409366'], 'P13204': ['fut4fzbj']}"
Q126265779,Jeanne Segal,,['Q5'],[],[],['+1939-01-01T00:00:00Z'],[],"{'P1315': ['841647'], 'P2163': ['1443564'], 'P214': ['115969422'], 'P244': ['n80025468'], 'P1015': ['99028796'], 'P1207': ['n98020329'], 'P1006': ['16757468X'], 'P5034': ['KAC2018P2847'], 'P7293': ['9810569740305606'], 'P8189': ['987007445339505171'], 'P213': ['000000011085290X'], 'P13906': ['1709948']}"
Q112475877,Gerald Matthews,research professor,['Q5'],[],[],['+1957-00-00T00:00:00Z'],['Q121594'],"{'P691': ['jcu2014812879'], 'P214': ['39532029'], 'P1207': ['n98024254'], 'P8189': ['987007311203505171'], 'P213': ['0000000110573521'], 'P244': ['no95059569'], 'P268': ['13496454m'], 'P269': ['050414208'], 'P1015': ['90833975'], 'P8179': ['ncf12135402'], 'P227': ['13827911X'], 'P1309': ['vtls003878805'], 'P5034': ['KAC200911809'], 'P1368': ['000021335'], 'P349': ['00896164'], 'P271': ['DA12506991'], 'P1375': ['000366924'], 'P1006': ['126837252'], 'P1005': ['1053131'], 'P3065': ['A003573281'], 'P11496': ['1140282266842955136'], 'P11182': ['53694'], 'P10832': ['E39PCjBcqtbBFmBQkRKP7fX9Tb'], 'P13591': ['person/b5d79ca5-b1fe-41bd-9e8e-6465963728ef'], 'P14225': ['981005794756709366']}"
Q96066221,Gerald Matthews,researcher (ORCID 0000-0003-4869-338X),['Q5'],[],[],[],['Q1650915'],{'P496': ['0000-0003-4869-338X']}
Q90589346,Gerald Matthews,researcher (ORCID 0000-0002-2789-9955),['Q5'],[],[],[],['Q1650915'],{'P496': ['0000-0002-2789-9955']}
Q75768381,Gerald Matthews Balding,Peerage person ID=324368,['Q5'],[],[],[],[],"{'P4638': ['p32437.htm#i324368'], 'P1819': ['I00685831'], 'P2949': ['Balding-251']}"
Q5548923,"Gerald Barnard Balding, Sr.",British polo player,['Q5'],[],[],['+1909-01-01T00:00:00Z'],['Q13218361'],"{'P646': ['/m/0gkz79c'], 'P3368': ['2308470']}"
Q137435786,Emotional Pathways of Embodied Health Vulnerability: Maternal Health Risk and Emotional Distress among First‐ and Second‐Generation Immigrants on the US‐Mexico Border,scholarly article published in Ethos (2020),['Q13442814'],[],[],[],[],"{'P356': ['10.1111/ETHO.12287'], 'P478': ['48'], 'P433': ['4'], 'P304': ['438-458'], 'P953': ['https://doi.org/10.1111/etho.12287']}"
Q74847540,Emotional pathways--ways to raise sinking staff morale,scientific article published on 01 February 1996,['Q13442814'],[],[],[],[],"{'P2093': ['Brunk D'], 'P304': ['39-41, 43'], 'P433': ['2'], 'P478': ['19'], 'P698': ['10154888']}"
Q89933546,Emotional Pathways to the Biological Embodiment of Racial Discrimination Experiences,scientific article published on 26 February 2020,['Q13442814'],[],[],[],[],"{'P2093': ['Emily F Hittner', 'Emma K Adam'], 'P356': ['10.1097/PSY.0000000000000792'], 'P698': ['32108742']}"
Q112374564,Annie McKee,,['Q5'],[],[],['+1955-00-00T00:00:00Z'],['Q15978655'],"{'P691': ['xx0007666'], 'P214': ['34674947'], 'P1207': ['n2002099240'], 'P1280': ['6221667'], 'P213': ['0000000108870797'], 'P244': ['n2001107777'], 'P268': ['14427545v'], 'P269': ['061052884'], 'P8189': ['987007434570105171'], 'P7293': ['9810548378305606'], 'P227': ['124375472'], 'P11249': ['13974357'], 'P11686': ['981060743837706706'], 'P9984': ['981060743837706706'], 'P5034': ['KAC200405726'], 'P11182': ['76162'], 'P13049': ['124375472'], 'P12458': ['346511'], 'P13591': ['person/bcf508f7-3e69-4d06-b678-81830509ee48']}"
Q141355257,Annie McKee Henry,(1840-1895),['Q5'],[],[],['+1840-01-01T00:00:00Z'],[],{'P535': ['137749859']}
Q76371265,Annie McKee Armstrong,Peerage person ID=717752,['Q5'],[],[],['+1864-05-02T00:00:00Z'],[],"{'P4638': ['p71776.htm#i717752'], 'P535': ['59708770'], 'P2949': ['Armstrong-13738'], 'P2600': ['6000000030897050109']}"
Q7324289,Richard Boyatzis,American business theorist,['Q5'],['Q30'],[],['+1946-01-01T00:00:00Z'],"['Q212980', 'Q2306091']","{'P214': ['66682549'], 'P2381': ['25985'], 'P227': ['123650410'], 'P213': ['0000000081466187'], 'P906': ['377991'], 'P950': ['XX1615788'], 'P1006': ['070790558'], 'P3987': ['147901'], 'P5587': ['53hlsnnp38qzm7x'], 'P269': ['061052876'], 'P268': ['144275497'], 'P691': ['vse2006371911'], 'P244': ['n81087861'], 'P5034': ['KAC200705080'], 'P1207': ['n2002039151'], 'P646': ['/m/05x3gfr'], 'P8851': ['1384295'], 'P7293': ['9810548377905606'], 'P1280': ['6220899'], 'P9743': ['107a4TA5uF'], 'P8189': ['987007450334205171'], 'P11249': ['13974356'], 'P11182': ['97588'], 'P10832': ['E39PBJt3RHjcM4VD4tk8dvQjG3'], 'P13049': ['123650410'], 'P373': ['Richard Boyatzis'], 'P12458': ['346509'], 'P13591': ['person/8a06f788-661e-453c-a7a5-b234131d6762'], 'P18': ['Richard Boyatzis.jpg'], 'P13951': ['443337'], 'P496': ['0000-0002-3834-8171']}"
Q15994393,Jill Dann,"British IT Professional and Manager,",['Q5'],['Q145'],[],['+1957-03-17T00:00:00Z'],['Q82594'],"{'P18': ['Latest Jill Dann FBCS CITP.jpg'], 'P213': ['0000000059600706'], 'P244': ['nb2001002762'], 'P214': ['74181585'], 'P2671': ['/g/11gh32gh5f'], 'P11182': ['190998'], 'P3368': ['2209900'], 'P10832': ['E39PBJgt6gVDtQxdbYXq83Qwmd']}"
Q61283843,Tanvir S. Joy,Bangladeshi politician,['Q5'],['Q902'],[],['+1976-08-01T00:00:00Z'],['Q82955'],"{'P2671': ['/g/11g__4l_ms'], 'P10632': ['Q61283843']}"
Q102400689,Ralf Schulze,Dr. rer. nat. Universität Leipzig 1982,['Q5'],[],[],[],[],"{'P549': ['166486'], 'P4955': ['207615']}"
Q74318893,Ralf Schulze,researcher (ORCID 0000-0002-7880-0046),['Q5'],[],[],[],['Q1650915'],"{'P496': ['0000-0002-7880-0046'], 'P1153': ['57104672900'], 'P13648': ['4b7cd945-0529-47a6-aca4-b8f36c3ffe87']}"
Q91755565,Ralf Schulze,researcher (ORCID 0000-0001-5780-8973),['Q5'],[],[],[],['Q1650915'],"{'P496': ['0000-0001-5780-8973'], 'P1053': ['C-5554-2013'], 'P1153': ['7101986878']}"
Q139326891,,,['Q5'],[],[],['+1966-01-01T00:00:00Z'],['Q27349'],"{'P227': ['131546481'], 'P13049': ['131546481'], 'P213': ['000000001984137X'], 'P214': ['70065713']}"
Q139510513,,,['Q5'],[],[],['+1969-01-01T00:00:00Z'],['Q212980'],"{'P227': ['131499041'], 'P13049': ['131499041'], 'P213': ['0000000073686104'], 'P214': ['24851229']}"
Q2149270,Richard D. Roberts,badminton player,['Q5'],['Q766'],[],['+1940-00-00T00:00:00Z'],['Q13141064'],"{'P4548': ['41887'], 'P2671': ['/g/11x985fk7'], 'P2581': ['16566642n']}"
Q1086746,Christopher Hinton,Canadian film animator and professor,['Q5'],['Q16'],['Q15982096'],"['+1952-01-01T00:00:00Z', '+1952-03-31T00:00:00Z']","['Q266569', 'Q2251335', 'Q28389', 'Q2526255', 'Q33999', 'Q3455803']","{'P227': ['1031898204'], 'P214': ['105735355'], 'P345': ['nm0385975'], 'P244': ['no00076272', 'no2008148781'], 'P269': ['112349323'], 'P213': ['0000000076770256'], 'P268': ['14106332s'], 'P691': ['osd2014844581'], 'P3762': ['324818'], 'P6891': ['christopher-hinton'], 'P646': ['/m/0ds0glp'], 'P8971': ['38532'], 'P6150': ['778'], 'P4985': ['1206041'], 'P2626': ['199745'], 'P8189': ['987007389090205171'], 'P7003': ['creators/75613'], 'P12098': ['251427'], 'P10832': ['E39PCjxjcgwxbd3TyRQb9WyB8y'], 'P13591': ['person/ebf2dde4-b62d-4e13-99de-120a875473f5'], 'P2605': ['18368'], 'P14750': ['139E-DCC7-8F8E-3ED1-1F22']}"
Q2964738,Chris Hinton,American football player,['Q5'],['Q30'],['Q1297'],['+1961-07-31T00:00:00Z'],['Q19204627'],"{'P646': ['/m/0287n2g'], 'P3561': ['H/HintCh00'], 'P3539': ['2501179'], 'P5421': ['10582'], 'P3368': ['1714747'], 'P9338': ['chris-hinton'], 'P14750': ['3BEB-A5DD-18E6-C0AA-98AE']}"
Q102152794,Steven J. Steinsaltz,Ph.D. The Johns Hopkins University 1991,['Q5'],[],[],[],[],"{'P549': ['6751'], 'P4955': ['340798'], 'P6634': ['steven-steinsaltz-b8005a20']}"
Q91268738,Steven J. Steiner,professor of pediatrics,['Q5'],[],[],[],"['Q1650915', 'Q1622272']",{'P856': ['https://medicine.iu.edu/faculty/11522/steiner-steven']}
Q132131512,,,['Q5'],[],[],[],[],{'P13951': ['509193']}
Q130253530,Claude Steiner,artist,['Q5'],[],[],[],[],{}
Q2978179,Claude Steiner,American psychotherapist & psychologist,['Q5'],"['Q30', 'Q142']",['Q90'],['+1935-01-06T00:00:00Z'],"['Q212980', 'Q1900167']","{'P214': ['12510899'], 'P213': ['0000000121210857'], 'P1006': ['07329747X'], 'P244': ['n50023487'], 'P1015': ['90530705'], 'P1207': ['n97068067'], 'P1368': ['000051913'], 'P3630': ['166771'], 'P269': ['028289641'], 'P1280': ['132433251'], 'P268': ['120155576'], 'P691': ['osd2015885808'], 'P1580': ['a1122142'], 'P646': ['/m/05gptr'], 'P9984': ['981058522145906706'], 'P10553': ['077456858'], 'P8189': ['987007437376705171'], 'P227': ['115766375'], 'P11249': ['14620674'], 'P11686': ['981058522145906706'], 'P11182': ['85919'], 'P10832': ['E39PBJpPFcFkPBCd8PtjkdfXh3'], 'P13049': ['115766375'], 'P4619': ['000498475'], 'P8179': ['ncf12102073'], 'P3846': ['87097968980151'], 'P3348': ['209551'], 'P5034': ['KAC200710783'], 'P7699': ['LNB:V*39073;=BI'], 'P349': ['00882126'], 'P271': ['DA05892986'], 'P409': ['35613392'], 'P7029': ['770184863', '7718375'], 'P1005': ['362376'], 'P3065': ['A013103452'], 'P11496': ['1140845216566299008'], 'P1315': ['1014947'], 'P13591': ['person/051fba0b-7b2c-4cce-bee2-28e36a0bd025'], 'P14177': ['osd2015885808']}"
Q7152918,Paul Perry,Australian horse trainer,['Q5'],['Q408'],['Q57278'],['+1949-07-15T00:00:00Z'],['Q466640'],{'P646': ['/m/0b8fx2']}
Q7152920,Paul Perry,American writer,['Q5'],['Q30'],[],['+1950-01-01T00:00:00Z'],"['Q36180', 'Q864380', 'Q15980158', 'Q3282637', 'Q12803959']","{'P1315': ['891857'], 'P950': ['XX1068956'], 'P3630': ['83615'], 'P866': ['paul-perry'], 'P5731': ['67618'], 'P214': ['7446210'], 'P409': ['35272157'], 'P213': ['0000000110369264'], 'P227': ['1014276209'], 'P244': ['n80088900'], 'P269': ['030214513'], 'P349': ['00472946'], 'P691': ['ola2006323464'], 'P949': ['002262287'], 'P1006': ['170754782'], 'P1015': ['90508678'], 'P1207': ['n94008029'], 'P1368': ['000039862'], 'P1375': ['000046272'], 'P1695': ['a0000001165862'], 'P3846': ['87097968816777'], 'P4619': ['000561028'], 'P5034': ['KAC201011212'], 'P268': ['12246453r'], 'P7704': ['agent/base/137637'], 'P646': ['/m/05y74dz'], 'P7293': ['9810532807405606'], 'P1280': ['150994019'], 'P8189': ['987007432314205171'], 'P10553': ['705202976'], 'P3280': ['0000395892'], 'P8179': ['ncf10435341'], 'P6394': ['a11924263'], 'P3348': ['179346'], 'P7699': ['LNB:Cxta;=Ca'], 'P271': ['DA05542102'], 'P3065': ['A003684332'], 'P7700': ['vtls007115876'], 'P11496': ['1140563741640916608'], 'P12458': ['169155'], 'P10832': ['E39PBJtX6JPMjXpXpTWfy9J7HC'], 'P13049': ['1014276209'], 'P10387': ['11181'], 'P13591': ['person/6368e019-fcef-429b-a1d0-e0980a731507'], 'P3987': ['42598'], 'P13951': ['183216'], 'P10400': ['27648'], 'P14177': ['ola2006323464'], 'P14225': ['981005675075609366'], 'P13204': ['x4xghvxn'], 'P396': ['CFIV111815'], 'P9322': ['p0026740-Perry-Paul-1950']}"
Q60036897,Paul Perry,"1972-; b. Dublin; author of The Drowning of the Saints (2003), d&eacute;but poetry collection from 1998 Hennessy New Irish Writer; James Michener fellow of creative writing, Miami Univ.; poetry fellow, Houston, Texas; and 2002 Listowel Poetry prizewi",['Q5'],"['Q145', 'Q27']",['Q1761'],['+1972-07-24T00:00:00Z'],"['Q10297252', 'Q462390', 'Q49757']","{'P4928': ['p/Perry_P/life'], 'P5341': ['paul-perry'], 'P5361': ['PerryPaul1972-'], 'P214': ['73363016'], 'P227': ['1111691770', '1050325974'], 'P244': ['nb2002090886'], 'P1006': ['381378616'], 'P5430': ['22745'], 'P213': ['0000000039435651'], 'P496': ['0000-0001-8105-6695'], 'P269': ['262013460'], 'P10832': ['E39PBJrcjQRKjCrBhBdQRybw4q'], 'P13591': ['person/496a86ca-927b-4c76-b3d4-afd970a785dc']}"
Q16824744,Paul Perry,Wikimedia disambiguation page,['Q22808320'],[],[],[],[],{}
Q83962713,Paul Perry,American cinematographer (1891-1963),['Q5'],['Q30'],['Q16554'],['+1891-12-13T00:00:00Z'],['Q222344'],"{'P214': ['16298534'], 'P646': ['/m/011f5384'], 'P345': ['nm0675248', 'nm1180413'], 'P4985': ['1396482'], 'P12098': ['896146'], 'P2605': ['474100'], 'P14750': ['EC95-BDF0-C433-3E87-66A1']}"
Q125417260,"Daniel Brainerd, Jr.",,['Q5'],[],[],[],[],"{'P2600': ['6000000003513746786'], 'P2949': ['Brainerd-29']}"
Q5216645,Daniel Brainard,American surgeon (1812–1866),['Q5'],['Q30'],['Q515404'],['+1812-05-15T00:00:00Z'],['Q774306'],"{'P214': ['35995720'], 'P648': ['OL2512021A'], 'P2163': ['1428171'], 'P244': ['n88039157'], 'P3430': ['w6ff4b91'], 'P213': ['0000000026741713'], 'P1006': ['129891967'], 'P227': ['1055439633'], 'P535': ['139331231'], 'P1871': ['cnp01990173'], 'P269': ['166828157'], 'P18': ['Daniel Brainard (1014107).jpg'], 'P6821': ['alvin-person:19995'], 'P646': ['/m/02qpv2j'], 'P373': ['Daniel Brainard'], 'P3368': ['2527216'], 'P1442': ['Grave of Daniel Brainard (1812–1866) at Graceland Cemetery, Chicago.jpg'], 'P10832': ['E39PBJbCMDx3Yhtrc4xgjWPbBP'], 'P8445': ['200578']}"
Q43372473,Daniel Brainard,entry in American Medical Biographies,"['Q19389637', 'Q13433827']",[],[],[],[],{}
Q36642246,Daniel Brainard--pioneering surgeon and teacher,scientific article published on January 1981,['Q13442814'],[],[],[],[],"{'P2093': ['W K Beatty'], 'P698': ['7015324'], 'P478': ['34'], 'P304': ['2-4'], 'P433': ['1']}"
Q110228630,,American painter (1787–1872),['Q5'],['Q30'],['Q21'],['+1787-01-01T00:00:00Z'],"['Q1028181', 'Q23011096']","{'P1795': ['27313'], 'P245': ['500012563'], 'P2268': ['70087'], 'P214': ['44226133'], 'P2750': ['271571'], 'P2252': ['30462'], 'P12040': ['person/104N90'], 'P13591': ['person/049c3535-9d89-4d15-a7a3-520751065629'], 'P10018': ['64642']}"
Q96211579,James W. Williams,Confederate soldier who served in the 4th and 16th Georgia Infantry Regiments during the Civil War,['Q5'],[],[],[],['Q4991371'],{}
Q109886364,James W. Williamson,,['Q5'],['Q30'],[],['+1899-01-01T00:00:00Z'],[],"{'P245': ['500052053'], 'P3782': ['james-w-williamson'], 'P214': ['96028674']}"
Q112444358,Linda Wasmer Andrews,,['Q5'],[],[],['+1957-00-00T00:00:00Z'],['Q36180'],"{'P691': ['jx20111013001'], 'P214': ['65850519'], 'P1207': ['n2010052696'], 'P213': ['0000000116610979'], 'P269': ['160513294'], 'P227': ['142202312'], 'P8189': ['987007424280405171'], 'P13591': ['person/ad076105-44df-475e-8081-042a8d26f820'], 'P13906': ['1599010'], 'P2671': ['/g/11gcj2rb1c']}"
Q112420836,Moshe Zeidner,,['Q5'],[],[],['+1948-00-00T00:00:00Z'],['Q121594'],"{'P691': ['utb2009515940'], 'P214': ['88574415'], 'P1207': ['n02000776'], 'P213': ['000000010922763X'], 'P244': ['n85111816'], 'P8189': ['987007293352005171'], 'P3987': ['223660'], 'P269': ['068918895'], 'P227': ['138279098'], 'P11249': ['14336566'], 'P5034': ['KAC200911810'], 'P11182': ['17739'], 'P12458': ['394373'], 'P13591': ['person/b0054a43-88b6-45b5-970d-842320a65651'], 'P13049': ['138279098']}"
Q47503195,Joseph Ciarrochi,researcher,['Q5'],[],[],['+1900-01-01T00:00:00Z'],"['Q1650915', 'Q212980', 'Q1622272']","{'P496': ['0000-0003-0471-8100'], 'P1153': ['6603787754'], 'P1053': ['F-5823-2016'], 'P2798': ['166816'], 'P213': ['0000000117704483'], 'P244': ['n2001097254'], 'P227': ['103214176X'], 'P214': ['74073250'], 'P3829': ['2279670'], 'P5034': ['KAC201106137'], 'P1006': ['227709160'], 'P1207': ['n2007135326'], 'P7293': ['9811261513005606'], 'P1280': ['132853859'], 'P10553': ['73796913X'], 'P8189': ['987007437188705171'], 'P269': ['086131117'], 'P268': ['14448537w'], 'P11496': ['1140563741731675648'], 'P271': ['DA1510753X'], 'P11182': ['43028'], 'P10832': ['E39PBJd3KxRdHrpFCVQV7qFR8C'], 'P13049': ['103214176X'], 'P13591': ['person/f403e76f-e186-47f5-a8e7-e83c97d43b43'], 'P396': ['UBOV569443'], 'P9984': ['981058511587206706']}"
Q104842230,Daniel Coleman,American judge,['Q5'],['Q30'],[],['+1801-01-01T00:00:00Z'],"['Q16533', 'Q82955']",{'P2671': ['/g/11lx8xv8z9']}
Q126849112,Daniel Coleman,candidate in the 2024 United Kingdom general election,['Q5'],['Q145'],[],[],[],{'P6465': ['116222']}
Q112537730,Daniel Coleman,,['Q5'],[],[],['+1961-00-00T00:00:00Z'],"['Q13418253', 'Q16308156', 'Q1622272']","{'P691': ['mub20191044058'], 'P214': ['24827953'], 'P213': ['0000000110467243'], 'P244': ['n98101584'], 'P268': ['14478537h'], 'P269': ['120741342'], 'P1207': ['n2008156161'], 'P2163': ['425654'], 'P8189': ['987007460048505171'], 'P227': ['132408600'], 'P3280': ['0000387846'], 'P1015': ['99026547'], 'P8179': ['ncf10289430'], 'P5034': ['KAC2022D1311'], 'P271': ['DA14732550'], 'P1006': ['264996143'], 'P11496': ['1140282266791976448'], 'P13591': ['person/e2922e03-390f-41b7-a89f-5c2a47333f4c'], 'P396': ['SBTV022023'], 'P496': ['0000-0001-6973-9872']}"
Q85190915,Daniel J Coleman,researcher,['Q5'],[],[],[],['Q1650915'],{'P496': ['0000-0002-3414-3160']}
Q75838725,Daniel Coleman,Scottish politician,['Q5'],['Q145'],[],['+1995-05-17T00:00:00Z'],[],"{'P6465': ['5271'], 'P2002': ['ColemanDundee']}"
Q107198452,Margaret Chapman,New Zealand rural community leader,['Q5'],['Q664'],[],[],"['Q1028181', 'Q644687']","{'P18': ['Margaret Chapman ONZM (cropped).jpg'], 'P373': ['Margaret Chapman'], 'P6683': ['111112']}"
Q124725816,Margaret Chapman,10 Dec 1675 - est. 21 Dec 1750,['Q5'],[],[],[],[],"{'P2600': ['6000000021357104122'], 'P2949': ['Griswold-157']}"
Q6759262,Margaret Chapman,British artist (1940-2000),['Q5'],['Q145'],['Q1166842'],"['+1940-11-18T00:00:00Z', '+1940-01-01T00:00:00Z']","['Q1028181', 'Q644687', 'Q3391743']","{'P214': ['93779287'], 'P213': ['000000007895522X'], 'P245': ['500191351'], 'P2163': ['30266'], 'P244': ['n79007091'], 'P3430': ['w6nw442r'], 'P1367': ['chapman-margaret-19402000'], 'P3965': ['52814'], 'P3782': ['margaret-chapman'], 'P4927': ['7x57hlatpb'], 'P7704': ['agent/base/93244'], 'P3901': ['margaret-chapman-1030682'], 'P646': ['/m/027b911'], 'P7545': ['11022179'], 'P4663': ['401b3c19-c60b-e611-858e-000c29e811b2'], 'P10706': ['014352'], 'P6578': ['516DEE8BCEBBFB71'], 'P409': ['35915900'], 'P10832': ['E39PBJpDHvmrWRXRwBkp89RdwC']}"
Q92268216,Margaret P Chapman,researcher (ORCID 0000-0002-2483-6545),['Q5'],[],[],[],['Q1326886'],"{'P496': ['0000-0002-2483-6545'], 'P1960': ['muxEukIAAAAJ'], 'P6178': ['011777373123.32']}"
Q75907439,Margaret Daisy Echlin,Peerage person ID=395691,['Q5'],[],[],[],[],{'P4638': ['p39570.htm#i395691']}
Q110717720,Ryan James,"PhD, University of Washington, 2019",['Q5'],[],[],[],[],{}
Q109282984,Ryan James,United States rugby union player,['Q5'],[],[],['+1999-01-01T00:00:00Z'],['Q14089670'],{'P3769': ['43298']}
Q514020,Ryan Eggold,"American actor, musician and singer",['Q5'],['Q30'],['Q838757'],['+1984-08-10T00:00:00Z'],"['Q33999', 'Q10800557', 'Q10798782', 'Q2259451', 'Q2526255']","{'P345': ['nm2375297'], 'P18': ['Ryan Eggold 2009.jpg'], 'P373': ['Ryan Eggold'], 'P646': ['/m/03ymtg_'], 'P214': ['308181311'], 'P1266': ['213582'], 'P2019': ['p591210'], 'P2435': ['286328'], 'P2605': ['47674'], 'P2604': ['1215208'], 'P227': ['1113790008'], 'P244': ['no2014046812'], 'P5534': ['108136'], 'P5033': ['626008'], 'P4985': ['1181353'], 'P9743': ['107aDoFAZ6'], 'P5421': ['161671'], 'P9995': ['145993'], 'P3368': ['1900708'], 'P7214': ['866244'], 'P3305': ['314201'], 'P2600': ['6000000057749287045'], 'P269': ['236431404'], 'P10302': ['ryan-eggold'], 'P11683': ['rajan-eggold'], 'P5284': ['1022745'], 'P12098': ['957815'], 'P11386': ['ryan-eggold'], 'P10832': ['E39PBJxhgRJ7GQMVV8d83Yctrq'], 'P12836': ['27228472'], 'P213': ['0000000430721298'], 'P2003': ['ryaneggold'], 'P9662': ['277373'], 'P5340': ['378246'], 'P12854': ['5d77699cfb0d55001f52ad7f'], 'P13591': ['person/040881ad-e104-43e9-9cc5-564b88852731'], 'P14419': ['54983'], 'P8969': ['74760'], 'P14750': ['0B39-04EC-93FC-F719-0F75'], 'P14774': ['PEMA0000267898'], 'P2013': ['RyanEggold'], 'P7553': ['129462'], 'P10166': ['ryan-eggold']}"
Q48123201,Ryan G. James,computer scientist,['Q5'],[],[],[],['Q1650915'],"{'P496': ['0000-0003-2149-9085'], 'P856': ['http://csc.ucdavis.edu/~rgjames/'], 'P1153': ['36642271100'], 'P1556': ['james.ryan-g']}"
Q705213,Ryan Howard,American baseball player (born 1979),['Q5'],['Q30'],['Q38022'],['+1979-11-19T00:00:00Z'],['Q10871364'],"{'P214': ['68381562'], 'P373': ['Ryan Howard'], 'P646': ['/m/06ypxh'], 'P856': ['http://ryanhoward6.com'], 'P18': ['Ryan Howard, 2007.jpg'], 'P1263': ['647/000162161'], 'P2002': ['ryanhoward'], 'P1825': ['h/howarry01'], 'P2163': ['1719740'], 'P1826': ['howard001rya'], 'P244': ['n2007043537'], 'P3541': ['429667'], 'P3571': ['6097'], 'P3574': ['2154'], 'P4731': ['5719'], 'P6976': ['howar001'], 'P5421': ['2724'], 'P2003': ['ryanhoward_006'], 'P3368': ['1713292'], 'P10832': ['E39PBJg4k9rhXMYGfBMWYvcdcP'], 'P4409': ['howarry01'], 'P14750': ['373F-F831-F300-6E0D-F2F0']}"
Q18875853,Eric Robertson,Scottish painter; (1887-1941),['Q5'],"['Q145', 'Q174193']",['Q652035'],"['+1887-00-00T00:00:00Z', '+1887-02-13T00:00:00Z']","['Q1028181', 'Q3391743']","{'P650': ['67354'], 'P245': ['500166710'], 'P214': ['173616509'], 'P648': ['OL5518699A'], 'P2843': ['B00153818'], 'P1367': ['robertson-eric-harald-macbeth-18871941'], 'P1415': ['56696'], 'P4927': ['f2j38upye4'], 'P4169': ['5164'], 'P4145': ['10711'], 'P1233': ['274094'], 'P3782': ['eric-harold-macbeth-robertson'], 'P691': ['xx0229242'], 'P8783': ['2826'], 'P7848': ['991003951919707141'], 'P269': ['242129544'], 'P373': ['Eric Robertson'], 'P18': ['Eric Harald Macbeth Robertson06.jpg'], 'P7545': ['11126498'], 'P1472': ['Eric Robertson'], 'P4432': ['00030775T'], 'P14750': ['7D6F-C9E8-BDE7-3263-D939']}"
Q125630933,Eric Robertson,writer,['Q5'],[],[],[],['Q36180'],"{'P2963': ['487602'], 'P2671': ['/g/11vx1jnth0']}"
Q121130219,Eric Robertson,"jewelry artist, mixed-media artist (born 1959)",['Q5'],[],[],['+1959-00-00T00:00:00Z'],['Q336221'],"{'P245': ['500127420'], 'P244': ['no2008163402'], 'P214': ['96623045']}"
Q1351592,Eric Robertson,Scottish composer and musician in Canada,['Q5'],['Q145'],['Q23436'],['+1948-04-06T00:00:00Z'],"['Q36834', 'Q486748', 'Q183945', 'Q639669']","{'P434': ['fb8a77a6-1abc-4d3d-a35e-6fd326399407'], 'P214': ['49431009'], 'P213': ['0000000119496243'], 'P345': ['nm0731832'], 'P227': ['134499301'], 'P244': ['n95120123'], 'P3478': ['378832'], 'P7704': ['agent/base/35899'], 'P646': ['/m/0b__qt0'], 'P8971': ['11788'], 'P4985': ['36164'], 'P1953': ['458190'], 'P5882': ['M00000317315'], 'P10302': ['erik-n-robertson'], 'P12098': ['901266'], 'P10832': ['E39PBJgd87WrPQRFBvQwtmGvHC'], 'P7902': ['134499301'], 'P2605': ['231983'], 'P14750': ['FF49-9109-B4D1-B581-2D94']}"
Q5386499,Eric Forbes-Robertson,British artist (1865-1935),['Q5'],['Q145'],['Q122776'],['+1865-06-16T00:00:00Z'],"['Q1028181', 'Q11569986', 'Q33999', 'Q15296811']","{'P214': ['96603147'], 'P245': ['500124855'], 'P650': ['28604'], 'P2268': ['118790'], 'P2741': ['eric-forbes-robertson-1105'], 'P1367': ['forbes-robertson-eric-18651935'], 'P2843': ['B00066012'], 'P1472': ['Eric Forbes-Robertson'], 'P373': ['Eric Forbes-Robertson'], 'P4145': ['2451'], 'P3782': ['eric-forbes-robertson'], 'P4200': ['22350'], 'P4927': ['218ouqqe7d'], 'P3965': ['9262'], 'P6578': ['273BBF4D7E49C2BE'], 'P7704': ['agent/base/16861'], 'P7944': ['8156'], 'P2949': ['Forbes-Robertson-8'], 'P646': ['/m/03d6f_q'], 'P244': ['n2019048307'], 'P7848': ['991004052739707141'], 'P3368': ['2420900'], 'P345': ['nm0447099'], 'P7545': ['11031703'], 'P10832': ['E39PBJfxf7kFHQFPfkkdPPDjG3'], 'P5489': ['80865'], 'P18': ['Portrait du peintre Eric Forbes Robertson, par Émile Bernard.jpg'], 'P14750': ['5596-D0DE-53F0-FA28-A316']}"
Q100447264,John Eaton,"Abt 1487 Rowington, Warwickshire - 4 Jan 1548 Rowington, Warwickshire",['Q5'],[],[],['+1505-00-00T00:00:00Z'],[],"{'P1819': ['I00691388'], 'P2949': ['Eaton-1765']}"
Q6231077,John Eaton,Royal Navy admiral,['Q5'],[],['Q193250'],['+1902-11-03T00:00:00Z'],['Q10669499'],"{'P3029': ['F58635'], 'P4589': ['John_William_Musgrave_Eaton'], 'P4601': ['6899652'], 'P2889': ['GSR9-4QD'], 'P8081': ['B2026674'], 'P646': ['/m/0ddfgr7'], 'P3368': ['1756240']}"
Q117317984,John Eaton,illustrator (1942-),['Q5'],['Q16'],['Q1930'],['+1942-01-01T00:00:00Z'],['Q644687'],"{'P2163': ['1621136'], 'P214': ['165787705'], 'P244': ['n2005063411'], 'P269': ['084995785'], 'P1207': ['n2015177506'], 'P5361': ['EatonJohn1942-'], 'P213': ['0000000114836325'], 'P3280': ['0000689600'], 'P8179': ['ncf10840868'], 'P8189': ['987007457569905171'], 'P10832': ['E39PCjrfFptjfGWHfQHB8CjGMd'], 'P227': ['173609929']}"
Q125324681,John Eaton,British architect,['Q5'],['Q145'],[],[],['Q42973'],"{'P5508': ['24339'], 'P4432': ['10199916']}"
Q878759,John Eaton,American politician and diplomat (1790-1856),['Q5'],['Q30'],['Q2025868'],['+1790-06-18T00:00:00Z'],"['Q82955', 'Q40348', 'Q193391', 'Q121998', 'Q132050', 'Q185351']","{'P18': ['John Eaton.jpg'], 'P535': ['6653987'], 'P214': ['31014373'], 'P244': ['n86053812'], 'P227': ['138329265'], 'P213': ['0000000063222509'], 'P646': ['/m/01th2m'], 'P409': ['35054485'], 'P1157': ['E000024'], 'P648': ['OL1812004A'], 'P1315': ['813283'], 'P1871': ['cnp01175383'], 'P2163': ['197629'], 'P373': ['John Henry Eaton'], 'P2949': ['Eaton-3148'], 'P3430': ['w6sn0bvv'], 'P1225': ['10570818'], 'P4823': ['0300149'], 'P6284': ['biography/eaton-john-henry'], 'P2600': ['6000000015128994017'], 'P8462': ['eaton-eberhardt.html#602.16.01'], 'P8189': ['987007435406105171'], 'P3368': ['667025'], 'P10832': ['E39PBJgRPghxkKc7Yc4tTt8cT3'], 'P12578': ['EJ0290'], 'P8445': ['20316'], 'P13591': ['person/bf0c978e-83a5-45e6-915e-7913d19d7096']}"
Q111323754,,American politician,['Q5'],['Q30'],[],['+1915-05-25T00:00:00Z'],['Q82955'],"{'P3229': ['3104'], 'P10632': ['Q111323754']}"
Q111318547,,American politician (1908–1994),['Q5'],['Q30'],[],['+1908-08-26T00:00:00Z'],['Q82955'],{'P3229': ['379']}
Q60735979,Roy Johnson,Bermudian boxer,['Q5'],[],[],['+1948-07-02T00:00:00Z'],['Q11338576'],"{'P1447': ['jo/roy-johnson-1'], 'P8286': ['7570'], 'P2671': ['/g/11fj32cpyj']}"
Q75759234,Roy Johnson,Peerage person ID=319586,['Q5'],[],[],[],[],{'P4638': ['p31959.htm#i319586']}
Q16011597,Roy Johnson,American baseball player and coach,['Q5'],['Q30'],['Q1927386'],['+1895-10-01T00:00:00Z'],['Q10871364'],"{'P1825': ['j/johnsro01'], 'P1826': ['johnso005roy'], 'P6976': ['johnr103'], 'P646': ['/m/027ptb3'], 'P3368': ['1896548'], 'P4731': ['13393'], 'P4409': ['johnsro01']}"
Q136623935,Tyler Dawson,Israeli basketball player (born 1997),['Q5'],['Q801'],[],['+1997-04-15T00:00:00Z'],['Q3665646'],"{'P12338': ['221600'], 'P3527': ['374872']}"
Q139435257,,,['Q5'],[],[],[],['Q1622272'],{'P691': ['vse2015865476']}
Q114567519,Paul Trott,,['Q5'],['Q145'],[],[],[],"{'P214': ['34615134'], 'P1015': ['3082442'], 'P4619': ['000543100'], 'P268': ['13520777c'], 'P8179': ['ncf11398143'], 'P227': ['1082450987'], 'P213': ['0000000115667113'], 'P8189': ['987007461206405171'], 'P244': ['nb98011213'], 'P271': ['DA12122184'], 'P691': ['utb2010557701'], 'P1375': ['000343075'], 'P1006': ['181388243'], 'P1207': ['n98037720'], 'P7293': ['9812002979305606'], 'P3065': ['A020135074'], 'P1280': ['21243491'], 'P269': ['050238752'], 'P856': ['http://www.port.ac.uk/strategy-enterprise-and-innovation/staff/paul-trott.html'], 'P496': ['0000-0003-0050-2302'], 'P11496': ['1140845216517223552'], 'P3987': ['291859'], 'P10832': ['E39PCjrx4hJQGjhQTttjYk4JcP'], 'P14225': ['981005764660709366']}"
Q100936777,Paul Trotti,college basketball player (1997–2000) Georgia Tech,['Q5'],[],[],[],['Q3665646'],{'P3696': ['paul-trotti-1']}
Q112424583,Keith Goffin,,['Q5'],[],[],['+1956-00-00T00:00:00Z'],['Q121594'],"{'P691': ['utb2009546573'], 'P214': ['45168679'], 'P1207': ['n2010076718'], 'P1280': ['92984931'], 'P213': ['0000000114910791'], 'P269': ['121777545'], 'P227': ['121875024'], 'P8189': ['987007336054105171'], 'P13049': ['121875024'], 'P13906': ['1582243']}"
Q6767387,Mark Dodgson,Australian academic,['Q5'],['Q408'],[],['+1957-05-01T00:00:00Z'],['Q1622272'],"{'P214': ['73940207'], 'P213': ['0000000110707913'], 'P18': ['Mark Dodgson.jpg'], 'P227': ['170561372'], 'P1006': ['074675125'], 'P244': ['n90717262'], 'P349': ['01120291'], 'P1015': ['90784717'], 'P1207': ['n2008114558'], 'P3987': ['147676'], 'P268': ['124107933'], 'P269': ['033219575'], 'P1280': ['28054371'], 'P691': ['vse2009551763'], 'P1580': ['a1280881'], 'P5739': ['112780'], 'P8795': ['88272'], 'P646': ['/m/05zsc8r'], 'P9984': ['981058514481006706'], 'P8189': ['987007432316305171'], 'P11249': ['14169516'], 'P11686': ['981058514481006706'], 'P11182': ['71920'], 'P12458': ['261529'], 'P10832': ['E39PBJjRWtXr9TV7tbgF6fmw4q'], 'P13049': ['170561372'], 'P13591': ['person/36393a77-8226-4df7-bcad-9deedd7d4da3'], 'P14178': ['vse2009551763'], 'P496': ['0000-0001-8532-946X']}"
Q2095228,Rick Mitchell,Australian sprinter (1955–2021),['Q5'],['Q408'],['Q3130'],['+1955-03-24T00:00:00Z'],['Q11513337'],"{'P646': ['/m/0krv0v'], 'P1146': ['170470', '14356142'], 'P1447': ['mi/rick-mitchell-1'], 'P3171': ['rick-mitchell'], 'P3915': ['635'], 'P3682': ['richard-mitchell'], 'P8286': ['64748'], 'P3884': ['37218'], 'P4548': ['37306'], 'P5815': ['richard-mitchell'], 'P3925': ['4538'], 'P14105': ['3000008287'], 'P13725': ['8565']}"
Q112424584,Rick Mitchell,,['Q5'],[],[],['+1943-00-00T00:00:00Z'],['Q121594'],"{'P691': ['utb2009546574'], 'P214': ['103118368'], 'P1207': ['n2010143713'], 'P1280': ['92987235'], 'P213': ['0000000114539478'], 'P269': ['121777782'], 'P227': ['138999120'], 'P244': ['n2005035808'], 'P1006': ['102231354'], 'P1015': ['5060256', '5038176'], 'P13049': ['138999120']}"
Q102128811,Rick Mitchell,Ph.D. University of Wyoming,['Q5'],[],[],[],[],{'P549': ['652']}
Q6891571,Mohamed Zairi,"British academic, author",['Q5'],[],['Q5351493'],['+1956-09-17T00:00:00Z'],['Q43845'],"{'P18': ['Professor Mohamed Zairi.jpg'], 'P691': ['vse2010616192'], 'P214': ['49313842'], 'P7704': ['agent/base/88847'], 'P213': ['0000000108989560'], 'P646': ['/m/0gcsv9'], 'P3987': ['594472'], 'P1207': ['n2004078689'], 'P244': ['nr92020251'], 'P268': ['12420755r'], 'P269': ['033330913'], 'P8189': ['987007431340305171'], 'P11249': ['14408544'], 'P11182': ['86028'], 'P10832': ['E39PBJrm8K4m7CwgXm8jpX3RKd'], 'P13591': ['person/b3efe5a0-0a8b-4dd5-89ff-472a3854233c'], 'P13951': ['32612']}"
Q5130292,Clayton Christensen,American economist (1952-2020),['Q5'],['Q30'],['Q23337'],['+1952-04-06T00:00:00Z'],"['Q42603', 'Q1622272', 'Q36180', 'Q219477', 'Q188094']","{'P214': ['79483392'], 'P213': ['0000000109194727'], 'P18': ['Clayton Christensen World Economic Forum 2013.jpg'], 'P227': ['171890795'], 'P1006': ['169885097'], 'P244': ['n96018283'], 'P349': ['00798622'], 'P648': ['OL240826A'], 'P856': ['http://www.claytonchristensen.com/'], 'P646': ['/m/026wsj'], 'P2002': ['claychristensen'], 'P2013': ['clayton.m.christensen'], 'P269': ['076468011'], 'P268': ['160561749'], 'P3987': ['438153'], 'P691': ['vse2007395931'], 'P1580': ['a1288519'], 'P6634': ['claytonchristensen'], 'P5469': ['clayton-m-christensen'], 'P5034': ['KAC200301869'], 'P1207': ['n2008117099'], 'P2963': ['1792'], 'P9322': ['0321446-Christensen-Clayton-M-1952'], 'P271': ['DA11789176'], 'P1280': ['34867299'], 'P9984': ['981058515684806706'], 'P8189': ['987007281654805171'], 'P7293': ['9810679717805606'], 'P434': ['8dab930a-db4c-483e-9b77-14e9afc3838a'], 'P3368': ['841537'], 'P6424': ['Harvard Business School'], 'P3630': ['262029'], 'P11496': ['1140563741589302016'], 'P11249': ['14617474'], 'P11686': ['981058515684806706'], 'P11182': ['19016'], 'P10832': ['E39PBJh4rWJHwVMjKmHCbFwBfq'], 'P1368': ['000107530'], 'P13049': ['171890795'], 'P10387': ['64836'], 'P13591': ['person/b8a0613e-1ee4-4b29-9524-5f80b92538f3'], 'P396': ['UBOV114887'], 'P13951': ['535359'], 'P14178': ['vse2007395931'], 'P13204': ['aqrak3eg']}"
Q106971302,Andreas Tanuseputra,,['Q5'],[],[],[],[],{}
Q109698097,Andreas Tanadjaya,Indonesian political candidate,['Q5'],['Q252'],[],[],['Q82955'],{}
Q113843054,Andreas Tandler-Schneider,,['Q5'],['Q183'],[],['+1962-00-00T00:00:00Z'],['Q2640827'],"{'P214': ['169147784070068102322'], 'P227': ['1117227723'], 'P10553': ['871314665']}"
Q95845790,Andreas Tanner,,['Q5'],[],[],[],[],"{'P7902': ['1061813436'], 'P227': ['1061813436'], 'P214': ['311659079'], 'P2639': ['7464f3dedf2d48778f154a7fcb21689a']}"
Q4755641,Andreas Tanberg Gløersen,Norwegian forest manager (1836-1904),['Q5'],['Q20'],[],['+1836-02-16T00:00:00Z'],['Q1607826'],"{'P214': ['225059234'], 'P5080': ['A_T_Gløersen', 'A.T._Gløersen'], 'P1015': ['2029406'], 'P4342': ['Hans_Andreas_Tanberg_Gløersen'], 'P646': ['/m/0479h38'], 'P3368': ['2329166'], 'P4574': ['pf01037045149556']}"
Q102351630,Jan van den Ende,Ph.D. Technische Universiteit Delft 1994,['Q5'],[],[],[],[],{'P549': ['135658']}
Q2138371,Jan van den Ende,Dutch film director (1922-2008),['Q5'],['Q29999'],[],['+1922-09-18T00:00:00Z'],"['Q2526255', 'Q1397808']","{'P1741': ['250727'], 'P2605': ['390120'], 'P723': ['ende027'], 'P2671': ['/g/1212xkm6'], 'P13306': ['e0b67c6e-ac55-45c4-8727-089c5a586e23', '8bf0bd03-4e62-443a-b553-0538d34e92bc', 'ceef8c32-310c-49eb-a2a1-df858659312d']}"
Q19664782,Jan van den Ende,Dutch business theorist,['Q5'],[],[],['+1954-01-01T00:00:00Z'],"['Q48072011', 'Q1622272']","{'P214': ['166032275'], 'P227': ['171748212'], 'P1207': ['n2005089596'], 'P1006': ['12100404X'], 'P213': ['0000000113626190', '0000000031443876'], 'P646': ['/m/01264wkf'], 'P691': ['vse20221149926'], 'P10832': ['E39PBJjtdWJC8JPPyp7kJ9vmBP']}"
Q82985262,Jan van den Ende,,['Q5'],[],[],[],[],{}
Q64614644,Jan van den Enden,drawing in the National Gallery of Art (NGA 158362),['Q93184'],[],[],[],[],"{'P4683': ['158362'], 'P6108': ['https://www.nga.gov/api/v1/iiif/presentation/manifest.json?cultObj:id=158362'], 'P217': ['2012.58.1'], 'P18': ['Michael Sweerts, Jan van den Enden, c. 1651, NGA 158362.jpg']}"
Q112545666,Ina Goller,,['Q5'],[],[],['+1970-00-00T00:00:00Z'],"['Q212980', 'Q1622272', 'Q26831130']","{'P213': ['0000000495840140'], 'P691': ['ntk20201071789'], 'P214': ['5148874300649620035'], 'P1207': ['n2018123548'], 'P269': ['200372815'], 'P227': ['1089645163'], 'P13049': ['1089645163'], 'P13591': ['person/e0d1baa3-f883-46ea-b35f-9d2958c2d159']}"
Q59627624,Pervaiz Ahmed,politician in Pakistan,['Q5'],['Q843'],[],[],['Q82955'],"{'P10632': ['Q59627624'], 'P13906': ['223004']}"
Q138843018,Pervaiz Ahmed,Pakistani footballer (born 1967),['Q5'],[],[],[],['Q937857'],{'P2574': ['79362']}
Q104671323,Pervaiz K. Ahmed – Lim Kwang Kok – Ann Y.E. Loh. Learning through knowledge management,scientific article published in Bollettino AIB,"['Q13442814', 'Q637866']",[],[],[],[],"{'P478': ['43'], 'P433': ['2'], 'P953': ['https://bollettino.aib.it/article/view/5086/4854'], 'P973': ['https://bollettino.aib.it/article/view/5086']}"
Q43196955,Alexander Brem,German researcher and professor,['Q5'],['Q183'],['Q623464'],['+1979-00-00T00:00:00Z'],"['Q1622272', 'Q188094', 'Q901', 'Q13405496']","{'P227': ['133716546'], 'P214': ['57811062'], 'P496': ['0000-0002-6901-7498'], 'P1153': ['23984395500'], 'P213': ['0000000077817079'], 'P244': ['no2010061784'], 'P1207': ['n2013202699'], 'P2671': ['/g/11f_rx6skc'], 'P2798': ['611665'], 'P856': ['http://findresearcher.sdu.dk/portal/en/persons/alexander-brem(dde8b3ad-5f32-438b-9ab6-a7392ee2d641).html', 'http://www.eni.uni-stuttgart.de/en'], 'P269': ['170005909'], 'P6479': ['37830022700'], 'P3829': ['479422'], 'P8189': ['987007317105305171'], 'P1053': ['F-8452-2011'], 'P691': ['ntk20231192168'], 'P6178': ['012031362413.91'], 'P2456': ['160/9558'], 'P10832': ['E39PBJcwFkjHXgfhxJkgcRDH4q'], 'P13049': ['133716546'], 'P13591': ['person/cea0e80a-ca65-4ef6-a61c-99972118e15d']}"
Q16937609,Alexander Brem,German voice actor,['Q5'],['Q183'],[],['+2000-01-01T00:00:00Z'],"['Q2405480', 'Q11481802', 'Q33999']","{'P227': ['1096173581'], 'P4727': ['83'], 'P214': ['12146095201300371611'], 'P7902': ['1096173581'], 'P2671': ['/g/1s05sq929'], 'P11646': ['a6xQnFufb']}"
Q139511742,,,['Q5'],[],['Q16079'],['+1981-01-01T00:00:00Z'],['Q742628'],"{'P227': ['140586717'], 'P13049': ['140586717'], 'P213': ['0000000076977863'], 'P214': ['107266367']}"
Q137328600,,,['Q5'],[],['Q6837'],['+1988-01-01T00:00:00Z'],['Q694748'],"{'P227': ['1226488404'], 'P13049': ['1226488404'], 'P214': ['6598161274831947650001'], 'P496': ['0000-0003-1577-4167']}"
Q87180380,Alexander Minorita,,['Q5'],[],[],[],[],"{'P691': ['jn19981000074'], 'P227': ['119018497'], 'P214': ['90630013', '310159474308927662316'], 'P244': ['n93064341'], 'P1017': ['ADV10048329'], 'P1006': ['074489836'], 'P7935': ['Alexander_Minorita'], 'P5739': ['1294'], 'P269': ['03421304X'], 'P1207': ['n2004098896'], 'P213': ['000000008016665X'], 'P949': ['000509798'], 'P268': ['12499270w', '12361542r'], 'P1871': ['cnp01346902'], 'P7902': ['119018497'], 'P2163': ['1804047'], 'P8051': ['407'], 'P8081': ['D301-741-8', 'MA2697'], 'P8189': ['987007281686205171'], 'P7293': ['9810555838305606'], 'P1368': ['000173238'], 'P5731': ['56724'], 'P3065': ['A012330878'], 'P8034': ['495/257879'], 'P9017': ['90630013'], 'P9037': ['0da66e88-381a-434e-b124-39d003be11a4'], 'P7986': ['20108'], 'P9081': ['68072'], 'P1150': ['FY 13098'], 'P10553': ['07980506X'], 'P12458': ['218139'], 'P10832': ['E39PCjD7wwXXKpdGmKVGQXd4v3'], 'P13049': ['119018497'], 'P13166': ['41072'], 'P9964': ['119018497'], 'P13627': ['1786644916'], 'P13591': ['person/c6907b44-753a-4495-826c-f6be15f89e87']}"
Q101560156,Eric Viardot,"Éric Viardot, EADA Business School",['Q5'],['Q142'],[],['+1956-11-28T00:00:00Z'],['Q37226'],"{'P1315': ['956846'], 'P1607': ['88052'], 'P950': ['XX5392217'], 'P1207': ['n2007079212'], 'P213': ['0000000108592424'], 'P214': ['92451553'], 'P244': ['n95031450'], 'P268': ['12228221n'], 'P269': ['030973090'], 'P1015': ['90895043'], 'P271': ['DA09721646'], 'P4619': ['000381607'], 'P3987': ['471773'], 'P8189': ['987007456383705171'], 'P11249': ['14785139'], 'P11496': ['1140282266816425600'], 'P10832': ['E39PBJbCPxPjCQVdhFmTbdcpT3'], 'P13591': ['person/95c4b8f0-1b45-401a-9a45-371983f13d04']}"
Q139447974,,,['Q5'],[],[],[],['Q1622272'],{'P691': ['utb2017939757']}
Q130921881,Roberto Filippini,researcher (ORCID 0009-0007-3443-1174),['Q5'],[],[],[],['Q1650915'],{'P496': ['0009-0007-3443-1174']}
Q21553194,Roberto Filippini,Italian bishop,['Q5'],['Q38'],['Q82884'],['+1948-06-06T00:00:00Z'],"['Q1622272', 'Q250867', 'Q611644']","{'P214': ['297586400'], 'P227': ['1066396019'], 'P373': ['Roberto Filippini'], 'P18': ['Filippini.jpg'], 'P94': ['Coat of arms of Roberto Filippini.svg'], 'P1047': ['filipr'], 'P2671': ['/g/11bx1cd5ty'], 'P7796': ['4165'], 'P396': ['NAPV130414'], 'P3987': ['8275'], 'P10553': ['81747563X']}"
Q57018851,Carolina B Machado,researcher,['Q5'],[],[],[],['Q1650915'],"{'P496': ['0000-0001-5195-5577'], 'P2798': ['472430'], 'P1153': ['36940265300']}"
Q100390566,Carolina Machado Martinelli Lobo,researcher,['Q5'],[],[],[],['Q1650915'],{'P496': ['0000-0001-6128-7920']}
Q5044879,Carolina Oliveira,actress,['Q5'],['Q155'],['Q191642'],['+1994-11-29T00:00:00Z'],"['Q33999', 'Q10800557', 'Q10798782']","{'P345': ['nm1842475'], 'P646': ['/m/0jwwxh1'], 'P4985': ['1252321'], 'P18': ['Carolina Oliveira.jpg'], 'P4666': ['162434'], 'P10302': ['carolina-oliveira'], 'P12098': ['949238'], 'P11386': ['carolina-oliveira'], 'P227': ['1242056025'], 'P14750': ['C237-14AB-1954-A63D-E283']}"
Q112506906,Carolina Feliciana de Sá Cunha Machado,,['Q5'],[],[],['+1965-00-00T00:00:00Z'],"['Q188094', 'Q1622272']","{'P691': ['mzk2017940000'], 'P214': ['305019063'], 'P213': ['0000000416702226'], 'P496': ['0000-0002-9685-1576'], 'P269': ['189983140'], 'P1207': ['n2016161641'], 'P8189': ['987007361398705171'], 'P244': ['n2013042895'], 'P227': ['1033084042'], 'P13049': ['1033084042'], 'P13591': ['person/ef29a5bc-4338-4559-8665-e9142d9a8a80'], 'P9984': ['981058522633806706']}"
Q64691563,J. Paulo Davim,"born:1964-02-05|; Davim, J. Paulo 1964-; Davim, João Paulo; Davim, J. P., 1964-; Davim, João Paulo, 1964-",['Q5'],['Q45'],['Q249906'],['+1964-02-05T00:00:00Z'],"['Q1906857', 'Q1622272', 'Q482980', 'Q901']","{'P214': ['100004045'], 'P227': ['1043445226'], 'P244': ['n2008057681'], 'P268': ['16656048h'], 'P269': ['146994027'], 'P691': ['vut2012705071'], 'P1015': ['9032775'], 'P1207': ['n2009149570'], 'P1006': ['39081458X'], 'P3987': ['739914'], 'P1280': ['156767843'], 'P213': ['0000000123256429'], 'P8189': ['987007347017505171'], 'P3368': ['91981'], 'P496': ['0000-0002-5659-3111'], 'P6178': ['010434172603.13'], 'P1053': ['D-2314-2009'], 'P1153': ['6701555575'], 'P8179': ['ncf12140429'], 'P3846': ['87097969945015'], 'P5034': ['KAC202255631'], 'P271': ['DA16638837'], 'P1375': ['000615405'], 'P1005': ['957622', '84435'], 'P11496': ['1140563741714807552'], 'P10832': ['E39PBJgRW8hfBbTftdMR7kBXVC'], 'P13049': ['1043445226'], 'P13591': ['person/9be539e1-cefa-44b8-81e4-6706b0f89045'], 'P14225': ['981005687059809366']}"
Q112539001,Patrick van der Duin,,['Q5'],[],[],['+1970-00-00T00:00:00Z'],"['Q188094', 'Q1622272']","{'P691': ['xx0239248'], 'P214': ['21547724'], 'P1207': ['n2016052041'], 'P227': ['137457308'], 'P213': ['000000003776614X'], 'P13591': ['person/ac64063a-6d01-46ca-8200-47a094644a1b']}"
Q20895325,Patrick van der Duin,cyclist,['Q5'],['Q29999'],[],['+1995-10-04T00:00:00Z'],['Q2309784'],"{'P1663': ['170377'], 'P18': ['Grotenberge (Zottegem) - Omloop Het Nieuwsblad Beloften, 4 juli 2015 (B044).JPG'], 'P2671': ['/g/11fyzfjtvt'], 'P10902': ['32435'], 'P11020': ['89978']}"
Q112343175,Joan Roland Ortt,,['Q5'],[],[],['+1964-00-00T00:00:00Z'],"['Q2462658', 'Q1622272']","{'P213': ['0000000388623335'], 'P496': ['0000-0003-1516-7121'], 'P691': ['ntk20201073093'], 'P214': ['281862400'], 'P269': ['232570957'], 'P227': ['1044555467'], 'P13049': ['1044555467']}"
Q27613218,Jin Chen,badminton player,['Q5'],['Q148'],[],['+1967-00-00T00:00:00Z'],['Q13141064'],{'P2671': ['/g/11cs9mf747']}
Q101051974,Jin Chen,researcher ORCID 0000-0002-0259-7483,['Q5'],[],[],[],['Q1650915'],{'P496': ['0000-0002-0259-7483']}
Q112041220,Jin Chen,Art und performance,['Q5'],['Q148'],[],[],"['Q483501', 'Q674426']",{}
Q56420302,Jin Chen,researcher ORCID: 0000-0002-6497-4141,['Q5'],[],[],[],['Q1650915'],"{'P496': ['0000-0002-6497-4141'], 'P1153': ['55717837500', '55760972600'], 'P1053': ['A-6417-2011'], 'P3829': ['2815703'], 'P2456': ['03/5287-1']}"
Q55189464,Jin Chen,physician,['Q5'],[],[],[],['Q1650915'],{'P496': ['0000-0002-5557-2079']}
Q102621966,Poh Kam Wong,Ph.D. Massachusetts Institute of Technology 1979,['Q5'],[],[],[],[],"{'P549': ['214366'], 'P4955': ['566920']}"
Q133766355,,,['Q5'],[],[],['+1952-01-01T00:00:00Z'],['Q188094'],"{'P227': ['170702391'], 'P213': ['0000000116600164'], 'P1207': ['n01046575'], 'P214': ['53196069'], 'P7902': ['170702391'], 'P1368': ['000066359'], 'P12458': ['175342'], 'P3747': ['425203']}"
Q105181629,David Sarpong Boateng,Ghanaian politician,['Q5'],['Q117'],['Q406358'],['+1943-10-09T00:00:00Z'],"['Q63676514', 'Q82955', 'Q83307']",{}
Q1227970,Dirk Meissner,German draughtsperson,['Q5'],['Q183'],['Q1017'],['+1964-04-06T00:00:00Z'],['Q15296811'],"{'P214': ['45124146'], 'P227': ['120094290'], 'P3901': ['dirk-meissner-623578'], 'P2671': ['/g/1214fcrb'], 'P18': ['Foto von Dirk Meissner.jpg'], 'P373': ['Dirk Meissner'], 'P9707': ['70574'], 'P10832': ['E39PBJhdfjjKGKPkV6CHjdW7HC'], 'P13049': ['120094290']}"
Q58064401,Dirk Meissner,"researcher, ORCID id # 0000-0003-4573-0376",['Q5'],[],['Q1731'],['+1971-12-19T00:00:00Z'],['Q1650915'],"{'P496': ['0000-0003-4573-0376'], 'P1153': ['55337583500'], 'P214': ['80143149'], 'P6178': ['012711126361.48'], 'P1053': ['O-3112-2013'], 'P269': ['24437385X'], 'P227': ['1035686848'], 'P8189': ['987007403965705171'], 'P244': ['no2018121923'], 'P13049': ['1035686848'], 'P13591': ['person/33598f31-0743-4f9e-940d-6d048f508655']}"
Q138957760,,,['Q5'],[],['Q3085'],['+1976-08-30T00:00:00Z'],['Q864503'],"{'P227': ['138086583'], 'P13049': ['138086583'], 'P213': ['0000000060810559'], 'P214': ['88152092']}"
Q112546051,Stuart MacDonald,British professor of criminal law,['Q5'],[],[],['+1979-00-00T00:00:00Z'],"['Q185351', 'Q1622272']","{'P691': ['mub20201073260'], 'P214': ['314896740'], 'P496': ['0000-0002-7483-9023'], 'P269': ['187074771'], 'P1207': ['n2019219566'], 'P10553': ['1002319145'], 'P227': ['1143045599'], 'P6178': ['010102200451.48'], 'P213': ['0000000446216392'], 'P13591': ['person/c4b3b06a-6690-4cfc-9853-c9d67be2e6c1'], 'P13049': ['1143045599']}"
Q57317387,Stuart J Macdonald,British American professor of genetics,['Q5'],[],[],[],['Q1650915'],"{'P496': ['0000-0002-9421-002X'], 'P1960': ['pTXRo_gAAAAJ'], 'P2671': ['/g/11f4j31g07']}"
Q123371071,Stuart Elaine Macdonald,American professor of political science,['Q5'],['Q30'],[],[],['Q1238570'],"{'P214': ['264149196274974790836'], 'P1015': ['90570687'], 'P213': ['0000000350500823']}"
Q137136102,,,['Q5'],[],[],['+1946-05-02T00:00:00Z'],['Q188094'],"{'P227': ['138400350'], 'P13049': ['138400350'], 'P213': ['000000008408423X'], 'P214': ['111127041'], 'P12458': ['433348'], 'P496': ['0000-0001-6561-1927'], 'P1368': ['000037085'], 'P10553': ['602053544']}"
Q111686711,Stuart Brown,American philosopher and academic administrator,['Q5'],['Q30'],['Q1030184'],['+1916-00-00T00:00:00Z'],"['Q4964182', 'Q1622272', 'Q21281706', 'Q13342461']","{'P6594': ['stuart-m-brown-jr'], 'P3368': ['1665384']}"
Q131374734,David Schwartzman,geologist,['Q5'],[],[],[],"['Q1622272', 'Q901']","{'P691': ['vse20241244625'], 'P213': ['0000000082568310'], 'P214': ['67995646'], 'P13591': ['person/e26ed83b-a911-4e45-9ff2-9498e176d4be']}"
Q85246428,David J Schwartzman,researcher,['Q5'],[],[],[],['Q1650915'],"{'P496': ['0000-0002-3779-396X'], 'P1153': ['35834863700'], 'P6178': ['01074545652.25']}"
Q95627290,David Schwartzman,researcher,['Q5'],[],[],[],['Q1650915'],{'P496': ['0000-0002-7242-0050']}
Q24566026,David Schwartzman,Canadian-American economist,['Q5'],['Q16'],[],['+1924-04-22T00:00:00Z'],['Q188094'],"{'P18': ['David Schwartzman.jpg'], 'P2671': ['/g/11byz8zpjw'], 'P3368': ['199080']}"
Q140408626,David Schwartzman,Wikimedia disambiguation page,['Q4167410'],[],[],[],[],{}
Q115226576,Robert Blackburn,"English merchant, established in Funchal, Madeira",['Q5'],['Q161885'],['Q161885'],['+1779-06-11T00:00:00Z'],['Q215536'],{}
Q75266838,Robert Blackburn,Peerage person ID=23732,['Q5'],[],[],['+1821-01-01T00:00:00Z'],[],"{'P4638': ['p2374.htm#i23732'], 'P2949': ['Blackburn-7467'], 'P3051': ['I20489'], 'P2600': ['6000000001355979054']}"
Q7342130,Robert Blackburn,"African American visual artist, printmaker (1920–2003)",['Q5'],['Q30'],['Q1000642'],['+1920-12-10T00:00:00Z'],"['Q11569986', 'Q1028181', 'Q16947657', 'Q3391743', 'Q107636313', 'Q483501']","{'P214': ['96179743'], 'P245': ['500071319'], 'P1795': ['5698'], 'P2252': ['11206'], 'P2163': ['295576'], 'P2843': ['B00204182'], 'P244': ['n91120429'], 'P3430': ['w64x6h2r'], 'P18': ['RobertBlackburnWorkshop.jpg'], 'P213': ['0000000398912069'], 'P227': ['1119836069'], 'P3782': ['robert-blackburn'], 'P4927': ['ghhckg51ws'], 'P5597': ['blackburn_robert'], 'P6578': ['BBEAAA9FBEA8F7E3'], 'P2174': ['20080'], 'P7704': ['agent/base/157678'], 'P8406': ['T2086787'], 'P8317': ['19454'], 'P646': ['/m/082gfb'], 'P5271': ['23454'], 'P9541': ['452', 'class-of-1992/robert-h-blackburn'], 'P10882': ['161692'], 'P11271': ['365'], 'P269': ['232146837'], 'P9943': ['person/911090943315'], 'P7545': ['63427'], 'P12582': ['20110803095509597'], 'P10832': ['E39PBJjxvmMJYBfc7Q6d3md4v3'], 'P13591': ['person/ee6c33f6-de32-476b-b346-6f1d6bf15eca']}"
Q2156577,Robert Blackburn,British aviation pioneer (1885–1955),['Q5'],['Q145'],['Q39121'],['+1885-03-26T00:00:00Z'],"['Q10497074', 'Q81096']","{'P1430': ['4395'], 'P1801': ['OlympiaWorksPlaque.jpg'], 'P1415': ['46634'], 'P373': ['Robert Blackburn (aviation pioneer)'], 'P646': ['/m/03c36gs'], 'P3368': ['1915672'], 'P2600': ['6000000049232993838']}"
Q7342131,Robert Blackburn,Irish educator (1927-1990),['Q5'],['Q27'],['Q109092'],['+1927-09-26T00:00:00Z'],['Q37226'],"{'P4638': ['p31499.htm#i314990'], 'P646': ['/m/02q_m_f'], 'P373': ['Robert Blackburn (educationalist)'], 'P3368': ['1915670'], 'P2949': ['Blackburn-6440']}"
Q102304696,Ravi Jain,mathematics researcher; Ph.D. University of Adelaide 1999,['Q5'],[],[],[],[],"{'P549': ['105145'], 'P4955': ['867197']}"
Q140443628,Ravi Jain,engineering researcher,['Q5'],[],[],[],"['Q1650915', 'Q1622272']",{'P2038': ['Ravi-Jain-13']}
Q141322167,Ravi Jain Kattula,"Indian politician, District Official Spokesperson YSRCP Eluru",['Q5'],[],[],[],['Q82955'],"{'P18': ['Ravi Jain Kattula YSRCP Eluru District Official Spokesperson.jpg'], 'P2003': ['r_k_connects'], 'P2013': ['ravijainkattula']}"
Q29533519,Ravinder K. Jain,(born 1935),['Q5'],[],[],['+1935-01-01T00:00:00Z'],['Q169470'],"{'P214': ['110655021'], 'P1580': ['a1273608'], 'P5361': ['JainRavi1935-'], 'P213': ['0000000081766454'], 'P227': ['120156059'], 'P244': ['n80030678'], 'P268': ['145797751'], 'P269': ['115888004'], 'P691': ['mzk2012728573'], 'P1015': ['70129'], 'P1207': ['n2010114498'], 'P2381': ['399285'], 'P1280': ['50600035'], 'P8189': ['987007325539505171'], 'P271': ['DA03831834'], 'P409': ['35697504'], 'P1006': ['078419522', '157393062'], 'P2671': ['/g/11g7nrr1n0'], 'P9984': ['981058511312006706'], 'P11249': ['14187640'], 'P11686': ['981058511312006706'], 'P11496': ['1140563741584501248'], 'P11182': ['76041'], 'P10832': ['E39PBJjCPxF6rhywHgKRbydxXd'], 'P13049': ['120156059'], 'P13591': ['person/d7e358f7-a97f-40a7-bf99-66059ec122fc'], 'P13951': ['318987', '384414'], 'P13204': ['zf95vzzj'], 'P6634': ['ravi-jain-68b6266b'], 'P1960': ['KhAg3cEAAAAJ']}"
Q43253933,Harry C. Triandis,Greek-American cross-cultural social psychologist,['Q5'],"['Q30', 'Q41']","['Q41', 'Q133123']","['+1926-00-00T00:00:00Z', '+1926-10-16T00:00:00Z']","['Q212980', 'Q482980']","{'P409': ['58773122', '36319411'], 'P268': ['161304497'], 'P1015': ['90335198'], 'P213': ['0000000383044967'], 'P1375': ['000204941'], 'P271': ['DA01295770'], 'P949': ['000420133'], 'P245': ['500276277'], 'P227': ['120139804'], 'P1207': ['n2002040238'], 'P349': ['00875005'], 'P691': ['utb2013781864'], 'P1006': ['068398468'], 'P269': ['078645255'], 'P244': ['n79060062'], 'P214': ['267448320', '16148389454610712555'], 'P1315': ['1245930'], 'P6594': ['harry-c-triandis'], 'P1153': ['7004112944'], 'P2381': ['33148'], 'P2163': ['1994577'], 'P6366': ['2904816372'], 'P2038': ['Harry_Triandis'], 'P3065': ['A003910193'], 'P4012': ['152348266'], 'P648': ['OL590555A'], 'P6178': ['047266443.28'], 'P1607': ['1205391'], 'P549': ['224697'], 'P950': ['XX1462341'], 'P1280': ['231167075'], 'P2734': ['TriandisHarryC'], 'P2581': ['21187004n'], 'P3430': ['w6wn78ds'], 'P1580': ['a1273607'], 'P8179': ['ncf11367589'], 'P8189': ['987007279711905171'], 'P646': ['/m/05wbzmd'], 'P3987': ['522019'], 'P9984': ['981058511312306706'], 'P10553': ['216794633'], 'P11249': ['14330634'], 'P11496': ['1140845216689111424'], 'P11686': ['981058511312306706'], 'P11514': ['triandis-garri-91ce01'], 'P12458': ['534315'], 'P3368': ['1700415'], 'P10832': ['E39PBJg4mj83KkxFRKW4CthT73'], 'P13049': ['120139804'], 'P13591': ['person/280ec870-7fc8-4012-a60d-fec530785454'], 'P13951': ['178887'], 'P14225': ['981005765502709366'], 'P13204': ['z92tsrcy'], 'P13166': ['64014']}"
Q112545640,Kristian Wasén,scientist,['Q5'],[],[],['+1980-00-00T00:00:00Z'],['Q901'],"{'P691': ['ntk20201071704'], 'P214': ['309887765'], 'P269': ['19551954X'], 'P8189': ['987007379226505171'], 'P13591': ['person/d276e5c9-4f4f-40e3-a141-bf7038ba22fb']}"
Q57413095,Jordi Diaz,researcher ORCID id 0000-0003-1801-0541,['Q5'],[],[],[],['Q1650915'],"{'P496': ['0000-0003-1801-0541'], 'P1153': ['7401603835'], 'P1053': ['A-8034-2008']}"
Q61758337,Jordi Diaz,researcher ORCID ID = 0000-0002-3413-9380,['Q5'],[],[],[],['Q1650915'],"{'P496': ['0000-0002-3413-9380'], 'P1153': ['7401604238'], 'P6178': ['011477640265.52']}"
Q11928295,Jordi Díaz,Spanish actor,['Q5'],['Q29'],['Q15468'],['+1975-01-27T00:00:00Z'],"['Q33999', 'Q10800557']","{'P345': ['nm1292037'], 'P1266': ['557885'], 'P2435': ['545415'], 'P2604': ['804225'], 'P3144': ['1034241'], 'P18': ['Jordi Díaz (2004).jpg'], 'P213': ['000000005974307X'], 'P214': ['87552112'], 'P950': ['XX1770651'], 'P1006': ['40498746X'], 'P2671': ['/g/121kwnt2'], 'P4985': ['1008439'], 'P10302': ['hordi-diaz'], 'P269': ['188197044'], 'P11683': ['hordi-dias'], 'P12098': ['934374'], 'P10832': ['E39PBJkhHHrqv9RXD4P6gRfQbd'], 'P2605': ['450452'], 'P14750': ['8305-59DB-6F1D-14A3-584D']}"
Q50717158,Jordi Díaz-Manera,researcher,['Q5'],[],[],[],['Q1650915'],{'P496': ['0000-0003-2941-7988']}
Q58273582,Jordi Díaz-Ferrero,"researcher, ORCID id # 0000-0002-5899-7048",['Q5'],[],[],[],['Q1650915'],"{'P496': ['0000-0002-5899-7048'], 'P1153': ['6602983938'], 'P1053': ['B-9333-2014']}"
Q2440014,Tom R. Burns,American sociologist,['Q5'],['Q30'],['Q1612'],"['+1937-01-01T00:00:00Z', '+1937-02-27T00:00:00Z']","['Q2306091', 'Q1650915']","{'P227': ['170219135'], 'P244': ['n80155408'], 'P906': ['179748'], 'P1015': ['90083160'], 'P1207': ['n97031894'], 'P213': ['0000000121442826'], 'P5587': ['20dgg79l582d70f'], 'P269': ['033855870'], 'P268': ['124670827'], 'P214': ['95330347'], 'P1280': ['88790371'], 'P1580': ['a1328366'], 'P646': ['/m/02ppc95'], 'P9984': ['981058530285906706'], 'P8189': ['987007442598505171'], 'P496': ['0000-0001-9350-8652'], 'P11249': ['13928097'], 'P11686': ['981058530285906706'], 'P1153': ['7201807085'], 'P10832': ['E39PBJpYDmH3MvYX8WBmPDtBT3'], 'P13049': ['170219135'], 'P1960': ['oovHhQoAAAAJ'], 'P13591': ['person/6f9aa5c9-9667-49a1-8f8a-0d00b1538929'], 'P13204': ['tf65vj2v'], 'P3368': ['1432020']}"
Q124644134,G. M. Stalker,,['Q5'],[],[],['+1925-01-01T00:00:00Z'],['Q212980'],"{'P691': ['jcu20231175361'], 'P213': ['0000000063077348'], 'P1207': ['n2012054070'], 'P3987': ['105662'], 'P214': ['59183101'], 'P13591': ['person/2e2aa91c-7327-4d80-ba98-51b659704ae5']}"
Q106427710,,"politician in Massachusetts, US",['Q5'],['Q30'],[],['+1857-02-19T00:00:00Z'],['Q82955'],{'P18': ['1906 Gilbert M Stalker Massachusetts House of Representatives.png']}
Q112530278,Rob Dekkers,scientist,['Q5'],[],[],['+1959-00-00T00:00:00Z'],"['Q1906857', 'Q901', 'Q381160']","{'P691': ['ntk20191021716'], 'P214': ['235574730'], 'P496': ['0000-0002-0805-5490'], 'P269': ['11897288X'], 'P1207': ['n2016148181'], 'P227': ['1063306671'], 'P8189': ['987007371931605171'], 'P1368': ['000337806'], 'P13049': ['1063306671'], 'P13591': ['person/9cda9625-c7f5-483a-b65b-3bc0783cd462']}"
Q105882967,Patricia Ordóñez de Pablos,,['Q5'],[],[],['+1975-01-01T00:00:00Z'],['Q832136'],"{'P5361': ['OrdóñezdePablosPatricia1975-'], 'P213': ['0000000121295109'], 'P214': ['41312693'], 'P227': ['136971245'], 'P244': ['n2008035190'], 'P268': ['16517688n'], 'P269': ['131189700'], 'P691': ['jo2014819445'], 'P1015': ['13026050'], 'P1207': ['n2012103519'], 'P1006': ['318954168'], 'P7293': ['9810583634905606'], 'P8189': ['987007376266605171'], 'P11182': ['99537'], 'P13049': ['136971245'], 'P13591': ['person/c2c915ad-c12c-4a2e-b469-56f7c0dd2d37']}"
Q60372505,Kwok Tai Chui,researcher ORCID ID = 0000-0001-7992-9901,['Q5'],[],[],[],['Q1650915'],"{'P496': ['0000-0001-7992-9901'], 'P1153': ['55975707100'], 'P2456': ['140/8307'], 'P6479': ['37085440179'], 'P13591': ['person/a3961f2a-63ab-4524-bef7-981f4c56f09c']}"
Q133681041,,,['Q5'],[],[],['+1991-01-01T00:00:00Z'],['Q81096'],"{'P227': ['1189690217'], 'P213': ['000000049611831X'], 'P214': ['43152682567723312104'], 'P496': ['0000-0001-7992-9901']}"
Q101052057,Wendy Wu,researcher,['Q5'],[],[],[],['Q1650915'],{'P496': ['0000-0001-6048-405X']}
Q951101,Wendy Wu: Homecoming Warrior,2006 television film directed by John Laing,['Q506240'],[],[],[],[],"{'P345': ['tt0790781'], 'P856': ['http://psc.disney.go.com/disneychannel/originalmovies/WendyWu/'], 'P646': ['/m/0bh76g'], 'P1258': ['m/wendy_wu_homecoming_warrior'], 'P1265': ['174423'], 'P1970': ['38744'], 'P1874': ['70054678'], 'P905': ['97503'], 'P2603': ['276127'], 'P3107': ['529817'], 'P3138': ['112157'], 'P3933': ['1319946'], 'P3844': ['11574'], 'P4632': ['4694'], 'P4947': ['61717'], 'P1712': ['tv/wendy-wu-homecoming-warrior'], 'P5786': ['wendy-wu-die-highschool-kriegerin'], 'P6181': ['wendy-wu-homecoming-warrior-television'], 'P7595': ['14Gg3BXV61Vz'], 'P6127': ['wendy-wu-homecoming-warrior'], 'P4529': ['1902654'], 'P9586': ['umc.cmc.2cza8y2vcnesjejy2y92aci1c'], 'P2346': ['1520027'], 'P373': ['Wendy Wu'], 'P8958': ['39099'], 'P4282': ['204514'], 'P8013': ['movies/wendy-wu-homecoming-warrior-2006'], 'P6398': ['219560631'], 'P11460': ['5d7768a123d5a3001f4ef4c0'], 'P12096': ['214204'], 'P12492': ['44288'], 'P12196': ['11614'], 'P12347': ['wendy-wu-homecoming-warrior'], 'P12683': ['film/5108'], 'P12222': ['48200'], 'P480': ['452693'], 'P13902': ['entity-4d8af4ee-c68b-4b4b-85b7-111f9e0fb191'], 'P5099': ['film1/wendywu'], 'P4783': ['45241'], 'P5253': ['40734'], 'P2529': ['252480'], 'P14449': ['135278'], 'P12879': ['76556'], 'P14821': ['790781']}"
Q42522035,Wendy Wu,character from 2006 film 'Wendy Wu: Homecoming Warrior',"['Q15632617', 'Q15773347']",[],[],[],[],{}
Q79517760,Wendy G Wu,researcher,['Q5'],[],[],[],['Q1650915'],"{'P496': ['0000-0002-1467-1898'], 'P1053': ['I-5143-2013'], 'P1153': ['55483764400', '55707539900']}"
Q75260258,Wendy Margaret Wuerzer,(born 1951),['Q5'],[],[],['+1951-05-27T00:00:00Z'],[],{'P4638': ['p1892.htm#i18916']}
Q140137286,Andreea Claudia Şerban,,['Q5'],[],[],['+1980-01-01T00:00:00Z'],"['Q188094', 'Q1622272', 'Q1607826']","{'P691': ['mub20261296135'], 'P496': ['0000-0001-9361-2345'], 'P6479': ['37087014255']}"
