book_id,canonical_title,authors,source_group,source_openlibrary,source_leadershipnow,first_publish_year,publication_year_observed,book_age_from_first_publish,average_rating,ratings_count,edition_count,want_to_read_count,currently_reading_count,already_read_count,total_reader_engagement,format,page_count,has_authors,has_description,has_subjects,has_cover,has_rating,has_engagement,has_first_publish_year,has_observed_publication_year,has_edition_metadata,has_page_count,content_component_count,content_depth,core_word_count,enriched_word_count,additional_semantic_words,topic_cluster,cluster_label,cluster_status,cluster_label_display,cover_url
BOOK00001,Principle-Centered Leadership,['Stephen R. Covey'],Open Library only,True,False,1989,,37.0,4.5,2.0,21.0,145.0,15.0,6.0,166.0,,,1,1,1,1,1,1,1,0,0,0,4,Rich,5,199,194,7,Broad Leadership and Success,Clustered,Broad Leadership and Success,https://covers.openlibrary.org/b/id/10858615-L.jpg
BOOK00002,Leadership in Organizations,['Gary A. Yukl'],Open Library only,True,False,1981,,45.0,5.0,1.0,26.0,110.0,12.0,0.0,122.0,,,1,0,1,1,1,1,1,0,0,0,3,Enriched,6,51,45,4,Decision Making,Clustered,Decision Making,https://covers.openlibrary.org/b/id/87719-L.jpg
BOOK00003,Kepemimpinan =,['Karjadi M.'],Open Library only,True,False,1977,,49.0,1.0,1.0,1.0,41.0,2.0,18.0,61.0,,,1,0,1,1,1,1,1,0,0,0,3,Enriched,4,5,1,25,Transformational Leadership,Clustered,Transformational Leadership,https://covers.openlibrary.org/b/id/14420782-L.jpg
BOOK00004,Spiritual leadership,['J. Oswald Sanders'],Open Library only,True,False,1967,,59.0,5.0,3.0,8.0,74.0,7.0,2.0,83.0,,,1,0,1,1,1,1,1,0,0,0,3,Enriched,5,10,5,25,Transformational Leadership,Clustered,Transformational Leadership,https://covers.openlibrary.org/b/id/570509-L.jpg
BOOK00005,Leadership,['Peter Guy Northouse'],Open Library only,True,False,1997,,29.0,3.6666667,3.0,5.0,67.0,4.0,3.0,74.0,,,1,0,1,1,1,1,1,0,0,0,3,Enriched,4,18,14,25,Transformational Leadership,Clustered,Transformational Leadership,https://covers.openlibrary.org/b/id/3859675-L.jpg
BOOK00006,The 21 Irrefutable Laws of Leadership,['John C. Maxwell'],Open Library only,True,False,1998,,28.0,4.1666665,12.0,12.0,274.0,13.0,14.0,301.0,,,1,0,1,1,1,1,1,0,0,0,3,Enriched,9,19,10,25,Transformational Leadership,Clustered,Transformational Leadership,https://covers.openlibrary.org/b/id/1465659-L.jpg
BOOK00007,Leadership,['Peter G. Northouse'],Open Library only,True,False,2000,,26.0,5.0,3.0,8.0,50.0,2.0,2.0,54.0,,,1,1,1,1,1,1,1,0,0,0,4,Rich,4,93,89,10,Leadership Development,Clustered,Leadership Development,https://covers.openlibrary.org/b/id/511761-L.jpg
BOOK00008,Leadership and performance beyond expectations,['Bernard M. Bass'],Open Library only,True,False,1985,,41.0,3.0,2.0,1.0,141.0,14.0,9.0,164.0,,,1,0,1,1,1,1,1,0,0,0,3,Enriched,8,10,2,25,Transformational Leadership,Clustered,Transformational Leadership,https://covers.openlibrary.org/b/id/18608-L.jpg
BOOK00009,A Higher Loyalty,"['James Comey', 'James B. Comey', 'James Comey']",Open Library only,True,False,2018,,8.0,4.3,10.0,9.0,20.0,0.0,14.0,34.0,,,1,1,1,1,1,1,1,0,0,0,4,Rich,10,145,135,3,Future Thinking and Personal Development,Clustered,Future Thinking and Personal Development,https://covers.openlibrary.org/b/id/10597437-L.jpg
BOOK00010,Leadership and Self Deception,"['The Arbinger Institute', 'Dick Ruhe']",Open Library only,True,False,2000,,26.0,4.1666665,6.0,31.0,65.0,4.0,10.0,79.0,,,1,1,1,1,1,1,1,0,0,0,4,Rich,9,84,75,13,General Business and Management,Clustered,General Business and Management,https://covers.openlibrary.org/b/id/831276-L.jpg
BOOK00011,Leadership,['Elesa Zehndorfer'],Open Library only,True,False,2013,,13.0,5.0,1.0,12.0,32.0,3.0,1.0,36.0,,,1,0,1,1,1,1,1,0,0,0,3,Enriched,3,36,33,13,General Business and Management,Clustered,General Business and Management,https://covers.openlibrary.org/b/id/13806636-L.jpg
BOOK00012,Leadership,"['Richard L. Hughes', 'Robert C. Ginnett', 'Gordon J Curphy', 'Richard Hughes', 'Robert Ginnett', 'Gordon Curphy', 'Gordon J. Curphy']",Open Library only,True,False,1993,,33.0,,,11.0,37.0,6.0,2.0,45.0,,,1,0,1,1,0,1,1,0,0,0,3,Enriched,19,39,20,13,General Business and Management,Clustered,General Business and Management,https://covers.openlibrary.org/b/id/63396-L.jpg
BOOK00013,Lincoln on Leadership,['Donald T. Phillips'],Open Library only,True,False,1992,,34.0,4.75,4.0,3.0,92.0,5.0,4.0,101.0,,,1,1,1,1,1,1,1,0,0,0,4,Rich,6,53,47,3,Future Thinking and Personal Development,Clustered,Future Thinking and Personal Development,https://covers.openlibrary.org/b/id/285557-L.jpg
BOOK00014,Leadership,['James MacGregor Burns'],Open Library only,True,False,1978,,48.0,5.0,1.0,4.0,59.0,3.0,0.0,62.0,,,1,1,1,1,1,1,1,0,0,0,4,Rich,4,50,46,25,Transformational Leadership,Clustered,Transformational Leadership,https://covers.openlibrary.org/b/id/4448837-L.jpg
BOOK00015,Leadership,['Robert N. Lussier'],Open Library only,True,False,2000,,26.0,4.5,4.0,5.0,48.0,4.0,1.0,53.0,,,1,0,1,1,1,1,1,0,0,0,3,Enriched,4,9,5,10,Leadership Development,Clustered,Leadership Development,https://covers.openlibrary.org/b/id/194497-L.jpg
BOOK00016,The leadership challenge,"['James M. Kouzes', 'Barry Z. Posner', 'Elaine Biech', 'Barry Posner']",Both,True,True,1987,,39.0,5.0,1.0,40.0,33.0,3.0,1.0,37.0,Hardcover,416.0,1,1,1,1,1,1,1,0,1,1,4,Rich,13,220,207,7,Broad Leadership and Success,Clustered,Broad Leadership and Success,https://covers.openlibrary.org/b/id/548022-L.jpg
BOOK00017,ORGANIZATIONAL CULTURE AND LEADERSHIP,"['Schein, Edgar H.', 'Peter Schein']",Open Library only,True,False,1991,,35.0,5.0,1.0,10.0,41.0,1.0,2.0,44.0,,,1,1,1,1,1,1,1,0,0,0,4,Rich,9,135,126,11,Organizational Culture and Trust,Clustered,Organizational Culture and Trust,https://covers.openlibrary.org/b/id/7905069-L.jpg
BOOK00018,Leadership,['Richard L. Hughes'],Open Library only,True,False,2012,,14.0,,,1.0,72.0,8.0,0.0,80.0,,,1,0,1,1,0,1,1,0,0,0,3,Enriched,4,5,1,25,Transformational Leadership,Clustered,Transformational Leadership,https://covers.openlibrary.org/b/id/9593539-L.jpg
BOOK00019,Leadership In Turbulent Times,"['Doris Kearns Goodwin', 'Doris Kearns Goodwin']",Open Library only,True,False,2018,,8.0,,,11.0,35.0,3.0,2.0,40.0,,,1,1,1,1,0,1,1,0,0,0,4,Rich,10,320,310,3,Future Thinking and Personal Development,Clustered,Future Thinking and Personal Development,https://covers.openlibrary.org/b/id/12373708-L.jpg
BOOK00020,Leadership,"['Michael Z. Hackman', 'Craig E. Johnson']",Open Library only,True,False,1991,,35.0,4.0,1.0,7.0,32.0,3.0,1.0,36.0,,,1,0,1,1,1,1,1,0,0,0,3,Enriched,7,43,36,13,General Business and Management,Clustered,General Business and Management,https://covers.openlibrary.org/b/id/833338-L.jpg
BOOK00021,Transformational Leadership,"['Bernard M. Bass', 'Ronald E. Riggio']",Open Library only,True,False,2005,,21.0,5.0,1.0,9.0,28.0,1.0,2.0,31.0,,,1,1,1,1,1,1,1,0,0,0,4,Rich,8,81,73,25,Transformational Leadership,Clustered,Transformational Leadership,https://covers.openlibrary.org/b/id/1522594-L.jpg
BOOK00022,Tribal leadership,"['David Logan', 'Dave Logan', 'John King', 'Halee Fischer-Wright', 'King, John, III', 'John King (undifferentiated)']",Open Library only,True,False,2007,,19.0,,,13.0,31.0,2.0,4.0,37.0,,,1,1,1,1,0,1,1,0,0,0,4,Rich,16,358,342,7,Broad Leadership and Success,Clustered,Broad Leadership and Success,https://covers.openlibrary.org/b/id/5506671-L.jpg
BOOK00023,Tough Minded Leadership,['Joe D. Batten'],Open Library only,True,False,1989,,37.0,5.0,1.0,3.0,32.0,2.0,1.0,35.0,,,1,0,1,1,1,1,1,0,0,0,3,Enriched,6,11,5,25,Transformational Leadership,Clustered,Transformational Leadership,https://covers.openlibrary.org/b/id/4068570-L.jpg
BOOK00024,Transforming Leadership,['James MacGregor Burns'],Open Library only,True,False,2003,,23.0,1.0,1.0,6.0,28.0,2.0,1.0,31.0,,,1,1,1,1,1,1,1,0,0,0,4,Rich,5,43,38,25,Transformational Leadership,Clustered,Transformational Leadership,https://covers.openlibrary.org/b/id/6635120-L.jpg
BOOK00025,Leadership,['Rudolph W. Giuliani'],Open Library only,True,False,2002,,24.0,,,5.0,21.0,2.0,1.0,24.0,,,1,0,1,1,0,1,1,0,0,0,3,Enriched,4,78,74,3,Future Thinking and Personal Development,Clustered,Future Thinking and Personal Development,https://covers.openlibrary.org/b/id/545838-L.jpg
BOOK00026,Transformation leadership,"['Bernard M. Bass', 'Ronald E. Riggio']",Open Library only,True,False,2005,,21.0,,,1.0,40.0,0.0,0.0,40.0,,,1,0,1,1,0,1,1,0,0,0,3,Enriched,8,18,10,9,Change Management,Clustered,Change Management,https://covers.openlibrary.org/b/id/1522595-L.jpg
BOOK00027,Las cinco disfunciones de un equipo,['Patrick Lencioni'],Open Library only,True,False,2002,,24.0,3.6,10.0,18.0,78.0,1.0,13.0,92.0,,,1,1,1,1,1,1,1,0,0,0,4,Rich,8,245,237,10,Leadership Development,Clustered,Leadership Development,https://covers.openlibrary.org/b/id/10863273-L.jpg
BOOK00028,The Tao of leadership,['John Heider'],Open Library only,True,False,1985,,41.0,5.0,1.0,14.0,42.0,5.0,1.0,48.0,,,1,0,1,1,1,1,1,0,0,0,3,Enriched,6,20,14,25,Transformational Leadership,Clustered,Transformational Leadership,https://covers.openlibrary.org/b/id/692190-L.jpg
BOOK00029,The student leadership challenge,"['James M. Kouzes', 'Barry Z. Posner', 'Beth High', 'Gary M. Morgan', 'Martin Tan']",Open Library only,True,False,2000,,26.0,,,39.0,12.0,1.0,0.0,13.0,,,1,1,1,1,0,1,1,0,0,0,4,Rich,17,116,99,7,Broad Leadership and Success,Clustered,Broad Leadership and Success,https://covers.openlibrary.org/b/id/9250811-L.jpg
BOOK00030,Reframing Organizations,['Lee G. Bolman'],Open Library only,True,False,1991,,35.0,,,36.0,27.0,1.0,1.0,29.0,,,1,1,1,1,0,1,1,0,0,0,4,Rich,5,236,231,1,Organizational Behavior,Clustered,Organizational Behavior,https://covers.openlibrary.org/b/id/549072-L.jpg
BOOK00031,Wooden on Leadership,['John Wooden'],Open Library only,True,False,2005,,21.0,5.0,1.0,3.0,36.0,1.0,2.0,39.0,,,1,1,1,1,1,1,1,0,0,0,4,Rich,5,182,177,7,Broad Leadership and Success,Clustered,Broad Leadership and Success,https://covers.openlibrary.org/b/id/60373-L.jpg
BOOK00032,Brand leadership,"['David A. Aaker', 'Erich Joachimsthaler']",Open Library only,True,False,2000,,26.0,,,5.0,31.0,1.0,0.0,32.0,,,1,0,1,1,0,1,1,0,0,0,3,Enriched,7,48,41,13,General Business and Management,Clustered,General Business and Management,https://covers.openlibrary.org/b/id/7290666-L.jpg
BOOK00033,SuperVision and Instructional Leadership,"['Carl D. Glickman', 'Stephen P. Gordon', 'Jovita M. Ross-Gordon']",Open Library only,True,False,2000,,26.0,5.0,2.0,15.0,19.0,1.0,3.0,23.0,,,1,0,1,1,1,1,1,0,0,0,3,Enriched,13,21,8,25,Transformational Leadership,Clustered,Transformational Leadership,https://covers.openlibrary.org/b/id/1145869-L.jpg
BOOK00034,Leadership,['Simon Western'],Open Library only,True,False,2007,,19.0,,,13.0,13.0,0.0,0.0,13.0,,,1,0,1,1,0,1,1,0,0,0,3,Enriched,3,7,4,25,Transformational Leadership,Clustered,Transformational Leadership,https://covers.openlibrary.org/b/id/2771147-L.jpg
BOOK00035,Leadership Strategy and Tactics,['Jocko Willink'],Open Library only,True,False,2020,,6.0,4.0,1.0,7.0,26.0,0.0,2.0,28.0,,,1,0,1,1,1,1,1,0,0,0,3,Enriched,6,23,17,27,Strategic Management and Planning,Clustered,Strategic Management and Planning,https://covers.openlibrary.org/b/id/9380709-L.jpg
BOOK00036,Leadership,['Henry Kissinger'],Both,True,True,2022,,4.0,,,10.0,26.0,0.0,1.0,27.0,Hardcover,400.0,1,0,1,1,0,1,1,0,1,1,3,Enriched,3,8,5,3,Future Thinking and Personal Development,Clustered,Future Thinking and Personal Development,https://covers.openlibrary.org/b/id/14249975-L.jpg
BOOK00037,Improving organizational effectiveness through transformational leadership,"['Bernard M. Bass', 'Bruce J. Avolio']",Open Library only,True,False,1994,,32.0,5.0,2.0,2.0,37.0,2.0,3.0,42.0,,,1,0,1,1,1,1,1,0,0,0,3,Enriched,12,15,3,25,Transformational Leadership,Clustered,Transformational Leadership,https://covers.openlibrary.org/b/id/1516336-L.jpg
BOOK00038,Introduction to Leadership,['Peter G. Northouse'],Open Library only,True,False,2011,,15.0,,,5.0,28.0,0.0,0.0,28.0,,,1,0,1,1,0,1,1,0,0,0,3,Enriched,6,7,1,25,Transformational Leadership,Clustered,Transformational Leadership,https://covers.openlibrary.org/b/id/8872957-L.jpg
BOOK00039,Teacher leadership,"['Ann Lieberman', 'Lynne Miller']",Open Library only,True,False,1950,,76.0,,,7.0,12.0,1.0,0.0,13.0,,,1,0,1,1,0,1,1,0,0,0,3,Enriched,6,15,9,25,Transformational Leadership,Clustered,Transformational Leadership,https://covers.openlibrary.org/b/id/1482285-L.jpg
BOOK00040,HR leadership,['Linda Holbeche'],Open Library only,True,False,2010,,16.0,,,8.0,12.0,0.0,0.0,12.0,,,1,1,1,1,0,1,1,0,0,0,4,Rich,4,341,337,7,Broad Leadership and Success,Clustered,Broad Leadership and Success,https://covers.openlibrary.org/b/id/9270506-L.jpg
BOOK00041,Leadership in health care,"['Jill Barr', 'Lesley L Dowding']",Open Library only,True,False,2008,,18.0,,,16.0,12.0,0.0,0.0,12.0,,,1,0,1,1,0,1,1,0,0,0,3,Enriched,9,38,29,11,Organizational Culture and Trust,Clustered,Organizational Culture and Trust,https://covers.openlibrary.org/b/id/2771103-L.jpg
BOOK00042,Organizational culture and leadership,"['Schein, Edgar H.']",Open Library only,True,False,1985,,41.0,4.0,1.0,5.0,22.0,4.0,1.0,27.0,,,1,1,1,1,1,1,1,0,0,0,4,Rich,7,44,37,1,Organizational Behavior,Clustered,Organizational Behavior,https://covers.openlibrary.org/b/id/774364-L.jpg
BOOK00043,Leadership and the one minute manager,"['Kenneth H. Blanchard', 'Patricia Zigarmi', 'Drea Zigarmi']",Open Library only,True,False,1985,,41.0,4.3333335,3.0,7.0,23.0,2.0,4.0,29.0,,,1,1,1,1,1,1,1,0,0,0,4,Rich,13,294,281,7,Broad Leadership and Success,Clustered,Broad Leadership and Success,https://covers.openlibrary.org/b/id/6440265-L.jpg
BOOK00044,School leadership and administration,"['Richard A. Gorton', 'Judy A. Alston', 'Petra E. Snowden']",Open Library only,True,False,1987,,39.0,5.0,2.0,7.0,15.0,3.0,2.0,20.0,,,1,0,1,1,1,1,1,0,0,0,3,Enriched,13,39,26,3,Future Thinking and Personal Development,Clustered,Future Thinking and Personal Development,https://covers.openlibrary.org/b/id/8339443-L.jpg
BOOK00045,Leadership Is an Art,['Max DePree'],Open Library only,True,False,1989,,37.0,,,7.0,14.0,1.0,1.0,16.0,,,1,1,1,1,0,1,1,0,0,0,4,Rich,6,26,20,25,Transformational Leadership,Clustered,Transformational Leadership,https://covers.openlibrary.org/b/id/4610906-L.jpg
BOOK00046,Small unit leadership,['Dandridge M. Malone'],Open Library only,True,False,1983,,43.0,5.0,1.0,2.0,23.0,1.0,0.0,24.0,,,1,0,1,1,1,1,1,0,0,0,3,Enriched,6,17,11,25,Transformational Leadership,Clustered,Transformational Leadership,https://covers.openlibrary.org/b/id/689071-L.jpg
BOOK00047,Leadership Wisdom from the Monk Who Sold His Ferrari,['Robin S. Sharma'],Open Library only,True,False,1998,,28.0,3.6666667,3.0,22.0,63.0,7.0,4.0,74.0,,,1,0,1,1,1,1,1,0,0,0,3,Enriched,12,35,23,13,General Business and Management,Clustered,General Business and Management,https://covers.openlibrary.org/b/id/1835-L.jpg
BOOK00048,Monday morning leadership,['David Cottrell'],Open Library only,True,False,2002,,24.0,3.5,2.0,1.0,102.0,5.0,5.0,112.0,,,1,0,1,1,1,1,1,0,0,0,3,Enriched,5,11,6,25,Transformational Leadership,Clustered,Transformational Leadership,https://covers.openlibrary.org/b/id/737408-L.jpg
BOOK00049,Leadership for dummies,['Marshall Loeb'],Open Library only,True,False,1999,,27.0,,,3.0,17.0,2.0,0.0,19.0,,,1,0,1,1,0,1,1,0,0,0,3,Enriched,5,8,3,19,Executive Leadership,Clustered,Executive Leadership,https://covers.openlibrary.org/b/id/521724-L.jpg
BOOK00050,Leadership,['Peter Guy Northouse'],Open Library only,True,False,2010,,16.0,,,2.0,15.0,2.0,1.0,18.0,,,1,1,1,1,0,1,1,0,0,0,4,Rich,4,135,131,7,Broad Leadership and Success,Clustered,Broad Leadership and Success,https://covers.openlibrary.org/b/id/9280852-L.jpg
BOOK00051,Curriculum leadership,"['Allan A. Glatthorn', 'Floyd Boschee', 'Bruce M. Whitehead']",Open Library only,True,False,1987,,39.0,,,4.0,10.0,2.0,0.0,12.0,,,1,1,1,1,0,1,1,0,0,0,4,Rich,10,63,53,3,Future Thinking and Personal Development,Clustered,Future Thinking and Personal Development,https://covers.openlibrary.org/b/id/4174269-L.jpg
BOOK00052,Transformational leadership development,['Bernard M. Bass'],Open Library only,True,False,1990,,36.0,1.0,1.0,1.0,11.0,1.0,0.0,12.0,,,1,0,1,0,1,1,1,0,0,0,3,Enriched,6,18,12,10,Leadership Development,Clustered,Leadership Development,
BOOK00053,Full range leadership development,['Bruce J. Avolio'],Open Library only,True,False,2010,,16.0,,,4.0,5.0,1.0,0.0,6.0,,,1,0,1,1,0,1,1,0,0,0,3,Enriched,7,8,1,10,Leadership Development,Clustered,Leadership Development,https://covers.openlibrary.org/b/id/14380960-L.jpg
BOOK00054,Leadership Development in Balance,['Bruce J. Avolio'],Open Library only,True,False,2004,,22.0,,,7.0,2.0,0.0,0.0,2.0,,,1,0,0,1,0,1,1,0,0,0,2,Basic,7,7,0,10,Leadership Development,Clustered,Leadership Development,https://covers.openlibrary.org/b/id/5370739-L.jpg
BOOK00055,Full range leadership development,['John J. Sosik'],Open Library only,True,False,2010,,16.0,,,8.0,2.0,0.0,0.0,2.0,,,1,0,1,1,0,1,1,0,0,0,3,Enriched,7,31,24,13,General Business and Management,Clustered,General Business and Management,https://covers.openlibrary.org/b/id/9233648-L.jpg
BOOK00056,Leadership Development,['Kevin Flinn'],Open Library only,True,False,2018,,8.0,,,6.0,1.0,0.0,0.0,1.0,,,1,0,1,1,0,1,1,0,0,0,3,Enriched,4,17,13,13,General Business and Management,Clustered,General Business and Management,https://covers.openlibrary.org/b/id/9234954-L.jpg
BOOK00057,Leadership development basics,['Karen Lawson'],Open Library only,True,False,2008,,18.0,,,3.0,2.0,0.0,0.0,2.0,,,1,0,1,0,0,1,1,0,0,0,3,Enriched,5,6,1,10,Leadership Development,Clustered,Leadership Development,
BOOK00058,Leadership development,['Rosemary Ryan'],Open Library only,True,False,2008,,18.0,,,8.0,,,,,,,1,0,1,1,0,0,1,0,0,0,3,Enriched,4,20,16,10,Leadership Development,Clustered,Leadership Development,https://covers.openlibrary.org/b/id/5346473-L.jpg
BOOK00059,The Center for Creative Leadership handbook of leadership development,"['Cynthia D. McCauley', 'Ellen Van Velsor']",Open Library only,True,False,2003,,23.0,,,5.0,2.0,0.0,0.0,2.0,,,1,1,1,1,0,1,1,0,0,0,4,Rich,15,42,27,10,Leadership Development,Clustered,Leadership Development,https://covers.openlibrary.org/b/id/10216345-L.jpg
BOOK00060,Applied leadership development,['Al Bolea'],Open Library only,True,False,2015,,11.0,,,5.0,1.0,0.0,0.0,1.0,,,1,0,1,0,0,1,1,0,0,0,3,Enriched,5,6,1,10,Leadership Development,Clustered,Leadership Development,
BOOK00061,Full leadership development,['Bruce J. Avolio'],Open Library only,True,False,1999,,27.0,,,1.0,4.0,0.0,0.0,4.0,,,1,0,1,1,0,1,1,0,0,0,3,Enriched,6,11,5,10,Leadership Development,Clustered,Leadership Development,https://covers.openlibrary.org/b/id/3740918-L.jpg
BOOK00062,Implementing problem-based learning in leadership development,['Edwin M. Bridges'],Open Library only,True,False,1995,,31.0,,,2.0,3.0,0.0,0.0,3.0,,,1,0,1,1,0,1,1,0,0,0,3,Enriched,9,44,35,10,Leadership Development,Clustered,Leadership Development,https://covers.openlibrary.org/b/id/8141864-L.jpg
BOOK00063,Leadership Development Studies,"['Monika Byrd', 'Susan Edwards']",Open Library only,True,False,2014,,12.0,,,1.0,2.0,1.0,0.0,3.0,,,1,0,1,1,0,1,1,0,0,0,3,Enriched,7,9,2,10,Leadership Development,Clustered,Leadership Development,https://covers.openlibrary.org/b/id/10478961-L.jpg
BOOK00064,The making of a leader,['J. Robert Clinton'],Open Library only,True,False,1988,,38.0,5.0,1.0,2.0,5.0,1.0,3.0,9.0,,,1,0,1,1,1,1,1,0,0,0,3,Enriched,8,10,2,5,Leader Identity and Practice,Clustered,Leader Identity and Practice,https://covers.openlibrary.org/b/id/688500-L.jpg
BOOK00065,Accelerating Leadership Development,['Jocelyn Berard'],Open Library only,True,False,2013,,13.0,2.0,1.0,4.0,0.0,0.0,1.0,1.0,,,1,0,1,1,1,1,1,0,0,0,3,Enriched,5,24,19,13,General Business and Management,Clustered,General Business and Management,https://covers.openlibrary.org/b/id/9042094-L.jpg
BOOK00066,Innovations in public leadership development,['Terry F. Buss'],Open Library only,True,False,2008,,18.0,,,8.0,,,,,,,1,0,1,1,0,0,1,0,0,0,3,Enriched,8,20,12,10,Leadership Development,Clustered,Leadership Development,https://covers.openlibrary.org/b/id/8662994-L.jpg
BOOK00067,College Student Leadership Development,['Valerie I. Sessa'],Open Library only,True,False,2017,,9.0,,,4.0,1.0,0.0,0.0,1.0,,,1,0,1,0,0,1,1,0,0,0,3,Enriched,7,10,3,10,Leadership Development,Clustered,Leadership Development,
BOOK00068,The Center for Creative Leadership handbook of leadership development,['Ellen Van Velsor'],Open Library only,True,False,2010,,16.0,,,2.0,2.0,0.0,0.0,2.0,,,1,1,1,1,0,1,1,0,0,0,4,Rich,12,68,56,10,Leadership Development,Clustered,Leadership Development,https://covers.openlibrary.org/b/id/9271912-L.jpg
BOOK00069,Leadership development program,['Frances A. Karnes'],Open Library only,True,False,2000,,26.0,,,2.0,1.0,0.0,0.0,1.0,,,1,0,1,1,0,1,1,0,0,0,3,Enriched,6,10,4,10,Leadership Development,Clustered,Leadership Development,https://covers.openlibrary.org/b/id/1664894-L.jpg
BOOK00070,Servant Leadership,"['Dirk van Dierendonck', 'K. Patterson']",Open Library only,True,False,2010,,16.0,,,4.0,2.0,0.0,0.0,2.0,,,1,0,1,0,0,1,1,0,0,0,3,Enriched,7,8,1,8,Servant Leadership,Clustered,Servant Leadership,
BOOK00071,Real time leadership development,['Paul R. Yost'],Open Library only,True,False,2009,,17.0,,,5.0,,,,,,,1,0,1,1,0,0,1,0,0,0,3,Enriched,7,10,3,10,Leadership Development,Clustered,Leadership Development,https://covers.openlibrary.org/b/id/9500224-L.jpg
BOOK00072,Leading Small Business,"['Steve Kempster', 'Sue Smith']",Open Library only,True,False,2015,,11.0,,,4.0,2.0,0.0,0.0,2.0,,,1,0,1,1,0,1,1,0,0,0,3,Enriched,7,25,18,13,General Business and Management,Clustered,General Business and Management,https://covers.openlibrary.org/b/id/13256671-L.jpg
BOOK00073,Women's Leadership Development,['Gelaye Debebe'],Open Library only,True,False,2019,,7.0,,,6.0,,,,,,,1,0,1,0,0,0,1,0,0,0,3,Enriched,5,46,41,10,Leadership Development,Clustered,Leadership Development,
BOOK00074,Leadership Development,['Manuel London'],Open Library only,True,False,2001,,25.0,,,4.0,2.0,0.0,0.0,2.0,,,1,0,1,1,0,1,1,0,0,0,3,Enriched,4,20,16,10,Leadership Development,Clustered,Leadership Development,https://covers.openlibrary.org/b/id/5363384-L.jpg
BOOK00075,Accelerated Leadership Development,['Ines Wichert'],Open Library only,True,False,2018,,8.0,,,2.0,2.0,0.0,0.0,2.0,,,1,0,1,1,0,1,1,0,0,0,3,Enriched,5,6,1,10,Leadership Development,Clustered,Leadership Development,https://covers.openlibrary.org/b/id/8842072-L.jpg
BOOK00076,Business Leadership Development in China,"['Shuang Ren', 'Robert Wood', 'Ying Zhu']",Open Library only,True,False,2015,,11.0,,,7.0,,,,,,,1,0,1,1,0,0,1,0,0,0,3,Enriched,11,29,18,13,General Business and Management,Clustered,General Business and Management,https://covers.openlibrary.org/b/id/8952359-L.jpg
BOOK00077,Leadership for a Better World,"['Susan R. Komives', 'Wendy Wagner']",Open Library only,True,False,2012,,14.0,,,6.0,3.0,0.0,0.0,3.0,,,1,0,1,0,0,1,1,0,0,0,3,Enriched,10,36,26,7,Broad Leadership and Success,Clustered,Broad Leadership and Success,
BOOK00078,Future of Leadership Development,"['Susan Elaine Murphy', 'Ronald E. Riggio']",Open Library only,True,False,2003,,23.0,,,6.0,,,,,,,1,0,1,0,0,0,1,0,0,0,3,Enriched,10,11,1,10,Leadership Development,Clustered,Leadership Development,
BOOK00079,Curriculum Leadership Development,['Carol A. Mullen'],Open Library only,True,False,2012,,14.0,,,6.0,,,,,,,1,0,1,0,0,0,1,0,0,0,3,Enriched,6,10,4,10,Leadership Development,Clustered,Leadership Development,
BOOK00080,The handbook for student leadership development,['Susan R. Komives'],Open Library only,True,False,2011,,15.0,,,1.0,3.0,0.0,0.0,3.0,,,1,1,1,1,0,1,1,0,0,0,4,Rich,9,128,119,10,Leadership Development,Clustered,Leadership Development,https://covers.openlibrary.org/b/id/9296574-L.jpg
BOOK00081,Leadership Development,['Manuel London'],Open Library only,True,False,2001,,25.0,,,5.0,,,,,,,1,0,0,0,0,0,1,0,0,0,2,Basic,4,4,0,10,Leadership Development,Clustered,Leadership Development,
BOOK00082,Servant Leadership Development,['Janine Williams'],Open Library only,True,False,2021,,5.0,,,1.0,2.0,0.0,0.0,2.0,,,1,0,0,0,0,1,1,0,0,0,2,Basic,5,5,0,8,Servant Leadership,Clustered,Servant Leadership,
BOOK00083,Full range leadership development,['Bruce J. Avolio'],Open Library only,True,False,2011,,15.0,,,1.0,2.0,0.0,0.0,2.0,,,1,0,1,0,0,1,1,0,0,0,3,Enriched,7,8,1,10,Leadership Development,Clustered,Leadership Development,
BOOK00084,The Art of Christian Leadership,['Jon Byler'],Open Library only,True,False,2009,,17.0,,,3.0,4.0,0.0,0.0,4.0,,,1,0,0,1,0,1,1,0,0,0,2,Basic,7,7,0,25,Transformational Leadership,Clustered,Transformational Leadership,https://covers.openlibrary.org/b/id/8918406-L.jpg
BOOK00085,Community Leadership Development,['Mark A. Brennan'],Open Library only,True,False,2014,,12.0,,,5.0,,,,,,,1,0,1,0,0,0,1,0,0,0,3,Enriched,6,8,2,10,Leadership Development,Clustered,Leadership Development,
BOOK00086,Ethical leadership,"['Stephen Connock', 'Ted Johns']",Open Library only,True,False,1995,,31.0,,,1.0,2.0,0.0,0.0,2.0,,,1,0,1,1,0,1,1,0,0,0,3,Enriched,6,16,10,28,CEO and Executive Transformation,Clustered,CEO and Executive Transformation,https://covers.openlibrary.org/b/id/12689128-L.jpg
BOOK00087,Leadership development,['Lee Barr'],Open Library only,True,False,1994,,32.0,,,1.0,1.0,0.0,0.0,1.0,,,1,0,1,1,0,1,1,0,0,0,3,Enriched,4,9,5,10,Leadership Development,Clustered,Leadership Development,https://covers.openlibrary.org/b/id/3944180-L.jpg
BOOK00088,Phi Theta Kappa leadership development program,['Carlene S. Feldman'],Open Library only,True,False,1996,,30.0,,,2.0,1.0,0.0,0.0,1.0,,,1,0,1,0,0,1,1,0,0,0,3,Enriched,9,14,5,10,Leadership Development,Clustered,Leadership Development,
BOOK00089,Best practices in leadership development and organization change,"['Louis Carter', 'David Ulrich', 'Marshall Goldsmith']",Open Library only,True,False,2004,,22.0,,,5.0,1.0,0.0,0.0,1.0,,,1,1,1,1,0,1,1,0,0,0,4,Rich,14,71,57,10,Leadership Development,Clustered,Leadership Development,https://covers.openlibrary.org/b/id/8622823-L.jpg
BOOK00090,Collaborative leadership,['Hank Rubin'],Open Library only,True,False,2002,,24.0,,,5.0,1.0,0.0,0.0,1.0,,,1,0,1,1,0,1,1,0,0,0,3,Enriched,4,14,10,3,Future Thinking and Personal Development,Clustered,Future Thinking and Personal Development,https://covers.openlibrary.org/b/id/1431839-L.jpg
BOOK00091,Transnational leadership development,['Beth Fisher-Yoshida'],Open Library only,True,False,2009,,17.0,,,4.0,1.0,0.0,0.0,1.0,,,1,0,1,1,0,1,1,0,0,0,3,Enriched,5,30,25,13,General Business and Management,Clustered,General Business and Management,https://covers.openlibrary.org/b/id/9272865-L.jpg
BOOK00092,Distributed School Leadership,['Alma Harris'],Open Library only,True,False,2008,,18.0,,,3.0,1.0,0.0,0.0,1.0,,,1,0,1,1,0,1,1,0,0,0,3,Enriched,5,17,12,25,Transformational Leadership,Clustered,Transformational Leadership,https://covers.openlibrary.org/b/id/12532970-L.jpg
BOOK00093,Leadership Development,['Ideal Curtis'],Open Library only,True,False,2011,,15.0,,,3.0,,,,,,,1,0,0,0,0,0,1,0,0,0,2,Basic,4,4,0,10,Leadership Development,Clustered,Leadership Development,
BOOK00094,Management and leadership development,"['Christopher Mabey', 'Tim Finch Lees']",Open Library only,True,False,2007,,19.0,,,3.0,,,,,,,1,0,1,1,0,0,1,0,0,0,3,Enriched,9,18,9,10,Leadership Development,Clustered,Leadership Development,https://covers.openlibrary.org/b/id/5156507-L.jpg
BOOK00095,The Pfeiffer book of successful leadership development tools,['Jack Gordon'],Open Library only,True,False,2007,,19.0,,,3.0,0.0,1.0,0.0,1.0,,,1,1,1,1,0,1,1,0,0,0,4,Rich,10,28,18,10,Leadership Development,Clustered,Leadership Development,https://covers.openlibrary.org/b/id/2424171-L.jpg
BOOK00096,Leadership development,['Abdullahi Sheikh Ali'],Open Library only,True,False,1980,,46.0,,,1.0,1.0,0.0,0.0,1.0,,,1,0,0,0,0,1,1,0,0,0,2,Basic,5,5,0,10,Leadership Development,Clustered,Leadership Development,
BOOK00097,Foundations of Educational Leadership,['Jeffrey S. Brooks'],Open Library only,True,False,2017,,9.0,,,6.0,1.0,0.0,0.0,1.0,,,1,0,1,1,0,1,1,0,0,0,3,Enriched,7,9,2,25,Transformational Leadership,Clustered,Transformational Leadership,https://covers.openlibrary.org/b/id/8874009-L.jpg
BOOK00098,Strategic leadership development,['Jeff Stouffer'],Open Library only,True,False,2007,,19.0,,,1.0,1.0,0.0,0.0,1.0,,,1,0,1,1,0,1,1,0,0,0,3,Enriched,5,18,13,10,Leadership Development,Clustered,Leadership Development,https://covers.openlibrary.org/b/id/11722014-L.jpg
BOOK00099,Executive Leadership,['Albert Ellis'],Open Library only,True,False,1972,,54.0,5.0,1.0,3.0,8.0,2.0,2.0,12.0,,,1,0,1,1,1,1,1,0,0,0,3,Enriched,4,5,1,19,Executive Leadership,Clustered,Executive Leadership,https://covers.openlibrary.org/b/id/8481928-L.jpg
BOOK00100,Executive leadership,"['Elliott Jaques', 'Stephen D. Clement']",Open Library only,True,False,1991,,35.0,,,5.0,3.0,0.0,0.0,3.0,,,1,0,1,1,0,1,1,0,0,0,3,Enriched,7,26,19,19,Executive Leadership,Clustered,Executive Leadership,https://covers.openlibrary.org/b/id/5171811-L.jpg
BOOK00101,Executive leadership,['Chris Argyris'],Open Library only,True,False,1953,,73.0,,,6.0,1.0,0.0,0.0,1.0,,,1,0,1,1,0,1,1,0,0,0,3,Enriched,4,10,6,19,Executive Leadership,Clustered,Executive Leadership,https://covers.openlibrary.org/b/id/9852661-L.jpg
BOOK00102,Executive Leadership,['Joseph Olmstead'],Open Library only,True,False,2010,,16.0,,,6.0,,,,,,,1,1,1,1,0,0,1,0,0,0,4,Rich,4,139,135,13,General Business and Management,Clustered,General Business and Management,https://covers.openlibrary.org/b/id/6428266-L.jpg
BOOK00103,Executive leadership,['Bureau of Business Practice.'],Open Library only,True,False,1940,,86.0,,,1.0,1.0,0.0,0.0,1.0,,,1,0,1,0,0,1,1,0,0,0,3,Enriched,6,11,5,19,Executive Leadership,Clustered,Executive Leadership,
BOOK00104,Effective Executive,"['Peter F. Drucker', 'Joseph A. Maciariello', 'Jim Collins', 'Tim Andres Pabon', 'Zachary First']",Open Library only,True,False,1967,,59.0,3.625,8.0,43.0,145.0,10.0,15.0,170.0,,,1,1,1,1,1,1,1,0,0,0,4,Rich,15,149,134,13,General Business and Management,Clustered,General Business and Management,https://covers.openlibrary.org/b/id/4941284-L.jpg
BOOK00105,Executive Leadership for Effective Administration,['M. Scott Norton'],Open Library only,True,False,2004,,22.0,,,2.0,1.0,0.0,0.0,1.0,,,1,0,1,1,0,1,1,0,0,0,3,Enriched,8,11,3,19,Executive Leadership,Clustered,Executive Leadership,https://covers.openlibrary.org/b/id/1145917-L.jpg
BOOK00106,Executive Leadership and Legislative Assemblies,['Nicholas D. J. Baldwin'],Open Library only,True,False,2014,,12.0,,,5.0,,,,,,,1,0,1,0,0,0,1,0,0,0,3,Enriched,9,13,4,19,Executive Leadership,Clustered,Executive Leadership,
BOOK00107,The Palestinian executive,['Farid A. Muna'],Open Library only,True,False,2012,,14.0,,,5.0,,,,,,,1,0,1,1,0,0,1,0,0,0,3,Enriched,6,15,9,19,Executive Leadership,Clustered,Executive Leadership,https://covers.openlibrary.org/b/id/13154269-L.jpg
BOOK00108,Executive Leadership Council Journal,"['The Executive Leadership Council', 'The Executive Leadership Council']",Open Library only,True,False,2020,,6.0,,,4.0,0.0,0.0,0.0,0.0,,,1,0,1,0,0,1,1,0,0,0,3,Enriched,12,13,1,19,Executive Leadership,Clustered,Executive Leadership,
BOOK00109,The Development of Executive Leadership,['Marvin Bower'],Open Library only,True,False,1949,,77.0,,,3.0,,,,,,,1,0,0,1,0,0,1,0,0,0,2,Basic,7,7,0,19,Executive Leadership,Clustered,Executive Leadership,https://covers.openlibrary.org/b/id/9018164-L.jpg
BOOK00110,Executive Leadership,['Nathan Axelrod'],Open Library only,True,False,1969,,57.0,,,3.0,0.0,0.0,0.0,0.0,,,1,0,1,0,0,1,1,0,0,0,3,Enriched,4,7,3,19,Executive Leadership,Clustered,Executive Leadership,
BOOK00111,Legislative liaison; executive leadership in Congress,['abraham holtzman'],Open Library only,True,False,1970,,56.0,,,3.0,,,,,,,1,0,0,0,0,0,1,0,0,0,2,Basic,8,8,0,19,Executive Leadership,Clustered,Executive Leadership,
BOOK00112,Principles and problems of executive leadership,['Joseph Leo Krieger'],Open Library only,True,False,1956,,70.0,,,2.0,0.0,0.0,0.0,0.0,,,1,0,1,0,0,1,1,0,0,0,3,Enriched,9,10,1,19,Executive Leadership,Clustered,Executive Leadership,
BOOK00113,The technique of executive leadership,['James Frederick Bender'],Open Library only,True,False,1950,,76.0,,,2.0,,,,,,,1,0,1,0,0,0,1,0,0,0,3,Enriched,8,13,5,19,Executive Leadership,Clustered,Executive Leadership,
BOOK00114,The development of executive leadership,['Marvin Bower'],Open Library only,True,False,1949,,77.0,,,2.0,,,,,,,1,0,1,1,0,0,1,0,0,0,3,Enriched,7,10,3,19,Executive Leadership,Clustered,Executive Leadership,https://covers.openlibrary.org/b/id/14944235-L.jpg
BOOK00115,Executive leadership,['Phillip Donald Grub'],Open Library only,True,False,1969,,57.0,,,2.0,,,,,,,1,0,1,1,0,0,1,0,0,0,3,Enriched,5,10,5,19,Executive Leadership,Clustered,Executive Leadership,https://covers.openlibrary.org/b/id/14957583-L.jpg
BOOK00116,Chief nursing executives' leadership style and effectiveness,['Pamela R. Cronrath'],Open Library only,True,False,1990,,36.0,,,1.0,0.0,0.0,1.0,1.0,,,1,0,1,0,0,1,1,0,0,0,3,Enriched,10,16,6,25,Transformational Leadership,Clustered,Transformational Leadership,
BOOK00117,Navigate,"['Casey Kroll', 'Judi Williams', 'Rahul Dogra', 'Jacqui Malpass']",Open Library only,True,False,2015,,11.0,,,2.0,,,,,,,1,0,0,0,0,0,1,0,0,0,2,Basic,9,9,0,7,Broad Leadership and Success,Clustered,Broad Leadership and Success,
BOOK00118,Executive leadership in a dynamic society,"['Ralph Currier Davis Management Symposium (1964 Ohio State University, Columbus)']",Open Library only,True,False,1964,,62.0,,,2.0,,,,,,,1,0,1,0,0,0,1,0,0,0,3,Enriched,16,17,1,19,Executive Leadership,Clustered,Executive Leadership,
BOOK00119,Executive leadership in Anglo-American systems,"['Campbell, Colin', 'Margaret Jane Wyszomirski']",Open Library only,True,False,1991,,35.0,0.0,0.0,2.0,0.0,0.0,0.0,0.0,,,1,0,1,1,1,1,1,0,0,0,3,Enriched,10,22,12,19,Executive Leadership,Clustered,Executive Leadership,https://covers.openlibrary.org/b/id/11629350-L.jpg
BOOK00120,The focused executive,['Virginia Mansell'],Open Library only,True,False,2014,,12.0,,,1.0,2.0,0.0,0.0,2.0,,,1,0,1,1,0,1,1,0,0,0,3,Enriched,5,11,6,19,Executive Leadership,Clustered,Executive Leadership,https://covers.openlibrary.org/b/id/12939448-L.jpg
BOOK00121,Executive leadership,['William N. Egan'],Open Library only,True,False,1960,,66.0,,,1.0,0.0,0.0,0.0,0.0,,,1,0,1,0,0,1,1,0,0,0,3,Enriched,5,7,2,19,Executive Leadership,Clustered,Executive Leadership,
BOOK00122,Executive Leadership,['Miles Garrett'],Open Library only,True,False,2024,,2.0,0.0,0.0,1.0,0.0,0.0,0.0,0.0,,,1,0,1,0,1,1,1,0,0,0,3,Enriched,4,9,5,19,Executive Leadership,Clustered,Executive Leadership,
BOOK00123,Executive leadership.,[],Open Library only,True,False,1987,,39.0,,,1.0,,,,,,,0,0,1,0,0,0,1,0,0,0,2,Basic,2,21,19,19,Executive Leadership,Clustered,Executive Leadership,
BOOK00124,Executive leadership,['Edutext.'],Open Library only,True,False,1971,,55.0,,,1.0,,,,,,,1,0,0,0,0,0,1,0,0,0,2,Basic,3,3,0,19,Executive Leadership,Clustered,Executive Leadership,
BOOK00125,Executive Leadership,['Ph D. Joseph Olmstead'],Open Library only,True,False,2010,,16.0,,,1.0,,,,,,,1,0,1,0,0,0,1,0,0,0,3,Enriched,6,7,1,19,Executive Leadership,Clustered,Executive Leadership,
BOOK00126,Executive leadership,['Joseph A. Olmstead'],Open Library only,True,False,2000,,26.0,,,1.0,,,,,,,1,0,1,1,0,0,1,0,0,0,3,Enriched,5,6,1,19,Executive Leadership,Clustered,Executive Leadership,https://covers.openlibrary.org/b/id/1629853-L.jpg
BOOK00127,Executive Leadership in Nonprofit Organizations,"['Robert D. Herman & Associates', 'Richard D. Heimovics']",Open Library only,True,False,1991,,35.0,,,2.0,,,,,,,1,1,1,0,0,0,1,0,0,0,4,Rich,13,39,26,19,Executive Leadership,Clustered,Executive Leadership,
BOOK00128,Executive Leadership Series,['Alan C. Walter'],Open Library only,True,False,1996,,30.0,,,1.0,,,,,,,1,0,0,1,0,0,1,0,0,0,2,Basic,6,6,0,19,Executive Leadership,Clustered,Executive Leadership,https://covers.openlibrary.org/b/id/2927622-L.jpg
BOOK00129,Police Executive Leadership,['Donald G. Hanna'],Open Library only,True,False,1990,,36.0,,,1.0,,,,,,,1,0,0,1,0,0,1,0,0,0,2,Basic,6,6,0,19,Executive Leadership,Clustered,Executive Leadership,https://covers.openlibrary.org/b/id/1627049-L.jpg
BOOK00130,"Presidents, Prime Ministers and Chancellors",['Ludger Helms'],Open Library only,True,False,2004,,22.0,,,3.0,1.0,0.0,0.0,1.0,,,1,0,1,1,0,1,1,0,0,0,3,Enriched,7,15,8,22,Power and Influence,Clustered,Power and Influence,https://covers.openlibrary.org/b/id/1744447-L.jpg
BOOK00131,Presidential Administration and the Environment,['David M. Shafie'],Open Library only,True,False,2013,,13.0,,,7.0,,,,,,,1,1,1,1,0,0,1,0,0,0,4,Rich,8,373,365,3,Future Thinking and Personal Development,Clustered,Future Thinking and Personal Development,https://covers.openlibrary.org/b/id/14340877-L.jpg
BOOK00132,Executive leadership,['Mary E. Tramel'],Open Library only,True,False,1981,,45.0,,,1.0,,,,,,,1,0,1,1,0,0,1,0,0,0,3,Enriched,5,7,2,19,Executive Leadership,Clustered,Executive Leadership,https://covers.openlibrary.org/b/id/9802610-L.jpg
BOOK00133,Development of Executive Leadership,['Marvin Bower'],Open Library only,True,False,1949,,77.0,,,1.0,,,,,,,1,0,1,0,0,0,1,0,0,0,3,Enriched,6,9,3,19,Executive Leadership,Clustered,Executive Leadership,
BOOK00134,Models and theories of executive leadership,['Stephen J. Zaccaro'],Open Library only,True,False,1996,,30.0,,,2.0,,,,,,,1,0,1,0,0,0,1,0,0,0,3,Enriched,9,12,3,19,Executive Leadership,Clustered,Executive Leadership,
BOOK00135,Legislative liaison; executive leadership in Congress,['Abraham Holtzman'],Open Library only,True,False,1970,,56.0,,,1.0,,,,,,,1,0,1,1,0,0,1,0,0,0,3,Enriched,8,16,8,19,Executive Leadership,Clustered,Executive Leadership,https://covers.openlibrary.org/b/id/15002351-L.jpg
BOOK00136,Reset Your Thinking Before Presenting to Executive Leadership,['P. J. Pierce'],Open Library only,True,False,2020,,6.0,,,2.0,,,,,,,1,0,1,0,0,0,1,0,0,0,3,Enriched,11,12,1,19,Executive Leadership,Clustered,Executive Leadership,
BOOK00137,Executive leadership through communication,['Barry Lenson'],Open Library only,True,False,1990,,36.0,,,1.0,,,,,,,1,0,1,0,0,0,1,0,0,0,3,Enriched,6,12,6,6,Communication,Clustered,Communication,
BOOK00138,Executive leadership in a dynamic society,['Ralph Currier Davis Management Symposium (1964 Ohio State University)'],Open Library only,True,False,1966,,60.0,,,1.0,,,,,,,1,0,0,0,0,0,1,0,0,0,2,Basic,15,15,0,19,Executive Leadership,Clustered,Executive Leadership,
BOOK00139,Executive leadership and organizational outcomes,['Elaine Romanelli'],Open Library only,True,False,1983,,43.0,,,1.0,,,,,,,1,0,0,0,0,0,1,0,0,0,2,Basic,7,7,0,19,Executive Leadership,Clustered,Executive Leadership,
BOOK00140,Human nature and management,['Ordway Tead'],Open Library only,True,False,1929,,97.0,,,3.0,,,,,,,1,0,1,1,0,0,1,0,0,0,3,Enriched,6,12,6,20,Human Resource Management,Clustered,Human Resource Management,https://covers.openlibrary.org/b/id/4419212-L.jpg
BOOK00141,NURSE EXECUTIVES: LEADERSHIP/POWER MOTIVATION AND LEADERSHIP EFFECTIVENESS,['Melinda Crenshaw Henderson'],Open Library only,True,False,1988,,38.0,,,1.0,,,,,,,1,0,1,0,0,0,1,0,0,0,3,Enriched,10,16,6,25,Transformational Leadership,Clustered,Transformational Leadership,
BOOK00142,executive leadership course volume 3,[],Open Library only,True,False,1963,,63.0,,,1.0,,,,,,,0,0,0,0,0,0,1,0,0,0,1,Minimal,5,5,0,19,Executive Leadership,Clustered,Executive Leadership,
BOOK00143,Dinosaur Tracks (Executive Leadership Series),['Ph. D. Keith Mathis'],Open Library only,True,False,2004,,22.0,,,1.0,,,,,,,1,0,0,0,0,0,1,0,0,0,2,Basic,9,9,0,19,Executive Leadership,Clustered,Executive Leadership,
BOOK00144,The Technique of Executive Leadership,['JAMES FREDERICK BENDER'],Open Library only,True,False,1950,,76.0,,,1.0,,,,,,,1,0,0,0,0,0,1,0,0,0,2,Basic,8,8,0,19,Executive Leadership,Clustered,Executive Leadership,
BOOK00145,Applied team leadership,['United States. Department of the Army'],Open Library only,True,False,2009,,17.0,,,1.0,1.0,0.0,1.0,2.0,,,1,0,1,1,0,1,1,0,0,0,3,Enriched,9,26,17,3,Future Thinking and Personal Development,Clustered,Future Thinking and Personal Development,https://covers.openlibrary.org/b/id/11412241-L.jpg
BOOK00146,Team leadership,['John Apps'],Open Library only,True,False,1999,,27.0,,,6.0,,,,,,,1,0,0,0,0,0,1,0,0,0,2,Basic,4,4,0,2,Team Leadership,Clustered,Team Leadership,
BOOK00147,Nursing team leadership,['Thora Kron'],Open Library only,True,False,1961,,65.0,,,4.0,,,,,,,1,0,1,1,0,0,1,0,0,0,3,Enriched,5,8,3,2,Team Leadership,Clustered,Team Leadership,https://covers.openlibrary.org/b/id/7156260-L.jpg
BOOK00148,Team leadership,"['Parker, Glenn M.']",Open Library only,True,False,2009,,17.0,,,1.0,2.0,0.0,0.0,2.0,,,1,1,1,1,0,1,1,0,0,0,4,Rich,5,148,143,10,Leadership Development,Clustered,Leadership Development,https://covers.openlibrary.org/b/id/12665446-L.jpg
BOOK00149,Team leadership,['Graham Kelly'],Open Library only,True,False,1998,,28.0,,,2.0,1.0,0.0,0.0,1.0,,,1,0,1,1,0,1,1,0,0,0,3,Enriched,4,21,17,10,Leadership Development,Clustered,Leadership Development,https://covers.openlibrary.org/b/id/3791211-L.jpg
BOOK00150,Team of Rivals,['Doris Kearns Goodwin'],Open Library only,True,False,2003,,23.0,3.909091,11.0,14.0,161.0,6.0,14.0,181.0,,,1,1,1,1,1,1,1,0,0,0,4,Rich,6,305,299,3,Future Thinking and Personal Development,Clustered,Future Thinking and Personal Development,https://covers.openlibrary.org/b/id/9286949-L.jpg
BOOK00151,Interprofessional Health Care Team,"['Donna Weiss', 'Felice J. Tilin', 'Marlene J. Morgan']",Open Library only,True,False,2016,,10.0,,,2.0,3.0,0.0,0.0,3.0,,,1,0,1,0,0,1,1,0,0,0,3,Enriched,12,23,11,2,Team Leadership,Clustered,Team Leadership,
BOOK00152,Team leadership in Christian ministry,['Kenneth O. Gangel'],Open Library only,True,False,1997,,29.0,,,1.0,3.0,0.0,0.0,3.0,,,1,0,1,1,0,1,1,0,0,0,3,Enriched,8,16,8,2,Team Leadership,Clustered,Team Leadership,https://covers.openlibrary.org/b/id/570683-L.jpg
BOOK00153,Leading self-directed work teams,['Kimball Fisher'],Open Library only,True,False,1993,,33.0,,,5.0,4.0,0.0,0.0,4.0,,,1,1,1,1,0,1,1,0,0,0,4,Rich,6,160,154,10,Leadership Development,Clustered,Leadership Development,https://covers.openlibrary.org/b/id/53890-L.jpg
BOOK00154,Team Leadership,['Charles J. Margerison'],Open Library only,True,False,2002,,24.0,,,2.0,1.0,0.0,0.0,1.0,,,1,0,1,1,0,1,1,0,0,0,3,Enriched,5,16,11,10,Leadership Development,Clustered,Leadership Development,https://covers.openlibrary.org/b/id/917153-L.jpg
BOOK00155,Team leadership in the game industry,"['Spaulding, Seth II.']",Open Library only,True,False,2009,,17.0,,,3.0,1.0,0.0,0.0,1.0,,,1,0,1,1,0,1,1,0,0,0,3,Enriched,9,22,13,10,Leadership Development,Clustered,Leadership Development,https://covers.openlibrary.org/b/id/9953222-L.jpg
BOOK00156,Team leadership,['David C. Kolb'],Open Library only,True,False,1996,,30.0,,,1.0,1.0,0.0,0.0,1.0,,,1,0,1,1,0,1,1,0,0,0,3,Enriched,5,12,7,10,Leadership Development,Clustered,Leadership Development,https://covers.openlibrary.org/b/id/1932582-L.jpg
BOOK00157,Team Leadership,['Drikus Kriek'],Open Library only,True,False,2018,,8.0,,,1.0,1.0,0.0,0.0,1.0,,,1,0,0,0,0,1,1,0,0,0,2,Basic,4,4,0,2,Team Leadership,Clustered,Team Leadership,
BOOK00158,The Team Leadership Practices Inventory,"['James M. Kouzes', 'Barry Z. Posner']",Open Library only,True,False,1992,,34.0,,,2.0,1.0,0.0,0.0,1.0,,,1,0,1,0,0,1,1,0,0,0,3,Enriched,11,24,13,10,Leadership Development,Clustered,Leadership Development,
BOOK00159,Leading teams,['Paolo Guenzi'],Open Library only,True,False,2013,,13.0,,,5.0,,,,,,,1,0,1,0,0,0,1,0,0,0,3,Enriched,4,20,16,10,Leadership Development,Clustered,Leadership Development,
BOOK00160,Team Leadership in Community Colleges,"['George R. Boggs', 'Christine Johnson McPhail', 'Eloy Ortiz Oakley']",Open Library only,True,False,2019,,7.0,,,4.0,,,,,,,1,0,1,1,0,0,1,0,0,0,3,Enriched,14,20,6,2,Team Leadership,Clustered,Team Leadership,https://covers.openlibrary.org/b/id/12425091-L.jpg
BOOK00161,Team Leadership in High-Hazard Environments,['Randy E. Cadieux'],Open Library only,True,False,2014,,12.0,,,6.0,,,,,,,1,0,1,1,0,0,1,0,0,0,3,Enriched,8,27,19,10,Leadership Development,Clustered,Leadership Development,https://covers.openlibrary.org/b/id/14800665-L.jpg
BOOK00162,Effective Team Leadership,['Don Page'],Open Library only,True,False,2008,,18.0,,,1.0,1.0,0.0,0.0,1.0,,,1,0,0,1,0,1,1,0,0,0,2,Basic,5,5,0,2,Team Leadership,Clustered,Team Leadership,https://covers.openlibrary.org/b/id/11938975-L.jpg
BOOK00163,Leadership Team Coaching,['Peter Hawkins'],Open Library only,True,False,2011,,15.0,,,11.0,6.0,1.0,0.0,7.0,,,1,0,1,1,0,1,1,0,0,0,3,Enriched,5,39,34,13,General Business and Management,Clustered,General Business and Management,https://covers.openlibrary.org/b/id/11149215-L.jpg
BOOK00164,Team leadership,['Michal K. Rosenberger'],Open Library only,True,False,1997,,29.0,,,2.0,0.0,0.0,0.0,0.0,,,1,0,1,1,0,1,1,0,0,0,3,Enriched,5,10,5,2,Team Leadership,Clustered,Team Leadership,https://covers.openlibrary.org/b/id/12813162-L.jpg
BOOK00165,Remote Team Leadership,['Emanuela Giangregorio'],Open Library only,True,False,2017,,9.0,,,1.0,1.0,0.0,0.0,1.0,,,1,0,0,0,0,1,1,0,0,0,2,Basic,5,5,0,2,Team Leadership,Clustered,Team Leadership,
BOOK00166,Operations Team Leadership (Leadership Guides),['Graham Little'],Open Library only,True,False,2000,,26.0,,,1.0,1.0,0.0,0.0,1.0,,,1,0,1,1,0,1,1,0,0,0,3,Enriched,7,14,7,10,Leadership Development,Clustered,Leadership Development,https://covers.openlibrary.org/b/id/3001809-L.jpg
BOOK00167,Leaders Eat Last,['Simon Sinek'],Open Library only,True,False,1900,,126.0,4.117647,17.0,11.0,455.0,31.0,22.0,508.0,,,1,1,1,1,1,1,1,0,0,0,4,Rich,5,533,528,11,Organizational Culture and Trust,Clustered,Organizational Culture and Trust,https://covers.openlibrary.org/b/id/8246311-L.jpg
BOOK00168,Sales Team Leadership,['Coach Joe Sasso'],Open Library only,True,False,2012,,14.0,,,2.0,,,,,,,1,0,0,0,0,0,1,0,0,0,2,Basic,6,6,0,2,Team Leadership,Clustered,Team Leadership,
BOOK00169,Tools for team leadership,['Gregory E. Huszczo'],Open Library only,True,False,2004,,22.0,,,3.0,0.0,0.0,0.0,0.0,,,1,1,1,1,0,1,1,0,0,0,4,Rich,7,193,186,10,Leadership Development,Clustered,Leadership Development,https://covers.openlibrary.org/b/id/1648435-L.jpg
BOOK00170,Strategic Team Leadership,['Peter Saul'],Open Library only,True,False,1992,,34.0,,,2.0,,,,,,,1,0,0,0,0,0,1,0,0,0,2,Basic,5,5,0,2,Team Leadership,Clustered,Team Leadership,
BOOK00171,Team leadership,"['Douglas A. Johnson', 'Susan T. Beyerlein']",Open Library only,True,False,1996,,30.0,,,2.0,,,,,,,1,0,1,1,0,0,1,0,0,0,3,Enriched,8,16,8,2,Team Leadership,Clustered,Team Leadership,https://covers.openlibrary.org/b/id/12760793-L.jpg
BOOK00172,Team Leadership,"['Geoff Ribbens', 'Mark Abraham', 'Alistair Cumming']",Open Library only,True,False,2024,,2.0,,,2.0,,,,,,,1,0,0,0,0,0,1,0,0,0,2,Basic,8,8,0,2,Team Leadership,Clustered,Team Leadership,
BOOK00173,The team leadership practices inventory,['James M. Kouzes'],Open Library only,True,False,1992,,34.0,,,2.0,,,,,,,1,0,0,0,0,0,1,0,0,0,2,Basic,8,8,0,2,Team Leadership,Clustered,Team Leadership,
BOOK00174,Executive Team Leadership in the Global Economic and Competitive Environment,['Richard L. Nolan'],Open Library only,True,False,2014,,12.0,,,5.0,,,,,,,1,0,1,0,0,0,1,0,0,0,3,Enriched,13,18,5,1,Organizational Behavior,Clustered,Organizational Behavior,
BOOK00175,Practical Remote Team Leadership,['Emanuela Giangregorio'],Open Library only,True,False,2016,,10.0,,,3.0,,,,,,,1,0,0,0,0,0,1,0,0,0,2,Basic,6,6,0,2,Team Leadership,Clustered,Team Leadership,
BOOK00176,Virtual team leadership and collaborative engineering advancements,['Ned F. Kock'],Open Library only,True,False,2008,,18.0,,,1.0,1.0,0.0,0.0,1.0,,,1,1,1,1,0,1,1,0,0,0,4,Rich,10,52,42,2,Team Leadership,Clustered,Team Leadership,https://covers.openlibrary.org/b/id/8732716-L.jpg
BOOK00177,Effective Team Leadership for Engineers,"['Pat Wellington', 'Niall Foster']",Open Library only,True,False,2009,,17.0,,,2.0,,,,,,,1,0,1,0,0,0,1,0,0,0,3,Enriched,9,14,5,2,Team Leadership,Clustered,Team Leadership,
BOOK00178,Art of Middle Management,"['Peter Fleming', 'Max Amesbury']",Open Library only,True,False,2013,,13.0,,,6.0,,,,,,,1,0,1,0,0,0,1,0,0,0,3,Enriched,8,15,7,11,Organizational Culture and Trust,Clustered,Organizational Culture and Trust,
BOOK00179,Team Leadership,"['Paul Newton', 'Helen Bristoll']",Open Library only,True,False,2013,,13.0,,,1.0,,,,,,,1,0,1,0,0,0,1,0,0,0,3,Enriched,6,11,5,10,Leadership Development,Clustered,Leadership Development,
BOOK00180,Adaptive team leadership,['United States. Department of the Army'],Open Library only,True,False,2008,,18.0,,,1.0,,,,,,,1,0,1,0,0,0,1,0,0,0,3,Enriched,9,26,17,3,Future Thinking and Personal Development,Clustered,Future Thinking and Personal Development,
BOOK00181,Team Leadership,['Rosenberger'],Open Library only,True,False,1998,,28.0,,,1.0,,,,,,,1,0,1,0,0,0,1,0,0,0,3,Enriched,3,6,3,2,Team Leadership,Clustered,Team Leadership,
BOOK00182,Tim lidŏsip =,['Sŭng-gak Yi'],Open Library only,True,False,1996,,30.0,,,1.0,,,,,,,1,0,1,0,0,0,1,0,0,0,3,Enriched,5,9,4,15,Workplace and Generational Dynamics,Clustered,Workplace and Generational Dynamics,
BOOK00183,Leading project teams,['Anthony T. Cobb'],Open Library only,True,False,2005,,21.0,,,4.0,,,,,,,1,1,1,1,0,0,1,0,0,0,4,Rich,6,75,69,23,Project Management,Clustered,Project Management,https://covers.openlibrary.org/b/id/1771265-L.jpg
BOOK00184,The Five Dysfunctions of a Team,['Patrick Lencioni'],Open Library only,True,False,2002,,24.0,4.75,4.0,1.0,8.0,0.0,8.0,16.0,,,1,0,1,1,1,1,1,0,0,0,3,Enriched,8,53,45,10,Leadership Development,Clustered,Leadership Development,https://covers.openlibrary.org/b/id/14620714-L.jpg
BOOK00185,Team leadership in action,['Laura Mae Douglass'],Open Library only,True,False,1970,,56.0,,,2.0,,,,,,,1,0,1,1,0,0,1,0,0,0,3,Enriched,7,20,13,2,Team Leadership,Clustered,Team Leadership,https://covers.openlibrary.org/b/id/11572449-L.jpg
BOOK00186,Effective team leadership,['David Parkes'],Open Library only,True,False,1994,,32.0,,,1.0,,,,,,,1,0,0,0,0,0,1,0,0,0,2,Basic,5,5,0,2,Team Leadership,Clustered,Team Leadership,
BOOK00187,Team Leadership Questionnaire,"['D. Kayes', 'Anna Kayes']",Open Library only,True,False,2011,,15.0,,,1.0,,,,,,,1,0,1,0,0,0,1,0,0,0,3,Enriched,7,8,1,2,Team Leadership,Clustered,Team Leadership,
BOOK00188,Five Dysfunctions of a Team,['Patrick Lencioni'],Open Library only,True,False,2007,,19.0,,,8.0,11.0,0.0,0.0,11.0,,,1,0,1,1,0,1,1,0,0,0,3,Enriched,7,11,4,10,Leadership Development,Clustered,Leadership Development,https://covers.openlibrary.org/b/id/13296514-L.jpg
BOOK00189,Team of Teams,"['Stanley A. McChrystal', 'Tantum Collins', 'David Silverman', 'Chris Fussell']",Open Library only,True,False,2015,,11.0,4.5,6.0,5.0,46.0,3.0,7.0,56.0,,,1,1,1,1,1,1,1,0,0,0,4,Rich,12,336,324,3,Future Thinking and Personal Development,Clustered,Future Thinking and Personal Development,https://covers.openlibrary.org/b/id/10522497-L.jpg
BOOK00190,Executive Team Leadership for the 21st Century,['Richard L. Nolan'],Open Library only,True,False,2014,,12.0,,,2.0,,,,,,,1,0,1,1,0,0,1,0,0,0,3,Enriched,10,40,30,1,Organizational Behavior,Clustered,Organizational Behavior,https://covers.openlibrary.org/b/id/12708527-L.jpg
BOOK00191,Team Leadership Assessments,['LeaderTreks'],Open Library only,True,False,2005,,21.0,,,1.0,,,,,,,1,0,0,0,0,0,1,0,0,0,2,Basic,4,4,0,2,Team Leadership,Clustered,Team Leadership,
BOOK00192,Legendary team leadership,['Wendy W. Peche'],Open Library only,True,False,1994,,32.0,,,1.0,,,,,,,1,0,1,1,0,0,1,0,0,0,3,Enriched,6,12,6,10,Leadership Development,Clustered,Leadership Development,https://covers.openlibrary.org/b/id/12146910-L.jpg
BOOK00193,Transformational Leadership,['Bernard M. Bass'],Open Library only,True,False,1997,,29.0,,,3.0,13.0,1.0,1.0,15.0,,,1,0,1,1,0,1,1,0,0,0,3,Enriched,5,8,3,25,Transformational Leadership,Clustered,Transformational Leadership,https://covers.openlibrary.org/b/id/1521636-L.jpg
BOOK00194,Transformational leadership,"['Stephen Hacker', 'Tammy Roberts']",Open Library only,True,False,2003,,23.0,,,3.0,3.0,1.0,1.0,5.0,,,1,0,1,1,0,1,1,0,0,0,3,Enriched,6,11,5,25,Transformational Leadership,Clustered,Transformational Leadership,https://covers.openlibrary.org/b/id/1624080-L.jpg
BOOK00195,Transformative leadership in education,['Carolyn M. Shields'],Open Library only,True,False,2012,,14.0,0.0,0.0,9.0,3.0,0.0,0.0,3.0,,,1,0,1,1,1,1,1,0,0,0,3,Enriched,7,14,7,25,Transformational Leadership,Clustered,Transformational Leadership,https://covers.openlibrary.org/b/id/14579593-L.jpg
BOOK00196,Transforming leadership,['Leighton Ford'],Open Library only,True,False,1991,,35.0,,,2.0,7.0,2.0,0.0,9.0,,,1,0,1,1,0,1,1,0,0,0,3,Enriched,4,19,15,25,Transformational Leadership,Clustered,Transformational Leadership,https://covers.openlibrary.org/b/id/3971202-L.jpg
BOOK00197,Transformational Leadership,['Glenn Walter'],Open Library only,True,False,2018,,8.0,,,4.0,1.0,0.0,0.0,1.0,,,1,0,0,0,0,1,1,0,0,0,2,Basic,4,4,0,25,Transformational Leadership,Clustered,Transformational Leadership,
BOOK00198,Radical Transformational Leadership,['Monica Sharma'],Open Library only,True,False,2017,,9.0,,,2.0,3.0,0.0,0.0,3.0,,,1,1,1,1,0,1,1,0,0,0,4,Rich,5,32,27,25,Transformational Leadership,Clustered,Transformational Leadership,https://covers.openlibrary.org/b/id/14510961-L.jpg
BOOK00199,Transformative Leadership Primer,['Carolyn M. Shields'],Open Library only,True,False,2015,,11.0,,,5.0,1.0,0.0,0.0,1.0,,,1,0,1,0,0,1,1,0,0,0,3,Enriched,6,7,1,25,Transformational Leadership,Clustered,Transformational Leadership,
BOOK00200,The dark side of transformational leadership,['Dennis Tourish'],Open Library only,True,False,2013,,13.0,,,6.0,1.0,0.0,0.0,1.0,,,1,0,1,0,0,1,1,0,0,0,3,Enriched,8,23,15,25,Transformational Leadership,Clustered,Transformational Leadership,
BOOK00201,Transformational leadership,['Charles B. Bugg'],Open Library only,True,False,2010,,16.0,,,1.0,2.0,0.0,0.0,2.0,,,1,0,1,0,0,1,1,0,0,0,3,Enriched,5,7,2,25,Transformational Leadership,Clustered,Transformational Leadership,
BOOK00202,Transforming leadership: from vision to results,[],Open Library only,True,False,1986,,40.0,,,1.0,4.0,0.0,0.0,4.0,,,0,0,1,1,0,1,1,0,0,0,2,Basic,6,11,5,25,Transformational Leadership,Clustered,Transformational Leadership,https://covers.openlibrary.org/b/id/7145185-L.jpg
BOOK00203,Transforming leadership,['John D. Adams'],Open Library only,True,False,1998,,28.0,,,1.0,2.0,0.0,0.0,2.0,,,1,0,1,1,0,1,1,0,0,0,3,Enriched,5,9,4,25,Transformational Leadership,Clustered,Transformational Leadership,https://covers.openlibrary.org/b/id/1669512-L.jpg
BOOK00204,Charismatic and transformational leadership,['Gary A. Yukl'],Open Library only,True,False,1989,,37.0,,,1.0,2.0,0.0,0.0,2.0,,,1,0,0,0,0,1,1,0,0,0,2,Basic,7,7,0,25,Transformational Leadership,Clustered,Transformational Leadership,
BOOK00205,Transformational Leadership,['Halima Kabara'],Open Library only,True,False,2021,,5.0,,,1.0,2.0,0.0,0.0,2.0,,,1,0,0,0,0,1,1,0,0,0,2,Basic,4,4,0,25,Transformational Leadership,Clustered,Transformational Leadership,
BOOK00206,Transformative Leadership in Action,"['Jacklyn A. Bruce', 'Katherine E. McKee']",Open Library only,True,False,2020,,6.0,,,3.0,1.0,0.0,0.0,1.0,,,1,0,0,0,0,1,1,0,0,0,2,Basic,10,10,0,25,Transformational Leadership,Clustered,Transformational Leadership,
BOOK00207,Transformational Leadership Styles for Global Leaders,['Darcia Ann-Marie Roache'],Open Library only,True,False,2023,,3.0,,,4.0,1.0,0.0,0.0,1.0,,,1,0,0,0,0,1,1,0,0,0,2,Basic,9,9,0,25,Transformational Leadership,Clustered,Transformational Leadership,
BOOK00208,7 principles of transformational leadership,['Hugh Blane'],Open Library only,True,False,2017,,9.0,,,2.0,2.0,0.0,0.0,2.0,,,1,1,1,1,0,1,1,0,0,0,4,Rich,7,177,170,7,Broad Leadership and Success,Clustered,Broad Leadership and Success,https://covers.openlibrary.org/b/id/15220646-L.jpg
BOOK00209,Uniting the Virtual Workforce,['Karen Sobel Lojeski'],Open Library only,True,False,2008,,18.0,,,11.0,0.0,1.0,0.0,1.0,,,1,1,1,1,0,1,1,0,0,0,4,Rich,7,491,484,7,Broad Leadership and Success,Clustered,Broad Leadership and Success,https://covers.openlibrary.org/b/id/6408181-L.jpg
BOOK00210,"Women, spirituality, and transformative leadership",['Kathe Schaaf'],Open Library only,True,False,2011,,15.0,,,3.0,1.0,0.0,0.0,1.0,,,1,1,1,1,0,1,1,0,0,0,4,Rich,7,179,172,25,Transformational Leadership,Clustered,Transformational Leadership,https://covers.openlibrary.org/b/id/10416234-L.jpg
BOOK00211,Transformational leadership,['Mary K. Kohles'],Open Library only,True,False,1995,,31.0,,,1.0,2.0,0.0,0.0,2.0,,,1,0,1,1,0,1,1,0,0,0,3,Enriched,5,15,10,25,Transformational Leadership,Clustered,Transformational Leadership,https://covers.openlibrary.org/b/id/6618397-L.jpg
BOOK00212,Transformative Leadership and Sustainable Innovation in Education,"['Sandra Baroudi', 'Miltiadis D. Lytras']",Open Library only,True,False,2024,,2.0,,,3.0,1.0,0.0,0.0,1.0,,,1,0,0,0,0,1,1,0,0,0,2,Basic,12,12,0,25,Transformational Leadership,Clustered,Transformational Leadership,
BOOK00213,Transforming leadership,['Terry D. Anderson'],Open Library only,True,False,1992,,34.0,,,2.0,1.0,0.0,0.0,1.0,,,1,1,1,1,0,1,1,0,0,0,4,Rich,5,55,50,13,General Business and Management,Clustered,General Business and Management,https://covers.openlibrary.org/b/id/1925600-L.jpg
BOOK00214,Transforming Leadership,['John D. Adams'],Open Library only,True,False,2005,,21.0,,,1.0,1.0,0.0,0.0,1.0,,,1,0,0,1,0,1,1,0,0,0,2,Basic,5,5,0,25,Transformational Leadership,Clustered,Transformational Leadership,https://covers.openlibrary.org/b/id/875707-L.jpg
BOOK00215,Transforming Leadership,['Terry Anderson'],Open Library only,True,False,1999,,27.0,,,1.0,1.0,0.0,0.0,1.0,,,1,0,0,0,0,1,1,0,0,0,2,Basic,4,4,0,25,Transformational Leadership,Clustered,Transformational Leadership,
BOOK00216,Transformative Leadership,"['May Khadem', 'Joan Hernandez']",Open Library only,True,False,2014,,12.0,,,1.0,1.0,0.0,0.0,1.0,,,1,0,1,0,0,1,1,0,0,0,3,Enriched,6,7,1,25,Transformational Leadership,Clustered,Transformational Leadership,
BOOK00217,The Transformational Leadership Compass,['Benny Ausmus'],Open Library only,True,False,2021,,5.0,,,3.0,1.0,0.0,0.0,1.0,,,1,0,1,1,0,1,1,0,0,0,3,Enriched,6,7,1,25,Transformational Leadership,Clustered,Transformational Leadership,https://covers.openlibrary.org/b/id/10648832-L.jpg
BOOK00218,Sustainability Mindset and Transformative Leadership,"['Aixa A. Ritz', 'Isabel Rimanoczy']",Open Library only,True,False,2021,,5.0,,,2.0,1.0,0.0,0.0,1.0,,,1,0,1,1,0,1,1,0,0,0,3,Enriched,10,15,5,25,Transformational Leadership,Clustered,Transformational Leadership,https://covers.openlibrary.org/b/id/13919457-L.jpg
BOOK00219,Transforming Leadership,['Richard Higginson'],Open Library only,True,False,2002,,24.0,,,1.0,1.0,0.0,0.0,1.0,,,1,0,1,1,0,1,1,0,0,0,3,Enriched,4,7,3,25,Transformational Leadership,Clustered,Transformational Leadership,https://covers.openlibrary.org/b/id/2350430-L.jpg
BOOK00220,Transformational leadership in East Africa,"['Eric Masinde Aseka', 'ERIC MASINDE ASEKA']",Open Library only,True,False,2005,,21.0,,,2.0,0.0,1.0,0.0,1.0,,,1,1,1,1,0,1,1,0,0,0,4,Rich,11,70,59,25,Transformational Leadership,Clustered,Transformational Leadership,https://covers.openlibrary.org/b/id/2304971-L.jpg
BOOK00221,Transformational leadership,['Randy Dobbs'],Open Library only,True,False,2010,,16.0,,,3.0,,,,,,,1,0,1,1,0,0,1,0,0,0,3,Enriched,4,9,5,25,Transformational Leadership,Clustered,Transformational Leadership,https://covers.openlibrary.org/b/id/12477876-L.jpg
BOOK00222,Transforming leadership,['Girl Scouts of the United States of America.'],Open Library only,True,False,2008,,18.0,,,1.0,3.0,0.0,0.0,3.0,,,1,0,1,1,0,1,1,0,0,0,3,Enriched,10,19,9,25,Transformational Leadership,Clustered,Transformational Leadership,https://covers.openlibrary.org/b/id/12754296-L.jpg
BOOK00223,Reframing Transformational Leadership,"['Issa M. Saleh', 'Myint Swe Khine']",Open Library only,True,False,2014,,12.0,,,3.0,,,,,,,1,0,0,0,0,0,1,0,0,0,2,Basic,9,9,0,25,Transformational Leadership,Clustered,Transformational Leadership,
BOOK00224,Action Inquiry,['William Torbert'],Open Library only,True,False,2004,,22.0,,,3.0,1.0,0.0,0.0,1.0,,,1,0,0,1,0,1,1,0,0,0,2,Basic,4,4,0,7,Broad Leadership and Success,Clustered,Broad Leadership and Success,https://covers.openlibrary.org/b/id/11245620-L.jpg
BOOK00225,Transforming Leadership,['Terry Anderson'],Open Library only,True,False,2017,,9.0,,,4.0,,,,,,,1,0,0,0,0,0,1,0,0,0,2,Basic,4,4,0,25,Transformational Leadership,Clustered,Transformational Leadership,
BOOK00226,Transformational leadership,['Annmarie Sanders'],Open Library only,True,False,2015,,11.0,,,1.0,1.0,0.0,0.0,1.0,,,1,1,1,1,0,1,1,0,0,0,4,Rich,4,221,217,25,Transformational Leadership,Clustered,Transformational Leadership,https://covers.openlibrary.org/b/id/12807462-L.jpg
BOOK00227,Advancing Inclusive Open Education Through Transformative Leadership,['Madikela Titus Lekalakala'],Open Library only,True,False,2025,,1.0,,,5.0,,,,,,,1,0,0,0,0,0,1,0,0,0,2,Basic,10,10,0,25,Transformational Leadership,Clustered,Transformational Leadership,
BOOK00228,Transformative Leadership,['Shana Burnett Ed.D'],Open Library only,True,False,2024,,2.0,,,1.0,1.0,0.0,0.0,1.0,,,1,0,0,0,0,1,1,0,0,0,2,Basic,5,5,0,25,Transformational Leadership,Clustered,Transformational Leadership,
BOOK00229,Transformational leadership,['Phillip V. Lewis'],Open Library only,True,False,1996,,30.0,0.0,0.0,1.0,1.0,0.0,0.0,1.0,,,1,0,1,1,1,1,1,0,0,0,3,Enriched,5,9,4,25,Transformational Leadership,Clustered,Transformational Leadership,https://covers.openlibrary.org/b/id/582313-L.jpg
BOOK00230,Shared vision,"['John E. Roueche', 'George A. Baker', 'Robert R. Rose']",Open Library only,True,False,1989,,37.0,,,5.0,,,,,,,1,0,1,1,0,0,1,0,0,0,3,Enriched,11,32,21,3,Future Thinking and Personal Development,Clustered,Future Thinking and Personal Development,https://covers.openlibrary.org/b/id/9764558-L.jpg
BOOK00231,Transformative Leadership,['Joshua P. Trout'],Open Library only,True,False,2024,,2.0,,,2.0,,,,,,,1,0,1,0,0,0,1,0,0,0,3,Enriched,5,6,1,25,Transformational Leadership,Clustered,Transformational Leadership,
BOOK00232,Transformational Leadership and Not for Profits and Social Enterprises,['Ken Wiltshire'],Open Library only,True,False,2018,,8.0,,,6.0,,,,,,,1,0,1,1,0,0,1,0,0,0,3,Enriched,11,50,39,13,General Business and Management,Clustered,General Business and Management,https://covers.openlibrary.org/b/id/9233881-L.jpg
BOOK00233,Transformational Leadership Unleashed,['Ismael sanchez'],Open Library only,True,False,2025,,1.0,,,3.0,,,,,,,1,0,1,0,0,0,1,0,0,0,3,Enriched,5,7,2,25,Transformational Leadership,Clustered,Transformational Leadership,
BOOK00234,Servant leadership,['Robert K. Greenleaf'],Open Library only,True,False,1977,,49.0,,,4.0,30.0,1.0,1.0,32.0,,,1,0,1,1,0,1,1,0,0,0,3,Enriched,5,32,27,8,Servant Leadership,Clustered,Servant Leadership,https://covers.openlibrary.org/b/id/592685-L.jpg
BOOK00235,The case for servant leadership,['Kent M. Keith'],Open Library only,True,False,2008,,18.0,,,3.0,3.0,4.0,1.0,8.0,,,1,0,1,1,0,1,1,0,0,0,3,Enriched,8,15,7,8,Servant Leadership,Clustered,Servant Leadership,https://covers.openlibrary.org/b/id/11419033-L.jpg
BOOK00236,The power of servant-leadership,['Robert K. Greenleaf'],Open Library only,True,False,1998,,28.0,,,5.0,8.0,0.0,0.0,8.0,,,1,1,1,1,0,1,1,0,0,0,4,Rich,7,54,47,8,Servant Leadership,Clustered,Servant Leadership,https://covers.openlibrary.org/b/id/831198-L.jpg
BOOK00237,Servant leadership,[],Open Library only,True,False,,,,,,1.0,17.0,0.0,1.0,18.0,,,0,0,1,1,0,1,0,0,0,0,2,Basic,2,5,3,8,Servant Leadership,Clustered,Servant Leadership,https://covers.openlibrary.org/b/id/9698586-L.jpg
BOOK00238,Servant leadership,['Efrain Agosto'],Open Library only,True,False,2004,,22.0,,,2.0,5.0,0.0,0.0,5.0,,,1,0,1,1,0,1,1,0,0,0,3,Enriched,4,46,42,8,Servant Leadership,Clustered,Servant Leadership,https://covers.openlibrary.org/b/id/1573933-L.jpg
BOOK00239,Scrum Mastery,"['Geoff Watts', 'Rebecca Traeger', 'Ole Storksen', 'Mike Cohn', 'Esther Derby']",Open Library only,True,False,2013,,13.0,,,7.0,6.0,0.0,0.0,6.0,,,1,0,0,1,0,1,1,0,0,0,2,Basic,12,12,0,28,CEO and Executive Transformation,Clustered,CEO and Executive Transformation,https://covers.openlibrary.org/b/id/10846720-L.jpg
BOOK00240,Servant-leadership across cultures,['Alfons Trompenaars'],Open Library only,True,False,2009,,17.0,,,2.0,4.0,0.0,0.0,4.0,,,1,1,1,1,0,1,1,0,0,0,4,Rich,5,396,391,7,Broad Leadership and Success,Clustered,Broad Leadership and Success,https://covers.openlibrary.org/b/id/6420818-L.jpg
BOOK00241,Seven pillars of servant leadership,['James W. Sipe'],Open Library only,True,False,2009,,17.0,,,1.0,5.0,1.0,0.0,6.0,,,1,0,1,1,0,1,1,0,0,0,3,Enriched,8,10,2,8,Servant Leadership,Clustered,Servant Leadership,https://covers.openlibrary.org/b/id/5731413-L.jpg
BOOK00242,Servant leadership,['Jack Schaap'],Open Library only,True,False,2008,,18.0,,,1.0,3.0,0.0,0.0,3.0,,,1,0,1,1,0,1,1,0,0,0,3,Enriched,4,6,2,8,Servant Leadership,Clustered,Servant Leadership,https://covers.openlibrary.org/b/id/11817558-L.jpg
BOOK00243,Reflections on leadership,['Larry C. Spears'],Open Library only,True,False,1995,,31.0,,,1.0,9.0,2.0,0.0,11.0,,,1,1,1,1,0,1,1,0,0,0,4,Rich,6,103,97,7,Broad Leadership and Success,Clustered,Broad Leadership and Success,https://covers.openlibrary.org/b/id/300435-L.jpg
BOOK00244,Strength in servant leadership,['Paul A. Cedar'],Open Library only,True,False,1987,,39.0,,,1.0,3.0,0.0,0.0,3.0,,,1,0,1,1,0,1,1,0,0,0,3,Enriched,7,14,7,8,Servant Leadership,Clustered,Servant Leadership,https://covers.openlibrary.org/b/id/8148071-L.jpg
BOOK00245,Servant leadership,[],Open Library only,True,False,1977,,49.0,,,1.0,3.0,0.0,0.0,3.0,,,0,0,1,1,0,1,1,0,0,0,2,Basic,2,7,5,8,Servant Leadership,Clustered,Servant Leadership,https://covers.openlibrary.org/b/id/4700687-L.jpg
BOOK00246,Servant leadership,['Dirk van Dierendonck'],Open Library only,True,False,2010,,16.0,,,1.0,2.0,0.0,0.0,2.0,,,1,0,1,1,0,1,1,0,0,0,3,Enriched,5,8,3,8,Servant Leadership,Clustered,Servant Leadership,https://covers.openlibrary.org/b/id/9845502-L.jpg
BOOK00247,Handbook for secular Franciscan servant leadership,[],Open Library only,True,False,1998,,28.0,,,1.0,3.0,0.0,0.0,3.0,,,0,0,1,0,0,1,1,0,0,0,2,Basic,6,17,11,8,Servant Leadership,Clustered,Servant Leadership,
BOOK00248,Focus on Leadership,"['Larry C. Spears', 'Michele Lawrence', 'Ken Blanchard']",Open Library only,True,False,2001,,25.0,,,3.0,2.0,0.0,0.0,2.0,,,1,0,0,1,0,1,1,0,0,0,2,Basic,10,10,0,25,Transformational Leadership,Clustered,Transformational Leadership,https://covers.openlibrary.org/b/id/304480-L.jpg
BOOK00249,Servant Leadership in Action,"['Ken Blanchard', 'Renee Broadwell']",Open Library only,True,False,2018,,8.0,,,2.0,2.0,0.0,0.0,2.0,,,1,0,1,1,0,1,1,0,0,0,3,Enriched,8,17,9,8,Servant Leadership,Clustered,Servant Leadership,https://covers.openlibrary.org/b/id/8813082-L.jpg
BOOK00250,Servant Leadership,"['Michael Rucker', 'Holly Spence']",Open Library only,True,False,2019,,7.0,,,1.0,1.0,0.0,0.0,1.0,,,1,0,0,0,0,1,1,0,0,0,2,Basic,6,6,0,8,Servant Leadership,Clustered,Servant Leadership,
BOOK00251,Servant leadership,['Jane Fryar'],Open Library only,True,False,2001,,25.0,,,1.0,1.0,0.0,0.0,1.0,,,1,0,1,1,0,1,1,0,0,0,3,Enriched,4,34,30,8,Servant Leadership,Clustered,Servant Leadership,https://covers.openlibrary.org/b/id/12897208-L.jpg
BOOK00252,Servant leadership,['Rocky Wallace'],Open Library only,True,False,2011,,15.0,,,1.0,1.0,0.0,0.0,1.0,,,1,1,1,1,0,1,1,0,0,0,4,Rich,4,133,129,8,Servant Leadership,Clustered,Servant Leadership,https://covers.openlibrary.org/b/id/14379882-L.jpg
BOOK00253,Applying Servant Leadership in Today's Schools,['Mary Culver'],Open Library only,True,False,2008,,18.0,,,6.0,,,,,,,1,0,1,0,0,0,1,0,0,0,3,Enriched,8,13,5,8,Servant Leadership,Clustered,Servant Leadership,
BOOK00254,Servant Leadership for Slow Learners,['J. David Lundy'],Open Library only,True,False,2002,,24.0,,,1.0,2.0,0.0,0.0,2.0,,,1,0,0,1,0,1,1,0,0,0,2,Basic,8,8,0,8,Servant Leadership,Clustered,Servant Leadership,https://covers.openlibrary.org/b/id/898473-L.jpg
BOOK00255,Robert K. Greenleaf,['Don M Frick'],Open Library only,True,False,2004,,22.0,,,1.0,3.0,1.0,0.0,4.0,,,1,1,1,1,0,1,1,0,0,0,4,Rich,6,185,179,8,Servant Leadership,Clustered,Servant Leadership,https://covers.openlibrary.org/b/id/831331-L.jpg
BOOK00256,The Servant Leadership Training Course,['James C. Hunter'],Open Library only,True,False,2006,,20.0,,,1.0,2.0,0.0,0.0,2.0,,,1,0,0,1,0,1,1,0,0,0,2,Basic,8,8,0,8,Servant Leadership,Clustered,Servant Leadership,https://covers.openlibrary.org/b/id/865134-L.jpg
BOOK00257,The Model of Servant-Leadership,['Henry P. Hildebrand'],Open Library only,True,False,1990,,36.0,,,2.0,1.0,0.0,0.0,1.0,,,1,0,1,1,0,1,1,0,0,0,3,Enriched,7,9,2,25,Transformational Leadership,Clustered,Transformational Leadership,https://covers.openlibrary.org/b/id/11681607-L.jpg
BOOK00258,Cases on Servant Leadership and Equity,['Ursula Thomas'],Open Library only,True,False,2022,,4.0,,,5.0,,,,,,,1,0,0,0,0,0,1,0,0,0,2,Basic,8,8,0,8,Servant Leadership,Clustered,Servant Leadership,
BOOK00259,Leader As Servant Leadership Model,['Sylvanus Wosu'],Open Library only,True,False,2022,,4.0,,,2.0,1.0,0.0,0.0,1.0,,,1,0,1,0,0,1,1,0,0,0,3,Enriched,7,10,3,8,Servant Leadership,Clustered,Servant Leadership,
BOOK00260,Servant Leadership,"['Stevens, David']",Open Library only,True,False,2017,,9.0,,,1.0,1.0,0.0,0.0,1.0,,,1,0,1,1,0,1,1,0,0,0,3,Enriched,4,6,2,8,Servant Leadership,Clustered,Servant Leadership,https://covers.openlibrary.org/b/id/13832027-L.jpg
BOOK00261,Global Servant-Leadership,"['Philip Mathew', 'Jiying Song', 'Shann Ray Ferch']",Open Library only,True,False,2020,,6.0,,,2.0,1.0,0.0,0.0,1.0,,,1,0,1,0,0,1,1,0,0,0,3,Enriched,9,10,1,7,Broad Leadership and Success,Clustered,Broad Leadership and Success,
BOOK00262,Servant leadership in nursing,"[""Mary Elizabeth O'Brien""]",Open Library only,True,False,2010,,16.0,,,2.0,1.0,0.0,0.0,1.0,,,1,0,1,1,0,1,1,0,0,0,3,Enriched,7,29,22,8,Servant Leadership,Clustered,Servant Leadership,https://covers.openlibrary.org/b/id/9261771-L.jpg
BOOK00263,Servant Leadership,"['Ralph Lewis', 'Noble, John']",Open Library only,True,False,2008,,18.0,,,1.0,1.0,0.0,0.0,1.0,,,1,0,1,1,0,1,1,0,0,0,3,Enriched,6,9,3,8,Servant Leadership,Clustered,Servant Leadership,https://covers.openlibrary.org/b/id/14393141-L.jpg
BOOK00264,Servant Leadership Roadmap,['Cara H Bramlett'],Open Library only,True,False,2018,,8.0,,,1.0,2.0,0.0,0.0,2.0,,,1,0,0,1,0,1,1,0,0,0,2,Basic,6,6,0,8,Servant Leadership,Clustered,Servant Leadership,https://covers.openlibrary.org/b/id/10328984-L.jpg
BOOK00265,Using Servant Leadership,['Angelo J. Letizia'],Open Library only,True,False,2018,,8.0,,,4.0,,,,,,,1,0,1,1,0,0,1,0,0,0,3,Enriched,6,26,20,8,Servant Leadership,Clustered,Servant Leadership,https://covers.openlibrary.org/b/id/8831412-L.jpg
BOOK00266,Servant Leadership,['Pastor Cecil Hollaway'],Open Library only,True,False,2022,,4.0,,,2.0,,,,,,,1,0,1,0,0,0,1,0,0,0,3,Enriched,5,6,1,8,Servant Leadership,Clustered,Servant Leadership,
BOOK00267,The servant,"['James C. Hunter', 'James Hunter']",Open Library only,True,False,1998,,28.0,3.0,1.0,4.0,16.0,1.0,2.0,19.0,,,1,1,1,1,1,1,1,0,0,0,4,Rich,7,252,245,28,CEO and Executive Transformation,Clustered,CEO and Executive Transformation,https://covers.openlibrary.org/b/id/509274-L.jpg
BOOK00268,A Woman's Guide to Servant Leadership,['Rhonda Kelley'],Open Library only,True,False,2002,,24.0,,,1.0,2.0,0.0,0.0,2.0,,,1,0,1,1,0,1,1,0,0,0,3,Enriched,8,19,11,8,Servant Leadership,Clustered,Servant Leadership,https://covers.openlibrary.org/b/id/12189032-L.jpg
BOOK00269,Servant Leadership for Higher Education,['Daniel W. Wheeler'],Open Library only,True,False,2011,,15.0,,,3.0,,,,,,,1,0,1,0,0,0,1,0,0,0,3,Enriched,8,15,7,8,Servant Leadership,Clustered,Servant Leadership,
BOOK00270,Principal to Principal,['Rocky Wallace'],Open Library only,True,False,2008,,18.0,,,5.0,,,,,,,1,0,1,1,0,0,1,0,0,0,3,Enriched,5,17,12,11,Organizational Culture and Trust,Clustered,Organizational Culture and Trust,https://covers.openlibrary.org/b/id/2931776-L.jpg
BOOK00271,Servant Leadership,['Samuel O. Enyia'],Open Library only,True,False,2021,,5.0,,,2.0,,,,,,,1,0,1,0,0,0,1,0,0,0,3,Enriched,5,7,2,8,Servant Leadership,Clustered,Servant Leadership,
BOOK00272,Personal and Organizational Excellence Through Servant Leadership,['Sen Sendjaya'],Open Library only,True,False,2015,,11.0,,,3.0,0.0,1.0,0.0,1.0,,,1,0,1,0,0,1,1,0,0,0,3,Enriched,9,10,1,8,Servant Leadership,Clustered,Servant Leadership,
BOOK00273,Understanding Servant Leadership,['Chad Audi'],Open Library only,True,False,2017,,9.0,,,1.0,,,,,,,1,0,0,0,0,0,1,0,0,0,2,Basic,5,5,0,8,Servant Leadership,Clustered,Servant Leadership,
BOOK00274,Servant Leadership Styles and Strategic Decision Making,"['Yasir Hayat Mughal', 'Shahid Kamal']",Open Library only,True,False,2018,,8.0,,,4.0,,,,,,,1,1,1,0,0,0,1,0,0,0,4,Rich,12,65,53,8,Servant Leadership,Clustered,Servant Leadership,
BOOK00275,The spirit of servant-leadership,['Robert K. Greenleaf Center. International Conference on Servant-Leadership'],Open Library only,True,False,2011,,15.0,,,1.0,1.0,0.0,0.0,1.0,,,1,0,1,0,0,1,1,0,0,0,3,Enriched,12,15,3,8,Servant Leadership,Clustered,Servant Leadership,
BOOK00276,Idiot Guide to Servant Leadership,['Pierre Walter'],Open Library only,True,False,2010,,16.0,,,1.0,1.0,0.0,0.0,1.0,,,1,0,1,0,0,1,1,0,0,0,3,Enriched,7,12,5,8,Servant Leadership,Clustered,Servant Leadership,
BOOK00277,Servant Leadership in diakonischen Unternehmen,['Mathias Hartmann'],Open Library only,True,False,2013,,13.0,,,2.0,,,,,,,1,0,1,0,0,0,1,0,0,0,3,Enriched,7,9,2,8,Servant Leadership,Clustered,Servant Leadership,
BOOK00278,Servant Leadership,['John Wallace Whitehead'],Open Library only,True,False,2019,,7.0,,,2.0,,,,,,,1,0,0,0,0,0,1,0,0,0,2,Basic,5,5,0,8,Servant Leadership,Clustered,Servant Leadership,
BOOK00279,Developing Christian Servant Leadership,['G. Roberts'],Open Library only,True,False,2015,,11.0,,,3.0,,,,,,,1,0,1,1,0,0,1,0,0,0,3,Enriched,6,16,10,8,Servant Leadership,Clustered,Servant Leadership,https://covers.openlibrary.org/b/id/9406813-L.jpg
BOOK00280,Paul on leadership,['C. Gene Wilkes'],Open Library only,True,False,2004,,22.0,,,2.0,2.0,0.0,0.0,2.0,,,1,0,1,1,0,1,1,0,0,0,3,Enriched,6,18,12,8,Servant Leadership,Clustered,Servant Leadership,https://covers.openlibrary.org/b/id/12706269-L.jpg
BOOK00281,Marketing management,['Philip Kotler'],Open Library only,True,False,1973,,53.0,4.0555553,36.0,66.0,1351.0,125.0,73.0,1549.0,,,1,1,1,1,1,1,1,0,0,0,4,Rich,4,118,114,7,Broad Leadership and Success,Clustered,Broad Leadership and Success,https://covers.openlibrary.org/b/id/13673341-L.jpg
BOOK00282,Management information systems,"['Kenneth C. Laudon', 'Jane P. Laudon', 'Jane Price Laudon', 'Jane Laudon']",Open Library only,True,False,1945,,81.0,4.1,10.0,95.0,686.0,59.0,30.0,775.0,,,1,1,1,1,1,1,1,0,0,0,4,Rich,14,187,173,12,Information Technology Management,Clustered,Information Technology Management,https://covers.openlibrary.org/b/id/1104118-L.jpg
BOOK00283,Marketing Management,"['Philip Kotler', 'Kevin Lane Keller']",Open Library only,True,False,2016,,10.0,4.44,50.0,1.0,1087.0,87.0,154.0,1328.0,,,1,1,1,1,1,1,1,0,0,0,4,Rich,7,99,92,11,Organizational Culture and Trust,Clustered,Organizational Culture and Trust,https://covers.openlibrary.org/b/id/14426392-L.jpg
BOOK00284,Human Resource management,['Gary Dessler'],Open Library only,True,False,1994,,32.0,4.125,8.0,6.0,366.0,30.0,17.0,413.0,,,1,0,1,1,1,1,1,0,0,0,3,Enriched,5,7,2,20,Human Resource Management,Clustered,Human Resource Management,https://covers.openlibrary.org/b/id/9334439-L.jpg
BOOK00285,Operations management,"['Jay H. Heizer', 'Jay Heizer', 'Barry Render']",Open Library only,True,False,1999,,27.0,4.111111,9.0,23.0,215.0,24.0,14.0,253.0,,,1,0,1,1,1,1,1,0,0,0,3,Enriched,9,37,28,24,Operations Management,Clustered,Operations Management,https://covers.openlibrary.org/b/id/4958593-L.jpg
BOOK00286,Principles of management,['George Robert Terry'],Open Library only,True,False,1953,,73.0,3.8333333,12.0,16.0,221.0,21.0,19.0,261.0,,,1,0,1,1,1,1,1,0,0,0,3,Enriched,6,12,6,13,General Business and Management,Clustered,General Business and Management,https://covers.openlibrary.org/b/id/4450295-L.jpg
BOOK00287,Strategic management,['Fred R. David'],Open Library only,True,False,1969,,57.0,4.25,8.0,25.0,162.0,17.0,12.0,191.0,,,1,1,1,1,1,1,1,0,0,0,4,Rich,5,105,100,27,Strategic Management and Planning,Clustered,Strategic Management and Planning,https://covers.openlibrary.org/b/id/84279-L.jpg
BOOK00288,Statistics for management,['Richard I. Levin & David S. Rubin'],Open Library only,True,False,1978,,48.0,3.6923077,13.0,12.0,411.0,59.0,7.0,477.0,,,1,1,1,1,1,1,1,0,0,0,4,Rich,10,121,111,7,Broad Leadership and Success,Clustered,Broad Leadership and Success,https://covers.openlibrary.org/b/id/14425600-L.jpg
BOOK00289,The Night Manager,['John le Carré'],Open Library only,True,False,1993,,33.0,3.5714285,7.0,39.0,125.0,4.0,9.0,138.0,,,1,1,1,1,1,1,1,0,0,0,4,Rich,6,112,106,11,Organizational Culture and Trust,Clustered,Organizational Culture and Trust,https://covers.openlibrary.org/b/id/2395136-L.jpg
BOOK00290,Strategic management,"['Gregory G. Dess', 'G. T. Lumpkin', 'Alan B. Eisner', 'Gerry McNamara', 'Seung-Hyun Lee', 'Marilyn L. Taylor']",Open Library only,True,False,1992,,34.0,4.2,5.0,55.0,253.0,14.0,3.0,270.0,,,1,0,1,1,1,1,1,0,0,0,3,Enriched,18,56,38,27,Strategic Management and Planning,Clustered,Strategic Management and Planning,https://covers.openlibrary.org/b/id/12464587-L.jpg
BOOK00291,Management,['Stephen P. Robbins'],Open Library only,True,False,1984,,42.0,4.0,4.0,28.0,135.0,11.0,8.0,154.0,,,1,0,1,1,1,1,1,0,0,0,3,Enriched,4,20,16,24,Operations Management,Clustered,Operations Management,https://covers.openlibrary.org/b/id/92596-L.jpg
BOOK00292,High Output Management,['Andrew S. Grove'],Open Library only,True,False,1983,,43.0,4.2,15.0,7.0,152.0,8.0,19.0,179.0,,,1,0,1,1,1,1,1,0,0,0,3,Enriched,6,17,11,13,General Business and Management,Clustered,General Business and Management,https://covers.openlibrary.org/b/id/421244-L.jpg
BOOK00293,Financial Management,"['Eugene F. Brigham', 'Michael C. Ehrhardt']",Open Library only,True,False,1977,,49.0,4.75,4.0,29.0,199.0,15.0,8.0,222.0,,,1,0,1,1,1,1,1,0,0,0,3,Enriched,8,28,20,0,Entrepreneurial and Growth Mindset,Clustered,Entrepreneurial and Growth Mindset,https://covers.openlibrary.org/b/id/5425961-L.jpg
BOOK00294,Human resource management,"['R. Wayne Mondy', 'Robert M. Noe', 'Shane R. Premeaux', 'Ronald Knowles', 'Joseph J. Martocchio']",Open Library only,True,False,1990,,36.0,4.8333335,6.0,43.0,128.0,9.0,7.0,144.0,,,1,1,1,1,1,1,1,0,0,0,4,Rich,17,141,124,20,Human Resource Management,Clustered,Human Resource Management,https://covers.openlibrary.org/b/id/1108254-L.jpg
BOOK00295,"Mind Management, Not Time Management",['David Kadavy'],Open Library only,True,False,2020,,6.0,4.625,8.0,2.0,263.0,17.0,6.0,286.0,,,1,0,1,1,1,1,1,0,0,0,3,Enriched,7,8,1,7,Broad Leadership and Success,Clustered,Broad Leadership and Success,https://covers.openlibrary.org/b/id/10496171-L.jpg
BOOK00296,Strategic management and business policy,"['Thomas L. Wheelen', 'J. David Hunger', 'Tom Wheelen']",Open Library only,True,False,1983,,43.0,4.8,5.0,45.0,169.0,16.0,7.0,192.0,,,1,0,1,1,1,1,1,0,0,0,3,Enriched,13,51,38,27,Strategic Management and Planning,Clustered,Strategic Management and Planning,https://covers.openlibrary.org/b/id/1104183-L.jpg
BOOK00297,The Practice of Management,['Peter F. Drucker'],Open Library only,True,False,1954,,72.0,5.0,2.0,37.0,130.0,10.0,4.0,144.0,,,1,1,1,1,1,1,1,0,0,0,4,Rich,7,154,147,13,General Business and Management,Clustered,General Business and Management,https://covers.openlibrary.org/b/id/6418448-L.jpg
BOOK00298,Human Resource Management,['Gary Dessler'],Open Library only,True,False,1994,,32.0,4.0,4.0,11.0,168.0,11.0,5.0,184.0,,,1,0,1,1,1,1,1,0,0,0,3,Enriched,5,22,17,20,Human Resource Management,Clustered,Human Resource Management,https://covers.openlibrary.org/b/id/84029-L.jpg
BOOK00299,Project management,['Dennis Lock'],Open Library only,True,False,1968,,58.0,5.0,1.0,13.0,109.0,10.0,1.0,120.0,,,1,1,1,1,1,1,1,0,0,0,4,Rich,4,87,83,23,Project Management,Clustered,Project Management,https://covers.openlibrary.org/b/id/3853636-L.jpg
BOOK00300,Introduction to management accounting,['Charles T. Horngren'],Open Library only,True,False,1978,,48.0,5.0,3.0,20.0,100.0,11.0,4.0,115.0,,,1,0,1,1,1,1,1,0,0,0,3,Enriched,7,13,6,13,General Business and Management,Clustered,General Business and Management,https://covers.openlibrary.org/b/id/1111306-L.jpg
BOOK00301,The Principles of Scientific Management,['Frederick Winslow Taylor'],Open Library only,True,False,1911,,115.0,3.6666667,3.0,37.0,87.0,4.0,4.0,95.0,,,1,1,1,1,1,1,1,0,0,0,4,Rich,8,70,62,13,General Business and Management,Clustered,General Business and Management,https://covers.openlibrary.org/b/id/8235250-L.jpg
BOOK00302,Management of organizational behavior,"['Paul Hersey', 'Blanchard Hersey']",Open Library only,True,False,1969,,57.0,4.6,5.0,21.0,138.0,9.0,9.0,156.0,,,1,0,1,1,1,1,1,0,0,0,3,Enriched,8,42,34,1,Organizational Behavior,Clustered,Organizational Behavior,https://covers.openlibrary.org/b/id/1102753-L.jpg
BOOK00303,Retailing management,['Michael Levy'],Open Library only,True,False,1992,,34.0,4.0,3.0,5.0,102.0,10.0,6.0,118.0,,,1,0,1,1,1,1,1,0,0,0,3,Enriched,4,10,6,7,Broad Leadership and Success,Clustered,Broad Leadership and Success,https://covers.openlibrary.org/b/id/5364645-L.jpg
BOOK00304,Strategic management,"['Arthur A. Thompson', 'Alonzo J. Strickland', 'Arthur A., Jr. Thompson', 'A. J. Strickland', 'Alonzo J., III Strickland']",Open Library only,True,False,1984,,42.0,4.5,2.0,17.0,130.0,13.0,2.0,145.0,,,1,0,1,1,1,1,1,0,0,0,3,Enriched,19,77,58,27,Strategic Management and Planning,Clustered,Strategic Management and Planning,https://covers.openlibrary.org/b/id/5045789-L.jpg
BOOK00305,Operations Management,['Lee J. Krajewski'],Open Library only,True,False,1987,,39.0,4.0,2.0,34.0,118.0,9.0,4.0,131.0,,,1,0,1,1,1,1,1,0,0,0,3,Enriched,5,23,18,24,Operations Management,Clustered,Operations Management,https://covers.openlibrary.org/b/id/4087919-L.jpg
BOOK00306,Contemporary management,"['Gareth R. Jones', 'Jennifer M. George']",Open Library only,True,False,1998,,28.0,3.0,1.0,11.0,70.0,8.0,2.0,80.0,,,1,0,1,1,1,1,1,0,0,0,3,Enriched,8,9,1,13,General Business and Management,Clustered,General Business and Management,https://covers.openlibrary.org/b/id/3782349-L.jpg
BOOK00307,Developing mangement skills,"['David A. Whetten', 'Kim S. Cameron', 'Whetten', 'David A. Whetten', 'DAVID A. WHETTEN', 'David Whetten', 'Kim Cameron']",Open Library only,True,False,1984,,42.0,4.0,3.0,39.0,89.0,7.0,2.0,98.0,,,1,0,1,1,1,1,1,0,0,0,3,Enriched,20,76,56,11,Organizational Culture and Trust,Clustered,Organizational Culture and Trust,https://covers.openlibrary.org/b/id/10710449-L.jpg
BOOK00308,Essentials of management,['Harold Koontz'],Open Library only,True,False,1974,,52.0,3.6666667,3.0,8.0,218.0,18.0,2.0,238.0,,,1,0,1,1,1,1,1,0,0,0,3,Enriched,5,15,10,13,General Business and Management,Clustered,General Business and Management,https://covers.openlibrary.org/b/id/4507368-L.jpg
BOOK00309,A Guide to the Project Management Body of Knowledge (PMBOK® Guide),['Project Management Institute'],Open Library only,True,False,1996,,30.0,5.0,2.0,15.0,109.0,10.0,5.0,124.0,,,1,1,1,1,1,1,1,0,0,0,4,Rich,14,76,62,23,Project Management,Clustered,Project Management,https://covers.openlibrary.org/b/id/926642-L.jpg
BOOK00310,Analysis for financial management,['Robert C. Higgins'],Open Library only,True,False,1983,,43.0,3.5,4.0,18.0,108.0,9.0,4.0,121.0,,,1,1,1,1,1,1,1,0,0,0,4,Rich,7,60,53,0,Entrepreneurial and Growth Mindset,Clustered,Entrepreneurial and Growth Mindset,https://covers.openlibrary.org/b/id/63951-L.jpg
BOOK00311,Strategic market management,['David A. Aaker'],Open Library only,True,False,1984,,42.0,4.8,5.0,14.0,107.0,7.0,2.0,116.0,,,1,0,1,1,1,1,1,0,0,0,3,Enriched,6,22,16,27,Strategic Management and Planning,Clustered,Strategic Management and Planning,https://covers.openlibrary.org/b/id/2425957-L.jpg
BOOK00312,Strategic management,"['Pearce, John A.', 'John A. Pearce', 'Richard B. Robinson']",Open Library only,True,False,1982,,44.0,3.0,6.0,15.0,86.0,9.0,4.0,99.0,,,1,0,1,1,1,1,1,0,0,0,3,Enriched,11,46,35,27,Strategic Management and Planning,Clustered,Strategic Management and Planning,https://covers.openlibrary.org/b/id/1082674-L.jpg
BOOK00313,Retailing management,"['Michael Levy', 'Michael Levy', 'Barton A. Weitz']",Open Library only,True,False,2000,,26.0,,,18.0,61.0,4.0,3.0,68.0,,,1,1,1,1,0,1,1,0,0,0,4,Rich,9,65,56,7,Broad Leadership and Success,Clustered,Broad Leadership and Success,https://covers.openlibrary.org/b/id/5420019-L.jpg
BOOK00314,Supply chain logistics management,['Donald J. Bowersox'],Open Library only,True,False,2002,,24.0,3.8,5.0,4.0,145.0,17.0,7.0,169.0,,,1,0,1,1,1,1,1,0,0,0,3,Enriched,7,21,14,13,General Business and Management,Clustered,General Business and Management,https://covers.openlibrary.org/b/id/8341095-L.jpg
BOOK00315,The one minute manager,"['Kenneth H. Blanchard', 'Spencer Johnson', 'Kenneth Blanchard']",Open Library only,True,False,1981,,45.0,4.0,11.0,15.0,100.0,7.0,16.0,123.0,,,1,1,1,1,1,1,1,0,0,0,4,Rich,11,54,43,13,General Business and Management,Clustered,General Business and Management,https://covers.openlibrary.org/b/id/5288277-L.jpg
BOOK00316,Entrepreneurship,['Robert D. Hisrich'],Open Library only,True,False,1989,,37.0,4.5454545,11.0,14.0,268.0,31.0,11.0,310.0,,,1,1,1,1,1,1,1,0,0,0,4,Rich,4,38,34,0,Entrepreneurial and Growth Mindset,Clustered,Entrepreneurial and Growth Mindset,https://covers.openlibrary.org/b/id/8231771-L.jpg
BOOK00317,Fundamentals of financial management,"['Eugene F. Brigham', 'Joel F. Houston']",Open Library only,True,False,1978,,48.0,5.0,2.0,20.0,188.0,12.0,4.0,204.0,,,1,1,1,1,1,1,1,0,0,0,4,Rich,10,131,121,13,General Business and Management,Clustered,General Business and Management,https://covers.openlibrary.org/b/id/4937950-L.jpg
BOOK00318,Fundamentals of financial management,['James C. Van Horne'],Open Library only,True,False,1971,,55.0,5.0,1.0,25.0,48.0,10.0,5.0,63.0,,,1,0,1,1,1,1,1,0,0,0,3,Enriched,8,26,18,0,Entrepreneurial and Growth Mindset,Clustered,Entrepreneurial and Growth Mindset,https://covers.openlibrary.org/b/id/92304-L.jpg
BOOK00319,Management information systems,"[""James A. O'Brien""]",Open Library only,True,False,1990,,36.0,5.0,2.0,14.0,80.0,8.0,4.0,92.0,,,1,1,1,1,1,1,1,0,0,0,4,Rich,6,98,92,12,Information Technology Management,Clustered,Information Technology Management,https://covers.openlibrary.org/b/id/65041-L.jpg
BOOK00320,Retail management,"['Barry Berman', 'Joel R. Evans']",Open Library only,True,False,1979,,47.0,3.0,1.0,21.0,58.0,5.0,4.0,67.0,,,1,0,1,1,1,1,1,0,0,0,3,Enriched,7,49,42,7,Broad Leadership and Success,Clustered,Broad Leadership and Success,https://covers.openlibrary.org/b/id/85979-L.jpg
BOOK00321,Principles and Practice of Management,"['L. M. Prasad', 'L.M. Prasad']",Open Library only,True,False,2019,,7.0,2.8333333,6.0,3.0,262.0,28.0,2.0,292.0,,,1,0,0,1,1,1,1,0,0,0,2,Basic,10,10,0,28,CEO and Executive Transformation,Clustered,CEO and Executive Transformation,https://covers.openlibrary.org/b/id/11942031-L.jpg
BOOK00322,Comprehensive stress management,"['Jerrold S. Greenberg', 'Jerrold Greenberg', 'Jerrold S Greenberg', 'Gerrold Greenberg']",Open Library only,True,False,1983,,43.0,,,28.0,52.0,2.0,3.0,57.0,,,1,1,1,1,0,1,1,0,0,0,4,Rich,13,126,113,11,Organizational Culture and Trust,Clustered,Organizational Culture and Trust,https://covers.openlibrary.org/b/id/9724353-L.jpg
BOOK00323,Principles of management,"['Harold Koontz', ""Cyril O'Donnell""]",Open Library only,True,False,1955,,71.0,4.75,4.0,12.0,176.0,10.0,5.0,191.0,,,1,0,1,1,1,1,1,0,0,0,3,Enriched,7,16,9,13,General Business and Management,Clustered,General Business and Management,https://covers.openlibrary.org/b/id/6902961-L.jpg
BOOK00324,Operations Management,['William J. Stevenson'],Open Library only,True,False,2004,,22.0,5.0,1.0,12.0,78.0,5.0,1.0,84.0,,,1,1,1,1,1,1,1,0,0,0,4,Rich,5,132,127,24,Operations Management,Clustered,Operations Management,https://covers.openlibrary.org/b/id/1853099-L.jpg
BOOK00325,Marketing management,"['Philip Kotler', 'Mairead Brady', 'Malcolm Goodman', 'Torben Hansen', 'Kevin Lane Keller']",Open Library only,True,False,2008,,18.0,5.0,2.0,7.0,63.0,3.0,4.0,70.0,,,1,0,1,1,1,1,1,0,0,0,3,Enriched,13,20,7,11,Organizational Culture and Trust,Clustered,Organizational Culture and Trust,https://covers.openlibrary.org/b/id/6458398-L.jpg
BOOK00326,Intermediate financial management,['Eugene F. Brigham'],Open Library only,True,False,1985,,41.0,5.0,1.0,28.0,41.0,7.0,3.0,51.0,,,1,0,1,1,1,1,1,0,0,0,3,Enriched,6,24,18,0,Entrepreneurial and Growth Mindset,Clustered,Entrepreneurial and Growth Mindset,https://covers.openlibrary.org/b/id/4936955-L.jpg
BOOK00327,Sales management,"['Douglas J. Dalrymple', 'William Cron', 'William L. Cron', 'Thomas E. DeCarlo']",Open Library only,True,False,1982,,44.0,5.0,1.0,19.0,48.0,4.0,4.0,56.0,,,1,0,1,1,1,1,1,0,0,0,3,Enriched,13,27,14,13,General Business and Management,Clustered,General Business and Management,https://covers.openlibrary.org/b/id/1246148-L.jpg
BOOK00328,Strategic Management,['Charles W. L. Hill'],Open Library only,True,False,1989,,37.0,5.0,2.0,21.0,50.0,8.0,3.0,61.0,,,1,0,1,1,1,1,1,0,0,0,3,Enriched,6,24,18,27,Strategic Management and Planning,Clustered,Strategic Management and Planning,https://covers.openlibrary.org/b/id/392886-L.jpg
BOOK00329,Production & inventory management,"['Donald W. Fogarty', 'Thomas R. Hoffmann']",Open Library only,True,False,1983,,43.0,4.6666665,3.0,6.0,71.0,4.0,5.0,80.0,,,1,0,1,1,1,1,1,0,0,0,3,Enriched,10,40,30,13,General Business and Management,Clustered,General Business and Management,https://covers.openlibrary.org/b/id/5349162-L.jpg
BOOK00330,Project management,['Harold Kerzner'],Open Library only,True,False,2003,,23.0,,,25.0,61.0,6.0,2.0,69.0,,,1,0,1,1,0,1,1,0,0,0,3,Enriched,4,43,39,13,General Business and Management,Clustered,General Business and Management,https://covers.openlibrary.org/b/id/11699597-L.jpg
BOOK00331,Unraveling the mystery of health,['Aaron Antonovsky'],Open Library only,True,False,1987,,39.0,3.75,4.0,1.0,131.0,9.0,4.0,144.0,,,1,0,1,1,1,1,1,0,0,0,3,Enriched,7,23,16,11,Organizational Culture and Trust,Clustered,Organizational Culture and Trust,https://covers.openlibrary.org/b/id/10273295-L.jpg
BOOK00332,Mary Kay on people management,['Mary Kay Ash'],Open Library only,True,False,1984,,42.0,,,6.0,6.0,0.0,0.0,6.0,,,1,0,1,1,0,1,1,0,0,0,3,Enriched,8,15,7,17,People Management,Clustered,People Management,https://covers.openlibrary.org/b/id/6632431-L.jpg
BOOK00333,The 7 Habits of Highly Effective People,['Stephen R. Covey'],Open Library only,True,False,1989,,37.0,4.028777,278.0,78.0,6754.0,643.0,328.0,7725.0,,,1,1,1,1,1,1,1,0,0,0,4,Rich,10,243,233,7,Broad Leadership and Success,Clustered,Broad Leadership and Success,https://covers.openlibrary.org/b/id/10079937-L.jpg
BOOK00334,Armstrong's Handbook of Human Resource Management Practice,"['Michael Armstrong', 'Taylor, Stephen']",Open Library only,True,False,2017,,9.0,,,4.0,19.0,0.0,0.0,19.0,,,1,0,1,1,0,1,1,0,0,0,3,Enriched,11,13,2,20,Human Resource Management,Clustered,Human Resource Management,https://covers.openlibrary.org/b/id/13932803-L.jpg
BOOK00335,"People, Management and Organizations",['Anna Sutton'],Open Library only,True,False,2018,,8.0,5.0,1.0,1.0,4.0,0.0,1.0,5.0,,,1,0,1,1,1,1,1,0,0,0,3,Enriched,6,10,4,17,People Management,Clustered,People Management,https://covers.openlibrary.org/b/id/9233595-L.jpg
BOOK00336,Human resource management at work,"['Mick Marchington', 'Mick Marchington', 'Adrian Wilkinson']",Open Library only,True,False,2005,,21.0,,,9.0,9.0,0.0,0.0,9.0,,,1,1,1,1,0,1,1,0,0,0,4,Rich,11,76,65,20,Human Resource Management,Clustered,Human Resource Management,https://covers.openlibrary.org/b/id/2027583-L.jpg
BOOK00337,Supervisory management,"['Donald C. Mosley', 'Jr., Donald C. Mosley', 'Paul H. Pietri', 'Leon C. Megginson', 'Paul H., Jr. Pietri']",Open Library only,True,False,1985,,41.0,,,17.0,51.0,1.0,1.0,53.0,,,1,1,1,1,0,1,1,0,0,0,4,Rich,19,66,47,13,General Business and Management,Clustered,General Business and Management,https://covers.openlibrary.org/b/id/4993867-L.jpg
BOOK00338,People Management and Performance,['John Purcell'],Open Library only,True,False,2007,,19.0,,,5.0,,,,,,,1,0,1,1,0,0,1,0,0,0,3,Enriched,6,52,46,14,Performance Management,Clustered,Performance Management,https://covers.openlibrary.org/b/id/11789102-L.jpg
BOOK00339,Armstrong's Handbook of Strategic Human Resource Management,['Michael Armstrong'],Open Library only,True,False,2015,,11.0,,,4.0,6.0,0.0,0.0,6.0,,,1,0,1,1,0,1,1,0,0,0,3,Enriched,9,12,3,20,Human Resource Management,Clustered,Human Resource Management,https://covers.openlibrary.org/b/id/9137982-L.jpg
BOOK00340,Corporate Reputations Branding and People Management,['Susan Hetrick'],Open Library only,True,False,2006,,20.0,,,6.0,,,,,,,1,0,0,0,0,0,1,0,0,0,2,Basic,8,8,0,17,People Management,Clustered,People Management,
BOOK00341,Hotel Management,"['Charalampos Giousmpasoglou', 'Evangelia Marinakou']",Open Library only,True,False,2024,,2.0,,,1.0,3.0,0.0,0.0,3.0,,,1,0,0,1,0,1,1,0,0,0,2,Basic,6,6,0,13,General Business and Management,Clustered,General Business and Management,https://covers.openlibrary.org/b/id/14751071-L.jpg
BOOK00342,People Managing Forests,"['Carol J. P. Colfer', 'Yvonne Byron']",Open Library only,True,False,2010,,16.0,,,7.0,,,,,,,1,0,1,0,0,0,1,0,0,0,3,Enriched,9,11,2,7,Broad Leadership and Success,Clustered,Broad Leadership and Success,
BOOK00343,Strategic People Management and Development,"['Gary Rees', 'Raymond French']",Open Library only,True,False,2022,,4.0,0.0,0.0,3.0,1.0,0.0,0.0,1.0,,,1,0,0,0,1,1,1,0,0,0,2,Basic,9,9,0,17,People Management,Clustered,People Management,
BOOK00344,Short Guide to People Management,['Antonios Panagiotakopoulos'],Open Library only,True,False,2016,,10.0,,,6.0,,,,,,,1,0,1,0,0,0,1,0,0,0,3,Enriched,7,24,17,13,General Business and Management,Clustered,General Business and Management,
BOOK00345,People management,"['David Rees', 'Richard McBain']",Open Library only,True,False,2003,,23.0,,,3.0,,,,,,,1,0,1,1,0,0,1,0,0,0,3,Enriched,6,8,2,17,People Management,Clustered,People Management,https://covers.openlibrary.org/b/id/2392407-L.jpg
BOOK00346,People management and development,"['David Farnham', 'Paul Smith CIPD']",Open Library only,True,False,2003,,23.0,,,2.0,1.0,0.0,0.0,1.0,,,1,0,1,1,0,1,1,0,0,0,3,Enriched,9,22,13,17,People Management,Clustered,People Management,https://covers.openlibrary.org/b/id/5330098-L.jpg
BOOK00347,VOL.2.NO.13.27th JUNE 1998,['PEOPLE MANAGEMENT.'],Open Library only,True,False,,,,,,1.0,,,,,,,1,0,0,0,0,0,0,0,0,0,2,Basic,5,5,0,7,Broad Leadership and Success,Clustered,Broad Leadership and Success,
BOOK00348,People Management and Performance,"['John Purcell', 'Nicholas Kinnie', 'Juani Swart', 'Bruce Rayton', 'Susan Hutchinson']",Open Library only,True,False,2008,,18.0,,,4.0,,,,,,,1,0,1,0,0,0,1,0,0,0,3,Enriched,14,19,5,17,People Management,Clustered,People Management,
BOOK00349,The changing face of people management in India,['Pawan S. Budhwar'],Open Library only,True,False,2008,,18.0,,,5.0,,,,,,,1,0,1,1,0,0,1,0,0,0,3,Enriched,11,20,9,17,People Management,Clustered,People Management,https://covers.openlibrary.org/b/id/8531092-L.jpg
BOOK00350,Organizational Behavior,"['Ricky W. Griffin', 'Jean M. Phillips', 'Stanley M. Gully']",Open Library only,True,False,2012,,14.0,,,6.0,20.0,1.0,1.0,22.0,,,1,0,1,1,0,1,1,0,0,0,3,Enriched,11,17,6,1,Organizational Behavior,Clustered,Organizational Behavior,https://covers.openlibrary.org/b/id/10327454-L.jpg
BOOK00351,The People of the Abyss,['Jack London'],Open Library only,True,False,1900,,126.0,4.0,5.0,72.0,37.0,5.0,9.0,51.0,,,1,1,1,1,1,1,1,0,0,0,4,Rich,7,94,87,7,Broad Leadership and Success,Clustered,Broad Leadership and Success,https://covers.openlibrary.org/b/id/9383200-L.jpg
BOOK00352,Olson People Management Skills Set,['OLSON *PEOPLE*'],Open Library only,True,False,1986,,40.0,,,1.0,1.0,0.0,0.0,1.0,,,1,0,0,0,0,1,1,0,0,0,2,Basic,7,7,0,17,People Management,Clustered,People Management,
BOOK00353,Professional HR,['Paul Kearns'],Open Library only,True,False,2013,,13.0,,,5.0,,,,,,,1,0,1,0,0,0,1,0,0,0,3,Enriched,4,8,4,20,Human Resource Management,Clustered,Human Resource Management,
BOOK00354,Armstrong's Handbook of Human Resource Management Practice,"['Michael Armstrong', 'Taylor, Stephen']",Open Library only,True,False,2014,,12.0,,,3.0,5.0,0.0,0.0,5.0,,,1,0,0,0,0,1,1,0,0,0,2,Basic,11,11,0,20,Human Resource Management,Clustered,Human Resource Management,
BOOK00355,How to Be a Super-Effective Manager,['Clive T. Goodworth'],Open Library only,True,False,1984,,42.0,,,3.0,1.0,1.0,0.0,2.0,,,1,0,1,1,0,1,1,0,0,0,3,Enriched,9,10,1,7,Broad Leadership and Success,Clustered,Broad Leadership and Success,https://covers.openlibrary.org/b/id/10593774-L.jpg
BOOK00356,Other People Manage,['Ellen Hawley'],Open Library only,True,False,2022,,4.0,,,1.0,1.0,0.0,0.0,1.0,,,1,0,1,1,0,1,1,0,0,0,3,Enriched,5,7,2,17,People Management,Clustered,People Management,https://covers.openlibrary.org/b/id/14775296-L.jpg
BOOK00357,Team play,['Shirley McKinnon'],Open Library only,True,False,1998,,28.0,,,2.0,1.0,0.0,0.0,1.0,,,1,0,1,1,0,1,1,0,0,0,3,Enriched,4,21,17,1,Organizational Behavior,Clustered,Organizational Behavior,https://covers.openlibrary.org/b/id/12287759-L.jpg
BOOK00358,People Management,['Rus Slater'],Open Library only,True,False,2010,,16.0,,,2.0,,,,,,,1,0,1,1,0,0,1,0,0,0,3,Enriched,4,6,2,17,People Management,Clustered,People Management,https://covers.openlibrary.org/b/id/9113400-L.jpg
BOOK00359,The people manager's pocketbook,['Ian Fleming'],Open Library only,True,False,1993,,33.0,,,1.0,1.0,0.0,0.0,1.0,,,1,0,1,1,0,1,1,0,0,0,3,Enriched,6,11,5,17,People Management,Clustered,People Management,https://covers.openlibrary.org/b/id/11931441-L.jpg
BOOK00360,Business Models and People Management in the Indian IT Industry,"['Ashish Malik', 'Chris Rowley']",Open Library only,True,False,2015,,11.0,,,6.0,,,,,,,1,0,1,0,0,0,1,0,0,0,3,Enriched,14,50,36,12,Information Technology Management,Clustered,Information Technology Management,
BOOK00361,Armstrong's Handbook of Strategic Human Resource Management,['Michael Armstrong'],Open Library only,True,False,2011,,15.0,,,5.0,2.0,0.0,0.0,2.0,,,1,0,1,0,0,1,1,0,0,0,3,Enriched,9,11,2,20,Human Resource Management,Clustered,Human Resource Management,
BOOK00362,Successful People Management,"['David W. Griffiths', 'JAMES RICHARDSON']",Open Library only,True,False,2017,,9.0,,,2.0,,,,,,,1,0,1,1,0,0,1,0,0,0,3,Enriched,8,10,2,17,People Management,Clustered,People Management,https://covers.openlibrary.org/b/id/14575311-L.jpg
BOOK00363,Mastering people management,"['Thomas, Mark']",Open Library only,True,False,1997,,29.0,,,1.0,1.0,0.0,0.0,1.0,,,1,0,1,1,0,1,1,0,0,0,3,Enriched,5,17,12,17,People Management,Clustered,People Management,https://covers.openlibrary.org/b/id/12286172-L.jpg
BOOK00364,People management for small business,['William Laird Siegel'],Open Library only,True,False,1978,,48.0,,,1.0,1.0,0.0,0.0,1.0,,,1,0,1,1,0,1,1,0,0,0,3,Enriched,8,15,7,17,People Management,Clustered,People Management,https://covers.openlibrary.org/b/id/8445577-L.jpg
BOOK00365,Perspectives in People Management,['Satish Bendigiri'],Open Library only,True,False,2019,,7.0,,,1.0,1.0,0.0,0.0,1.0,,,1,0,0,0,0,1,1,0,0,0,2,Basic,6,6,0,17,People Management,Clustered,People Management,
BOOK00366,People Management (Management Papers: 4),['Great Britain. Audit Commission for Local Authorities in England and Wales.'],Open Library only,True,False,1989,,37.0,,,2.0,,,,,,,1,0,0,0,0,0,1,0,0,0,2,Basic,16,16,0,17,People Management,Clustered,People Management,
BOOK00367,CMO of People,"['David Creelman', 'Peter Navin']",Open Library only,True,False,2018,,8.0,,,6.0,,,,,,,1,0,1,0,0,0,1,0,0,0,3,Enriched,7,11,4,17,People Management,Clustered,People Management,
BOOK00368,Mastering People Management,['PAGE'],Open Library only,True,False,2024,,2.0,,,1.0,,,,,,,1,0,0,0,0,0,1,0,0,0,2,Basic,4,4,0,17,People Management,Clustered,People Management,
BOOK00369,Successful People Management in a Week,['Norma Barry'],Open Library only,True,False,2013,,13.0,,,3.0,,,,,,,1,0,1,0,0,0,1,0,0,0,3,Enriched,8,9,1,17,People Management,Clustered,People Management,
BOOK00370,People Manager's Tool Kit,['Karen Gately'],Open Library only,True,False,2013,,13.0,,,3.0,,,,,,,1,0,1,0,0,0,1,0,0,0,3,Enriched,6,17,11,7,Broad Leadership and Success,Clustered,Broad Leadership and Success,
BOOK00371,International human resource management,"['Peter Dowling', 'Peter J. Dowling', 'Denice E. Welch', 'Randall S. Schuler']",Open Library only,True,False,1998,,28.0,5.0,1.0,7.0,9.0,4.0,0.0,13.0,,,1,0,1,1,1,1,1,0,0,0,3,Enriched,15,64,49,20,Human Resource Management,Clustered,Human Resource Management,https://covers.openlibrary.org/b/id/1178600-L.jpg
BOOK00372,Sustainable People Management,['Morgan Orioha'],Open Library only,True,False,2021,,5.0,,,1.0,,,,,,,1,0,0,0,0,0,1,0,0,0,2,Basic,5,5,0,17,People Management,Clustered,People Management,
BOOK00373,Effective People Management,['Richard Blackmon'],Open Library only,True,False,2013,,13.0,,,1.0,,,,,,,1,0,0,0,0,0,1,0,0,0,2,Basic,5,5,0,17,People Management,Clustered,People Management,
BOOK00374,Management,['Peter F. Drucker'],Open Library only,True,False,1973,,53.0,3.0,1.0,14.0,40.0,3.0,3.0,46.0,,,1,1,1,1,1,1,1,0,0,0,4,Rich,4,116,112,7,Broad Leadership and Success,Clustered,Broad Leadership and Success,https://covers.openlibrary.org/b/id/684170-L.jpg
BOOK00375,People Management,"['Diana Dias', 'Carla Magalhães']",Open Library only,True,False,2023,,3.0,,,1.0,,,,,,,1,0,1,0,0,0,1,0,0,0,3,Enriched,6,7,1,17,People Management,Clustered,People Management,
BOOK00376,Effective people management,['Patricia Wellington'],Open Library only,True,False,2011,,15.0,,,1.0,,,,,,,1,0,1,0,0,0,1,0,0,0,3,Enriched,5,7,2,17,People Management,Clustered,People Management,
BOOK00377,People Management,['Gerardus Blokdyk'],Open Library only,True,False,2018,,8.0,,,1.0,,,,,,,1,0,0,0,0,0,1,0,0,0,2,Basic,4,4,0,17,People Management,Clustered,People Management,
BOOK00378,Developing Excellent People Managers,"['Gerrit, Ph.D. Knodt']",Open Library only,True,False,2003,,23.0,,,2.0,,,,,,,1,0,0,1,0,0,1,0,0,0,2,Basic,7,7,0,17,People Management,Clustered,People Management,https://covers.openlibrary.org/b/id/2737111-L.jpg
BOOK00379,Benchmarking for People Managers,['John Bramham'],Open Library only,True,False,2000,,26.0,,,2.0,,,,,,,1,0,0,1,0,0,1,0,0,0,2,Basic,6,6,0,17,People Management,Clustered,People Management,https://covers.openlibrary.org/b/id/14672164-L.jpg
BOOK00380,People managing forests,['Carol J. Pierce Colfer'],Open Library only,True,False,2001,,25.0,,,3.0,,,,,,,1,0,1,1,0,0,1,0,0,0,3,Enriched,7,48,41,13,General Business and Management,Clustered,General Business and Management,https://covers.openlibrary.org/b/id/10370380-L.jpg
BOOK00381,Strategic management,"['Michael A. Hitt', 'Robert E. Hoskisson', 'R. Duane Ireland, Robert E. Hoskisson Michael A.  Hitt', 'Duane Ireland', 'R. Duane Ireland']",Open Library only,True,False,1995,,31.0,1.0,1.0,24.0,48.0,4.0,2.0,54.0,,,1,0,1,1,1,1,1,0,0,0,3,Enriched,22,55,33,27,Strategic Management and Planning,Clustered,Strategic Management and Planning,https://covers.openlibrary.org/b/id/4312445-L.jpg
BOOK00382,Strategic management,['Frank T. Rothaermel'],Open Library only,True,False,2012,,14.0,1.0,1.0,9.0,30.0,3.0,1.0,34.0,,,1,0,1,1,1,1,1,0,0,0,3,Enriched,5,10,5,27,Strategic Management and Planning,Clustered,Strategic Management and Planning,https://covers.openlibrary.org/b/id/12653650-L.jpg
BOOK00383,Strategic management,['R. Edward Freeman'],Open Library only,True,False,1984,,42.0,5.0,3.0,1.0,95.0,5.0,6.0,106.0,,,1,0,1,1,1,1,1,0,0,0,3,Enriched,5,20,15,27,Strategic Management and Planning,Clustered,Strategic Management and Planning,https://covers.openlibrary.org/b/id/7142898-L.jpg
BOOK00384,Strategic management,['Fred R. David'],Open Library only,True,False,1994,,32.0,5.0,1.0,32.0,26.0,2.0,0.0,28.0,,,1,0,1,1,1,1,1,0,0,0,3,Enriched,5,13,8,27,Strategic Management and Planning,Clustered,Strategic Management and Planning,https://covers.openlibrary.org/b/id/10155829-L.jpg
BOOK00385,Strategic Management,['Fred David'],Open Library only,True,False,2001,,25.0,4.0,1.0,30.0,18.0,1.0,1.0,20.0,,,1,0,1,1,1,1,1,0,0,0,3,Enriched,4,12,8,27,Strategic Management and Planning,Clustered,Strategic Management and Planning,https://covers.openlibrary.org/b/id/87789-L.jpg
BOOK00386,Implanting strategic management,"['H. Igor Ansoff', 'Edward McDonnell']",Open Library only,True,False,1984,,42.0,5.0,1.0,6.0,13.0,2.0,1.0,16.0,,,1,0,1,1,1,1,1,0,0,0,3,Enriched,8,22,14,27,Strategic Management and Planning,Clustered,Strategic Management and Planning,https://covers.openlibrary.org/b/id/8018422-L.jpg
BOOK00387,Strategic management and competitive advantage,"['Jay B. Barney', 'Jay Barney', 'William S Hesterly']",Open Library only,True,False,2007,,19.0,,,29.0,24.0,0.0,0.0,24.0,,,1,0,1,1,0,1,1,0,0,0,3,Enriched,13,55,42,27,Strategic Management and Planning,Clustered,Strategic Management and Planning,https://covers.openlibrary.org/b/id/8313536-L.jpg
BOOK00388,Strategic Management,"['Jeffrey H. Dyer', 'Paul Godfrey', 'Robert Jensen', 'David Bryce']",Open Library only,True,False,2013,,13.0,,,62.0,15.0,1.0,0.0,16.0,,,1,0,1,1,0,1,1,0,0,0,3,Enriched,11,14,3,27,Strategic Management and Planning,Clustered,Strategic Management and Planning,https://covers.openlibrary.org/b/id/12554586-L.jpg
BOOK00389,Strategic management,"['Samuel C. Certo', 'J.Paul Peter']",Open Library only,True,False,1988,,38.0,,,9.0,13.0,0.0,0.0,13.0,,,1,0,1,1,0,1,1,0,0,0,3,Enriched,7,18,11,27,Strategic Management and Planning,Clustered,Strategic Management and Planning,https://covers.openlibrary.org/b/id/4004709-L.jpg
BOOK00390,Strategic Management Theory,['Gareth R. Jones'],Open Library only,True,False,1992,,34.0,,,13.0,13.0,1.0,0.0,14.0,,,1,0,1,1,0,1,1,0,0,0,3,Enriched,6,13,7,27,Strategic Management and Planning,Clustered,Strategic Management and Planning,https://covers.openlibrary.org/b/id/4980059-L.jpg
BOOK00391,Concepts of strategic management,['Fred R. David'],Open Library only,True,False,1987,,39.0,,,7.0,8.0,0.0,1.0,9.0,,,1,0,1,1,0,1,1,0,0,0,3,Enriched,7,23,16,27,Strategic Management and Planning,Clustered,Strategic Management and Planning,https://covers.openlibrary.org/b/id/3860100-L.jpg
BOOK00392,Strategic management of technological innovation,['Melissa A. Schilling'],Open Library only,True,False,2007,,19.0,0.0,0.0,6.0,14.0,2.0,0.0,16.0,,,1,0,1,1,1,1,1,0,0,0,3,Enriched,8,15,7,21,Innovation Management,Clustered,Innovation Management,https://covers.openlibrary.org/b/id/11702784-L.jpg
BOOK00393,Strategic management,"['Pearce, John A.', 'John A. Pearce', 'Richard B. Robinson']",Open Library only,True,False,2005,,21.0,5.0,1.0,2.0,24.0,4.0,0.0,28.0,,,1,0,1,1,1,1,1,0,0,0,3,Enriched,11,34,23,27,Strategic Management and Planning,Clustered,Strategic Management and Planning,https://covers.openlibrary.org/b/id/6566195-L.jpg
BOOK00394,Strategic Management,"['Garth Saloner', 'Andrea Shepard', 'Joel Podolny']",Open Library only,True,False,2000,,26.0,,,8.0,7.0,0.0,0.0,7.0,,,1,0,1,1,0,1,1,0,0,0,3,Enriched,8,12,4,27,Strategic Management and Planning,Clustered,Strategic Management and Planning,https://covers.openlibrary.org/b/id/303982-L.jpg
BOOK00395,Strategic management,['Garth Saloner'],Open Library only,True,False,2001,,25.0,,,1.0,20.0,0.0,0.0,20.0,,,1,1,1,1,0,1,1,0,0,0,4,Rich,4,109,105,27,Strategic Management and Planning,Clustered,Strategic Management and Planning,https://covers.openlibrary.org/b/id/6934692-L.jpg
BOOK00396,International business,"['Alan M. Rugman', 'Richard M. Hodgetts']",Open Library only,True,False,1985,,41.0,3.0,1.0,19.0,19.0,1.0,2.0,22.0,,,1,1,1,1,1,1,1,0,0,0,4,Rich,8,117,109,27,Strategic Management and Planning,Clustered,Strategic Management and Planning,https://covers.openlibrary.org/b/id/1156276-L.jpg
BOOK00397,Creating public value,['Mark Harrison Moore'],Open Library only,True,False,1995,,31.0,5.0,1.0,3.0,21.0,2.0,2.0,25.0,,,1,1,1,1,1,1,1,0,0,0,4,Rich,6,170,164,28,CEO and Executive Transformation,Clustered,CEO and Executive Transformation,https://covers.openlibrary.org/b/id/3792411-L.jpg
BOOK00398,Strategic Management,['Tienie Ehlers'],Open Library only,True,False,2004,,22.0,,,2.0,18.0,0.0,0.0,18.0,,,1,1,1,1,0,1,1,0,0,0,4,Rich,4,26,22,27,Strategic Management and Planning,Clustered,Strategic Management and Planning,https://covers.openlibrary.org/b/id/4640924-L.jpg
BOOK00399,Global Strategic Management,['Philippe Lasserre'],Open Library only,True,False,2002,,24.0,,,8.0,7.0,0.0,0.0,7.0,,,1,1,1,1,0,1,1,0,0,0,4,Rich,5,62,57,27,Strategic Management and Planning,Clustered,Strategic Management and Planning,https://covers.openlibrary.org/b/id/1180773-L.jpg
BOOK00400,Strategic Management : Theory & Cases,"['Charles W. L. Hill', 'Gareth R. Jones', 'Melissa A. Schilling']",Open Library only,True,False,2013,,13.0,,,6.0,13.0,1.0,0.0,14.0,,,1,0,1,1,0,1,1,0,0,0,3,Enriched,16,23,7,27,Strategic Management and Planning,Clustered,Strategic Management and Planning,https://covers.openlibrary.org/b/id/8992475-L.jpg
BOOK00401,Strategic Management,['John Parnell'],Open Library only,True,False,2020,,6.0,,,10.0,7.0,0.0,0.0,7.0,,,1,0,1,0,0,1,1,0,0,0,3,Enriched,4,5,1,27,Strategic Management and Planning,Clustered,Strategic Management and Planning,
BOOK00402,Strategic management of health care organizations,"['Peter M. Ginter', 'Linda E. Swayne', 'W. Jack Duncan']",Open Library only,True,False,2002,,24.0,5.0,1.0,13.0,5.0,0.0,1.0,6.0,,,1,0,1,1,1,1,1,0,0,0,3,Enriched,15,64,49,7,Broad Leadership and Success,Clustered,Broad Leadership and Success,https://covers.openlibrary.org/b/id/396941-L.jpg
BOOK00403,Strategic management and business analysis,"['Cooke, Peter', 'David Williamson', 'Wyn Jenkins', 'Keith Michael Moreton']",Open Library only,True,False,2003,,23.0,5.0,1.0,7.0,8.0,0.0,0.0,8.0,,,1,0,1,1,1,1,1,0,0,0,3,Enriched,14,24,10,27,Strategic Management and Planning,Clustered,Strategic Management and Planning,https://covers.openlibrary.org/b/id/493458-L.jpg
BOOK00404,Strategic management,"['Miller, Alex']",Open Library only,True,False,1996,,30.0,,,3.0,7.0,3.0,0.0,10.0,,,1,0,1,1,0,1,1,0,0,0,3,Enriched,4,8,4,27,Strategic Management and Planning,Clustered,Strategic Management and Planning,https://covers.openlibrary.org/b/id/54780-L.jpg
BOOK00405,Strategic management,['Allen C. Amason'],Open Library only,True,False,2011,,15.0,,,8.0,3.0,0.0,1.0,4.0,,,1,0,1,1,0,1,1,0,0,0,3,Enriched,5,15,10,27,Strategic Management and Planning,Clustered,Strategic Management and Planning,https://covers.openlibrary.org/b/id/12713229-L.jpg
BOOK00406,Strategic management,"['John L. Thompson', 'Frank Martin']",Open Library only,True,False,2005,,21.0,,,1.0,12.0,1.0,0.0,13.0,,,1,0,1,1,0,1,1,0,0,0,3,Enriched,7,18,11,27,Strategic Management and Planning,Clustered,Strategic Management and Planning,https://covers.openlibrary.org/b/id/2994681-L.jpg
BOOK00407,Sustainable strategic management,"['W. Edward Stead', 'Jean Garner Stead', 'Mark Starik']",Open Library only,True,False,2003,,23.0,,,8.0,4.0,0.0,0.0,4.0,,,1,0,1,1,0,1,1,0,0,0,3,Enriched,11,46,35,27,Strategic Management and Planning,Clustered,Strategic Management and Planning,https://covers.openlibrary.org/b/id/1444090-L.jpg
BOOK00408,Strategic management in action,['Mary K. Coulter'],Open Library only,True,False,1998,,28.0,,,5.0,5.0,2.0,1.0,8.0,,,1,1,1,1,0,1,1,0,0,0,4,Rich,7,94,87,27,Strategic Management and Planning,Clustered,Strategic Management and Planning,https://covers.openlibrary.org/b/id/1114659-L.jpg
BOOK00409,Strategize!,"['C. Gopinath', 'Julie I. Siciliano']",Open Library only,True,False,2004,,22.0,,,5.0,5.0,1.0,0.0,6.0,,,1,0,1,1,0,1,1,0,0,0,3,Enriched,6,35,29,27,Strategic Management and Planning,Clustered,Strategic Management and Planning,https://covers.openlibrary.org/b/id/194699-L.jpg
BOOK00410,Strategy safari,['Henry Mintzberg'],Open Library only,True,False,1998,,28.0,,,6.0,15.0,1.0,0.0,16.0,,,1,1,1,1,0,1,1,0,0,0,4,Rich,4,152,148,27,Strategic Management and Planning,Clustered,Strategic Management and Planning,https://covers.openlibrary.org/b/id/427277-L.jpg
BOOK00411,Strategic management,"['Mason Andrew Carpenter', 'Mason A. Carpenter', 'William Gerard Sanders']",Open Library only,True,False,2006,,20.0,,,9.0,4.0,0.0,0.0,4.0,,,1,0,1,1,0,1,1,0,0,0,3,Enriched,11,15,4,27,Strategic Management and Planning,Clustered,Strategic Management and Planning,https://covers.openlibrary.org/b/id/1108354-L.jpg
BOOK00412,Strategic Management,['Frank Rothaermel'],Open Library only,True,False,2012,,14.0,,,3.0,7.0,1.0,0.0,8.0,,,1,0,1,1,0,1,1,0,0,0,3,Enriched,4,7,3,27,Strategic Management and Planning,Clustered,Strategic Management and Planning,https://covers.openlibrary.org/b/id/10415276-L.jpg
BOOK00413,Understanding Strategic Management,['Anthony Henry'],Open Library only,True,False,2008,,18.0,,,2.0,8.0,0.0,1.0,9.0,,,1,0,1,1,0,1,1,0,0,0,3,Enriched,5,8,3,27,Strategic Management and Planning,Clustered,Strategic Management and Planning,https://covers.openlibrary.org/b/id/2334282-L.jpg
BOOK00414,Sustainable Strategic Management,"['W. Edward Stead', 'Jean Garner Stead', 'Mark Starik']",Open Library only,True,False,2003,,23.0,,,9.0,1.0,1.0,0.0,2.0,,,1,0,1,1,0,1,1,0,0,0,3,Enriched,11,12,1,27,Strategic Management and Planning,Clustered,Strategic Management and Planning,https://covers.openlibrary.org/b/id/525598-L.jpg
BOOK00415,Strategic management,['Fred R. David'],Open Library only,True,False,2011,,15.0,,,1.0,7.0,2.0,0.0,9.0,,,1,0,1,1,0,1,1,0,0,0,3,Enriched,5,9,4,27,Strategic Management and Planning,Clustered,Strategic Management and Planning,https://covers.openlibrary.org/b/id/9719082-L.jpg
BOOK00416,The Strategic Manager,['Harry Sminia'],Open Library only,True,False,2014,,12.0,,,16.0,1.0,0.0,0.0,1.0,,,1,0,1,1,0,1,1,0,0,0,3,Enriched,5,26,21,27,Strategic Management and Planning,Clustered,Strategic Management and Planning,https://covers.openlibrary.org/b/id/8873999-L.jpg
BOOK00417,Strategic management,['Fred R. David'],Open Library only,True,False,2001,,25.0,,,1.0,8.0,0.0,0.0,8.0,,,1,0,1,1,0,1,1,0,0,0,3,Enriched,5,13,8,27,Strategic Management and Planning,Clustered,Strategic Management and Planning,https://covers.openlibrary.org/b/id/8017426-L.jpg
BOOK00418,Strategic Management,['Lester A. Digman'],Open Library only,True,False,1986,,40.0,,,13.0,2.0,0.0,0.0,2.0,,,1,0,1,1,0,1,1,0,0,0,3,Enriched,5,10,5,27,Strategic Management and Planning,Clustered,Strategic Management and Planning,https://covers.openlibrary.org/b/id/4994414-L.jpg
BOOK00419,Strategic Management,['R. Edward Freeman'],Open Library only,True,False,2010,,16.0,,,2.0,7.0,0.0,0.0,7.0,,,1,0,1,0,0,1,1,0,0,0,3,Enriched,5,7,2,27,Strategic Management and Planning,Clustered,Strategic Management and Planning,
BOOK00420,Strategic Management Accounting,['Zahirul Hoque'],Open Library only,True,False,2003,,23.0,5.0,1.0,3.0,7.0,0.0,1.0,8.0,,,1,0,0,1,1,1,1,0,0,0,2,Basic,5,5,0,27,Strategic Management and Planning,Clustered,Strategic Management and Planning,https://covers.openlibrary.org/b/id/3046930-L.jpg
BOOK00421,Essentials of strategic management,"['J. David Hunger', 'Thomas L. Wheelen']",Open Library only,True,False,2003,,23.0,,,7.0,4.0,0.0,0.0,4.0,,,1,0,1,1,0,1,1,0,0,0,3,Enriched,10,18,8,27,Strategic Management and Planning,Clustered,Strategic Management and Planning,https://covers.openlibrary.org/b/id/9847286-L.jpg
BOOK00422,Global strategic management,"['Kamel Mellahi', 'Jedrzej George Frynas', 'Paul Finlay']",Open Library only,True,False,2005,,21.0,,,2.0,5.0,1.0,0.0,6.0,,,1,0,1,1,0,1,1,0,0,0,3,Enriched,10,21,11,27,Strategic Management and Planning,Clustered,Strategic Management and Planning,https://covers.openlibrary.org/b/id/1139671-L.jpg
BOOK00423,Strategic management,['Richard L. Lynch'],Open Library only,True,False,2008,,18.0,,,2.0,5.0,0.0,0.0,5.0,,,1,0,1,1,0,1,1,0,0,0,3,Enriched,5,9,4,27,Strategic Management and Planning,Clustered,Strategic Management and Planning,https://covers.openlibrary.org/b/id/12292192-L.jpg
BOOK00424,Change management,"['Jeffrey M. Hiatt', 'Timothy J. Creasey']",Open Library only,True,False,2003,,23.0,,,1.0,13.0,0.0,0.0,13.0,,,1,0,1,1,0,1,1,0,0,0,3,Enriched,8,11,3,9,Change Management,Clustered,Change Management,https://covers.openlibrary.org/b/id/955409-L.jpg
BOOK00425,Managing Change/Changing Managers,['Julian Randall'],Open Library only,True,False,2004,,22.0,,,6.0,7.0,0.0,0.0,7.0,,,1,0,1,0,0,1,1,0,0,0,3,Enriched,5,9,4,9,Change Management,Clustered,Change Management,
BOOK00426,Change management,"['Robert Sullivan', 'Stephen Lytton']",Open Library only,True,False,2000,,26.0,,,1.0,8.0,0.0,0.0,8.0,,,1,0,1,1,0,1,1,0,0,0,3,Enriched,6,19,13,9,Change Management,Clustered,Change Management,https://covers.openlibrary.org/b/id/2045878-L.jpg
BOOK00427,Change Management,['Thomas Lauer'],Open Library only,True,False,2010,,16.0,,,6.0,5.0,0.0,0.0,5.0,,,1,1,1,1,0,1,1,0,0,0,4,Rich,4,98,94,9,Change Management,Clustered,Change Management,https://covers.openlibrary.org/b/id/10144143-L.jpg
BOOK00428,"Managing change, changing managers",['Julian Randall'],Open Library only,True,False,2004,,22.0,,,2.0,6.0,1.0,0.0,7.0,,,1,1,1,1,0,1,1,0,0,0,4,Rich,6,162,156,9,Change Management,Clustered,Change Management,https://covers.openlibrary.org/b/id/1216161-L.jpg
BOOK00429,Change management in information services,['Lyndon Pugh'],Open Library only,True,False,2000,,26.0,,,13.0,2.0,0.0,0.0,2.0,,,1,0,1,1,0,1,1,0,0,0,3,Enriched,7,46,39,12,Information Technology Management,Clustered,Information Technology Management,https://covers.openlibrary.org/b/id/1285170-L.jpg
BOOK00430,Making sense of change management,"['Esther Cameron', 'Mike Green']",Open Library only,True,False,2004,,22.0,,,12.0,7.0,0.0,0.0,7.0,,,1,0,1,1,0,1,1,0,0,0,3,Enriched,9,26,17,12,Information Technology Management,Clustered,Information Technology Management,https://covers.openlibrary.org/b/id/491122-L.jpg
BOOK00431,Changing Change Management,['Darren McCabe'],Open Library only,True,False,2020,,6.0,,,6.0,3.0,0.0,0.0,3.0,,,1,0,1,1,0,1,1,0,0,0,3,Enriched,5,39,34,13,General Business and Management,Clustered,General Business and Management,https://covers.openlibrary.org/b/id/12409337-L.jpg
BOOK00432,Change Management,"['Klaus Doppler', 'Christoph Lauterburg']",Open Library only,True,False,2014,,12.0,,,2.0,6.0,0.0,0.0,6.0,,,1,0,0,1,0,1,1,0,0,0,2,Basic,6,6,0,9,Change Management,Clustered,Change Management,https://covers.openlibrary.org/b/id/10129545-L.jpg
BOOK00433,Making sense of change management,['Esther Cameron'],Open Library only,True,False,2008,,18.0,,,2.0,9.0,0.0,0.0,9.0,,,1,1,1,1,0,1,1,0,0,0,4,Rich,7,129,122,12,Information Technology Management,Clustered,Information Technology Management,https://covers.openlibrary.org/b/id/9728846-L.jpg
BOOK00434,The Theory and Practice of Change Management,['John Hayes'],Open Library only,True,False,2014,,12.0,,,6.0,4.0,0.0,0.0,4.0,,,1,0,1,1,0,1,1,0,0,0,3,Enriched,9,13,4,9,Change Management,Clustered,Change Management,https://covers.openlibrary.org/b/id/8763618-L.jpg
BOOK00435,Effective Change Manager,['The Change Management Institute'],Open Library only,True,False,2014,,12.0,,,1.0,5.0,0.0,0.0,5.0,,,1,0,0,1,0,1,1,0,0,0,2,Basic,7,7,0,9,Change Management,Clustered,Change Management,https://covers.openlibrary.org/b/id/13350126-L.jpg
BOOK00436,Making sense of change management,['Esther Cameron'],Open Library only,True,False,2015,,11.0,,,2.0,10.0,1.0,0.0,11.0,,,1,1,1,1,0,1,1,0,0,0,4,Rich,7,198,191,12,Information Technology Management,Clustered,Information Technology Management,https://covers.openlibrary.org/b/id/9138139-L.jpg
BOOK00437,Managing change,"['Todd Jick', 'Maury Peiperl', 'Todd D. Jick']",Open Library only,True,False,1993,,33.0,3.5,2.0,6.0,49.0,5.0,2.0,56.0,,,1,0,1,1,1,1,1,0,0,0,3,Enriched,9,50,41,13,General Business and Management,Clustered,General Business and Management,https://covers.openlibrary.org/b/id/1153520-L.jpg
BOOK00438,Change Management,['Jeff Hiatt'],Open Library only,True,False,2003,,23.0,,,2.0,4.0,0.0,0.0,4.0,,,1,1,0,1,0,1,1,0,0,0,3,Enriched,4,60,56,9,Change Management,Clustered,Change Management,https://covers.openlibrary.org/b/id/12197006-L.jpg
BOOK00439,Lean Change Management,['Jason Little'],Open Library only,True,False,2014,,12.0,,,1.0,8.0,0.0,0.0,8.0,,,1,0,0,1,0,1,1,0,0,0,2,Basic,5,5,0,9,Change Management,Clustered,Change Management,https://covers.openlibrary.org/b/id/7386130-L.jpg
BOOK00440,Change Management,['James McCalman'],Open Library only,True,False,1992,,34.0,,,8.0,1.0,0.0,0.0,1.0,,,1,0,1,1,0,1,1,0,0,0,3,Enriched,4,16,12,9,Change Management,Clustered,Change Management,https://covers.openlibrary.org/b/id/11601919-L.jpg
BOOK00441,Strategic Change Management Strategic Change Management,['Djamel Eddine Laouisset'],Open Library only,True,False,2008,,18.0,,,2.0,2.0,0.0,0.0,2.0,,,1,0,0,0,0,1,1,0,0,0,2,Basic,9,9,0,9,Change Management,Clustered,Change Management,
BOOK00442,Organizational Behaviour and Change Management,"['Cornell Vernooij', 'Judith Stuijt', 'Maarten Hendriks', 'Wouter ten Have', 'Steven ten Have']",Open Library only,True,False,2022,,4.0,,,5.0,3.0,0.0,0.0,3.0,,,1,0,1,1,0,1,1,0,0,0,3,Enriched,17,34,17,1,Organizational Behavior,Clustered,Organizational Behavior,https://covers.openlibrary.org/b/id/14770890-L.jpg
BOOK00443,The Manager's Path,['Camille Fournier'],Open Library only,True,False,2017,,9.0,4.3333335,21.0,1.0,86.0,6.0,26.0,118.0,,,1,1,1,1,1,1,1,0,0,0,4,Rich,5,234,229,7,Broad Leadership and Success,Clustered,Broad Leadership and Success,https://covers.openlibrary.org/b/id/8667291-L.jpg
BOOK00444,Agile Change Management,['Melanie Franklin'],Open Library only,True,False,2014,,12.0,,,6.0,2.0,0.0,0.0,2.0,,,1,0,1,1,0,1,1,0,0,0,3,Enriched,5,39,34,13,General Business and Management,Clustered,General Business and Management,https://covers.openlibrary.org/b/id/13912355-L.jpg
BOOK00445,The Effective Change Manager's Handbook,['APMG'],Open Library only,True,False,2014,,12.0,5.0,1.0,3.0,1.0,0.0,1.0,2.0,,,1,0,1,1,1,1,1,0,0,0,3,Enriched,6,26,20,9,Change Management,Clustered,Change Management,https://covers.openlibrary.org/b/id/8999352-L.jpg
BOOK00446,Breakthrough IT Change Management,"['Bennet Lientz', 'Kathryn Rea']",Open Library only,True,False,2004,,22.0,,,8.0,,,,,,,1,0,1,0,0,0,1,0,0,0,3,Enriched,8,13,5,12,Information Technology Management,Clustered,Information Technology Management,
BOOK00447,Beyond change management,['Dean Anderson'],Open Library only,True,False,2001,,25.0,,,1.0,4.0,0.0,0.0,4.0,,,1,0,1,1,0,1,1,0,0,0,3,Enriched,5,18,13,9,Change Management,Clustered,Change Management,https://covers.openlibrary.org/b/id/10343568-L.jpg
BOOK00448,Managing Change,['Bernard Burnes'],Open Library only,True,False,1992,,34.0,,,7.0,30.0,2.0,1.0,33.0,,,1,1,1,1,0,1,1,0,0,0,4,Rich,4,29,25,9,Change Management,Clustered,Change Management,https://covers.openlibrary.org/b/id/2346403-L.jpg
BOOK00449,Business process change management,['August-Wilhelm Scheer'],Open Library only,True,False,2003,,23.0,,,2.0,1.0,0.0,1.0,2.0,,,1,0,1,1,0,1,1,0,0,0,3,Enriched,6,27,21,12,Information Technology Management,Clustered,Information Technology Management,https://covers.openlibrary.org/b/id/2216865-L.jpg
BOOK00450,Change Management,"['Frank Voehl', 'H. James Harrington']",Open Library only,True,False,2017,,9.0,,,2.0,2.0,0.0,0.0,2.0,,,1,0,1,0,0,1,1,0,0,0,3,Enriched,7,18,11,9,Change Management,Clustered,Change Management,
BOOK00451,Change Management Für Dummies,['Alexandra Schichtel'],Open Library only,True,False,2010,,16.0,,,6.0,,,,,,,1,0,0,0,0,0,1,0,0,0,2,Basic,6,6,0,9,Change Management,Clustered,Change Management,
BOOK00452,Reconsidering Change Management,"['Steven ten Have', 'ten Have Wouter', 'Anne-Bregj Huijsmans']",Open Library only,True,False,2016,,10.0,,,6.0,,,,,,,1,0,1,0,0,0,1,0,0,0,3,Enriched,11,29,18,9,Change Management,Clustered,Change Management,
BOOK00453,Correctional administration and change management,['Martha Henderson Hurley'],Open Library only,True,False,2010,,16.0,,,7.0,,,,,,,1,0,1,0,0,0,1,0,0,0,3,Enriched,8,19,11,9,Change Management,Clustered,Change Management,
BOOK00454,Change management,['Marcus Gonçalves'],Open Library only,True,False,2007,,19.0,,,1.0,2.0,0.0,0.0,2.0,,,1,0,1,1,0,1,1,0,0,0,3,Enriched,4,11,7,12,Information Technology Management,Clustered,Information Technology Management,https://covers.openlibrary.org/b/id/12166697-L.jpg
BOOK00455,The Theory and Practice of Change Management,['John Hayes'],Open Library only,True,False,2010,,16.0,,,1.0,4.0,0.0,0.0,4.0,,,1,0,1,1,0,1,1,0,0,0,3,Enriched,9,13,4,9,Change Management,Clustered,Change Management,https://covers.openlibrary.org/b/id/6303147-L.jpg
BOOK00456,Appreciative inquiry for change management,['Sarah Lewis'],Open Library only,True,False,2011,,15.0,,,1.0,3.0,1.0,0.0,4.0,,,1,1,1,1,0,1,1,0,0,0,4,Rich,7,170,163,9,Change Management,Clustered,Change Management,https://covers.openlibrary.org/b/id/12628827-L.jpg
BOOK00457,Leadership and change management,['Annabel C. Beerel'],Open Library only,True,False,2009,,17.0,,,1.0,3.0,0.0,0.0,3.0,,,1,0,1,1,0,1,1,0,0,0,3,Enriched,7,13,6,9,Change Management,Clustered,Change Management,https://covers.openlibrary.org/b/id/14111653-L.jpg
BOOK00458,Changing managers and managing change,"['Mahmoud Ezzamel', 'Simon Lilley', 'Hugh Wilmott', 'Chris Green']",Open Library only,True,False,1995,,31.0,,,1.0,2.0,0.0,0.0,2.0,,,1,0,1,1,0,1,1,0,0,0,3,Enriched,13,23,10,9,Change Management,Clustered,Change Management,https://covers.openlibrary.org/b/id/13019822-L.jpg
BOOK00459,Managing innovation,"['Joseph Tidd', 'Joe Tidd', 'John Bessant', 'Keith Pavitt']",Open Library only,True,False,1997,,29.0,5.0,1.0,26.0,27.0,7.0,1.0,35.0,,,1,0,1,1,1,1,1,0,0,0,3,Enriched,10,60,50,21,Innovation Management,Clustered,Innovation Management,https://covers.openlibrary.org/b/id/307559-L.jpg
BOOK00460,Change Management During Unprecedented Times,['Kyla Latrice Tennin'],Open Library only,True,False,2023,,3.0,,,5.0,1.0,0.0,0.0,1.0,,,1,0,0,0,0,1,1,0,0,0,2,Basic,8,8,0,9,Change Management,Clustered,Change Management,
BOOK00461,"Change Management in schwierigen Zeiten, m. CD-ROM",['Dietmar Vahs'],Open Library only,True,False,2003,,23.0,,,1.0,5.0,0.0,0.0,5.0,,,1,0,0,1,0,1,1,0,0,0,2,Basic,9,9,0,9,Change Management,Clustered,Change Management,https://covers.openlibrary.org/b/id/1030804-L.jpg
BOOK00462,Leadership and Change Management,"['Daphne Halkias', 'Joseph C. Santora', 'Nicholas Harkiolakis', 'Paul W. Thurman']",Open Library only,True,False,2017,,9.0,,,4.0,1.0,0.0,0.0,1.0,,,1,0,0,0,0,1,1,0,0,0,2,Basic,14,14,0,9,Change Management,Clustered,Change Management,
BOOK00463,The complete idiot's guide to change management,['Jeffrey P. Davidson'],Open Library only,True,False,2002,,24.0,,,1.0,2.0,0.0,0.0,2.0,,,1,0,1,1,0,1,1,0,0,0,3,Enriched,10,13,3,9,Change Management,Clustered,Change Management,https://covers.openlibrary.org/b/id/12821961-L.jpg
BOOK00464,Additive Manufacturing Change Management,"['David M. Dietrich', 'Michael Kenworthy', 'Elizabeth A. Cudney']",Open Library only,True,False,2019,,7.0,,,6.0,,,,,,,1,0,1,1,0,0,1,0,0,0,3,Enriched,12,38,26,9,Change Management,Clustered,Change Management,https://covers.openlibrary.org/b/id/10443163-L.jpg
BOOK00465,Enterprise Change Management,"['David Miller', 'Audra Proctor']",Open Library only,True,False,2016,,10.0,,,2.0,2.0,0.0,0.0,2.0,,,1,0,1,1,0,1,1,0,0,0,3,Enriched,7,10,3,9,Change Management,Clustered,Change Management,https://covers.openlibrary.org/b/id/9138055-L.jpg
BOOK00466,Switch,"['Chip Heath', 'Chip; Heath, Dan Heath']",Open Library only,True,False,1999,,27.0,4.4,10.0,13.0,126.0,5.0,16.0,147.0,,,1,1,1,1,1,1,1,0,0,0,4,Rich,7,318,311,7,Broad Leadership and Success,Clustered,Broad Leadership and Success,https://covers.openlibrary.org/b/id/6968365-L.jpg
BOOK00467,Leading Change,['John P. Kotter'],Open Library only,True,False,1996,,30.0,4.6666665,6.0,4.0,188.0,9.0,8.0,205.0,,,1,1,1,1,1,1,1,0,0,0,4,Rich,5,296,291,7,Broad Leadership and Success,Clustered,Broad Leadership and Success,https://covers.openlibrary.org/b/id/668100-L.jpg
BOOK00468,Employee Empowerment,['Daniel Bloom'],Open Library only,True,False,2020,,6.0,,,6.0,2.0,0.0,0.0,2.0,,,1,0,1,1,0,1,1,0,0,0,3,Enriched,4,25,21,13,General Business and Management,Clustered,General Business and Management,https://covers.openlibrary.org/b/id/13279880-L.jpg
BOOK00469,Change Management Masterclass,['Mike Green'],Open Library only,True,False,2007,,19.0,,,2.0,1.0,0.0,0.0,1.0,,,1,1,1,1,0,1,1,0,0,0,4,Rich,5,97,92,9,Change Management,Clustered,Change Management,https://covers.openlibrary.org/b/id/1394937-L.jpg
BOOK00470,Change Manager,['Tracey Torble'],Open Library only,True,False,2019,,7.0,,,4.0,,,,,,,1,0,1,0,0,0,1,0,0,0,3,Enriched,4,6,2,12,Information Technology Management,Clustered,Information Technology Management,
BOOK00471,Rework,"['Jason Fried', 'David Heinemeier Hansson']",Open Library only,True,False,2010,,16.0,3.8333333,48.0,15.0,483.0,53.0,59.0,595.0,,,1,1,1,1,1,1,1,0,0,0,4,Rich,6,311,305,0,Entrepreneurial and Growth Mindset,Clustered,Entrepreneurial and Growth Mindset,https://covers.openlibrary.org/b/id/6679955-L.jpg
BOOK00472,Production and operations management,"['Everett E. Adam', 'Ronald J. Ebert']",Open Library only,True,False,1978,,48.0,4.5,2.0,14.0,95.0,18.0,1.0,114.0,,,1,0,1,1,1,1,1,0,0,0,3,Enriched,10,29,19,24,Operations Management,Clustered,Operations Management,https://covers.openlibrary.org/b/id/4065062-L.jpg
BOOK00473,Production and operations management,['Richard B. Chase'],Open Library only,True,False,1973,,53.0,4.0,2.0,13.0,51.0,7.0,2.0,60.0,,,1,0,1,1,1,1,1,0,0,0,3,Enriched,7,18,11,24,Operations Management,Clustered,Operations Management,https://covers.openlibrary.org/b/id/3789079-L.jpg
BOOK00474,Operations management,['Roger G. Schroeder'],Open Library only,True,False,1981,,45.0,,,22.0,36.0,4.0,0.0,40.0,,,1,0,1,1,0,1,1,0,0,0,3,Enriched,5,10,5,24,Operations Management,Clustered,Operations Management,https://covers.openlibrary.org/b/id/4001404-L.jpg
BOOK00475,Operations management,['William J. Stevenson'],Open Library only,True,False,2004,,22.0,5.0,1.0,5.0,27.0,4.0,0.0,31.0,,,1,0,1,1,1,1,1,0,0,0,3,Enriched,5,16,11,24,Operations Management,Clustered,Operations Management,https://covers.openlibrary.org/b/id/1075744-L.jpg
BOOK00476,Operations management,['Joseph G. Monks'],Open Library only,True,False,1977,,49.0,1.5,2.0,5.0,46.0,6.0,0.0,52.0,,,1,0,1,1,1,1,1,0,0,0,3,Enriched,5,10,5,24,Operations Management,Clustered,Operations Management,https://covers.openlibrary.org/b/id/1074431-L.jpg
BOOK00477,Production/operations management,['William J. Stevenson'],Open Library only,True,False,1982,,44.0,3.5,2.0,15.0,25.0,3.0,2.0,30.0,,,1,1,1,1,1,1,1,0,0,0,4,Rich,5,25,20,24,Operations Management,Clustered,Operations Management,https://covers.openlibrary.org/b/id/4088133-L.jpg
BOOK00478,Production and operations management,['Norman Gaither'],Open Library only,True,False,1980,,46.0,5.0,1.0,15.0,33.0,3.0,1.0,37.0,,,1,0,1,1,1,1,1,0,0,0,3,Enriched,6,14,8,24,Operations Management,Clustered,Operations Management,https://covers.openlibrary.org/b/id/4167539-L.jpg
BOOK00479,Operations Management,"['Norman Gaither', 'Gregory Frazier']",Open Library only,True,False,2001,,25.0,4.5,2.0,4.0,19.0,1.0,3.0,23.0,,,1,0,1,1,1,1,1,0,0,0,3,Enriched,6,40,34,24,Operations Management,Clustered,Operations Management,https://covers.openlibrary.org/b/id/1178025-L.jpg
BOOK00480,Operations management for MBAs,"['Jack R. Meredith', 'Scott M. Shafer']",Open Library only,True,False,1999,,27.0,0.0,0.0,11.0,13.0,1.0,0.0,14.0,,,1,0,1,1,1,1,1,0,0,0,3,Enriched,10,15,5,24,Operations Management,Clustered,Operations Management,https://covers.openlibrary.org/b/id/1245011-L.jpg
BOOK00481,Operations management,['William J. Stevenson'],Open Library only,True,False,2001,,25.0,,,3.0,23.0,0.0,0.0,23.0,,,1,0,1,1,0,1,1,0,0,0,3,Enriched,5,14,9,24,Operations Management,Clustered,Operations Management,https://covers.openlibrary.org/b/id/6547803-L.jpg
BOOK00482,Operations management,['Andrew Greasley'],Open Library only,True,False,2005,,21.0,,,9.0,9.0,1.0,0.0,10.0,,,1,0,1,1,0,1,1,0,0,0,3,Enriched,4,21,17,24,Operations Management,Clustered,Operations Management,https://covers.openlibrary.org/b/id/1237924-L.jpg
BOOK00483,Operations Management,['Jay Heizer'],Open Library only,True,False,2004,,22.0,,,12.0,14.0,1.0,1.0,16.0,,,1,0,0,0,0,1,1,0,0,0,2,Basic,4,4,0,24,Operations Management,Clustered,Operations Management,
BOOK00484,Principles of operations management,"['Barry Render', 'Jay Heizer']",Open Library only,True,False,1993,,33.0,,,11.0,10.0,1.0,0.0,11.0,,,1,0,1,1,0,1,1,0,0,0,3,Enriched,8,29,21,24,Operations Management,Clustered,Operations Management,https://covers.openlibrary.org/b/id/89865-L.jpg
BOOK00485,Operations management,['Jay Heizer'],Open Library only,True,False,1999,,27.0,,,5.0,10.0,3.0,0.0,13.0,,,1,0,1,1,0,1,1,0,0,0,3,Enriched,4,6,2,24,Operations Management,Clustered,Operations Management,https://covers.openlibrary.org/b/id/2323632-L.jpg
BOOK00486,Slack,"['Nigel Slack', 'Alistair Brandon-Jones', 'Robert Johnston']",Open Library only,True,False,2013,,13.0,4.0,1.0,3.0,26.0,2.0,1.0,29.0,,,1,0,1,1,1,1,1,0,0,0,3,Enriched,7,9,2,24,Operations Management,Clustered,Operations Management,https://covers.openlibrary.org/b/id/10531271-L.jpg
BOOK00487,Operations management,"['Roberta S. Russell', 'Bernard W. Taylor', 'Roberta (Robin) Russell']",Open Library only,True,False,1997,,29.0,,,15.0,9.0,1.0,0.0,10.0,,,1,0,1,1,0,1,1,0,0,0,3,Enriched,11,54,43,24,Operations Management,Clustered,Operations Management,https://covers.openlibrary.org/b/id/306350-L.jpg
BOOK00488,Production and Operations Management,['Kanishka Bedi'],Open Library only,True,False,2004,,22.0,4.5,2.0,3.0,14.0,1.0,2.0,17.0,,,1,0,1,1,1,1,1,0,0,0,3,Enriched,6,10,4,24,Operations Management,Clustered,Operations Management,https://covers.openlibrary.org/b/id/2330452-L.jpg
BOOK00489,Production and operations management,['Raymond R. Mayer'],Open Library only,True,False,1975,,51.0,,,3.0,14.0,0.0,0.0,14.0,,,1,0,1,1,0,1,1,0,0,0,3,Enriched,7,9,2,24,Operations Management,Clustered,Operations Management,https://covers.openlibrary.org/b/id/4468138-L.jpg
BOOK00490,Operations Management,['Lee Krajewski'],Open Library only,True,False,2015,,11.0,,,21.0,7.0,0.0,0.0,7.0,,,1,0,0,1,0,1,1,0,0,0,2,Basic,4,4,0,24,Operations Management,Clustered,Operations Management,https://covers.openlibrary.org/b/id/13182601-L.jpg
BOOK00491,Production and Operations Management,['R. Panneerselvam'],Open Library only,True,False,2004,,22.0,1.0,1.0,3.0,13.0,1.0,1.0,15.0,,,1,0,0,1,1,1,1,0,0,0,2,Basic,6,6,0,24,Operations Management,Clustered,Operations Management,https://covers.openlibrary.org/b/id/4884288-L.jpg
BOOK00492,Schaum's outline of theory and problems of operations management,['Joseph G. Monks'],Open Library only,True,False,1985,,41.0,,,2.0,11.0,2.0,0.0,13.0,,,1,0,1,1,0,1,1,0,0,0,3,Enriched,12,16,4,24,Operations Management,Clustered,Operations Management,https://covers.openlibrary.org/b/id/1074428-L.jpg
BOOK00493,Principles of operations management,['Jay Heizer'],Open Library only,True,False,1999,,27.0,,,4.0,9.0,1.0,0.0,10.0,,,1,0,1,1,0,1,1,0,0,0,3,Enriched,6,10,4,24,Operations Management,Clustered,Operations Management,https://covers.openlibrary.org/b/id/9580425-L.jpg
BOOK00494,Modern production/operations management,['Elwood Spencer Buffa'],Open Library only,True,False,1980,,46.0,,,4.0,8.0,2.0,0.0,10.0,,,1,0,1,1,0,1,1,0,0,0,3,Enriched,6,13,7,24,Operations Management,Clustered,Operations Management,https://covers.openlibrary.org/b/id/4398047-L.jpg
BOOK00495,Restaurant operations management,"['Jack D. Ninemeier', 'David K. Hayes']",Open Library only,True,False,2005,,21.0,,,3.0,10.0,1.0,0.0,11.0,,,1,0,1,1,0,1,1,0,0,0,3,Enriched,9,14,5,24,Operations Management,Clustered,Operations Management,https://covers.openlibrary.org/b/id/1106477-L.jpg
BOOK00496,Production and operations management,['Ray Wild'],Open Library only,True,False,1979,,47.0,1.0,1.0,10.0,6.0,0.0,0.0,6.0,,,1,1,1,1,1,1,1,0,0,0,4,Rich,6,20,14,24,Operations Management,Clustered,Operations Management,https://covers.openlibrary.org/b/id/2356029-L.jpg
BOOK00497,Fundamentals of operations management,"['Mark M. Davis', 'Nicholas J. Aquilano', 'Richard B. Chase']",Open Library only,True,False,1999,,27.0,5.0,1.0,5.0,7.0,1.0,0.0,8.0,,,1,0,1,1,1,1,1,0,0,0,3,Enriched,13,20,7,24,Operations Management,Clustered,Operations Management,https://covers.openlibrary.org/b/id/10768136-L.jpg
BOOK00498,Hotel operations management,['David K. Hayes'],Open Library only,True,False,2004,,22.0,,,2.0,11.0,2.0,0.0,13.0,,,1,0,1,1,0,1,1,0,0,0,3,Enriched,6,8,2,24,Operations Management,Clustered,Operations Management,https://covers.openlibrary.org/b/id/1109467-L.jpg
BOOK00499,Operations management,['James B. Dilworth'],Open Library only,True,False,1992,,34.0,,,7.0,9.0,0.0,0.0,9.0,,,1,0,1,1,0,1,1,0,0,0,3,Enriched,5,19,14,24,Operations Management,Clustered,Operations Management,https://covers.openlibrary.org/b/id/5403291-L.jpg
BOOK00500,Strategic Operations Management,"['Steve Brown', 'John Bessant', 'Fu Jia']",Open Library only,True,False,2005,,21.0,,,9.0,6.0,0.0,0.0,6.0,,,1,0,1,1,0,1,1,0,0,0,3,Enriched,9,13,4,24,Operations Management,Clustered,Operations Management,https://covers.openlibrary.org/b/id/8447846-L.jpg
BOOK00501,Operations management,"['Richard J. Schonberger', 'Edward M. Knod']",Open Library only,True,False,1981,,45.0,5.0,1.0,11.0,2.0,0.0,1.0,3.0,,,1,0,1,1,1,1,1,0,0,0,3,Enriched,8,17,9,24,Operations Management,Clustered,Operations Management,https://covers.openlibrary.org/b/id/8336407-L.jpg
BOOK00502,Principles of operations management,['Jay H. Heizer'],Open Library only,True,False,1999,,27.0,,,4.0,8.0,1.0,1.0,10.0,,,1,0,1,1,0,1,1,0,0,0,3,Enriched,7,11,4,24,Operations Management,Clustered,Operations Management,https://covers.openlibrary.org/b/id/1110284-L.jpg
BOOK00503,Operations management,"['John O. McClain', 'L. Joseph Thomas', 'Joseph B. Mazzola']",Open Library only,True,False,1980,,46.0,,,6.0,7.0,0.0,0.0,7.0,,,1,0,1,1,0,1,1,0,0,0,3,Enriched,11,29,18,24,Operations Management,Clustered,Operations Management,https://covers.openlibrary.org/b/id/1115031-L.jpg
BOOK00504,Operations Management,"['Lee J. Krajewski', 'Larry P. Ritzman', 'Manoj K. Malhotra']",Open Library only,True,False,2005,,21.0,,,16.0,4.0,1.0,0.0,5.0,,,1,0,1,1,0,1,1,0,0,0,3,Enriched,11,19,8,24,Operations Management,Clustered,Operations Management,https://covers.openlibrary.org/b/id/13241551-L.jpg
BOOK00505,Operations management,"['Robert D. Reid', 'R. Dan Reid', 'Nada R. Sanders']",Open Library only,True,False,2003,,23.0,,,12.0,4.0,0.0,0.0,4.0,,,1,0,1,1,0,1,1,0,0,0,3,Enriched,11,15,4,24,Operations Management,Clustered,Operations Management,https://covers.openlibrary.org/b/id/1245509-L.jpg
BOOK00506,Operations management,['David Barnes'],Open Library only,True,False,1996,,30.0,,,3.0,6.0,0.0,0.0,6.0,,,1,0,1,1,0,1,1,0,0,0,3,Enriched,4,6,2,23,Project Management,Clustered,Project Management,https://covers.openlibrary.org/b/id/2994698-L.jpg
BOOK00507,Operations Management,"['Heizer, Render, Munson']",Open Library only,True,False,2017,,9.0,,,1.0,13.0,0.0,0.0,13.0,,,1,0,1,1,0,1,1,0,0,0,3,Enriched,5,7,2,24,Operations Management,Clustered,Operations Management,https://covers.openlibrary.org/b/id/10173512-L.jpg
BOOK00508,Operations Management,"['Jay Heizer', 'Barry Render', 'Chuck Munson']",Open Library only,True,False,2012,,14.0,,,10.0,6.0,0.0,0.0,6.0,,,1,0,0,0,0,1,1,0,0,0,2,Basic,8,8,0,24,Operations Management,Clustered,Operations Management,
BOOK00509,Operations management,['William J. Stevenson'],Open Library only,True,False,2007,,19.0,1.0,1.0,2.0,7.0,0.0,1.0,8.0,,,1,0,1,1,1,1,1,0,0,0,3,Enriched,5,16,11,24,Operations Management,Clustered,Operations Management,https://covers.openlibrary.org/b/id/6547806-L.jpg
BOOK00510,Essentials of Operations Management,"['Nigel Slack', 'Alistair Brandon-Jones', 'Robert Johnston']",Open Library only,True,False,2018,,8.0,,,4.0,8.0,1.0,0.0,9.0,,,1,0,1,0,0,1,1,0,0,0,3,Enriched,10,16,6,24,Operations Management,Clustered,Operations Management,
BOOK00511,Production and operations management,['James B. Dilworth'],Open Library only,True,False,1979,,47.0,,,10.0,4.0,0.0,0.0,4.0,,,1,1,1,1,0,1,1,0,0,0,4,Rich,7,16,9,24,Operations Management,Clustered,Operations Management,https://covers.openlibrary.org/b/id/4437516-L.jpg
BOOK00512,Production and operations management,['Jay Heizer'],Open Library only,True,False,1988,,38.0,5.0,1.0,8.0,4.0,0.0,1.0,5.0,,,1,0,1,1,1,1,1,0,0,0,3,Enriched,6,8,2,24,Operations Management,Clustered,Operations Management,https://covers.openlibrary.org/b/id/7109780-L.jpg
BOOK00513,Operations Management,['Terry Hill'],Open Library only,True,False,2000,,26.0,,,5.0,4.0,0.0,0.0,4.0,,,1,0,1,1,0,1,1,0,0,0,3,Enriched,4,6,2,24,Operations Management,Clustered,Operations Management,https://covers.openlibrary.org/b/id/1180585-L.jpg
BOOK00514,Casino operations management,"['Jim Kilby', 'Jim Fox', 'Anthony F. Lucas']",Open Library only,True,False,1998,,28.0,,,7.0,3.0,0.0,0.0,3.0,,,1,1,1,1,0,1,1,0,0,0,4,Rich,10,147,137,7,Broad Leadership and Success,Clustered,Broad Leadership and Success,https://covers.openlibrary.org/b/id/1242656-L.jpg
BOOK00515,"Foundations of Operations Management, Fourth Canadian Edition, 4/e","['Lee J. Krajewski (Author), Manoj K. Malhotra (Author) Larry P. Ritzman (Author)']",Open Library only,True,False,2015,,11.0,,,1.0,23.0,0.0,0.0,23.0,,,1,0,0,1,0,1,1,0,0,0,2,Basic,20,20,0,24,Operations Management,Clustered,Operations Management,https://covers.openlibrary.org/b/id/9151985-L.jpg
BOOK00516,Modern Hotel Operations Management,"['Michael Chibili', 'Shane de Bruyn', 'Latifa Benhadda', 'Conrad Lashley', 'Saskia Penninga']",Open Library only,True,False,2017,,9.0,,,8.0,5.0,0.0,0.0,5.0,,,1,0,1,1,0,1,1,0,0,0,3,Enriched,15,33,18,13,General Business and Management,Clustered,General Business and Management,https://covers.openlibrary.org/b/id/13912863-L.jpg
BOOK00517,Cruise Operations Management,['Philip Gibson'],Open Library only,True,False,2006,,20.0,,,18.0,1.0,0.0,0.0,1.0,,,1,0,1,0,0,1,1,0,0,0,3,Enriched,5,9,4,24,Operations Management,Clustered,Operations Management,
BOOK00518,Operations management for competitive advantage,['Richard B. Chase'],Open Library only,True,False,2004,,22.0,,,1.0,10.0,0.0,0.0,10.0,,,1,0,1,1,0,1,1,0,0,0,3,Enriched,8,10,2,24,Operations Management,Clustered,Operations Management,https://covers.openlibrary.org/b/id/10768142-L.jpg
BOOK00519,Project management for dummies,['Stanley E. Portny'],Open Library only,True,False,2008,,18.0,,,21.0,56.0,2.0,0.0,58.0,,,1,1,1,1,0,1,1,0,0,0,4,Rich,7,68,61,23,Project Management,Clustered,Project Management,https://covers.openlibrary.org/b/id/10188899-L.jpg
BOOK00520,Project Management,['Harvey Maylor'],Open Library only,True,False,1996,,30.0,5.0,1.0,11.0,24.0,2.0,3.0,29.0,,,1,0,1,1,1,1,1,0,0,0,3,Enriched,4,13,9,23,Project Management,Clustered,Project Management,https://covers.openlibrary.org/b/id/2346354-L.jpg
BOOK00521,Project management,['Harold Kerzner'],Open Library only,True,False,1979,,47.0,,,26.0,62.0,4.0,2.0,68.0,,,1,0,1,1,0,1,1,0,0,0,3,Enriched,4,43,39,23,Project Management,Clustered,Project Management,https://covers.openlibrary.org/b/id/3974912-L.jpg
BOOK00522,Software project management,['Bob Hughes'],Open Library only,True,False,1999,,27.0,3.0,1.0,2.0,61.0,4.0,1.0,66.0,,,1,0,1,1,1,1,1,0,0,0,3,Enriched,5,9,4,23,Project Management,Clustered,Project Management,https://covers.openlibrary.org/b/id/8720847-L.jpg
BOOK00523,Project management,"['Jack R. Meredith', 'Samuel J. Mantel']",Open Library only,True,False,1985,,41.0,,,19.0,25.0,3.0,0.0,28.0,,,1,1,1,1,0,1,1,0,0,0,4,Rich,8,91,83,23,Project Management,Clustered,Project Management,https://covers.openlibrary.org/b/id/303127-L.jpg
BOOK00524,Project Management,['Erik W. Larson'],Open Library only,True,False,2011,,15.0,,,1.0,55.0,7.0,0.0,62.0,,,1,0,1,1,0,1,1,0,0,0,3,Enriched,5,11,6,23,Project Management,Clustered,Project Management,https://covers.openlibrary.org/b/id/9633304-L.jpg
BOOK00525,PMBOK Guide,['Project Management Institute'],Open Library only,True,False,2021,,5.0,5.0,1.0,1.0,64.0,1.0,2.0,67.0,,,1,0,1,0,1,1,1,0,0,0,3,Enriched,5,7,2,28,CEO and Executive Transformation,Clustered,CEO and Executive Transformation,
BOOK00526,Construction project management,"['Frederick E. Gould', 'Nancy Joyce']",Open Library only,True,False,1999,,27.0,0.0,0.0,14.0,22.0,0.0,0.0,22.0,,,1,0,1,1,1,1,1,0,0,0,3,Enriched,8,68,60,23,Project Management,Clustered,Project Management,https://covers.openlibrary.org/b/id/1101327-L.jpg
BOOK00527,Information Technology Project Management,['Kathy Schwalbe'],Open Library only,True,False,1999,,27.0,5.0,1.0,6.0,32.0,2.0,0.0,34.0,,,1,0,1,1,1,1,1,0,0,0,3,Enriched,6,38,32,12,Information Technology Management,Clustered,Information Technology Management,https://covers.openlibrary.org/b/id/5451502-L.jpg
BOOK00528,Construction project management,['Peter Fewings'],Open Library only,True,False,2005,,21.0,,,19.0,15.0,1.0,0.0,16.0,,,1,0,1,1,0,1,1,0,0,0,3,Enriched,5,15,10,23,Project Management,Clustered,Project Management,https://covers.openlibrary.org/b/id/1218401-L.jpg
BOOK00529,A Guide to the Project Management Body of Knowledge (PMBOK® Guide),['Project Management Institute'],Open Library only,True,False,2017,,9.0,,,4.0,42.0,2.0,0.0,44.0,,,1,0,1,1,0,1,1,0,0,0,3,Enriched,14,16,2,23,Project Management,Clustered,Project Management,https://covers.openlibrary.org/b/id/10329916-L.jpg
BOOK00530,Agile Project Management For Dummies,['Mark C. Layton'],Open Library only,True,False,2012,,14.0,5.0,1.0,13.0,19.0,1.0,2.0,22.0,,,1,0,1,1,1,1,1,0,0,0,3,Enriched,8,24,16,23,Project Management,Clustered,Project Management,https://covers.openlibrary.org/b/id/7774239-L.jpg
BOOK00531,Project Management for the Unofficial Project Manager,"['Kory Kogon', 'Suzette Blakemore']",Open Library only,True,False,2015,,11.0,4.0,1.0,4.0,26.0,1.0,1.0,28.0,,,1,1,1,1,1,1,1,0,0,0,4,Rich,11,201,190,23,Project Management,Clustered,Project Management,https://covers.openlibrary.org/b/id/7394254-L.jpg
BOOK00532,Project Management,['Jeffrey K. Pinto'],Open Library only,True,False,2006,,20.0,,,6.0,28.0,1.0,0.0,29.0,,,1,0,1,1,0,1,1,0,0,0,3,Enriched,5,7,2,23,Project Management,Clustered,Project Management,https://covers.openlibrary.org/b/id/14424212-L.jpg
BOOK00533,Effective project management,['Robert K. Wysocki'],Open Library only,True,False,2003,,23.0,,,23.0,13.0,0.0,0.0,13.0,,,1,0,1,1,0,1,1,0,0,0,3,Enriched,6,10,4,23,Project Management,Clustered,Project Management,https://covers.openlibrary.org/b/id/10317792-L.jpg
BOOK00534,TOTAL PROJECT MANAGEMENT The Indian Context,['P. K. Joy'],Open Library only,True,False,1993,,33.0,5.0,1.0,1.0,35.0,5.0,3.0,43.0,,,1,1,1,1,1,1,1,0,0,0,4,Rich,9,78,69,23,Project Management,Clustered,Project Management,https://covers.openlibrary.org/b/id/6949269-L.jpg
BOOK00535,Project Management,"['Samuel E. Portny', 'Samuel J. Mantel', 'Jack R. Meredith', 'Scott M. Shafer', 'Margaret M. Sutton', 'Brian E. Kramer']",Open Library only,True,False,2002,,24.0,,,30.0,15.0,1.0,0.0,16.0,,,1,1,1,1,0,1,1,0,0,0,4,Rich,20,64,44,23,Project Management,Clustered,Project Management,https://covers.openlibrary.org/b/id/1239594-L.jpg
BOOK00536,Successful project management,"['Jack Gido', 'James P. Clements']",Open Library only,True,False,1999,,27.0,,,5.0,25.0,4.0,0.0,29.0,,,1,1,1,1,0,1,1,0,0,0,4,Rich,8,113,105,23,Project Management,Clustered,Project Management,https://covers.openlibrary.org/b/id/1276150-L.jpg
BOOK00537,Project management,"['Avraham Shtub', 'Jonathan F. Bard', 'Shlomo Globerson']",Open Library only,True,False,1994,,32.0,5.0,1.0,9.0,16.0,0.0,1.0,17.0,,,1,0,1,1,1,1,1,0,0,0,3,Enriched,9,18,9,23,Project Management,Clustered,Project Management,https://covers.openlibrary.org/b/id/90915-L.jpg
BOOK00538,Information technology project management,"['Jack T. Marchewka', 'Jack R. Meredith', 'Samuel J. Mantel']",Open Library only,True,False,2002,,24.0,5.0,1.0,10.0,15.0,1.0,1.0,17.0,,,1,1,1,1,1,1,1,0,0,0,4,Rich,13,61,48,12,Information Technology Management,Clustered,Information Technology Management,https://covers.openlibrary.org/b/id/4641793-L.jpg
BOOK00539,Successful Project Management,"['Jack Gido', 'Jim Clements', 'Rose Baker']",Open Library only,True,False,2008,,18.0,,,4.0,15.0,1.0,0.0,16.0,,,1,0,1,1,0,1,1,0,0,0,3,Enriched,9,11,2,23,Project Management,Clustered,Project Management,https://covers.openlibrary.org/b/id/10101745-L.jpg
BOOK00540,Project management,['Jeffrey K. Pinto'],Open Library only,True,False,2007,,19.0,,,7.0,11.0,1.0,0.0,12.0,,,1,0,1,1,0,1,1,0,0,0,3,Enriched,5,7,2,23,Project Management,Clustered,Project Management,https://covers.openlibrary.org/b/id/10125165-L.jpg
BOOK00541,Process Groups,['Project Management Institute'],Open Library only,True,False,2022,,4.0,,,11.0,13.0,0.0,0.0,13.0,,,1,0,0,1,0,1,1,0,0,0,2,Basic,5,5,0,7,Broad Leadership and Success,Clustered,Broad Leadership and Success,https://covers.openlibrary.org/b/id/15225520-L.jpg
BOOK00542,The Fast Forward MBA in Project Management,['Eric Verzuh'],Open Library only,True,False,2005,,21.0,,,18.0,19.0,2.0,0.0,21.0,,,1,0,1,1,0,1,1,0,0,0,3,Enriched,9,57,48,23,Project Management,Clustered,Project Management,https://covers.openlibrary.org/b/id/306359-L.jpg
BOOK00543,Project Management in Perspective,['Theuns Oosthuizen'],Open Library only,True,False,2018,,8.0,5.0,1.0,1.0,22.0,3.0,3.0,28.0,,,1,0,1,1,1,1,1,0,0,0,3,Enriched,6,8,2,23,Project Management,Clustered,Project Management,https://covers.openlibrary.org/b/id/8832283-L.jpg
BOOK00544,Project Management Techniques,['Rory Burke'],Open Library only,True,False,2013,,13.0,,,3.0,15.0,2.0,0.0,17.0,,,1,0,1,1,0,1,1,0,0,0,3,Enriched,5,7,2,23,Project Management,Clustered,Project Management,https://covers.openlibrary.org/b/id/13198460-L.jpg
BOOK00545,Project Management,"['Erik W. Larson', 'Clifford F. Gray']",Open Library only,True,False,2000,,26.0,,,6.0,16.0,2.0,1.0,19.0,,,1,0,1,1,0,1,1,0,0,0,3,Enriched,8,40,32,23,Project Management,Clustered,Project Management,https://covers.openlibrary.org/b/id/66184-L.jpg
BOOK00546,Project Management in Practice,"['Samuel J. Mantel', 'Jack R. Meredith', 'Scott M. Shafer', 'Margaret M. Sutton']",Open Library only,True,False,2000,,26.0,,,15.0,6.0,0.0,0.0,6.0,,,1,0,1,1,0,1,1,0,0,0,3,Enriched,16,18,2,23,Project Management,Clustered,Project Management,https://covers.openlibrary.org/b/id/303902-L.jpg
BOOK00547,Construction project management,['Alison Dykstra'],Open Library only,True,False,2011,,15.0,,,3.0,16.0,1.0,0.0,17.0,,,1,0,1,1,0,1,1,0,0,0,3,Enriched,5,10,5,23,Project Management,Clustered,Project Management,https://covers.openlibrary.org/b/id/10637615-L.jpg
BOOK00548,Project management,"['Clifford F. Gray', 'Erik W. Larson']",Open Library only,True,False,2002,,24.0,,,4.0,9.0,2.0,0.0,11.0,,,1,0,1,1,0,1,1,0,0,0,3,Enriched,8,14,6,23,Project Management,Clustered,Project Management,https://covers.openlibrary.org/b/id/1084915-L.jpg
BOOK00549,Contemporary Project Management,"['Timothy Kloppenborg', 'Kathryn Wells', 'Vittal S. Anantatmula']",Open Library only,True,False,2012,,14.0,,,3.0,15.0,2.0,0.0,17.0,,,1,0,1,1,0,1,1,0,0,0,3,Enriched,10,12,2,23,Project Management,Clustered,Project Management,https://covers.openlibrary.org/b/id/13464227-L.jpg
BOOK00550,The Fast Forward MBA in Project Management,['Eric Verzuh'],Open Library only,True,False,1999,,27.0,,,7.0,11.0,0.0,0.0,11.0,,,1,1,1,1,0,1,1,0,0,0,4,Rich,9,107,98,23,Project Management,Clustered,Project Management,https://covers.openlibrary.org/b/id/303394-L.jpg
BOOK00551,"Project Management for Engineering, Business and Technology","['John M. Nicholas', 'Herman Steyn']",Open Library only,True,False,2012,,14.0,,,14.0,8.0,0.0,1.0,9.0,,,1,0,1,1,0,1,1,0,0,0,3,Enriched,12,14,2,23,Project Management,Clustered,Project Management,https://covers.openlibrary.org/b/id/13190692-L.jpg
BOOK00552,Project Management,"['Clifford F. Gray', 'Erik W. Larson']",Open Library only,True,False,2002,,24.0,,,5.0,9.0,0.0,1.0,10.0,,,1,0,1,1,0,1,1,0,0,0,3,Enriched,8,10,2,23,Project Management,Clustered,Project Management,https://covers.openlibrary.org/b/id/57500-L.jpg
BOOK00553,Project management for healthcare,['David Shirley'],Open Library only,True,False,2011,,15.0,,,15.0,5.0,0.0,0.0,5.0,,,1,1,1,1,0,1,1,0,0,0,4,Rich,6,530,524,23,Project Management,Clustered,Project Management,https://covers.openlibrary.org/b/id/9683101-L.jpg
BOOK00554,"Project management metrics, KPIs, and dashboards",['Harold Kerzner'],Open Library only,True,False,2011,,15.0,,,14.0,12.0,0.0,0.0,12.0,,,1,0,1,1,0,1,1,0,0,0,3,Enriched,8,25,17,23,Project Management,Clustered,Project Management,https://covers.openlibrary.org/b/id/8879443-L.jpg
BOOK00555,Project management,"['David L. Cleland', 'Lewis R. Ireland']",Open Library only,True,False,2006,,20.0,,,2.0,10.0,0.0,0.0,10.0,,,1,0,1,1,0,1,1,0,0,0,3,Enriched,8,12,4,23,Project Management,Clustered,Project Management,https://covers.openlibrary.org/b/id/1080813-L.jpg
BOOK00556,Project Management,"['Erik W. Larson', 'Clifford Gray']",Open Library only,True,False,2013,,13.0,,,3.0,8.0,1.0,1.0,10.0,,,1,0,1,1,0,1,1,0,0,0,3,Enriched,7,13,6,23,Project Management,Clustered,Project Management,https://covers.openlibrary.org/b/id/9155443-L.jpg
BOOK00557,Agile Project Management with Scrum (Microsoft Professional),['Ken Schwaber'],Open Library only,True,False,2004,,22.0,3.0,1.0,2.0,15.0,1.0,1.0,17.0,,,1,1,1,1,1,1,1,0,0,0,4,Rich,9,243,234,23,Project Management,Clustered,Project Management,https://covers.openlibrary.org/b/id/461518-L.jpg
BOOK00558,The art of project management,['Scott Berkun'],Open Library only,True,False,2005,,21.0,1.0,1.0,3.0,7.0,1.0,2.0,10.0,,,1,0,1,1,1,1,1,0,0,0,3,Enriched,7,13,6,23,Project Management,Clustered,Project Management,https://covers.openlibrary.org/b/id/389008-L.jpg
BOOK00559,A guide to the project management body of knowledge (PMBOK guide),['Project Management Institute'],Open Library only,True,False,2000,,26.0,,,2.0,13.0,1.0,0.0,14.0,,,1,0,1,1,0,1,1,0,0,0,3,Enriched,14,30,16,23,Project Management,Clustered,Project Management,https://covers.openlibrary.org/b/id/955085-L.jpg
BOOK00560,The Deadline,['Tom DeMarco'],Open Library only,True,False,1997,,29.0,3.5,2.0,2.0,11.0,0.0,3.0,14.0,,,1,0,1,1,1,1,1,0,0,0,3,Enriched,4,7,3,23,Project Management,Clustered,Project Management,https://covers.openlibrary.org/b/id/711889-L.jpg
BOOK00561,Project Management Absolute Beginner's Guide,['Greg Horine'],Open Library only,True,False,2012,,14.0,,,8.0,9.0,2.0,0.0,11.0,,,1,0,1,1,0,1,1,0,0,0,3,Enriched,7,9,2,23,Project Management,Clustered,Project Management,https://covers.openlibrary.org/b/id/10097024-L.jpg
BOOK00562,Project management in construction,['Sidney M. Levy'],Open Library only,True,False,1987,,39.0,,,7.0,6.0,0.0,0.0,6.0,,,1,0,1,1,0,1,1,0,0,0,3,Enriched,7,23,16,23,Project Management,Clustered,Project Management,https://covers.openlibrary.org/b/id/4165081-L.jpg
BOOK00563,Project management,['Paul C. Tinnirello'],Open Library only,True,False,2000,,26.0,,,6.0,4.0,1.0,0.0,5.0,,,1,0,1,1,0,1,1,0,0,0,3,Enriched,5,35,30,12,Information Technology Management,Clustered,Information Technology Management,https://covers.openlibrary.org/b/id/13089392-L.jpg
BOOK00564,Project management for dummies,['Stanley E. Portny'],Open Library only,True,False,2000,,26.0,,,4.0,8.0,0.0,0.0,8.0,,,1,1,1,1,0,1,1,0,0,0,4,Rich,7,160,153,23,Project Management,Clustered,Project Management,https://covers.openlibrary.org/b/id/521795-L.jpg
BOOK00565,Making Things Happen,['Scott Berkun'],Open Library only,True,False,2008,,18.0,,,5.0,13.0,0.0,1.0,14.0,,,1,0,1,1,0,1,1,0,0,0,3,Enriched,5,13,8,23,Project Management,Clustered,Project Management,https://covers.openlibrary.org/b/id/5076316-L.jpg
BOOK00566,Performance management,['Michael Armstrong'],Open Library only,True,False,1994,,32.0,4.5,2.0,8.0,21.0,2.0,2.0,25.0,,,1,1,1,1,1,1,1,0,0,0,4,Rich,4,142,138,14,Performance Management,Clustered,Performance Management,https://covers.openlibrary.org/b/id/1394206-L.jpg
BOOK00567,Performance Management,['Linda Ashdown'],Open Library only,True,False,2014,,12.0,4.0,1.0,4.0,6.0,3.0,1.0,10.0,,,1,0,1,1,1,1,1,0,0,0,3,Enriched,4,28,24,14,Performance Management,Clustered,Performance Management,https://covers.openlibrary.org/b/id/8842352-L.jpg
BOOK00568,Performance Management,"['Aubrey C. Daniels', 'Jon S. Bailey']",Open Library only,True,False,2014,,12.0,5.0,1.0,1.0,20.0,1.0,0.0,21.0,,,1,0,1,1,1,1,1,0,0,0,3,Enriched,8,18,10,14,Performance Management,Clustered,Performance Management,https://covers.openlibrary.org/b/id/9362407-L.jpg
BOOK00569,Performance management systems,['Arup Varma'],Open Library only,True,False,2008,,18.0,5.0,1.0,13.0,3.0,1.0,0.0,4.0,,,1,0,1,1,1,1,1,0,0,0,3,Enriched,5,9,4,14,Performance Management,Clustered,Performance Management,https://covers.openlibrary.org/b/id/10226628-L.jpg
BOOK00570,Performance management,['Herman Aguinis'],Open Library only,True,False,2005,,21.0,,,3.0,5.0,1.0,1.0,7.0,,,1,0,1,1,0,1,1,0,0,0,3,Enriched,4,22,18,14,Performance Management,Clustered,Performance Management,https://covers.openlibrary.org/b/id/1110295-L.jpg
BOOK00571,Financial planning & analysis and performance management,['Jack Alexander'],Open Library only,True,False,2018,,8.0,,,1.0,15.0,1.0,0.0,16.0,,,1,1,1,1,0,1,1,0,0,0,4,Rich,9,122,113,7,Broad Leadership and Success,Clustered,Broad Leadership and Success,https://covers.openlibrary.org/b/id/13526323-L.jpg
BOOK00572,Performance management,['Jacky Holloway'],Open Library only,True,False,2008,,18.0,,,2.0,6.0,0.0,0.0,6.0,,,1,0,1,1,0,1,1,0,0,0,3,Enriched,4,11,7,14,Performance Management,Clustered,Performance Management,https://covers.openlibrary.org/b/id/8609107-L.jpg
BOOK00573,Managing performance,"['Michael Armstrong', 'Angela Baron']",Open Library only,True,False,2005,,21.0,,,2.0,9.0,0.0,1.0,10.0,,,1,0,1,1,0,1,1,0,0,0,3,Enriched,6,18,12,14,Performance Management,Clustered,Performance Management,https://covers.openlibrary.org/b/id/2027589-L.jpg
BOOK00574,Handbook of corporate performance management,['Mike Bourne'],Open Library only,True,False,2011,,15.0,5.0,1.0,6.0,3.0,0.0,1.0,4.0,,,1,1,1,1,1,1,1,0,0,0,4,Rich,7,314,307,7,Broad Leadership and Success,Clustered,Broad Leadership and Success,https://covers.openlibrary.org/b/id/13210937-L.jpg
BOOK00575,Strategic Performance Management,['Ralph W. Adler'],Open Library only,True,False,2018,,8.0,,,8.0,3.0,0.0,0.0,3.0,,,1,0,1,1,0,1,1,0,0,0,3,Enriched,6,27,21,13,General Business and Management,Clustered,General Business and Management,https://covers.openlibrary.org/b/id/13826923-L.jpg
BOOK00576,Performance management,['A. S. Kohli'],Open Library only,True,False,2008,,18.0,,,1.0,6.0,1.0,0.0,7.0,,,1,0,1,1,0,1,1,0,0,0,3,Enriched,5,13,8,14,Performance Management,Clustered,Performance Management,https://covers.openlibrary.org/b/id/13912220-L.jpg
BOOK00577,Employee engagement through effective performance management,['Edward M. Mone'],Open Library only,True,False,2010,,16.0,,,12.0,2.0,1.0,0.0,3.0,,,1,0,1,1,0,1,1,0,0,0,3,Enriched,9,26,17,11,Organizational Culture and Trust,Clustered,Organizational Culture and Trust,https://covers.openlibrary.org/b/id/9271843-L.jpg
BOOK00578,Performance Management,['T. V. Rao'],Open Library only,True,False,2016,,10.0,,,4.0,3.0,0.0,0.0,3.0,,,1,0,1,1,0,1,1,0,0,0,3,Enriched,5,15,10,14,Performance Management,Clustered,Performance Management,https://covers.openlibrary.org/b/id/13188768-L.jpg
BOOK00579,Performance management,['Ralph R Smith'],Open Library only,True,False,1996,,30.0,,,3.0,2.0,1.0,0.0,3.0,,,1,0,1,1,0,1,1,0,0,0,3,Enriched,5,12,7,14,Performance Management,Clustered,Performance Management,https://covers.openlibrary.org/b/id/12745583-L.jpg
BOOK00580,ACCA Performance Management,['BPP Learning Media'],Open Library only,True,False,2022,,4.0,,,2.0,4.0,0.0,0.0,4.0,,,1,0,0,1,0,1,1,0,0,0,2,Basic,6,6,0,14,Performance Management,Clustered,Performance Management,https://covers.openlibrary.org/b/id/13311798-L.jpg
BOOK00581,Armstrong's Handbook of Performance Management,['Michael Armstrong'],Open Library only,True,False,2014,,12.0,,,5.0,5.0,0.0,0.0,5.0,,,1,0,1,1,0,1,1,0,0,0,3,Enriched,7,17,10,14,Performance Management,Clustered,Performance Management,https://covers.openlibrary.org/b/id/11675584-L.jpg
BOOK00582,Enterprise Performance Management Done Right,['Ron Dimon'],Open Library only,True,False,2013,,13.0,,,6.0,4.0,0.0,0.0,4.0,,,1,0,1,1,0,1,1,0,0,0,3,Enriched,7,20,13,12,Information Technology Management,Clustered,Information Technology Management,https://covers.openlibrary.org/b/id/7811376-L.jpg
BOOK00583,Armstrong's handbook of performance management,['Michael Armstrong'],Open Library only,True,False,2009,,17.0,1.0,1.0,2.0,2.0,1.0,1.0,4.0,,,1,1,1,1,1,1,1,0,0,0,4,Rich,7,63,56,14,Performance Management,Clustered,Performance Management,https://covers.openlibrary.org/b/id/12291277-L.jpg
BOOK00584,Performance Management,"['Madhu Arora', 'Poonam Khurana', 'Sonam Choiden']",Open Library only,True,False,2020,,6.0,,,5.0,2.0,0.0,0.0,2.0,,,1,0,1,1,0,1,1,0,0,0,3,Enriched,8,28,20,14,Performance Management,Clustered,Performance Management,https://covers.openlibrary.org/b/id/14664609-L.jpg
BOOK00585,IT performance management,['Peter Wiggers'],Open Library only,True,False,2004,,22.0,,,8.0,,,,,,,1,0,1,1,0,0,1,0,0,0,3,Enriched,5,26,21,12,Information Technology Management,Clustered,Information Technology Management,https://covers.openlibrary.org/b/id/9504289-L.jpg
BOOK00586,Intranet performance management,['Kornel Terplan'],Open Library only,True,False,2000,,26.0,,,5.0,1.0,0.0,0.0,1.0,,,1,0,1,1,0,1,1,0,0,0,3,Enriched,5,23,18,12,Information Technology Management,Clustered,Information Technology Management,https://covers.openlibrary.org/b/id/11877474-L.jpg
BOOK00587,Performance management,['Robert Bacal'],Open Library only,True,False,1999,,27.0,,,1.0,4.0,0.0,0.0,4.0,,,1,0,1,1,0,1,1,0,0,0,3,Enriched,4,11,7,14,Performance Management,Clustered,Performance Management,https://covers.openlibrary.org/b/id/55960-L.jpg
BOOK00588,ACCA P5 Advanced Performance Management,['BPP Learning Media'],Open Library only,True,False,2017,,9.0,,,2.0,5.0,0.0,0.0,5.0,,,1,1,1,1,0,1,1,0,0,0,4,Rich,8,76,68,13,General Business and Management,Clustered,General Business and Management,https://covers.openlibrary.org/b/id/14437608-L.jpg
BOOK00589,Performance management,['Michael D. McMaster'],Open Library only,True,False,1986,,40.0,,,2.0,2.0,0.0,0.0,2.0,,,1,0,1,1,0,1,1,0,0,0,3,Enriched,5,9,4,14,Performance Management,Clustered,Performance Management,https://covers.openlibrary.org/b/id/6983118-L.jpg
BOOK00590,Performance Management in Nonprofit Organizations,"['Zahirul Hoque', 'Lee Parker']",Open Library only,True,False,2014,,12.0,,,7.0,1.0,0.0,0.0,1.0,,,1,0,1,1,0,1,1,0,0,0,3,Enriched,9,68,59,13,General Business and Management,Clustered,General Business and Management,https://covers.openlibrary.org/b/id/14384566-L.jpg
BOOK00591,Performance Management in the Public Sector,"['Van Dooren Wouter', 'Wouter Van Dooren', 'Geert Bouckaert', 'John Halligan']",Open Library only,True,False,2015,,11.0,,,6.0,2.0,0.0,0.0,2.0,,,1,0,1,0,0,1,1,0,0,0,3,Enriched,16,23,7,14,Performance Management,Clustered,Performance Management,
BOOK00592,Performance Management,['Susan Hutchinson'],Open Library only,True,False,2013,,13.0,,,2.0,2.0,0.0,0.0,2.0,,,1,0,0,1,0,1,1,0,0,0,2,Basic,4,4,0,14,Performance Management,Clustered,Performance Management,https://covers.openlibrary.org/b/id/13736661-L.jpg
BOOK00593,Performance management,['Robert Bacal'],Open Library only,True,False,2012,,14.0,,,1.0,3.0,0.0,0.0,3.0,,,1,0,1,1,0,1,1,0,0,0,3,Enriched,4,13,9,14,Performance Management,Clustered,Performance Management,https://covers.openlibrary.org/b/id/11030412-L.jpg
BOOK00594,Performance management,"['Brian J. Hall', 'Richard Luecke']",Open Library only,True,False,2006,,20.0,,,3.0,3.0,0.0,0.0,3.0,,,1,0,1,1,0,1,1,0,0,0,3,Enriched,7,38,31,14,Performance Management,Clustered,Performance Management,https://covers.openlibrary.org/b/id/864085-L.jpg
BOOK00595,HBR guide to performance management,['HBR'],Open Library only,True,False,2017,,9.0,,,1.0,3.0,0.0,0.0,3.0,,,1,1,1,1,0,1,1,0,0,0,4,Rich,6,142,136,14,Performance Management,Clustered,Performance Management,https://covers.openlibrary.org/b/id/14341579-L.jpg
BOOK00596,Performance Management,['Michael Armstrong'],Open Library only,True,False,2006,,20.0,,,1.0,2.0,0.0,0.0,2.0,,,1,1,0,1,0,1,1,0,0,0,3,Enriched,4,149,145,14,Performance Management,Clustered,Performance Management,https://covers.openlibrary.org/b/id/7347962-L.jpg
BOOK00597,Strategic Planning and Performance Management,['Graham Kenny'],Open Library only,True,False,2012,,14.0,,,7.0,1.0,0.0,0.0,1.0,,,1,1,1,1,0,1,1,0,0,0,4,Rich,7,110,103,27,Strategic Management and Planning,Clustered,Strategic Management and Planning,https://covers.openlibrary.org/b/id/8723502-L.jpg
BOOK00598,Organizational behaviour,['Richard Pettinger'],Open Library only,True,False,2009,,17.0,,,7.0,1.0,0.0,0.0,1.0,,,1,0,1,1,0,1,1,0,0,0,3,Enriched,4,24,20,1,Organizational Behavior,Clustered,Organizational Behavior,https://covers.openlibrary.org/b/id/13852388-L.jpg
BOOK00599,Global Performance Management (Global HRM),['Arup; Bu Varma'],Open Library only,True,False,2007,,19.0,,,3.0,1.0,1.0,0.0,2.0,,,1,0,1,1,0,1,1,0,0,0,3,Enriched,8,63,55,14,Performance Management,Clustered,Performance Management,https://covers.openlibrary.org/b/id/5725771-L.jpg
BOOK00600,ACCA F5 Performance Management,['BPP Learning Media'],Open Library only,True,False,2015,,11.0,,,3.0,2.0,0.0,0.0,2.0,,,1,0,1,0,0,1,1,0,0,0,3,Enriched,7,15,8,14,Performance Management,Clustered,Performance Management,
BOOK00601,ACCA F5 Performance Management,['BPP Learning Media'],Open Library only,True,False,2017,,9.0,,,2.0,2.0,1.0,0.0,3.0,,,1,1,1,1,0,1,1,0,0,0,4,Rich,7,62,55,13,General Business and Management,Clustered,General Business and Management,https://covers.openlibrary.org/b/id/14437610-L.jpg
BOOK00602,Case Studies in Performance Management,['Tony C. Adkins'],Open Library only,True,False,2006,,20.0,,,6.0,2.0,0.0,0.0,2.0,,,1,1,1,1,0,1,1,0,0,0,4,Rich,8,368,360,14,Performance Management,Clustered,Performance Management,https://covers.openlibrary.org/b/id/1250817-L.jpg
BOOK00603,Performance management,['Michael D. McMaster'],Open Library only,True,False,1983,,43.0,,,6.0,1.0,0.0,0.0,1.0,,,1,0,1,1,0,1,1,0,0,0,3,Enriched,5,15,10,14,Performance Management,Clustered,Performance Management,https://covers.openlibrary.org/b/id/1871974-L.jpg
BOOK00604,ACCA Performance Management,['BPP Learning Media'],Open Library only,True,False,2024,,2.0,1.0,1.0,1.0,1.0,0.0,1.0,2.0,,,1,0,0,0,1,1,1,0,0,0,2,Basic,6,6,0,14,Performance Management,Clustered,Performance Management,
BOOK00605,Performance Management for Dummies,"['Dummies Staff', 'Herman Aguinis']",Open Library only,True,False,2019,,7.0,,,3.0,2.0,0.0,0.0,2.0,,,1,0,1,1,0,1,1,0,0,0,3,Enriched,8,13,5,14,Performance Management,Clustered,Performance Management,https://covers.openlibrary.org/b/id/13208839-L.jpg
BOOK00606,Performance Management (Acca),['Kaplan Publishing'],Open Library only,True,False,2006,,20.0,,,1.0,2.0,1.0,0.0,3.0,,,1,0,0,0,0,1,1,0,0,0,2,Basic,5,5,0,14,Performance Management,Clustered,Performance Management,
BOOK00607,Performance Management,['Gary Cokins'],Open Library only,True,False,2004,,22.0,,,11.0,,,,,,,1,1,1,1,0,0,1,0,0,0,4,Rich,4,239,235,14,Performance Management,Clustered,Performance Management,https://covers.openlibrary.org/b/id/305762-L.jpg
BOOK00608,Strategic Performance Management,"['Bernard Marr', 'Dina Gray']",Open Library only,True,False,2012,,14.0,,,7.0,,,,,,,1,0,0,0,0,0,1,0,0,0,2,Basic,7,7,0,14,Performance Management,Clustered,Performance Management,
BOOK00609,Performance management,['Aubrey C. Daniels'],Open Library only,True,False,1989,,37.0,,,2.0,2.0,0.0,0.0,2.0,,,1,0,1,1,0,1,1,0,0,0,3,Enriched,5,28,23,14,Performance Management,Clustered,Performance Management,https://covers.openlibrary.org/b/id/6630679-L.jpg
BOOK00610,Teach Yourself Performance Management,['Phil Baguley'],Open Library only,True,False,2003,,23.0,,,1.0,3.0,0.0,0.0,3.0,,,1,0,1,1,0,1,1,0,0,0,3,Enriched,6,9,3,14,Performance Management,Clustered,Performance Management,https://covers.openlibrary.org/b/id/2403253-L.jpg
BOOK00611,Innovative Corporate Performance Management,['Bob Paladino'],Open Library only,True,False,2010,,16.0,,,5.0,1.0,0.0,0.0,1.0,,,1,0,1,0,0,1,1,0,0,0,3,Enriched,6,10,4,14,Performance Management,Clustered,Performance Management,
BOOK00612,HR networking,['Lisa R. Franke'],Open Library only,True,False,2004,,22.0,,,1.0,2.0,0.0,0.0,2.0,,,1,0,1,1,0,1,1,0,0,0,3,Enriched,5,11,6,15,Workplace and Generational Dynamics,Clustered,Workplace and Generational Dynamics,https://covers.openlibrary.org/b/id/1529386-L.jpg
BOOK00613,Reengineering performance management,['Tracey Bernstein Weiss'],Open Library only,True,False,1997,,29.0,5.0,1.0,1.0,1.0,1.0,0.0,2.0,,,1,0,1,1,1,1,1,0,0,0,3,Enriched,6,13,7,14,Performance Management,Clustered,Performance Management,https://covers.openlibrary.org/b/id/1925549-L.jpg
BOOK00614,Implementing Performance Management,['Joan Dean'],Open Library only,True,False,2003,,23.0,,,6.0,,,,,,,1,0,1,0,0,0,1,0,0,0,3,Enriched,5,11,6,14,Performance Management,Clustered,Performance Management,
BOOK00615,Human resource management,"['H. John Bernardin', 'Joyce E. A. Russell']",Open Library only,True,False,1992,,34.0,5.0,3.0,12.0,76.0,6.0,2.0,84.0,,,1,0,1,1,1,1,1,0,0,0,3,Enriched,10,15,5,20,Human Resource Management,Clustered,Human Resource Management,https://covers.openlibrary.org/b/id/4001936-L.jpg
BOOK00616,Human resource management,"['Robert L. Mathis', 'John Harold Jackson']",Open Library only,True,False,1999,,27.0,5.0,1.0,8.0,44.0,4.0,3.0,51.0,,,1,0,1,1,1,1,1,0,0,0,3,Enriched,9,16,7,20,Human Resource Management,Clustered,Human Resource Management,https://covers.openlibrary.org/b/id/5061491-L.jpg
BOOK00617,Fundamentals of human resource management,['David A. DeCenzo'],Open Library only,True,False,2005,,21.0,,,14.0,40.0,6.0,0.0,46.0,,,1,0,1,1,0,1,1,0,0,0,3,Enriched,8,14,6,20,Human Resource Management,Clustered,Human Resource Management,https://covers.openlibrary.org/b/id/9503846-L.jpg
BOOK00618,Human Resource Management,['Gary Dessler'],Open Library only,True,False,1999,,27.0,,,12.0,33.0,2.0,0.0,35.0,,,1,0,1,1,0,1,1,0,0,0,3,Enriched,5,7,2,20,Human Resource Management,Clustered,Human Resource Management,https://covers.openlibrary.org/b/id/14158324-L.jpg
BOOK00619,Human resource management,"['Greg L. Stewart', 'Kenneth G. Brown']",Open Library only,True,False,2008,,18.0,,,16.0,19.0,2.0,1.0,22.0,,,1,0,1,1,0,1,1,0,0,0,3,Enriched,9,41,32,20,Human Resource Management,Clustered,Human Resource Management,https://covers.openlibrary.org/b/id/2426095-L.jpg
BOOK00620,Human resource management,"['John Bratton', 'Jeffrey Gold']",Open Library only,True,False,1994,,32.0,,,17.0,18.0,1.0,1.0,20.0,,,1,0,1,1,0,1,1,0,0,0,3,Enriched,7,34,27,20,Human Resource Management,Clustered,Human Resource Management,https://covers.openlibrary.org/b/id/1522009-L.jpg
BOOK00621,Human resources management,['Wendell L. French'],Open Library only,True,False,1986,,40.0,5.0,2.0,6.0,19.0,2.0,2.0,23.0,,,1,0,1,1,1,1,1,0,0,0,3,Enriched,6,8,2,20,Human Resource Management,Clustered,Human Resource Management,https://covers.openlibrary.org/b/id/4346714-L.jpg
BOOK00622,Human resource management,['Gary Dessler'],Open Library only,True,False,2003,,23.0,5.0,1.0,2.0,42.0,0.0,1.0,43.0,,,1,0,1,1,1,1,1,0,0,0,3,Enriched,5,10,5,20,Human Resource Management,Clustered,Human Resource Management,https://covers.openlibrary.org/b/id/6821245-L.jpg
BOOK00623,Human resource management,['Lloyd L. Byars'],Open Library only,True,False,1987,,39.0,5.0,1.0,7.0,31.0,0.0,0.0,31.0,,,1,0,1,1,1,1,1,0,0,0,3,Enriched,6,14,8,20,Human Resource Management,Clustered,Human Resource Management,https://covers.openlibrary.org/b/id/149179-L.jpg
BOOK00624,Human resource management,['John M. Ivancevich'],Open Library only,True,False,1992,,34.0,3.0,2.0,6.0,21.0,3.0,2.0,26.0,,,1,0,1,1,1,1,1,0,0,0,3,Enriched,6,18,12,20,Human Resource Management,Clustered,Human Resource Management,https://covers.openlibrary.org/b/id/1087146-L.jpg
BOOK00625,Strategic Human Resource Management,['Jeffrey A. Mello'],Open Library only,True,False,2005,,21.0,3.0,2.0,1.0,49.0,2.0,2.0,53.0,,,1,0,1,1,1,1,1,0,0,0,3,Enriched,7,19,12,20,Human Resource Management,Clustered,Human Resource Management,https://covers.openlibrary.org/b/id/1178487-L.jpg
BOOK00626,Human resource management,['Gary Dessler'],Open Library only,True,False,2005,,21.0,1.0,1.0,2.0,27.0,3.0,1.0,31.0,,,1,0,1,1,1,1,1,0,0,0,3,Enriched,5,8,3,20,Human Resource Management,Clustered,Human Resource Management,https://covers.openlibrary.org/b/id/6800882-L.jpg
BOOK00627,Understanding Human Resources Management,"['Melanie Peacock', 'Monica Belcourt', 'Eileen B. Stewart']",Open Library only,True,False,2019,,7.0,,,1.0,49.0,1.0,0.0,50.0,,,1,0,1,1,0,1,1,0,0,0,3,Enriched,11,13,2,20,Human Resource Management,Clustered,Human Resource Management,https://covers.openlibrary.org/b/id/13842322-L.jpg
BOOK00628,Human Resource Management,"['Pieter Nel', 'Amanda Werner', 'Christoff Botha', 'Osmond Ngalo', 'Paul Poisat']",Open Library only,True,False,2018,,8.0,5.0,1.0,1.0,32.0,4.0,2.0,38.0,,,1,0,1,1,1,1,1,0,0,0,3,Enriched,13,18,5,20,Human Resource Management,Clustered,Human Resource Management,https://covers.openlibrary.org/b/id/13720150-L.jpg
BOOK00629,Human Resource Management,['Raymond J. Stone'],Open Library only,True,False,1995,,31.0,,,11.0,14.0,0.0,0.0,14.0,,,1,0,1,1,0,1,1,0,0,0,3,Enriched,6,12,6,20,Human Resource Management,Clustered,Human Resource Management,https://covers.openlibrary.org/b/id/1245443-L.jpg
BOOK00630,Human resource management,"['William P. Anthony', 'Pamela L. Perrewe', 'K. Michele Kacmar', 'K. Michelle Kacmar']",Open Library only,True,False,1998,,28.0,,,5.0,25.0,0.0,1.0,26.0,,,1,0,1,1,0,1,1,0,0,0,3,Enriched,15,17,2,20,Human Resource Management,Clustered,Human Resource Management,https://covers.openlibrary.org/b/id/1063920-L.jpg
BOOK00631,Human resource management,['Melva M. Diamante'],Open Library only,True,False,2007,,19.0,5.0,1.0,1.0,31.0,3.0,1.0,35.0,,,1,0,1,0,1,1,1,0,0,0,3,Enriched,6,8,2,20,Human Resource Management,Clustered,Human Resource Management,
BOOK00632,Human resource management,['David A. DeCenzo'],Open Library only,True,False,1994,,32.0,5.0,1.0,7.0,11.0,3.0,1.0,15.0,,,1,0,1,1,1,1,1,0,0,0,3,Enriched,6,10,4,20,Human Resource Management,Clustered,Human Resource Management,https://covers.openlibrary.org/b/id/303141-L.jpg
BOOK00633,Fundamentals of Human Resource Management,['Gary Dessler'],Open Library only,True,False,2008,,18.0,,,6.0,22.0,0.0,1.0,23.0,,,1,0,1,1,0,1,1,0,0,0,3,Enriched,7,9,2,20,Human Resource Management,Clustered,Human Resource Management,https://covers.openlibrary.org/b/id/10257614-L.jpg
BOOK00634,Human resource management,['Cynthia D. Fisher'],Open Library only,True,False,1990,,36.0,5.0,1.0,7.0,15.0,0.0,2.0,17.0,,,1,0,1,1,1,1,1,0,0,0,3,Enriched,6,12,6,20,Human Resource Management,Clustered,Human Resource Management,https://covers.openlibrary.org/b/id/4346662-L.jpg
BOOK00635,Human Resource Management,"['Robert N. Lussier', 'John R. Hendon']",Open Library only,True,False,2013,,13.0,,,10.0,15.0,0.0,1.0,16.0,,,1,0,1,1,0,1,1,0,0,0,3,Enriched,9,14,5,20,Human Resource Management,Clustered,Human Resource Management,https://covers.openlibrary.org/b/id/8825755-L.jpg
BOOK00636,Human Resource Management,['K. Aswathappa'],Open Library only,True,False,2012,,14.0,1.0,1.0,1.0,27.0,4.0,1.0,32.0,,,1,0,1,0,1,1,1,0,0,0,3,Enriched,5,19,14,20,Human Resource Management,Clustered,Human Resource Management,
BOOK00637,Human resource management,['Lloyd L. Byars'],Open Library only,True,False,2000,,26.0,,,3.0,15.0,2.0,0.0,17.0,,,1,0,1,1,0,1,1,0,0,0,3,Enriched,6,11,5,20,Human Resource Management,Clustered,Human Resource Management,https://covers.openlibrary.org/b/id/8018383-L.jpg
BOOK00638,Personnel and human resources management,['Perfecto S. Sison'],Open Library only,True,False,1981,,45.0,4.5,2.0,2.0,35.0,2.0,0.0,37.0,,,1,0,1,0,1,1,1,0,0,0,3,Enriched,8,10,2,20,Human Resource Management,Clustered,Human Resource Management,
BOOK00639,Human resources management,['H. T. Graham'],Open Library only,True,False,1974,,52.0,,,8.0,11.0,3.0,0.0,14.0,,,1,0,1,1,0,1,1,0,0,0,3,Enriched,6,14,8,13,General Business and Management,Clustered,General Business and Management,https://covers.openlibrary.org/b/id/10617091-L.jpg
BOOK00640,Human resource management,"['Julie Beardwell', 'Tim Claydon']",Open Library only,True,False,2009,,17.0,,,6.0,11.0,1.0,0.0,12.0,,,1,1,1,1,0,1,1,0,0,0,4,Rich,7,25,18,20,Human Resource Management,Clustered,Human Resource Management,https://covers.openlibrary.org/b/id/10334369-L.jpg
BOOK00641,Armstrong's handbook of human resource management practice,['Michael Armstrong'],Open Library only,True,False,2009,,17.0,,,5.0,24.0,0.0,0.0,24.0,,,1,1,1,1,0,1,1,0,0,0,4,Rich,9,39,30,20,Human Resource Management,Clustered,Human Resource Management,https://covers.openlibrary.org/b/id/8435427-L.jpg
BOOK00642,Fundamentals of human resource management,['Raymond A. Noe'],Open Library only,True,False,2006,,20.0,,,4.0,18.0,0.0,0.0,18.0,,,1,0,1,1,0,1,1,0,0,0,3,Enriched,8,10,2,20,Human Resource Management,Clustered,Human Resource Management,https://covers.openlibrary.org/b/id/9504084-L.jpg
BOOK00643,Strategic Human Resource Management,"['Gary Rees', 'Paul E Smith']",Open Library only,True,False,2014,,12.0,4.0,1.0,8.0,11.0,0.0,1.0,12.0,,,1,0,1,1,1,1,1,0,0,0,3,Enriched,9,11,2,20,Human Resource Management,Clustered,Human Resource Management,https://covers.openlibrary.org/b/id/10300084-L.jpg
BOOK00644,International Human Resource Management,"['Chris Brewster', 'Paul Sparrow', 'Guy Vernon']",Open Library only,True,False,2001,,25.0,,,13.0,7.0,0.0,1.0,8.0,,,1,1,1,1,0,1,1,0,0,0,4,Rich,10,52,42,20,Human Resource Management,Clustered,Human Resource Management,https://covers.openlibrary.org/b/id/2027593-L.jpg
BOOK00645,"Human Resource Management, 16th edition",['Gary Dessler'],Open Library only,True,False,2015,,11.0,,,1.0,32.0,1.0,1.0,34.0,,,1,0,0,0,0,1,1,0,0,0,2,Basic,7,7,0,20,Human Resource Management,Clustered,Human Resource Management,
BOOK00646,Strategic human resource management,['Michael Armstrong'],Open Library only,True,False,2000,,26.0,5.0,1.0,5.0,13.0,1.0,1.0,15.0,,,1,1,1,1,1,1,1,0,0,0,4,Rich,6,139,133,20,Human Resource Management,Clustered,Human Resource Management,https://covers.openlibrary.org/b/id/1394941-L.jpg
BOOK00647,Human Resource Management,"['Ronan Carbery', 'Christine Cross']",Open Library only,True,False,2013,,13.0,,,4.0,12.0,0.0,1.0,13.0,,,1,0,1,1,0,1,1,0,0,0,3,Enriched,7,9,2,20,Human Resource Management,Clustered,Human Resource Management,https://covers.openlibrary.org/b/id/9172088-L.jpg
BOOK00648,A Handbook of Human Resource Management Practice,['Michael Armstrong'],Open Library only,True,False,1999,,27.0,,,5.0,15.0,3.0,0.0,18.0,,,1,1,1,1,0,1,1,0,0,0,4,Rich,9,215,206,20,Human Resource Management,Clustered,Human Resource Management,https://covers.openlibrary.org/b/id/6419374-L.jpg
BOOK00649,Human resource management,['Robert L. Mathis'],Open Library only,True,False,1994,,32.0,,,4.0,10.0,2.0,0.0,12.0,,,1,0,1,1,0,1,1,0,0,0,3,Enriched,6,8,2,20,Human Resource Management,Clustered,Human Resource Management,https://covers.openlibrary.org/b/id/3853271-L.jpg
BOOK00650,Human Resource Management,['Raymond A. Noe'],Open Library only,True,False,1999,,27.0,,,7.0,9.0,1.0,0.0,10.0,,,1,0,1,1,0,1,1,0,0,0,3,Enriched,6,8,2,20,Human Resource Management,Clustered,Human Resource Management,https://covers.openlibrary.org/b/id/5027729-L.jpg
BOOK00651,Healthcare human resource management,"['Walter J. Flynn', 'Robert L. Mathis', 'John Harold Jackson']",Open Library only,True,False,2006,,20.0,,,4.0,11.0,0.0,0.0,11.0,,,1,0,1,1,0,1,1,0,0,0,3,Enriched,13,73,60,13,General Business and Management,Clustered,General Business and Management,https://covers.openlibrary.org/b/id/1178593-L.jpg
BOOK00652,Human resource management,['Gary Dessler'],Open Library only,True,False,2006,,20.0,,,2.0,14.0,0.0,1.0,15.0,,,1,0,1,1,0,1,1,0,0,0,3,Enriched,5,7,2,20,Human Resource Management,Clustered,Human Resource Management,https://covers.openlibrary.org/b/id/9264184-L.jpg
BOOK00653,Human Resource Management,"['Jonathan Crawshaw', 'Pawan Budhwar', 'Ann Davis']",Open Library only,True,False,2014,,12.0,,,11.0,7.0,0.0,0.0,7.0,,,1,0,1,1,0,1,1,0,0,0,3,Enriched,9,14,5,20,Human Resource Management,Clustered,Human Resource Management,https://covers.openlibrary.org/b/id/12212831-L.jpg
BOOK00654,Human Resource Management,['Aswathappa'],Open Library only,True,False,2013,,13.0,,,1.0,17.0,1.0,0.0,18.0,,,1,0,0,1,0,1,1,0,0,0,2,Basic,4,4,0,20,Human Resource Management,Clustered,Human Resource Management,https://covers.openlibrary.org/b/id/10479512-L.jpg
BOOK00655,Human resource management,"['Raymond A. Noe', 'John R. Hollenbeck']",Open Library only,True,False,1994,,32.0,,,5.0,9.0,0.0,0.0,9.0,,,1,0,1,1,0,1,1,0,0,0,3,Enriched,9,12,3,20,Human Resource Management,Clustered,Human Resource Management,https://covers.openlibrary.org/b/id/8328566-L.jpg
BOOK00656,Fundamentals of Human Resource Management,"['Raymond A. Noe', 'John R. Hollenbeck', 'Barry Gerhart', 'Patrick M. Wright']",Open Library only,True,False,2011,,15.0,,,5.0,13.0,1.0,0.0,14.0,,,1,0,1,1,0,1,1,0,0,0,3,Enriched,16,25,9,20,Human Resource Management,Clustered,Human Resource Management,https://covers.openlibrary.org/b/id/8356750-L.jpg
BOOK00657,Introduction to Human Resource Management,['Nick Wilton'],Open Library only,True,False,2011,,15.0,,,18.0,6.0,0.0,0.0,6.0,,,1,0,1,1,0,1,1,0,0,0,3,Enriched,7,11,4,20,Human Resource Management,Clustered,Human Resource Management,https://covers.openlibrary.org/b/id/12652359-L.jpg
BOOK00658,Human resource management,['Laura Portolese Dias'],Open Library only,True,False,2011,,15.0,,,2.0,9.0,1.0,0.0,10.0,,,1,0,1,1,0,1,1,0,0,0,3,Enriched,6,8,2,20,Human Resource Management,Clustered,Human Resource Management,https://covers.openlibrary.org/b/id/11963556-L.jpg
BOOK00659,Strategic compensation,['Joseph J. Martocchio'],Open Library only,True,False,2008,,18.0,,,9.0,11.0,1.0,0.0,12.0,,,1,0,1,1,0,1,1,0,0,0,3,Enriched,5,9,4,20,Human Resource Management,Clustered,Human Resource Management,https://covers.openlibrary.org/b/id/7427182-L.jpg
BOOK00660,Organizational Behavior,['Stephen P. Robbins'],Open Library only,True,False,1979,,47.0,4.25,12.0,77.0,512.0,41.0,26.0,579.0,,,1,1,1,1,1,1,1,0,0,0,4,Rich,5,99,94,1,Organizational Behavior,Clustered,Organizational Behavior,https://covers.openlibrary.org/b/id/88925-L.jpg
BOOK00661,Organizational behavior,['Fred Luthans'],Open Library only,True,False,1973,,53.0,4.6,5.0,17.0,51.0,7.0,4.0,62.0,,,1,0,1,1,1,1,1,0,0,0,3,Enriched,4,20,16,1,Organizational Behavior,Clustered,Organizational Behavior,https://covers.openlibrary.org/b/id/6792039-L.jpg
BOOK00662,Essentials of Organizational Behavior,['Stephen P. Robbins'],Open Library only,True,False,1984,,42.0,3.0,3.0,17.0,51.0,9.0,4.0,64.0,,,1,1,1,1,1,1,1,0,0,0,4,Rich,7,49,42,1,Organizational Behavior,Clustered,Organizational Behavior,https://covers.openlibrary.org/b/id/87316-L.jpg
BOOK00663,Organizational behavior,"['Robert Kreitner', 'Angelo Kinicki']",Open Library only,True,False,1989,,37.0,,,12.0,59.0,3.0,0.0,62.0,,,1,1,1,1,0,1,1,0,0,0,4,Rich,6,183,177,1,Organizational Behavior,Clustered,Organizational Behavior,https://covers.openlibrary.org/b/id/1084358-L.jpg
BOOK00664,Organizational behavior,"['Don Hellriegel', 'Hellriegel', 'John W. Slocum']",Open Library only,True,False,1976,,50.0,,,13.0,42.0,2.0,2.0,46.0,,,1,0,1,1,0,1,1,0,0,0,3,Enriched,8,44,36,1,Organizational Behavior,Clustered,Organizational Behavior,https://covers.openlibrary.org/b/id/4292860-L.jpg
BOOK00665,Organizational behavior,['Steven Lattimore McShane'],Open Library only,True,False,2000,,26.0,,,14.0,14.0,4.0,0.0,18.0,,,1,0,1,1,0,1,1,0,0,0,3,Enriched,5,10,5,1,Organizational Behavior,Clustered,Organizational Behavior,https://covers.openlibrary.org/b/id/3698163-L.jpg
BOOK00666,International dimensions of organizational behavior,['Nancy J. Adler'],Open Library only,True,False,1986,,40.0,,,5.0,24.0,3.0,0.0,27.0,,,1,1,1,1,0,1,1,0,0,0,4,Rich,8,150,142,1,Organizational Behavior,Clustered,Organizational Behavior,https://covers.openlibrary.org/b/id/4145231-L.jpg
BOOK00667,Organizational behavior,"['John W. Newstrom', 'Keith Davis']",Open Library only,True,False,1993,,33.0,,,8.0,16.0,3.0,1.0,20.0,,,1,0,1,1,0,1,1,0,0,0,3,Enriched,7,23,16,1,Organizational Behavior,Clustered,Organizational Behavior,https://covers.openlibrary.org/b/id/4945038-L.jpg
BOOK00668,Human behavior at work,['Keith Davis'],Open Library only,True,False,1971,,55.0,,,9.0,44.0,3.0,0.0,47.0,,,1,0,1,1,0,1,1,0,0,0,3,Enriched,6,28,22,1,Organizational Behavior,Clustered,Organizational Behavior,https://covers.openlibrary.org/b/id/6629016-L.jpg
BOOK00669,Organizational behavior and management,"['John M. Ivancevich', 'Robert Konopaske', 'Michael T. Matteson']",Open Library only,True,False,1987,,39.0,,,13.0,11.0,3.0,0.0,14.0,,,1,1,1,1,0,1,1,0,0,0,4,Rich,12,61,49,1,Organizational Behavior,Clustered,Organizational Behavior,https://covers.openlibrary.org/b/id/2341273-L.jpg
BOOK00670,Managing organizational behavior,['John R. Schermerhorn'],Open Library only,True,False,1982,,44.0,,,14.0,6.0,4.0,0.0,10.0,,,1,0,1,1,0,1,1,0,0,0,3,Enriched,6,18,12,1,Organizational Behavior,Clustered,Organizational Behavior,https://covers.openlibrary.org/b/id/6700843-L.jpg
BOOK00671,Organizational behavior,['Jason Colquitt'],Open Library only,True,False,2009,,17.0,5.0,1.0,9.0,27.0,1.0,2.0,30.0,,,1,0,1,1,1,1,1,0,0,0,3,Enriched,4,30,26,1,Organizational Behavior,Clustered,Organizational Behavior,https://covers.openlibrary.org/b/id/10393089-L.jpg
BOOK00672,Organizational behavior,"['John R. Schermerhorn', 'James G. Hunt', 'Richard N. Osborn']",Open Library only,True,False,1997,,29.0,,,9.0,14.0,0.0,1.0,15.0,,,1,0,1,1,0,1,1,0,0,0,3,Enriched,11,24,13,1,Organizational Behavior,Clustered,Organizational Behavior,https://covers.openlibrary.org/b/id/3855980-L.jpg
BOOK00673,Organizational behavior,"['Nelson, Debra L.', 'Debra L. Nelson', 'James Campbell Quick']",Open Library only,True,False,1994,,32.0,,,7.0,17.0,0.0,0.0,17.0,,,1,0,1,1,0,1,1,0,0,0,3,Enriched,11,38,27,1,Organizational Behavior,Clustered,Organizational Behavior,https://covers.openlibrary.org/b/id/1178314-L.jpg
BOOK00674,Organizational Behavior,"['Christopher P. Neck', 'Jeffery D. Houghton', 'Emma L. Murray']",Open Library only,True,False,2015,,11.0,,,9.0,14.0,0.0,0.0,14.0,,,1,0,1,1,0,1,1,0,0,0,3,Enriched,11,13,2,1,Organizational Behavior,Clustered,Organizational Behavior,https://covers.openlibrary.org/b/id/8904889-L.jpg
BOOK00675,Introduction to organizational behavior,['Richard M. Steers'],Open Library only,True,False,1981,,45.0,,,6.0,8.0,2.0,1.0,11.0,,,1,0,1,1,0,1,1,0,0,0,3,Enriched,7,15,8,1,Organizational Behavior,Clustered,Organizational Behavior,https://covers.openlibrary.org/b/id/6970091-L.jpg
BOOK00676,Understanding and Managing Organizational Behavior,"['Jennifer M. George', 'Gareth R. Jones']",Open Library only,True,False,2002,,24.0,5.0,1.0,7.0,15.0,0.0,0.0,15.0,,,1,0,1,1,1,1,1,0,0,0,3,Enriched,11,17,6,1,Organizational Behavior,Clustered,Organizational Behavior,https://covers.openlibrary.org/b/id/6966178-L.jpg
BOOK00677,Organizational behavior in education,"['Robert G. Owens', 'Thomas Valesky']",Open Library only,True,False,1981,,45.0,,,16.0,12.0,0.0,0.0,12.0,,,1,0,1,1,0,1,1,0,0,0,3,Enriched,9,35,26,1,Organizational Behavior,Clustered,Organizational Behavior,https://covers.openlibrary.org/b/id/1145350-L.jpg
BOOK00678,Organizational behavior,"['Steven McShane', 'Mary Ann Von Glinow']",Open Library only,True,False,2006,,20.0,3.0,1.0,3.0,8.0,0.0,1.0,9.0,,,1,0,1,1,1,1,1,0,0,0,3,Enriched,8,13,5,1,Organizational Behavior,Clustered,Organizational Behavior,https://covers.openlibrary.org/b/id/1086847-L.jpg
BOOK00679,Organizational behavior,"['Angelo Kinicki', 'Robert Kreitner']",Open Library only,True,False,2003,,23.0,,,6.0,9.0,1.0,0.0,10.0,,,1,0,1,1,0,1,1,0,0,0,3,Enriched,6,8,2,1,Organizational Behavior,Clustered,Organizational Behavior,https://covers.openlibrary.org/b/id/8271863-L.jpg
BOOK00680,Organizational behavior,"['Dorothy Marcic', 'Hai', 'Joe Seltzer', 'Peter Vaill', 'Marcic']",Open Library only,True,False,1986,,40.0,,,13.0,5.0,0.0,0.0,5.0,,,1,0,1,1,0,1,1,0,0,0,3,Enriched,10,28,18,1,Organizational Behavior,Clustered,Organizational Behavior,https://covers.openlibrary.org/b/id/5022596-L.jpg
BOOK00681,Organizational Behavior,"['Stephen P. Robbins', 'Tim Judge']",Open Library only,True,False,2013,,13.0,,,3.0,12.0,1.0,0.0,13.0,,,1,0,1,1,0,1,1,0,0,0,3,Enriched,7,8,1,1,Organizational Behavior,Clustered,Organizational Behavior,https://covers.openlibrary.org/b/id/13171067-L.jpg
BOOK00682,Organizational behavior,['Gregory Moorhead'],Open Library only,True,False,1989,,37.0,,,8.0,6.0,0.0,0.0,6.0,,,1,0,1,1,0,1,1,0,0,0,3,Enriched,4,22,18,1,Organizational Behavior,Clustered,Organizational Behavior,https://covers.openlibrary.org/b/id/1324377-L.jpg
BOOK00683,Managing organizational behavior,['Timothy T. Baldwin'],Open Library only,True,False,2013,,13.0,5.0,2.0,1.0,15.0,8.0,0.0,23.0,,,1,0,1,1,1,1,1,0,0,0,3,Enriched,6,18,12,1,Organizational Behavior,Clustered,Organizational Behavior,https://covers.openlibrary.org/b/id/11675878-L.jpg
BOOK00684,Organizational behavior,['Joyce Osland'],Open Library only,True,False,2001,,25.0,,,3.0,9.0,2.0,0.0,11.0,,,1,0,1,1,0,1,1,0,0,0,3,Enriched,4,13,9,1,Organizational Behavior,Clustered,Organizational Behavior,https://covers.openlibrary.org/b/id/6796505-L.jpg
BOOK00685,Organizational behavior,['Judith R. Gordon'],Open Library only,True,False,1996,,30.0,,,10.0,7.0,0.0,0.0,7.0,,,1,0,1,1,0,1,1,0,0,0,3,Enriched,5,13,8,1,Organizational Behavior,Clustered,Organizational Behavior,https://covers.openlibrary.org/b/id/1116476-L.jpg
BOOK00686,Organizational behavior,['Fred Luthans'],Open Library only,True,False,1997,,29.0,,,10.0,5.0,1.0,0.0,6.0,,,1,0,1,1,0,1,1,0,0,0,3,Enriched,4,7,3,1,Organizational Behavior,Clustered,Organizational Behavior,https://covers.openlibrary.org/b/id/9942363-L.jpg
BOOK00687,Organizational behavior in health care,['Nancy Borkowski'],Open Library only,True,False,2009,,17.0,5.0,1.0,6.0,6.0,0.0,1.0,7.0,,,1,0,1,1,1,1,1,0,0,0,3,Enriched,7,25,18,1,Organizational Behavior,Clustered,Organizational Behavior,https://covers.openlibrary.org/b/id/13638956-L.jpg
BOOK00688,Organizational Behavior,['Ricky W. Griffin'],Open Library only,True,False,1986,,40.0,,,6.0,7.0,0.0,0.0,7.0,,,1,0,1,1,0,1,1,0,0,0,3,Enriched,5,7,2,1,Organizational Behavior,Clustered,Organizational Behavior,https://covers.openlibrary.org/b/id/1325242-L.jpg
BOOK00689,Organizational behavior,['Gregory B. Northcraft'],Open Library only,True,False,1990,,36.0,,,3.0,6.0,1.0,0.0,7.0,,,1,0,1,1,0,1,1,0,0,0,3,Enriched,5,11,6,1,Organizational Behavior,Clustered,Organizational Behavior,https://covers.openlibrary.org/b/id/7106770-L.jpg
BOOK00690,Organizational behavior,"['John A. Wagner', 'John A. Wagner', 'John R. Hollenbeck']",Open Library only,True,False,1997,,29.0,,,15.0,2.0,0.0,0.0,2.0,,,1,0,1,1,0,1,1,0,0,0,3,Enriched,11,17,6,1,Organizational Behavior,Clustered,Organizational Behavior,https://covers.openlibrary.org/b/id/1116163-L.jpg
BOOK00691,Organizational behavior,['Robert Kreitner'],Open Library only,True,False,2010,,16.0,5.0,2.0,1.0,11.0,1.0,0.0,12.0,,,1,0,1,1,1,1,1,0,0,0,3,Enriched,4,9,5,1,Organizational Behavior,Clustered,Organizational Behavior,https://covers.openlibrary.org/b/id/9278394-L.jpg
BOOK00692,"Work Motivation in Organizational Behavior, 2nd ed",['Craig C. Pinder'],Open Library only,True,False,2008,,18.0,,,2.0,12.0,1.0,0.0,13.0,,,1,0,1,1,0,1,1,0,0,0,3,Enriched,10,21,11,1,Organizational Behavior,Clustered,Organizational Behavior,https://covers.openlibrary.org/b/id/9287590-L.jpg
BOOK00693,Organizational behavior,['Joseph E. Champoux'],Open Library only,True,False,2002,,24.0,,,13.0,2.0,0.0,0.0,2.0,,,1,0,1,1,0,1,1,0,0,0,3,Enriched,5,8,3,1,Organizational Behavior,Clustered,Organizational Behavior,https://covers.openlibrary.org/b/id/8703330-L.jpg
BOOK00694,Management of Organizational Behavior,['Kenneth H. Blanchard'],Open Library only,True,False,2000,,26.0,5.0,1.0,4.0,8.0,1.0,0.0,9.0,,,1,1,1,1,1,1,1,0,0,0,4,Rich,7,51,44,1,Organizational Behavior,Clustered,Organizational Behavior,https://covers.openlibrary.org/b/id/81382-L.jpg
BOOK00695,International Organizational Behavior,"['Dean McFarlin', 'Paul Sweeney']",Open Library only,True,False,2012,,14.0,5.0,1.0,8.0,2.0,1.0,1.0,4.0,,,1,0,1,1,1,1,1,0,0,0,3,Enriched,7,27,20,1,Organizational Behavior,Clustered,Organizational Behavior,https://covers.openlibrary.org/b/id/13247674-L.jpg
BOOK00696,Essentials of Organizational Behavior,['Terri A. Scandura'],Open Library only,True,False,2015,,11.0,,,5.0,7.0,0.0,0.0,7.0,,,1,0,1,1,0,1,1,0,0,0,3,Enriched,7,11,4,1,Organizational Behavior,Clustered,Organizational Behavior,https://covers.openlibrary.org/b/id/8825543-L.jpg
BOOK00697,Organizational behavior,['Keith Davis'],Open Library only,True,False,1974,,52.0,,,5.0,4.0,0.0,0.0,4.0,,,1,0,1,1,0,1,1,0,0,0,3,Enriched,4,10,6,1,Organizational Behavior,Clustered,Organizational Behavior,https://covers.openlibrary.org/b/id/4456335-L.jpg
BOOK00698,Organizational Behaviour,"['Karlene H. Roberts', 'Hunt']",Open Library only,True,False,1991,,35.0,,,3.0,9.0,1.0,1.0,11.0,,,1,0,1,1,0,1,1,0,0,0,3,Enriched,6,14,8,13,General Business and Management,Clustered,General Business and Management,https://covers.openlibrary.org/b/id/13227342-L.jpg
BOOK00699,Organizational behavior,['Linda K. Stroh'],Open Library only,True,False,2001,,25.0,,,11.0,2.0,0.0,0.0,2.0,,,1,0,1,1,0,1,1,0,0,0,3,Enriched,5,20,15,1,Organizational Behavior,Clustered,Organizational Behavior,https://covers.openlibrary.org/b/id/4695139-L.jpg
BOOK00700,Essentials of Organizational Behavior,"['John J. Wild', 'Kenneth L. Wild', 'Alverne Ball', 'Timothy A. Judge', 'Stephen P. Robbins']",Open Library only,True,False,2007,,19.0,,,10.0,3.0,0.0,0.0,3.0,,,1,0,1,1,0,1,1,0,0,0,3,Enriched,18,26,8,1,Organizational Behavior,Clustered,Organizational Behavior,https://covers.openlibrary.org/b/id/10990677-L.jpg
BOOK00701,Loose Leaf Organizational Behavior,"['Jason Colquitt', 'Jeffery LePine', 'Michael Wesson']",Open Library only,True,False,2010,,16.0,,,4.0,6.0,0.0,0.0,6.0,,,1,0,1,1,0,1,1,0,0,0,3,Enriched,10,20,10,1,Organizational Behavior,Clustered,Organizational Behavior,https://covers.openlibrary.org/b/id/9235233-L.jpg
BOOK00702,Managing organizational behavior,['Henry L. Tosi'],Open Library only,True,False,1986,,40.0,,,3.0,7.0,0.0,0.0,7.0,,,1,0,1,1,0,1,1,0,0,0,3,Enriched,6,9,3,1,Organizational Behavior,Clustered,Organizational Behavior,https://covers.openlibrary.org/b/id/9731745-L.jpg
BOOK00703,Organizational behavior,"['Afsaneh Nahavandi', 'Ali R. Malekzadeh']",Open Library only,True,False,1998,,28.0,,,6.0,3.0,0.0,0.0,3.0,,,1,0,1,1,0,1,1,0,0,0,3,Enriched,7,9,2,1,Organizational Behavior,Clustered,Organizational Behavior,https://covers.openlibrary.org/b/id/90010-L.jpg
BOOK00704,Organizational Behavior,['Newstrom'],Open Library only,True,False,2014,,12.0,,,2.0,6.0,0.0,0.0,6.0,,,1,0,1,1,0,1,1,0,0,0,3,Enriched,3,7,4,1,Organizational Behavior,Clustered,Organizational Behavior,https://covers.openlibrary.org/b/id/10857586-L.jpg
BOOK00705,Organizational behavior,"['Nelson, Debra L.', 'Debra L. Nelson', 'James Campbell Quick']",Open Library only,True,False,1994,,32.0,,,6.0,2.0,1.0,0.0,3.0,,,1,0,1,1,0,1,1,0,0,0,3,Enriched,11,22,11,1,Organizational Behavior,Clustered,Organizational Behavior,https://covers.openlibrary.org/b/id/3856510-L.jpg
BOOK00706,Organizational Behavior,"['Mary Uhl-Bien', 'Ronald F. Piccolo', 'Schermerhorn, John R., Jr.']",Open Library only,True,False,2013,,13.0,,,7.0,2.0,1.0,0.0,3.0,,,1,0,0,1,0,1,1,0,0,0,2,Basic,11,11,0,1,Organizational Behavior,Clustered,Organizational Behavior,https://covers.openlibrary.org/b/id/13985922-L.jpg
BOOK00707,International organizational behavior,"['Anne Marie Francesco', 'Barry Allen Gold']",Open Library only,True,False,1997,,29.0,5.0,1.0,6.0,4.0,0.0,0.0,4.0,,,1,0,1,1,1,1,1,0,0,0,3,Enriched,9,31,22,1,Organizational Behavior,Clustered,Organizational Behavior,https://covers.openlibrary.org/b/id/1106267-L.jpg
BOOK00708,Managerial Economics & Business Strategy,"['Michael R. Baye', 'Michael Baye']",Open Library only,True,False,1994,,32.0,1.0,1.0,22.0,48.0,7.0,3.0,58.0,,,1,0,1,1,1,1,1,0,0,0,3,Enriched,10,59,49,27,Strategic Management and Planning,Clustered,Strategic Management and Planning,https://covers.openlibrary.org/b/id/3849733-L.jpg
BOOK00709,Your Next Five Moves,"['Patrick Bet-David', 'Greg Dinkin']",Open Library only,True,False,2020,,6.0,3.0769231,13.0,4.0,516.0,21.0,12.0,549.0,,,1,0,1,1,1,1,1,0,0,0,3,Enriched,8,9,1,28,CEO and Executive Transformation,Clustered,CEO and Executive Transformation,https://covers.openlibrary.org/b/id/10961423-L.jpg
BOOK00710,The brand gap,['Marty Neumeier'],Open Library only,True,False,2003,,23.0,3.8,5.0,4.0,194.0,7.0,7.0,208.0,,,1,1,1,1,1,1,1,0,0,0,4,Rich,5,76,71,11,Organizational Culture and Trust,Clustered,Organizational Culture and Trust,https://covers.openlibrary.org/b/id/193786-L.jpg
BOOK00711,Developing business strategies,['David A. Aaker'],Open Library only,True,False,1984,,42.0,,,6.0,18.0,0.0,1.0,19.0,,,1,1,1,1,0,1,1,0,0,0,4,Rich,6,114,108,27,Strategic Management and Planning,Clustered,Strategic Management and Planning,https://covers.openlibrary.org/b/id/3885918-L.jpg
BOOK00712,Business strategy,['John Grieve Smith'],Open Library only,True,False,1985,,41.0,,,3.0,11.0,1.0,0.0,12.0,,,1,0,1,1,0,1,1,0,0,0,3,Enriched,5,13,8,27,Strategic Management and Planning,Clustered,Strategic Management and Planning,https://covers.openlibrary.org/b/id/10617588-L.jpg
BOOK00713,International business strategy,['Alain Verbeke'],Open Library only,True,False,2008,,18.0,,,5.0,9.0,0.0,0.0,9.0,,,1,1,1,1,0,1,1,0,0,0,4,Rich,5,185,180,27,Strategic Management and Planning,Clustered,Strategic Management and Planning,https://covers.openlibrary.org/b/id/9266870-L.jpg
BOOK00714,Your Next Five Moves,[],Open Library only,True,False,,,,3.0,1.0,1.0,58.0,6.0,0.0,64.0,,,0,0,0,1,1,1,0,0,0,0,1,Minimal,4,4,0,28,CEO and Executive Transformation,Clustered,CEO and Executive Transformation,https://covers.openlibrary.org/b/id/13227022-L.jpg
BOOK00715,Corporate identity,['Wally Olins'],Open Library only,True,False,1989,,37.0,,,6.0,17.0,0.0,0.0,17.0,,,1,0,1,1,0,1,1,0,0,0,3,Enriched,4,24,20,0,Entrepreneurial and Growth Mindset,Clustered,Entrepreneurial and Growth Mindset,https://covers.openlibrary.org/b/id/11610800-L.jpg
BOOK00716,Creating valuable business strategies,"['Shiv Sahai Mathur', 'Shiv S Mathur', 'Alfred Kenyon']",Open Library only,True,False,2007,,19.0,,,11.0,4.0,0.0,0.0,4.0,,,1,0,1,1,0,1,1,0,0,0,3,Enriched,12,50,38,27,Strategic Management and Planning,Clustered,Strategic Management and Planning,https://covers.openlibrary.org/b/id/2592545-L.jpg
BOOK00717,7 Powers,['Hamilton Helmer'],Open Library only,True,False,2016,,10.0,,,2.0,17.0,2.0,0.0,19.0,,,1,0,0,1,0,1,1,0,0,0,2,Basic,4,4,0,11,Organizational Culture and Trust,Clustered,Organizational Culture and Trust,https://covers.openlibrary.org/b/id/10208801-L.jpg
BOOK00718,International Business Strategy,['Alain Verbeke'],Open Library only,True,False,2009,,17.0,,,8.0,5.0,0.0,0.0,5.0,,,1,0,1,1,0,1,1,0,0,0,3,Enriched,5,12,7,27,Strategic Management and Planning,Clustered,Strategic Management and Planning,https://covers.openlibrary.org/b/id/13977719-L.jpg
BOOK00719,Aligning human resources and business strategy,['Linda Holbeche'],Open Library only,True,False,2001,,25.0,,,16.0,2.0,0.0,0.0,2.0,,,1,0,1,1,0,1,1,0,0,0,3,Enriched,8,50,42,27,Strategic Management and Planning,Clustered,Strategic Management and Planning,https://covers.openlibrary.org/b/id/8616594-L.jpg
BOOK00720,Business strategy,['Jeremy Kourdi'],Open Library only,True,False,2003,,23.0,,,7.0,3.0,0.0,0.0,3.0,,,1,0,1,1,0,1,1,0,0,0,3,Enriched,4,10,6,27,Strategic Management and Planning,Clustered,Strategic Management and Planning,https://covers.openlibrary.org/b/id/11599484-L.jpg
BOOK00721,Acting as a business,"[""Brian O'Neil""]",Open Library only,True,False,1993,,33.0,3.0,1.0,4.0,6.0,1.0,1.0,8.0,,,1,0,1,1,1,1,1,0,0,0,3,Enriched,6,12,6,13,General Business and Management,Clustered,General Business and Management,https://covers.openlibrary.org/b/id/274700-L.jpg
BOOK00722,Opening Digital Markets,['Walid Mougayar'],Open Library only,True,False,1997,,29.0,,,3.0,13.0,1.0,1.0,15.0,,,1,0,1,1,0,1,1,0,0,0,3,Enriched,5,16,11,27,Strategic Management and Planning,Clustered,Strategic Management and Planning,https://covers.openlibrary.org/b/id/54830-L.jpg
BOOK00723,International Business Strategy,"['Peter J. Buckley', 'Pervez Ghauri']",Open Library only,True,False,2015,,11.0,0.0,0.0,6.0,2.0,1.0,0.0,3.0,,,1,0,1,1,1,1,1,0,0,0,3,Enriched,8,62,54,27,Strategic Management and Planning,Clustered,Strategic Management and Planning,https://covers.openlibrary.org/b/id/8952164-L.jpg
BOOK00724,Swipe to Unlock,"['Neel Mehta', 'Aditya Agashe', 'Parth Detroja']",Open Library only,True,False,2017,,9.0,4.0,2.0,1.0,19.0,0.0,2.0,21.0,,,1,0,0,1,1,1,1,0,0,0,2,Basic,9,9,0,28,CEO and Executive Transformation,Clustered,CEO and Executive Transformation,https://covers.openlibrary.org/b/id/10215881-L.jpg
BOOK00725,Media Telecommunications And Business Strategy,['Richard A. Gershon'],Open Library only,True,False,2013,,13.0,,,13.0,1.0,0.0,0.0,1.0,,,1,0,1,1,0,1,1,0,0,0,3,Enriched,8,59,51,6,Communication,Clustered,Communication,https://covers.openlibrary.org/b/id/7620423-L.jpg
BOOK00726,Business strategy,['David Campbell'],Open Library only,True,False,2002,,24.0,,,1.0,5.0,0.0,0.0,5.0,,,1,1,1,1,0,1,1,0,0,0,4,Rich,4,268,264,27,Strategic Management and Planning,Clustered,Strategic Management and Planning,https://covers.openlibrary.org/b/id/10161431-L.jpg
BOOK00727,Taxes and business strategy,"['Myron S. Scholes', 'Mark A. Wolfson', 'Merle M. Erickson', 'Edward L. Maydew', 'Terry J. Shevlin', 'Edward Maydew', 'Terry Shevlin']",Open Library only,True,False,2001,,25.0,,,3.0,5.0,0.0,0.0,5.0,,,1,0,1,1,0,1,1,0,0,0,3,Enriched,23,42,19,27,Strategic Management and Planning,Clustered,Strategic Management and Planning,https://covers.openlibrary.org/b/id/81901-L.jpg
BOOK00728,Global Business Strategy,['Robin John'],Open Library only,True,False,1997,,29.0,,,2.0,2.0,0.0,1.0,3.0,,,1,0,1,1,0,1,1,0,0,0,3,Enriched,5,20,15,27,Strategic Management and Planning,Clustered,Strategic Management and Planning,https://covers.openlibrary.org/b/id/2414131-L.jpg
BOOK00729,The New Positioning,['Jack Trout'],Open Library only,True,False,1995,,31.0,5.0,1.0,5.0,8.0,0.0,0.0,8.0,,,1,1,1,1,1,1,1,0,0,0,4,Rich,5,189,184,27,Strategic Management and Planning,Clustered,Strategic Management and Planning,https://covers.openlibrary.org/b/id/55747-L.jpg
BOOK00730,Managerial Economics and Business Strategy,"['Michael R. Baye', 'Jeff Prince']",Open Library only,True,False,2008,,18.0,,,2.0,6.0,0.0,0.0,6.0,,,1,0,1,1,0,1,1,0,0,0,3,Enriched,10,11,1,13,General Business and Management,Clustered,General Business and Management,https://covers.openlibrary.org/b/id/13549007-L.jpg
BOOK00731,Business Strategy,['J. -C Spender'],Open Library only,True,False,2014,,12.0,,,2.0,4.0,0.0,0.0,4.0,,,1,1,1,1,0,1,1,0,0,0,4,Rich,5,139,134,27,Strategic Management and Planning,Clustered,Strategic Management and Planning,https://covers.openlibrary.org/b/id/14375190-L.jpg
BOOK00732,Business strategy and policy,['Garry D. Smith'],Open Library only,True,False,1985,,41.0,,,5.0,2.0,0.0,0.0,2.0,,,1,0,1,1,0,1,1,0,0,0,3,Enriched,7,11,4,27,Strategic Management and Planning,Clustered,Strategic Management and Planning,https://covers.openlibrary.org/b/id/8270398-L.jpg
BOOK00733,Demand-Driven Business Strategy,['Cor Molenaar'],Open Library only,True,False,2022,,4.0,,,5.0,3.0,0.0,0.0,3.0,,,1,0,1,1,0,1,1,0,0,0,3,Enriched,5,32,27,27,Strategic Management and Planning,Clustered,Strategic Management and Planning,https://covers.openlibrary.org/b/id/13829904-L.jpg
BOOK00734,The 33 Strategies of War,"['Robert Greene', 'Don Leslie']",Open Library only,True,False,1998,,28.0,3.9130435,23.0,15.0,759.0,40.0,28.0,827.0,,,1,1,1,1,1,1,1,0,0,0,4,Rich,9,70,61,0,Entrepreneurial and Growth Mindset,Clustered,Entrepreneurial and Growth Mindset,https://covers.openlibrary.org/b/id/1119676-L.jpg
BOOK00735,Taxes and business strategy,"['Myron S. Scholes', 'Myron Scholes', 'Mark Wolfson']",Open Library only,True,False,1991,,35.0,,,4.0,2.0,0.0,0.0,2.0,,,1,0,1,1,0,1,1,0,0,0,3,Enriched,11,39,28,27,Strategic Management and Planning,Clustered,Strategic Management and Planning,https://covers.openlibrary.org/b/id/1116248-L.jpg
BOOK00736,Harvard business review on green business strategy,['Harvard Business School'],Open Library only,True,False,2007,,19.0,,,2.0,5.0,0.0,0.0,5.0,,,1,0,1,1,0,1,1,0,0,0,3,Enriched,10,26,16,27,Strategic Management and Planning,Clustered,Strategic Management and Planning,https://covers.openlibrary.org/b/id/2815147-L.jpg
BOOK00737,Business strategy,['Jeremy Kourdi'],Open Library only,True,False,2003,,23.0,,,4.0,3.0,0.0,0.0,3.0,,,1,0,1,1,0,1,1,0,0,0,3,Enriched,4,8,4,27,Strategic Management and Planning,Clustered,Strategic Management and Planning,https://covers.openlibrary.org/b/id/917762-L.jpg
BOOK00738,Developing Business Strategies,['David A. Aaker'],Open Library only,True,False,2001,,25.0,,,1.0,4.0,0.0,0.0,4.0,,,1,0,0,1,0,1,1,0,0,0,2,Basic,6,6,0,28,CEO and Executive Transformation,Clustered,CEO and Executive Transformation,https://covers.openlibrary.org/b/id/300553-L.jpg
BOOK00739,International business,"['S. Tamer Cavusgil', 'Tamer Cavusgil', 'Gary Knight', 'John Riesenberger']",Open Library only,True,False,2007,,19.0,,,19.0,11.0,0.0,0.0,11.0,,,1,0,1,1,0,1,1,0,0,0,3,Enriched,11,58,47,13,General Business and Management,Clustered,General Business and Management,https://covers.openlibrary.org/b/id/2322370-L.jpg
BOOK00740,International Business Strategy and Cross-Cultural Management,"['Nicole F. Richter', 'Jesper Strandskov', 'Sven Hauff', 'Vasyl Taras']",Open Library only,True,False,2022,,4.0,,,2.0,5.0,0.0,0.0,5.0,,,1,0,0,0,0,1,1,0,0,0,2,Basic,15,15,0,27,Strategic Management and Planning,Clustered,Strategic Management and Planning,
BOOK00741,Think Like a UX Researcher,"['David Travis', 'Philip Hodgson']",Open Library only,True,False,2019,,7.0,,,8.0,11.0,0.0,0.0,11.0,,,1,0,1,1,0,1,1,0,0,0,3,Enriched,9,13,4,3,Future Thinking and Personal Development,Clustered,Future Thinking and Personal Development,https://covers.openlibrary.org/b/id/10522091-L.jpg
BOOK00742,Love As a Business Strategy,"['Mohammad F. Anwar', 'Frank E. Danna', 'Jeffrey F. Ma', 'Christopher J. Pitre']",Open Library only,True,False,2021,,5.0,5.0,1.0,2.0,2.0,0.0,1.0,3.0,,,1,0,1,1,1,1,1,0,0,0,3,Enriched,17,18,1,27,Strategic Management and Planning,Clustered,Strategic Management and Planning,https://covers.openlibrary.org/b/id/14675849-L.jpg
BOOK00743,Business Strategy,['Patrick J. Stroh'],Open Library only,True,False,2014,,12.0,,,2.0,2.0,0.0,0.0,2.0,,,1,0,1,1,0,1,1,0,0,0,3,Enriched,5,17,12,27,Strategic Management and Planning,Clustered,Strategic Management and Planning,https://covers.openlibrary.org/b/id/10132750-L.jpg
BOOK00744,Understanding business strategy,['R. Duane Ireland'],Open Library only,True,False,2012,,14.0,,,1.0,3.0,0.0,0.0,3.0,,,1,0,1,1,0,1,1,0,0,0,3,Enriched,6,12,6,27,Strategic Management and Planning,Clustered,Strategic Management and Planning,https://covers.openlibrary.org/b/id/13820645-L.jpg
BOOK00745,Digital Business,['Annmarie Hanlon'],Open Library only,True,False,2024,,2.0,,,2.0,3.0,0.0,1.0,4.0,,,1,0,0,1,0,1,1,0,0,0,2,Basic,4,4,0,7,Broad Leadership and Success,Clustered,Broad Leadership and Success,https://covers.openlibrary.org/b/id/14854645-L.jpg
BOOK00746,Corporate strategy,['H. Igor Ansoff'],Open Library only,True,False,1965,,61.0,1.0,1.0,15.0,63.0,3.0,1.0,67.0,,,1,0,1,1,1,1,1,0,0,0,3,Enriched,5,20,15,27,Strategic Management and Planning,Clustered,Strategic Management and Planning,https://covers.openlibrary.org/b/id/12585743-L.jpg
BOOK00747,Business Strategy,"['George Stonehouse', 'Bill Houston']",Open Library only,True,False,2003,,23.0,,,7.0,,,,,,,1,0,0,0,0,0,1,0,0,0,2,Basic,6,6,0,27,Strategic Management and Planning,Clustered,Strategic Management and Planning,
BOOK00748,Designing Identity,['Marc English'],Open Library only,True,False,1998,,28.0,,,2.0,6.0,0.0,0.0,6.0,,,1,0,1,1,0,1,1,0,0,0,3,Enriched,4,21,17,0,Entrepreneurial and Growth Mindset,Clustered,Entrepreneurial and Growth Mindset,https://covers.openlibrary.org/b/id/801839-L.jpg
BOOK00749,Managerial economics and business strategy,['Michael R. Baye'],Open Library only,True,False,2003,,23.0,,,1.0,4.0,0.0,0.0,4.0,,,1,0,1,1,0,1,1,0,0,0,3,Enriched,8,13,5,27,Strategic Management and Planning,Clustered,Strategic Management and Planning,https://covers.openlibrary.org/b/id/6807154-L.jpg
BOOK00750,e-Business strategies for virtual organizations,['Janice Burn'],Open Library only,True,False,2002,,24.0,,,9.0,,,,,,,1,0,1,1,0,0,1,0,0,0,3,Enriched,7,25,18,13,General Business and Management,Clustered,General Business and Management,https://covers.openlibrary.org/b/id/1400676-L.jpg
BOOK00751,Managing Health Care Business Strategy,['George B. Moseley III'],Open Library only,True,False,2016,,10.0,,,2.0,3.0,0.0,0.0,3.0,,,1,0,1,0,0,1,1,0,0,0,3,Enriched,9,27,18,27,Strategic Management and Planning,Clustered,Strategic Management and Planning,
BOOK00752,Business strategies for the next-generation network,['Nigel Seel'],Open Library only,True,False,2006,,20.0,,,6.0,1.0,0.0,0.0,1.0,,,1,0,1,1,0,1,1,0,0,0,3,Enriched,8,28,20,27,Strategic Management and Planning,Clustered,Strategic Management and Planning,https://covers.openlibrary.org/b/id/13259519-L.jpg
BOOK00753,European Business Strategy,['Terry Garrison'],Open Library only,True,False,1993,,33.0,0.0,0.0,6.0,0.0,0.0,0.0,0.0,,,1,0,1,1,1,1,1,0,0,0,3,Enriched,5,24,19,27,Strategic Management and Planning,Clustered,Strategic Management and Planning,https://covers.openlibrary.org/b/id/13112052-L.jpg
BOOK00754,Business strategy,"['Campbell, David J.']",Open Library only,True,False,2011,,15.0,,,1.0,2.0,0.0,0.0,2.0,,,1,1,1,1,0,1,1,0,0,0,4,Rich,5,73,68,27,Strategic Management and Planning,Clustered,Strategic Management and Planning,https://covers.openlibrary.org/b/id/12410051-L.jpg
BOOK00755,Learning Domain-Driven Design,['Vladik Khononov'],Open Library only,True,False,2021,,5.0,,,1.0,9.0,1.0,0.0,10.0,,,1,0,0,1,0,1,1,0,0,0,2,Basic,5,5,0,28,CEO and Executive Transformation,Clustered,CEO and Executive Transformation,https://covers.openlibrary.org/b/id/12422655-L.jpg
BOOK00756,International Business and Global Strategy,['Peter Zámborský'],Open Library only,True,False,2016,,10.0,3.0,2.0,1.0,71.0,15.0,1.0,87.0,,,1,1,0,1,1,1,1,0,0,0,3,Enriched,7,41,34,7,Broad Leadership and Success,Clustered,Broad Leadership and Success,https://covers.openlibrary.org/b/id/7391824-L.jpg
BOOK00757,Instagram Business - Sell on Instagram Customer Psychology : How to Use Instagram for Business : Instagram Business Strategy : Start Business - Instagram,['Sobia Publication'],Open Library only,True,False,2022,,4.0,,,1.0,7.0,0.0,1.0,8.0,,,1,0,0,0,0,1,1,0,0,0,2,Basic,26,26,0,27,Strategic Management and Planning,Clustered,Strategic Management and Planning,
BOOK00758,Financial Accounting,['Paul D. Kimmel'],Open Library only,True,False,1998,,28.0,4.285714,7.0,65.0,253.0,32.0,14.0,299.0,,,1,0,1,1,1,1,1,0,0,0,3,Enriched,5,8,3,13,General Business and Management,Clustered,General Business and Management,https://covers.openlibrary.org/b/id/304562-L.jpg
BOOK00759,Managerial Accounting,['Jerry J. Weygandt'],Open Library only,True,False,1999,,27.0,3.8333333,6.0,80.0,250.0,22.0,6.0,278.0,,,1,0,1,1,1,1,1,0,0,0,3,Enriched,5,22,17,13,General Business and Management,Clustered,General Business and Management,https://covers.openlibrary.org/b/id/6938153-L.jpg
BOOK00760,Business Statistics,['Ken Black'],Open Library only,True,False,1991,,35.0,4.2,5.0,29.0,157.0,18.0,2.0,177.0,,,1,0,1,1,1,1,1,0,0,0,3,Enriched,4,17,13,4,Decision Making,Clustered,Decision Making,https://covers.openlibrary.org/b/id/304694-L.jpg
BOOK00761,Statistical analysis for decision making,['Morris Hamburg'],Open Library only,True,False,1970,,56.0,4.0,4.0,8.0,33.0,2.0,1.0,36.0,,,1,0,1,1,1,1,1,0,0,0,3,Enriched,7,24,17,4,Decision Making,Clustered,Decision Making,https://covers.openlibrary.org/b/id/14621917-L.jpg
BOOK00762,The managerial decision-making process,['E. Frank Harrison'],Open Library only,True,False,1975,,51.0,,,7.0,41.0,4.0,0.0,45.0,,,1,0,1,1,0,1,1,0,0,0,3,Enriched,7,10,3,4,Decision Making,Clustered,Decision Making,https://covers.openlibrary.org/b/id/1197022-L.jpg
BOOK00763,Judgment in managerial decision making,['Max H. Bazerman'],Open Library only,True,False,1986,,40.0,,,9.0,21.0,0.0,0.0,21.0,,,1,1,1,1,0,1,1,0,0,0,4,Rich,8,145,137,4,Decision Making,Clustered,Decision Making,https://covers.openlibrary.org/b/id/304343-L.jpg
BOOK00764,Administrative behavior,['Herbert Alexander Simon'],Open Library only,True,False,1947,,79.0,,,8.0,40.0,6.0,1.0,47.0,,,1,0,1,1,0,1,1,0,0,0,3,Enriched,5,19,14,4,Decision Making,Clustered,Decision Making,https://covers.openlibrary.org/b/id/426557-L.jpg
BOOK00765,Business ethics,"['O. C. Ferrell', 'John Fraedrich', 'Linda Ferrell']",Open Library only,True,False,1991,,35.0,2.0,1.0,9.0,26.0,3.0,0.0,29.0,,,1,0,1,1,1,1,1,0,0,0,3,Enriched,9,21,12,28,CEO and Executive Transformation,Clustered,CEO and Executive Transformation,https://covers.openlibrary.org/b/id/4640012-L.jpg
BOOK00766,Business Analytics,"['S. Christian Albright', 'Wayne L. Winston']",Open Library only,True,False,2014,,12.0,1.0,1.0,6.0,29.0,2.0,0.0,31.0,,,1,0,1,1,1,1,1,0,0,0,3,Enriched,8,37,29,4,Decision Making,Clustered,Decision Making,https://covers.openlibrary.org/b/id/10237948-L.jpg
BOOK00767,Judgment and decision making,"['Peter Juslin', 'Henry Montgomery']",Open Library only,True,False,1999,,27.0,,,9.0,19.0,0.0,0.0,19.0,,,1,1,1,1,0,1,1,0,0,0,4,Rich,8,63,55,4,Decision Making,Clustered,Decision Making,https://covers.openlibrary.org/b/id/4696115-L.jpg
BOOK00768,Curriculum improvement,['Ronald C. Doll'],Open Library only,True,False,1964,,62.0,,,13.0,12.0,1.0,0.0,13.0,,,1,0,1,1,0,1,1,0,0,0,3,Enriched,5,16,11,28,CEO and Executive Transformation,Clustered,CEO and Executive Transformation,https://covers.openlibrary.org/b/id/136835-L.jpg
BOOK00769,The psychology of judgment and decision making,['Scott Plous'],Open Library only,True,False,1993,,33.0,,,2.0,40.0,5.0,0.0,45.0,,,1,1,1,1,0,1,1,0,0,0,4,Rich,9,291,282,4,Decision Making,Clustered,Decision Making,https://covers.openlibrary.org/b/id/55087-L.jpg
BOOK00770,Financial accounting,['Jerry J. Weygandt'],Open Library only,True,False,1995,,31.0,,,20.0,15.0,0.0,1.0,16.0,,,1,0,1,1,0,1,1,0,0,0,3,Enriched,5,14,9,13,General Business and Management,Clustered,General Business and Management,https://covers.openlibrary.org/b/id/300560-L.jpg
BOOK00771,Financial decision making,['John J. Hampton'],Open Library only,True,False,1976,,50.0,,,5.0,12.0,0.0,1.0,13.0,,,1,0,1,1,0,1,1,0,0,0,3,Enriched,6,12,6,4,Decision Making,Clustered,Decision Making,https://covers.openlibrary.org/b/id/4484608-L.jpg
BOOK00772,Executive decision making,['Manley Howe Jones'],Open Library only,True,False,1957,,69.0,,,8.0,7.0,0.0,0.0,7.0,,,1,0,1,1,0,1,1,0,0,0,3,Enriched,6,9,3,4,Decision Making,Clustered,Decision Making,https://covers.openlibrary.org/b/id/13023038-L.jpg
BOOK00773,Policy paradox,['Deborah Stone'],Open Library only,True,False,2012,,14.0,4.5,2.0,1.0,56.0,4.0,1.0,61.0,,,1,1,1,1,1,1,1,0,0,0,4,Rich,4,112,108,7,Broad Leadership and Success,Clustered,Broad Leadership and Success,https://covers.openlibrary.org/b/id/10691979-L.jpg
BOOK00774,Career decision making,"['W. Bruce Walsh', 'Samuel H. Osipow']",Open Library only,True,False,1988,,38.0,,,6.0,7.0,1.0,0.0,8.0,,,1,0,1,1,0,1,1,0,0,0,3,Enriched,9,26,17,4,Decision Making,Clustered,Decision Making,https://covers.openlibrary.org/b/id/4140210-L.jpg
BOOK00775,An introduction to management science,['David Ray Anderson'],Open Library only,True,False,1976,,50.0,5.0,1.0,13.0,21.0,1.0,2.0,24.0,,,1,0,1,1,1,1,1,0,0,0,3,Enriched,8,44,36,4,Decision Making,Clustered,Decision Making,https://covers.openlibrary.org/b/id/4963712-L.jpg
BOOK00776,Argumentation and debate,"['Austin J. Freeley', 'David L. Steinberg']",Open Library only,True,False,1961,,65.0,,,20.0,11.0,1.0,1.0,13.0,,,1,0,1,1,0,1,1,0,0,0,3,Enriched,9,49,40,28,CEO and Executive Transformation,Clustered,CEO and Executive Transformation,https://covers.openlibrary.org/b/id/364188-L.jpg
BOOK00777,Sales management,"['Thomas N. Ingram', 'Raymond W. Laforge', 'Ramon A. Avila', 'Charles H., Jr Schwepker', 'Michael R. Williams']",Open Library only,True,False,2005,,21.0,,,8.0,10.0,0.0,1.0,11.0,,,1,0,1,1,0,1,1,0,0,0,3,Enriched,18,54,36,13,General Business and Management,Clustered,General Business and Management,https://covers.openlibrary.org/b/id/1178627-L.jpg
BOOK00778,Financial Accounting,['Paul D. Kimmel'],Open Library only,True,False,2008,,18.0,0.0,0.0,58.0,10.0,0.0,0.0,10.0,,,1,0,0,0,1,1,1,0,0,0,2,Basic,5,5,0,13,General Business and Management,Clustered,General Business and Management,
BOOK00779,Decision making,['Irving Lester Janis'],Open Library only,True,False,1977,,49.0,,,1.0,18.0,0.0,1.0,19.0,,,1,0,1,1,0,1,1,0,0,0,3,Enriched,5,25,20,4,Decision Making,Clustered,Decision Making,https://covers.openlibrary.org/b/id/4451869-L.jpg
BOOK00780,Data analysis & decision making with Microsoft Excel,"['S. Christian Albright', 'Wayne Winston', 'Christopher J. Zappe']",Open Library only,True,False,1999,,27.0,,,7.0,16.0,0.0,0.0,16.0,,,1,0,1,1,0,1,1,0,0,0,3,Enriched,16,57,41,4,Decision Making,Clustered,Decision Making,https://covers.openlibrary.org/b/id/4294335-L.jpg
BOOK00781,Financial Accounting,"['Paul D. Kimmel', 'Donald E. Kieso']",Open Library only,True,False,2008,,18.0,0.0,0.0,13.0,13.0,1.0,0.0,14.0,,,1,0,1,1,1,1,1,0,0,0,3,Enriched,8,25,17,13,General Business and Management,Clustered,General Business and Management,https://covers.openlibrary.org/b/id/9104986-L.jpg
BOOK00782,A primer on decision making,['James G. March'],Open Library only,True,False,1994,,32.0,,,3.0,7.0,2.0,0.0,9.0,,,1,0,1,1,0,1,1,0,0,0,3,Enriched,8,14,6,4,Decision Making,Clustered,Decision Making,https://covers.openlibrary.org/b/id/18971-L.jpg
BOOK00783,"Management Decision-Making, Big Data and Analytics","['Simone Gressel', 'David J. Pauleen', 'Nazim Taskin']",Open Library only,True,False,2020,,6.0,,,4.0,17.0,0.0,0.0,17.0,,,1,0,1,1,0,1,1,0,0,0,3,Enriched,13,14,1,11,Organizational Culture and Trust,Clustered,Organizational Culture and Trust,https://covers.openlibrary.org/b/id/13192001-L.jpg
BOOK00784,Business ethics,"['Laura Pincus Hartman', 'Laura P. Hartman', 'Joseph R. DesJardins']",Open Library only,True,False,2007,,19.0,5.0,1.0,6.0,13.0,1.0,0.0,14.0,,,1,0,1,1,1,1,1,0,0,0,3,Enriched,11,13,2,28,CEO and Executive Transformation,Clustered,CEO and Executive Transformation,https://covers.openlibrary.org/b/id/1087141-L.jpg
BOOK00785,DECISION MAKING,['Irving L. Janis'],Open Library only,True,False,1979,,47.0,,,2.0,9.0,0.0,0.0,9.0,,,1,0,0,1,0,1,1,0,0,0,2,Basic,5,5,0,4,Decision Making,Clustered,Decision Making,https://covers.openlibrary.org/b/id/18888-L.jpg
BOOK00786,Data Analytics and Decision Making,['Ali AbdulHussein'],Open Library only,True,False,2022,,4.0,,,2.0,14.0,0.0,0.0,14.0,,,1,1,1,1,0,1,1,0,0,0,4,Rich,7,128,121,4,Decision Making,Clustered,Decision Making,https://covers.openlibrary.org/b/id/12751824-L.jpg
BOOK00787,Multiple criteria decision making,['Milan Zeleny'],Open Library only,True,False,1982,,44.0,,,1.0,14.0,0.0,0.0,14.0,,,1,0,1,1,0,1,1,0,0,0,3,Enriched,6,18,12,4,Decision Making,Clustered,Decision Making,https://covers.openlibrary.org/b/id/8197589-L.jpg
BOOK00788,Nursing Fundamentals,['Rick Daniels'],Open Library only,True,False,2003,,23.0,5.0,1.0,9.0,4.0,1.0,1.0,6.0,,,1,0,1,1,1,1,1,0,0,0,3,Enriched,4,11,7,11,Organizational Culture and Trust,Clustered,Organizational Culture and Trust,https://covers.openlibrary.org/b/id/1453858-L.jpg
BOOK00789,Fear of Missing Out,['Patrick J. McGinnis'],Open Library only,True,False,2020,,6.0,4.0,1.0,1.0,42.0,2.0,5.0,49.0,,,1,0,1,1,1,1,1,0,0,0,3,Enriched,7,8,1,11,Organizational Culture and Trust,Clustered,Organizational Culture and Trust,https://covers.openlibrary.org/b/id/10304457-L.jpg
BOOK00790,Accounting for Decision Making and Control,"['Jerold L. Zimmerman', 'Zimmerman', 'Will Yancey']",Open Library only,True,False,1995,,31.0,,,21.0,2.0,0.0,0.0,2.0,,,1,0,1,1,0,1,1,0,0,0,3,Enriched,12,18,6,4,Decision Making,Clustered,Decision Making,https://covers.openlibrary.org/b/id/63780-L.jpg
BOOK00791,Accounting for managers,['Paul M. Collier'],Open Library only,True,False,2009,,17.0,,,13.0,4.0,1.0,1.0,6.0,,,1,0,1,1,0,1,1,0,0,0,3,Enriched,6,8,2,13,General Business and Management,Clustered,General Business and Management,https://covers.openlibrary.org/b/id/12880806-L.jpg
BOOK00792,Radical Uncertainty,"['Mervyn King', 'John Kay']",Open Library only,True,False,2019,,7.0,4.0,1.0,6.0,8.0,0.0,1.0,9.0,,,1,1,1,0,1,1,1,0,0,0,4,Rich,6,186,180,7,Broad Leadership and Success,Clustered,Broad Leadership and Success,
BOOK00793,Managerial Accounting,"['Jerry J. Weygandt', 'Ibrahim M. Aly', 'Donald E. Kieso', 'Paul D. Kimmel']",Open Library only,True,False,2010,,16.0,5.0,1.0,19.0,6.0,0.0,0.0,6.0,,,1,0,1,0,1,1,1,0,0,0,3,Enriched,14,16,2,13,General Business and Management,Clustered,General Business and Management,
BOOK00794,Business ethics,['O. C. Ferrell'],Open Library only,True,False,2011,,15.0,3.0,1.0,1.0,19.0,2.0,1.0,22.0,,,1,0,1,1,1,1,1,0,0,0,3,Enriched,5,9,4,28,CEO and Executive Transformation,Clustered,CEO and Executive Transformation,https://covers.openlibrary.org/b/id/8625694-L.jpg
BOOK00795,Judgment and Decision-Making,['Nancy S. Kim'],Open Library only,True,False,2017,,9.0,,,2.0,12.0,0.0,0.0,12.0,,,1,0,1,1,0,1,1,0,0,0,3,Enriched,6,9,3,4,Decision Making,Clustered,Decision Making,https://covers.openlibrary.org/b/id/9684575-L.jpg
BOOK00796,Holistic management,"['Allan Savory', 'Jody Butterfield']",Open Library only,True,False,1998,,28.0,4.0,1.0,4.0,7.0,1.0,2.0,10.0,,,1,0,1,1,1,1,1,0,0,0,3,Enriched,6,46,40,13,General Business and Management,Clustered,General Business and Management,https://covers.openlibrary.org/b/id/1884534-L.jpg
BOOK00797,Creative decision making,['H. B. Gelatt'],Open Library only,True,False,1991,,35.0,,,4.0,4.0,2.0,0.0,6.0,,,1,0,1,1,0,1,1,0,0,0,3,Enriched,6,14,8,4,Decision Making,Clustered,Decision Making,https://covers.openlibrary.org/b/id/1889121-L.jpg
BOOK00798,Economics,['George Leland Bach'],Open Library only,True,False,1954,,72.0,5.0,1.0,17.0,6.0,1.0,1.0,8.0,,,1,0,1,1,1,1,1,0,0,0,3,Enriched,4,15,11,13,General Business and Management,Clustered,General Business and Management,https://covers.openlibrary.org/b/id/7152477-L.jpg
BOOK00799,The ethical decision-making manual for helping professionals,['Sarah O. Steinman'],Open Library only,True,False,1998,,28.0,,,1.0,20.0,0.0,0.0,20.0,,,1,0,1,1,0,1,1,0,0,0,3,Enriched,10,40,30,4,Decision Making,Clustered,Decision Making,https://covers.openlibrary.org/b/id/3786326-L.jpg
BOOK00800,AN INTRODUCTION TO MANAGEMENT SCIENCE,"['David Ray Anderson', 'Dennis J. Sweeney', 'Thomas Arthur Williams', 'Jeffrey D. Camm', 'James J. Cochran']",Open Library only,True,False,2019,,7.0,,,1.0,18.0,2.0,0.0,20.0,,,1,0,1,1,0,1,1,0,0,0,3,Enriched,20,24,4,13,General Business and Management,Clustered,General Business and Management,https://covers.openlibrary.org/b/id/8302146-L.jpg
BOOK00801,Financial Accounting,"['Paul D. Kimmel', 'Donald E. Kieso']",Open Library only,True,False,2010,,16.0,0.0,0.0,13.0,6.0,0.0,0.0,6.0,,,1,0,1,0,1,1,1,0,0,0,3,Enriched,8,9,1,13,General Business and Management,Clustered,General Business and Management,
BOOK00802,Accounting,"['Jacqueline Birt', 'Keryn Chalmers', 'Suzanne Byrne', 'Albie Brooks', 'Judy Oliver']",Open Library only,True,False,2005,,21.0,,,17.0,5.0,1.0,0.0,6.0,,,1,0,1,1,0,1,1,0,0,0,3,Enriched,11,12,1,13,General Business and Management,Clustered,General Business and Management,https://covers.openlibrary.org/b/id/10503797-L.jpg
BOOK00803,Decision making and problem solving strategies,['John Adair'],Open Library only,True,False,2010,,16.0,,,2.0,9.0,0.0,0.0,9.0,,,1,1,1,1,0,1,1,0,0,0,4,Rich,8,102,94,4,Decision Making,Clustered,Decision Making,https://covers.openlibrary.org/b/id/9593806-L.jpg
BOOK00804,Managerial accounting,"['Ray H. Garrison', 'Eric W., Phd Noreen', 'Eric Noreen', 'Peter C. Brewer']",Open Library only,True,False,1976,,50.0,3.0,2.0,29.0,59.0,10.0,0.0,69.0,,,1,0,1,1,1,1,1,0,0,0,3,Enriched,14,33,19,13,General Business and Management,Clustered,General Business and Management,https://covers.openlibrary.org/b/id/3851505-L.jpg
BOOK00805,An Introduction to Management Science,['David Ray Anderson'],Open Library only,True,False,1982,,44.0,,,4.0,12.0,1.0,0.0,13.0,,,1,1,1,1,0,1,1,0,0,0,4,Rich,8,284,276,4,Decision Making,Clustered,Decision Making,https://covers.openlibrary.org/b/id/6900127-L.jpg
BOOK00806,Improve Your Communication Skills,['Alan Barker'],Open Library only,True,False,2010,,16.0,3.4,5.0,15.0,204.0,16.0,14.0,234.0,,,1,1,1,1,1,1,1,0,0,0,4,Rich,6,58,52,6,Communication,Clustered,Communication,https://covers.openlibrary.org/b/id/6441309-L.jpg
BOOK00807,Effective business communications,['Herta A. Murphy'],Open Library only,True,False,1972,,54.0,3.9166667,12.0,11.0,243.0,37.0,6.0,286.0,,,1,1,1,1,1,1,1,0,0,0,4,Rich,6,103,97,6,Communication,Clustered,Communication,https://covers.openlibrary.org/b/id/9834516-L.jpg
BOOK00808,Theories of human communication,"['Stephen W. Littlejohn', 'Karen A. Foss']",Open Library only,True,False,1978,,48.0,4.285714,7.0,14.0,129.0,10.0,6.0,145.0,,,1,0,1,1,1,1,1,0,0,0,3,Enriched,10,47,37,6,Communication,Clustered,Communication,https://covers.openlibrary.org/b/id/3973862-L.jpg
BOOK00809,Nonviolent Communication,"['Marshall B. Rosenberg', 'Deepak Chopra', 'Magiarí Díaz Díaz', 'Alan Rafael Seid Llamas', 'Rosenberg']",Open Library only,True,False,1999,,27.0,4.45,20.0,38.0,336.0,28.0,30.0,394.0,,,1,1,1,1,1,1,1,0,0,0,4,Rich,15,165,150,6,Communication,Clustered,Communication,https://covers.openlibrary.org/b/id/940686-L.jpg
BOOK00810,Introduction to communicative disorders,['M. N. Hegde'],Open Library only,True,False,1991,,35.0,3.75,8.0,5.0,141.0,15.0,7.0,163.0,,,1,0,1,1,1,1,1,0,0,0,3,Enriched,7,21,14,6,Communication,Clustered,Communication,https://covers.openlibrary.org/b/id/5022224-L.jpg
BOOK00811,Wireless communications,"['Theodore S. Rappaport', 'Rappaport']",Open Library only,True,False,1995,,31.0,5.0,3.0,10.0,131.0,6.0,2.0,139.0,,,1,1,1,1,1,1,1,0,0,0,4,Rich,6,252,246,6,Communication,Clustered,Communication,https://covers.openlibrary.org/b/id/83070-L.jpg
BOOK00812,Data Communications and Networking,"['Behrouz A. Forouzan', 'Catherine Ann Coombs', 'Sophia Chung Fegan']",Open Library only,True,False,2000,,26.0,3.0,2.0,10.0,109.0,11.0,3.0,123.0,,,1,0,1,1,1,1,1,0,0,0,3,Enriched,13,52,39,28,CEO and Executive Transformation,Clustered,CEO and Executive Transformation,https://covers.openlibrary.org/b/id/1084050-L.jpg
BOOK00813,Corporate communication,['Paul A. Argenti'],Open Library only,True,False,1994,,32.0,5.0,1.0,15.0,55.0,3.0,2.0,60.0,,,1,0,1,1,1,1,1,0,0,0,3,Enriched,5,11,6,6,Communication,Clustered,Communication,https://covers.openlibrary.org/b/id/65390-L.jpg
BOOK00814,Electronic communication,['Robert L. Shrader'],Open Library only,True,False,1959,,67.0,5.0,1.0,11.0,59.0,5.0,1.0,65.0,,,1,0,1,1,1,1,1,0,0,0,3,Enriched,5,12,7,6,Communication,Clustered,Communication,https://covers.openlibrary.org/b/id/55367-L.jpg
BOOK00815,Introducing communication theory,"['Richard L. West', 'Lynn H. Turner', 'Richard West', 'Lynn Turner']",Open Library only,True,False,2000,,26.0,,,8.0,124.0,16.0,0.0,140.0,,,1,0,1,1,0,1,1,0,0,0,3,Enriched,13,37,24,6,Communication,Clustered,Communication,https://covers.openlibrary.org/b/id/527160-L.jpg
BOOK00816,An introduction to communication studies,['Sheila Steinberg'],Open Library only,True,False,2007,,19.0,2.8888888,9.0,2.0,267.0,29.0,6.0,302.0,,,1,1,1,1,1,1,1,0,0,0,4,Rich,7,170,163,6,Communication,Clustered,Communication,https://covers.openlibrary.org/b/id/14428316-L.jpg
BOOK00817,Communication Skills,"['Sanjay Kumar', 'Pushp Lata']",Open Library only,True,False,2011,,15.0,2.3333333,3.0,2.0,109.0,9.0,2.0,120.0,,,1,0,0,1,1,1,1,0,0,0,2,Basic,6,6,0,6,Communication,Clustered,Communication,https://covers.openlibrary.org/b/id/15205368-L.jpg
BOOK00818,Looking out/looking in,"['Ronald B. Adler', 'Ronald Adler', 'MARY O WIEMAN', 'Ronald Adler', 'Ron Adler', 'RONALD ADLER', 'Ronald B. Adler', 'Ronald B. Adler', 'Russell F. Proctor II', 'Proctor, Russell F., II', 'Neil Towne']",Open Library only,True,False,1974,,52.0,2.9,10.0,47.0,417.0,28.0,12.0,457.0,,,1,1,1,1,1,1,1,0,0,0,4,Rich,33,158,125,6,Communication,Clustered,Communication,https://covers.openlibrary.org/b/id/7126821-L.jpg
BOOK00819,Electronic communications systems,['Wayne Tomasi'],Open Library only,True,False,1988,,38.0,3.0,2.0,7.0,159.0,13.0,2.0,174.0,,,1,1,1,1,1,1,1,0,0,0,4,Rich,5,10,5,28,CEO and Executive Transformation,Clustered,CEO and Executive Transformation,https://covers.openlibrary.org/b/id/1115599-L.jpg
BOOK00820,The slave community,"['John W. Blassingame', 'John W. Blassingame']",Open Library only,True,False,1972,,54.0,2.0,1.0,7.0,176.0,9.0,1.0,186.0,,,1,1,1,1,1,1,1,0,0,0,4,Rich,9,445,436,3,Future Thinking and Personal Development,Clustered,Future Thinking and Personal Development,https://covers.openlibrary.org/b/id/120872-L.jpg
BOOK00821,Human communication,['Stewart L. Tubbs'],Open Library only,True,False,1974,,52.0,4.5,2.0,19.0,48.0,6.0,1.0,55.0,,,1,0,1,1,1,1,1,0,0,0,3,Enriched,5,23,18,6,Communication,Clustered,Communication,https://covers.openlibrary.org/b/id/4508955-L.jpg
BOOK00822,Business Communication,['Mary Ellen Guffey'],Open Library only,True,False,1993,,33.0,5.0,1.0,17.0,52.0,6.0,2.0,60.0,,,1,0,1,1,1,1,1,0,0,0,3,Enriched,5,28,23,6,Communication,Clustered,Communication,https://covers.openlibrary.org/b/id/6716431-L.jpg
BOOK00823,Communicating effectively,['Saundra Hybels'],Open Library only,True,False,1986,,40.0,5.0,1.0,14.0,37.0,3.0,1.0,41.0,,,1,0,1,1,1,1,1,0,0,0,3,Enriched,4,19,15,6,Communication,Clustered,Communication,https://covers.openlibrary.org/b/id/4060869-L.jpg
BOOK00824,Communication between cultures,"['Larry A. Samovar', 'Portar McDaniel Samovar', 'Richard E. Porter']",Open Library only,True,False,1991,,35.0,3.5,2.0,15.0,37.0,3.0,2.0,42.0,,,1,0,1,1,1,1,1,0,0,0,3,Enriched,12,39,27,6,Communication,Clustered,Communication,https://covers.openlibrary.org/b/id/4036878-L.jpg
BOOK00825,Imagined communities,['Benedict Anderson'],Open Library only,True,False,1983,,43.0,4.25,4.0,20.0,114.0,3.0,15.0,132.0,,,1,1,1,1,1,1,1,0,0,0,4,Rich,4,31,27,3,Future Thinking and Personal Development,Clustered,Future Thinking and Personal Development,https://covers.openlibrary.org/b/id/652236-L.jpg
BOOK00826,A First Look at Communication Theory,['Emory A. Griffin'],Open Library only,True,False,1991,,35.0,2.0,1.0,14.0,41.0,1.0,3.0,45.0,,,1,0,1,1,1,1,1,0,0,0,3,Enriched,9,14,5,6,Communication,Clustered,Communication,https://covers.openlibrary.org/b/id/7897816-L.jpg
BOOK00827,Today's isms,"['Alan O. Ebenstein', 'Alan Ebenstein', 'William Ebenstein', 'EBENSTEIN FOGE', 'W. Ebenstein', 'Ebenstein & Fogelman', 'William Ebenstein']",Open Library only,True,False,1954,,72.0,3.0,1.0,44.0,52.0,3.0,1.0,56.0,,,1,1,1,1,1,1,1,0,0,0,4,Rich,18,73,55,3,Future Thinking and Personal Development,Clustered,Future Thinking and Personal Development,https://covers.openlibrary.org/b/id/12727201-L.jpg
BOOK00828,Interplay,['Ronald B. Adler'],Open Library only,True,False,1980,,46.0,3.0,1.0,21.0,72.0,2.0,1.0,75.0,,,1,1,1,1,1,1,1,0,0,0,4,Rich,4,23,19,6,Communication,Clustered,Communication,https://covers.openlibrary.org/b/id/3967691-L.jpg
BOOK00829,Interpersonal communication,"['Sarah Trenholm', 'Arthur Jensen']",Open Library only,True,False,1988,,38.0,4.0,2.0,11.0,36.0,2.0,2.0,40.0,,,1,0,1,1,1,1,1,0,0,0,3,Enriched,6,15,9,6,Communication,Clustered,Communication,https://covers.openlibrary.org/b/id/3695239-L.jpg
BOOK00830,Business communication today,['Courtland L. Bovée'],Open Library only,True,False,1989,,37.0,4.0,4.0,5.0,70.0,7.0,1.0,78.0,,,1,1,1,1,1,1,1,0,0,0,4,Rich,6,62,56,6,Communication,Clustered,Communication,https://covers.openlibrary.org/b/id/7134604-L.jpg
BOOK00831,Fashion as communication,['Malcolm Barnard'],Open Library only,True,False,1996,,30.0,,,4.0,73.0,2.0,2.0,77.0,,,1,1,1,1,0,1,1,0,0,0,4,Rich,5,184,179,6,Communication,Clustered,Communication,https://covers.openlibrary.org/b/id/3815923-L.jpg
BOOK00832,Communication,"['William J. Seiler', 'Melissa L. Beall']",Open Library only,True,False,1995,,31.0,,,23.0,27.0,4.0,1.0,32.0,,,1,0,1,1,0,1,1,0,0,0,3,Enriched,7,10,3,6,Communication,Clustered,Communication,https://covers.openlibrary.org/b/id/6822321-L.jpg
BOOK00833,Visual Communication,['Paul Martin Lester'],Open Library only,True,False,1995,,31.0,5.0,2.0,8.0,59.0,7.0,1.0,67.0,,,1,1,1,1,1,1,1,0,0,0,4,Rich,5,83,78,6,Communication,Clustered,Communication,https://covers.openlibrary.org/b/id/365063-L.jpg
BOOK00834,Electronic communication systems,['Roy Blake'],Open Library only,True,False,2002,,24.0,3.6666667,6.0,1.0,146.0,10.0,3.0,159.0,,,1,0,1,1,1,1,1,0,0,0,3,Enriched,5,6,1,6,Communication,Clustered,Communication,https://covers.openlibrary.org/b/id/1453722-L.jpg
BOOK00835,Digital communications,['John G. Proakis'],Open Library only,True,False,1983,,43.0,3.0,2.0,9.0,34.0,5.0,2.0,41.0,,,1,0,1,1,1,1,1,0,0,0,3,Enriched,5,12,7,7,Broad Leadership and Success,Clustered,Broad Leadership and Success,https://covers.openlibrary.org/b/id/56245-L.jpg
BOOK00836,"Communication Skills, Second Edition","['Sanjay Kumar', 'Pushp Lata']",Open Library only,True,False,2015,,11.0,3.75,4.0,2.0,130.0,14.0,4.0,148.0,,,1,0,1,1,1,1,1,0,0,0,3,Enriched,8,19,11,6,Communication,Clustered,Communication,https://covers.openlibrary.org/b/id/13709732-L.jpg
BOOK00837,Digital and analog communication systems,['Leon W. Couch'],Open Library only,True,False,1983,,43.0,4.75,4.0,14.0,59.0,6.0,2.0,67.0,,,1,0,1,1,1,1,1,0,0,0,3,Enriched,8,24,16,28,CEO and Executive Transformation,Clustered,CEO and Executive Transformation,https://covers.openlibrary.org/b/id/1108044-L.jpg
BOOK00838,Technical Communication,['John M. Lannon'],Open Library only,True,False,2000,,26.0,4.5,2.0,14.0,30.0,2.0,2.0,34.0,,,1,1,1,1,1,1,1,0,0,0,4,Rich,5,144,139,6,Communication,Clustered,Communication,https://covers.openlibrary.org/b/id/2382521-L.jpg
BOOK00839,Communicating with strangers,"['William B. Gudykunst', 'Young Yun Kim', 'William Gudykunst']",Open Library only,True,False,1984,,42.0,5.0,2.0,12.0,24.0,4.0,2.0,30.0,,,1,0,1,1,1,1,1,0,0,0,3,Enriched,11,39,28,6,Communication,Clustered,Communication,https://covers.openlibrary.org/b/id/4945892-L.jpg
BOOK00840,Communication Theories,['Katherine Miller'],Open Library only,True,False,2001,,25.0,4.75,4.0,5.0,56.0,3.0,3.0,62.0,,,1,0,1,1,1,1,1,0,0,0,3,Enriched,4,6,2,6,Communication,Clustered,Communication,https://covers.openlibrary.org/b/id/14415653-L.jpg
BOOK00841,Nonverbal communication in human interaction,"['Mark L. Knapp', 'Judith A. Hall']",Open Library only,True,False,1972,,54.0,5.0,1.0,16.0,37.0,7.0,1.0,45.0,,,1,0,1,1,1,1,1,0,0,0,3,Enriched,11,32,21,6,Communication,Clustered,Communication,https://covers.openlibrary.org/b/id/1274942-L.jpg
BOOK00842,Business and administrative communication,"['Kitty O. Locker', 'Donna S. Kienzler', 'Locker']",Open Library only,True,False,1989,,37.0,5.0,1.0,22.0,21.0,2.0,1.0,24.0,,,1,0,1,1,1,1,1,0,0,0,3,Enriched,11,58,47,6,Communication,Clustered,Communication,https://covers.openlibrary.org/b/id/5445247-L.jpg
BOOK00843,The media of mass communication 11th edition,['John Vivian'],Open Library only,True,False,1991,,35.0,,,18.0,67.0,0.0,0.0,67.0,,,1,0,1,1,0,1,1,0,0,0,3,Enriched,9,14,5,6,Communication,Clustered,Communication,https://covers.openlibrary.org/b/id/138233-L.jpg
BOOK00844,Nonverbal Communication,['Albert Mehrabian'],Open Library only,True,False,1972,,54.0,,,5.0,38.0,4.0,1.0,43.0,,,1,0,1,1,0,1,1,0,0,0,3,Enriched,4,34,30,6,Communication,Clustered,Communication,https://covers.openlibrary.org/b/id/4607668-L.jpg
BOOK00845,Modern digital and analogue communication systems,"['B. P. Lathi', 'Zhi Ding']",Open Library only,True,False,1983,,43.0,5.0,1.0,11.0,57.0,4.0,1.0,62.0,,,1,1,1,1,1,1,1,0,0,0,4,Rich,11,42,31,6,Communication,Clustered,Communication,https://covers.openlibrary.org/b/id/123570-L.jpg
BOOK00846,Business communication,"['Kitty O. Locker', 'Stephen Kyo Kaczmarek', 'Kitty Locker']",Open Library only,True,False,2001,,25.0,3.0,2.0,16.0,30.0,0.0,3.0,33.0,,,1,0,1,1,1,1,1,0,0,0,3,Enriched,10,22,12,6,Communication,Clustered,Communication,https://covers.openlibrary.org/b/id/1084633-L.jpg
BOOK00847,Gendered Lives,['Julia T. Wood'],Open Library only,True,False,1993,,33.0,5.0,2.0,13.0,30.0,5.0,5.0,40.0,,,1,0,1,1,1,1,1,0,0,0,3,Enriched,5,12,7,6,Communication,Clustered,Communication,https://covers.openlibrary.org/b/id/365050-L.jpg
BOOK00848,The dynamics of mass communication,['Joseph R. Dominick'],Open Library only,True,False,1983,,43.0,4.0,1.0,22.0,61.0,5.0,2.0,68.0,,,1,0,1,1,1,1,1,0,0,0,3,Enriched,8,12,4,6,Communication,Clustered,Communication,https://covers.openlibrary.org/b/id/4173899-L.jpg
BOOK00849,History Of Communication Study,['Everett M. Rogers'],Open Library only,True,False,1994,,32.0,4.8333335,6.0,3.0,70.0,4.0,6.0,80.0,,,1,0,1,1,1,1,1,0,0,0,3,Enriched,7,19,12,6,Communication,Clustered,Communication,https://covers.openlibrary.org/b/id/19118-L.jpg
BOOK00850,Satellite communications,"['Timothy Pratt', 'Charles W. Bostian', 'Jeremy E. Allnutt']",Open Library only,True,False,1986,,40.0,5.0,2.0,9.0,20.0,4.0,3.0,27.0,,,1,0,1,1,1,1,1,0,0,0,3,Enriched,10,16,6,28,CEO and Executive Transformation,Clustered,CEO and Executive Transformation,https://covers.openlibrary.org/b/id/4143467-L.jpg
BOOK00851,Communication 2000,['Agency for Instructional Technology'],Open Library only,True,False,2001,,25.0,,,20.0,14.0,2.0,0.0,16.0,,,1,0,0,1,0,1,1,0,0,0,2,Basic,6,6,0,6,Communication,Clustered,Communication,https://covers.openlibrary.org/b/id/5062974-L.jpg
BOOK00852,The changing face of western communism,[],Open Library only,True,False,1980,,46.0,4.714286,7.0,1.0,146.0,15.0,6.0,167.0,,,0,0,0,0,1,1,1,0,0,0,1,Minimal,6,6,0,7,Broad Leadership and Success,Clustered,Broad Leadership and Success,
BOOK00853,Communicating at work,"['Ronald B. Adler', 'Adler; Elmhorst', 'Ronald B. Adler', 'Jeanne Marquardt Elmhorst', 'Kristen Lucas Assistant Professor Ph.D.']",Open Library only,True,False,1983,,43.0,5.0,2.0,30.0,70.0,4.0,1.0,75.0,,,1,1,1,1,1,1,1,0,0,0,4,Rich,19,121,102,6,Communication,Clustered,Communication,https://covers.openlibrary.org/b/id/10934171-L.jpg
BOOK00854,Multimedia communications,['Fred Halsall'],Open Library only,True,False,2000,,26.0,5.0,4.0,3.0,58.0,8.0,4.0,70.0,,,1,0,1,1,1,1,1,0,0,0,3,Enriched,4,12,8,28,CEO and Executive Transformation,Clustered,CEO and Executive Transformation,https://covers.openlibrary.org/b/id/1141865-L.jpg
BOOK00855,Mass communication theory,"['Stanley J. Baran', 'Dennis K. Davis']",Open Library only,True,False,1994,,32.0,1.0,1.0,12.0,44.0,5.0,1.0,50.0,,,1,0,1,1,1,1,1,0,0,0,3,Enriched,9,40,31,6,Communication,Clustered,Communication,https://covers.openlibrary.org/b/id/4664431-L.jpg
BOOK00856,Emotional Intelligence,['Daniel Goleman'],Open Library only,True,False,1995,,31.0,3.942029,69.0,39.0,2335.0,200.0,106.0,2641.0,,,1,1,1,1,1,1,1,0,0,0,4,Rich,4,216,212,18,Emotional Intelligence,Clustered,Emotional Intelligence,https://covers.openlibrary.org/b/id/1359485-L.jpg
BOOK00857,Emotional Intelligence 2.0,"['Travis Bradberry', 'Jean Greaves', 'Jean Greaves Travis Bradberry', 'Tom Parks']",Open Library only,True,False,2009,,17.0,3.8888888,9.0,7.0,499.0,29.0,18.0,546.0,,,1,1,1,1,1,1,1,0,0,0,4,Rich,13,210,197,18,Emotional Intelligence,Clustered,Emotional Intelligence,https://covers.openlibrary.org/b/id/11123603-L.jpg
BOOK00858,Emotional Intelligence,['Daniela GOLEMAN'],Open Library only,True,False,2019,,7.0,4.3333335,3.0,1.0,141.0,13.0,4.0,158.0,,,1,0,0,1,1,1,1,0,0,0,2,Basic,4,4,0,18,Emotional Intelligence,Clustered,Emotional Intelligence,https://covers.openlibrary.org/b/id/13262112-L.jpg
BOOK00859,Working with Emotional Intelligence,['Daniel Goleman'],Open Library only,True,False,1998,,28.0,4.25,4.0,20.0,174.0,14.0,5.0,193.0,,,1,1,1,1,1,1,1,0,0,0,4,Rich,6,183,177,18,Emotional Intelligence,Clustered,Emotional Intelligence,https://covers.openlibrary.org/b/id/6426034-L.jpg
BOOK00860,Emotional Intelligence,['Christine Wilding'],Open Library only,True,False,2007,,19.0,5.0,1.0,3.0,72.0,7.0,2.0,81.0,,,1,1,1,1,1,1,1,0,0,0,4,Rich,4,64,60,18,Emotional Intelligence,Clustered,Emotional Intelligence,https://covers.openlibrary.org/b/id/11437149-L.jpg
BOOK00861,Emotional development and emotional intelligence,['Peter Salovey'],Open Library only,True,False,1997,,29.0,4.0,4.0,2.0,70.0,5.0,3.0,78.0,,,1,1,1,1,1,1,1,0,0,0,4,Rich,7,153,146,18,Emotional Intelligence,Clustered,Emotional Intelligence,https://covers.openlibrary.org/b/id/1237779-L.jpg
BOOK00862,Emotional Intelligence : How to Improve Emotional Intelligence,['Kati Haylock'],Open Library only,True,False,2021,,5.0,,,1.0,29.0,0.0,1.0,30.0,,,1,0,0,0,0,1,1,0,0,0,2,Basic,10,10,0,18,Emotional Intelligence,Clustered,Emotional Intelligence,
BOOK00863,Great emotional intelligence,['Christine Wilding'],Open Library only,True,False,2011,,15.0,,,3.0,19.0,2.0,2.0,23.0,,,1,1,1,1,0,1,1,0,0,0,4,Rich,5,60,55,18,Emotional Intelligence,Clustered,Emotional Intelligence,https://covers.openlibrary.org/b/id/12291731-L.jpg
BOOK00864,Emotional intelligence,"['Walton, David (Psychologist)']",Open Library only,True,False,2012,,14.0,3.0,2.0,1.0,23.0,3.0,2.0,28.0,,,1,1,1,1,1,1,1,0,0,0,4,Rich,5,34,29,18,Emotional Intelligence,Clustered,Emotional Intelligence,https://covers.openlibrary.org/b/id/10431006-L.jpg
BOOK00865,The brain and emotional intelligence,['Daniel Goleman'],Open Library only,True,False,2011,,15.0,,,1.0,36.0,3.0,1.0,40.0,,,1,0,1,0,0,1,1,0,0,0,3,Enriched,7,12,5,18,Emotional Intelligence,Clustered,Emotional Intelligence,
BOOK00866,Emotional Intelligence Habits,['Travis Bradberry'],Both,True,True,2023,,3.0,,,1.0,32.0,0.0,0.0,32.0,Hardcover,350.0,1,0,1,1,0,1,1,0,1,1,3,Enriched,5,8,3,18,Emotional Intelligence,Clustered,Emotional Intelligence,https://covers.openlibrary.org/b/id/15100928-L.jpg
BOOK00867,Raising your emotional intelligence,['Jeanne Segal'],Open Library only,True,False,1997,,29.0,,,2.0,19.0,1.0,0.0,20.0,,,1,0,1,1,0,1,1,0,0,0,3,Enriched,6,22,16,18,Emotional Intelligence,Clustered,Emotional Intelligence,https://covers.openlibrary.org/b/id/579893-L.jpg
BOOK00868,Building emotional intelligence,['Linda Lantieri'],Open Library only,True,False,2008,,18.0,0.0,0.0,3.0,15.0,2.0,1.0,18.0,,,1,1,1,1,1,1,1,0,0,0,4,Rich,5,107,102,18,Emotional Intelligence,Clustered,Emotional Intelligence,https://covers.openlibrary.org/b/id/7394129-L.jpg
BOOK00869,Emotional intelligence 101,['Gerald Matthews'],Open Library only,True,False,2011,,15.0,,,2.0,11.0,0.0,1.0,12.0,,,1,1,1,1,0,1,1,0,0,0,4,Rich,5,308,303,18,Emotional Intelligence,Clustered,Emotional Intelligence,https://covers.openlibrary.org/b/id/12741458-L.jpg
BOOK00870,Emotional Intelligence : 3 Books in 1,['Emotional Pathway'],Open Library only,True,False,2019,,7.0,,,1.0,31.0,2.0,1.0,34.0,,,1,0,0,1,0,1,1,0,0,0,2,Basic,9,9,0,18,Emotional Intelligence,Clustered,Emotional Intelligence,https://covers.openlibrary.org/b/id/13252600-L.jpg
BOOK00871,Primal leadership : realizing the power of emotional intelligence,"['Daniel Goleman', 'Annie McKee', 'Richard E. Boyatzis']",Open Library only,True,False,2002,,24.0,3.5,2.0,1.0,17.0,0.0,4.0,21.0,,,1,1,1,1,1,1,1,0,0,0,4,Rich,16,65,49,18,Emotional Intelligence,Clustered,Emotional Intelligence,https://covers.openlibrary.org/b/id/834766-L.jpg
BOOK00872,Emotional intelligence,['Jill Dann'],Open Library only,True,False,2007,,19.0,,,1.0,12.0,1.0,0.0,13.0,,,1,0,1,1,0,1,1,0,0,0,3,Enriched,4,9,5,18,Emotional Intelligence,Clustered,Emotional Intelligence,https://covers.openlibrary.org/b/id/11323145-L.jpg
BOOK00873,Emotional Intelligence,['Tanvir Shakil'],Open Library only,True,False,2019,,7.0,,,1.0,8.0,1.0,0.0,9.0,,,1,0,0,0,0,1,1,0,0,0,2,Basic,4,4,0,18,Emotional Intelligence,Clustered,Emotional Intelligence,
BOOK00874,Emotional intelligence,"['Ralf Schulze', 'Richard D. Roberts']",Open Library only,True,False,2005,,21.0,,,3.0,8.0,0.0,0.0,8.0,,,1,0,1,1,0,1,1,0,0,0,3,Enriched,7,13,6,18,Emotional Intelligence,Clustered,Emotional Intelligence,https://covers.openlibrary.org/b/id/686449-L.jpg
BOOK00875,Who's Talking?,['Chris Hinton'],Open Library only,True,False,2025,,1.0,,,2.0,26.0,0.0,0.0,26.0,,,1,0,1,1,0,1,1,0,0,0,3,Enriched,4,7,3,11,Organizational Culture and Trust,Clustered,Organizational Culture and Trust,https://covers.openlibrary.org/b/id/15101163-L.jpg
BOOK00876,Emotional Intelligence,['Modern Psychology Publishing'],Open Library only,True,False,2019,,7.0,,,6.0,6.0,0.0,0.0,6.0,,,1,0,0,1,0,1,1,0,0,0,2,Basic,5,5,0,18,Emotional Intelligence,Clustered,Emotional Intelligence,https://covers.openlibrary.org/b/id/13893546-L.jpg
BOOK00877,Emotional Intelligence for Dummies,['Steven J. Stein'],Open Library only,True,False,2009,,17.0,,,4.0,14.0,0.0,0.0,14.0,,,1,1,1,1,0,1,1,0,0,0,4,Rich,7,10,3,18,Emotional Intelligence,Clustered,Emotional Intelligence,https://covers.openlibrary.org/b/id/8644416-L.jpg
BOOK00878,Emotional Intelligence at Work,"['Singh, Dalip']",Open Library only,True,False,2000,,26.0,,,7.0,6.0,0.0,0.0,6.0,,,1,0,1,1,0,1,1,0,0,0,3,Enriched,6,12,6,18,Emotional Intelligence,Clustered,Emotional Intelligence,https://covers.openlibrary.org/b/id/1432215-L.jpg
BOOK00879,The emotional intelligence quick book,['Travis Bradberry'],Open Library only,True,False,2005,,21.0,5.0,1.0,2.0,17.0,0.0,2.0,19.0,,,1,0,1,1,1,1,1,0,0,0,3,Enriched,7,17,10,18,Emotional Intelligence,Clustered,Emotional Intelligence,https://covers.openlibrary.org/b/id/474880-L.jpg
BOOK00880,Emotional intelligence at work,['Hendrie Weisinger'],Open Library only,True,False,1998,,28.0,,,2.0,8.0,1.0,0.0,9.0,,,1,1,1,1,0,1,1,0,0,0,4,Rich,6,156,150,18,Emotional Intelligence,Clustered,Emotional Intelligence,https://covers.openlibrary.org/b/id/548268-L.jpg
BOOK00881,The language of emotional intelligence,['Jeanne Segal'],Open Library only,True,False,2008,,18.0,,,2.0,11.0,2.0,0.0,13.0,,,1,1,1,1,0,1,1,0,0,0,4,Rich,7,125,118,18,Emotional Intelligence,Clustered,Emotional Intelligence,https://covers.openlibrary.org/b/id/5345130-L.jpg
BOOK00882,HBR's 10 must reads on emotional intelligence,['Harvard Business Review Press'],Open Library only,True,False,2015,,11.0,,,1.0,7.0,1.0,1.0,9.0,,,1,1,1,1,0,1,1,0,0,0,4,Rich,11,106,95,18,Emotional Intelligence,Clustered,Emotional Intelligence,https://covers.openlibrary.org/b/id/13048365-L.jpg
BOOK00883,Selling with emotional intelligence,['Mitch Anthony'],Open Library only,True,False,2003,,23.0,,,3.0,7.0,1.0,0.0,8.0,,,1,0,1,1,0,1,1,0,0,0,3,Enriched,6,26,20,18,Emotional Intelligence,Clustered,Emotional Intelligence,https://covers.openlibrary.org/b/id/558740-L.jpg
BOOK00884,Teaching with emotional intelligence,['Alan Mortiboys'],Open Library only,True,False,2005,,21.0,1.0,1.0,12.0,7.0,0.0,0.0,7.0,,,1,0,1,1,1,1,1,0,0,0,3,Enriched,6,32,26,18,Emotional Intelligence,Clustered,Emotional Intelligence,https://covers.openlibrary.org/b/id/1217842-L.jpg
BOOK00885,Emotional intelligence,['Helen C. Bryant'],Open Library only,True,False,2011,,15.0,,,1.0,7.0,1.0,0.0,8.0,,,1,1,1,1,0,1,1,0,0,0,4,Rich,5,170,165,18,Emotional Intelligence,Clustered,Emotional Intelligence,https://covers.openlibrary.org/b/id/10983319-L.jpg
BOOK00886,Achieving emotional literacy,"['Claude Steiner', 'Paul Perry']",Open Library only,True,False,1997,,29.0,,,4.0,13.0,2.0,0.0,15.0,,,1,0,1,1,0,1,1,0,0,0,3,Enriched,7,16,9,18,Emotional Intelligence,Clustered,Emotional Intelligence,https://covers.openlibrary.org/b/id/1189847-L.jpg
BOOK00887,HBR Guide to Emotional Intelligence,['HBR'],Open Library only,True,False,2017,,9.0,,,2.0,10.0,1.0,0.0,11.0,,,1,0,1,1,0,1,1,0,0,0,3,Enriched,6,31,25,18,Emotional Intelligence,Clustered,Emotional Intelligence,https://covers.openlibrary.org/b/id/8850497-L.jpg
BOOK00888,Manipulation Techniques,['Daniel Brain'],Open Library only,True,False,2020,,6.0,,,1.0,80.0,5.0,0.0,85.0,,,1,0,0,0,0,1,1,0,0,0,2,Basic,4,4,0,28,CEO and Executive Transformation,Clustered,CEO and Executive Transformation,
BOOK00889,Emotional Intelligence,['James W. Williams'],Open Library only,True,False,2019,,7.0,4.0,1.0,6.0,10.0,1.0,1.0,12.0,,,1,0,0,1,1,1,1,0,0,0,2,Basic,5,5,0,18,Emotional Intelligence,Clustered,Emotional Intelligence,https://covers.openlibrary.org/b/id/10490525-L.jpg
BOOK00890,Emotional Intelligence (Life Balance),['Linda Wasmer Andrews'],Open Library only,True,False,2004,,22.0,,,2.0,6.0,1.0,1.0,8.0,,,1,1,1,1,0,1,1,0,0,0,4,Rich,7,45,38,18,Emotional Intelligence,Clustered,Emotional Intelligence,https://covers.openlibrary.org/b/id/1271635-L.jpg
BOOK00891,Bedtime Stories For Kids,['Emotional Intelligence Guided'],Open Library only,True,False,2020,,6.0,,,5.0,3.0,0.0,0.0,3.0,,,1,0,0,1,0,1,1,0,0,0,2,Basic,7,7,0,11,Organizational Culture and Trust,Clustered,Organizational Culture and Trust,https://covers.openlibrary.org/b/id/11242941-L.jpg
BOOK00892,What we know about emotional intelligence,['Moshe Zeidner'],Open Library only,True,False,2009,,17.0,,,5.0,10.0,1.0,1.0,12.0,,,1,1,1,1,0,1,1,0,0,0,4,Rich,8,242,234,18,Emotional Intelligence,Clustered,Emotional Intelligence,https://covers.openlibrary.org/b/id/6808936-L.jpg
BOOK00893,Applying emotional intelligence,"['Joseph Ciarrochi', 'Mayer, John D.']",Open Library only,True,False,2007,,19.0,,,5.0,4.0,0.0,0.0,4.0,,,1,1,1,1,0,1,1,0,0,0,4,Rich,8,69,61,18,Emotional Intelligence,Clustered,Emotional Intelligence,https://covers.openlibrary.org/b/id/12787064-L.jpg
BOOK00894,Change Your Life With Emotional Intelligence,['Christine Wilding'],Open Library only,True,False,2010,,16.0,,,4.0,6.0,0.0,0.0,6.0,,,1,0,1,1,0,1,1,0,0,0,3,Enriched,8,10,2,18,Emotional Intelligence,Clustered,Emotional Intelligence,https://covers.openlibrary.org/b/id/7655196-L.jpg
BOOK00895,Emotional Intelligence Mastery 2. 0,['Emotional Intelligence Academy'],Open Library only,True,False,2019,,7.0,,,1.0,6.0,0.0,0.0,6.0,,,1,0,0,1,0,1,1,0,0,0,2,Basic,8,8,0,18,Emotional Intelligence,Clustered,Emotional Intelligence,https://covers.openlibrary.org/b/id/13495399-L.jpg
BOOK00896,La iInteligencia emocional,['Daniel Goleman'],Open Library only,True,False,2013,,13.0,,,1.0,9.0,2.0,0.0,11.0,,,1,0,1,1,0,1,1,0,0,0,3,Enriched,5,7,2,18,Emotional Intelligence,Clustered,Emotional Intelligence,https://covers.openlibrary.org/b/id/12483254-L.jpg
BOOK00897,Emotional Intelligence,['Daniel Coleman'],Open Library only,True,False,1998,,28.0,,,1.0,7.0,0.0,0.0,7.0,,,1,0,0,0,0,1,1,0,0,0,2,Basic,4,4,0,18,Emotional Intelligence,Clustered,Emotional Intelligence,
BOOK00898,Emotional Intelligence,['Margaret Chapman'],Open Library only,True,False,2001,,25.0,,,1.0,7.0,0.0,0.0,7.0,,,1,0,1,1,0,1,1,0,0,0,3,Enriched,4,18,14,18,Emotional Intelligence,Clustered,Emotional Intelligence,https://covers.openlibrary.org/b/id/2072166-L.jpg
BOOK00899,Emotional Intelligence,['Ryan James'],Open Library only,True,False,2019,,7.0,,,11.0,3.0,0.0,0.0,3.0,,,1,0,1,0,0,1,1,0,0,0,3,Enriched,4,5,1,18,Emotional Intelligence,Clustered,Emotional Intelligence,
BOOK00900,Master Your Emotions,['Eric Robertson'],Open Library only,True,False,2019,,7.0,5.0,1.0,1.0,33.0,2.0,1.0,36.0,,,1,0,0,1,1,1,1,0,0,0,2,Basic,5,5,0,28,CEO and Executive Transformation,Clustered,CEO and Executive Transformation,https://covers.openlibrary.org/b/id/13938169-L.jpg
BOOK00901,Emotional Intelligence,"['Darwin B. Nelson', 'Gary R. Low']",Open Library only,True,False,2002,,24.0,,,1.0,7.0,0.0,0.0,7.0,,,1,0,1,1,0,1,1,0,0,0,3,Enriched,8,20,12,18,Emotional Intelligence,Clustered,Emotional Intelligence,https://covers.openlibrary.org/b/id/1105668-L.jpg
BOOK00902,Communicate with emotional intelligence,"['John Eaton', 'Roy Johnson']",Open Library only,True,False,2001,,25.0,,,1.0,7.0,0.0,0.0,7.0,,,1,0,1,1,0,1,1,0,0,0,3,Enriched,8,13,5,18,Emotional Intelligence,Clustered,Emotional Intelligence,https://covers.openlibrary.org/b/id/2056066-L.jpg
BOOK00903,Emotional Intelligence Secrets,['Tyler Dawson'],Open Library only,True,False,2019,,7.0,,,1.0,5.0,0.0,0.0,5.0,,,1,0,0,0,0,1,1,0,0,0,2,Basic,5,5,0,18,Emotional Intelligence,Clustered,Emotional Intelligence,
BOOK00904,The Science of Self Talk,['Ian Tuhovsky'],Open Library only,True,False,2018,,8.0,5.0,3.0,1.0,46.0,4.0,3.0,53.0,,,1,0,0,1,1,1,1,0,0,0,2,Basic,7,7,0,3,Future Thinking and Personal Development,Clustered,Future Thinking and Personal Development,https://covers.openlibrary.org/b/id/11940340-L.jpg
BOOK00905,Primal Leadership,"['Daniel Goleman', 'Richard E. Boyatzis', 'Annie McKee']",Open Library only,True,False,2004,,22.0,,,1.0,13.0,0.0,1.0,14.0,,,1,1,1,1,0,1,1,0,0,0,4,Rich,9,76,67,18,Emotional Intelligence,Clustered,Emotional Intelligence,https://covers.openlibrary.org/b/id/863982-L.jpg
BOOK00906,Innovation Management,['Allan Afuah'],Open Library only,True,False,1997,,29.0,,,4.0,9.0,1.0,1.0,11.0,,,1,0,1,1,0,1,1,0,0,0,3,Enriched,4,16,12,21,Innovation Management,Clustered,Innovation Management,https://covers.openlibrary.org/b/id/125315-L.jpg
BOOK00907,Innovation Management and New Product Development,['Paul Trott'],Open Library only,True,False,1998,,28.0,,,8.0,11.0,0.0,1.0,12.0,,,1,0,1,1,0,1,1,0,0,0,3,Enriched,8,31,23,21,Innovation Management,Clustered,Innovation Management,https://covers.openlibrary.org/b/id/154383-L.jpg
BOOK00908,Strategic Innovation Management,"['Joe Tidd', 'John R. Bessant']",Open Library only,True,False,2014,,12.0,5.0,1.0,4.0,8.0,2.0,1.0,11.0,,,1,0,1,1,1,1,1,0,0,0,3,Enriched,8,13,5,21,Innovation Management,Clustered,Innovation Management,https://covers.openlibrary.org/b/id/9013017-L.jpg
BOOK00909,Innovation Management,"['Keith Goffin', 'Mitchell, Rick']",Open Library only,True,False,2010,,16.0,,,2.0,10.0,0.0,0.0,10.0,,,1,0,1,1,0,1,1,0,0,0,3,Enriched,6,16,10,21,Innovation Management,Clustered,Innovation Management,https://covers.openlibrary.org/b/id/9353756-L.jpg
BOOK00910,Creativity and strategic innovation management,['Malcolm Goodman'],Open Library only,True,False,2012,,14.0,,,9.0,4.0,1.0,0.0,5.0,,,1,0,1,0,0,1,1,0,0,0,3,Enriched,7,30,23,21,Innovation Management,Clustered,Innovation Management,
BOOK00911,Innovation Management,['Mark Dodgson'],Open Library only,True,False,2016,,10.0,,,7.0,3.0,0.0,0.0,3.0,,,1,1,1,0,0,1,1,0,0,0,4,Rich,4,176,172,21,Innovation Management,Clustered,Innovation Management,
BOOK00912,The Oxford Handbook Of Innovation Management,['Mark Dodgson'],Open Library only,True,False,2013,,13.0,,,1.0,5.0,0.0,1.0,6.0,,,1,0,1,1,0,1,1,0,0,0,3,Enriched,8,39,31,21,Innovation Management,Clustered,Innovation Management,https://covers.openlibrary.org/b/id/7850006-L.jpg
BOOK00913,Innovation management,"['Keith Goffin', 'Rick Mitchell']",Open Library only,True,False,2005,,21.0,,,2.0,1.0,0.0,1.0,2.0,,,1,0,1,1,0,1,1,0,0,0,3,Enriched,6,20,14,21,Innovation Management,Clustered,Innovation Management,https://covers.openlibrary.org/b/id/1743550-L.jpg
BOOK00914,Best Practice,['Mohamed Zairi'],Open Library only,True,False,1999,,27.0,,,9.0,,,,,,,1,1,1,1,0,0,1,0,0,0,4,Rich,4,61,57,21,Innovation Management,Clustered,Innovation Management,https://covers.openlibrary.org/b/id/1400254-L.jpg
BOOK00915,The Innovator's Dilemma,"['Clayton M. Christensen', 'L J Ganser', 'Don Leslie']",Open Library only,True,False,1997,,29.0,4.0,17.0,20.0,303.0,14.0,22.0,339.0,,,1,1,1,1,1,1,1,0,0,0,4,Rich,11,292,281,13,General Business and Management,Clustered,General Business and Management,https://covers.openlibrary.org/b/id/9274687-L.jpg
BOOK00916,SAP Billing and Revenue Innovation Management,"['Chaitanaya Desai', 'Sheikna Kulam', 'Chun Wei Ooi', 'Clement Sanjivi', 'Andreas Tan']",Open Library only,True,False,2019,,7.0,,,2.0,3.0,0.0,0.0,3.0,,,1,0,1,1,0,1,1,0,0,0,3,Enriched,17,23,6,21,Innovation Management,Clustered,Innovation Management,https://covers.openlibrary.org/b/id/13248171-L.jpg
BOOK00917,Innovation Management:,['Jan van den Ende'],Open Library only,True,False,2021,,5.0,3.0,1.0,2.0,0.0,0.0,1.0,1.0,,,1,0,1,0,1,1,1,0,0,0,3,Enriched,6,7,1,21,Innovation Management,Clustered,Innovation Management,
BOOK00918,Creativity for innovation management,['Ina Goller'],Open Library only,True,False,2017,,9.0,,,7.0,,,,,,,1,0,1,0,0,0,1,0,0,0,3,Enriched,6,34,28,21,Innovation Management,Clustered,Innovation Management,
BOOK00919,Innovation management,"['Shlomo Maital', 'D V R Seshadri']",Open Library only,True,False,2007,,19.0,5.0,1.0,3.0,2.0,0.0,0.0,2.0,,,1,0,1,1,1,1,1,0,0,0,3,Enriched,8,47,39,21,Innovation Management,Clustered,Innovation Management,https://covers.openlibrary.org/b/id/1429604-L.jpg
BOOK00920,Innovation Management,"['Pervaiz Ahmed', 'Pervaiz K. Ahmed']",Open Library only,True,False,2007,,19.0,,,2.0,0.0,0.0,1.0,1.0,,,1,0,1,1,0,1,1,0,0,0,3,Enriched,7,20,13,21,Innovation Management,Clustered,Innovation Management,https://covers.openlibrary.org/b/id/2346991-L.jpg
BOOK00921,Revolution of Innovation Management,"['Alexander Brem', 'Eric Viardot']",Open Library only,True,False,2016,,10.0,,,7.0,,,,,,,1,0,1,1,0,0,1,0,0,0,3,Enriched,8,10,2,21,Innovation Management,Clustered,Innovation Management,https://covers.openlibrary.org/b/id/10091640-L.jpg
BOOK00922,Innovation management and new product development,['Paul Trott'],Open Library only,True,False,2011,,15.0,,,1.0,3.0,0.0,0.0,3.0,,,1,0,1,0,0,1,1,0,0,0,3,Enriched,8,15,7,21,Innovation Management,Clustered,Innovation Management,
BOOK00923,Global innovation management,['J. Christopher Westland'],Open Library only,True,False,2008,,18.0,,,2.0,1.0,0.0,0.0,1.0,,,1,0,1,1,0,1,1,0,0,0,3,Enriched,6,14,8,21,Innovation Management,Clustered,Innovation Management,https://covers.openlibrary.org/b/id/10217384-L.jpg
BOOK00924,Product Innovation Management,"['Stefano Biazzo', 'Roberto Filippini']",Open Library only,True,False,2021,,5.0,,,2.0,1.0,0.0,0.0,1.0,,,1,0,0,1,0,1,1,0,0,0,2,Basic,7,7,0,21,Innovation Management,Clustered,Innovation Management,https://covers.openlibrary.org/b/id/12444923-L.jpg
BOOK00925,Innovation Management,"['Carolina Machado', 'J. Paulo Davim']",Open Library only,True,False,2015,,11.0,,,4.0,,,,,,,1,0,1,0,0,0,1,0,0,0,3,Enriched,7,11,4,21,Innovation Management,Clustered,Innovation Management,
BOOK00926,Contextual Innovation Management,"['Patrick van der Duin', 'Roland Ortt']",Open Library only,True,False,2020,,6.0,,,5.0,,,,,,,1,0,1,1,0,0,1,0,0,0,3,Enriched,9,24,15,21,Innovation Management,Clustered,Innovation Management,https://covers.openlibrary.org/b/id/12439491-L.jpg
BOOK00927,Routledge Companion to Innovation Management,"['Jin Chen', 'Poh Kam Wong', 'Eric Viardot', 'Alexander Brem']",Open Library only,True,False,2019,,7.0,,,6.0,,,,,,,1,0,1,0,0,0,1,0,0,0,3,Enriched,14,37,23,13,General Business and Management,Clustered,General Business and Management,
BOOK00928,Corporate Foresight and Innovation Management,"['David Sarpong', 'Dirk Meissner']",Open Library only,True,False,2019,,7.0,,,6.0,,,,,,,1,0,1,1,0,0,1,0,0,0,3,Enriched,9,20,11,21,Innovation Management,Clustered,Innovation Management,https://covers.openlibrary.org/b/id/12398056-L.jpg
BOOK00929,Technology and Innovation Management,['Sanjiva Shankar Dubey'],Open Library only,True,False,2020,,6.0,,,1.0,2.0,0.0,0.0,2.0,,,1,0,0,0,0,1,1,0,0,0,2,Basic,7,7,0,21,Innovation Management,Clustered,Innovation Management,
BOOK00930,Encyclopedia of technology and innovation management,['V. K. Narayanan'],Open Library only,True,False,2010,,16.0,,,2.0,1.0,0.0,0.0,1.0,,,1,1,1,0,0,1,1,0,0,0,4,Rich,9,60,51,21,Innovation Management,Clustered,Innovation Management,
BOOK00931,Information for Innovation,['Stuart Macdonald'],Open Library only,True,False,1998,,28.0,,,4.0,1.0,0.0,0.0,1.0,,,1,0,1,1,0,1,1,0,0,0,3,Enriched,5,20,15,12,Information Technology Management,Clustered,Information Technology Management,https://covers.openlibrary.org/b/id/130253-L.jpg
BOOK00932,Innovation and Entrepreneurship,['Peter F. Drucker'],Open Library only,True,False,1985,,41.0,4.0,3.0,33.0,68.0,5.0,7.0,80.0,,,1,1,1,1,1,1,1,0,0,0,4,Rich,6,119,113,0,Entrepreneurial and Growth Mindset,Clustered,Entrepreneurial and Growth Mindset,https://covers.openlibrary.org/b/id/5397438-L.jpg
BOOK00933,Innovative management of atrial fibrillation,['David Schwartzman'],Open Library only,True,False,2005,,21.0,,,4.0,,,,,,,1,0,1,1,0,0,1,0,0,0,3,Enriched,7,17,10,11,Organizational Culture and Trust,Clustered,Organizational Culture and Trust,https://covers.openlibrary.org/b/id/1752329-L.jpg
BOOK00934,Crest of the Innovation Management Research Wave,['Marcus Tynnhammar'],Open Library only,True,False,2020,,6.0,,,3.0,1.0,0.0,0.0,1.0,,,1,0,1,1,0,1,1,0,0,0,3,Enriched,9,11,2,21,Innovation Management,Clustered,Innovation Management,https://covers.openlibrary.org/b/id/13236816-L.jpg
BOOK00935,Innovation Management,['Rasmus Koss Hartmann'],Open Library only,True,False,2025,,1.0,,,3.0,0.0,0.0,0.0,0.0,,,1,0,0,0,0,1,1,0,0,0,2,Basic,5,5,0,21,Innovation Management,Clustered,Innovation Management,
BOOK00936,Intellectual property and innovation management in small firms,['Robert Blackburn'],Open Library only,True,False,2003,,23.0,,,7.0,,,,,,,1,0,1,1,0,0,1,0,0,0,3,Enriched,10,39,29,21,Innovation Management,Clustered,Innovation Management,https://covers.openlibrary.org/b/id/9736648-L.jpg
BOOK00937,Total Innovative Management Excellence,"['H. James Harrington', 'Frank Voehl']",Open Library only,True,False,2020,,6.0,,,4.0,,,,,,,1,0,0,0,0,0,1,0,0,0,2,Basic,9,9,0,3,Future Thinking and Personal Development,Clustered,Future Thinking and Personal Development,
BOOK00938,"Managing research, development and innovation","['Ravi Jain', 'Harry C. Triandis']",Open Library only,True,False,2010,,16.0,,,7.0,,,,,,,1,0,1,1,0,0,1,0,0,0,3,Enriched,10,16,6,21,Innovation Management,Clustered,Innovation Management,https://covers.openlibrary.org/b/id/9630272-L.jpg
BOOK00939,Innovation Management in Robot Society,['Kristian Wasén'],Open Library only,True,False,2015,,11.0,,,5.0,,,,,,,1,0,1,0,0,0,1,0,0,0,3,Enriched,7,10,3,21,Innovation Management,Clustered,Innovation Management,
BOOK00940,Innovative Management Education Ecosystem,"['Jordi Diaz', 'Daphne Halkias', 'Paul W. Thurman']",Open Library only,True,False,2022,,4.0,,,5.0,,,,,,,1,0,1,1,0,0,1,0,0,0,3,Enriched,11,37,26,13,General Business and Management,Clustered,General Business and Management,https://covers.openlibrary.org/b/id/14790417-L.jpg
BOOK00941,Evolution of Innovation Management,"['A. Brem', 'E. Viardot']",Open Library only,True,False,2013,,13.0,,,2.0,1.0,0.0,0.0,1.0,,,1,0,0,1,0,1,1,0,0,0,2,Basic,8,8,0,21,Innovation Management,Clustered,Innovation Management,https://covers.openlibrary.org/b/id/14252085-L.jpg
BOOK00942,Collaborative Leadership and Innovation,['Elis Carlström'],Open Library only,True,False,2022,,4.0,,,5.0,1.0,0.0,0.0,1.0,,,1,0,1,0,0,1,1,0,0,0,3,Enriched,6,31,25,13,General Business and Management,Clustered,General Business and Management,
BOOK00943,The management of innovation,"['Tom R. Burns', 'G. M. Stalker']",Open Library only,True,False,1961,,65.0,,,9.0,18.0,2.0,0.0,20.0,,,1,1,1,1,0,1,1,0,0,0,4,Rich,10,166,156,21,Innovation Management,Clustered,Innovation Management,https://covers.openlibrary.org/b/id/1133951-L.jpg
BOOK00944,Open Labs and Innovation Management,"['Valérie Mérindol', 'David W. Versailles']",Open Library only,True,False,2022,,4.0,,,5.0,,,,,,,1,0,1,0,0,0,1,0,0,0,3,Enriched,10,36,26,21,Innovation Management,Clustered,Innovation Management,
BOOK00945,Critical Perspectives on Innovation Management,['Patryk Dziurski'],Open Library only,True,False,2021,,5.0,,,5.0,,,,,,,1,0,1,1,0,0,1,0,0,0,3,Enriched,7,35,28,21,Innovation Management,Clustered,Innovation Management,https://covers.openlibrary.org/b/id/11569606-L.jpg
BOOK00946,"Innovation Management and New Product Development for Engineers, Volume I",['Rob Dekkers'],Open Library only,True,False,2018,,8.0,,,2.0,2.0,0.0,0.0,2.0,,,1,0,1,1,0,1,1,0,0,0,3,Enriched,12,13,1,21,Innovation Management,Clustered,Innovation Management,https://covers.openlibrary.org/b/id/9195954-L.jpg
BOOK00947,Sustained Innovation Management,['Gaston Trauffler'],Open Library only,True,False,2007,,19.0,,,2.0,,,,,,,1,0,1,1,0,0,1,0,0,0,3,Enriched,5,11,6,21,Innovation Management,Clustered,Innovation Management,https://covers.openlibrary.org/b/id/2336379-L.jpg
BOOK00948,Innovative Management and Business Practices in Asia,"['Patricia Ordoñez de', 'Xi Zhang', 'Kwok Tai Chui']",Open Library only,True,False,2019,,7.0,,,5.0,,,,,,,1,0,1,0,0,0,1,0,0,0,3,Enriched,15,20,5,21,Innovation Management,Clustered,Innovation Management,
BOOK00949,Innovation Management and Growth in Emerging Economies,"['Heather C. Webb', 'Wendy Wu', 'Hussain Al Numairy']",Open Library only,True,False,2020,,6.0,,,5.0,,,,,,,1,0,1,0,0,0,1,0,0,0,3,Enriched,15,21,6,21,Innovation Management,Clustered,Innovation Management,
BOOK00950,Innovation Management for a Resilient Digital Economy,"['Miltiadis D. Lytras', 'Patricia Ordonez', 'Afnan Alkhaldi', 'Andreea Claudia Serban']",Open Library only,True,False,2024,,2.0,,,5.0,,,,,,,1,0,0,0,0,0,1,0,0,0,2,Basic,17,17,0,21,Innovation Management,Clustered,Innovation Management,
BOOK00951,Crisis Capable,['Fabiana Lacerca-Allen'],LeadershipNow only,False,True,,2024,,,,,,,,,Hardcover,160.0,1,0,0,1,0,0,0,1,1,1,2,Basic,4,4,0,28,CEO and Executive Transformation,Clustered,CEO and Executive Transformation,https://www.leadershipnow.com/leadershop/images/9708891880115.jpg
BOOK00952,An Ordinary Man,['Richard Norton Smith'],LeadershipNow only,False,True,,2023,,,,,,,,,Hardcover,848.0,1,0,0,1,0,0,0,1,1,1,2,Basic,6,6,0,7,Broad Leadership and Success,Clustered,Broad Leadership and Success,https://www.leadershipnow.com/leadershop/images/9780062684165.jpg
BOOK00953,Don't Trust Your Gut,['Seth Stephens-Davidowitz'],LeadershipNow only,False,True,,2022,,,,,,,,,Hardcover,320.0,1,0,0,1,0,0,0,1,1,1,2,Basic,6,6,0,11,Organizational Culture and Trust,Clustered,Organizational Culture and Trust,https://www.leadershipnow.com/leadershop/images/9780062880918.jpg
BOOK00954,Inventor of the Future,['Alec Nevala-Lee'],LeadershipNow only,False,True,,2022,,,,,,,,,Hardcover,672.0,1,0,0,1,0,0,0,1,1,1,2,Basic,6,6,0,3,Future Thinking and Personal Development,Clustered,Future Thinking and Personal Development,https://www.leadershipnow.com/leadershop/images/9780062947222.jpg
BOOK00955,The Way Forward,"[""Robert O'Neill and Dakota Meyer""]",LeadershipNow only,False,True,,2022,,,,,,,,,Hardcover,288.0,1,0,0,1,0,0,0,1,1,1,2,Basic,8,8,0,11,Organizational Culture and Trust,Clustered,Organizational Culture and Trust,https://www.leadershipnow.com/leadershop/images/9780062994073.jpg
BOOK00956,Jump,['Larry Miller with Laila Lacy'],LeadershipNow only,False,True,,2022,,,,,,,,,Hardcover,304.0,1,0,0,1,0,0,0,1,1,1,2,Basic,6,6,0,,,Not Clustered,Not Clustered,https://www.leadershipnow.com/leadershop/images/9780062999818.jpg
BOOK00957,After Steve,['Tripp Mickle'],LeadershipNow only,False,True,,2022,,,,,,,,,Hardcover,512.0,1,0,0,1,0,0,0,1,1,1,2,Basic,4,4,0,28,CEO and Executive Transformation,Clustered,CEO and Executive Transformation,https://www.leadershipnow.com/leadershop/images/9780063009813.jpg
BOOK00958,The Kingdom of Prep,['Maggie Bullock'],LeadershipNow only,False,True,,2023,,,,,,,,,Hardcover,368.0,1,0,0,1,0,0,0,1,1,1,2,Basic,6,6,0,7,Broad Leadership and Success,Clustered,Broad Leadership and Success,https://www.leadershipnow.com/leadershop/images/9780063042643.jpg
BOOK00959,Build,['Tony Fadell'],LeadershipNow only,False,True,,2022,,,,,,,,,Hardcover,416.0,1,0,0,1,0,0,0,1,1,1,2,Basic,3,3,0,7,Broad Leadership and Success,Clustered,Broad Leadership and Success,https://www.leadershipnow.com/leadershop/images/9780063046061.jpg
BOOK00960,Leading with Heart,['John Baird and Edward Sullivan'],LeadershipNow only,False,True,,2022,,,,,,,,,Hardcover,288.0,1,0,0,1,0,0,0,1,1,1,2,Basic,8,8,0,16,Leading Self and Others,Clustered,Leading Self and Others,https://www.leadershipnow.com/leadershop/images/9780063052932.jpg
BOOK00961,Future Tense,['Tracy Dennis-Tiwary'],LeadershipNow only,False,True,,2022,,,,,,,,,Hardcover,256.0,1,0,0,1,0,0,0,1,1,1,2,Basic,4,4,0,3,Future Thinking and Personal Development,Clustered,Future Thinking and Personal Development,https://www.leadershipnow.com/leadershop/images/9780063062108.jpg
BOOK00962,Longpath,['Ari Wallach'],LeadershipNow only,False,True,,2022,,,,,,,,,Hardcover,208.0,1,0,0,1,0,0,0,1,1,1,2,Basic,3,3,0,,,Not Clustered,Not Clustered,https://www.leadershipnow.com/leadershop/images/9780063068735.jpg
BOOK00963,Next!,['Joanne Lipman'],LeadershipNow only,False,True,,2023,,,,,,,,,Hardcover,352.0,1,0,0,1,0,0,0,1,1,1,2,Basic,3,3,0,,,Not Clustered,Not Clustered,https://www.leadershipnow.com/leadershop/images/9780063073487.jpg
BOOK00964,The President's Man,['Dwight Chapin'],LeadershipNow only,False,True,,2022,,,,,,,,,Hardcover,480.0,1,0,0,1,0,0,0,1,1,1,2,Basic,5,5,0,7,Broad Leadership and Success,Clustered,Broad Leadership and Success,https://www.leadershipnow.com/leadershop/images/9780063074774.jpg
BOOK00965,Burn the Boats,['Matt Higgins'],LeadershipNow only,False,True,,2023,,,,,,,,,Hardcover,288.0,1,0,0,1,0,0,0,1,1,1,2,Basic,5,5,0,11,Organizational Culture and Trust,Clustered,Organizational Culture and Trust,https://www.leadershipnow.com/leadershop/images/9780063088863.jpg
BOOK00966,Deep Purpose,['Ranjay Gulati'],LeadershipNow only,False,True,,2022,,,,,,,,,Hardcover,304.0,1,0,0,1,0,0,0,1,1,1,2,Basic,4,4,0,3,Future Thinking and Personal Development,Clustered,Future Thinking and Personal Development,https://www.leadershipnow.com/leadershop/images/9780063088917.jpg
BOOK00967,Do Hard Things,['Steve Magness'],LeadershipNow only,False,True,,2022,,,,,,,,,Hardcover,320.0,1,0,0,1,0,0,0,1,1,1,2,Basic,5,5,0,11,Organizational Culture and Trust,Clustered,Organizational Culture and Trust,https://www.leadershipnow.com/leadershop/images/9780063098619.jpg
BOOK00968,Getting to Neutral,['Trevor Moawad and Andy Staples'],LeadershipNow only,False,True,,2022,,,,,,,,,Hardcover,256.0,1,0,0,1,0,0,0,1,1,1,2,Basic,8,8,0,28,CEO and Executive Transformation,Clustered,CEO and Executive Transformation,https://www.leadershipnow.com/leadershop/images/9780063111905.jpg
BOOK00969,The Power of Conflict,['Jon Taffer'],LeadershipNow only,False,True,,2022,,,,,,,,,Hardcover,224.0,1,0,0,1,0,0,0,1,1,1,2,Basic,6,6,0,22,Power and Influence,Clustered,Power and Influence,https://www.leadershipnow.com/leadershop/images/9780063141094.jpg
BOOK00970,Reunion,['Jerry Colonna'],LeadershipNow only,False,True,,2023,,,,,,,,,Hardcover,288.0,1,0,0,1,0,0,0,1,1,1,2,Basic,3,3,0,,,Not Clustered,Not Clustered,https://www.leadershipnow.com/leadershop/images/9780063142138.jpg
BOOK00971,Magic Words,['Jonah Berger'],LeadershipNow only,False,True,,2023,,,,,,,,,Hardcover,256.0,1,0,0,1,0,0,0,1,1,1,2,Basic,4,4,0,7,Broad Leadership and Success,Clustered,Broad Leadership and Success,https://www.leadershipnow.com/leadershop/images/9780063204935.jpg
BOOK00972,Deliberate Calm,"['Jacqueline Brassey, Aaron De Smet and Michiel Kruyt']",LeadershipNow only,False,True,,2022,,,,,,,,,Hardcover,336.0,1,0,0,1,0,0,0,1,1,1,2,Basic,10,10,0,28,CEO and Executive Transformation,Clustered,CEO and Executive Transformation,https://www.leadershipnow.com/leadershop/images/9780063208964.jpg
BOOK00973,Leadership Is Overrated,['Kyle Buckett and Chris Mefford'],LeadershipNow only,False,True,,2023,,,,,,,,,Hardcover,256.0,1,0,0,1,0,0,0,1,1,1,2,Basic,8,8,0,25,Transformational Leadership,Clustered,Transformational Leadership,https://www.leadershipnow.com/leadershop/images/9780063209909.jpg
BOOK00974,Unlocked,['George Mumford'],LeadershipNow only,False,True,,2023,,,,,,,,,Hardcover,240.0,1,0,0,1,0,0,0,1,1,1,2,Basic,3,3,0,28,CEO and Executive Transformation,Clustered,CEO and Executive Transformation,https://www.leadershipnow.com/leadershop/images/9780063210097.jpg
BOOK00975,How Work Works,['Michelle P. King'],LeadershipNow only,False,True,,2023,,,,,,,,,Hardcover,240.0,1,0,0,1,0,0,0,1,1,1,2,Basic,6,6,0,15,Workplace and Generational Dynamics,Clustered,Workplace and Generational Dynamics,https://www.leadershipnow.com/leadershop/images/9780063224575.jpg
BOOK00976,MoneyZen,['Manisha Thakor with Lisa Sweetingham'],LeadershipNow only,False,True,,2023,,,,,,,,,Hardcover,208.0,1,0,0,1,0,0,0,1,1,1,2,Basic,6,6,0,,,Not Clustered,Not Clustered,https://www.leadershipnow.com/leadershop/images/9780063247963.jpg
BOOK00977,Master of Change,['Brad Stulberg'],LeadershipNow only,False,True,,2023,,,,,,,,,Hardcover,240.0,1,0,0,1,0,0,0,1,1,1,2,Basic,5,5,0,9,Change Management,Clustered,Change Management,https://www.leadershipnow.com/leadershop/images/9780063253162.jpg
BOOK00978,The LEGO Story,['Jens Andersen'],LeadershipNow only,False,True,,2022,,,,,,,,,Hardcover,432.0,1,0,0,1,0,0,0,1,1,1,2,Basic,5,5,0,28,CEO and Executive Transformation,Clustered,CEO and Executive Transformation,https://www.leadershipnow.com/leadershop/images/9780063258020.jpg
BOOK00979,Lead Like a Marine,['Daniel Simons and Christopher Chabris'],LeadershipNow only,False,True,,2023,,,,,,,,,Hardcover,224.0,1,0,0,1,0,0,0,1,1,1,2,Basic,9,9,0,26,Contemporary Leadership Practice,Clustered,Contemporary Leadership Practice,https://www.leadershipnow.com/leadershop/images/9780063264373.jpg
BOOK00980,Conflict Resilience,['Robert Bordone and Joel Salinas M.D.'],LeadershipNow only,False,True,,2025,,,,,,,,,Hardcover,400.0,1,0,0,1,0,0,0,1,1,1,2,Basic,8,8,0,11,Organizational Culture and Trust,Clustered,Organizational Culture and Trust,https://www.leadershipnow.com/leadershop/images/9780063278332.jpg
BOOK00981,Optimal,['Daniel Goleman and Cary Cherniss'],LeadershipNow only,False,True,,2024,,,,,,,,,Hardcover,272.0,1,0,0,1,0,0,0,1,1,1,2,Basic,6,6,0,11,Organizational Culture and Trust,Clustered,Organizational Culture and Trust,https://www.leadershipnow.com/leadershop/images/9780063279766.jpg
BOOK00982,Job Moves,"['Ethan Bernstein, Michael B. Horn and Bob Moesta']",LeadershipNow only,False,True,,2024,,,,,,,,,Hardcover,304.0,1,0,0,1,0,0,0,1,1,1,2,Basic,10,10,0,28,CEO and Executive Transformation,Clustered,CEO and Executive Transformation,https://www.leadershipnow.com/leadershop/images/9780063283589.jpg
BOOK00983,Turnaround Time,['Oscar Munoz and Brian DeSplinter'],LeadershipNow only,False,True,,2023,,,,,,,,,Hardcover,240.0,1,0,0,1,0,0,0,1,1,1,2,Basic,7,7,0,7,Broad Leadership and Success,Clustered,Broad Leadership and Success,https://www.leadershipnow.com/leadershop/images/9780063284289.jpg
BOOK00984,Possible,['William Ury'],LeadershipNow only,False,True,,2024,,,,,,,,,Hardcover,352.0,1,0,0,1,0,0,0,1,1,1,2,Basic,3,3,0,3,Future Thinking and Personal Development,Clustered,Future Thinking and Personal Development,https://www.leadershipnow.com/leadershop/images/9780063286900.jpg
BOOK00985,Good Judgment,['Richard Davis'],LeadershipNow only,False,True,,2024,,,,,,,,,Hardcover,240.0,1,0,0,1,0,0,0,1,1,1,2,Basic,4,4,0,11,Organizational Culture and Trust,Clustered,Organizational Culture and Trust,https://www.leadershipnow.com/leadershop/images/9780063293670.jpg
BOOK00986,Inspire,['Adam Galinsky'],LeadershipNow only,False,True,,2025,,,,,,,,,Hardcover,320.0,1,0,0,1,0,0,0,1,1,1,2,Basic,3,3,0,11,Organizational Culture and Trust,Clustered,Organizational Culture and Trust,https://www.leadershipnow.com/leadershop/images/9780063294677.jpg
BOOK00987,What's Next Is Now,['Frederik Pferdt'],LeadershipNow only,False,True,,2024,,,,,,,,,Hardcover,272.0,1,0,0,1,0,0,0,1,1,1,2,Basic,6,6,0,28,CEO and Executive Transformation,Clustered,CEO and Executive Transformation,https://www.leadershipnow.com/leadershop/images/9780063294868.jpg
BOOK00988,Learned Excellence,['Eric Potterat and Alan Eagle'],LeadershipNow only,False,True,,2024,,,,,,,,,Hardcover,256.0,1,0,0,1,0,0,0,1,1,1,2,Basic,7,7,0,3,Future Thinking and Personal Development,Clustered,Future Thinking and Personal Development,https://www.leadershipnow.com/leadershop/images/9780063316164.jpg
BOOK00989,Uptime,['Laura Mae Martin'],LeadershipNow only,False,True,,2024,,,,,,,,,Hardcover,240.0,1,0,0,1,0,0,0,1,1,1,2,Basic,4,4,0,,,Not Clustered,Not Clustered,https://www.leadershipnow.com/leadershop/images/9780063317444.jpg
BOOK00990,Day Trading Attention,['Gary Vaynerchuk'],LeadershipNow only,False,True,,2024,,,,,,,,,Hardcover,272.0,1,0,0,1,0,0,0,1,1,1,2,Basic,5,5,0,11,Organizational Culture and Trust,Clustered,Organizational Culture and Trust,https://www.leadershipnow.com/leadershop/images/9780063317598.jpg
BOOK00991,How to Walk into a Room,['Emily P. Freeman'],LeadershipNow only,False,True,,2024,,,,,,,,,Hardcover,240.0,1,0,0,1,0,0,0,1,1,1,2,Basic,9,9,0,28,CEO and Executive Transformation,Clustered,CEO and Executive Transformation,https://www.leadershipnow.com/leadershop/images/9780063328822.jpg
BOOK00992,The Skill Code,['Matt Beane'],LeadershipNow only,False,True,,2024,,,,,,,,,Hardcover,224.0,1,0,0,1,0,0,0,1,1,1,2,Basic,5,5,0,7,Broad Leadership and Success,Clustered,Broad Leadership and Success,https://www.leadershipnow.com/leadershop/images/9780063337794.jpg
BOOK00993,Win the Inside Game,['Steve Magness'],LeadershipNow only,False,True,,2025,,,,,,,,,Hardcover,320.0,1,0,0,1,0,0,0,1,1,1,2,Basic,6,6,0,7,Broad Leadership and Success,Clustered,Broad Leadership and Success,https://www.leadershipnow.com/leadershop/images/9780063339927.jpg
BOOK00994,The Stress Paradox,['Sharon Horesh Bergquist'],LeadershipNow only,False,True,,2025,,,,,,,,,Hardcover,336.0,1,0,0,1,0,0,0,1,1,1,2,Basic,6,6,0,11,Organizational Culture and Trust,Clustered,Organizational Culture and Trust,https://www.leadershipnow.com/leadershop/images/9780063345966.jpg
BOOK00995,The Six Disciplines of Strategic Thinking,['Michael D. Watkins'],LeadershipNow only,False,True,,2024,,,,,,,,,Hardcover,192.0,1,0,0,1,0,0,0,1,1,1,2,Basic,9,9,0,28,CEO and Executive Transformation,Clustered,CEO and Executive Transformation,https://www.leadershipnow.com/leadershop/images/9780063357969.jpg
BOOK00996,Pivot or Die,['Gary Shapiro'],LeadershipNow only,False,True,,2024,,,,,,,,,Hardcover,272.0,1,0,0,1,0,0,0,1,1,1,2,Basic,5,5,0,3,Future Thinking and Personal Development,Clustered,Future Thinking and Personal Development,https://www.leadershipnow.com/leadershop/images/9780063374775.jpg
BOOK00997,The Sweaty Startup,['Nick Huber'],LeadershipNow only,False,True,,2025,,,,,,,,,Hardcover,240.0,1,0,0,1,0,0,0,1,1,1,2,Basic,5,5,0,0,Entrepreneurial and Growth Mindset,Clustered,Entrepreneurial and Growth Mindset,https://www.leadershipnow.com/leadershop/images/9780063387621.jpg
BOOK00998,Team Intelligence,['Jon Levy'],LeadershipNow only,False,True,,2025,,,,,,,,,Hardcover,256.0,1,0,0,1,0,0,0,1,1,1,2,Basic,4,4,0,2,Team Leadership,Clustered,Team Leadership,https://www.leadershipnow.com/leadershop/images/9780063399570.jpg
BOOK00999,Never Lead Alone,['Keith Ferrazzi'],LeadershipNow only,False,True,,2024,,,,,,,,,Hardcover,224.0,1,0,0,1,0,0,0,1,1,1,2,Basic,5,5,0,26,Contemporary Leadership Practice,Clustered,Contemporary Leadership Practice,https://www.leadershipnow.com/leadershop/images/9780063412576.jpg
BOOK01000,"Speak, Memorably",['Bill McGowan and Juliana Silva'],LeadershipNow only,False,True,,2025,,,,,,,,,Hardcover,272.0,1,0,0,1,0,0,0,1,1,1,2,Basic,7,7,0,28,CEO and Executive Transformation,Clustered,CEO and Executive Transformation,https://www.leadershipnow.com/leadershop/images/9780063415195.jpg
BOOK01001,The AI Con,['Emily M. Bender and Alex Hanna'],LeadershipNow only,False,True,,2025,,,,,,,,,Hardcover,288.0,1,0,0,1,0,0,0,1,1,1,2,Basic,9,9,0,26,Contemporary Leadership Practice,Clustered,Contemporary Leadership Practice,https://www.leadershipnow.com/leadershop/images/9780063418561.jpg
BOOK01002,Unfiltered,['Ana Lueneburger and Saurabh Mukherjea'],LeadershipNow only,False,True,,2023,,,,,,,,,Paperback,280.0,1,0,0,1,0,0,0,1,1,1,2,Basic,6,6,0,,,Not Clustered,Not Clustered,https://www.leadershipnow.com/leadershop/images/9780143461494.jpg
BOOK01003,The CEO Mindset,['Shiv Shivakumar'],LeadershipNow only,False,True,,2025,,,,,,,,,Hardcover,240.0,1,0,0,1,0,0,0,1,1,1,2,Basic,5,5,0,0,Entrepreneurial and Growth Mindset,Clustered,Entrepreneurial and Growth Mindset,https://www.leadershipnow.com/leadershop/images/9780143477259.jpg
BOOK01004,Nimitz at War,['Craig L. Symonds'],LeadershipNow only,False,True,,2022,,,,,,,,,Hardcover,496.0,1,0,0,1,0,0,0,1,1,1,2,Basic,6,6,0,3,Future Thinking and Personal Development,Clustered,Future Thinking and Personal Development,https://www.leadershipnow.com/leadershop/images/9780190062361.jpg
BOOK01005,Our Least Important Asset,['Peter Cappelli'],LeadershipNow only,False,True,,2023,,,,,,,,,Hardcover,240.0,1,0,0,1,0,0,0,1,1,1,2,Basic,6,6,0,7,Broad Leadership and Success,Clustered,Broad Leadership and Success,https://www.leadershipnow.com/leadershop/images/9780197629802.jpg
BOOK01006,Glad We Met,['Steven G. Rogelberg'],LeadershipNow only,False,True,,2024,,,,,,,,,Hardcover,248.0,1,0,0,1,0,0,0,1,1,1,2,Basic,6,6,0,,,Not Clustered,Not Clustered,https://www.leadershipnow.com/leadershop/images/9780197641873.jpg
BOOK01007,Innovators,['David W. Galenson'],LeadershipNow only,False,True,,2024,,,,,,,,,Hardcover,424.0,1,0,0,1,0,0,0,1,1,1,2,Basic,4,4,0,,,Not Clustered,Not Clustered,https://www.leadershipnow.com/leadershop/images/9780197745618.jpg
BOOK01008,Emotionally Charged,['Dina Denham Smith and Alicia A. Grandey'],LeadershipNow only,False,True,,2025,,,,,,,,,Hardcover,256.0,1,0,0,1,0,0,0,1,1,1,2,Basic,9,9,0,0,Entrepreneurial and Growth Mindset,Clustered,Entrepreneurial and Growth Mindset,https://www.leadershipnow.com/leadershop/images/9780197750155.jpg
BOOK01009,Leadership from Bad to Worse,['Barbara Kellerman'],LeadershipNow only,False,True,,2024,,,,,,,,,Hardcover,256.0,1,0,0,1,0,0,0,1,1,1,2,Basic,7,7,0,25,Transformational Leadership,Clustered,Transformational Leadership,https://www.leadershipnow.com/leadershop/images/9780197759271.jpg
BOOK01010,Liberalism's Last Man,['Vikash Yadav'],LeadershipNow only,False,True,,2023,,,,,,,,,Hardcover,288.0,1,0,0,1,0,0,0,1,1,1,2,Basic,5,5,0,7,Broad Leadership and Success,Clustered,Broad Leadership and Success,https://www.leadershipnow.com/leadershop/images/9780226821474.jpg
BOOK01011,More Than Pretty Boxes,['Carrie M. Lane'],LeadershipNow only,False,True,,2024,,,,,,,,,Hardcover,288.0,1,0,0,1,0,0,0,1,1,1,2,Basic,7,7,0,,,Not Clustered,Not Clustered,https://www.leadershipnow.com/leadershop/images/9780226832777.jpg
BOOK01012,The Means of Prediction,['Maximilian Kasy'],LeadershipNow only,False,True,,2025,,,,,,,,,Hardcover,224.0,1,0,0,1,0,0,0,1,1,1,2,Basic,6,6,0,11,Organizational Culture and Trust,Clustered,Organizational Culture and Trust,https://www.leadershipnow.com/leadershop/images/9780226839530.jpg
BOOK01013,The Unaccountability Machine,['Dan Davies'],LeadershipNow only,False,True,,2025,,,,,,,,,Hardcover,304.0,1,0,0,1,0,0,0,1,1,1,2,Basic,5,5,0,28,CEO and Executive Transformation,Clustered,CEO and Executive Transformation,https://www.leadershipnow.com/leadershop/images/9780226843087.jpg
BOOK01014,Doing Meritocracy Right,['Thomas A. Cole'],LeadershipNow only,False,True,,2025,,,,,,,,,Paperback,192.0,1,0,0,1,0,0,0,1,1,1,2,Basic,6,6,0,7,Broad Leadership and Success,Clustered,Broad Leadership and Success,https://www.leadershipnow.com/leadershop/images/9780226844596.jpg
BOOK01015,Generation Why,['Karl Moore'],LeadershipNow only,False,True,,2023,,,,,,,,,Paperback,216.0,1,0,0,1,0,0,0,1,1,1,2,Basic,4,4,0,28,CEO and Executive Transformation,Clustered,CEO and Executive Transformation,https://www.leadershipnow.com/leadershop/images/9780228016878.jpg
BOOK01016,The Entrepreneurs,['Derek Lidow'],LeadershipNow only,False,True,,2022,,,,,,,,,Hardcover,440.0,1,0,0,1,0,0,0,1,1,1,2,Basic,4,4,0,0,Entrepreneurial and Growth Mindset,Clustered,Entrepreneurial and Growth Mindset,https://www.leadershipnow.com/leadershop/images/9780231199148.jpg
BOOK01017,Win from Within,['James Heskett'],LeadershipNow only,False,True,,2022,,,,,,,,,Hardcover,256.0,1,0,0,1,0,0,0,1,1,1,2,Basic,5,5,0,7,Broad Leadership and Success,Clustered,Broad Leadership and Success,https://www.leadershipnow.com/leadershop/images/9780231203005.jpg
BOOK01018,Pause to Think,['Jaime Lester'],LeadershipNow only,False,True,,2024,,,,,,,,,Hardcover,232.0,1,0,0,1,0,0,0,1,1,1,2,Basic,5,5,0,3,Future Thinking and Personal Development,Clustered,Future Thinking and Personal Development,https://www.leadershipnow.com/leadershop/images/9780231212984.jpg
BOOK01019,Inside IBM,['James W. Cortada'],LeadershipNow only,False,True,,2023,,,,,,,,,Hardcover,480.0,1,0,0,1,0,0,0,1,1,1,2,Basic,5,5,0,11,Organizational Culture and Trust,Clustered,Organizational Culture and Trust,https://www.leadershipnow.com/leadershop/images/9780231213004.jpg
BOOK01020,Energize,['Simon Alexander Ong'],LeadershipNow only,False,True,,2025,,,,,,,,,Paperback,224.0,1,0,0,1,0,0,0,1,1,1,2,Basic,4,4,0,,,Not Clustered,Not Clustered,https://www.leadershipnow.com/leadershop/images/9780241502761.jpg
BOOK01021,Everyday Superhero,"[""Tony O'Driscoll""]",LeadershipNow only,False,True,,2022,,,,,,,,,Paperback,192.0,1,0,0,1,0,0,0,1,1,1,2,Basic,4,4,0,28,CEO and Executive Transformation,Clustered,CEO and Executive Transformation,https://www.leadershipnow.com/leadershop/images/9780241502785.jpg
BOOK01022,The Digital Multinational,['Satish Nambisan and Yadong Luo'],LeadershipNow only,False,True,,2022,,,,,,,,,Hardcover,264.0,1,0,0,1,0,0,0,1,1,1,2,Basic,8,8,0,7,Broad Leadership and Success,Clustered,Broad Leadership and Success,https://www.leadershipnow.com/leadershop/images/9780262046329.jpg
BOOK01023,The Work of the Future,"['David H. Autor, David A. Mindell and Elisabeth Reynolds']",LeadershipNow only,False,True,,2022,,,,,,,,,Hardcover,176.0,1,0,0,1,0,0,0,1,1,1,2,Basic,14,14,0,15,Workplace and Generational Dynamics,Clustered,Workplace and Generational Dynamics,https://www.leadershipnow.com/leadershop/images/9780262046367.jpg
BOOK01024,Work without Jobs,['Ravin Jesuthasanand John W. Boudreau'],LeadershipNow only,False,True,,2022,,,,,,,,,Hardcover,232.0,1,0,0,1,0,0,0,1,1,1,2,Basic,8,8,0,15,Workplace and Generational Dynamics,Clustered,Workplace and Generational Dynamics,https://www.leadershipnow.com/leadershop/images/9780262046411.jpg
BOOK01025,Productive Tensions,['Christopher B. Bingham and Rory M. McDonald'],LeadershipNow only,False,True,,2022,,,,,,,,,Hardcover,184.0,1,0,0,1,0,0,0,1,1,1,2,Basic,9,9,0,11,Organizational Culture and Trust,Clustered,Organizational Culture and Trust,https://www.leadershipnow.com/leadershop/images/9780262046930.jpg
BOOK01026,Workforce Ecosystems,"['Elizabeth J. Altman, David Kiron, Jeff Schwartz and Robin Jones']",LeadershipNow only,False,True,,2023,,,,,,,,,Hardcover,256.0,1,0,0,1,0,0,0,1,1,1,2,Basic,12,12,0,11,Organizational Culture and Trust,Clustered,Organizational Culture and Trust,https://www.leadershipnow.com/leadershop/images/9780262047777.jpg
BOOK01027,Inside the Competitor's Mindset,['John Horn'],LeadershipNow only,False,True,,2023,,,,,,,,,Hardcover,272.0,1,0,0,1,0,0,0,1,1,1,2,Basic,6,6,0,0,Entrepreneurial and Growth Mindset,Clustered,Entrepreneurial and Growth Mindset,https://www.leadershipnow.com/leadershop/images/9780262047883.jpg
BOOK01028,The Leaders You Need,['Karen Brown'],LeadershipNow only,False,True,,2024,,,,,,,,,Hardcover,208.0,1,0,0,1,0,0,0,1,1,1,2,Basic,6,6,0,11,Organizational Culture and Trust,Clustered,Organizational Culture and Trust,https://www.leadershipnow.com/leadershop/images/9780262049085.jpg
BOOK01029,The Skills-Powered Organization,['Ravin Jesuthasan and Tanuj Kapilashrami'],LeadershipNow only,False,True,,2024,,,,,,,,,Hardcover,152.0,1,0,0,1,0,0,0,1,1,1,2,Basic,8,8,0,7,Broad Leadership and Success,Clustered,Broad Leadership and Success,https://www.leadershipnow.com/leadershop/images/9780262049238.jpg
BOOK01030,Nudging,['Riccardo Viale'],LeadershipNow only,False,True,,2022,,,,,,,,,Hardcover,256.0,1,0,0,1,0,0,0,1,1,1,2,Basic,3,3,0,,,Not Clustered,Not Clustered,https://www.leadershipnow.com/leadershop/images/9780262544443.jpg
BOOK01031,Taming Silicon Valley,['Gary F. Marcus'],LeadershipNow only,False,True,,2024,,,,,,,,,Paperback,240.0,1,0,0,1,0,0,0,1,1,1,2,Basic,6,6,0,,,Not Clustered,Not Clustered,https://www.leadershipnow.com/leadershop/images/9780262551069.jpg
BOOK01032,Campaign of the Century,['Irwin F. Gellman'],LeadershipNow only,False,True,,2022,,,,,,,,,Hardcover,504.0,1,0,0,1,0,0,0,1,1,1,2,Basic,7,7,0,3,Future Thinking and Personal Development,Clustered,Future Thinking and Personal Development,https://www.leadershipnow.com/leadershop/images/9780300218268.jpg
BOOK01033,Thomas Jefferson,['Thomas S. Kidd'],LeadershipNow only,False,True,,2022,,,,,,,,,Hardcover,320.0,1,0,0,1,0,0,0,1,1,1,2,Basic,5,5,0,,,Not Clustered,Not Clustered,https://www.leadershipnow.com/leadershop/images/9780300250060.jpg
BOOK01034,Adventurers,['David Howarth'],LeadershipNow only,False,True,,2023,,,,,,,,,Hardcover,400.0,1,0,0,1,0,0,0,1,1,1,2,Basic,3,3,0,,,Not Clustered,Not Clustered,https://www.leadershipnow.com/leadershop/images/9780300250725.jpg
BOOK01035,Mixed Signals,['Uri Gneezy'],LeadershipNow only,False,True,,2023,,,,,,,,,Hardcover,320.0,1,0,0,1,0,0,0,1,1,1,2,Basic,4,4,0,28,CEO and Executive Transformation,Clustered,CEO and Executive Transformation,https://www.leadershipnow.com/leadershop/images/9780300255539.jpg
BOOK01036,Decision Leadership,['Don A. Moore and Max H. Bazerman'],LeadershipNow only,False,True,,2022,,,,,,,,,Hardcover,264.0,1,0,0,1,0,0,0,1,1,1,2,Basic,9,9,0,4,Decision Making,Clustered,Decision Making,https://www.leadershipnow.com/leadershop/images/9780300259698.jpg
BOOK01037,Vienna,['Richard Cockett'],LeadershipNow only,False,True,,2023,,,,,,,,,Hardcover,464.0,1,0,0,1,0,0,0,1,1,1,2,Basic,3,3,0,,,Not Clustered,Not Clustered,https://www.leadershipnow.com/leadershop/images/9780300266535.jpg
BOOK01038,We Need to Talk About Inflation,['Stephen D. King'],LeadershipNow only,False,True,,2023,,,,,,,,,Hardcover,240.0,1,0,0,1,0,0,0,1,1,1,2,Basic,9,9,0,28,CEO and Executive Transformation,Clustered,CEO and Executive Transformation,https://www.leadershipnow.com/leadershop/images/9780300270471.jpg
BOOK01039,Making Sense of Chaos,['J. Doyne Farmer'],LeadershipNow only,False,True,,2024,,,,,,,,,Hardcover,384.0,1,0,0,1,0,0,0,1,1,1,2,Basic,7,7,0,4,Decision Making,Clustered,Decision Making,https://www.leadershipnow.com/leadershop/images/9780300273779.jpg
BOOK01040,The Corporation in the Twenty-First Century,['John Kay'],LeadershipNow only,False,True,,2025,,,,,,,,,Hardcover,448.0,1,0,0,1,0,0,0,1,1,1,2,Basic,8,8,0,3,Future Thinking and Personal Development,Clustered,Future Thinking and Personal Development,https://www.leadershipnow.com/leadershop/images/9780300280197.jpg
BOOK01041,"Inner Mastery, Outer Impact",['Hitendra Wadhwaa'],LeadershipNow only,False,True,,2022,,,,,,,,,Hardcover,352.0,1,0,0,1,0,0,0,1,1,1,2,Basic,6,6,0,28,CEO and Executive Transformation,Clustered,CEO and Executive Transformation,https://www.leadershipnow.com/leadershop/images/9780306827860.jpg
BOOK01042,Rising Together,['Sally Helgesen'],LeadershipNow only,False,True,,2023,,,,,,,,,Hardcover,240.0,1,0,0,1,0,0,0,1,1,1,2,Basic,4,4,0,11,Organizational Culture and Trust,Clustered,Organizational Culture and Trust,https://www.leadershipnow.com/leadershop/images/9780306828300.jpg
BOOK01043,Team Habits,['Charlie Gilkey'],LeadershipNow only,False,True,,2023,,,,,,,,,Hardcover,288.0,1,0,0,1,0,0,0,1,1,1,2,Basic,4,4,0,2,Team Leadership,Clustered,Team Leadership,https://www.leadershipnow.com/leadershop/images/9780306828331.jpg
BOOK01044,"Bigger, Better, Bolder",['Jennifer Cohen'],LeadershipNow only,False,True,,2022,,,,,,,,,Hardcover,256.0,1,0,0,1,0,0,0,1,1,1,2,Basic,5,5,0,7,Broad Leadership and Success,Clustered,Broad Leadership and Success,https://www.leadershipnow.com/leadershop/images/9780306829581.jpg
BOOK01045,The Choice Point,['Joanna Grover and Jonathan Rhodes'],LeadershipNow only,False,True,,2023,,,,,,,,,Hardcover,272.0,1,0,0,1,0,0,0,1,1,1,2,Basic,8,8,0,28,CEO and Executive Transformation,Clustered,CEO and Executive Transformation,https://www.leadershipnow.com/leadershop/images/9780306830273.jpg
BOOK01046,Flip Your Life,['Tarek El Moussa'],LeadershipNow only,False,True,,2024,,,,,,,,,Hardcover,240.0,1,0,0,1,0,0,0,1,1,1,2,Basic,6,6,0,28,CEO and Executive Transformation,Clustered,CEO and Executive Transformation,https://www.leadershipnow.com/leadershop/images/9780306830877.jpg
BOOK01047,The 12-Week MBA,['Bjorn Billhardt and Nathan Kracklauer'],LeadershipNow only,False,True,,2024,,,,,,,,,Hardcover,352.0,1,0,0,1,0,0,0,1,1,1,2,Basic,8,8,0,7,Broad Leadership and Success,Clustered,Broad Leadership and Success,https://www.leadershipnow.com/leadershop/images/9780306832369.jpg
BOOK01048,Moonshot,['Mike Massimino'],LeadershipNow only,False,True,,2023,,,,,,,,,Hardcover,224.0,1,0,0,1,0,0,0,1,1,1,2,Basic,3,3,0,,,Not Clustered,Not Clustered,https://www.leadershipnow.com/leadershop/images/9780306832642.jpg
BOOK01049,Ask,['Jeff Wetzler'],LeadershipNow only,False,True,,2024,,,,,,,,,Hardcover,304.0,1,0,0,1,0,0,0,1,1,1,2,Basic,3,3,0,11,Organizational Culture and Trust,Clustered,Organizational Culture and Trust,https://www.leadershipnow.com/leadershop/images/9780306832697.jpg
BOOK01050,The Five Talents That Really Matter,['Barry Conchie and Sarah Dalton'],LeadershipNow only,False,True,,2024,,,,,,,,,Hardcover,320.0,1,0,0,1,0,0,0,1,1,1,2,Basic,11,11,0,28,CEO and Executive Transformation,Clustered,CEO and Executive Transformation,https://www.leadershipnow.com/leadershop/images/9780306833403.jpg
BOOK01051,Dynamic Drive,['Molly Fletcher'],LeadershipNow only,False,True,,2024,,,,,,,,,Hardcover,272.0,1,0,0,1,0,0,0,1,1,1,2,Basic,4,4,0,7,Broad Leadership and Success,Clustered,Broad Leadership and Success,https://www.leadershipnow.com/leadershop/images/9780306834196.jpg
BOOK01052,Don't Say Um,['Michael Chad Hoeppner'],LeadershipNow only,False,True,,2025,,,,,,,,,Hardcover,288.0,1,0,0,1,0,0,0,1,1,1,2,Basic,6,6,0,11,Organizational Culture and Trust,Clustered,Organizational Culture and Trust,https://www.leadershipnow.com/leadershop/images/9780306834509.jpg
BOOK01053,Purposeful Curiosity,['Constantine Andriopoulos'],LeadershipNow only,False,True,,2022,,,,,,,,,Hardcover,272.0,1,0,0,1,0,0,0,1,1,1,2,Basic,4,4,0,0,Entrepreneurial and Growth Mindset,Clustered,Entrepreneurial and Growth Mindset,https://www.leadershipnow.com/leadershop/images/9780306847363.jpg
BOOK01054,Hangry,['Mike Evans'],LeadershipNow only,False,True,,2022,,,,,,,,,Hardcover,272.0,1,0,0,1,0,0,0,1,1,1,2,Basic,3,3,0,,,Not Clustered,Not Clustered,https://www.leadershipnow.com/leadershop/images/9780306925535.jpg
BOOK01055,The Aspiring Leader's Guide to the Future,['Clay Scroggins'],LeadershipNow only,False,True,,2022,,,,,,,,,Hardcover,208.0,1,0,0,1,0,0,0,1,1,1,2,Basic,9,9,0,3,Future Thinking and Personal Development,Clustered,Future Thinking and Personal Development,https://www.leadershipnow.com/leadershop/images/9780310124450.jpg
BOOK01056,The Power to Change,['Craig Groeschel'],LeadershipNow only,False,True,,2023,,,,,,,,,Hardcover,256.0,1,0,0,1,0,0,0,1,1,1,2,Basic,6,6,0,22,Power and Influence,Clustered,Power and Influence,https://www.leadershipnow.com/leadershop/images/9780310362777.jpg
BOOK01057,What to Do Next,['Jeff Henderson'],LeadershipNow only,False,True,,2022,,,,,,,,,Hardcover,240.0,1,0,0,1,0,0,0,1,1,1,2,Basic,6,6,0,,,Not Clustered,Not Clustered,https://www.leadershipnow.com/leadershop/images/9780310366072.jpg
BOOK01058,Your Future Self,['Hal Hershfield'],LeadershipNow only,False,True,,2023,,,,,,,,,Hardcover,304.0,1,0,0,1,0,0,0,1,1,1,2,Basic,5,5,0,3,Future Thinking and Personal Development,Clustered,Future Thinking and Personal Development,https://www.leadershipnow.com/leadershop/images/9780316421256.jpg
BOOK01059,The Geek Way,['Andrew McAfee'],LeadershipNow only,False,True,,2023,,,,,,,,,Hardcover,320.0,1,0,0,1,0,0,0,1,1,1,2,Basic,5,5,0,11,Organizational Culture and Trust,Clustered,Organizational Culture and Trust,https://www.leadershipnow.com/leadershop/images/9780316436700.jpg
BOOK01060,The Revolutionary,['Stacy Schiff'],LeadershipNow only,False,True,,2022,,,,,,,,,Hardcover,432.0,1,0,0,1,0,0,0,1,1,1,2,Basic,4,4,0,28,CEO and Executive Transformation,Clustered,CEO and Executive Transformation,https://www.leadershipnow.com/leadershop/images/9780316441117.jpg
BOOK01061,Blood in the Machine,['Brian Merchant'],LeadershipNow only,False,True,,2023,,,,,,,,,Hardcover,496.0,1,0,0,1,0,0,0,1,1,1,2,Basic,6,6,0,28,CEO and Executive Transformation,Clustered,CEO and Executive Transformation,https://www.leadershipnow.com/leadershop/images/9780316487740.jpg
BOOK01062,Get It Done,['Ayelet Fishbach'],LeadershipNow only,False,True,,2022,,,,,,,,,Hardcover,304.0,1,0,0,1,0,0,0,1,1,1,2,Basic,5,5,0,,,Not Clustered,Not Clustered,https://www.leadershipnow.com/leadershop/images/9780316538343.jpg
BOOK01063,The Problem with Change,['Ashley Goodall'],LeadershipNow only,False,True,,2024,,,,,,,,,Hardcover,288.0,1,0,0,1,0,0,0,1,1,1,2,Basic,6,6,0,9,Change Management,Clustered,Change Management,https://www.leadershipnow.com/leadershop/images/9780316560276.jpg
BOOK01064,Revenge of the Tipping Point,['Malcolm Gladwell'],LeadershipNow only,False,True,,2024,,,,,,,,,Hardcover,368.0,1,0,0,1,0,0,0,1,1,1,2,Basic,7,7,0,28,CEO and Executive Transformation,Clustered,CEO and Executive Transformation,https://www.leadershipnow.com/leadershop/images/9780316575805.jpg
BOOK01065,Disrupt Everything-and Win,['James Patterson and Patrick Leddin PhD'],LeadershipNow only,False,True,,2025,,,,,,,,,Hardcover,384.0,1,0,0,1,0,0,0,1,1,1,2,Basic,9,9,0,7,Broad Leadership and Success,Clustered,Broad Leadership and Success,https://www.leadershipnow.com/leadershop/images/9780316593946.jpg
BOOK01066,The Chaos Machine,['Max Fisher'],LeadershipNow only,False,True,,2023,,,,,,,,,Hardcover,400.0,1,0,0,1,0,0,0,1,1,1,2,Basic,5,5,0,28,CEO and Executive Transformation,Clustered,CEO and Executive Transformation,https://www.leadershipnow.com/leadershop/images/9780316703321.jpg
BOOK01067,A Story is a Deal,['Will Storr'],LeadershipNow only,False,True,,2025,,,,,,,,,Hardcover,352.0,1,0,0,1,0,0,0,1,1,1,2,Basic,7,7,0,28,CEO and Executive Transformation,Clustered,CEO and Executive Transformation,https://www.leadershipnow.com/leadershop/images/9780349437231.jpg
BOOK01068,Excessively Obsessed,['Natasha Oakley'],LeadershipNow only,False,True,,2024,,,,,,,,,Hardcover,320.0,1,0,0,1,0,0,0,1,1,1,2,Basic,4,4,0,,,Not Clustered,Not Clustered,https://www.leadershipnow.com/leadershop/images/9780349437927.jpg
BOOK01069,Coach K,"[""Ian O'Connor""]",LeadershipNow only,False,True,,2022,,,,,,,,,Hardcover,384.0,1,0,0,1,0,0,0,1,1,1,2,Basic,4,4,0,28,CEO and Executive Transformation,Clustered,CEO and Executive Transformation,https://www.leadershipnow.com/leadershop/images/9780358345404.jpg
BOOK01070,King,['Jonathan Eig'],LeadershipNow only,False,True,,2023,,,,,,,,,Hardcover,688.0,1,0,0,1,0,0,0,1,1,1,2,Basic,3,3,0,7,Broad Leadership and Success,Clustered,Broad Leadership and Success,https://www.leadershipnow.com/leadershop/images/9780374279295.jpg
BOOK01071,This Is for Everyone,['Tim Berners-Lee'],LeadershipNow only,False,True,,2025,,,,,,,,,Hardcover,400.0,1,0,0,1,0,0,0,1,1,1,2,Basic,6,6,0,,,Not Clustered,Not Clustered,https://www.leadershipnow.com/leadershop/images/9780374612467.jpg
BOOK01072,Enshittification,['Cory Doctorow'],LeadershipNow only,False,True,,2025,,,,,,,,,Hardcover,352.0,1,0,0,1,0,0,0,1,1,1,2,Basic,3,3,0,,,Not Clustered,Not Clustered,https://www.leadershipnow.com/leadershop/images/9780374619329.jpg
BOOK01073,The Extinction of Experience,['Christine Rosen'],LeadershipNow only,False,True,,2024,,,,,,,,,Hardcover,272.0,1,0,0,1,0,0,0,1,1,1,2,Basic,6,6,0,28,CEO and Executive Transformation,Clustered,CEO and Executive Transformation,https://www.leadershipnow.com/leadershop/images/9780393241716.jpg
BOOK01074,The End of Burnout,['Jonathan Malesic'],LeadershipNow only,False,True,,2022,,,,,,,,,Hardcover,288.0,1,0,0,1,0,0,0,1,1,1,2,Basic,6,6,0,11,Organizational Culture and Trust,Clustered,Organizational Culture and Trust,https://www.leadershipnow.com/leadershop/images/9780520344075.jpg
BOOK01075,The Random Factor,['Prof. Mark Robert Rank'],LeadershipNow only,False,True,,2024,,,,,,,,,Hardcover,302.0,1,0,0,1,0,0,0,1,1,1,2,Basic,7,7,0,28,CEO and Executive Transformation,Clustered,CEO and Executive Transformation,https://www.leadershipnow.com/leadershop/images/9780520390966.jpg
BOOK01076,May Contain Lies,['Alex Edmans'],LeadershipNow only,False,True,,2024,,,,,,,,,Hardcover,336.0,1,0,0,1,0,0,0,1,1,1,2,Basic,5,5,0,0,Entrepreneurial and Growth Mindset,Clustered,Entrepreneurial and Growth Mindset,https://www.leadershipnow.com/leadershop/images/9780520405851.jpg
BOOK01077,The Power Law,['Sebastian Mallaby'],LeadershipNow only,False,True,,2022,,,,,,,,,Hardcover,496.0,1,0,0,1,0,0,0,1,1,1,2,Basic,5,5,0,22,Power and Influence,Clustered,Power and Influence,https://www.leadershipnow.com/leadershop/images/9780525559993.jpg
BOOK01078,The Bill of Obligations,['Richard Haass'],LeadershipNow only,False,True,,2023,,,,,,,,,Hardcover,240.0,1,0,0,1,0,0,0,1,1,1,2,Basic,6,6,0,,,Not Clustered,Not Clustered,https://www.leadershipnow.com/leadershop/images/9780525560654.jpg
BOOK01079,Mark Twain,['Ron Chernow'],LeadershipNow only,False,True,,2025,,,,,,,,,Hardcover,1200.0,1,0,0,1,0,0,0,1,1,1,2,Basic,4,4,0,28,CEO and Executive Transformation,Clustered,CEO and Executive Transformation,https://www.leadershipnow.com/leadershop/images/9780525561729.jpg
BOOK01080,The Secret to Transformational Leadership,['Quintin Shepherd with Sarah Williamson'],LeadershipNow only,False,True,,2022,,,,,,,,,Paperback,216.0,1,0,0,1,0,0,0,1,1,1,2,Basic,10,10,0,25,Transformational Leadership,Clustered,Transformational Leadership,https://www.leadershipnow.com/leadershop/images/9780578376943.jpg
BOOK01081,Power Failure,['William D. Cohan'],LeadershipNow only,False,True,,2022,,,,,,,,,Hardcover,816.0,1,0,0,1,0,0,0,1,1,1,2,Basic,5,5,0,22,Power and Influence,Clustered,Power and Influence,https://www.leadershipnow.com/leadershop/images/9780593084168.jpg
BOOK01082,Clear Thinking,['Shane Parrish'],LeadershipNow only,False,True,,2023,,,,,,,,,Hardcover,288.0,1,0,0,1,0,0,0,1,1,1,2,Basic,4,4,0,28,CEO and Executive Transformation,Clustered,CEO and Executive Transformation,https://www.leadershipnow.com/leadershop/images/9780593086117.jpg
BOOK01083,Mind Shift,['Erwin Raphael McManus'],LeadershipNow only,False,True,,2023,,,,,,,,,Hardcover,160.0,1,0,0,1,0,0,0,1,1,1,2,Basic,5,5,0,11,Organizational Culture and Trust,Clustered,Organizational Culture and Trust,https://www.leadershipnow.com/leadershop/images/9780593137413.jpg
BOOK01084,The Gift of Influence,['Tommy Spaulding'],LeadershipNow only,False,True,,2022,,,,,,,,,Hardcover,224.0,1,0,0,1,0,0,0,1,1,1,2,Basic,6,6,0,28,CEO and Executive Transformation,Clustered,CEO and Executive Transformation,https://www.leadershipnow.com/leadershop/images/9780593138632.jpg
BOOK01085,Presidents at War,['Steven M. Gillon'],LeadershipNow only,False,True,,2025,,,,,,,,,Hardcover,528.0,1,0,0,1,0,0,0,1,1,1,2,Basic,6,6,0,3,Future Thinking and Personal Development,Clustered,Future Thinking and Personal Development,https://www.leadershipnow.com/leadershop/images/9780593183137.jpg
BOOK01086,John Quincy Adams,['Randall Woods'],LeadershipNow only,False,True,,2024,,,,,,,,,Hardcover,784.0,1,0,0,1,0,0,0,1,1,1,2,Basic,5,5,0,28,CEO and Executive Transformation,Clustered,CEO and Executive Transformation,https://www.leadershipnow.com/leadershop/images/9780593187241.jpg
BOOK01087,Partnering,['Jean Oelwang'],LeadershipNow only,False,True,,2022,,,,,,,,,Hardcover,320.0,1,0,0,1,0,0,0,1,1,1,2,Basic,3,3,0,,,Not Clustered,Not Clustered,https://www.leadershipnow.com/leadershop/images/9780593189542.jpg
BOOK01088,How Minds Change,['David McRaney'],LeadershipNow only,False,True,,2022,,,,,,,,,Hardcover,352.0,1,0,0,1,0,0,0,1,1,1,2,Basic,5,5,0,9,Change Management,Clustered,Change Management,https://www.leadershipnow.com/leadershop/images/9780593190296.jpg
BOOK01089,From Strength to Strength,['Arthur C. Brooks'],LeadershipNow only,False,True,,2022,,,,,,,,,Hardcover,272.0,1,0,0,1,0,0,0,1,1,1,2,Basic,7,7,0,7,Broad Leadership and Success,Clustered,Broad Leadership and Success,https://www.leadershipnow.com/leadershop/images/9780593191484.jpg
BOOK01090,"Right Thing, Right Now",['Ryan Holiday'],LeadershipNow only,False,True,,2024,,,,,,,,,Hardcover,368.0,1,0,0,1,0,0,0,1,1,1,2,Basic,6,6,0,7,Broad Leadership and Success,Clustered,Broad Leadership and Success,https://www.leadershipnow.com/leadershop/images/9780593191712.jpg
BOOK01091,Wisdom Takes Work,['Ryan Holiday'],LeadershipNow only,False,True,,2025,,,,,,,,,Hardcover,400.0,1,0,0,1,0,0,0,1,1,1,2,Basic,5,5,0,15,Workplace and Generational Dynamics,Clustered,Workplace and Generational Dynamics,https://www.leadershipnow.com/leadershop/images/9780593191736.jpg
BOOK01092,Never Enough,['Jennifer Breheny Wallace'],LeadershipNow only,False,True,,2023,,,,,,,,,Hardcover,320.0,1,0,0,1,0,0,0,1,1,1,2,Basic,5,5,0,,,Not Clustered,Not Clustered,https://www.leadershipnow.com/leadershop/images/9780593191866.jpg
BOOK01093,How Basketball Can Save the World,['David Hollander'],LeadershipNow only,False,True,,2023,,,,,,,,,Hardcover,320.0,1,0,0,1,0,0,0,1,1,1,2,Basic,8,8,0,11,Organizational Culture and Trust,Clustered,Organizational Culture and Trust,https://www.leadershipnow.com/leadershop/images/9780593234907.jpg
BOOK01094,You Owe You,['Eric Thomas PhD'],LeadershipNow only,False,True,,2022,,,,,,,,,Hardcover,288.0,1,0,0,1,0,0,0,1,1,1,2,Basic,6,6,0,,,Not Clustered,Not Clustered,https://www.leadershipnow.com/leadershop/images/9780593234983.jpg
BOOK01095,Build for Tomorrow,['Jason Feifer'],LeadershipNow only,False,True,,2022,,,,,,,,,Hardcover,272.0,1,0,0,1,0,0,0,1,1,1,2,Basic,5,5,0,7,Broad Leadership and Success,Clustered,Broad Leadership and Success,https://www.leadershipnow.com/leadershop/images/9780593235386.jpg
BOOK01096,Mindreader,['David J. Lieberman'],LeadershipNow only,False,True,,2022,,,,,,,,,Hardcover,240.0,1,0,0,1,0,0,0,1,1,1,2,Basic,4,4,0,,,Not Clustered,Not Clustered,https://www.leadershipnow.com/leadershop/images/9780593236185.jpg
BOOK01097,The Earned Life,['Marshall Goldsmith and Mark Reiter'],LeadershipNow only,False,True,,2022,,,,,,,,,Hardcover,304.0,1,0,0,1,0,0,0,1,1,1,2,Basic,8,8,0,28,CEO and Executive Transformation,Clustered,CEO and Executive Transformation,https://www.leadershipnow.com/leadershop/images/9780593237274.jpg
BOOK01098,Burn Rate,['Andy Dunn'],LeadershipNow only,False,True,,2022,,,,,,,,,Hardcover,304.0,1,0,0,1,0,0,0,1,1,1,2,Basic,4,4,0,11,Organizational Culture and Trust,Clustered,Organizational Culture and Trust,https://www.leadershipnow.com/leadershop/images/9780593238264.jpg
BOOK01099,Crash Landing,['Liz Hoffman'],LeadershipNow only,False,True,,2023,,,,,,,,,Hardcover,304.0,1,0,0,1,0,0,0,1,1,1,2,Basic,4,4,0,,,Not Clustered,Not Clustered,https://www.leadershipnow.com/leadershop/images/9780593239018.jpg
BOOK01100,When We Are Seen,['Denise Young'],LeadershipNow only,False,True,,2024,,,,,,,,,Hardcover,304.0,1,0,0,1,0,0,0,1,1,1,2,Basic,6,6,0,3,Future Thinking and Personal Development,Clustered,Future Thinking and Personal Development,https://www.leadershipnow.com/leadershop/images/9780593239292.jpg
BOOK01101,The Voltage Effect,['John A. List'],LeadershipNow only,False,True,,2022,,,,,,,,,Hardcover,288.0,1,0,0,1,0,0,0,1,1,1,2,Basic,6,6,0,28,CEO and Executive Transformation,Clustered,CEO and Executive Transformation,https://www.leadershipnow.com/leadershop/images/9780593239483.jpg
BOOK01102,How Big Things Get Done,['Bent Flyvbjerg and Dan Gardner'],LeadershipNow only,False,True,,2023,,,,,,,,,Hardcover,304.0,1,0,0,1,0,0,0,1,1,1,2,Basic,10,10,0,11,Organizational Culture and Trust,Clustered,Organizational Culture and Trust,https://www.leadershipnow.com/leadershop/images/9780593239513.jpg
BOOK01103,The New Megatrends,['Marian Salzman'],LeadershipNow only,False,True,,2022,,,,,,,,,Hardcover,352.0,1,0,0,1,0,0,0,1,1,1,2,Basic,5,5,0,0,Entrepreneurial and Growth Mindset,Clustered,Entrepreneurial and Growth Mindset,https://www.leadershipnow.com/leadershop/images/9780593239704.jpg
BOOK01104,Virtual Society,['Herman Narula'],LeadershipNow only,False,True,,2022,,,,,,,,,Hardcover,288.0,1,0,0,1,0,0,0,1,1,1,2,Basic,4,4,0,7,Broad Leadership and Success,Clustered,Broad Leadership and Success,https://www.leadershipnow.com/leadershop/images/9780593239971.jpg
BOOK01105,Supercommunicators,['Charles Duhigg'],LeadershipNow only,False,True,,2024,,,,,,,,,Hardcover,320.0,1,0,0,1,0,0,0,1,1,1,2,Basic,3,3,0,,,Not Clustered,Not Clustered,https://www.leadershipnow.com/leadershop/images/9780593243916.jpg
BOOK01106,It's Not TV,['Felix Gillette and John Koblin'],LeadershipNow only,False,True,,2022,,,,,,,,,Hardcover,400.0,1,0,0,1,0,0,0,1,1,1,2,Basic,8,8,0,7,Broad Leadership and Success,Clustered,Broad Leadership and Success,https://www.leadershipnow.com/leadershop/images/9780593296196.jpg
BOOK01107,1929,['Andrew Ross Sorkin'],LeadershipNow only,False,True,,2025,,,,,,,,,Hardcover,352.0,1,0,0,1,0,0,0,1,1,1,2,Basic,4,4,0,,,Not Clustered,Not Clustered,https://www.leadershipnow.com/leadershop/images/9780593296967.jpg
BOOK01108,Battle of Ink and Ice,['Darrell Hartman'],LeadershipNow only,False,True,,2023,,,,,,,,,Hardcover,400.0,1,0,0,1,0,0,0,1,1,1,2,Basic,7,7,0,11,Organizational Culture and Trust,Clustered,Organizational Culture and Trust,https://www.leadershipnow.com/leadershop/images/9780593297162.jpg
BOOK01109,To Risk It All,['Admiral James Stavridis USN'],LeadershipNow only,False,True,,2022,,,,,,,,,Hardcover,352.0,1,0,0,1,0,0,0,1,1,1,2,Basic,8,8,0,28,CEO and Executive Transformation,Clustered,CEO and Executive Transformation,https://www.leadershipnow.com/leadershop/images/9780593297742.jpg
BOOK01110,How to Calm Your Mind,['Chris Bailey'],LeadershipNow only,False,True,,2022,,,,,,,,,Hardcover,288.0,1,0,0,1,0,0,0,1,1,1,2,Basic,7,7,0,28,CEO and Executive Transformation,Clustered,CEO and Executive Transformation,https://www.leadershipnow.com/leadershop/images/9780593298510.jpg
BOOK01111,The Search,['Bruce Feiler'],LeadershipNow only,False,True,,2023,,,,,,,,,Hardcover,352.0,1,0,0,1,0,0,0,1,1,1,2,Basic,4,4,0,4,Decision Making,Clustered,Decision Making,https://www.leadershipnow.com/leadershop/images/9780593298916.jpg
BOOK01112,Good Arguments,['Bo Seo'],LeadershipNow only,False,True,,2022,,,,,,,,,Hardcover,352.0,1,0,0,1,0,0,0,1,1,1,2,Basic,4,4,0,11,Organizational Culture and Trust,Clustered,Organizational Culture and Trust,https://www.leadershipnow.com/leadershop/images/9780593299517.jpg
BOOK01113,How Not to Be a Politician,['Rory Stewart'],LeadershipNow only,False,True,,2023,,,,,,,,,Hardcover,464.0,1,0,0,1,0,0,0,1,1,1,2,Basic,8,8,0,,,Not Clustered,Not Clustered,https://www.leadershipnow.com/leadershop/images/9780593300329.jpg
BOOK01114,Optimal Illusions,['Coco Krumme'],LeadershipNow only,False,True,,2023,,,,,,,,,Hardcover,256.0,1,0,0,1,0,0,0,1,1,1,2,Basic,4,4,0,11,Organizational Culture and Trust,Clustered,Organizational Culture and Trust,https://www.leadershipnow.com/leadershop/images/9780593331118.jpg
BOOK01115,Same as Ever,['Morgan Housel'],LeadershipNow only,False,True,,2023,,,,,,,,,Hardcover,256.0,1,0,0,1,0,0,0,1,1,1,2,Basic,5,5,0,,,Not Clustered,Not Clustered,https://www.leadershipnow.com/leadershop/images/9780593332702.jpg
BOOK01116,The Performance Paradox,['Eduardo Briceño'],LeadershipNow only,False,True,,2023,,,,,,,,,Hardcover,336.0,1,0,0,1,0,0,0,1,1,1,2,Basic,5,5,0,14,Performance Management,Clustered,Performance Management,https://www.leadershipnow.com/leadershop/images/9780593356906.jpg
BOOK01117,Wild Problems,['Russ Roberts'],LeadershipNow only,False,True,,2022,,,,,,,,,Hardcover,224.0,1,0,0,1,0,0,0,1,1,1,2,Basic,4,4,0,11,Organizational Culture and Trust,Clustered,Organizational Culture and Trust,https://www.leadershipnow.com/leadershop/images/9780593418253.jpg
BOOK01118,Unreasonable Hospitality,['Will Guidara'],LeadershipNow only,False,True,,2022,,,,,,,,,Hardcover,272.0,1,0,0,1,0,0,0,1,1,1,2,Basic,4,4,0,28,CEO and Executive Transformation,Clustered,CEO and Executive Transformation,https://www.leadershipnow.com/leadershop/images/9780593418574.jpg
BOOK01119,Ideaflow,['Jeremy Utley and Perry Klebahn'],LeadershipNow only,False,True,,2022,,,,,,,,,Hardcover,272.0,1,0,0,1,0,0,0,1,1,1,2,Basic,6,6,0,,,Not Clustered,Not Clustered,https://www.leadershipnow.com/leadershop/images/9780593420584.jpg
BOOK01120,Lead to Win,['Carla A. Harris'],LeadershipNow only,False,True,,2022,,,,,,,,,Hardcover,240.0,1,0,0,1,0,0,0,1,1,1,2,Basic,6,6,0,26,Contemporary Leadership Practice,Clustered,Contemporary Leadership Practice,https://www.leadershipnow.com/leadershop/images/9780593421680.jpg
BOOK01121,Buy Back Your Time,['Dan Martell'],LeadershipNow only,False,True,,2023,,,,,,,,,Hardcover,272.0,1,0,0,1,0,0,0,1,1,1,2,Basic,6,6,0,7,Broad Leadership and Success,Clustered,Broad Leadership and Success,https://www.leadershipnow.com/leadershop/images/978059342297X.jpg
BOOK01122,Quit,['Annie Duke'],LeadershipNow only,False,True,,2022,,,,,,,,,Hardcover,288.0,1,0,0,1,0,0,0,1,1,1,2,Basic,3,3,0,,,Not Clustered,Not Clustered,https://www.leadershipnow.com/leadershop/images/9780593422991.jpg
BOOK01123,Shift,['Ethan Kross'],LeadershipNow only,False,True,,2025,,,,,,,,,Hardcover,288.0,1,0,0,1,0,0,0,1,1,1,2,Basic,3,3,0,11,Organizational Culture and Trust,Clustered,Organizational Culture and Trust,https://www.leadershipnow.com/leadershop/images/9780593444412.jpg
BOOK01124,Managing Up,['Melody Wilding'],LeadershipNow only,False,True,,2024,,,,,,,,,Hardcover,320.0,1,0,0,1,0,0,0,1,1,1,2,Basic,4,4,0,7,Broad Leadership and Success,Clustered,Broad Leadership and Success,https://www.leadershipnow.com/leadershop/images/9780593444658.jpg
BOOK01125,The Book of Boundaries,['Melissa Urban'],LeadershipNow only,False,True,,2022,,,,,,,,,Hardcover,400.0,1,0,0,1,0,0,0,1,1,1,2,Basic,6,6,0,7,Broad Leadership and Success,Clustered,Broad Leadership and Success,https://www.leadershipnow.com/leadershop/images/9780593448700.jpg
BOOK01126,It's On Me,['Sara Kuburic'],LeadershipNow only,False,True,,2023,,,,,,,,,Hardcover,288.0,1,0,0,1,0,0,0,1,1,1,2,Basic,5,5,0,7,Broad Leadership and Success,Clustered,Broad Leadership and Success,https://www.leadershipnow.com/leadershop/images/9780593449264.jpg
BOOK01127,World Eaters,['Catherine Bracy'],LeadershipNow only,False,True,,2025,,,,,,,,,Hardcover,272.0,1,0,0,1,0,0,0,1,1,1,2,Basic,4,4,0,11,Organizational Culture and Trust,Clustered,Organizational Culture and Trust,https://www.leadershipnow.com/leadershop/images/9780593473481.jpg
BOOK01128,Life Worth Living,"['Miroslav Volf, Matthew Croasmun and Ryan McAnnally-Linz']",LeadershipNow only,False,True,,2023,,,,,,,,,Hardcover,352.0,1,0,0,1,0,0,0,1,1,1,2,Basic,10,10,0,28,CEO and Executive Transformation,Clustered,CEO and Executive Transformation,https://www.leadershipnow.com/leadershop/images/9780593489307.jpg
BOOK01129,Untold Power,['Rebecca Boggs Roberts'],LeadershipNow only,False,True,,2023,,,,,,,,,Hardcover,320.0,1,0,0,1,0,0,0,1,1,1,2,Basic,5,5,0,22,Power and Influence,Clustered,Power and Influence,https://www.leadershipnow.com/leadershop/images/9780593489994.jpg
BOOK01130,The Yellow Pad,['Robert E. Rubin'],LeadershipNow only,False,True,,2023,,,,,,,,,Hardcover,352.0,1,0,0,1,0,0,0,1,1,1,2,Basic,6,6,0,,,Not Clustered,Not Clustered,https://www.leadershipnow.com/leadershop/images/9780593491393.jpg
BOOK01131,The Big Con,['Mariana Mazzucato and Rosie Collington'],LeadershipNow only,False,True,,2023,,,,,,,,,Hardcover,368.0,1,0,0,1,0,0,0,1,1,1,2,Basic,8,8,0,11,Organizational Culture and Trust,Clustered,Organizational Culture and Trust,https://www.leadershipnow.com/leadershop/images/9780593492673.jpg
BOOK01132,Million Dollar Weekend,['Noah Kagan with Tahl Raz'],LeadershipNow only,False,True,,2024,,,,,,,,,Hardcover,240.0,1,0,0,1,0,0,0,1,1,1,2,Basic,8,8,0,7,Broad Leadership and Success,Clustered,Broad Leadership and Success,https://www.leadershipnow.com/leadershop/images/9780593539774.jpg
BOOK01133,Look,['Christian Madsbjerg'],LeadershipNow only,False,True,,2023,,,,,,,,,Hardcover,256.0,1,0,0,1,0,0,0,1,1,1,2,Basic,3,3,0,28,CEO and Executive Transformation,Clustered,CEO and Executive Transformation,https://www.leadershipnow.com/leadershop/images/9780593542217.jpg
BOOK01134,The Experience Mindset,['Tiffani Bova'],LeadershipNow only,False,True,,2023,,,,,,,,,Hardcover,288.0,1,0,0,1,0,0,0,1,1,1,2,Basic,5,5,0,0,Entrepreneurial and Growth Mindset,Clustered,Entrepreneurial and Growth Mindset,https://www.leadershipnow.com/leadershop/images/9780593542699.jpg
BOOK01135,All In,['Mike Michalowicz'],LeadershipNow only,False,True,,2024,,,,,,,,,Hardcover,288.0,1,0,0,1,0,0,0,1,1,1,2,Basic,4,4,0,,,Not Clustered,Not Clustered,https://www.leadershipnow.com/leadershop/images/9780593544501.jpg
BOOK01136,Slow Productivity,['Cal Newport'],LeadershipNow only,False,True,,2024,,,,,,,,,Hardcover,256.0,1,0,0,1,0,0,0,1,1,1,2,Basic,4,4,0,28,CEO and Executive Transformation,Clustered,CEO and Executive Transformation,https://www.leadershipnow.com/leadershop/images/9780593544853.jpg
BOOK01137,The Way of the Champion,['Paul Rabil / Foreword by Bill Belichick'],LeadershipNow only,False,True,,2024,,,,,,,,,Hardcover,256.0,1,0,0,1,0,0,0,1,1,1,2,Basic,12,12,0,11,Organizational Culture and Trust,Clustered,Organizational Culture and Trust,https://www.leadershipnow.com/leadershop/images/9780593545492.jpg
BOOK01138,The Essentialism Planner,['Greg McKeown'],LeadershipNow only,False,True,,2024,,,,,,,,,Hardcover,224.0,1,0,0,1,0,0,0,1,1,1,2,Basic,5,5,0,,,Not Clustered,Not Clustered,https://www.leadershipnow.com/leadershop/images/9780593578414.jpg
BOOK01139,Henry V,['Dan Jones'],LeadershipNow only,False,True,,2024,,,,,,,,,Hardcover,432.0,1,0,0,1,0,0,0,1,1,1,2,Basic,4,4,0,28,CEO and Executive Transformation,Clustered,CEO and Executive Transformation,https://www.leadershipnow.com/leadershop/images/9780593652732.jpg
BOOK01140,The Creative Act,['Rick Rubin'],LeadershipNow only,False,True,,2023,,,,,,,,,Hardcover,432.0,1,0,0,1,0,0,0,1,1,1,2,Basic,5,5,0,0,Entrepreneurial and Growth Mindset,Clustered,Entrepreneurial and Growth Mindset,https://www.leadershipnow.com/leadershop/images/9780593652886.jpg
BOOK01141,Team,['David Allen and Edward Lamont'],LeadershipNow only,False,True,,2024,,,,,,,,,Hardcover,288.0,1,0,0,1,0,0,0,1,1,1,2,Basic,6,6,0,2,Team Leadership,Clustered,Team Leadership,https://www.leadershipnow.com/leadershop/images/9780593652909.jpg
BOOK01142,Hidden Potential,['Adam Grant'],LeadershipNow only,False,True,,2023,,,,,,,,,Hardcover,320.0,1,0,0,1,0,0,0,1,1,1,2,Basic,4,4,0,28,CEO and Executive Transformation,Clustered,CEO and Executive Transformation,https://www.leadershipnow.com/leadershop/images/9780593653142.jpg
BOOK01143,Lead Like You Mean It,['Laysha Ward'],LeadershipNow only,False,True,,2025,,,,,,,,,Hardcover,240.0,1,0,0,1,0,0,0,1,1,1,2,Basic,7,7,0,26,Contemporary Leadership Practice,Clustered,Contemporary Leadership Practice,https://www.leadershipnow.com/leadershop/images/9780593653937.jpg
BOOK01144,Excellent Advice for Living,['Kevin Kelly'],LeadershipNow only,False,True,,2023,,,,,,,,,Hardcover,224.0,1,0,0,1,0,0,0,1,1,1,2,Basic,6,6,0,28,CEO and Executive Transformation,Clustered,CEO and Executive Transformation,https://www.leadershipnow.com/leadershop/images/9780593654521.jpg
BOOK01145,Choose Your Enemies Wisely,['Patrick Bet-David with Greg Dinkin'],LeadershipNow only,False,True,,2023,,,,,,,,,Hardcover,320.0,1,0,0,1,0,0,0,1,1,1,2,Basic,9,9,0,11,Organizational Culture and Trust,Clustered,Organizational Culture and Trust,https://www.leadershipnow.com/leadershop/images/9780593712849.jpg
BOOK01146,Distancing,['L. David Marquet and Michael A. Gillespie'],LeadershipNow only,False,True,,2025,,,,,,,,,Hardcover,224.0,1,0,0,1,0,0,0,1,1,1,2,Basic,8,8,0,,,Not Clustered,Not Clustered,https://www.leadershipnow.com/leadershop/images/9780593713105.jpg
BOOK01147,Playful,['Cas Holman with Lydia Denworth'],LeadershipNow only,False,True,,2025,,,,,,,,,Hardcover,288.0,1,0,0,1,0,0,0,1,1,1,2,Basic,6,6,0,,,Not Clustered,Not Clustered,https://www.leadershipnow.com/leadershop/images/9780593713402.jpg
BOOK01148,The Journey of Leadership,"['Dana Maor, Hans-Werner Kaas, Kurt Strovink and Ramesh Srinivasan']",LeadershipNow only,False,True,,2024,,,,,,,,,Hardcover,288.0,1,0,0,1,0,0,0,1,1,1,2,Basic,13,13,0,25,Transformational Leadership,Clustered,Transformational Leadership,https://www.leadershipnow.com/leadershop/images/9780593714218.jpg
BOOK01149,The Venture Mindset,['Ilya Strebulaev and Alex Dang'],LeadershipNow only,False,True,,2024,,,,,,,,,Hardcover,368.0,1,0,0,1,0,0,0,1,1,1,2,Basic,8,8,0,0,Entrepreneurial and Growth Mindset,Clustered,Entrepreneurial and Growth Mindset,https://www.leadershipnow.com/leadershop/images/9780593714232.jpg
BOOK01150,You Already Know,['Laura Huang'],LeadershipNow only,False,True,,2025,,,,,,,,,Hardcover,272.0,1,0,0,1,0,0,0,1,1,1,2,Basic,5,5,0,11,Organizational Culture and Trust,Clustered,Organizational Culture and Trust,https://www.leadershipnow.com/leadershop/images/9780593714768.jpg
BOOK01151,Tiny Experiments,['Anne-Laure Le Cunff'],LeadershipNow only,False,True,,2025,,,,,,,,,Hardcover,304.0,1,0,0,1,0,0,0,1,1,1,2,Basic,5,5,0,,,Not Clustered,Not Clustered,https://www.leadershipnow.com/leadershop/images/9780593715130.jpg
BOOK01152,Primal Intelligence,['Angus Fletcher'],LeadershipNow only,False,True,,2025,,,,,,,,,Hardcover,304.0,1,0,0,1,0,0,0,1,1,1,2,Basic,4,4,0,18,Emotional Intelligence,Clustered,Emotional Intelligence,https://www.leadershipnow.com/leadershop/images/9780593715307.jpg
BOOK01153,The Collective Edge,['Colin M. Fisher'],LeadershipNow only,False,True,,2025,,,,,,,,,Hardcover,336.0,1,0,0,1,0,0,0,1,1,1,2,Basic,6,6,0,28,CEO and Executive Transformation,Clustered,CEO and Executive Transformation,https://www.leadershipnow.com/leadershop/images/9780593715345.jpg
BOOK01154,The Song of Significance,['Seth Godin'],LeadershipNow only,False,True,,2023,,,,,,,,,Hardcover,208.0,1,0,0,1,0,0,0,1,1,1,2,Basic,6,6,0,11,Organizational Culture and Trust,Clustered,Organizational Culture and Trust,https://www.leadershipnow.com/leadershop/images/9780593715543.jpg
BOOK01155,The Diary of a CEO,['Steven Bartlett'],LeadershipNow only,False,True,,2023,,,,,,,,,Hardcover,368.0,1,0,0,1,0,0,0,1,1,1,2,Basic,7,7,0,28,CEO and Executive Transformation,Clustered,CEO and Executive Transformation,https://www.leadershipnow.com/leadershop/images/9780593715833.jpg
BOOK01156,Co-Intelligence,['Ethan Mollick'],LeadershipNow only,False,True,,2024,,,,,,,,,Hardcover,256.0,1,0,0,1,0,0,0,1,1,1,2,Basic,3,3,0,,,Not Clustered,Not Clustered,https://www.leadershipnow.com/leadershop/images/9780593716717.jpg
BOOK01157,"Smart, Not Loud",['Jessica Chen'],LeadershipNow only,False,True,,2024,,,,,,,,,Hardcover,272.0,1,0,0,1,0,0,0,1,1,1,2,Basic,5,5,0,28,CEO and Executive Transformation,Clustered,CEO and Executive Transformation,https://www.leadershipnow.com/leadershop/images/9780593717684.jpg
BOOK01158,The Next Conversation,['Jefferson Fisher'],LeadershipNow only,False,True,,2025,,,,,,,,,Hardcover,304.0,1,0,0,1,0,0,0,1,1,1,2,Basic,5,5,0,28,CEO and Executive Transformation,Clustered,CEO and Executive Transformation,https://www.leadershipnow.com/leadershop/images/9780593718728.jpg
BOOK01159,The 5 Types of Wealth,['Sahil Bloom'],LeadershipNow only,False,True,,2025,,,,,,,,,Hardcover,400.0,1,0,0,1,0,0,0,1,1,1,2,Basic,7,7,0,28,CEO and Executive Transformation,Clustered,CEO and Executive Transformation,https://www.leadershipnow.com/leadershop/images/9780593723180.jpg
BOOK01160,Confident by Choice,['Juan Bendaña'],LeadershipNow only,False,True,,2025,,,,,,,,,Hardcover,240.0,1,0,0,1,0,0,0,1,1,1,2,Basic,5,5,0,11,Organizational Culture and Trust,Clustered,Organizational Culture and Trust,https://www.leadershipnow.com/leadershop/images/9780593725610.jpg
BOOK01161,Infectious Generosity,['Chris Anderson'],LeadershipNow only,False,True,,2024,,,,,,,,,Hardcover,272.0,1,0,0,1,0,0,0,1,1,1,2,Basic,4,4,0,11,Organizational Culture and Trust,Clustered,Organizational Culture and Trust,https://www.leadershipnow.com/leadershop/images/9780593727553.jpg
BOOK01162,Just the Good Stuff,['Jim VandeHei'],LeadershipNow only,False,True,,2024,,,,,,,,,Hardcover,256.0,1,0,0,1,0,0,0,1,1,1,2,Basic,6,6,0,11,Organizational Culture and Trust,Clustered,Organizational Culture and Trust,https://www.leadershipnow.com/leadershop/images/9780593796375.jpg
BOOK01163,The Wealth Money Can't Buy,['Robin Sharma'],LeadershipNow only,False,True,,2024,,,,,,,,,Hardcover,416.0,1,0,0,1,0,0,0,1,1,1,2,Basic,7,7,0,7,Broad Leadership and Success,Clustered,Broad Leadership and Success,https://www.leadershipnow.com/leadershop/images/9780593798492.jpg
BOOK01164,On Leadership,['Tony Blair'],LeadershipNow only,False,True,,2024,,,,,,,,,Hardcover,368.0,1,0,0,1,0,0,0,1,1,1,2,Basic,4,4,0,25,Transformational Leadership,Clustered,Transformational Leadership,https://www.leadershipnow.com/leadershop/images/9780593799796.jpg
BOOK01165,The Systems Leader,['Robert E. Siegel'],LeadershipNow only,False,True,,2025,,,,,,,,,Hardcover,272.0,1,0,0,1,0,0,0,1,1,1,2,Basic,6,6,0,5,Leader Identity and Practice,Clustered,Leader Identity and Practice,https://www.leadershipnow.com/leadershop/images/9780593800041.jpg
BOOK01166,These Strange New Minds,['Christopher Summerfield'],LeadershipNow only,False,True,,2025,,,,,,,,,Hardcover,384.0,1,0,0,1,0,0,0,1,1,1,2,Basic,6,6,0,0,Entrepreneurial and Growth Mindset,Clustered,Entrepreneurial and Growth Mindset,https://www.leadershipnow.com/leadershop/images/9780593831717.jpg
BOOK01167,Fired Up,['Shannon Watts'],LeadershipNow only,False,True,,2025,,,,,,,,,Hardcover,272.0,1,0,0,1,0,0,0,1,1,1,2,Basic,4,4,0,11,Organizational Culture and Trust,Clustered,Organizational Culture and Trust,https://www.leadershipnow.com/leadershop/images/9780593831939.jpg
BOOK01168,Uncompete,['Ruchika T. Malhotra'],LeadershipNow only,False,True,,2025,,,,,,,,,Hardcover,320.0,1,0,0,1,0,0,0,1,1,1,2,Basic,4,4,0,,,Not Clustered,Not Clustered,https://www.leadershipnow.com/leadershop/images/9780593832158.jpg
BOOK01169,The Thinking Machine,['Stephen Witt'],LeadershipNow only,False,True,,2025,,,,,,,,,Hardcover,272.0,1,0,0,1,0,0,0,1,1,1,2,Basic,5,5,0,28,CEO and Executive Transformation,Clustered,CEO and Executive Transformation,https://www.leadershipnow.com/leadershop/images/9780593832691.jpg
BOOK01170,Resurface,['Cassidy Krug'],LeadershipNow only,False,True,,2025,,,,,,,,,Hardcover,288.0,1,0,0,1,0,0,0,1,1,1,2,Basic,3,3,0,,,Not Clustered,Not Clustered,https://www.leadershipnow.com/leadershop/images/9780593833117.jpg
BOOK01171,On Character,['General Stanley McChrystal'],LeadershipNow only,False,True,,2025,,,,,,,,,Hardcover,304.0,1,0,0,1,0,0,0,1,1,1,2,Basic,5,5,0,28,CEO and Executive Transformation,Clustered,CEO and Executive Transformation,https://www.leadershipnow.com/leadershop/images/9780593852958.jpg
BOOK01172,What You're Made For,['George Raveling and Ryan Holiday -\x97 Foreword by Michael Jordan'],LeadershipNow only,False,True,,2025,,,,,,,,,Hardcover,224.0,1,0,0,1,0,0,0,1,1,1,2,Basic,14,14,0,0,Entrepreneurial and Growth Mindset,Clustered,Entrepreneurial and Growth Mindset,https://www.leadershipnow.com/leadershop/images/9780593852972.jpg
BOOK01173,G-Man,['Beverly Gage'],LeadershipNow only,False,True,,2022,,,,,,,,,Hardcover,752.0,1,0,0,1,0,0,0,1,1,1,2,Basic,3,3,0,,,Not Clustered,Not Clustered,https://www.leadershipnow.com/leadershop/images/9780670025374.jpg
BOOK01174,The Burnout Challenge,['Christina Maslach and Michael P. Leiter'],LeadershipNow only,False,True,,2022,,,,,,,,,Hardcover,272.0,1,0,0,1,0,0,0,1,1,1,2,Basic,9,9,0,11,Organizational Culture and Trust,Clustered,Organizational Culture and Trust,https://www.leadershipnow.com/leadershop/images/9780674251014.jpg
BOOK01175,Deeply Responsible Business,['Geoffrey Jones'],LeadershipNow only,False,True,,2023,,,,,,,,,Hardcover,448.0,1,0,0,1,0,0,0,1,1,1,2,Basic,5,5,0,13,General Business and Management,Clustered,General Business and Management,https://www.leadershipnow.com/leadershop/images/9780674916531.jpg
BOOK01176,Capitalism,['Michael Sonenscher'],LeadershipNow only,False,True,,2022,,,,,,,,,Hardcover,248.0,1,0,0,1,0,0,0,1,1,1,2,Basic,3,3,0,28,CEO and Executive Transformation,Clustered,CEO and Executive Transformation,https://www.leadershipnow.com/leadershop/images/9780691237206.jpg
BOOK01177,The Corporation and the Twentieth Century,['Richard N. Langlois'],LeadershipNow only,False,True,,2023,,,,,,,,,Hardcover,816.0,1,0,0,1,0,0,0,1,1,1,2,Basic,9,9,0,3,Future Thinking and Personal Development,Clustered,Future Thinking and Personal Development,https://www.leadershipnow.com/leadershop/images/9780691246987.jpg
BOOK01178,The Power of Regret,['Daniel H. Pink'],LeadershipNow only,False,True,,2022,,,,,,,,,Hardcover,256.0,1,0,0,1,0,0,0,1,1,1,2,Basic,7,7,0,22,Power and Influence,Clustered,Power and Influence,https://www.leadershipnow.com/leadershop/images/9780735210653.jpg
BOOK01179,The Nineties,['Chuck Klosterman'],LeadershipNow only,False,True,,2022,,,,,,,,,Hardcover,384.0,1,0,0,1,0,0,0,1,1,1,2,Basic,4,4,0,,,Not Clustered,Not Clustered,https://www.leadershipnow.com/leadershop/images/9780735217959.jpg
BOOK01180,In the Shadow of the Gods,['Dominic Lieven'],LeadershipNow only,False,True,,2022,,,,,,,,,Hardcover,608.0,1,0,0,1,0,0,0,1,1,1,2,Basic,8,8,0,,,Not Clustered,Not Clustered,https://www.leadershipnow.com/leadershop/images/9780735222199.jpg
BOOK01181,The Crisis of Democratic Capitalism,['Martin Wolf'],LeadershipNow only,False,True,,2023,,,,,,,,,Hardcover,496.0,1,0,0,1,0,0,0,1,1,1,2,Basic,7,7,0,28,CEO and Executive Transformation,Clustered,CEO and Executive Transformation,https://www.leadershipnow.com/leadershop/images/9780735224216.jpg
BOOK01182,Sir Henry Royce,['Ryan Leak'],LeadershipNow only,False,True,,2022,,,,,,,,,Paperback,256.0,1,0,0,1,0,0,0,1,1,1,2,Basic,5,5,0,28,CEO and Executive Transformation,Clustered,CEO and Executive Transformation,https://www.leadershipnow.com/leadershop/images/9780750999004.jpg
BOOK01183,The Conviction to Lead,['Albert Mohler'],LeadershipNow only,False,True,,2023,,,,,,,,,Hardcover,240.0,1,0,0,1,0,0,0,1,1,1,2,Basic,6,6,0,26,Contemporary Leadership Practice,Clustered,Contemporary Leadership Practice,https://www.leadershipnow.com/leadershop/images/9780764237706.jpg
BOOK01184,Leveling Up,['Ryan Leak'],LeadershipNow only,False,True,,2022,,,,,,,,,Hardcover,224.0,1,0,0,1,0,0,0,1,1,1,2,Basic,4,4,0,,,Not Clustered,Not Clustered,https://www.leadershipnow.com/leadershop/images/9780785261629.jpg
BOOK01185,The Commanders,['Lloyd Clark'],LeadershipNow only,False,True,,2022,,,,,,,,,Hardcover,432.0,1,0,0,1,0,0,0,1,1,1,2,Basic,4,4,0,0,Entrepreneurial and Growth Mindset,Clustered,Entrepreneurial and Growth Mindset,https://www.leadershipnow.com/leadershop/images/9780802160225.jpg
BOOK01186,The Wise Leader,['Uli Chi'],LeadershipNow only,False,True,,2024,,,,,,,,,Paperback,192.0,1,0,0,1,0,0,0,1,1,1,2,Basic,5,5,0,5,Leader Identity and Practice,Clustered,Leader Identity and Practice,https://www.leadershipnow.com/leadershop/images/9780802884046.jpg
BOOK01187,Character,['Robert L. Dilenschneider'],LeadershipNow only,False,True,,2025,,,,,,,,,Paperback,208.0,1,0,0,1,0,0,0,1,1,1,2,Basic,4,4,0,28,CEO and Executive Transformation,Clustered,CEO and Executive Transformation,https://www.leadershipnow.com/leadershop/images/9780806543123.jpg
BOOK01188,Reagan,['Max Boot'],LeadershipNow only,False,True,,2024,,,,,,,,,Hardcover,880.0,1,0,0,1,0,0,0,1,1,1,2,Basic,3,3,0,,,Not Clustered,Not Clustered,https://www.leadershipnow.com/leadershop/images/9780871409447.jpg
BOOK01189,Team Emotional Intelligence 2.0,['Jean Greaves and Evan Watkins'],LeadershipNow only,False,True,,2022,,,,,,,,,Hardcover,240.0,1,0,0,1,0,0,0,1,1,1,2,Basic,9,9,0,18,Emotional Intelligence,Clustered,Emotional Intelligence,https://www.leadershipnow.com/leadershop/images/9780974719344.jpg
BOOK01190,Focused As A Bee,['Jones Loflin and Sydney Loflin'],LeadershipNow only,False,True,,2025,,,,,,,,,Hardcover,224.0,1,0,0,1,0,0,0,1,1,1,2,Basic,9,9,0,7,Broad Leadership and Success,Clustered,Broad Leadership and Success,https://www.leadershipnow.com/leadershop/images/9780976688266.jpg
BOOK01191,Network Leadership,['Jeffrey Beeson'],LeadershipNow only,False,True,,2025,,,,,,,,,Hardcover,112.0,1,0,0,1,0,0,0,1,1,1,2,Basic,4,4,0,25,Transformational Leadership,Clustered,Transformational Leadership,https://www.leadershipnow.com/leadershop/images/9781009392235.jpg
BOOK01192,Decisions about Decisions,['Cass R. Sunstein'],LeadershipNow only,False,True,,2023,,,,,,,,,Hardcover,250.0,1,0,0,1,0,0,0,1,1,1,2,Basic,6,6,0,28,CEO and Executive Transformation,Clustered,CEO and Executive Transformation,https://www.leadershipnow.com/leadershop/images/9781009400466.jpg
BOOK01193,Redemption,['Peter R. Mansoor'],LeadershipNow only,False,True,,2025,,,,,,,,,Hardcover,480.0,1,0,0,1,0,0,0,1,1,1,2,Basic,4,4,0,,,Not Clustered,Not Clustered,https://www.leadershipnow.com/leadershop/images/9781009541190.jpg
BOOK01194,Determining Leadership Potential,['Kimberly Janson and Melody Rawlings'],LeadershipNow only,False,True,,2022,,,,,,,,,Paperback,180.0,1,0,0,1,0,0,0,1,1,1,2,Basic,8,8,0,25,Transformational Leadership,Clustered,Transformational Leadership,https://www.leadershipnow.com/leadershop/images/9781032220338.jpg
BOOK01195,The Next Leadership Team,['Thomas Keil and Marianna Zangrillo'],LeadershipNow only,False,True,,2023,,,,,,,,,Hardcover,224.0,1,0,0,1,0,0,0,1,1,1,2,Basic,9,9,0,2,Team Leadership,Clustered,Team Leadership,https://www.leadershipnow.com/leadershop/images/9781032349404.jpg
BOOK01196,The Character Compass,"['Mary Crossan, Gerard Seijts and Bill Furlong (Aut']",LeadershipNow only,False,True,,2023,,,,,,,,,Hardcover,220.0,1,0,0,1,0,0,0,1,1,1,2,Basic,11,11,0,28,CEO and Executive Transformation,Clustered,CEO and Executive Transformation,https://www.leadershipnow.com/leadershop/images/9781032376486.jpg
BOOK01197,The Practice of Ethical Leadership,['Claas Florian Engelke and Richard B. Swegan'],LeadershipNow only,False,True,,2024,,,,,,,,,Hardcover,268.0,1,0,0,1,0,0,0,1,1,1,2,Basic,12,12,0,25,Transformational Leadership,Clustered,Transformational Leadership,https://www.leadershipnow.com/leadershop/images/9781032397191.jpg
BOOK01198,Sentient Strategy,['Alan Weiss'],LeadershipNow only,False,True,,2023,,,,,,,,,Paperback,130.0,1,0,0,1,0,0,0,1,1,1,2,Basic,4,4,0,28,CEO and Executive Transformation,Clustered,CEO and Executive Transformation,https://www.leadershipnow.com/leadershop/images/9781032412634.jpg
BOOK01199,Everyday Leadership,['Ross Blankenship'],LeadershipNow only,False,True,,2024,,,,,,,,,Paperback,116.0,1,0,0,1,0,0,0,1,1,1,2,Basic,4,4,0,25,Transformational Leadership,Clustered,Transformational Leadership,https://www.leadershipnow.com/leadershop/images/9781032607856.jpg
BOOK01200,Redefining Networking,['Monique Kelley'],LeadershipNow only,False,True,,2025,,,,,,,,,Hardcover,110.0,1,0,0,1,0,0,0,1,1,1,2,Basic,4,4,0,28,CEO and Executive Transformation,Clustered,CEO and Executive Transformation,https://www.leadershipnow.com/leadershop/images/9781032933863.jpg
BOOK01201,Franklin D. Roosevelt and the Art of Leadership,['William Nester'],LeadershipNow only,False,True,,2024,,,,,,,,,Hardcover,312.0,1,0,0,1,0,0,0,1,1,1,2,Basic,10,10,0,25,Transformational Leadership,Clustered,Transformational Leadership,https://www.leadershipnow.com/leadershop/images/9781036110901.jpg
BOOK01202,ThinkBlink Manifesto,['Ryan Dunlap'],LeadershipNow only,False,True,,2025,,,,,,,,,Paperback,264.0,1,0,0,1,0,0,0,1,1,1,2,Basic,4,4,0,,,Not Clustered,Not Clustered,https://www.leadershipnow.com/leadershop/images/9781038337979.jpg
BOOK01203,We Are Ambiverts Now,['Karl Moore and Gabriele Hartshorne-Mehl'],LeadershipNow only,False,True,,2025,,,,,,,,,Paperback,176.0,1,0,0,1,0,0,0,1,1,1,2,Basic,9,9,0,,,Not Clustered,Not Clustered,https://www.leadershipnow.com/leadershop/images/9781041009108.jpg
BOOK01204,The Presence Principle,['Alexa Chilcutt and Carl DuPont'],LeadershipNow only,False,True,,2025,,,,,,,,,Hardcover,140.0,1,0,0,1,0,0,0,1,1,1,2,Basic,8,8,0,11,Organizational Culture and Trust,Clustered,Organizational Culture and Trust,https://www.leadershipnow.com/leadershop/images/9781041021964.jpg
BOOK01205,Leading With Values,['Neil Malhotra and Ken Shotts'],LeadershipNow only,False,True,,2022,,,,,,,,,Hardcover,200.0,1,0,0,1,0,0,0,1,1,1,2,Basic,8,8,0,16,Leading Self and Others,Clustered,Leading Self and Others,https://www.leadershipnow.com/leadershop/images/9781108841191.jpg
BOOK01206,How to be a Coffee Bean,['Jon Gordon and Damon West'],LeadershipNow only,False,True,,2023,,,,,,,,,Hardcover,256.0,1,0,0,1,0,0,0,1,1,1,2,Basic,11,11,0,,,Not Clustered,Not Clustered,https://www.leadershipnow.com/leadershop/images/9781119430283.jpg
BOOK01207,The Power of a Positive You,['Jon Gordon'],LeadershipNow only,False,True,,2022,,,,,,,,,Hardcover,188.0,1,0,0,1,0,0,0,1,1,1,2,Basic,8,8,0,22,Power and Influence,Clustered,Power and Influence,https://www.leadershipnow.com/leadershop/images/9781119430285.jpg
BOOK01208,Scaling Innovation,['Madhavan Ramanujam and Eddie Hartman'],LeadershipNow only,False,True,,2025,,,,,,,,,Hardcover,352.0,1,0,0,1,0,0,0,1,1,1,2,Basic,7,7,0,21,Innovation Management,Clustered,Innovation Management,https://www.leadershipnow.com/leadershop/images/9781119633068.jpg
BOOK01209,Leading in a Non-Linear World,['Jean Gomes'],LeadershipNow only,False,True,,2023,,,,,,,,,Hardcover,304.0,1,0,0,1,0,0,0,1,1,1,2,Basic,7,7,0,16,Leading Self and Others,Clustered,Leading Self and Others,https://www.leadershipnow.com/leadershop/images/9781119672722.jpg
BOOK01210,The One Truth,['Jon Gordon'],LeadershipNow only,False,True,,2023,,,,,,,,,Hardcover,176.0,1,0,0,1,0,0,0,1,1,1,2,Basic,5,5,0,0,Entrepreneurial and Growth Mindset,Clustered,Entrepreneurial and Growth Mindset,https://www.leadershipnow.com/leadershop/images/9781119757351.jpg
BOOK01211,The 7 Commitments of a Great Team,['Jon Gordon'],LeadershipNow only,False,True,,2025,,,,,,,,,Hardcover,288.0,1,0,0,1,0,0,0,1,1,1,2,Basic,9,9,0,2,Team Leadership,Clustered,Team Leadership,https://www.leadershipnow.com/leadershop/images/9781119757382.jpg
BOOK01212,The Sale,['Jon Gordon and Alex Demczak'],LeadershipNow only,False,True,,2022,,,,,,,,,Hardcover,176.0,1,0,0,1,0,0,0,1,1,1,2,Basic,7,7,0,,,Not Clustered,Not Clustered,https://www.leadershipnow.com/leadershop/images/9781119762690.jpg
BOOK01213,The Neutrality Trap,['Bernard S. Mayer and Jacqueline N. Font-Guzmán'],LeadershipNow only,False,True,,2022,,,,,,,,,Hardcover,272.0,1,0,0,1,0,0,0,1,1,1,2,Basic,10,10,0,,,Not Clustered,Not Clustered,https://www.leadershipnow.com/leadershop/images/9781119793243.jpg
BOOK01214,Human-Driven Experience,['Robert Harles'],LeadershipNow only,False,True,,2022,,,,,,,,,Hardcover,256.0,1,0,0,1,0,0,0,1,1,1,2,Basic,4,4,0,28,CEO and Executive Transformation,Clustered,CEO and Executive Transformation,https://www.leadershipnow.com/leadershop/images/9781119812982.jpg
BOOK01215,The Power of One More,['Ed Mylett'],LeadershipNow only,False,True,,2022,,,,,,,,,Hardcover,272.0,1,0,0,1,0,0,0,1,1,1,2,Basic,7,7,0,22,Power and Influence,Clustered,Power and Influence,https://www.leadershipnow.com/leadershop/images/9781119815365.jpg
BOOK01216,Difficult Decisions,['Eric Pliner'],LeadershipNow only,False,True,,2022,,,,,,,,,Hardcover,208.0,1,0,0,1,0,0,0,1,1,1,2,Basic,4,4,0,28,CEO and Executive Transformation,Clustered,CEO and Executive Transformation,https://www.leadershipnow.com/leadershop/images/9781119817048.jpg
BOOK01217,Driving Results,['Gary A. Garfield'],LeadershipNow only,False,True,,2022,,,,,,,,,Hardcover,208.0,1,0,0,1,0,0,0,1,1,1,2,Basic,5,5,0,28,CEO and Executive Transformation,Clustered,CEO and Executive Transformation,https://www.leadershipnow.com/leadershop/images/9781119822479.jpg
BOOK01218,The Imperfectionists,['Robert McLean and Charles Conn'],LeadershipNow only,False,True,,2023,,,,,,,,,Hardcover,192.0,1,0,0,1,0,0,0,1,1,1,2,Basic,7,7,0,,,Not Clustered,Not Clustered,https://www.leadershipnow.com/leadershop/images/9781119835660.jpg
BOOK01219,Amp It Up,['Frank Slootman'],LeadershipNow only,False,True,,2022,,,,,,,,,Hardcover,208.0,1,0,0,1,0,0,0,1,1,1,2,Basic,5,5,0,0,Entrepreneurial and Growth Mindset,Clustered,Entrepreneurial and Growth Mindset,https://www.leadershipnow.com/leadershop/images/9781119836117.jpg
BOOK01220,The Mentor's Guide,['Lois J. Zachary and Lisa Fain'],LeadershipNow only,False,True,,2022,,,,,,,,,Paperback,320.0,1,0,0,1,0,0,0,1,1,1,2,Basic,9,9,0,28,CEO and Executive Transformation,Clustered,CEO and Executive Transformation,https://www.leadershipnow.com/leadershop/images/9781119838180.jpg
BOOK01221,Say More About That,['Amber Cabral'],LeadershipNow only,False,True,,2022,,,,,,,,,Paperback,240.0,1,0,0,1,0,0,0,1,1,1,2,Basic,6,6,0,11,Organizational Culture and Trust,Clustered,Organizational Culture and Trust,https://www.leadershipnow.com/leadershop/images/9781119839323.jpg
BOOK01222,"Move to the Edge, Declare it Center",['Everett Harper'],LeadershipNow only,False,True,,2022,,,,,,,,,Hardcover,256.0,1,0,0,1,0,0,0,1,1,1,2,Basic,9,9,0,28,CEO and Executive Transformation,Clustered,CEO and Executive Transformation,https://www.leadershipnow.com/leadershop/images/9781119849889.jpg
BOOK01223,Do It,['David Nurse'],LeadershipNow only,False,True,,2023,,,,,,,,,Hardcover,256.0,1,0,0,1,0,0,0,1,1,1,2,Basic,4,4,0,,,Not Clustered,Not Clustered,https://www.leadershipnow.com/leadershop/images/9781119853701.jpg
BOOK01224,Amplify Your Influence,['Rene Rodriguez'],LeadershipNow only,False,True,,2022,,,,,,,,,Hardcover,288.0,1,0,0,1,0,0,0,1,1,1,2,Basic,5,5,0,28,CEO and Executive Transformation,Clustered,CEO and Executive Transformation,https://www.leadershipnow.com/leadershop/images/9781119858683.jpg
BOOK01225,Leading Wisely,['Manfred F. R. Kets de Vries'],LeadershipNow only,False,True,,2022,,,,,,,,,Hardcover,176.0,1,0,0,1,0,0,0,1,1,1,2,Basic,8,8,0,16,Leading Self and Others,Clustered,Leading Self and Others,https://www.leadershipnow.com/leadershop/images/9781119860396.jpg
BOOK01226,Trustworthy AI,['Beena Ammanath'],LeadershipNow only,False,True,,2022,,,,,,,,,Hardcover,224.0,1,0,0,1,0,0,0,1,1,1,2,Basic,4,4,0,26,Contemporary Leadership Practice,Clustered,Contemporary Leadership Practice,https://www.leadershipnow.com/leadershop/images/9781119867920.jpg
BOOK01227,How the Future Works,"['Brian Elliott, Sheela Subramanian and Helen Kupp']",LeadershipNow only,False,True,,2022,,,,,,,,,Hardcover,240.0,1,0,0,1,0,0,0,1,1,1,2,Basic,11,11,0,3,Future Thinking and Personal Development,Clustered,Future Thinking and Personal Development,https://www.leadershipnow.com/leadershop/images/9781119870951.jpg
BOOK01228,Sustainable Leadership:,['Clarke Murphy'],LeadershipNow only,False,True,,2022,,,,,,,,,Hardcover,208.0,1,0,0,1,0,0,0,1,1,1,2,Basic,4,4,0,25,Transformational Leadership,Clustered,Transformational Leadership,https://www.leadershipnow.com/leadershop/images/9781119872153.jpg
BOOK01229,The Unexpected Leader,['Jacqueline M. Baker'],LeadershipNow only,False,True,,2022,,,,,,,,,Hardcover,224.0,1,0,0,1,0,0,0,1,1,1,2,Basic,6,6,0,5,Leader Identity and Practice,Clustered,Leader Identity and Practice,https://www.leadershipnow.com/leadershop/images/9781119877677.jpg
BOOK01230,The Soul of Startups,['Sophie Theen'],LeadershipNow only,False,True,,2022,,,,,,,,,Hardcover,240.0,1,0,0,1,0,0,0,1,1,1,2,Basic,6,6,0,7,Broad Leadership and Success,Clustered,Broad Leadership and Success,https://www.leadershipnow.com/leadershop/images/9781119885590.jpg
BOOK01231,Principal in Balance,['Jessica Cabeen'],LeadershipNow only,False,True,,2023,,,,,,,,,Paperback,208.0,1,0,0,1,0,0,0,1,1,1,2,Basic,5,5,0,11,Organizational Culture and Trust,Clustered,Organizational Culture and Trust,https://www.leadershipnow.com/leadershop/images/9781119885764.jpg
BOOK01232,True North,['Bill George and Zach Clayton'],LeadershipNow only,False,True,,2022,,,,,,,,,Hardcover,320.0,1,0,0,1,0,0,0,1,1,1,2,Basic,7,7,0,3,Future Thinking and Personal Development,Clustered,Future Thinking and Personal Development,https://www.leadershipnow.com/leadershop/images/9781119886105.jpg
BOOK01233,Step into the Metaverse,['Mark van Rijmenam'],LeadershipNow only,False,True,,2022,,,,,,,,,Hardcover,256.0,1,0,0,1,0,0,0,1,1,1,2,Basic,7,7,0,28,CEO and Executive Transformation,Clustered,CEO and Executive Transformation,https://www.leadershipnow.com/leadershop/images/9781119887577.jpg
BOOK01234,The Metaverse Handbook,"['QuHarrison Terry and Scott ""DJ Skee"" Keeney']",LeadershipNow only,False,True,,2022,,,,,,,,,Hardcover,192.0,1,0,0,1,0,0,0,1,1,1,2,Basic,10,10,0,28,CEO and Executive Transformation,Clustered,CEO and Executive Transformation,https://www.leadershipnow.com/leadershop/images/9781119892526.jpg
BOOK01235,Digital Transformation Payday,['Tim Bottke'],LeadershipNow only,False,True,,2022,,,,,,,,,Hardcover,240.0,1,0,0,1,0,0,0,1,1,1,2,Basic,5,5,0,28,CEO and Executive Transformation,Clustered,CEO and Executive Transformation,https://www.leadershipnow.com/leadershop/images/9781119894179.jpg
BOOK01236,Leading with Vulnerability,['Jacob Morgan'],LeadershipNow only,False,True,,2023,,,,,,,,,Hardcover,272.0,1,0,0,1,0,0,0,1,1,1,2,Basic,5,5,0,16,Leading Self and Others,Clustered,Leading Self and Others,https://www.leadershipnow.com/leadershop/images/9781119895244.jpg
BOOK01237,Work Here Now,['Melissa Swift'],LeadershipNow only,False,True,,2023,,,,,,,,,Hardcover,256.0,1,0,0,1,0,0,0,1,1,1,2,Basic,5,5,0,15,Workplace and Generational Dynamics,Clustered,Workplace and Generational Dynamics,https://www.leadershipnow.com/leadershop/images/9781119895275.jpg
BOOK01238,The Locker Room,['Stephen Mackey and Damon West'],LeadershipNow only,False,True,,2022,,,,,,,,,Hardcover,128.0,1,0,0,1,0,0,0,1,1,1,2,Basic,8,8,0,28,CEO and Executive Transformation,Clustered,CEO and Executive Transformation,https://www.leadershipnow.com/leadershop/images/9781119897842.jpg
BOOK01239,Adaptive Resilience,['Maria Santacaterina'],LeadershipNow only,False,True,,2023,,,,,,,,,Hardcover,256.0,1,0,0,1,0,0,0,1,1,1,2,Basic,4,4,0,28,CEO and Executive Transformation,Clustered,CEO and Executive Transformation,https://www.leadershipnow.com/leadershop/images/9781119898184.jpg
BOOK01240,Decisions Over Decimals,"['Paul F. Magnone, Christopher J. Frank and Oded Netzer']",LeadershipNow only,False,True,,2022,,,,,,,,,Hardcover,256.0,1,0,0,1,0,0,0,1,1,1,2,Basic,12,12,0,28,CEO and Executive Transformation,Clustered,CEO and Executive Transformation,https://www.leadershipnow.com/leadershop/images/9781119898481.jpg
BOOK01241,Navigating the Metaverse,"['Cathy Hackl, Dirk Lueth and Tommaso Di Bartol']",LeadershipNow only,False,True,,2022,,,,,,,,,Hardcover,272.0,1,0,0,1,0,0,0,1,1,1,2,Basic,11,11,0,28,CEO and Executive Transformation,Clustered,CEO and Executive Transformation,https://www.leadershipnow.com/leadershop/images/9781119898993.jpg
BOOK01242,Energy Leadership,['Bruce D. Schneider'],LeadershipNow only,False,True,,2022,,,,,,,,,Hardcover,288.0,1,0,0,1,0,0,0,1,1,1,2,Basic,5,5,0,25,Transformational Leadership,Clustered,Transformational Leadership,https://www.leadershipnow.com/leadershop/images/9781119899549.jpg
BOOK01243,A Cure for the Common Company,['Richard Safeer'],LeadershipNow only,False,True,,2023,,,,,,,,,Hardcover,256.0,1,0,0,1,0,0,0,1,1,1,2,Basic,8,8,0,11,Organizational Culture and Trust,Clustered,Organizational Culture and Trust,https://www.leadershipnow.com/leadershop/images/9781119899969.jpg
BOOK01244,The Digital Leader,['Ram Charan and Raj B. Vattikuti'],LeadershipNow only,False,True,,2022,,,,,,,,,Hardcover,160.0,1,0,0,1,0,0,0,1,1,1,2,Basic,9,9,0,5,Leader Identity and Practice,Clustered,Leader Identity and Practice,https://www.leadershipnow.com/leadershop/images/9781119900085.jpg
BOOK01245,Culture Is the Way,['Matt Mayberry'],LeadershipNow only,False,True,,2023,,,,,,,,,Hardcover,272.0,1,0,0,1,0,0,0,1,1,1,2,Basic,6,6,0,11,Organizational Culture and Trust,Clustered,Organizational Culture and Trust,https://www.leadershipnow.com/leadershop/images/9781119913658.jpg
BOOK01246,Wise Decisions,['Sheila Ohlsson and James E. Loehr'],LeadershipNow only,False,True,,2022,,,,,,,,,Hardcover,256.0,1,0,0,1,0,0,0,1,1,1,2,Basic,8,8,0,28,CEO and Executive Transformation,Clustered,CEO and Executive Transformation,https://www.leadershipnow.com/leadershop/images/9781119931409.jpg
BOOK01247,The Ecosystem Economy,['Venkat Atluri and Miklós Dietz'],LeadershipNow only,False,True,,2022,,,,,,,,,Hardcover,240.0,1,0,0,1,0,0,0,1,1,1,2,Basic,8,8,0,0,Entrepreneurial and Growth Mindset,Clustered,Entrepreneurial and Growth Mindset,https://www.leadershipnow.com/leadershop/images/9781119984788.jpg
BOOK01248,Autonomous Transformation,['Brian Evergreen'],LeadershipNow only,False,True,,2023,,,,,,,,,Hardcover,240.0,1,0,0,1,0,0,0,1,1,1,2,Basic,4,4,0,28,CEO and Executive Transformation,Clustered,CEO and Executive Transformation,https://www.leadershipnow.com/leadershop/images/9781119985297.jpg
BOOK01249,The Negativity Fast,['Anthony Iannarino'],LeadershipNow only,False,True,,2023,,,,,,,,,Hardcover,240.0,1,0,0,1,0,0,0,1,1,1,2,Basic,5,5,0,11,Organizational Culture and Trust,Clustered,Organizational Culture and Trust,https://www.leadershipnow.com/leadershop/images/9781119985884.jpg
BOOK01250,To the Top,['Jenna C. Fisher'],LeadershipNow only,False,True,,2023,,,,,,,,,Hardcover,208.0,1,0,0,1,0,0,0,1,1,1,2,Basic,6,6,0,,,Not Clustered,Not Clustered,https://www.leadershipnow.com/leadershop/images/9781119988083.jpg
BOOK01251,The Energy of Success,['Rebecca Ahmed'],LeadershipNow only,False,True,,2024,,,,,,,,,Hardcover,272.0,1,0,0,1,0,0,0,1,1,1,2,Basic,6,6,0,7,Broad Leadership and Success,Clustered,Broad Leadership and Success,https://www.leadershipnow.com/leadershop/images/97811394245475.jpg
BOOK01252,The Jeffersonians,['Kevin R. C. Gutzman'],LeadershipNow only,False,True,,2022,,,,,,,,,Hardcover,608.0,1,0,0,1,0,0,0,1,1,1,2,Basic,6,6,0,,,Not Clustered,Not Clustered,https://www.leadershipnow.com/leadershop/images/9781250135452.jpg
BOOK01253,"See, Solve, Scale",['Danny Warshay'],LeadershipNow only,False,True,,2022,,,,,,,,,Hardcover,320.0,1,0,0,1,0,0,0,1,1,1,2,Basic,5,5,0,11,Organizational Culture and Trust,Clustered,Organizational Culture and Trust,https://www.leadershipnow.com/leadershop/images/9781250272317.jpg
BOOK01254,Unlikely Heroes,['Derek Leebaert'],LeadershipNow only,False,True,,2023,,,,,,,,,Hardcover,496.0,1,0,0,1,0,0,0,1,1,1,2,Basic,4,4,0,28,CEO and Executive Transformation,Clustered,CEO and Executive Transformation,https://www.leadershipnow.com/leadershop/images/9781250274694.jpg
BOOK01255,Talent,['Tyler Cowen and Daniel Gross'],LeadershipNow only,False,True,,2022,,,,,,,,,Hardcover,336.0,1,0,0,1,0,0,0,1,1,1,2,Basic,6,6,0,28,CEO and Executive Transformation,Clustered,CEO and Executive Transformation,https://www.leadershipnow.com/leadershop/images/9781250275813.jpg
BOOK01256,The Fund,['Rob Copeland'],LeadershipNow only,False,True,,2023,,,,,,,,,Hardcover,352.0,1,0,0,1,0,0,0,1,1,1,2,Basic,4,4,0,,,Not Clustered,Not Clustered,https://www.leadershipnow.com/leadershop/images/9781250276933.jpg
BOOK01257,Intrinsic Motivation,['Stefan Falk'],LeadershipNow only,False,True,,2023,,,,,,,,,Hardcover,288.0,1,0,0,1,0,0,0,1,1,1,2,Basic,4,4,0,11,Organizational Culture and Trust,Clustered,Organizational Culture and Trust,https://www.leadershipnow.com/leadershop/images/9781250277695.jpg
BOOK01258,The Bezos Blueprint,['Carmine Gallo'],LeadershipNow only,False,True,,2022,,,,,,,,,Hardcover,272.0,1,0,0,1,0,0,0,1,1,1,2,Basic,5,5,0,,,Not Clustered,Not Clustered,https://www.leadershipnow.com/leadershop/images/9781250278333.jpg
BOOK01259,Endure,['Cameron Hanes / Foreword by Joe Rogan'],LeadershipNow only,False,True,,2022,,,,,,,,,Hardcover,336.0,1,0,0,1,0,0,0,1,1,1,2,Basic,8,8,0,,,Not Clustered,Not Clustered,https://www.leadershipnow.com/leadershop/images/9781250279293.jpg
BOOK01260,"When They Win, You Win",['Russ Laraway'],LeadershipNow only,False,True,,2022,,,,,,,,,Hardcover,304.0,1,0,0,1,0,0,0,1,1,1,2,Basic,7,7,0,7,Broad Leadership and Success,Clustered,Broad Leadership and Success,https://www.leadershipnow.com/leadershop/images/9781250279668.jpg
BOOK01261,The Unfair Advantage,['Ash Ali and Hasan Kubba'],LeadershipNow only,False,True,,2022,,,,,,,,,Hardcover,256.0,1,0,0,1,0,0,0,1,1,1,2,Basic,8,8,0,0,Entrepreneurial and Growth Mindset,Clustered,Entrepreneurial and Growth Mindset,https://www.leadershipnow.com/leadershop/images/9781250280527.jpg
BOOK01262,The Perennials,['Mauro F. Guillén'],LeadershipNow only,False,True,,2023,,,,,,,,,Hardcover,272.0,1,0,0,1,0,0,0,1,1,1,2,Basic,5,5,0,,,Not Clustered,Not Clustered,https://www.leadershipnow.com/leadershop/images/9781250281340.jpg
BOOK01263,The Art of Clear Thinking,['Hasard Lee'],LeadershipNow only,False,True,,2023,,,,,,,,,Hardcover,272.0,1,0,0,1,0,0,0,1,1,1,2,Basic,7,7,0,0,Entrepreneurial and Growth Mindset,Clustered,Entrepreneurial and Growth Mindset,https://www.leadershipnow.com/leadershop/images/9781250281449.jpg
BOOK01264,The Friction Project,['Robert I. Sutton and Huggy Rao'],LeadershipNow only,False,True,,2024,,,,,,,,,Hardcover,304.0,1,0,0,1,0,0,0,1,1,1,2,Basic,9,9,0,23,Project Management,Clustered,Project Management,https://www.leadershipnow.com/leadershop/images/9781250284419.jpg
BOOK01265,If You Want Something Done,['Nikki R. Haley'],LeadershipNow only,False,True,,2022,,,,,,,,,Hardcover,256.0,1,0,0,1,0,0,0,1,1,1,2,Basic,8,8,0,3,Future Thinking and Personal Development,Clustered,Future Thinking and Personal Development,https://www.leadershipnow.com/leadershop/images/9781250284976.jpg
BOOK01266,Hard Truths,['Michael Waltz'],LeadershipNow only,False,True,,2024,,,,,,,,,Hardcover,336.0,1,0,0,1,0,0,0,1,1,1,2,Basic,4,4,0,11,Organizational Culture and Trust,Clustered,Organizational Culture and Trust,https://www.leadershipnow.com/leadershop/images/9781250286185.jpg
BOOK01267,Your Big Leap Year,['Gay Hendricks PH.D.'],LeadershipNow only,False,True,,2024,,,,,,,,,Paperback,432.0,1,0,0,1,0,0,0,1,1,1,2,Basic,7,7,0,11,Organizational Culture and Trust,Clustered,Organizational Culture and Trust,https://www.leadershipnow.com/leadershop/images/9781250292797.jpg
BOOK01268,Nobody Cares About Your Career,['Erika Ayers Badan'],LeadershipNow only,False,True,,2024,,,,,,,,,Hardcover,336.0,1,0,0,1,0,0,0,1,1,1,2,Basic,8,8,0,11,Organizational Culture and Trust,Clustered,Organizational Culture and Trust,https://www.leadershipnow.com/leadershop/images/9781250320582.jpg
BOOK01269,Uncommon,['Mark Divine'],LeadershipNow only,False,True,,2024,,,,,,,,,Hardcover,288.0,1,0,0,1,0,0,0,1,1,1,2,Basic,3,3,0,7,Broad Leadership and Success,Clustered,Broad Leadership and Success,https://www.leadershipnow.com/leadershop/images/9781250331908.jpg
BOOK01270,Supremacy,['Parmy Olson'],LeadershipNow only,False,True,,2024,,,,,,,,,Hardcover,336.0,1,0,0,1,0,0,0,1,1,1,2,Basic,3,3,0,,,Not Clustered,Not Clustered,https://www.leadershipnow.com/leadershop/images/9781250337740.jpg
BOOK01271,The Difference That Makes the Difference,['Josh Davis and Greg Prosmushkin'],LeadershipNow only,False,True,,2025,,,,,,,,,Paperback,336.0,1,0,0,1,0,0,0,1,1,1,2,Basic,11,11,0,7,Broad Leadership and Success,Clustered,Broad Leadership and Success,https://www.leadershipnow.com/leadershop/images/9781250349088.jpg
BOOK01272,The Need to Lead,['Dave Berke / Foreword by Jocko Willink'],LeadershipNow only,False,True,,2025,,,,,,,,,Hardcover,288.0,1,0,0,1,0,0,0,1,1,1,2,Basic,11,11,0,26,Contemporary Leadership Practice,Clustered,Contemporary Leadership Practice,https://www.leadershipnow.com/leadershop/images/9781250361639.jpg
BOOK01273,Master of Me,['Keke Palmer'],LeadershipNow only,False,True,,2024,,,,,,,,,Hardcover,256.0,1,0,0,1,0,0,0,1,1,1,2,Basic,5,5,0,28,CEO and Executive Transformation,Clustered,CEO and Executive Transformation,https://www.leadershipnow.com/leadershop/images/9781250372512.jpg
BOOK01274,The History of Money,['David McWilliamswith a Forewod by Michael Lewis'],LeadershipNow only,False,True,,2025,,,,,,,,,Hardcover,416.0,1,0,0,1,0,0,0,1,1,1,2,Basic,11,11,0,7,Broad Leadership and Success,Clustered,Broad Leadership and Success,https://www.leadershipnow.com/leadershop/images/9781250408181.jpg
BOOK01275,Radical Respect,['Kim Scott'],LeadershipNow only,False,True,,2024,,,,,,,,,Paperback,384.0,1,0,0,1,0,0,0,1,1,1,2,Basic,4,4,0,28,CEO and Executive Transformation,Clustered,CEO and Executive Transformation,https://www.leadershipnow.com/leadershop/images/9781250623768.jpg
BOOK01276,The Four Workarounds,['Paulo Savaget'],LeadershipNow only,False,True,,2023,,,,,,,,,Hardcover,304.0,1,0,0,1,0,0,0,1,1,1,2,Basic,5,5,0,,,Not Clustered,Not Clustered,https://www.leadershipnow.com/leadershop/images/9781250789400.jpg
BOOK01277,Upshift,['Ben Ramalingam'],LeadershipNow only,False,True,,2023,,,,,,,,,Hardcover,320.0,1,0,0,1,0,0,0,1,1,1,2,Basic,3,3,0,,,Not Clustered,Not Clustered,https://www.leadershipnow.com/leadershop/images/9781250792952.jpg
BOOK01278,Over Work,['Brigid Schulte'],LeadershipNow only,False,True,,2024,,,,,,,,,Hardcover,732.0,1,0,0,1,0,0,0,1,1,1,2,Basic,4,4,0,15,Workplace and Generational Dynamics,Clustered,Workplace and Generational Dynamics,https://www.leadershipnow.com/leadershop/images/9781250801722.jpg
BOOK01279,Thinking 101,['Woo-kyoung Ahn'],LeadershipNow only,False,True,,2022,,,,,,,,,Hardcover,288.0,1,0,0,1,0,0,0,1,1,1,2,Basic,4,4,0,28,CEO and Executive Transformation,Clustered,CEO and Executive Transformation,https://www.leadershipnow.com/leadershop/images/9781250805959.jpg
BOOK01280,How Trust Works,['Peter H. Kim'],LeadershipNow only,False,True,,2023,,,,,,,,,Hardcover,256.0,1,0,0,1,0,0,0,1,1,1,2,Basic,6,6,0,11,Organizational Culture and Trust,Clustered,Organizational Culture and Trust,https://www.leadershipnow.com/leadershop/images/9781250838155.jpg
BOOK01281,STFU,['Dan Lyons'],LeadershipNow only,False,True,,2023,,,,,,,,,Hardcover,272.0,1,0,0,1,0,0,0,1,1,1,2,Basic,3,3,0,,,Not Clustered,Not Clustered,https://www.leadershipnow.com/leadershop/images/9781250850347.jpg
BOOK01282,Activate Your Greatness,['Alex Toussaint'],LeadershipNow only,False,True,,2023,,,,,,,,,Hardcover,256.0,1,0,0,1,0,0,0,1,1,1,2,Basic,5,5,0,7,Broad Leadership and Success,Clustered,Broad Leadership and Success,https://www.leadershipnow.com/leadershop/images/9781250852038.jpg
BOOK01283,Win Every Argument,['Mehdi Hasan'],LeadershipNow only,False,True,,2022,,,,,,,,,Hardcover,,1,0,0,1,0,0,0,1,1,0,2,Basic,5,5,0,7,Broad Leadership and Success,Clustered,Broad Leadership and Success,https://www.leadershipnow.com/leadershop/images/9781250853479.jpg
BOOK01284,Startup Program Design,['Paolo Lombardi and Adam Berk'],LeadershipNow only,False,True,,2022,,,,,,,,,Hardcover,448.0,1,0,0,1,0,0,0,1,1,1,2,Basic,8,8,0,0,Entrepreneurial and Growth Mindset,Clustered,Entrepreneurial and Growth Mindset,https://www.leadershipnow.com/leadershop/images/9781260463255.jpg
BOOK01285,We the Leader,['Jeffrey Spahn'],LeadershipNow only,False,True,,2022,,,,,,,,,Hardcover,320.0,1,0,0,1,0,0,0,1,1,1,2,Basic,5,5,0,5,Leader Identity and Practice,Clustered,Leader Identity and Practice,https://www.leadershipnow.com/leadershop/images/9781260474978.jpg
BOOK01286,Change Proof,['Adam Markel'],LeadershipNow only,False,True,,2022,,,,,,,,,Hardcover,272.0,1,0,0,1,0,0,0,1,1,1,2,Basic,4,4,0,9,Change Management,Clustered,Change Management,https://www.leadershipnow.com/leadershop/images/9781264258987.jpg
BOOK01287,Pitch Like Hollywood,['Peter Desberg and Jeffrey Davis'],LeadershipNow only,False,True,,2022,,,,,,,,,Hardcover,352.0,1,0,0,1,0,0,0,1,1,1,2,Basic,8,8,0,11,Organizational Culture and Trust,Clustered,Organizational Culture and Trust,https://www.leadershipnow.com/leadershop/images/9781264268566.jpg
BOOK01288,The Pursuit of Excellence,['Ryan Hawk'],LeadershipNow only,False,True,,2022,,,,,,,,,Hardcover,240.0,1,0,0,1,0,0,0,1,1,1,2,Basic,6,6,0,3,Future Thinking and Personal Development,Clustered,Future Thinking and Personal Development,https://www.leadershipnow.com/leadershop/images/9781264269099.jpg
BOOK01289,Bridge the Gap,['Jennifer Edwards and Katie McCleary'],LeadershipNow only,False,True,,2022,,,,,,,,,Hardcover,256.0,1,0,0,1,0,0,0,1,1,1,2,Basic,8,8,0,11,Organizational Culture and Trust,Clustered,Organizational Culture and Trust,https://www.leadershipnow.com/leadershop/images/9781264269112.jpg
BOOK01290,Flip the Switch,['Coach Micheal Burt'],LeadershipNow only,False,True,,2023,,,,,,,,,Hardcover,288.0,1,0,0,1,0,0,0,1,1,1,2,Basic,6,6,0,28,CEO and Executive Transformation,Clustered,CEO and Executive Transformation,https://www.leadershipnow.com/leadershop/images/9781264269228.jpg
BOOK01291,All Are Welcome,['Cynthia Owyoung'],LeadershipNow only,False,True,,2022,,,,,,,,,Hardcover,256.0,1,0,0,1,0,0,0,1,1,1,2,Basic,5,5,0,7,Broad Leadership and Success,Clustered,Broad Leadership and Success,https://www.leadershipnow.com/leadershop/images/9781264269785.jpg
BOOK01292,Connectable,['Ryan Jenkins and Steven Van Cohen'],LeadershipNow only,False,True,,2022,,,,,,,,,Hardcover,336.0,1,0,0,1,0,0,0,1,1,1,2,Basic,7,7,0,,,Not Clustered,Not Clustered,https://www.leadershipnow.com/leadershop/images/9781264277506.jpg
BOOK01293,Win When They Say You Won't,['Daphne Jones'],LeadershipNow only,False,True,,2022,,,,,,,,,Hardcover,320.0,1,0,0,1,0,0,0,1,1,1,2,Basic,8,8,0,7,Broad Leadership and Success,Clustered,Broad Leadership and Success,https://www.leadershipnow.com/leadershop/images/9781264277995.jpg
BOOK01294,"Better Humans, Better Performance","['Peter Rea, James Stoller, and Alan Kolp']",LeadershipNow only,False,True,,2022,,,,,,,,,Hardcover,320.0,1,0,0,1,0,0,0,1,1,1,2,Basic,11,11,0,14,Performance Management,Clustered,Performance Management,https://www.leadershipnow.com/leadershop/images/9781264278152.jpg
BOOK01295,Thriving on Overload,['Ross Dawson'],LeadershipNow only,False,True,,2022,,,,,,,,,Hardcover,256.0,1,0,0,1,0,0,0,1,1,1,2,Basic,5,5,0,7,Broad Leadership and Success,Clustered,Broad Leadership and Success,https://www.leadershipnow.com/leadershop/images/9781264285402.jpg
BOOK01296,Arrive and Thrive,"['Susan MacKenty Brady, Janet Foutty and Lynn Perry Wooten']",LeadershipNow only,False,True,,2022,,,,,,,,,Hardcover,240.0,1,0,0,1,0,0,0,1,1,1,2,Basic,12,12,0,28,CEO and Executive Transformation,Clustered,CEO and Executive Transformation,https://www.leadershipnow.com/leadershop/images/9781264286355.jpg
BOOK01297,Coaching Essentials for Managers,['Sara Canaday'],LeadershipNow only,False,True,,2022,,,,,,,,,Paperback,256.0,1,0,0,1,0,0,0,1,1,1,2,Basic,6,6,0,28,CEO and Executive Transformation,Clustered,CEO and Executive Transformation,https://www.leadershipnow.com/leadershop/images/9781264573585.jpg
BOOK01298,Decision Sprint,['Atif Rafiq'],LeadershipNow only,False,True,,2023,,,,,,,,,Hardcover,304.0,1,0,0,1,0,0,0,1,1,1,2,Basic,4,4,0,4,Decision Making,Clustered,Decision Making,https://www.leadershipnow.com/leadershop/images/9781264609598.jpg
BOOK01299,The Bold Ones,['Shawn Kanungo'],LeadershipNow only,False,True,,2022,,,,,,,,,Hardcover,224.0,1,0,0,1,0,0,0,1,1,1,2,Basic,5,5,0,7,Broad Leadership and Success,Clustered,Broad Leadership and Success,https://www.leadershipnow.com/leadershop/images/9781264669158.jpg
BOOK01300,3 Hours a Day,['Knolly Williams'],LeadershipNow only,False,True,,2023,,,,,,,,,Hardcover,208.0,1,0,0,1,0,0,0,1,1,1,2,Basic,6,6,0,11,Organizational Culture and Trust,Clustered,Organizational Culture and Trust,https://www.leadershipnow.com/leadershop/images/9781265086947.jpg
BOOK01301,Brave Together,['Chris Deaver and Ian Clawson'],LeadershipNow only,False,True,,2023,,,,,,,,,Hardcover,320.0,1,0,0,1,0,0,0,1,1,1,2,Basic,7,7,0,,,Not Clustered,Not Clustered,https://www.leadershipnow.com/leadershop/images/9781265386672.jpg
BOOK01302,Lead Through Anything,['Dustin Seale and Ed Manfre'],LeadershipNow only,False,True,,2023,,,,,,,,,Hardcover,256.0,1,0,0,1,0,0,0,1,1,1,2,Basic,8,8,0,26,Contemporary Leadership Practice,Clustered,Contemporary Leadership Practice,https://www.leadershipnow.com/leadershop/images/9781265506391.jpg
BOOK01303,The Spinach King,['John Seabrook'],LeadershipNow only,False,True,,2025,,,,,,,,,Hardcover,368.0,1,0,0,1,0,0,0,1,1,1,2,Basic,5,5,0,7,Broad Leadership and Success,Clustered,Broad Leadership and Success,https://www.leadershipnow.com/leadershop/images/9781324003526.jpg
BOOK01304,Peacemaker,['Thant Myint-U'],LeadershipNow only,False,True,,2025,,,,,,,,,Hardcover,384.0,1,0,0,1,0,0,0,1,1,1,2,Basic,3,3,0,28,CEO and Executive Transformation,Clustered,CEO and Executive Transformation,https://www.leadershipnow.com/leadershop/images/9781324051978.jpg
BOOK01305,Going Infinite,['Michael Lewis'],LeadershipNow only,False,True,,2023,,,,,,,,,Hardcover,288.0,1,0,0,1,0,0,0,1,1,1,2,Basic,4,4,0,11,Organizational Culture and Trust,Clustered,Organizational Culture and Trust,https://www.leadershipnow.com/leadershop/images/9781324074335.jpg
BOOK01306,The Optimist,['Keach Hagey'],LeadershipNow only,False,True,,2025,,,,,,,,,Hardcover,384.0,1,0,0,1,0,0,0,1,1,1,2,Basic,4,4,0,,,Not Clustered,Not Clustered,https://www.leadershipnow.com/leadershop/images/9781324075967.jpg
BOOK01307,The Mind's Mirror,['Daniela Rus and Gregory Mone'],LeadershipNow only,False,True,,2024,,,,,,,,,Hardcover,288.0,1,0,0,1,0,0,0,1,1,1,2,Basic,8,8,0,,,Not Clustered,Not Clustered,https://www.leadershipnow.com/leadershop/images/9781324079323.jpg
BOOK01308,The Nvidia Way,['Tae Kim'],LeadershipNow only,False,True,,2024,,,,,,,,,Hardcover,272.0,1,0,0,1,0,0,0,1,1,1,2,Basic,5,5,0,11,Organizational Culture and Trust,Clustered,Organizational Culture and Trust,https://www.leadershipnow.com/leadershop/images/9781324086710.jpg
BOOK01309,The Metaverse,['Matthew Ball'],LeadershipNow only,False,True,,2022,,,,,,,,,Hardcover,384.0,1,0,0,1,0,0,0,1,1,1,2,Basic,4,4,0,28,CEO and Executive Transformation,Clustered,CEO and Executive Transformation,https://www.leadershipnow.com/leadershop/images/9781324092032.jpg
BOOK01310,The Art of Uncertainty,['David Spiegelhalter'],LeadershipNow only,False,True,,2025,,,,,,,,,Hardcover,336.0,1,0,0,1,0,0,0,1,1,1,2,Basic,6,6,0,0,Entrepreneurial and Growth Mindset,Clustered,Entrepreneurial and Growth Mindset,https://www.leadershipnow.com/leadershop/images/9781324106111.jpg
BOOK01311,The Busy Brain Cure,['Romie Mushtaq'],LeadershipNow only,False,True,,2024,,,,,,,,,Hardcover,384.0,1,0,0,1,0,0,0,1,1,1,2,Basic,6,6,0,11,Organizational Culture and Trust,Clustered,Organizational Culture and Trust,https://www.leadershipnow.com/leadershop/images/9781335007117.jpg
BOOK01312,Winston and the Windsors,['Andrew Morton'],LeadershipNow only,False,True,,2025,,,,,,,,,Hardcover,448.0,1,0,0,1,0,0,0,1,1,1,2,Basic,6,6,0,,,Not Clustered,Not Clustered,https://www.leadershipnow.com/leadershop/images/9781335250995.jpg
BOOK01313,Dream Chasing,['Bob Weis / Bob Iger (Foreword)'],LeadershipNow only,False,True,,2024,,,,,,,,,Hardcover,448.0,1,0,0,1,0,0,0,1,1,1,2,Basic,8,8,0,7,Broad Leadership and Success,Clustered,Broad Leadership and Success,https://www.leadershipnow.com/leadershop/images/9781368101035.jpg
BOOK01314,The Communication Code,['Jeremie Kubicek and Steve Cockram'],LeadershipNow only,False,True,,2023,,,,,,,,,Hardcover,224.0,1,0,0,1,0,0,0,1,1,1,2,Basic,8,8,0,6,Communication,Clustered,Communication,https://www.leadershipnow.com/leadershop/images/9781394150533.jpg
BOOK01315,Flying in the Face of Fear,['Kim Campbell'],LeadershipNow only,False,True,,2023,,,,,,,,,Hardcover,240.0,1,0,0,1,0,0,0,1,1,1,2,Basic,8,8,0,0,Entrepreneurial and Growth Mindset,Clustered,Entrepreneurial and Growth Mindset,https://www.leadershipnow.com/leadershop/images/9781394152353.jpg
BOOK01316,The Unlocked Leader,['Hortense le Gentil'],LeadershipNow only,False,True,,2023,,,,,,,,,Hardcover,256.0,1,0,0,1,0,0,0,1,1,1,2,Basic,6,6,0,5,Leader Identity and Practice,Clustered,Leader Identity and Practice,https://www.leadershipnow.com/leadershop/images/9781394152933.jpg
BOOK01317,Break the Rules!,['John Mullins'],LeadershipNow only,False,True,,2023,,,,,,,,,Hardcover,240.0,1,0,0,1,0,0,0,1,1,1,2,Basic,5,5,0,28,CEO and Executive Transformation,Clustered,CEO and Executive Transformation,https://www.leadershipnow.com/leadershop/images/9781394153015.jpg
BOOK01318,Rebooting Your Brain,['David Naylor'],LeadershipNow only,False,True,,2023,,,,,,,,,Hardcover,272.0,1,0,0,1,0,0,0,1,1,1,2,Basic,5,5,0,11,Organizational Culture and Trust,Clustered,Organizational Culture and Trust,https://www.leadershipnow.com/leadershop/images/9781394157853.jpg
BOOK01319,Built to Beat Chaos,['Gary Harpst'],LeadershipNow only,False,True,,2023,,,,,,,,,Hardcover,242.0,1,0,0,1,0,0,0,1,1,1,2,Basic,6,6,0,28,CEO and Executive Transformation,Clustered,CEO and Executive Transformation,https://www.leadershipnow.com/leadershop/images/9781394158409.jpg
BOOK01320,Speak with Confidence,['Mike Acker'],LeadershipNow only,False,True,,2022,,,,,,,,,Hardcover,256.0,1,0,0,1,0,0,0,1,1,1,2,Basic,5,5,0,28,CEO and Executive Transformation,Clustered,CEO and Executive Transformation,https://www.leadershipnow.com/leadershop/images/9781394159741.jpg
BOOK01321,Quick Confidence,['Selena Rezvani'],LeadershipNow only,False,True,,2023,,,,,,,,,Hardcover,256.0,1,0,0,1,0,0,0,1,1,1,2,Basic,4,4,0,28,CEO and Executive Transformation,Clustered,CEO and Executive Transformation,https://www.leadershipnow.com/leadershop/images/9781394160945.jpg
BOOK01322,Getting Over Ourselves,['Christina Congleton'],LeadershipNow only,False,True,,2023,,,,,,,,,Hardcover,272.0,1,0,0,1,0,0,0,1,1,1,2,Basic,5,5,0,28,CEO and Executive Transformation,Clustered,CEO and Executive Transformation,https://www.leadershipnow.com/leadershop/images/9781394169856.jpg
BOOK01323,The Seven Crucibles,['Alec Ingold'],LeadershipNow only,False,True,,2023,,,,,,,,,Hardcover,128.0,1,0,0,1,0,0,0,1,1,1,2,Basic,5,5,0,11,Organizational Culture and Trust,Clustered,Organizational Culture and Trust,https://www.leadershipnow.com/leadershop/images/9781394171385.jpg
BOOK01324,The End of Leadership as We Know It,['Steve Garcia and Dan Fisher'],LeadershipNow only,False,True,,2023,,,,,,,,,Hardcover,256.0,1,0,0,1,0,0,0,1,1,1,2,Basic,13,13,0,25,Transformational Leadership,Clustered,Transformational Leadership,https://www.leadershipnow.com/leadershop/images/9781394171736.jpg
BOOK01325,Boundless,['Vala Afshar and Henry King'],LeadershipNow only,False,True,,2023,,,,,,,,,Hardcover,272.0,1,0,0,1,0,0,0,1,1,1,2,Basic,6,6,0,,,Not Clustered,Not Clustered,https://www.leadershipnow.com/leadershop/images/9781394171798.jpg
BOOK01326,Leadership Revolution,['Lori Mazan'],LeadershipNow only,False,True,,2023,,,,,,,,,Hardcover,272.0,1,0,0,1,0,0,0,1,1,1,2,Basic,4,4,0,25,Transformational Leadership,Clustered,Transformational Leadership,https://www.leadershipnow.com/leadershop/images/9781394171828.jpg
BOOK01327,The Manager's Handbook,['David Dodson'],LeadershipNow only,False,True,,2023,,,,,,,,,Hardcover,288.0,1,0,0,1,0,0,0,1,1,1,2,Basic,5,5,0,11,Organizational Culture and Trust,Clustered,Organizational Culture and Trust,https://www.leadershipnow.com/leadershop/images/9781394174072.jpg
BOOK01328,Reimagine Inclusion,['Mita Mallick'],LeadershipNow only,False,True,,2023,,,,,,,,,Hardcover,272.0,1,0,0,1,0,0,0,1,1,1,2,Basic,4,4,0,28,CEO and Executive Transformation,Clustered,CEO and Executive Transformation,https://www.leadershipnow.com/leadershop/images/9781394177097.jpg
BOOK01329,Work Different,"['Kate Bravery, Ilya Bonic and Kai Anderson']",LeadershipNow only,False,True,,2023,,,,,,,,,Hardcover,288.0,1,0,0,1,0,0,0,1,1,1,2,Basic,9,9,0,15,Workplace and Generational Dynamics,Clustered,Workplace and Generational Dynamics,https://www.leadershipnow.com/leadershop/images/9781394181292.jpg
BOOK01330,The Reinvention Formula,['Craig Siegel'],LeadershipNow only,False,True,,2023,,,,,,,,,Hardcover,224.0,1,0,0,1,0,0,0,1,1,1,2,Basic,5,5,0,28,CEO and Executive Transformation,Clustered,CEO and Executive Transformation,https://www.leadershipnow.com/leadershop/images/9781394182107.jpg
BOOK01331,The House that Cheese Built,['Miguel A. Leal'],LeadershipNow only,False,True,,2023,,,,,,,,,Hardcover,272.0,1,0,0,1,0,0,0,1,1,1,2,Basic,8,8,0,28,CEO and Executive Transformation,Clustered,CEO and Executive Transformation,https://www.leadershipnow.com/leadershop/images/9781394184026.jpg
BOOK01332,Secrets of Next-Level Entrepreneurs,['Alex Brueckmann'],LeadershipNow only,False,True,,2023,,,,,,,,,Hardcover,256.0,1,0,0,1,0,0,0,1,1,1,2,Basic,6,6,0,0,Entrepreneurial and Growth Mindset,Clustered,Entrepreneurial and Growth Mindset,https://www.leadershipnow.com/leadershop/images/9781394185382.jpg
BOOK01333,Difficult Conversations Don't Have to Be Difficult,['Jon Gordon and Amy P. Kelly'],LeadershipNow only,False,True,,2024,,,,,,,,,Hardcover,112.0,1,0,0,1,0,0,0,1,1,1,2,Basic,13,13,0,28,CEO and Executive Transformation,Clustered,CEO and Executive Transformation,https://www.leadershipnow.com/leadershop/images/9781394187171.jpg
BOOK01334,The Upside of Disruption,['Terence Mauri'],LeadershipNow only,False,True,,2024,,,,,,,,,Hardcover,240.0,1,0,0,1,0,0,0,1,1,1,2,Basic,6,6,0,11,Organizational Culture and Trust,Clustered,Organizational Culture and Trust,https://www.leadershipnow.com/leadershop/images/9781394192601.jpg
BOOK01335,The Power of Going All-In,['Brandon Bornancin'],LeadershipNow only,False,True,,2024,,,,,,,,,Hardcover,320.0,1,0,0,1,0,0,0,1,1,1,2,Basic,7,7,0,22,Power and Influence,Clustered,Power and Influence,https://www.leadershipnow.com/leadershop/images/9781394196180.jpg
BOOK01336,From Conflict to Convergence,['Robert Fersh and Mariah Levison'],LeadershipNow only,False,True,,2024,,,,,,,,,Hardcover,256.0,1,0,0,1,0,0,0,1,1,1,2,Basic,9,9,0,11,Organizational Culture and Trust,Clustered,Organizational Culture and Trust,https://www.leadershipnow.com/leadershop/images/9781394198566.jpg
BOOK01337,Mindshift,['Brian Solis'],LeadershipNow only,False,True,,2024,,,,,,,,,Hardcover,304.0,1,0,0,1,0,0,0,1,1,1,2,Basic,3,3,0,,,Not Clustered,Not Clustered,https://www.leadershipnow.com/leadershop/images/9781394198597.jpg
BOOK01338,Rewired,"['Eric Lamarre, Kate Smaje and Rodney Zemmel']",LeadershipNow only,False,True,,2023,,,,,,,,,Hardcover,400.0,1,0,0,1,0,0,0,1,1,1,2,Basic,8,8,0,,,Not Clustered,Not Clustered,https://www.leadershipnow.com/leadershop/images/9781394207114.jpg
BOOK01339,Toolkit for Turbulence,['Graham Winter and Martin Bean'],LeadershipNow only,False,True,,2023,,,,,,,,,Hardcover,352.0,1,0,0,1,0,0,0,1,1,1,2,Basic,8,8,0,,,Not Clustered,Not Clustered,https://www.leadershipnow.com/leadershop/images/9781394208654.jpg
BOOK01340,Heal to Lead,['Kelly L. Campbell'],LeadershipNow only,False,True,,2024,,,,,,,,,Hardcover,256.0,1,0,0,1,0,0,0,1,1,1,2,Basic,6,6,0,26,Contemporary Leadership Practice,Clustered,Contemporary Leadership Practice,https://www.leadershipnow.com/leadershop/images/9781394213153.jpg
BOOK01341,Career Confidence,['Robynn Storey'],LeadershipNow only,False,True,,2024,,,,,,,,,Hardcover,224.0,1,0,0,1,0,0,0,1,1,1,2,Basic,4,4,0,28,CEO and Executive Transformation,Clustered,CEO and Executive Transformation,https://www.leadershipnow.com/leadershop/images/9781394219988.jpg
BOOK01342,Productive Failure,['Manu Kapur'],LeadershipNow only,False,True,,2024,,,,,,,,,Hardcover,256.0,1,0,0,1,0,0,0,1,1,1,2,Basic,4,4,0,11,Organizational Culture and Trust,Clustered,Organizational Culture and Trust,https://www.leadershipnow.com/leadershop/images/9781394219995.jpg
BOOK01343,Digital Mavericks,['Debbie Soon'],LeadershipNow only,False,True,,2025,,,,,,,,,Hardcover,256.0,1,0,0,1,0,0,0,1,1,1,2,Basic,4,4,0,7,Broad Leadership and Success,Clustered,Broad Leadership and Success,https://www.leadershipnow.com/leadershop/images/9781394220892.jpg
BOOK01344,UnLeadership,['Scott Stratten and Alison Stratten'],LeadershipNow only,False,True,,2024,,,,,,,,,Hardcover,304.0,1,0,0,1,0,0,0,1,1,1,2,Basic,6,6,0,,,Not Clustered,Not Clustered,https://www.leadershipnow.com/leadershop/images/9781394223381.jpg
BOOK01345,The Power of Ownership,['Justin Roethlingshoefer'],LeadershipNow only,False,True,,2024,,,,,,,,,Paperback,240.0,1,0,0,1,0,0,0,1,1,1,2,Basic,6,6,0,22,Power and Influence,Clustered,Power and Influence,https://www.leadershipnow.com/leadershop/images/9781394230020.jpg
BOOK01346,The Art of Encouragement,['Jordan Montgomery / Foreword by John C. Maxwell'],LeadershipNow only,False,True,,2024,,,,,,,,,Paperback,176.0,1,0,0,1,0,0,0,1,1,1,2,Basic,12,12,0,0,Entrepreneurial and Growth Mindset,Clustered,Entrepreneurial and Growth Mindset,https://www.leadershipnow.com/leadershop/images/9781394234479.jpg
BOOK01347,Leading Yourself,['Elizabeth Lotardo'],LeadershipNow only,False,True,,2024,,,,,,,,,Hardcover,240.0,1,0,0,1,0,0,0,1,1,1,2,Basic,4,4,0,16,Leading Self and Others,Clustered,Leading Self and Others,https://www.leadershipnow.com/leadershop/images/9781394238705.jpg
BOOK01348,Ice Cold Leader,['Errol Doebler'],LeadershipNow only,False,True,,2023,,,,,,,,,Hardcover,304.0,1,0,0,1,0,0,0,1,1,1,2,Basic,5,5,0,5,Leader Identity and Practice,Clustered,Leader Identity and Practice,https://www.leadershipnow.com/leadershop/images/9781394239276.jpg
BOOK01349,Mentorship Unlocked,['Janice Omadeke'],LeadershipNow only,False,True,,2024,,,,,,,,,Hardcover,240.0,1,0,0,1,0,0,0,1,1,1,2,Basic,4,4,0,28,CEO and Executive Transformation,Clustered,CEO and Executive Transformation,https://www.leadershipnow.com/leadershop/images/9781394243228.jpg
BOOK01350,The New CEO,['Ty Wiggins'],LeadershipNow only,False,True,,2024,,,,,,,,,Hardcover,272.0,1,0,0,1,0,0,0,1,1,1,2,Basic,5,5,0,28,CEO and Executive Transformation,Clustered,CEO and Executive Transformation,https://www.leadershipnow.com/leadershop/images/9781394244348.jpg
BOOK01351,Think Remarkable,['Guy Kawasaki with Madisun Nuismer'],LeadershipNow only,False,True,,2024,,,,,,,,,Hardcover,224.0,1,0,0,1,0,0,0,1,1,1,2,Basic,7,7,0,3,Future Thinking and Personal Development,Clustered,Future Thinking and Personal Development,https://www.leadershipnow.com/leadershop/images/9781394245222.jpg
BOOK01352,The Art of Changing Course,['Chris Ruden'],LeadershipNow only,False,True,,2024,,,,,,,,,Hardcover,240.0,1,0,0,1,0,0,0,1,1,1,2,Basic,7,7,0,0,Entrepreneurial and Growth Mindset,Clustered,Entrepreneurial and Growth Mindset,https://www.leadershipnow.com/leadershop/images/9781394247660.jpg
BOOK01353,Microwins,['Daron K. Roberts'],LeadershipNow only,False,True,,2024,,,,,,,,,Hardcover,224.0,1,0,0,1,0,0,0,1,1,1,2,Basic,4,4,0,,,Not Clustered,Not Clustered,https://www.leadershipnow.com/leadershop/images/9781394248162.jpg
BOOK01354,The Elements of Negotiation,['Keld Jensen'],LeadershipNow only,False,True,,2024,,,,,,,,,Hardcover,336.0,1,0,0,1,0,0,0,1,1,1,2,Basic,6,6,0,11,Organizational Culture and Trust,Clustered,Organizational Culture and Trust,https://www.leadershipnow.com/leadershop/images/9781394248285.jpg
BOOK01355,Five Generations at Work,['Rebecca Robins and Patrick Dunne'],LeadershipNow only,False,True,,2024,,,,,,,,,Hardcover,272.0,1,0,0,1,0,0,0,1,1,1,2,Basic,9,9,0,15,Workplace and Generational Dynamics,Clustered,Workplace and Generational Dynamics,https://www.leadershipnow.com/leadershop/images/9781394252206.jpg
BOOK01356,How to Create Innovation,"['Stefan F. Dieffenbacher, Caroline Hüttinger, Suzanne M. Zaninelli, Douglas Lines and Andreas Rein']",LeadershipNow only,False,True,,2024,,,,,,,,,Paperback,464.0,1,0,0,1,0,0,0,1,1,1,2,Basic,17,17,0,21,Innovation Management,Clustered,Innovation Management,https://www.leadershipnow.com/leadershop/images/9781394254262.jpg
BOOK01357,The Super Upside Factor,['Daniel Kang'],LeadershipNow only,False,True,,2025,,,,,,,,,Paperback,240.0,1,0,0,1,0,0,0,1,1,1,2,Basic,6,6,0,28,CEO and Executive Transformation,Clustered,CEO and Executive Transformation,https://www.leadershipnow.com/leadershop/images/9781394254910.jpg
BOOK01358,IRREPLACEABLE,['Pascal Bornet'],LeadershipNow only,False,True,,2024,,,,,,,,,Hardcover,304.0,1,0,0,1,0,0,0,1,1,1,2,Basic,3,3,0,28,CEO and Executive Transformation,Clustered,CEO and Executive Transformation,https://www.leadershipnow.com/leadershop/images/9781394264407.jpg
BOOK01359,Unlock Your Leadership Story,['Pat Wadors'],LeadershipNow only,False,True,,2024,,,,,,,,,Hardcover,224.0,1,0,0,1,0,0,0,1,1,1,2,Basic,6,6,0,25,Transformational Leadership,Clustered,Transformational Leadership,https://www.leadershipnow.com/leadershop/images/9781394264469.jpg
BOOK01360,Analytics the Right Way,['Tim Wilson and Joe Sutherland'],LeadershipNow only,False,True,,2025,,,,,,,,,Paperback,256.0,1,0,0,1,0,0,0,1,1,1,2,Basic,9,9,0,7,Broad Leadership and Success,Clustered,Broad Leadership and Success,https://www.leadershipnow.com/leadershop/images/9781394264490.jpg
BOOK01361,What Lights You Up?,['Mary Olson-Menzel'],LeadershipNow only,False,True,,2024,,,,,,,,,Hardcover,224.0,1,0,0,1,0,0,0,1,1,1,2,Basic,6,6,0,7,Broad Leadership and Success,Clustered,Broad Leadership and Success,https://www.leadershipnow.com/leadershop/images/9781394267026.jpg
BOOK01362,The Mentorship Edge,['Deborah Heiser'],LeadershipNow only,False,True,,2024,,,,,,,,,Hardcover,240.0,1,0,0,1,0,0,0,1,1,1,2,Basic,5,5,0,28,CEO and Executive Transformation,Clustered,CEO and Executive Transformation,https://www.leadershipnow.com/leadershop/images/9781394267118.jpg
BOOK01363,Your Values-Based Legacy,['Harry M. Jansen Kraemer Jr.'],LeadershipNow only,False,True,,2024,,,,,,,,,Hardcover,256.0,1,0,0,1,0,0,0,1,1,1,2,Basic,8,8,0,28,CEO and Executive Transformation,Clustered,CEO and Executive Transformation,https://www.leadershipnow.com/leadershop/images/9781394271320.jpg
BOOK01364,The Ethical Imperative,['Andrew Cooper'],LeadershipNow only,False,True,,2024,,,,,,,,,Hardcover,256.0,1,0,0,1,0,0,0,1,1,1,2,Basic,5,5,0,28,CEO and Executive Transformation,Clustered,CEO and Executive Transformation,https://www.leadershipnow.com/leadershop/images/9781394274833.jpg
BOOK01365,Essential,['Christie Smith and Kelly Monahan'],LeadershipNow only,False,True,,2025,,,,,,,,,Hardcover,240.0,1,0,0,1,0,0,0,1,1,1,2,Basic,6,6,0,7,Broad Leadership and Success,Clustered,Broad Leadership and Success,https://www.leadershipnow.com/leadershop/images/9781394276585.jpg
BOOK01366,SHIFTS,['Sam Adeyemi'],LeadershipNow only,False,True,,2025,,,,,,,,,Hardcover,256.0,1,0,0,1,0,0,0,1,1,1,2,Basic,3,3,0,3,Future Thinking and Personal Development,Clustered,Future Thinking and Personal Development,https://www.leadershipnow.com/leadershop/images/9781394277728.jpg
BOOK01367,Still Standing,['Cherry Rose Tan'],LeadershipNow only,False,True,,2024,,,,,,,,,Hardcover,272.0,1,0,0,1,0,0,0,1,1,1,2,Basic,5,5,0,,,Not Clustered,Not Clustered,https://www.leadershipnow.com/leadershop/images/9781394279029.jpg
BOOK01368,Unforgettable Presence,['Lorraine K Lee'],LeadershipNow only,False,True,,2025,,,,,,,,,Hardcover,256.0,1,0,0,1,0,0,0,1,1,1,2,Basic,5,5,0,11,Organizational Culture and Trust,Clustered,Organizational Culture and Trust,https://www.leadershipnow.com/leadershop/images/9781394281725.jpg
BOOK01369,Endless Customers,['Marcus Sheridan'],LeadershipNow only,False,True,,2025,,,,,,,,,Hardcover,288.0,1,0,0,1,0,0,0,1,1,1,2,Basic,4,4,0,7,Broad Leadership and Success,Clustered,Broad Leadership and Success,https://www.leadershipnow.com/leadershop/images/9781394282784.jpg
BOOK01370,The Art of Self-Leadership,['Heather Younger'],LeadershipNow only,False,True,,2025,,,,,,,,,Hardcover,272.0,1,0,0,1,0,0,0,1,1,1,2,Basic,6,6,0,0,Entrepreneurial and Growth Mindset,Clustered,Entrepreneurial and Growth Mindset,https://www.leadershipnow.com/leadershop/images/9781394283378.jpg
BOOK01371,The Pause Principle,['Cynthia Kane'],LeadershipNow only,False,True,,2025,,,,,,,,,Hardcover,240.0,1,0,0,1,0,0,0,1,1,1,2,Basic,5,5,0,28,CEO and Executive Transformation,Clustered,CEO and Executive Transformation,https://www.leadershipnow.com/leadershop/images/9781394283408.jpg
BOOK01372,Connectedness,['Des Dearlove and Lisa Humphries'],LeadershipNow only,False,True,,2024,,,,,,,,,Hardcover,352.0,1,0,0,1,0,0,0,1,1,1,2,Basic,6,6,0,,,Not Clustered,Not Clustered,https://www.leadershipnow.com/leadershop/images/9781394285778.jpg
BOOK01373,The Viking Code,['Anders Indset'],LeadershipNow only,False,True,,2024,,,,,,,,,Hardcover,256.0,1,0,0,1,0,0,0,1,1,1,2,Basic,5,5,0,7,Broad Leadership and Success,Clustered,Broad Leadership and Success,https://www.leadershipnow.com/leadershop/images/9781394288762.jpg
BOOK01374,Leading Relationships,['Steve McClatchy'],LeadershipNow only,False,True,,2025,,,,,,,,,Hardcover,256.0,1,0,0,1,0,0,0,1,1,1,2,Basic,4,4,0,16,Leading Self and Others,Clustered,Leading Self and Others,https://www.leadershipnow.com/leadershop/images/9781394289387.jpg
BOOK01375,Leading for Wellness,['Patricia Grabarek and Katina Sawyer'],LeadershipNow only,False,True,,2025,,,,,,,,,Hardcover,288.0,1,0,0,1,0,0,0,1,1,1,2,Basic,8,8,0,16,Leading Self and Others,Clustered,Leading Self and Others,https://www.leadershipnow.com/leadershop/images/9781394292011.jpg
BOOK01376,The Archetype Effect,['James Root'],LeadershipNow only,False,True,,2025,,,,,,,,,Hardcover,224.0,1,0,0,1,0,0,0,1,1,1,2,Basic,5,5,0,28,CEO and Executive Transformation,Clustered,CEO and Executive Transformation,https://www.leadershipnow.com/leadershop/images/9781394295210.jpg
BOOK01377,What Matters Next,"[""Kate O'Neill""]",LeadershipNow only,False,True,,2025,,,,,,,,,Hardcover,272.0,1,0,0,1,0,0,0,1,1,1,2,Basic,5,5,0,11,Organizational Culture and Trust,Clustered,Organizational Culture and Trust,https://www.leadershipnow.com/leadershop/images/9781394296422.jpg
BOOK01378,Hone,['Geoff Tuff and Steven Goldbach'],LeadershipNow only,False,True,,2025,,,,,,,,,Hardcover,256.0,1,0,0,1,0,0,0,1,1,1,2,Basic,6,6,0,28,CEO and Executive Transformation,Clustered,CEO and Executive Transformation,https://www.leadershipnow.com/leadershop/images/9781394304530.jpg
BOOK01379,Generation AI,['Matt Britton'],LeadershipNow only,False,True,,2025,,,,,,,,,Hardcover,256.0,1,0,0,1,0,0,0,1,1,1,2,Basic,4,4,0,26,Contemporary Leadership Practice,Clustered,Contemporary Leadership Practice,https://www.leadershipnow.com/leadershop/images/9781394308859.jpg
BOOK01380,The Insight-Driven Leader,['Jenny Dearborn and Kelly Rider'],LeadershipNow only,False,True,,2025,,,,,,,,,Hardcover,304.0,1,0,0,1,0,0,0,1,1,1,2,Basic,8,8,0,5,Leader Identity and Practice,Clustered,Leader Identity and Practice,https://www.leadershipnow.com/leadershop/images/9781394308880.jpg
BOOK01381,The ROI of Thought Leadership,['Cindy Anderson and Anthony Marshall'],LeadershipNow only,False,True,,2025,,,,,,,,,Hardcover,240.0,1,0,0,1,0,0,0,1,1,1,2,Basic,10,10,0,25,Transformational Leadership,Clustered,Transformational Leadership,https://www.leadershipnow.com/leadershop/images/9781394308910.jpg
BOOK01382,Monster Transformation,"['Ari Lightman, Rafeh Masood and Gary Hirsch']",LeadershipNow only,False,True,,2025,,,,,,,,,Hardcover,252.0,1,0,0,1,0,0,0,1,1,1,2,Basic,9,9,0,28,CEO and Executive Transformation,Clustered,CEO and Executive Transformation,https://www.leadershipnow.com/leadershop/images/9781394313709.jpg
BOOK01383,The Devil Emails at Midnight,['Mita Mallick'],LeadershipNow only,False,True,,2025,,,,,,,,,Hardcover,240.0,1,0,0,1,0,0,0,1,1,1,2,Basic,7,7,0,11,Organizational Culture and Trust,Clustered,Organizational Culture and Trust,https://www.leadershipnow.com/leadershop/images/9781394316489.jpg
BOOK01384,Master Your Mindset,['Michael Pilarczyk'],LeadershipNow only,False,True,,2025,,,,,,,,,Hardcover,256.0,1,0,0,1,0,0,0,1,1,1,2,Basic,5,5,0,0,Entrepreneurial and Growth Mindset,Clustered,Entrepreneurial and Growth Mindset,https://www.leadershipnow.com/leadershop/images/9781394320127.jpg
BOOK01385,The CEO's Guide to the Investment Galaxy,['Sarah Keohane Williamson'],LeadershipNow only,False,True,,2025,,,,,,,,,Hardcover,288.0,1,0,0,1,0,0,0,1,1,1,2,Basic,10,10,0,28,CEO and Executive Transformation,Clustered,CEO and Executive Transformation,https://www.leadershipnow.com/leadershop/images/9781394326730.jpg
BOOK01386,From Panic to Profit,['Bill Canady'],LeadershipNow only,False,True,,2025,,,,,,,,,Hardcover,256.0,1,0,0,1,0,0,0,1,1,1,2,Basic,6,6,0,11,Organizational Culture and Trust,Clustered,Organizational Culture and Trust,https://www.leadershipnow.com/leadershop/images/9781394331581.jpg
BOOK01387,It's Not Magic,['John Amaechi'],LeadershipNow only,False,True,,2025,,,,,,,,,Hardcover,288.0,1,0,0,1,0,0,0,1,1,1,2,Basic,5,5,0,7,Broad Leadership and Success,Clustered,Broad Leadership and Success,https://www.leadershipnow.com/leadershop/images/9781394338276.jpg
BOOK01388,Quick Leadership,['Selena Rezvani'],LeadershipNow only,False,True,,2025,,,,,,,,,Hardcover,256.0,1,0,0,1,0,0,0,1,1,1,2,Basic,4,4,0,25,Transformational Leadership,Clustered,Transformational Leadership,https://www.leadershipnow.com/leadershop/images/9781394339792.jpg
BOOK01389,Respect,['Robert Dilenschneider'],LeadershipNow only,False,True,,2025,,,,,,,,,Hardcover,192.0,1,0,0,1,0,0,0,1,1,1,2,Basic,3,3,0,28,CEO and Executive Transformation,Clustered,CEO and Executive Transformation,https://www.leadershipnow.com/leadershop/images/9781394340965.jpg
BOOK01390,Flow Leadership,['Gaelle Devins'],LeadershipNow only,False,True,,2025,,,,,,,,,Hardcover,384.0,1,0,0,1,0,0,0,1,1,1,2,Basic,4,4,0,25,Transformational Leadership,Clustered,Transformational Leadership,https://www.leadershipnow.com/leadershop/images/9781394344864.jpg
BOOK01391,Biohacking Leadership,['Scott Hutcheson with Matthew D. Jones'],LeadershipNow only,False,True,,2025,,,,,,,,,Hardcover,272.0,1,0,0,1,0,0,0,1,1,1,2,Basic,8,8,0,25,Transformational Leadership,Clustered,Transformational Leadership,https://www.leadershipnow.com/leadershop/images/9781394351510.jpg
BOOK01392,Irresistible Change,['Phil Gilbert'],LeadershipNow only,False,True,,2025,,,,,,,,,Hardcover,256.0,1,0,0,1,0,0,0,1,1,1,2,Basic,4,4,0,9,Change Management,Clustered,Change Management,https://www.leadershipnow.com/leadershop/images/9781394367757.jpg
BOOK01393,Stress Nation,['Justin Hai'],LeadershipNow only,False,True,,2025,,,,,,,,,Hardcover,272.0,1,0,0,1,0,0,0,1,1,1,2,Basic,4,4,0,11,Organizational Culture and Trust,Clustered,Organizational Culture and Trust,https://www.leadershipnow.com/leadershop/images/9781394374991.jpg
BOOK01394,Perseverance Principles,['J. J. Mazzo'],LeadershipNow only,False,True,,2025,,,,,,,,,Hardcover,192.0,1,0,0,1,0,0,0,1,1,1,2,Basic,5,5,0,28,CEO and Executive Transformation,Clustered,CEO and Executive Transformation,https://www.leadershipnow.com/leadershop/images/9781394377527.jpg
BOOK01395,How to be a Friend (In an Unfriendly World),['Barnet Bain'],LeadershipNow only,False,True,,2025,,,,,,,,,Hardcover,208.0,1,0,0,1,0,0,0,1,1,1,2,Basic,11,11,0,11,Organizational Culture and Trust,Clustered,Organizational Culture and Trust,https://www.leadershipnow.com/leadershop/images/9781394388868.jpg
BOOK01396,The Success Factor,['Ruth Gotian'],LeadershipNow only,False,True,,2022,,,,,,,,,Paperback,240.0,1,0,0,1,0,0,0,1,1,1,2,Basic,5,5,0,28,CEO and Executive Transformation,Clustered,CEO and Executive Transformation,https://www.leadershipnow.com/leadershop/images/9781398602298.jpg
BOOK01397,The Change Mindset,['Andy Craggs'],LeadershipNow only,False,True,,2022,,,,,,,,,Paperback,240.0,1,0,0,1,0,0,0,1,1,1,2,Basic,5,5,0,9,Change Management,Clustered,Change Management,https://www.leadershipnow.com/leadershop/images/9781398604926.jpg
BOOK01398,"Survive, Reset, Thrive",['Rebecca Homkes'],LeadershipNow only,False,True,,2024,,,,,,,,,Paperback,280.0,1,0,0,1,0,0,0,1,1,1,2,Basic,5,5,0,28,CEO and Executive Transformation,Clustered,CEO and Executive Transformation,https://www.leadershipnow.com/leadershop/images/9781398607866.jpg
BOOK01399,The Solutionists,['Solitaire Townsend'],LeadershipNow only,False,True,,2023,,,,,,,,,Hardcover,240.0,1,0,0,1,0,0,0,1,1,1,2,Basic,4,4,0,,,Not Clustered,Not Clustered,https://www.leadershipnow.com/leadershop/images/9781398609341.jpg
BOOK01400,Confident AI,['Andy Pardoe'],LeadershipNow only,False,True,,2024,,,,,,,,,Hardcover,296.0,1,0,0,1,0,0,0,1,1,1,2,Basic,4,4,0,26,Contemporary Leadership Practice,Clustered,Contemporary Leadership Practice,https://www.leadershipnow.com/leadershop/images/9781398615724.jpg
BOOK01401,The Resilient Culture,"['Liane Stephan, Silke Rupprecht, Chris Tamdjidi and Michael Mackay Richards']",LeadershipNow only,False,True,,2024,,,,,,,,,Hardcover,256.0,1,0,0,1,0,0,0,1,1,1,2,Basic,13,13,0,11,Organizational Culture and Trust,Clustered,Organizational Culture and Trust,https://www.leadershipnow.com/leadershop/images/9781398618329.jpg
BOOK01402,Engaging Teams,['Nick Smallman and Dan Parry'],LeadershipNow only,False,True,,2025,,,,,,,,,Paperback,256.0,1,0,0,1,0,0,0,1,1,1,2,Basic,7,7,0,10,Leadership Development,Clustered,Leadership Development,https://www.leadershipnow.com/leadershop/images/9781398619722.jpg
BOOK01403,Into the Metaverse,['Cathy Hackl'],LeadershipNow only,False,True,,2023,,,,,,,,,Hardcover,224.0,1,0,0,1,0,0,0,1,1,1,2,Basic,5,5,0,28,CEO and Executive Transformation,Clustered,CEO and Executive Transformation,https://www.leadershipnow.com/leadershop/images/9781399401807.jpg
BOOK01404,Where Is My Office?,['Chris Kane and Eugenia Anastassiou'],LeadershipNow only,False,True,,2023,,,,,,,,,Hardcover,288.0,1,0,0,1,0,0,0,1,1,1,2,Basic,9,9,0,11,Organizational Culture and Trust,Clustered,Organizational Culture and Trust,https://www.leadershipnow.com/leadershop/images/9781399405171.jpg
BOOK01405,The Seven Games of Leadership,['Paolo Gallo'],LeadershipNow only,False,True,,2023,,,,,,,,,Hardcover,272.0,1,0,0,1,0,0,0,1,1,1,2,Basic,7,7,0,25,Transformational Leadership,Clustered,Transformational Leadership,https://www.leadershipnow.com/leadershop/images/9781399405478.jpg
BOOK01406,How to Think Like a Philosopher,['Peter Cave'],LeadershipNow only,False,True,,2023,,,,,,,,,Hardcover,304.0,1,0,0,1,0,0,0,1,1,1,2,Basic,8,8,0,3,Future Thinking and Personal Development,Clustered,Future Thinking and Personal Development,https://www.leadershipnow.com/leadershop/images/9781399405911.jpg
BOOK01407,How to Think Like an Economist,['Robbie Mochrie'],LeadershipNow only,False,True,,2024,,,,,,,,,Hardcover,288.0,1,0,0,1,0,0,0,1,1,1,2,Basic,8,8,0,3,Future Thinking and Personal Development,Clustered,Future Thinking and Personal Development,https://www.leadershipnow.com/leadershop/images/9781399408646.jpg
BOOK01408,The World of Work to 2030,['Russell Beck'],LeadershipNow only,False,True,,2024,,,,,,,,,Hardcover,240.0,1,0,0,1,0,0,0,1,1,1,2,Basic,8,8,0,15,Workplace and Generational Dynamics,Clustered,Workplace and Generational Dynamics,https://www.leadershipnow.com/leadershop/images/9781399412711.jpg
BOOK01409,A Year of Creativity,['Kathryn Jacob and Sue Unerman'],LeadershipNow only,False,True,,2024,,,,,,,,,Hardcover,224.0,1,0,0,1,0,0,0,1,1,1,2,Basic,9,9,0,11,Organizational Culture and Trust,Clustered,Organizational Culture and Trust,https://www.leadershipnow.com/leadershop/images/9781399413251.jpg
BOOK01410,KIND,['Graham Allcott'],LeadershipNow only,False,True,,2025,,,,,,,,,Hardcover,240.0,1,0,0,1,0,0,0,1,1,1,2,Basic,3,3,0,0,Entrepreneurial and Growth Mindset,Clustered,Entrepreneurial and Growth Mindset,https://www.leadershipnow.com/leadershop/images/9781399417402.jpg
BOOK01411,The Stoic Capitalist,['Robert Rosenkranz'],LeadershipNow only,False,True,,2025,,,,,,,,,Hardcover,272.0,1,0,0,1,0,0,0,1,1,1,2,Basic,5,5,0,28,CEO and Executive Transformation,Clustered,CEO and Executive Transformation,https://www.leadershipnow.com/leadershop/images/9781399423236.jpg
BOOK01412,The Flexible Method,['James Burstall'],LeadershipNow only,False,True,,2023,,,,,,,,,Paperback,256.0,1,0,0,1,0,0,0,1,1,1,2,Basic,5,5,0,7,Broad Leadership and Success,Clustered,Broad Leadership and Success,https://www.leadershipnow.com/leadershop/images/9781399806527.jpg
BOOK01413,How To Be A CEO,['Ben Renshaw'],LeadershipNow only,False,True,,2024,,,,,,,,,Hardcover,224.0,1,0,0,1,0,0,0,1,1,1,2,Basic,7,7,0,28,CEO and Executive Transformation,Clustered,CEO and Executive Transformation,https://www.leadershipnow.com/leadershop/images/9781399809795.jpg
BOOK01414,Our Next Reality,['Alvin Wang Graylin and Louis Rosenberg - Foreword by Neal Stephenson'],LeadershipNow only,False,True,,2024,,,,,,,,,Hardcover,288.0,1,0,0,1,0,0,0,1,1,1,2,Basic,14,14,0,7,Broad Leadership and Success,Clustered,Broad Leadership and Success,https://www.leadershipnow.com/leadershop/images/9781399812245.jpg
BOOK01415,The Power to Change,['Chuck Chakrapani'],LeadershipNow only,False,True,,2025,,,,,,,,,Hardcover,256.0,1,0,0,1,0,0,0,1,1,1,2,Basic,6,6,0,22,Power and Influence,Clustered,Power and Influence,https://www.leadershipnow.com/leadershop/images/9781399825993.jpg
BOOK01416,Becoming FDR,['Jonathan Darman'],LeadershipNow only,False,True,,2022,,,,,,,,,Hardcover,448.0,1,0,0,1,0,0,0,1,1,1,2,Basic,4,4,0,,,Not Clustered,Not Clustered,https://www.leadershipnow.com/leadershop/images/9781400067077.jpg
BOOK01417,Balancing Acts,['Daniel Lamarre'],LeadershipNow only,False,True,,2022,,,,,,,,,Hardcover,288.0,1,0,0,1,0,0,0,1,1,1,2,Basic,4,4,0,,,Not Clustered,Not Clustered,https://www.leadershipnow.com/leadershop/images/9781400223022.jpg
BOOK01418,Get What You Want,['Julie Solomon'],LeadershipNow only,False,True,,2022,,,,,,,,,Hardcover,240.0,1,0,0,1,0,0,0,1,1,1,2,Basic,6,6,0,3,Future Thinking and Personal Development,Clustered,Future Thinking and Personal Development,https://www.leadershipnow.com/leadershop/images/9781400226177.jpg
BOOK01419,Disrupting the Game,['Reggie Fils-Aimé'],LeadershipNow only,False,True,,2022,,,,,,,,,Hardcover,224.0,1,0,0,1,0,0,0,1,1,1,2,Basic,5,5,0,28,CEO and Executive Transformation,Clustered,CEO and Executive Transformation,https://www.leadershipnow.com/leadershop/images/9781400226672.jpg
BOOK01420,Hero on a Mission,['Donald Miller'],LeadershipNow only,False,True,,2022,,,,,,,,,Hardcover,224.0,1,0,0,1,0,0,0,1,1,1,2,Basic,6,6,0,7,Broad Leadership and Success,Clustered,Broad Leadership and Success,https://www.leadershipnow.com/leadershop/images/9781400226948.jpg
BOOK01421,How to Grow Your Small Business,['Donald Miller'],LeadershipNow only,False,True,,2023,,,,,,,,,Hardcover,224.0,1,0,0,1,0,0,0,1,1,1,2,Basic,8,8,0,0,Entrepreneurial and Growth Mindset,Clustered,Entrepreneurial and Growth Mindset,https://www.leadershipnow.com/leadershop/images/9781400226955.jpg
BOOK01422,Coach Builder,['Donald Miller'],LeadershipNow only,False,True,,2024,,,,,,,,,Hardcover,256.0,1,0,0,1,0,0,0,1,1,1,2,Basic,4,4,0,28,CEO and Executive Transformation,Clustered,CEO and Executive Transformation,https://www.leadershipnow.com/leadershop/images/9781400226962.jpg
BOOK01423,Undistracted,['Bob Goff'],LeadershipNow only,False,True,,2022,,,,,,,,,Hardcover,256.0,1,0,0,1,0,0,0,1,1,1,2,Basic,3,3,0,,,Not Clustered,Not Clustered,https://www.leadershipnow.com/leadershop/images/9781400226979.jpg
BOOK01424,"Choose Your Story, Change Your Life",['Kindra Hall'],LeadershipNow only,False,True,,2022,,,,,,,,,Hardcover,272.0,1,0,0,1,0,0,0,1,1,1,2,Basic,8,8,0,9,Change Management,Clustered,Change Management,https://www.leadershipnow.com/leadershop/images/9781400228409.jpg
BOOK01425,The Power of Potential,"[""Tom D'Eri""]",LeadershipNow only,False,True,,2023,,,,,,,,,Hardcover,376.0,1,0,0,1,0,0,0,1,1,1,2,Basic,6,6,0,22,Power and Influence,Clustered,Power and Influence,https://www.leadershipnow.com/leadershop/images/9781400228850.jpg
BOOK01426,The Secret Society of Success,['Tim Schurrer'],LeadershipNow only,False,True,,2022,,,,,,,,,Hardcover,240.0,1,0,0,1,0,0,0,1,1,1,2,Basic,7,7,0,7,Broad Leadership and Success,Clustered,Broad Leadership and Success,https://www.leadershipnow.com/leadershop/images/9781400229420.jpg
BOOK01427,The Art of the Tale,['Steven James and Tom Morrisey'],LeadershipNow only,False,True,,2022,,,,,,,,,Paperback,368.0,1,0,0,1,0,0,0,1,1,1,2,Basic,10,10,0,0,Entrepreneurial and Growth Mindset,Clustered,Entrepreneurial and Growth Mindset,https://www.leadershipnow.com/leadershop/images/9781400233113.jpg
BOOK01428,Leading through Disruption,['Andrew Liveris'],LeadershipNow only,False,True,,2023,,,,,,,,,Hardcover,240.0,1,0,0,1,0,0,0,1,1,1,2,Basic,5,5,0,16,Leading Self and Others,Clustered,Leading Self and Others,https://www.leadershipnow.com/leadershop/images/9781400233830.jpg
BOOK01429,Come Up for Air,['Nick Sonnenberg'],LeadershipNow only,False,True,,2023,,,,,,,,,Hardcover,320.0,1,0,0,1,0,0,0,1,1,1,2,Basic,6,6,0,7,Broad Leadership and Success,Clustered,Broad Leadership and Success,https://www.leadershipnow.com/leadershop/images/9781400236725.jpg
BOOK01430,Overcoming Impossible,['Robert Irvine'],LeadershipNow only,False,True,,2023,,,,,,,,,Hardcover,256.0,1,0,0,1,0,0,0,1,1,1,2,Basic,4,4,0,7,Broad Leadership and Success,Clustered,Broad Leadership and Success,https://www.leadershipnow.com/leadershop/images/9781400238330.jpg
BOOK01431,The Leader's Guide to Managing Risk,['K. Scott Griffith'],LeadershipNow only,False,True,,2023,,,,,,,,,Hardcover,272.0,1,0,0,1,0,0,0,1,1,1,2,Basic,9,9,0,7,Broad Leadership and Success,Clustered,Broad Leadership and Success,https://www.leadershipnow.com/leadershop/images/9781400243785.jpg
BOOK01432,The Ultimate Guide to Developing Leaders,['John C. Maxwell'],LeadershipNow only,False,True,,2023,,,,,,,,,Hardcover,272.0,1,0,0,1,0,0,0,1,1,1,2,Basic,9,9,0,28,CEO and Executive Transformation,Clustered,CEO and Executive Transformation,https://www.leadershipnow.com/leadershop/images/9781400246212.jpg
BOOK01433,The Hive Mind at Work,['Siobhan McHale'],LeadershipNow only,False,True,,2024,,,,,,,,,Hardcover,272.0,1,0,0,1,0,0,0,1,1,1,2,Basic,7,7,0,15,Workplace and Generational Dynamics,Clustered,Workplace and Generational Dynamics,https://www.leadershipnow.com/leadershop/images/9781400246229.jpg
BOOK01434,Powerful Phrases for Dealing with Workplace Conflict,['Karin Hurt and David Dye'],LeadershipNow only,False,True,,2024,,,,,,,,,Paperback,272.0,1,0,0,1,0,0,0,1,1,1,2,Basic,12,12,0,11,Organizational Culture and Trust,Clustered,Organizational Culture and Trust,https://www.leadershipnow.com/leadershop/images/9781400246274.jpg
BOOK01435,Be the Unicorn,['William Vanderbloemen / Foreword by John C. Maxwell'],LeadershipNow only,False,True,,2023,,,,,,,,,Hardcover,272.0,1,0,0,1,0,0,0,1,1,1,2,Basic,11,11,0,28,CEO and Executive Transformation,Clustered,CEO and Executive Transformation,https://www.leadershipnow.com/leadershop/images/9781400247103.jpg
BOOK01436,Building a StoryBrand 2.0,['Donald Miller'],LeadershipNow only,False,True,,2025,,,,,,,,,Hardcover,240.0,1,0,0,1,0,0,0,1,1,1,2,Basic,6,6,0,7,Broad Leadership and Success,Clustered,Broad Leadership and Success,https://www.leadershipnow.com/leadershop/images/9781400248872.jpg
BOOK01437,Rethinking Work,['Rishad Tobaccowala'],LeadershipNow only,False,True,,2025,,,,,,,,,Hardcover,304.0,1,0,0,1,0,0,0,1,1,1,2,Basic,4,4,0,15,Workplace and Generational Dynamics,Clustered,Workplace and Generational Dynamics,https://www.leadershipnow.com/leadershop/images/9781400249305.jpg
BOOK01438,Darkhorse,['Amatangelo \x93AJ\x94 Pasciuti with Neil McGinness'],LeadershipNow only,False,True,,2025,,,,,,,,,Hardcover,384.0,1,0,0,1,0,0,0,1,1,1,2,Basic,7,7,0,,,Not Clustered,Not Clustered,https://www.leadershipnow.com/leadershop/images/9781400254972.jpg
BOOK01439,The Future Begins with Z,['Tim Elmore'],LeadershipNow only,False,True,,2025,,,,,,,,,Hardcover,352.0,1,0,0,1,0,0,0,1,1,1,2,Basic,7,7,0,3,Future Thinking and Personal Development,Clustered,Future Thinking and Personal Development,https://www.leadershipnow.com/leadershop/images/9781400256044.jpg
BOOK01440,The Perfect Story,['Karen Eber'],LeadershipNow only,False,True,,2023,,,,,,,,,Hardcover,288.0,1,0,0,1,0,0,0,1,1,1,2,Basic,5,5,0,28,CEO and Executive Transformation,Clustered,CEO and Executive Transformation,https://www.leadershipnow.com/leadershop/images/9781400333837.jpg
BOOK01441,"Think This, Not That",['Josh Axe'],LeadershipNow only,False,True,,2024,,,,,,,,,Hardcover,288.0,1,0,0,1,0,0,0,1,1,1,2,Basic,6,6,0,3,Future Thinking and Personal Development,Clustered,Future Thinking and Personal Development,https://www.leadershipnow.com/leadershop/images/9781400337842.jpg
BOOK01442,The Charismatic Leader,['John C. Maxwell'],LeadershipNow only,False,True,,2025,,,,,,,,,Hardcover,208.0,1,0,0,1,0,0,0,1,1,1,2,Basic,6,6,0,5,Leader Identity and Practice,Clustered,Leader Identity and Practice,https://www.leadershipnow.com/leadershop/images/9781400346929.jpg
BOOK01443,What's in It for Them?,['Joe Polish'],LeadershipNow only,False,True,,2022,,,,,,,,,Hardcover,257.0,1,0,0,1,0,0,0,1,1,1,2,Basic,7,7,0,28,CEO and Executive Transformation,Clustered,CEO and Executive Transformation,https://www.leadershipnow.com/leadershop/images/9781401960100.jpg
BOOK01444,Be Your Future Self Now,['Dr. Benjamin Hardy'],LeadershipNow only,False,True,,2022,,,,,,,,,Hardcover,256.0,1,0,0,1,0,0,0,1,1,1,2,Basic,8,8,0,3,Future Thinking and Personal Development,Clustered,Future Thinking and Personal Development,https://www.leadershipnow.com/leadershop/images/9781401967574.jpg
BOOK01445,The Science of Scaling,['Benjamin Hardy and Blake Erickson'],LeadershipNow only,False,True,,2025,,,,,,,,,Hardcover,256.0,1,0,0,1,0,0,0,1,1,1,2,Basic,9,9,0,28,CEO and Executive Transformation,Clustered,CEO and Executive Transformation,https://www.leadershipnow.com/leadershop/images/9781401967635.jpg
BOOK01446,Be the Calm or Be the Storm,['Captain Sandy Yawn'],LeadershipNow only,False,True,,2023,,,,,,,,,Hardcover,232.0,1,0,0,1,0,0,0,1,1,1,2,Basic,10,10,0,28,CEO and Executive Transformation,Clustered,CEO and Executive Transformation,https://www.leadershipnow.com/leadershop/images/9781401967680.jpg
BOOK01447,Limitless Expanded Edition,['Jim Kwik'],LeadershipNow only,False,True,,2023,,,,,,,,,Hardcover,448.0,1,0,0,1,0,0,0,1,1,1,2,Basic,5,5,0,7,Broad Leadership and Success,Clustered,Broad Leadership and Success,https://www.leadershipnow.com/leadershop/images/9781401968717.jpg
BOOK01448,10x Is Easier Than 2x,['Dan Sullivan with Dr. Benjamin Hardy'],LeadershipNow only,False,True,,2023,,,,,,,,,Hardcover,257.0,1,0,0,1,0,0,0,1,1,1,2,Basic,11,11,0,0,Entrepreneurial and Growth Mindset,Clustered,Entrepreneurial and Growth Mindset,https://www.leadershipnow.com/leadershop/images/9781401969950.jpg
BOOK01449,Gravitas,['Lisa Sun'],LeadershipNow only,False,True,,2023,,,,,,,,,Hardcover,256.0,1,0,0,1,0,0,0,1,1,1,2,Basic,3,3,0,,,Not Clustered,Not Clustered,https://www.leadershipnow.com/leadershop/images/9781401972530.jpg
BOOK01450,Protect Your Peace,['Trent Shelton'],LeadershipNow only,False,True,,2024,,,,,,,,,Hardcover,216.0,1,0,0,1,0,0,0,1,1,1,2,Basic,5,5,0,,,Not Clustered,Not Clustered,https://www.leadershipnow.com/leadershop/images/9781401973162.jpg
BOOK01451,Success Is a Numbers Game,['Kyle Austin Young'],LeadershipNow only,False,True,,2025,,,,,,,,,Hardcover,240.0,1,0,0,1,0,0,0,1,1,1,2,Basic,8,8,0,7,Broad Leadership and Success,Clustered,Broad Leadership and Success,https://www.leadershipnow.com/leadershop/images/9781401975425.jpg
BOOK01452,Breaking Bias,['Anu Gupta'],LeadershipNow only,False,True,,2024,,,,,,,,,Hardcover,400.0,1,0,0,1,0,0,0,1,1,1,2,Basic,4,4,0,0,Entrepreneurial and Growth Mindset,Clustered,Entrepreneurial and Growth Mindset,https://www.leadershipnow.com/leadershop/images/9781401977313.jpg
BOOK01453,Intentionality,['Finnian Kelly'],LeadershipNow only,False,True,,2024,,,,,,,,,Hardcover,296.0,1,0,0,1,0,0,0,1,1,1,2,Basic,3,3,0,,,Not Clustered,Not Clustered,https://www.leadershipnow.com/leadershop/images/9781401977542.jpg
BOOK01454,7 Rules of Self-Reliance,['Maha Abouelenein'],LeadershipNow only,False,True,,2024,,,,,,,,,Hardcover,320.0,1,0,0,1,0,0,0,1,1,1,2,Basic,6,6,0,28,CEO and Executive Transformation,Clustered,CEO and Executive Transformation,https://www.leadershipnow.com/leadershop/images/9781401978662.jpg
BOOK01455,Unicorn Team,['Jen Kem'],LeadershipNow only,False,True,,2025,,,,,,,,,Hardcover,320.0,1,0,0,1,0,0,0,1,1,1,2,Basic,4,4,0,2,Team Leadership,Clustered,Team Leadership,https://www.leadershipnow.com/leadershop/images/9781401980276.jpg
BOOK01456,12 Notes,['Quincy Jones'],LeadershipNow only,False,True,,2022,,,,,,,,,Hardcover,192.0,1,0,0,1,0,0,0,1,1,1,2,Basic,4,4,0,7,Broad Leadership and Success,Clustered,Broad Leadership and Success,https://www.leadershipnow.com/leadershop/images/9781419752568.jpg
BOOK01457,Trust Matters More Than Ever,['David Horsager'],LeadershipNow only,False,True,,2024,,,,,,,,,Hardcover,304.0,1,0,0,1,0,0,0,1,1,1,2,Basic,7,7,0,11,Organizational Culture and Trust,Clustered,Organizational Culture and Trust,https://www.leadershipnow.com/leadershop/images/9781424568918.jpg
BOOK01458,The Compass Within,['Robert Glazer'],LeadershipNow only,False,True,,2025,,,,,,,,,Hardcover,240.0,1,0,0,1,0,0,0,1,1,1,2,Basic,5,5,0,28,CEO and Executive Transformation,Clustered,CEO and Executive Transformation,https://www.leadershipnow.com/leadershop/images/9781464245190.jpg
BOOK01459,Lying Numbers,['Hugh Barker'],LeadershipNow only,False,True,,2022,,,,,,,,,Paperback,256.0,1,0,0,1,0,0,0,1,1,1,2,Basic,4,4,0,7,Broad Leadership and Success,Clustered,Broad Leadership and Success,https://www.leadershipnow.com/leadershop/images/9781472143617.jpg
BOOK01460,The Long View,['Richard Fisher'],LeadershipNow only,False,True,,2023,,,,,,,,,Hardcover,352.0,1,0,0,1,0,0,0,1,1,1,2,Basic,5,5,0,28,CEO and Executive Transformation,Clustered,CEO and Executive Transformation,https://www.leadershipnow.com/leadershop/images/9781472285218.jpg
BOOK01461,InCredible Communication,['Steven Lewis and Rebecca Weintraub'],LeadershipNow only,False,True,,2022,,,,,,,,,Hardcover,240.0,1,0,0,1,0,0,0,1,1,1,2,Basic,7,7,0,6,Communication,Clustered,Communication,https://www.leadershipnow.com/leadershop/images/9781472991720.jpg
BOOK01462,The Awareness Code,['Wayne Linton and Steve Tappin'],LeadershipNow only,False,True,,2022,,,,,,,,,Hardcover,336.0,1,0,0,1,0,0,0,1,1,1,2,Basic,8,8,0,7,Broad Leadership and Success,Clustered,Broad Leadership and Success,https://www.leadershipnow.com/leadershop/images/9781472992079.jpg
BOOK01463,How to Be a Founder,['Alice Bentinck and Matt Clifford'],LeadershipNow only,False,True,,2022,,,,,,,,,Hardcover,224.0,1,0,0,1,0,0,0,1,1,1,2,Basic,10,10,0,28,CEO and Executive Transformation,Clustered,CEO and Executive Transformation,https://www.leadershipnow.com/leadershop/images/9781472994349.jpg
BOOK01464,Leadership in Star Trek,['Jason A. Kaufman and Aaron M. Peterson'],LeadershipNow only,False,True,,2023,,,,,,,,,Paperback,120.0,1,0,0,1,0,0,0,1,1,1,2,Basic,11,11,0,25,Transformational Leadership,Clustered,Transformational Leadership,https://www.leadershipnow.com/leadershop/images/9781476690445.jpg
BOOK01465,Wanamaker's Temple,['Nicole C. Kirk'],LeadershipNow only,False,True,,2023,,,,,,,,,Hardcover,288.0,1,0,0,1,0,0,0,1,1,1,2,Basic,5,5,0,,,Not Clustered,Not Clustered,https://www.leadershipnow.com/leadershop/images/9781479835935.jpg
BOOK01466,Intentional Leadership,['Rose M. Patten'],LeadershipNow only,False,True,,2023,,,,,,,,,Hardcover,232.0,1,0,0,1,0,0,0,1,1,1,2,Basic,5,5,0,25,Transformational Leadership,Clustered,Transformational Leadership,https://www.leadershipnow.com/leadershop/images/9781487508876.jpg
BOOK01467,The Trials of Harry S. Truman,['Jeffrey Frank'],LeadershipNow only,False,True,,2022,,,,,,,,,Hardcover,576.0,1,0,0,1,0,0,0,1,1,1,2,Basic,8,8,0,,,Not Clustered,Not Clustered,https://www.leadershipnow.com/leadershop/images/9781501102899.jpg
BOOK01468,How Countries Go Broke,['Ray Dalio'],LeadershipNow only,False,True,,2025,,,,,,,,,Hardcover,400.0,1,0,0,1,0,0,0,1,1,1,2,Basic,6,6,0,0,Entrepreneurial and Growth Mindset,Clustered,Entrepreneurial and Growth Mindset,https://www.leadershipnow.com/leadershop/images/9781501124068.jpg
BOOK01469,The Founders,['Jimmy Soni'],LeadershipNow only,False,True,,2022,,,,,,,,,Hardcover,496.0,1,0,0,1,0,0,0,1,1,1,2,Basic,4,4,0,28,CEO and Executive Transformation,Clustered,CEO and Executive Transformation,https://www.leadershipnow.com/leadershop/images/9781501197260.jpg
BOOK01470,Chasing Automation,['Jerry Prout'],LeadershipNow only,False,True,,2022,,,,,,,,,Hardcover,288.0,1,0,0,1,0,0,0,1,1,1,2,Basic,4,4,0,7,Broad Leadership and Success,Clustered,Broad Leadership and Success,https://www.leadershipnow.com/leadershop/images/9781501763991.jpg
BOOK01471,Design Leadership Ignited,"['Eric Quint, Gerda Gemser and Giulia Calabretta']",LeadershipNow only,False,True,,2022,,,,,,,,,Hardcover,240.0,1,0,0,1,0,0,0,1,1,1,2,Basic,10,10,0,25,Transformational Leadership,Clustered,Transformational Leadership,https://www.leadershipnow.com/leadershop/images/9781503613966.jpg
BOOK01472,Unleash Your Complexity Genius,['Jennifer Garvey Berger and Carolyn Coughlin'],LeadershipNow only,False,True,,2022,,,,,,,,,Paperback,168.0,1,0,0,1,0,0,0,1,1,1,2,Basic,10,10,0,28,CEO and Executive Transformation,Clustered,CEO and Executive Transformation,https://www.leadershipnow.com/leadershop/images/9781503630475.jpg
BOOK01473,Venture Meets Mission,"['Arun Gupta, Gerard George and Thomas Fewer']",LeadershipNow only,False,True,,2024,,,,,,,,,Hardcover,280.0,1,0,0,1,0,0,0,1,1,1,2,Basic,10,10,0,7,Broad Leadership and Success,Clustered,Broad Leadership and Success,https://www.leadershipnow.com/leadershop/images/9781503636286.jpg
BOOK01474,Good Money Revolution,['Derrick Kinney'],LeadershipNow only,False,True,,2022,,,,,,,,,Hardcover,264.0,1,0,0,1,0,0,0,1,1,1,2,Basic,5,5,0,11,Organizational Culture and Trust,Clustered,Organizational Culture and Trust,https://www.leadershipnow.com/leadershop/images/9781510772915.jpg
BOOK01475,The Datapreneurs,['Bob Muglia with Steve Hamm'],LeadershipNow only,False,True,,2023,,,,,,,,,Hardcover,168.0,1,0,0,1,0,0,0,1,1,1,2,Basic,7,7,0,,,Not Clustered,Not Clustered,https://www.leadershipnow.com/leadershop/images/9781510778412.jpg
BOOK01476,Startup Story,['Martin Warner'],LeadershipNow only,False,True,,2023,,,,,,,,,Hardcover,264.0,1,0,0,1,0,0,0,1,1,1,2,Basic,4,4,0,0,Entrepreneurial and Growth Mindset,Clustered,Entrepreneurial and Growth Mindset,https://www.leadershipnow.com/leadershop/images/9781510778788.jpg
BOOK01477,The Mentally Strong Leader,['Scott Mautz'],LeadershipNow only,False,True,,2024,,,,,,,,,Hardcover,360.0,1,0,0,1,0,0,0,1,1,1,2,Basic,6,6,0,5,Leader Identity and Practice,Clustered,Leader Identity and Practice,https://www.leadershipnow.com/leadershop/images/9781510780583.jpg
BOOK01478,Flying for Peanuts,['Frank Lorenzo'],LeadershipNow only,False,True,,2024,,,,,,,,,Hardcover,384.0,1,0,0,1,0,0,0,1,1,1,2,Basic,5,5,0,0,Entrepreneurial and Growth Mindset,Clustered,Entrepreneurial and Growth Mindset,https://www.leadershipnow.com/leadershop/images/9781510781665.jpg
BOOK01479,Risks and Returns,['Wilbur Ross'],LeadershipNow only,False,True,,2024,,,,,,,,,Hardcover,368.0,1,0,0,1,0,0,0,1,1,1,2,Basic,5,5,0,11,Organizational Culture and Trust,Clustered,Organizational Culture and Trust,https://www.leadershipnow.com/leadershop/images/9781510781719.jpg
BOOK01480,The RevOps Advantage,"['Amy Osmond Cook, Ryan Westwood and Bala Balabaskaran']",LeadershipNow only,False,True,,2025,,,,,,,,,Hardcover,408.0,1,0,0,1,0,0,0,1,1,1,2,Basic,11,11,0,0,Entrepreneurial and Growth Mindset,Clustered,Entrepreneurial and Growth Mindset,https://www.leadershipnow.com/leadershop/images/9781510783683.jpg
BOOK01481,Healthy Calling,['Arianna Molloy'],LeadershipNow only,False,True,,2025,,,,,,,,,Paperback,192.0,1,0,0,1,0,0,0,1,1,1,2,Basic,4,4,0,7,Broad Leadership and Success,Clustered,Broad Leadership and Success,https://www.leadershipnow.com/leadershop/images/9781514008409.jpg
BOOK01482,Formed to Lead,['Jason Jensen'],LeadershipNow only,False,True,,2025,,,,,,,,,Paperback,168.0,1,0,0,1,0,0,0,1,1,1,2,Basic,5,5,0,26,Contemporary Leadership Practice,Clustered,Contemporary Leadership Practice,https://www.leadershipnow.com/leadershop/images/9781514009901.jpg
BOOK01483,How Leaders Lose Their Way,['Peter Greer and Jill Heisey'],LeadershipNow only,False,True,,2025,,,,,,,,,Paperback,192.0,1,0,0,1,0,0,0,1,1,1,2,Basic,10,10,0,11,Organizational Culture and Trust,Clustered,Organizational Culture and Trust,https://www.leadershipnow.com/leadershop/images/9781514013540.jpg
BOOK01484,Understanding Organizations...Finally!,['Henry Mintzberg'],LeadershipNow only,False,True,,2023,,,,,,,,,Paperback,244.0,1,0,0,1,0,0,0,1,1,1,2,Basic,4,4,0,7,Broad Leadership and Success,Clustered,Broad Leadership and Success,https://www.leadershipnow.com/leadershop/images/9781523000050.jpg
BOOK01485,Building Better Organizations,['Claudy Jules'],LeadershipNow only,False,True,,2022,,,,,,,,,Hardcover,288.0,1,0,0,1,0,0,0,1,1,1,2,Basic,5,5,0,7,Broad Leadership and Success,Clustered,Broad Leadership and Success,https://www.leadershipnow.com/leadershop/images/9781523000449.jpg
BOOK01486,Simple Truths of Leadership,['Ken Blanchard and Randy Conley'],LeadershipNow only,False,True,,2022,,,,,,,,,Hardcover,192.0,1,0,0,1,0,0,0,1,1,1,2,Basic,9,9,0,25,Transformational Leadership,Clustered,Transformational Leadership,https://www.leadershipnow.com/leadershop/images/9781523000623.jpg
BOOK01487,The Revelation Conversation,['Steve Curtin'],LeadershipNow only,False,True,,2022,,,,,,,,,Paperback,176.0,1,0,0,1,0,0,0,1,1,1,2,Basic,5,5,0,28,CEO and Executive Transformation,Clustered,CEO and Executive Transformation,https://www.leadershipnow.com/leadershop/images/9781523000678.jpg
BOOK01488,From Conflict to Courage,['Marlene Chism'],LeadershipNow only,False,True,,2022,,,,,,,,,Paperback,240.0,1,0,0,1,0,0,0,1,1,1,2,Basic,6,6,0,11,Organizational Culture and Trust,Clustered,Organizational Culture and Trust,https://www.leadershipnow.com/leadershop/images/9781523000722.jpg
BOOK01489,Reach,['Becky Robinson'],LeadershipNow only,False,True,,2022,,,,,,,,,Paperback,224.0,1,0,0,1,0,0,0,1,1,1,2,Basic,3,3,0,7,Broad Leadership and Success,Clustered,Broad Leadership and Success,https://www.leadershipnow.com/leadershop/images/9781523000876.jpg
BOOK01490,I Wish I'd Known This,['Brenda Wensil and Kathryn Heath'],LeadershipNow only,False,True,,2022,,,,,,,,,Paperback,216.0,1,0,0,1,0,0,0,1,1,1,2,Basic,10,10,0,7,Broad Leadership and Success,Clustered,Broad Leadership and Success,https://www.leadershipnow.com/leadershop/images/9781523000975.jpg
BOOK01491,Holding the Calm,['Hesha Abrams'],LeadershipNow only,False,True,,2022,,,,,,,,,Paperback,208.0,1,0,0,1,0,0,0,1,1,1,2,Basic,5,5,0,28,CEO and Executive Transformation,Clustered,CEO and Executive Transformation,https://www.leadershipnow.com/leadershop/images/9781523001934.jpg
BOOK01492,Show the Value of What You Do,['Patricia Pulliam Phillips and Jack J. Phillips'],LeadershipNow only,False,True,,2022,,,,,,,,,Paperback,168.0,1,0,0,1,0,0,0,1,1,1,2,Basic,14,14,0,28,CEO and Executive Transformation,Clustered,CEO and Executive Transformation,https://www.leadershipnow.com/leadershop/images/9781523002276.jpg
BOOK01493,The Human Side of Innovation,['Mauro Porcini'],LeadershipNow only,False,True,,2022,,,,,,,,,Hardcover,192.0,1,0,0,1,0,0,0,1,1,1,2,Basic,7,7,0,21,Innovation Management,Clustered,Innovation Management,https://www.leadershipnow.com/leadershop/images/9781523002887.jpg
BOOK01494,Communicate with Courage,['Michelle D. Gladieux'],LeadershipNow only,False,True,,2022,,,,,,,,,Paperback,176.0,1,0,0,1,0,0,0,1,1,1,2,Basic,6,6,0,11,Organizational Culture and Trust,Clustered,Organizational Culture and Trust,https://www.leadershipnow.com/leadershop/images/9781523003129.jpg
BOOK01495,Leadership Two Words at a Time,['Bill Treasurer'],LeadershipNow only,False,True,,2022,,,,,,,,,Paperback,256.0,1,0,0,1,0,0,0,1,1,1,2,Basic,8,8,0,25,Transformational Leadership,Clustered,Transformational Leadership,https://www.leadershipnow.com/leadershop/images/9781523003174.jpg
BOOK01496,The Art of Conscious Conversations,['Chuck Wisner'],LeadershipNow only,False,True,,2022,,,,,,,,,Paperback,216.0,1,0,0,1,0,0,0,1,1,1,2,Basic,7,7,0,0,Entrepreneurial and Growth Mindset,Clustered,Entrepreneurial and Growth Mindset,https://www.leadershipnow.com/leadershop/images/9781523003266.jpg
BOOK01497,The Long-Distance Team,['Kevin Eikenberry and Wayne Turmel'],LeadershipNow only,False,True,,2023,,,,,,,,,Paperback,224.0,1,0,0,1,0,0,0,1,1,1,2,Basic,8,8,0,2,Team Leadership,Clustered,Team Leadership,https://www.leadershipnow.com/leadershop/images/9781523003419.jpg
BOOK01498,Office Shock,"['Bob Johansen, Joseph Press and Christine Bullen']",LeadershipNow only,False,True,,2023,,,,,,,,,Paperback,296.0,1,0,0,1,0,0,0,1,1,1,2,Basic,9,9,0,11,Organizational Culture and Trust,Clustered,Organizational Culture and Trust,https://www.leadershipnow.com/leadershop/images/9781523003679.jpg
BOOK01499,Revolutionizing Business Operations,['Tony Saldanha and Filippo Passerini'],LeadershipNow only,False,True,,2023,,,,,,,,,Paperback,256.0,1,0,0,1,0,0,0,1,1,1,2,Basic,8,8,0,24,Operations Management,Clustered,Operations Management,https://www.leadershipnow.com/leadershop/images/9781523003983.jpg
BOOK01500,Why Motivating People Doesn't Work...and What Does,['Susan Fowler'],LeadershipNow only,False,True,,2023,,,,,,,,,Paperback,240.0,1,0,0,1,0,0,0,1,1,1,2,Basic,9,9,0,15,Workplace and Generational Dynamics,Clustered,Workplace and Generational Dynamics,https://www.leadershipnow.com/leadershop/images/9781523004126.jpg
BOOK01501,Take Your Company Global,['Nataly Kelly'],LeadershipNow only,False,True,,2023,,,,,,,,,Paperback,256.0,1,0,0,1,0,0,0,1,1,1,2,Basic,6,6,0,11,Organizational Culture and Trust,Clustered,Organizational Culture and Trust,https://www.leadershipnow.com/leadershop/images/9781523004430.jpg
BOOK01502,Compassionate Accountability,['Nate Regier'],LeadershipNow only,False,True,,2023,,,,,,,,,Paperback,240.0,1,0,0,1,0,0,0,1,1,1,2,Basic,4,4,0,7,Broad Leadership and Success,Clustered,Broad Leadership and Success,https://www.leadershipnow.com/leadershop/images/9781523004539.jpg
BOOK01503,Breakthrough Coaching,['Marcia Reynolds'],LeadershipNow only,False,True,,2024,,,,,,,,,Paperback,240.0,1,0,0,1,0,0,0,1,1,1,2,Basic,4,4,0,28,CEO and Executive Transformation,Clustered,CEO and Executive Transformation,https://www.leadershipnow.com/leadershop/images/9781523004829.jpg
BOOK01504,The Secret of Culture Change,"['Manoel Amorim, Jay B. Barney and Carlos Julio']",LeadershipNow only,False,True,,2023,,,,,,,,,Paperback,240.0,1,0,0,1,0,0,0,1,1,1,2,Basic,13,13,0,9,Change Management,Clustered,Change Management,https://www.leadershipnow.com/leadershop/images/9781523004928.jpg
BOOK01505,The Heart of Innovation,"['Matt Chanoff, Merrick Furst, Daniel Sabbah and Mark Wegman']",LeadershipNow only,False,True,,2023,,,,,,,,,Paperback,208.0,1,0,0,1,0,0,0,1,1,1,2,Basic,13,13,0,21,Innovation Management,Clustered,Innovation Management,https://www.leadershipnow.com/leadershop/images/9781523005703.jpg
BOOK01506,The Possible Self,['Maja Djikic'],LeadershipNow only,False,True,,2024,,,,,,,,,Paperback,240.0,1,0,0,1,0,0,0,1,1,1,2,Basic,5,5,0,3,Future Thinking and Personal Development,Clustered,Future Thinking and Personal Development,https://www.leadershipnow.com/leadershop/images/9781523006014.jpg
BOOK01507,Simple Truths of Leadership Playbook,"['Ken Blanchard, Randy Conley and Renee Broadwell']",LeadershipNow only,False,True,,2023,,,,,,,,,Hardcover,176.0,1,0,0,1,0,0,0,1,1,1,2,Basic,12,12,0,25,Transformational Leadership,Clustered,Transformational Leadership,https://www.leadershipnow.com/leadershop/images/9781523006113.jpg
BOOK01508,Head & Heart,['Kirstin Ferguson'],LeadershipNow only,False,True,,2023,,,,,,,,,Paperback,336.0,1,0,0,1,0,0,0,1,1,1,2,Basic,5,5,0,28,CEO and Executive Transformation,Clustered,CEO and Executive Transformation,https://www.leadershipnow.com/leadershop/images/9781523006205.jpg
BOOK01509,The Generous Leader,['Joe Davis'],LeadershipNow only,False,True,,2024,,,,,,,,,Hardcover,224.0,1,0,0,1,0,0,0,1,1,1,2,Basic,5,5,0,5,Leader Identity and Practice,Clustered,Leader Identity and Practice,https://www.leadershipnow.com/leadershop/images/9781523006618.jpg
BOOK01510,Thinking at the Speed of Bias,['Sara Taylor'],LeadershipNow only,False,True,,2024,,,,,,,,,Paperback,192.0,1,0,0,1,0,0,0,1,1,1,2,Basic,8,8,0,28,CEO and Executive Transformation,Clustered,CEO and Executive Transformation,https://www.leadershipnow.com/leadershop/images/9781523006762.jpg
BOOK01511,From Founder to Future,['John Abrams'],LeadershipNow only,False,True,,2025,,,,,,,,,Paperback,240.0,1,0,0,1,0,0,0,1,1,1,2,Basic,6,6,0,3,Future Thinking and Personal Development,Clustered,Future Thinking and Personal Development,https://www.leadershipnow.com/leadershop/images/9781523006816.jpg
BOOK01512,"Human First, Leader Second",['Massimo Backus'],LeadershipNow only,False,True,,2024,,,,,,,,,Paperback,256.0,1,0,0,1,0,0,0,1,1,1,2,Basic,6,6,0,5,Leader Identity and Practice,Clustered,Leader Identity and Practice,https://www.leadershipnow.com/leadershop/images/9781523007059.jpg
BOOK01513,Fierce Resilience,['Edward Beltran / Foreword by Susan Scott'],LeadershipNow only,False,True,,2024,,,,,,,,,Paperback,240.0,1,0,0,1,0,0,0,1,1,1,2,Basic,9,9,0,28,CEO and Executive Transformation,Clustered,CEO and Executive Transformation,https://www.leadershipnow.com/leadershop/images/9781523007141.jpg
BOOK01514,Radical Listening,['Christian van Nieuwerburgh and Robert Biswas-Diener'],LeadershipNow only,False,True,,2025,,,,,,,,,Paperback,208.0,1,0,0,1,0,0,0,1,1,1,2,Basic,8,8,0,28,CEO and Executive Transformation,Clustered,CEO and Executive Transformation,https://www.leadershipnow.com/leadershop/images/9781523007196.jpg
BOOK01515,The Courage Gap,['Margie Warrell'],LeadershipNow only,False,True,,2025,,,,,,,,,Paperback,168.0,1,0,0,1,0,0,0,1,1,1,2,Basic,5,5,0,11,Organizational Culture and Trust,Clustered,Organizational Culture and Trust,https://www.leadershipnow.com/leadershop/images/9781523007240.jpg
BOOK01516,"Change Your Questions, Change Your Life:",['Marilee Adams'],LeadershipNow only,False,True,,2022,,,,,,,,,Paperback,240.0,1,0,0,1,0,0,0,1,1,1,2,Basic,8,8,0,9,Change Management,Clustered,Change Management,https://www.leadershipnow.com/leadershop/images/9781523091034.jpg
BOOK01517,"Change Your Questions, Change Your Life Workbook:",['Marilee Adams with Andrea F. Lipton'],LeadershipNow only,False,True,,2022,,,,,,,,,Paperback,128.0,1,0,0,1,0,0,0,1,1,1,2,Basic,13,13,0,9,Change Management,Clustered,Change Management,https://www.leadershipnow.com/leadershop/images/9781523091201.jpg
BOOK01518,Smart Brevity,"['Jim VandeHei, Mike Allen and Roy Schwartz']",LeadershipNow only,False,True,,2022,,,,,,,,,Hardcover,224.0,1,0,0,1,0,0,0,1,1,1,2,Basic,9,9,0,28,CEO and Executive Transformation,Clustered,CEO and Executive Transformation,https://www.leadershipnow.com/leadershop/images/9781523516971.jpg
BOOK01519,Champion Mindset,['Patrick Mouratoglou'],LeadershipNow only,False,True,,2025,,,,,,,,,Hardcover,224.0,1,0,0,1,0,0,0,1,1,1,2,Basic,4,4,0,0,Entrepreneurial and Growth Mindset,Clustered,Entrepreneurial and Growth Mindset,https://www.leadershipnow.com/leadershop/images/9781523527878.jpg
BOOK01520,The Strategists,"[""Phillips Payson O'Brien""]",LeadershipNow only,False,True,,2024,,,,,,,,,Hardcover,544.0,1,0,0,1,0,0,0,1,1,1,2,Basic,5,5,0,,,Not Clustered,Not Clustered,https://www.leadershipnow.com/leadershop/images/9781524746483.jpg
BOOK01521,Emotional,['Leonard Mlodinow'],LeadershipNow only,False,True,,2022,,,,,,,,,Hardcover,272.0,1,0,0,1,0,0,0,1,1,1,2,Basic,3,3,0,18,Emotional Intelligence,Clustered,Emotional Intelligence,https://www.leadershipnow.com/leadershop/images/9781524747596.jpg
BOOK01522,The View from Ninety,['Charles Handy'],LeadershipNow only,False,True,,2025,,,,,,,,,Hardcover,224.0,1,0,0,1,0,0,0,1,1,1,2,Basic,6,6,0,28,CEO and Executive Transformation,Clustered,CEO and Executive Transformation,https://www.leadershipnow.com/leadershop/images/9781529154801.jpg
BOOK01523,Inside Out,['Charlie Unwin'],LeadershipNow only,False,True,,2022,,,,,,,,,Hardcover,256.0,1,0,0,1,0,0,0,1,1,1,2,Basic,4,4,0,11,Organizational Culture and Trust,Clustered,Organizational Culture and Trust,https://www.leadershipnow.com/leadershop/images/9781529369779.jpg
BOOK01524,The Brain-Friendly Workplace,['Friederike Fabritius'],LeadershipNow only,False,True,,2022,,,,,,,,,Hardcover,240.0,1,0,0,1,0,0,0,1,1,1,2,Basic,5,5,0,10,Leadership Development,Clustered,Leadership Development,https://www.leadershipnow.com/leadershop/images/9781538159538.jpg
BOOK01525,Positive Communication for Leaders,['Julien C. Mirivel And Alexander Lyon'],LeadershipNow only,False,True,,2023,,,,,,,,,Hardcover,228.0,1,0,0,1,0,0,0,1,1,1,2,Basic,10,10,0,6,Communication,Clustered,Communication,https://www.leadershipnow.com/leadershop/images/9781538167618.jpg
BOOK01526,Dancing with Disruption,['Linda Rossetti'],LeadershipNow only,False,True,,2023,,,,,,,,,Hardcover,196.0,1,0,0,1,0,0,0,1,1,1,2,Basic,5,5,0,7,Broad Leadership and Success,Clustered,Broad Leadership and Success,https://www.leadershipnow.com/leadershop/images/9781538169377.jpg
BOOK01527,The A-Ha! Method,['Gabe Zichermann'],LeadershipNow only,False,True,,2023,,,,,,,,,Hardcover,233.0,1,0,0,1,0,0,0,1,1,1,2,Basic,5,5,0,7,Broad Leadership and Success,Clustered,Broad Leadership and Success,https://www.leadershipnow.com/leadershop/images/9781538172216.jpg
BOOK01528,Emotion By Design,['Greg Hoffman'],LeadershipNow only,False,True,,2022,,,,,,,,,Hardcover,304.0,1,0,0,1,0,0,0,1,1,1,2,Basic,5,5,0,28,CEO and Executive Transformation,Clustered,CEO and Executive Transformation,https://www.leadershipnow.com/leadershop/images/9781538705599.jpg
BOOK01529,Becoming a Changemaker,['Alex Budak'],LeadershipNow only,False,True,,2022,,,,,,,,,Hardcover,304.0,1,0,0,1,0,0,0,1,1,1,2,Basic,5,5,0,,,Not Clustered,Not Clustered,https://www.leadershipnow.com/leadershop/images/9781538707760.jpg
BOOK01530,The Wisdom of the Bullfrog,['Admiral William H. McRaven'],LeadershipNow only,False,True,,2023,,,,,,,,,Hardcover,224.0,1,0,0,1,0,0,0,1,1,1,2,Basic,9,9,0,28,CEO and Executive Transformation,Clustered,CEO and Executive Transformation,https://www.leadershipnow.com/leadershop/images/9781538707944.jpg
BOOK01531,Mastering Community,['Christine Porath'],LeadershipNow only,False,True,,2022,,,,,,,,,Hardcover,320.0,1,0,0,1,0,0,0,1,1,1,2,Basic,4,4,0,28,CEO and Executive Transformation,Clustered,CEO and Executive Transformation,https://www.leadershipnow.com/leadershop/images/9781538736869.jpg
BOOK01532,Seek,['Scott Shigeoka'],LeadershipNow only,False,True,,2023,,,,,,,,,Hardcover,256.0,1,0,0,1,0,0,0,1,1,1,2,Basic,3,3,0,0,Entrepreneurial and Growth Mindset,Clustered,Entrepreneurial and Growth Mindset,https://www.leadershipnow.com/leadershop/images/9781538740804.jpg
BOOK01533,Hope for Cynics,['Jamil Zaki'],LeadershipNow only,False,True,,2024,,,,,,,,,Hardcover,288.0,1,0,0,1,0,0,0,1,1,1,2,Basic,5,5,0,11,Organizational Culture and Trust,Clustered,Organizational Culture and Trust,https://www.leadershipnow.com/leadershop/images/9781538743065.jpg
BOOK01534,Sideline CEO,['Marty Smith / Foreword by Tim Tebow'],LeadershipNow only,False,True,,2023,,,,,,,,,Hardcover,256.0,1,0,0,1,0,0,0,1,1,1,2,Basic,9,9,0,28,CEO and Executive Transformation,Clustered,CEO and Executive Transformation,https://www.leadershipnow.com/leadershop/images/9781538758380.jpg
BOOK01535,Conquering Crisis,['Admiral William H. McRaven'],LeadershipNow only,False,True,,2025,,,,,,,,,Hardcover,240.0,1,0,0,1,0,0,0,1,1,1,2,Basic,6,6,0,28,CEO and Executive Transformation,Clustered,CEO and Executive Transformation,https://www.leadershipnow.com/leadershop/images/9781538771747.jpg
BOOK01536,Leadership Not by the Book,['David Green with Bill High'],LeadershipNow only,False,True,,2022,,,,,,,,,Hardcover,240.0,1,0,0,1,0,0,0,1,1,1,2,Basic,10,10,0,25,Transformational Leadership,Clustered,Transformational Leadership,https://www.leadershipnow.com/leadershop/images/9781540902245.jpg
BOOK01537,For Profit,['William Magnuson'],LeadershipNow only,False,True,,2023,,,,,,,,,Hardcover,368.0,1,0,0,1,0,0,0,1,1,1,2,Basic,4,4,0,11,Organizational Culture and Trust,Clustered,Organizational Culture and Trust,https://www.leadershipnow.com/leadershop/images/9781541601567.jpg
BOOK01538,Nobody's Fool,['Daniel Simons and Christopher Chabris'],LeadershipNow only,False,True,,2023,,,,,,,,,Hardcover,336.0,1,0,0,1,0,0,0,1,1,1,2,Basic,7,7,0,,,Not Clustered,Not Clustered,https://www.leadershipnow.com/leadershop/images/9781541602236.jpg
BOOK01539,The Self Delusion,['Gregory Berns'],LeadershipNow only,False,True,,2022,,,,,,,,,Hardcover,304.0,1,0,0,1,0,0,0,1,1,1,2,Basic,5,5,0,3,Future Thinking and Personal Development,Clustered,Future Thinking and Personal Development,https://www.leadershipnow.com/leadershop/images/9781541602298.jpg
BOOK01540,How to Expect the Unexpected,['Kit Yates'],LeadershipNow only,False,True,,2023,,,,,,,,,Hardcover,448.0,1,0,0,1,0,0,0,1,1,1,2,Basic,7,7,0,28,CEO and Executive Transformation,Clustered,CEO and Executive Transformation,https://www.leadershipnow.com/leadershop/images/9781541604933.jpg
BOOK01541,The Quest for Character,['Massimo Pigliucci'],LeadershipNow only,False,True,,2022,,,,,,,,,Hardcover,272.0,1,0,0,1,0,0,0,1,1,1,2,Basic,6,6,0,28,CEO and Executive Transformation,Clustered,CEO and Executive Transformation,https://www.leadershipnow.com/leadershop/images/9781541646971.jpg
BOOK01542,Awaken Your Genius,['Ozan Varol'],LeadershipNow only,False,True,,2023,,,,,,,,,Hardcover,288.0,1,0,0,1,0,0,0,1,1,1,2,Basic,5,5,0,28,CEO and Executive Transformation,Clustered,CEO and Executive Transformation,https://www.leadershipnow.com/leadershop/images/9781541700369.jpg
BOOK01543,For the Culture,['Marcus Collins'],LeadershipNow only,False,True,,2023,,,,,,,,,Hardcover,304.0,1,0,0,1,0,0,0,1,1,1,2,Basic,5,5,0,11,Organizational Culture and Trust,Clustered,Organizational Culture and Trust,https://www.leadershipnow.com/leadershop/images/9781541700963.jpg
BOOK01544,The Crux,['Richard P. Rumelt'],LeadershipNow only,False,True,,2022,,,,,,,,,Hardcover,368.0,1,0,0,1,0,0,0,1,1,1,2,Basic,5,5,0,,,Not Clustered,Not Clustered,https://www.leadershipnow.com/leadershop/images/9781541701243.jpg
BOOK01545,How to Beat a Broken Game,['Pedro Moura'],LeadershipNow only,False,True,,2022,,,,,,,,,Hardcover,272.0,1,0,0,1,0,0,0,1,1,1,2,Basic,8,8,0,28,CEO and Executive Transformation,Clustered,CEO and Executive Transformation,https://www.leadershipnow.com/leadershop/images/9781541701427.jpg
BOOK01546,The Future Is Analog,['David Sax'],LeadershipNow only,False,True,,2022,,,,,,,,,Hardcover,288.0,1,0,0,1,0,0,0,1,1,1,2,Basic,6,6,0,3,Future Thinking and Personal Development,Clustered,Future Thinking and Personal Development,https://www.leadershipnow.com/leadershop/images/9781541701557.jpg
BOOK01547,The Tao of Alibaba,['Brian A Wong'],LeadershipNow only,False,True,,2022,,,,,,,,,Hardcover,320.0,1,0,0,1,0,0,0,1,1,1,2,Basic,7,7,0,11,Organizational Culture and Trust,Clustered,Organizational Culture and Trust,https://www.leadershipnow.com/leadershop/images/9781541701656.jpg
BOOK01548,The Sound of the Future,['Tobias Dengel with Karl Weber'],LeadershipNow only,False,True,,2023,,,,,,,,,Hardcover,336.0,1,0,0,1,0,0,0,1,1,1,2,Basic,10,10,0,3,Future Thinking and Personal Development,Clustered,Future Thinking and Personal Development,https://www.leadershipnow.com/leadershop/images/9781541702363.jpg
BOOK01549,Credible,['Amanda Goodall'],LeadershipNow only,False,True,,2023,,,,,,,,,Hardcover,256.0,1,0,0,1,0,0,0,1,1,1,2,Basic,3,3,0,,,Not Clustered,Not Clustered,https://www.leadershipnow.com/leadershop/images/9781541702509.jpg
BOOK01550,The Life Cycle of a CEO,['Claudius A Hildebrand and Robert J Stark'],LeadershipNow only,False,True,,2024,,,,,,,,,Hardcover,320.0,1,0,0,1,0,0,0,1,1,1,2,Basic,13,13,0,28,CEO and Executive Transformation,Clustered,CEO and Executive Transformation,https://www.leadershipnow.com/leadershop/images/9781541702820.jpg
BOOK01551,A Leader's Destiny,['Elias Aboujaoude'],LeadershipNow only,False,True,,2024,,,,,,,,,Hardcover,320.0,1,0,0,1,0,0,0,1,1,1,2,Basic,5,5,0,7,Broad Leadership and Success,Clustered,Broad Leadership and Success,https://www.leadershipnow.com/leadershop/images/9781541703018.jpg
BOOK01552,The Creativity Choice,['Zorana Ivcevic Pringle'],LeadershipNow only,False,True,,2025,,,,,,,,,Hardcover,288.0,1,0,0,1,0,0,0,1,1,1,2,Basic,6,6,0,11,Organizational Culture and Trust,Clustered,Organizational Culture and Trust,https://www.leadershipnow.com/leadershop/images/9781541704329.jpg
BOOK01553,Pattern Breakers,['Mike Maples Jr and Peter Ziebelman'],LeadershipNow only,False,True,,2024,,,,,,,,,Hardcover,288.0,1,0,0,1,0,0,0,1,1,1,2,Basic,8,8,0,0,Entrepreneurial and Growth Mindset,Clustered,Entrepreneurial and Growth Mindset,https://www.leadershipnow.com/leadershop/images/9781541704350B.jpg
BOOK01554,Meaningful Work,['Wes Adams and Tamara Myles'],LeadershipNow only,False,True,,2025,,,,,,,,,Hardcover,320.0,1,0,0,1,0,0,0,1,1,1,2,Basic,7,7,0,15,Workplace and Generational Dynamics,Clustered,Workplace and Generational Dynamics,https://www.leadershipnow.com/leadershop/images/9781541704534.jpg
BOOK01555,There's Got to Be a Better Way,['Nelson P. Repenning and Donald C. Kieffer'],LeadershipNow only,False,True,,2025,,,,,,,,,Hardcover,320.0,1,0,0,1,0,0,0,1,1,1,2,Basic,14,14,0,11,Organizational Culture and Trust,Clustered,Organizational Culture and Trust,https://www.leadershipnow.com/leadershop/images/9781541704626.jpg
BOOK01556,The Dark Pattern,['Guido Palazzo and Ulrich Hoffrage'],LeadershipNow only,False,True,,2025,,,,,,,,,Hardcover,336.0,1,0,0,1,0,0,0,1,1,1,2,Basic,8,8,0,0,Entrepreneurial and Growth Mindset,Clustered,Entrepreneurial and Growth Mindset,https://www.leadershipnow.com/leadershop/images/9781541705302.jpg
BOOK01557,Manage Yourself to Lead Others,['Margaret C. Andrews'],LeadershipNow only,False,True,,2025,,,,,,,,,Hardcover,256.0,1,0,0,1,0,0,0,1,1,1,2,Basic,8,8,0,26,Contemporary Leadership Practice,Clustered,Contemporary Leadership Practice,https://www.leadershipnow.com/leadershop/images/9781541705685.jpg
BOOK01558,Why Managers Matter,['Nicolai J Foss and Peter G Klein'],LeadershipNow only,False,True,,2022,,,,,,,,,Hardcover,320.0,1,0,0,1,0,0,0,1,1,1,2,Basic,10,10,0,28,CEO and Executive Transformation,Clustered,CEO and Executive Transformation,https://www.leadershipnow.com/leadershop/images/9781541751040.jpg
BOOK01559,"Warriors, Rebels, and Saints",['Moshik Temkin'],LeadershipNow only,False,True,,2023,,,,,,,,,Hardcover,320.0,1,0,0,1,0,0,0,1,1,1,2,Basic,6,6,0,3,Future Thinking and Personal Development,Clustered,Future Thinking and Personal Development,https://www.leadershipnow.com/leadershop/images/9781541758476.jpg
BOOK01560,The Greatest Capitalist Who Ever Lived,['Ralph Watson McElvenny and Marc Wortman'],LeadershipNow only,False,True,,2023,,,,,,,,,Hardcover,592.0,1,0,0,1,0,0,0,1,1,1,2,Basic,12,12,0,28,CEO and Executive Transformation,Clustered,CEO and Executive Transformation,https://www.leadershipnow.com/leadershop/images/9781541768529.jpg
BOOK01561,You Can Be Yourself Here,['DDS Dobson-Smith'],LeadershipNow only,False,True,,2022,,,,,,,,,Paperback,180.0,1,0,0,1,0,0,0,1,1,1,2,Basic,7,7,0,,,Not Clustered,Not Clustered,https://www.leadershipnow.com/leadershop/images/9781544526546.jpg
BOOK01562,End Game First,['Mike Lefever and Roderick Jones'],LeadershipNow only,False,True,,2023,,,,,,,,,Hardcover,228.0,1,0,0,1,0,0,0,1,1,1,2,Basic,8,8,0,11,Organizational Culture and Trust,Clustered,Organizational Culture and Trust,https://www.leadershipnow.com/leadershop/images/9781544527567.jpg
BOOK01563,The Learn-It-All Leader,['Damon Lembi'],LeadershipNow only,False,True,,2023,,,,,,,,,Paperback,150.0,1,0,0,1,0,0,0,1,1,1,2,Basic,5,5,0,5,Leader Identity and Practice,Clustered,Leader Identity and Practice,https://www.leadershipnow.com/leadershop/images/9781544541631.jpg
BOOK01564,Best Team Ever,['David Burkus'],LeadershipNow only,False,True,,2023,,,,,,,,,Paperback,196.0,1,0,0,1,0,0,0,1,1,1,2,Basic,5,5,0,2,Team Leadership,Clustered,Team Leadership,https://www.leadershipnow.com/leadershop/images/9781544541747.jpg
BOOK01565,Blindspots,['Ryan Sorley'],LeadershipNow only,False,True,,2025,,,,,,,,,Hardcover,250.0,1,0,0,1,0,0,0,1,1,1,2,Basic,3,3,0,,,Not Clustered,Not Clustered,https://www.leadershipnow.com/leadershop/images/9781544547466.jpg
BOOK01566,The Thinker's Edge,['John C. Maxwell'],LeadershipNow only,False,True,,2022,,,,,,,,,Paperback,208.0,1,0,0,1,0,0,0,1,1,1,2,Basic,6,6,0,28,CEO and Executive Transformation,Clustered,CEO and Executive Transformation,https://www.leadershipnow.com/leadershop/images/9781546002482.jpg
BOOK01567,Trust,['Henry Cloud'],LeadershipNow only,False,True,,2023,,,,,,,,,Hardcover,304.0,1,0,0,1,0,0,0,1,1,1,2,Basic,3,3,0,11,Organizational Culture and Trust,Clustered,Organizational Culture and Trust,https://www.leadershipnow.com/leadershop/images/9781546003373.jpg
BOOK01568,"Go Woke, Go Broke",['Charles Gasparino'],LeadershipNow only,False,True,,2024,,,,,,,,,Hardcover,320.0,1,0,0,1,0,0,0,1,1,1,2,Basic,6,6,0,0,Entrepreneurial and Growth Mindset,Clustered,Entrepreneurial and Growth Mindset,https://www.leadershipnow.com/leadershop/images/9781546007418.jpg
BOOK01569,Nobody Is Coming to Save You,['Scott Mann'],LeadershipNow only,False,True,,2024,,,,,,,,,Hardcover,240.0,1,0,0,1,0,0,0,1,1,1,2,Basic,8,8,0,11,Organizational Culture and Trust,Clustered,Organizational Culture and Trust,https://www.leadershipnow.com/leadershop/images/9781546008286.jpg
BOOK01570,The Relationship-Driven Leader,['Karen Bridbord'],LeadershipNow only,False,True,,2025,,,,,,,,,Hardcover,320.0,1,0,0,1,0,0,0,1,1,1,2,Basic,5,5,0,5,Leader Identity and Practice,Clustered,Leader Identity and Practice,https://www.leadershipnow.com/leadershop/images/9781572843509.jpg
BOOK01571,Proactive Problem Solving,['Doug Hall'],LeadershipNow only,False,True,,2024,,,,,,,,,Hardcover,248.0,1,0,0,1,0,0,0,1,1,1,2,Basic,5,5,0,28,CEO and Executive Transformation,Clustered,CEO and Executive Transformation,https://www.leadershipnow.com/leadershop/images/9781578600021.jpg
BOOK01572,Get Pay Right,['Kent Plunkett and Heather Bussing'],LeadershipNow only,False,True,,2024,,,,,,,,,Paperback,186.0,1,0,0,1,0,0,0,1,1,1,2,Basic,8,8,0,7,Broad Leadership and Success,Clustered,Broad Leadership and Success,https://www.leadershipnow.com/leadershop/images/9781586446581.jpg
BOOK01573,On the Edge,['Nate Silver'],LeadershipNow only,False,True,,2024,,,,,,,,,Hardcover,496.0,1,0,0,1,0,0,0,1,1,1,2,Basic,5,5,0,28,CEO and Executive Transformation,Clustered,CEO and Executive Transformation,https://www.leadershipnow.com/leadershop/images/9781594204128.jpg
BOOK01574,Blind Spot,['Jon Clifton'],LeadershipNow only,False,True,,2022,,,,,,,,,Hardcover,352.0,1,0,0,1,0,0,0,1,1,1,2,Basic,4,4,0,,,Not Clustered,Not Clustered,https://www.leadershipnow.com/leadershop/images/9781595622457.jpg
BOOK01575,Culture Shock,['Jim Clifton and Jim Harter'],LeadershipNow only,False,True,,2023,,,,,,,,,Hardcover,336.0,1,0,0,1,0,0,0,1,1,1,2,Basic,7,7,0,11,Organizational Culture and Trust,Clustered,Organizational Culture and Trust,https://www.leadershipnow.com/leadershop/images/9781595622471.jpg
BOOK01576,The Ravens,['Robert Kiyosaki and James Rickards'],LeadershipNow only,False,True,,2022,,,,,,,,,Hardcover,240.0,1,0,0,1,0,0,0,1,1,1,2,Basic,7,7,0,,,Not Clustered,Not Clustered,https://www.leadershipnow.com/leadershop/images/9781612681009.jpg
BOOK01577,Lead Well,['Paula Davis'],LeadershipNow only,False,True,,2025,,,,,,,,,Paperback,168.0,1,0,0,1,0,0,0,1,1,1,2,Basic,4,4,0,26,Contemporary Leadership Practice,Clustered,Contemporary Leadership Practice,https://www.leadershipnow.com/leadershop/images/9781613631898.jpg
BOOK01578,In Praise of the Office,['Peter Cappelli and Ranya Nehmeh'],LeadershipNow only,False,True,,2025,,,,,,,,,Paperback,144.0,1,0,0,1,0,0,0,1,1,1,2,Basic,10,10,0,11,Organizational Culture and Trust,Clustered,Organizational Culture and Trust,https://www.leadershipnow.com/leadershop/images/9781613631935.jpg
BOOK01579,An Unplanned Life,['Franklin A. Thomas'],LeadershipNow only,False,True,,2022,,,,,,,,,Hardcover,304.0,1,0,0,1,0,0,0,1,1,1,2,Basic,6,6,0,28,CEO and Executive Transformation,Clustered,CEO and Executive Transformation,https://www.leadershipnow.com/leadershop/images/9781620977576.jpg
BOOK01580,How to Hold Power,['Pavini Moray'],LeadershipNow only,False,True,,2023,,,,,,,,,Paperback,240.0,1,0,0,1,0,0,0,1,1,1,2,Basic,6,6,0,22,Power and Influence,Clustered,Power and Influence,https://www.leadershipnow.com/leadershop/images/9781623179243.jpg
BOOK01581,The Transformation Factor,['J. Frank Harrison III'],LeadershipNow only,False,True,,2022,,,,,,,,,Hardcover,184.0,1,0,0,1,0,0,0,1,1,1,2,Basic,7,7,0,28,CEO and Executive Transformation,Clustered,CEO and Executive Transformation,https://www.leadershipnow.com/leadershop/images/9781626348448.jpg
BOOK01582,Leading Lightly,['Jody Michael'],LeadershipNow only,False,True,,2022,,,,,,,,,Hardcover,248.0,1,0,0,1,0,0,0,1,1,1,2,Basic,4,4,0,16,Leading Self and Others,Clustered,Leading Self and Others,https://www.leadershipnow.com/leadershop/images/9781626348998.jpg
BOOK01583,Finding the Way,['Cap Treeger'],LeadershipNow only,False,True,,2023,,,,,,,,,Hardcover,376.0,1,0,0,1,0,0,0,1,1,1,2,Basic,5,5,0,11,Organizational Culture and Trust,Clustered,Organizational Culture and Trust,https://www.leadershipnow.com/leadershop/images/9781626349117.jpg
BOOK01584,Elite and True,['James L. Barnhart'],LeadershipNow only,False,True,,2022,,,,,,,,,Hardcover,248.0,1,0,0,1,0,0,0,1,1,1,2,Basic,6,6,0,3,Future Thinking and Personal Development,Clustered,Future Thinking and Personal Development,https://www.leadershipnow.com/leadershop/images/9781626349681.jpg
BOOK01585,All the War They Want,['Jeffrey J. Engle'],LeadershipNow only,False,True,,2023,,,,,,,,,Hardcover,192.0,1,0,0,1,0,0,0,1,1,1,2,Basic,8,8,0,3,Future Thinking and Personal Development,Clustered,Future Thinking and Personal Development,https://www.leadershipnow.com/leadershop/images/9781626349728.jpg
BOOK01586,Perpetual Transformation,['PMI Project Management Institute'],LeadershipNow only,False,True,,2022,,,,,,,,,Paperback,212.0,1,0,0,1,0,0,0,1,1,1,2,Basic,6,6,0,28,CEO and Executive Transformation,Clustered,CEO and Executive Transformation,https://www.leadershipnow.com/leadershop/images/9781628257564.jpg
BOOK01587,The Peacemaker,['Ben Stein'],LeadershipNow only,False,True,,2023,,,,,,,,,Hardcover,256.0,1,0,0,1,0,0,0,1,1,1,2,Basic,4,4,0,28,CEO and Executive Transformation,Clustered,CEO and Executive Transformation,https://www.leadershipnow.com/leadershop/images/9781630062019.jpg
BOOK01588,Becoming a Master Communicator,['Renée Marino'],LeadershipNow only,False,True,,2022,,,,,,,,,Paperback,250.0,1,0,0,1,0,0,0,1,1,1,2,Basic,6,6,0,28,CEO and Executive Transformation,Clustered,CEO and Executive Transformation,https://www.leadershipnow.com/leadershop/images/9781631956003.jpg
BOOK01589,Ignite a Shift,['Stephen McGarvey'],LeadershipNow only,False,True,,2022,,,,,,,,,Hardcover,314.0,1,0,0,1,0,0,0,1,1,1,2,Basic,5,5,0,11,Organizational Culture and Trust,Clustered,Organizational Culture and Trust,https://www.leadershipnow.com/leadershop/images/9781631958052.jpg
BOOK01590,The Leader’s Toolbox,['Andre Young'],LeadershipNow only,False,True,,2022,,,,,,,,,Paperback,266.0,1,0,0,1,0,0,0,1,1,1,2,Basic,5,5,0,5,Leader Identity and Practice,Clustered,Leader Identity and Practice,https://www.leadershipnow.com/leadershop/images/9781631959233.jpg
BOOK01591,Leading to Succeed,['Wagner Denuzzo'],LeadershipNow only,False,True,,2024,,,,,,,,,Hardcover,176.0,1,0,0,1,0,0,0,1,1,1,2,Basic,5,5,0,16,Leading Self and Others,Clustered,Leading Self and Others,https://www.leadershipnow.com/leadershop/images/9781632261427.jpg
BOOK01592,The Decisive Manager,['Barbara Mitchell and Cornelia Gamlem'],LeadershipNow only,False,True,,2023,,,,,,,,,Paperback,224.0,1,0,0,1,0,0,0,1,1,1,2,Basic,8,8,0,7,Broad Leadership and Success,Clustered,Broad Leadership and Success,https://www.leadershipnow.com/leadershop/images/9781632652010.jpg
BOOK01593,How to Win Friends and Manage Remotely,['McKenna Sweazey'],LeadershipNow only,False,True,,2022,,,,,,,,,Paperback,224.0,1,0,0,1,0,0,0,1,1,1,2,Basic,9,9,0,7,Broad Leadership and Success,Clustered,Broad Leadership and Success,https://www.leadershipnow.com/leadershop/images/9781632652027.jpg
BOOK01594,Lead Boldly,['Hugh Blane'],LeadershipNow only,False,True,,2024,,,,,,,,,Paperback,240.0,1,0,0,1,0,0,0,1,1,1,2,Basic,4,4,0,26,Contemporary Leadership Practice,Clustered,Contemporary Leadership Practice,https://www.leadershipnow.com/leadershop/images/9781632652119.jpg
BOOK01595,The Trifecta of Trust,['Joseph R. Folkman'],LeadershipNow only,False,True,,2022,,,,,,,,,Paperback,194.0,1,0,0,1,0,0,0,1,1,1,2,Basic,7,7,0,11,Organizational Culture and Trust,Clustered,Organizational Culture and Trust,https://www.leadershipnow.com/leadershop/images/9781632995285.jpg
BOOK01596,The Leader's Playlist,['Susan Drumm'],LeadershipNow only,False,True,,2022,,,,,,,,,Paperback,174.0,1,0,0,1,0,0,0,1,1,1,2,Basic,5,5,0,7,Broad Leadership and Success,Clustered,Broad Leadership and Success,https://www.leadershipnow.com/leadershop/images/9781632996015.jpg
BOOK01597,The Unicorn Within,['Linda K. Yates'],LeadershipNow only,False,True,,2022,,,,,,,,,Paperback,272.0,1,0,0,1,0,0,0,1,1,1,2,Basic,6,6,0,28,CEO and Executive Transformation,Clustered,CEO and Executive Transformation,https://www.leadershipnow.com/leadershop/images/9781633698680.jpg
BOOK01598,Stage (Not Age),['Susan Wilner Golden'],LeadershipNow only,False,True,,2022,,,,,,,,,Hardcover,240.0,1,0,0,1,0,0,0,1,1,1,2,Basic,6,6,0,7,Broad Leadership and Success,Clustered,Broad Leadership and Success,https://www.leadershipnow.com/leadershop/images/9781633699472.jpg
BOOK01599,Nothing Is Random,['Matthew Kelly'],LeadershipNow only,False,True,,2025,,,,,,,,,Hardcover,272.0,1,0,0,1,0,0,0,1,1,1,2,Basic,5,5,0,28,CEO and Executive Transformation,Clustered,CEO and Executive Transformation,https://www.leadershipnow.com/leadershop/images/9781635822342.jpg
BOOK01600,Flawed Commanders and Strategy in the Battles for Italy,['Andrew Sangster and Pier Paolo Battistelli'],LeadershipNow only,False,True,,2023,,,,,,,,,Hardcover,288.0,1,0,0,1,0,0,0,1,1,1,2,Basic,15,15,0,0,Entrepreneurial and Growth Mindset,Clustered,Entrepreneurial and Growth Mindset,https://www.leadershipnow.com/leadershop/images/9781636243122.jpg
BOOK01601,Human Design For Business,['Jamie L. Palmer'],LeadershipNow only,False,True,,2023,,,,,,,,,Paperback,294.0,1,0,0,1,0,0,0,1,1,1,2,Basic,7,7,0,28,CEO and Executive Transformation,Clustered,CEO and Executive Transformation,https://www.leadershipnow.com/leadershop/images/9781636981680.jpg
BOOK01602,The Five Rules,['Stephen D. Black'],LeadershipNow only,False,True,,2023,,,,,,,,,Paperback,182.0,1,0,0,1,0,0,0,1,1,1,2,Basic,6,6,0,28,CEO and Executive Transformation,Clustered,CEO and Executive Transformation,https://www.leadershipnow.com/leadershop/images/9781636982014.jpg
BOOK01603,The Innovative Leader,"['Stephen Wunker, Jennifer Luo Law and Hari Nair']",LeadershipNow only,False,True,,2024,,,,,,,,,Paperback,274.0,1,0,0,1,0,0,0,1,1,1,2,Basic,11,11,0,5,Leader Identity and Practice,Clustered,Leader Identity and Practice,https://www.leadershipnow.com/leadershop/images/9781636983080.jpg
BOOK01604,Impact,['Keith V. Lucas'],LeadershipNow only,False,True,,2025,,,,,,,,,Paperback,220.0,1,0,0,1,0,0,0,1,1,1,2,Basic,4,4,0,28,CEO and Executive Transformation,Clustered,CEO and Executive Transformation,https://www.leadershipnow.com/leadershop/images/9781636986555.jpg
BOOK01605,One Move Makes All the Difference,['Martin R. Mendelson'],LeadershipNow only,False,True,,2025,,,,,,,,,Paperback,200.0,1,0,0,1,0,0,0,1,1,1,2,Basic,9,9,0,7,Broad Leadership and Success,Clustered,Broad Leadership and Success,https://www.leadershipnow.com/leadershop/images/9781636987897.jpg
BOOK01606,I Don’t Understand,['Buki Mosaku'],LeadershipNow only,False,True,,2023,,,,,,,,,Paperback,220.0,1,0,0,1,0,0,0,1,1,1,2,Basic,5,5,0,7,Broad Leadership and Success,Clustered,Broad Leadership and Success,https://www.leadershipnow.com/leadershop/images/9781637424872.jpg
BOOK01607,Lead With AI,['Amir Elkabir'],LeadershipNow only,False,True,,2024,,,,,,,,,Hardcover,150.0,1,0,0,1,0,0,0,1,1,1,2,Basic,5,5,0,26,Contemporary Leadership Practice,Clustered,Contemporary Leadership Practice,https://www.leadershipnow.com/leadershop/images/9781637425930.jpg
BOOK01608,Ignite All,['The Fusion Team'],LeadershipNow only,False,True,,2024,,,,,,,,,Paperback,195.0,1,0,0,1,0,0,0,1,1,1,2,Basic,5,5,0,11,Organizational Culture and Trust,Clustered,Organizational Culture and Trust,https://www.leadershipnow.com/leadershop/images/9781637426142.jpg
BOOK01609,The Open Culture Handbook,['Drew Jones'],LeadershipNow only,False,True,,2023,,,,,,,,,Paperback,168.0,1,0,0,1,0,0,0,1,1,1,2,Basic,6,6,0,11,Organizational Culture and Trust,Clustered,Organizational Culture and Trust,https://www.leadershipnow.com/leadershop/images/9781637551172.jpg
BOOK01610,The Risk Paradox,['Alan Ying and Doug Schneider'],LeadershipNow only,False,True,,2022,,,,,,,,,Hardcover,273.0,1,0,0,1,0,0,0,1,1,1,2,Basic,8,8,0,28,CEO and Executive Transformation,Clustered,CEO and Executive Transformation,https://www.leadershipnow.com/leadershop/images/9781637551530.jpg
BOOK01611,Lead and Let Live,['Barbie Brewer'],LeadershipNow only,False,True,,2023,,,,,,,,,Hardcover,160.0,1,0,0,1,0,0,0,1,1,1,2,Basic,6,6,0,26,Contemporary Leadership Practice,Clustered,Contemporary Leadership Practice,https://www.leadershipnow.com/leadershop/images/9781637554937.jpg
BOOK01612,Beyond High Performance,['Jason Jaggard'],LeadershipNow only,False,True,,2023,,,,,,,,,Hardcover,280.0,1,0,0,1,0,0,0,1,1,1,2,Basic,5,5,0,14,Performance Management,Clustered,Performance Management,https://www.leadershipnow.com/leadershop/images/9781637554968.jpg
BOOK01613,Relationships at Work,['Rachel B. Simon'],LeadershipNow only,False,True,,2023,,,,,,,,,Hardcover,296.0,1,0,0,1,0,0,0,1,1,1,2,Basic,6,6,0,15,Workplace and Generational Dynamics,Clustered,Workplace and Generational Dynamics,https://www.leadershipnow.com/leadershop/images/9781637555378.jpg
BOOK01614,Prepare for Impact,['Ryan Estis and Chad Estis'],LeadershipNow only,False,True,,2024,,,,,,,,,Hardcover,215.0,1,0,0,1,0,0,0,1,1,1,2,Basic,8,8,0,28,CEO and Executive Transformation,Clustered,CEO and Executive Transformation,https://www.leadershipnow.com/leadershop/images/9781637556481.jpg
BOOK01615,Mindstuck,['Michael McQueen'],LeadershipNow only,False,True,,2023,,,,,,,,,Hardcover,304.0,1,0,0,1,0,0,0,1,1,1,2,Basic,3,3,0,,,Not Clustered,Not Clustered,https://www.leadershipnow.com/leadershop/images/9781637557396.jpg
BOOK01616,Becoming Coachable,"['Scott Osman, Jacquelyn Lane and Marshall Goldsmith']",LeadershipNow only,False,True,,2023,,,,,,,,,Hardcover,264.0,1,0,0,1,0,0,0,1,1,1,2,Basic,9,9,0,,,Not Clustered,Not Clustered,https://www.leadershipnow.com/leadershop/images/9781637557686.jpg
BOOK01617,Modern Achievement,['Asheesh Advani and Marshall Goldsmith'],LeadershipNow only,False,True,,2024,,,,,,,,,Paperback,424.0,1,0,0,1,0,0,0,1,1,1,2,Basic,7,7,0,11,Organizational Culture and Trust,Clustered,Organizational Culture and Trust,https://www.leadershipnow.com/leadershop/images/9781637558256.jpg
BOOK01618,Resilience@Work,['Simon T. Bailey'],LeadershipNow only,False,True,,2024,,,,,,,,,Hardcover,128.0,1,0,0,1,0,0,0,1,1,1,2,Basic,4,4,0,15,Workplace and Generational Dynamics,Clustered,Workplace and Generational Dynamics,https://www.leadershipnow.com/leadershop/images/9781637559925.jpg
BOOK01619,Hunting Discomfort,['Sterling Hawkins'],LeadershipNow only,False,True,,2022,,,,,,,,,Hardcover,248.0,1,0,0,1,0,0,0,1,1,1,2,Basic,4,4,0,,,Not Clustered,Not Clustered,https://www.leadershipnow.com/leadershop/images/9781637560143.jpg
BOOK01620,Leaders Leap,['Steve Dennis'],LeadershipNow only,False,True,,2024,,,,,,,,,Hardcover,224.0,1,0,0,1,0,0,0,1,1,1,2,Basic,4,4,0,11,Organizational Culture and Trust,Clustered,Organizational Culture and Trust,https://www.leadershipnow.com/leadershop/images/9781637560297.jpg
BOOK01621,Angels and Entrepreneurs,['Bob Schlegel'],LeadershipNow only,False,True,,2022,,,,,,,,,Hardcover,256.0,1,0,0,1,0,0,0,1,1,1,2,Basic,5,5,0,0,Entrepreneurial and Growth Mindset,Clustered,Entrepreneurial and Growth Mindset,https://www.leadershipnow.com/leadershop/images/9781637581513.jpg
BOOK01622,No Red Lights,['Alan J. Patricof'],LeadershipNow only,False,True,,2022,,,,,,,,,Hardcover,248.0,1,0,0,1,0,0,0,1,1,1,2,Basic,6,6,0,7,Broad Leadership and Success,Clustered,Broad Leadership and Success,https://www.leadershipnow.com/leadershop/images/9781637582930.jpg
BOOK01623,Stand Alone,['Sabrina Lloyd'],LeadershipNow only,False,True,,2022,,,,,,,,,Hardcover,176.0,1,0,0,1,0,0,0,1,1,1,2,Basic,4,4,0,,,Not Clustered,Not Clustered,https://www.leadershipnow.com/leadershop/images/9781637582954.jpg
BOOK01624,SLAY the Bully,['Rebecca Zung'],LeadershipNow only,False,True,,2023,,,,,,,,,Paperback,176.0,1,0,0,1,0,0,0,1,1,1,2,Basic,5,5,0,,,Not Clustered,Not Clustered,https://www.leadershipnow.com/leadershop/images/9781637586860.jpg
BOOK01625,How the Best Did It,['Talmage Boston'],LeadershipNow only,False,True,,2025,,,,,,,,,Hardcover,400.0,1,0,0,1,0,0,0,1,1,1,2,Basic,7,7,0,11,Organizational Culture and Trust,Clustered,Organizational Culture and Trust,https://www.leadershipnow.com/leadershop/images/9781637586976.jpg
BOOK01626,Grace Under Pressure,['John Baldoni'],LeadershipNow only,False,True,,2023,,,,,,,,,Paperback,194.0,1,0,0,1,0,0,0,1,1,1,2,Basic,5,5,0,7,Broad Leadership and Success,Clustered,Broad Leadership and Success,https://www.leadershipnow.com/leadershop/images/9781637587560.jpg
BOOK01627,Building Trust,['Darryl Stickel'],LeadershipNow only,False,True,,2022,,,,,,,,,Hardcover,256.0,1,0,0,1,0,0,0,1,1,1,2,Basic,4,4,0,11,Organizational Culture and Trust,Clustered,Organizational Culture and Trust,https://www.leadershipnow.com/leadershop/images/9781637630792.jpg
BOOK01628,Turning Small Talk into Big Talk,['Jan Janura'],LeadershipNow only,False,True,,2023,,,,,,,,,Hardcover,240.0,1,0,0,1,0,0,0,1,1,1,2,Basic,8,8,0,28,CEO and Executive Transformation,Clustered,CEO and Executive Transformation,https://www.leadershipnow.com/leadershop/images/9781637631195.jpg
BOOK01629,Generosity Wins,['Monte Wood and Nicole F. Roberts'],LeadershipNow only,False,True,,2023,,,,,,,,,Hardcover,272.0,1,0,0,1,0,0,0,1,1,1,2,Basic,8,8,0,11,Organizational Culture and Trust,Clustered,Organizational Culture and Trust,https://www.leadershipnow.com/leadershop/images/9781637631812.jpg
BOOK01630,The Perfect 10,['Dave Liniger with Laura Morton'],LeadershipNow only,False,True,,2024,,,,,,,,,Hardcover,464.0,1,0,0,1,0,0,0,1,1,1,2,Basic,8,8,0,28,CEO and Executive Transformation,Clustered,CEO and Executive Transformation,https://www.leadershipnow.com/leadershop/images/9781637631836.jpg
BOOK01631,Aliveness Mindset,['Jack Craven'],LeadershipNow only,False,True,,2024,,,,,,,,,Hardcover,256.0,1,0,0,1,0,0,0,1,1,1,2,Basic,4,4,0,0,Entrepreneurial and Growth Mindset,Clustered,Entrepreneurial and Growth Mindset,https://www.leadershipnow.com/leadershop/images/9781637632611.jpg
BOOK01632,Awaken Your Potential,['Chad L. Reyes'],LeadershipNow only,False,True,,2024,,,,,,,,,Hardcover,272.0,1,0,0,1,0,0,0,1,1,1,2,Basic,6,6,0,28,CEO and Executive Transformation,Clustered,CEO and Executive Transformation,https://www.leadershipnow.com/leadershop/images/9781637632796.jpg
BOOK01633,Fire in the Hole!,['Bob Parsons with Laura Morton'],LeadershipNow only,False,True,,2024,,,,,,,,,Hardcover,320.0,1,0,0,1,0,0,0,1,1,1,2,Basic,9,9,0,,,Not Clustered,Not Clustered,https://www.leadershipnow.com/leadershop/images/9781637632987.jpg
BOOK01634,Aware,['Les Csorba'],LeadershipNow only,False,True,,2025,,,,,,,,,Hardcover,304.0,1,0,0,1,0,0,0,1,1,1,2,Basic,3,3,0,,,Not Clustered,Not Clustered,https://www.leadershipnow.com/leadershop/images/9781637634585.jpg
BOOK01635,The Public Relations Handbook,['Edited by Robert L. Dilenschneider'],LeadershipNow only,False,True,,2022,,,,,,,,,Hardcover,288.0,1,0,0,1,0,0,0,1,1,1,2,Basic,9,9,0,28,CEO and Executive Transformation,Clustered,CEO and Executive Transformation,https://www.leadershipnow.com/leadershop/images/9781637740613.jpg
BOOK01636,Straight Talk,['Rick Brandon'],LeadershipNow only,False,True,,2022,,,,,,,,,Hardcover,272.0,1,0,0,1,0,0,0,1,1,1,2,Basic,4,4,0,28,CEO and Executive Transformation,Clustered,CEO and Executive Transformation,https://www.leadershipnow.com/leadershop/images/9781637740651.jpg
BOOK01637,The Art of Principled Entrepreneurship,['Andreas Widmer'],LeadershipNow only,False,True,,2022,,,,,,,,,Hardcover,264.0,1,0,0,1,0,0,0,1,1,1,2,Basic,7,7,0,0,Entrepreneurial and Growth Mindset,Clustered,Entrepreneurial and Growth Mindset,https://www.leadershipnow.com/leadershop/images/9781637740699.jpg
BOOK01638,The Leadership Secrets of Nick Saban,['John Talty'],LeadershipNow only,False,True,,2022,,,,,,,,,Hardcover,256.0,1,0,0,1,0,0,0,1,1,1,2,Basic,8,8,0,25,Transformational Leadership,Clustered,Transformational Leadership,https://www.leadershipnow.com/leadershop/images/9781637740835.jpg
BOOK01639,The New Roaring Twenties,['Paul Zane Pilzer'],LeadershipNow only,False,True,,2023,,,,,,,,,Hardcover,256.0,1,0,0,1,0,0,0,1,1,1,2,Basic,7,7,0,0,Entrepreneurial and Growth Mindset,Clustered,Entrepreneurial and Growth Mindset,https://www.leadershipnow.com/leadershop/images/9781637740972.jpg
BOOK01640,No Point B,['Caleb Gardner'],LeadershipNow only,False,True,,2022,,,,,,,,,Hardcover,240.0,1,0,0,1,0,0,0,1,1,1,2,Basic,5,5,0,28,CEO and Executive Transformation,Clustered,CEO and Executive Transformation,https://www.leadershipnow.com/leadershop/images/9781637740996.jpg
BOOK01641,7 Rules of Power,['Jeffrey Pfeffer'],LeadershipNow only,False,True,,2022,,,,,,,,,Hardcover,240.0,1,0,0,1,0,0,0,1,1,1,2,Basic,6,6,0,22,Power and Influence,Clustered,Power and Influence,https://www.leadershipnow.com/leadershop/images/9781637741221.jpg
BOOK01642,Unlock Your Potential,['Jeff Lerner'],LeadershipNow only,False,True,,2022,,,,,,,,,Hardcover,368.0,1,0,0,1,0,0,0,1,1,1,2,Basic,5,5,0,28,CEO and Executive Transformation,Clustered,CEO and Executive Transformation,https://www.leadershipnow.com/leadershop/images/9781637741740.jpg
BOOK01643,There Is No Box,['Simon Cleveland and Marisa Cleveland'],LeadershipNow only,False,True,,2022,,,,,,,,,Hardcover,288.0,1,0,0,1,0,0,0,1,1,1,2,Basic,9,9,0,,,Not Clustered,Not Clustered,https://www.leadershipnow.com/leadershop/images/9781637741948.jpg
BOOK01644,"Fall in Love with the Problem, Not the Solution",['Uri Levine'],LeadershipNow only,False,True,,2023,,,,,,,,,Hardcover,304.0,1,0,0,1,0,0,0,1,1,1,2,Basic,11,11,0,3,Future Thinking and Personal Development,Clustered,Future Thinking and Personal Development,https://www.leadershipnow.com/leadershop/images/9781637741986.jpg
BOOK01645,Experiential Intelligence,['Soren Kaplan'],LeadershipNow only,False,True,,2023,,,,,,,,,Hardcover,264.0,1,0,0,1,0,0,0,1,1,1,2,Basic,4,4,0,18,Emotional Intelligence,Clustered,Emotional Intelligence,https://www.leadershipnow.com/leadershop/images/9781637742020.jpg
BOOK01646,Never Ride a Rollercoaster Upside Down,['Jeff Smulyan'],LeadershipNow only,False,True,,2022,,,,,,,,,Hardcover,328.0,1,0,0,1,0,0,0,1,1,1,2,Basic,8,8,0,11,Organizational Culture and Trust,Clustered,Organizational Culture and Trust,https://www.leadershipnow.com/leadershop/images/9781637742228.jpg
BOOK01647,Joy of Agility,['Joshua Kerievsky'],LeadershipNow only,False,True,,2023,,,,,,,,,Hardcover,288.0,1,0,0,1,0,0,0,1,1,1,2,Basic,5,5,0,,,Not Clustered,Not Clustered,https://www.leadershipnow.com/leadershop/images/9781637742778.jpg
BOOK01648,Culture Rules,['Mark Miller'],LeadershipNow only,False,True,,2023,,,,,,,,,Hardcover,264.0,1,0,0,1,0,0,0,1,1,1,2,Basic,4,4,0,11,Organizational Culture and Trust,Clustered,Organizational Culture and Trust,https://www.leadershipnow.com/leadershop/images/9781637742877.jpg
BOOK01649,"Farther, Faster, and Far Less Drama",['Janice Fraser and Jason Fraser'],LeadershipNow only,False,True,,2023,,,,,,,,,Hardcover,304.0,1,0,0,1,0,0,0,1,1,1,2,Basic,11,11,0,3,Future Thinking and Personal Development,Clustered,Future Thinking and Personal Development,https://www.leadershipnow.com/leadershop/images/9781637742891.jpg
BOOK01650,The Ultimate Guide to Power & Influence,['Robert L. Dilenschneider'],LeadershipNow only,False,True,,2023,,,,,,,,,Hardcover,256.0,1,0,0,1,0,0,0,1,1,1,2,Basic,10,10,0,22,Power and Influence,Clustered,Power and Influence,https://www.leadershipnow.com/leadershop/images/9781637742938.jpg
BOOK01651,The 6 Types of Working Genius,['Patrick M. Lencioni'],LeadershipNow only,False,True,,2022,,,,,,,,,Hardcover,181.0,1,0,0,1,0,0,0,1,1,1,2,Basic,9,9,0,28,CEO and Executive Transformation,Clustered,CEO and Executive Transformation,https://www.leadershipnow.com/leadershop/images/9781637743294.jpg
BOOK01652,Mastering Uncertainty,['Matt Watkinson and Csaba Konkoly'],LeadershipNow only,False,True,,2023,,,,,,,,,Hardcover,261.0,1,0,0,1,0,0,0,1,1,1,2,Basic,7,7,0,28,CEO and Executive Transformation,Clustered,CEO and Executive Transformation,https://www.leadershipnow.com/leadershop/images/9781637743621.jpg
BOOK01653,The 32 Principles,['Rener Gracie with Paul Volponi / Foreword by Jocko Willink'],LeadershipNow only,False,True,,2023,,,,,,,,,Hardcover,240.0,1,0,0,1,0,0,0,1,1,1,2,Basic,13,13,0,28,CEO and Executive Transformation,Clustered,CEO and Executive Transformation,https://www.leadershipnow.com/leadershop/images/9781637743669.jpg
BOOK01654,The Vagrant,['Dan Rockwell and John David Mann'],LeadershipNow only,False,True,,2023,,,,,,,,,Hardcover,160.0,1,0,0,1,0,0,0,1,1,1,2,Basic,8,8,0,,,Not Clustered,Not Clustered,https://www.leadershipnow.com/leadershop/images/9781637743706.jpg
BOOK01655,Fast Forward,['Wendy Leshgold and Lisa McCarthy'],LeadershipNow only,False,True,,2023,,,,,,,,,Hardcover,256.0,1,0,0,1,0,0,0,1,1,1,2,Basic,7,7,0,11,Organizational Culture and Trust,Clustered,Organizational Culture and Trust,https://www.leadershipnow.com/leadershop/images/9781637744000.jpg
BOOK01656,Belonging Rules,['Brad Deutser'],LeadershipNow only,False,True,,2023,,,,,,,,,Hardcover,256.0,1,0,0,1,0,0,0,1,1,1,2,Basic,4,4,0,28,CEO and Executive Transformation,Clustered,CEO and Executive Transformation,https://www.leadershipnow.com/leadershop/images/9781637744024.jpg
BOOK01657,The Idea Is the Easy Part,['Brian Dovey'],LeadershipNow only,False,True,,2023,,,,,,,,,Hardcover,256.0,1,0,0,1,0,0,0,1,1,1,2,Basic,8,8,0,11,Organizational Culture and Trust,Clustered,Organizational Culture and Trust,https://www.leadershipnow.com/leadershop/images/9781637744048.jpg
BOOK01658,Ask Like an Auctioneer,['Dia Bondi'],LeadershipNow only,False,True,,2023,,,,,,,,,Hardcover,256.0,1,0,0,1,0,0,0,1,1,1,2,Basic,6,6,0,11,Organizational Culture and Trust,Clustered,Organizational Culture and Trust,https://www.leadershipnow.com/leadershop/images/9781637744123.jpg
BOOK01659,Crossing the Desert,['Payam Zamani'],LeadershipNow only,False,True,,2024,,,,,,,,,Hardcover,352.0,1,0,0,1,0,0,0,1,1,1,2,Basic,5,5,0,,,Not Clustered,Not Clustered,https://www.leadershipnow.com/leadershop/images/9781637744604.jpg
BOOK01660,Uncommon Greatness,['Mark Miller'],LeadershipNow only,False,True,,2024,,,,,,,,,Hardcover,272.0,1,0,0,1,0,0,0,1,1,1,2,Basic,4,4,0,7,Broad Leadership and Success,Clustered,Broad Leadership and Success,https://www.leadershipnow.com/leadershop/images/9781637744703.jpg
BOOK01661,Irreplaceable,['Kevin Ervin Kelley'],LeadershipNow only,False,True,,2024,,,,,,,,,Hardcover,256.0,1,0,0,1,0,0,0,1,1,1,2,Basic,4,4,0,28,CEO and Executive Transformation,Clustered,CEO and Executive Transformation,https://www.leadershipnow.com/leadershop/images/9781637744741.jpg
BOOK01662,Making Waves,['Lisa Lutoff-Perlo with Sarah McArthur'],LeadershipNow only,False,True,,2024,,,,,,,,,Hardcover,224.0,1,0,0,1,0,0,0,1,1,1,2,Basic,7,7,0,4,Decision Making,Clustered,Decision Making,https://www.leadershipnow.com/leadershop/images/9781637744802.jpg
BOOK01663,Unstoppable Mindset,['Alden Mills'],LeadershipNow only,False,True,,2024,,,,,,,,,Hardcover,256.0,1,0,0,1,0,0,0,1,1,1,2,Basic,4,4,0,0,Entrepreneurial and Growth Mindset,Clustered,Entrepreneurial and Growth Mindset,https://www.leadershipnow.com/leadershop/images/9781637744840.jpg
BOOK01664,The Hacker Mindset,['Garrett Gee'],LeadershipNow only,False,True,,2024,,,,,,,,,Hardcover,256.0,1,0,0,1,0,0,0,1,1,1,2,Basic,5,5,0,0,Entrepreneurial and Growth Mindset,Clustered,Entrepreneurial and Growth Mindset,https://www.leadershipnow.com/leadershop/images/9781637744864.jpg
BOOK01665,Shine,['Gino Wickman and Rob Dube'],LeadershipNow only,False,True,,2024,,,,,,,,,Hardcover,256.0,1,0,0,1,0,0,0,1,1,1,2,Basic,6,6,0,,,Not Clustered,Not Clustered,https://www.leadershipnow.com/leadershop/images/9781637745144.jpg
BOOK01666,The Score That Matters,['Ryan Hawk and Brook Cupps'],LeadershipNow only,False,True,,2024,,,,,,,,,Hardcover,256.0,1,0,0,1,0,0,0,1,1,1,2,Basic,9,9,0,11,Organizational Culture and Trust,Clustered,Organizational Culture and Trust,https://www.leadershipnow.com/leadershop/images/9781637745236.jpg
BOOK01667,Becoming a Self-Reliant Leader,['Jan Rutherford and Jacquie Jordan'],LeadershipNow only,False,True,,2024,,,,,,,,,Hardcover,288.0,1,0,0,1,0,0,0,1,1,1,2,Basic,9,9,0,5,Leader Identity and Practice,Clustered,Leader Identity and Practice,https://www.leadershipnow.com/leadershop/images/9781637745595.jpg
BOOK01668,Elevate Your Excellence,['Dave Anderson'],LeadershipNow only,False,True,,2024,,,,,,,,,Hardcover,200.0,1,0,0,1,0,0,0,1,1,1,2,Basic,5,5,0,3,Future Thinking and Personal Development,Clustered,Future Thinking and Personal Development,https://www.leadershipnow.com/leadershop/images/9781637745618.jpg
BOOK01669,Rebel,['Graham Cochrane / Jon Gordon\x97Foreword'],LeadershipNow only,False,True,,2024,,,,,,,,,Hardcover,208.0,1,0,0,1,0,0,0,1,1,1,2,Basic,6,6,0,28,CEO and Executive Transformation,Clustered,CEO and Executive Transformation,https://www.leadershipnow.com/leadershop/images/9781637745656.jpg
BOOK01670,The Entrepreneurial Mindset Advantage,['Gary G. Schoeniger'],LeadershipNow only,False,True,,2024,,,,,,,,,Hardcover,256.0,1,0,0,1,0,0,0,1,1,1,2,Basic,7,7,0,0,Entrepreneurial and Growth Mindset,Clustered,Entrepreneurial and Growth Mindset,https://www.leadershipnow.com/leadershop/images/9781637745779.jpg
BOOK01671,Go One More,['Nick Bare'],LeadershipNow only,False,True,,2025,,,,,,,,,Hardcover,288.0,1,0,0,1,0,0,0,1,1,1,2,Basic,5,5,0,,,Not Clustered,Not Clustered,https://www.leadershipnow.com/leadershop/images/9781637746219.jpg
BOOK01672,Perseverance > Endurance,['Blayne Smith and Brandon Young'],LeadershipNow only,False,True,,2025,,,,,,,,,Hardcover,256.0,1,0,0,1,0,0,0,1,1,1,2,Basic,8,8,0,28,CEO and Executive Transformation,Clustered,CEO and Executive Transformation,https://www.leadershipnow.com/leadershop/images/9781637746271.jpg
BOOK01673,Leading Giants,['Dave Durand'],LeadershipNow only,False,True,,2025,,,,,,,,,Hardcover,168.0,1,0,0,1,0,0,0,1,1,1,2,Basic,4,4,0,16,Leading Self and Others,Clustered,Leading Self and Others,https://www.leadershipnow.com/leadershop/images/9781637746332.jpg
BOOK01674,Detach,['Bob Rosen'],LeadershipNow only,False,True,,2025,,,,,,,,,Hardcover,272.0,1,0,0,1,0,0,0,1,1,1,2,Basic,3,3,0,,,Not Clustered,Not Clustered,https://www.leadershipnow.com/leadershop/images/9781637746455.jpg
BOOK01675,All Business Is Personal,['Joseph A. Michelli'],LeadershipNow only,False,True,,2025,,,,,,,,,Hardcover,256.0,1,0,0,1,0,0,0,1,1,1,2,Basic,7,7,0,13,General Business and Management,Clustered,General Business and Management,https://www.leadershipnow.com/leadershop/images/9781637746769.jpg
BOOK01676,Reinventing the Leader,['Gui Loureiro and Carlos E. Marin'],LeadershipNow only,False,True,,2025,,,,,,,,,Hardcover,288.0,1,0,0,1,0,0,0,1,1,1,2,Basic,9,9,0,5,Leader Identity and Practice,Clustered,Leader Identity and Practice,https://www.leadershipnow.com/leadershop/images/9781637746806.jpg
BOOK01677,Time to Get Real,['Julie Wainwright'],LeadershipNow only,False,True,,2025,,,,,,,,,Hardcover,240.0,1,0,0,1,0,0,0,1,1,1,2,Basic,6,6,0,7,Broad Leadership and Success,Clustered,Broad Leadership and Success,https://www.leadershipnow.com/leadershop/images/9781637746868.jpg
BOOK01678,"Founders, Keepers",['Richard Hagberg and Tien Tzuo with Gabe Weisert'],LeadershipNow only,False,True,,2025,,,,,,,,,Hardcover,240.0,1,0,0,1,0,0,0,1,1,1,2,Basic,10,10,0,28,CEO and Executive Transformation,Clustered,CEO and Executive Transformation,https://www.leadershipnow.com/leadershop/images/9781637746905.jpg
BOOK01679,Unruly,['Lauren Wittenberg Weiner - Foreword by General Stanley McChrystal'],LeadershipNow only,False,True,,2025,,,,,,,,,Hardcover,256.0,1,0,0,1,0,0,0,1,1,1,2,Basic,10,10,0,,,Not Clustered,Not Clustered,https://www.leadershipnow.com/leadershop/images/9781637746967.jpg
BOOK01680,Lead Every Day,['Mark Miller and Randy Gravitt'],LeadershipNow only,False,True,,2025,,,,,,,,,Hardcover,264.0,1,0,0,1,0,0,0,1,1,1,2,Basic,8,8,0,26,Contemporary Leadership Practice,Clustered,Contemporary Leadership Practice,https://www.leadershipnow.com/leadershop/images/9781637747278.jpg
BOOK01681,The Transformation Principles,['Hemant Taneja with Kevin Maney'],LeadershipNow only,False,True,,2025,,,,,,,,,Hardcover,240.0,1,0,0,1,0,0,0,1,1,1,2,Basic,8,8,0,28,CEO and Executive Transformation,Clustered,CEO and Executive Transformation,https://www.leadershipnow.com/leadershop/images/9781637747353.jpg
BOOK01682,"Small Moves, Big Life",['Andrea Leigh Rogers'],LeadershipNow only,False,True,,2025,,,,,,,,,Paperback,256.0,1,0,0,1,0,0,0,1,1,1,2,Basic,7,7,0,28,CEO and Executive Transformation,Clustered,CEO and Executive Transformation,https://www.leadershipnow.com/leadershop/images/9781637747452.jpg
BOOK01683,You to the Power of Two,['Joseph Bradley and Don Tapscott'],LeadershipNow only,False,True,,2025,,,,,,,,,Hardcover,400.0,1,0,0,1,0,0,0,1,1,1,2,Basic,11,11,0,22,Power and Influence,Clustered,Power and Influence,https://www.leadershipnow.com/leadershop/images/9781637747841.jpg
BOOK01684,Building Corporate Soul,['Ralf Specht'],LeadershipNow only,False,True,,2022,,,,,,,,,Hardcover,288.0,1,0,0,1,0,0,0,1,1,1,2,Basic,5,5,0,7,Broad Leadership and Success,Clustered,Broad Leadership and Success,https://www.leadershipnow.com/leadershop/images/9781639080021.jpg
BOOK01685,The Double Bottom Line,['Donato Tramuto and Tami Booth Corwin'],LeadershipNow only,False,True,,2022,,,,,,,,,Hardcover,320.0,1,0,0,1,0,0,0,1,1,1,2,Basic,10,10,0,7,Broad Leadership and Success,Clustered,Broad Leadership and Success,https://www.leadershipnow.com/leadershop/images/9781639080045.jpg
BOOK01686,The Culture Climb,['Jaime Taets with Chelsey Paulson'],LeadershipNow only,False,True,,2023,,,,,,,,,Hardcover,224.0,1,0,0,1,0,0,0,1,1,1,2,Basic,8,8,0,11,Organizational Culture and Trust,Clustered,Organizational Culture and Trust,https://www.leadershipnow.com/leadershop/images/9781639080328.jpg
BOOK01687,Don't Lead Alone,['Cleveland Justis and Daniel Student'],LeadershipNow only,False,True,,2023,,,,,,,,,Paperback,254.0,1,0,0,1,0,0,0,1,1,1,2,Basic,8,8,0,26,Contemporary Leadership Practice,Clustered,Contemporary Leadership Practice,https://www.leadershipnow.com/leadershop/images/9781639080403.jpg
BOOK01688,The Growth Leader,['Scott K. Edinger'],LeadershipNow only,False,True,,2023,,,,,,,,,Hardcover,200.0,1,0,0,1,0,0,0,1,1,1,2,Basic,6,6,0,5,Leader Identity and Practice,Clustered,Leader Identity and Practice,https://www.leadershipnow.com/leadershop/images/9781639080472.jpg
BOOK01689,A Hidden Force,['Ed Thompson'],LeadershipNow only,False,True,,2023,,,,,,,,,Paperback,304.0,1,0,0,1,0,0,0,1,1,1,2,Basic,5,5,0,28,CEO and Executive Transformation,Clustered,CEO and Executive Transformation,https://www.leadershipnow.com/leadershop/images/9781639080588.jpg
BOOK01690,Delivering the Wow,['Richard Fain'],LeadershipNow only,False,True,,2025,,,,,,,,,Hardcover,240.0,1,0,0,1,0,0,0,1,1,1,2,Basic,5,5,0,7,Broad Leadership and Success,Clustered,Broad Leadership and Success,https://www.leadershipnow.com/leadershop/images/9781639081592.jpg
BOOK01691,Founded,['Melissa Kaufman and Mike Raab'],LeadershipNow only,False,True,,2022,,,,,,,,,Paperback,224.0,1,0,0,1,0,0,0,1,1,1,2,Basic,6,6,0,,,Not Clustered,Not Clustered,https://www.leadershipnow.com/leadershop/images/9781639090075.jpg
BOOK01692,Grow,['Michael McFall'],LeadershipNow only,False,True,,2023,,,,,,,,,Paperback,360.0,1,0,0,1,0,0,0,1,1,1,2,Basic,3,3,0,0,Entrepreneurial and Growth Mindset,Clustered,Entrepreneurial and Growth Mindset,https://www.leadershipnow.com/leadershop/images/9781639090105.jpg
BOOK01693,When Grit Is Not Enough,['Dean Guida'],LeadershipNow only,False,True,,2024,,,,,,,,,Hardcover,320.0,1,0,0,1,0,0,0,1,1,1,2,Basic,7,7,0,,,Not Clustered,Not Clustered,https://www.leadershipnow.com/leadershop/images/9781639090259.jpg
BOOK01694,Brand ON!,['Brandon Coleman Jr'],LeadershipNow only,False,True,,2025,,,,,,,,,Hardcover,200.0,1,0,0,1,0,0,0,1,1,1,2,Basic,5,5,0,11,Organizational Culture and Trust,Clustered,Organizational Culture and Trust,https://www.leadershipnow.com/leadershop/images/9781639090518.jpg
BOOK01695,Running the Gauntlet,['Meg Thomas Crosby and Howard Cleveland'],LeadershipNow only,False,True,,2025,,,,,,,,,Hardcover,222.0,1,0,0,1,0,0,0,1,1,1,2,Basic,9,9,0,7,Broad Leadership and Success,Clustered,Broad Leadership and Success,https://www.leadershipnow.com/leadershop/images/9781639090563.jpg
BOOK01696,The Power of Culture,['Laura Hamill'],LeadershipNow only,False,True,,2024,,,,,,,,,Hardcover,224.0,1,0,0,1,0,0,0,1,1,1,2,Basic,6,6,0,22,Power and Influence,Clustered,Power and Influence,https://www.leadershipnow.com/leadershop/images/9781639367283.jpg
BOOK01697,50 Ideas that Changed the World of Work,['Jeremy Kourdi and Jonathan Besser'],LeadershipNow only,False,True,,2025,,,,,,,,,Hardcover,304.0,1,0,0,1,0,0,0,1,1,1,2,Basic,13,13,0,15,Workplace and Generational Dynamics,Clustered,Workplace and Generational Dynamics,https://www.leadershipnow.com/leadershop/images/9781639368495.jpg
BOOK01698,Habits of a Peacemaker,['Steven T. Collis'],LeadershipNow only,False,True,,2024,,,,,,,,,Hardcover,256.0,1,0,0,1,0,0,0,1,1,1,2,Basic,7,7,0,28,CEO and Executive Transformation,Clustered,CEO and Executive Transformation,https://www.leadershipnow.com/leadershop/images/9781639932979.jpg
BOOK01699,A Failure of Nerve in 52 Weeks,['Edwin H. Friedman'],LeadershipNow only,False,True,,2023,,,,,,,,,Hardcover,224.0,1,0,0,1,0,0,0,1,1,1,2,Basic,10,10,0,11,Organizational Culture and Trust,Clustered,Organizational Culture and Trust,https://www.leadershipnow.com/leadershop/images/9781640656529.jpg
BOOK01700,Momentum,['Sam Silverstein'],LeadershipNow only,False,True,,2024,,,,,,,,,Paperback,176.0,1,0,0,1,0,0,0,1,1,1,2,Basic,3,3,0,,,Not Clustered,Not Clustered,https://www.leadershipnow.com/leadershop/images/9781640955523.jpg
BOOK01701,"Mentally Fit, Powerfully Resilient, Competitively Strong",['Meridith Elliott Powell'],LeadershipNow only,False,True,,2024,,,,,,,,,Paperback,96.0,1,0,0,1,0,0,0,1,1,1,2,Basic,9,9,0,28,CEO and Executive Transformation,Clustered,CEO and Executive Transformation,https://www.leadershipnow.com/leadershop/images/9781640955561.jpg
BOOK01702,Winning for Life,['Denis Waitley'],LeadershipNow only,False,True,,2024,,,,,,,,,Paperback,272.0,1,0,0,1,0,0,0,1,1,1,2,Basic,5,5,0,28,CEO and Executive Transformation,Clustered,CEO and Executive Transformation,https://www.leadershipnow.com/leadershop/images/9781640955677.jpg
BOOK01703,Be Astonishing,['Sam Silverstein and Allison Silverstein'],LeadershipNow only,False,True,,2025,,,,,,,,,Paperback,176.0,1,0,0,1,0,0,0,1,1,1,2,Basic,7,7,0,,,Not Clustered,Not Clustered,https://www.leadershipnow.com/leadershop/images/9781640955837.jpg
BOOK01704,Positive Influence,['Brian Smith and Mary Griffin'],LeadershipNow only,False,True,,2023,,,,,,,,,Hardcover,350.0,1,0,0,1,0,0,0,1,1,1,2,Basic,7,7,0,28,CEO and Executive Transformation,Clustered,CEO and Executive Transformation,https://www.leadershipnow.com/leadershop/images/9781641467629.jpg
BOOK01705,The Seven Tensions of Negotiation,['Cash Nickerson'],LeadershipNow only,False,True,,2024,,,,,,,,,Paperback,240.0,1,0,0,1,0,0,0,1,1,1,2,Basic,7,7,0,11,Organizational Culture and Trust,Clustered,Organizational Culture and Trust,https://www.leadershipnow.com/leadershop/images/9781641468947.jpg
BOOK01706,Winning Through Failure,['C. Robert Banovac'],LeadershipNow only,False,True,,2024,,,,,,,,,Hardcover,175.0,1,0,0,1,0,0,0,1,1,1,2,Basic,6,6,0,11,Organizational Culture and Trust,Clustered,Organizational Culture and Trust,https://www.leadershipnow.com/leadershop/images/9781641469029.jpg
BOOK01707,Stop the Shift Show,['Scott Greenberg'],LeadershipNow only,False,True,,2024,,,,,,,,,Paperback,308.0,1,0,0,1,0,0,0,1,1,1,2,Basic,6,6,0,11,Organizational Culture and Trust,Clustered,Organizational Culture and Trust,https://www.leadershipnow.com/leadershop/images/9781642011623.jpg
BOOK01708,Extreme Balance,"['Joe De Sena, Ben Askren and David Sacks']",LeadershipNow only,False,True,,2024,,,,,,,,,Paperback,200.0,1,0,0,1,0,0,0,1,1,1,2,Basic,10,10,0,11,Organizational Culture and Trust,Clustered,Organizational Culture and Trust,https://www.leadershipnow.com/leadershop/images/9781642011777.jpg
BOOK01709,The Seismic Shift In Leadership,['Michelle K. Johnston PhD'],LeadershipNow only,False,True,,2022,,,,,,,,,Hardcover,216.0,1,0,0,1,0,0,0,1,1,1,2,Basic,9,9,0,11,Organizational Culture and Trust,Clustered,Organizational Culture and Trust,https://www.leadershipnow.com/leadershop/images/9781642251425.jpg
BOOK01710,Your Time With The Baton,['Steve Braverman'],LeadershipNow only,False,True,,2023,,,,,,,,,Hardcover,112.0,1,0,0,1,0,0,0,1,1,1,2,Basic,7,7,0,7,Broad Leadership and Success,Clustered,Broad Leadership and Success,https://www.leadershipnow.com/leadershop/images/9781642254136.jpg
BOOK01711,From Welfare To CEO,['Korena Keys'],LeadershipNow only,False,True,,2024,,,,,,,,,Paperback,150.0,1,0,0,1,0,0,0,1,1,1,2,Basic,6,6,0,28,CEO and Executive Transformation,Clustered,CEO and Executive Transformation,https://www.leadershipnow.com/leadershop/images/9781642255942.jpg
BOOK01712,The Farmer’s Code,['Mike C. Young'],LeadershipNow only,False,True,,2024,,,,,,,,,Hardcover,208.0,1,0,0,1,0,0,0,1,1,1,2,Basic,6,6,0,7,Broad Leadership and Success,Clustered,Broad Leadership and Success,https://www.leadershipnow.com/leadershop/images/9781642256635.jpg
BOOK01713,Leading for Impact,['Jennifer Schielke'],LeadershipNow only,False,True,,2024,,,,,,,,,Paperback,176.0,1,0,0,1,0,0,0,1,1,1,2,Basic,5,5,0,16,Leading Self and Others,Clustered,Leading Self and Others,https://www.leadershipnow.com/leadershop/images/9781642257625.jpg
BOOK01714,Upheaval,['Paul Hiltz and Amanda Lucey'],LeadershipNow only,False,True,,2024,,,,,,,,,Hardcover,280.0,1,0,0,1,0,0,0,1,1,1,2,Basic,6,6,0,,,Not Clustered,Not Clustered,https://www.leadershipnow.com/leadershop/images/9781642257861.jpg
BOOK01715,The Goodwill Jar,['Nick O. Rowe'],LeadershipNow only,False,True,,2024,,,,,,,,,Paperback,164.0,1,0,0,1,0,0,0,1,1,1,2,Basic,6,6,0,,,Not Clustered,Not Clustered,https://www.leadershipnow.com/leadershop/images/9781642258561.jpg
BOOK01716,From Tension to Transformation,['Janet M. Harvey'],LeadershipNow only,False,True,,2024,,,,,,,,,Paperback,222.0,1,0,0,1,0,0,0,1,1,1,2,Basic,7,7,0,28,CEO and Executive Transformation,Clustered,CEO and Executive Transformation,https://www.leadershipnow.com/leadershop/images/9781642259186.jpg
BOOK01717,Leadership Shock,['Pete Steinberg'],LeadershipNow only,False,True,,2024,,,,,,,,,Hardcover,190.0,1,0,0,1,0,0,0,1,1,1,2,Basic,4,4,0,25,Transformational Leadership,Clustered,Transformational Leadership,https://www.leadershipnow.com/leadershop/images/9781642259377.jpg
BOOK01718,"Dark, Dirty, Dangerous",['Karla Trotman'],LeadershipNow only,False,True,,2024,,,,,,,,,Paperback,192.0,1,0,0,1,0,0,0,1,1,1,2,Basic,5,5,0,0,Entrepreneurial and Growth Mindset,Clustered,Entrepreneurial and Growth Mindset,https://www.leadershipnow.com/leadershop/images/9781642259902.jpg
BOOK01719,Change,"['Curtis Bateman, Marche Pleshette, Andy Cindrich and Christi Phillips']",LeadershipNow only,False,True,,2023,,,,,,,,,Hardcover,260.0,1,0,0,1,0,0,0,1,1,1,2,Basic,10,10,0,9,Change Management,Clustered,Change Management,https://www.leadershipnow.com/leadershop/images/9781642507946.jpg
BOOK01720,Shackleton,['Ranulph Fiennes'],LeadershipNow only,False,True,,2022,,,,,,,,,Hardcover,452.0,1,0,0,1,0,0,0,1,1,1,2,Basic,3,3,0,,,Not Clustered,Not Clustered,https://www.leadershipnow.com/leadershop/images/9781643138794.jpg
BOOK01721,Your Year of Wonders,['Nick Tasler'],LeadershipNow only,False,True,,2025,,,,,,,,,Paperback,104.0,1,0,0,1,0,0,0,1,1,1,2,Basic,6,6,0,11,Organizational Culture and Trust,Clustered,Organizational Culture and Trust,https://www.leadershipnow.com/leadershop/images/9781643435466.jpg
BOOK01722,The Gift of Lift,['David R York'],LeadershipNow only,False,True,,2022,,,,,,,,,Paperback,206.0,1,0,0,1,0,0,0,1,1,1,2,Basic,7,7,0,0,Entrepreneurial and Growth Mindset,Clustered,Entrepreneurial and Growth Mindset,https://www.leadershipnow.com/leadershop/images/9781646636617.jpg
BOOK01723,Take Charge of You,['David Novak and Jason Goldsmith'],LeadershipNow only,False,True,,2022,,,,,,,,,Hardcover,175.0,1,0,0,1,0,0,0,1,1,1,2,Basic,9,9,0,,,Not Clustered,Not Clustered,https://www.leadershipnow.com/leadershop/images/9781646870615.jpg
BOOK01724,Talent,['Ram Charan and Anish Batlaw'],LeadershipNow only,False,True,,2022,,,,,,,,,Hardcover,168.0,1,0,0,1,0,0,0,1,1,1,2,Basic,6,6,0,28,CEO and Executive Transformation,Clustered,CEO and Executive Transformation,https://www.leadershipnow.com/leadershop/images/9781646870776.jpg
BOOK01725,Irresistible,['Josh Bersin'],LeadershipNow only,False,True,,2022,,,,,,,,,Hardcover,225.0,1,0,0,1,0,0,0,1,1,1,2,Basic,3,3,0,28,CEO and Executive Transformation,Clustered,CEO and Executive Transformation,https://www.leadershipnow.com/leadershop/images/9781646871100.jpg
BOOK01726,Leading Through Inflation,['Ram Charan and Geri Willigan'],LeadershipNow only,False,True,,2022,,,,,,,,,Hardcover,134.0,1,0,0,1,0,0,0,1,1,1,2,Basic,8,8,0,16,Leading Self and Others,Clustered,Leading Self and Others,https://www.leadershipnow.com/leadershop/images/9781646871216.jpg
BOOK01727,Wonderhell,['Laura Gassner Otting'],LeadershipNow only,False,True,,2023,,,,,,,,,Hardcover,180.0,1,0,0,1,0,0,0,1,1,1,2,Basic,4,4,0,,,Not Clustered,Not Clustered,https://www.leadershipnow.com/leadershop/images/9781646871223.jpg
BOOK01728,The Power of Conscious Connection,['Talia Fox'],LeadershipNow only,False,True,,2023,,,,,,,,,Hardcover,261.0,1,0,0,1,0,0,0,1,1,1,2,Basic,7,7,0,22,Power and Influence,Clustered,Power and Influence,https://www.leadershipnow.com/leadershop/images/9781646871353.jpg
BOOK01729,Going on Offense,['Behnam Tabrizi'],LeadershipNow only,False,True,,2023,,,,,,,,,Hardcover,264.0,1,0,0,1,0,0,0,1,1,1,2,Basic,5,5,0,11,Organizational Culture and Trust,Clustered,Organizational Culture and Trust,https://www.leadershipnow.com/leadershop/images/9781646871377.jpg
BOOK01730,The Illusion of Innovation,['Elliott Parker'],LeadershipNow only,False,True,,2024,,,,,,,,,Hardcover,200.0,1,0,0,1,0,0,0,1,1,1,2,Basic,6,6,0,21,Innovation Management,Clustered,Innovation Management,https://www.leadershipnow.com/leadershop/images/9781646871544.jpg
BOOK01731,Non-Obvious Thinking,['Rohit Bhargava and Ben duPont'],LeadershipNow only,False,True,,2024,,,,,,,,,Hardcover,208.0,1,0,0,1,0,0,0,1,1,1,2,Basic,7,7,0,28,CEO and Executive Transformation,Clustered,CEO and Executive Transformation,https://www.leadershipnow.com/leadershop/images/9781646871612.jpg
BOOK01732,Unlimited Heart,['Jim Kaveney'],LeadershipNow only,False,True,,2024,,,,,,,,,Hardcover,250.0,1,0,0,1,0,0,0,1,1,1,2,Basic,4,4,0,28,CEO and Executive Transformation,Clustered,CEO and Executive Transformation,https://www.leadershipnow.com/leadershop/images/9781646871728.jpg
BOOK01733,Beyond Eureka!,['Marylene Delbourg-Delphis'],LeadershipNow only,False,True,,2024,,,,,,,,,Hardcover,392.0,1,0,0,1,0,0,0,1,1,1,2,Basic,4,4,0,,,Not Clustered,Not Clustered,https://www.leadershipnow.com/leadershop/images/9781647124229.jpg
BOOK01734,The Arts of Leading,['Editied by Edward Brooks and Michael Lamb'],LeadershipNow only,False,True,,2024,,,,,,,,,Paperback,312.0,1,0,0,1,0,0,0,1,1,1,2,Basic,11,11,0,16,Leading Self and Others,Clustered,Leading Self and Others,https://www.leadershipnow.com/leadershop/images/9781647124830.jpg
BOOK01735,The Flexibility Paradigm,['Manar Sweillam Morales'],LeadershipNow only,False,True,,2025,,,,,,,,,Hardcover,256.0,1,0,0,1,0,0,0,1,1,1,2,Basic,6,6,0,28,CEO and Executive Transformation,Clustered,CEO and Executive Transformation,https://www.leadershipnow.com/leadershop/images/9781647125301.jpg
BOOK01736,Resilience That Works,"['Marian N Ruderman, Cathleen Clerkin and Katya C Fernande']",LeadershipNow only,False,True,,2022,,,,,,,,,Paperback,250.0,1,0,0,1,0,0,0,1,1,1,2,Basic,12,12,0,28,CEO and Executive Transformation,Clustered,CEO and Executive Transformation,https://www.leadershipnow.com/leadershop/images/9781647610159.jpg
BOOK01737,The Digital Mindset,['Paul Leonardi and Tsedal Neeley'],LeadershipNow only,False,True,,2022,,,,,,,,,Hardcover,256.0,1,0,0,1,0,0,0,1,1,1,2,Basic,8,8,0,0,Entrepreneurial and Growth Mindset,Clustered,Entrepreneurial and Growth Mindset,https://www.leadershipnow.com/leadershop/images/9781647820107.jpg
BOOK01738,The Synergy Solution,['Mark Sirower and Jeff Weirens'],LeadershipNow only,False,True,,2022,,,,,,,,,Hardcover,416.0,1,0,0,1,0,0,0,1,1,1,2,Basic,8,8,0,3,Future Thinking and Personal Development,Clustered,Future Thinking and Personal Development,https://www.leadershipnow.com/leadershop/images/9781647820428.jpg
BOOK01739,"I, Human",['David Hollander'],LeadershipNow only,False,True,,2023,,,,,,,,,Hardcover,208.0,1,0,0,1,0,0,0,1,1,1,2,Basic,4,4,0,20,Human Resource Management,Clustered,Human Resource Management,https://www.leadershipnow.com/leadershop/images/9781647820558.jpg
BOOK01740,Compassionate Leadership,['Rasmus Hougaard and Jacqueline Carter with Marissa Afton and Moses Mohan'],LeadershipNow only,False,True,,2022,,,,,,,,,Hardcover,224.0,1,0,0,1,0,0,0,1,1,1,2,Basic,13,13,0,25,Transformational Leadership,Clustered,Transformational Leadership,https://www.leadershipnow.com/leadershop/images/9781647820732.jpg
BOOK01741,Both/And Thinking,['Wendy Smith and Marianne Lewis'],LeadershipNow only,False,True,,2022,,,,,,,,,Hardcover,256.0,1,0,0,1,0,0,0,1,1,1,2,Basic,7,7,0,28,CEO and Executive Transformation,Clustered,CEO and Executive Transformation,https://www.leadershipnow.com/leadershop/images/9781647821043.jpg
BOOK01742,Getting Along,['Amy Gallo'],LeadershipNow only,False,True,,2022,,,,,,,,,Hardcover,256.0,1,0,0,1,0,0,0,1,1,1,2,Basic,4,4,0,28,CEO and Executive Transformation,Clustered,CEO and Executive Transformation,https://www.leadershipnow.com/leadershop/images/9781647821067.jpg
BOOK01743,Radically Human,['Paul Daugherty and H. James Wilson'],LeadershipNow only,False,True,,2022,,,,,,,,,Hardcover,256.0,1,0,0,1,0,0,0,1,1,1,2,Basic,8,8,0,20,Human Resource Management,Clustered,Human Resource Management,https://www.leadershipnow.com/leadershop/images/9781647821081.jpg
BOOK01744,Smart Growth,['Whitney Johnson'],LeadershipNow only,False,True,,2022,,,,,,,,,Hardcover,256.0,1,0,0,1,0,0,0,1,1,1,2,Basic,4,4,0,28,CEO and Executive Transformation,Clustered,CEO and Executive Transformation,https://www.leadershipnow.com/leadershop/images/9781647821159.jpg
BOOK01745,Love + Work,['Marcus Buckingham'],LeadershipNow only,False,True,,2022,,,,,,,,,Hardcover,256.0,1,0,0,1,0,0,0,1,1,1,2,Basic,5,5,0,15,Workplace and Generational Dynamics,Clustered,Workplace and Generational Dynamics,https://www.leadershipnow.com/leadershop/images/9781647821234.jpg
BOOK01746,The Necessary Journey,['Ella F. Washington'],LeadershipNow only,False,True,,2022,,,,,,,,,Hardcover,256.0,1,0,0,1,0,0,0,1,1,1,2,Basic,6,6,0,28,CEO and Executive Transformation,Clustered,CEO and Executive Transformation,https://www.leadershipnow.com/leadershop/images/9781647821289.jpg
BOOK01747,Beyond Disruption,['W. Chan Kim and Renée A. Mauborgne'],LeadershipNow only,False,True,,2023,,,,,,,,,Hardcover,256.0,1,0,0,1,0,0,0,1,1,1,2,Basic,9,9,0,7,Broad Leadership and Success,Clustered,Broad Leadership and Success,https://www.leadershipnow.com/leadershop/images/9781647821326.jpg
BOOK01748,Results,['Charlie Baker and Steve Kadish'],LeadershipNow only,False,True,,2022,,,,,,,,,Hardcover,300.0,1,0,0,1,0,0,0,1,1,1,2,Basic,6,6,0,28,CEO and Executive Transformation,Clustered,CEO and Executive Transformation,https://www.leadershipnow.com/leadershop/images/9781647821807.jpg
BOOK01749,Competing in the New World of Work,"['Keith Ferrazzi, Kian Gohar and Noel Weyrich']",LeadershipNow only,False,True,,2022,,,,,,,,,Hardcover,256.0,1,0,0,1,0,0,0,1,1,1,2,Basic,14,14,0,15,Workplace and Generational Dynamics,Clustered,Workplace and Generational Dynamics,https://www.leadershipnow.com/leadershop/images/9781647821951.jpg
BOOK01750,Beyond Digital,['Paul Leinwand and Mahadeva Matt Mani'],LeadershipNow only,False,True,,2022,,,,,,,,,Hardcover,256.0,1,0,0,1,0,0,0,1,1,1,2,Basic,8,8,0,7,Broad Leadership and Success,Clustered,Broad Leadership and Success,https://www.leadershipnow.com/leadershop/images/9781647822323.jpg
BOOK01751,The Anxious Achiever,['Morra Aarons-Mele'],LeadershipNow only,False,True,,2023,,,,,,,,,Hardcover,256.0,1,0,0,1,0,0,0,1,1,1,2,Basic,5,5,0,,,Not Clustered,Not Clustered,https://www.leadershipnow.com/leadershop/images/9781647822538.jpg
BOOK01752,Smarter Collaboration,['Heidi K. Gardner and Ivan A. Matviak'],LeadershipNow only,False,True,,2022,,,,,,,,,Hardcover,376.0,1,0,0,1,0,0,0,1,1,1,2,Basic,9,9,0,3,Future Thinking and Personal Development,Clustered,Future Thinking and Personal Development,https://www.leadershipnow.com/leadershop/images/9781647822743.jpg
BOOK01753,Ethical Machines,['Reid Blackman'],LeadershipNow only,False,True,,2022,,,,,,,,,Hardcover,224.0,1,0,0,1,0,0,0,1,1,1,2,Basic,4,4,0,28,CEO and Executive Transformation,Clustered,CEO and Executive Transformation,https://www.leadershipnow.com/leadershop/images/9781647822811.jpg
BOOK01754,Move Fast and Fix Things,['Frances Frei and Anne Morriss'],LeadershipNow only,False,True,,2023,,,,,,,,,Hardcover,240.0,1,0,0,1,0,0,0,1,1,1,2,Basic,10,10,0,11,Organizational Culture and Trust,Clustered,Organizational Culture and Trust,https://www.leadershipnow.com/leadershop/images/9781647822873.jpg
BOOK01755,The Upside of Uncertainty,['Nathan Furr and Susannah Harmon Furr'],LeadershipNow only,False,True,,2022,,,,,,,,,Hardcover,256.0,1,0,0,1,0,0,0,1,1,1,2,Basic,10,10,0,11,Organizational Culture and Trust,Clustered,Organizational Culture and Trust,https://www.leadershipnow.com/leadershop/images/9781647823016.jpg
BOOK01756,Good Power,['Ginni Rometty'],LeadershipNow only,False,True,,2023,,,,,,,,,Hardcover,272.0,1,0,0,1,0,0,0,1,1,1,2,Basic,4,4,0,22,Power and Influence,Clustered,Power and Influence,https://www.leadershipnow.com/leadershop/images/9781647823221.jpg
BOOK01757,HBR at 100,['Harvard Business Review'],LeadershipNow only,False,True,,2022,,,,,,,,,Hardcover,400.0,1,0,0,1,0,0,0,1,1,1,2,Basic,6,6,0,7,Broad Leadership and Success,Clustered,Broad Leadership and Success,https://www.leadershipnow.com/leadershop/images/9781647823412.jpg
BOOK01758,Higher Ground,['Alison Taylor'],LeadershipNow only,False,True,,2024,,,,,,,,,Hardcover,304.0,1,0,0,1,0,0,0,1,1,1,2,Basic,4,4,0,0,Entrepreneurial and Growth Mindset,Clustered,Entrepreneurial and Growth Mindset,https://www.leadershipnow.com/leadershop/images/9781647823436.jpg
BOOK01759,Energy Rising,['Julia DiGangi'],LeadershipNow only,False,True,,2023,,,,,,,,,Hardcover,224.0,1,0,0,1,0,0,0,1,1,1,2,Basic,4,4,0,11,Organizational Culture and Trust,Clustered,Organizational Culture and Trust,https://www.leadershipnow.com/leadershop/images/9781647823450.jpg
BOOK01760,A New Way to Think,['Roger L. Martin'],LeadershipNow only,False,True,,2022,,,,,,,,,Hardcover,256.0,1,0,0,1,0,0,0,1,1,1,2,Basic,8,8,0,3,Future Thinking and Personal Development,Clustered,Future Thinking and Personal Development,https://www.leadershipnow.com/leadershop/images/9781647823511.jpg
BOOK01761,Open Talent,['John Winsor and Jin H. Paik'],LeadershipNow only,False,True,,2024,,,,,,,,,Hardcover,256.0,1,0,0,1,0,0,0,1,1,1,2,Basic,8,8,0,28,CEO and Executive Transformation,Clustered,CEO and Executive Transformation,https://www.leadershipnow.com/leadershop/images/9781647823887.jpg
BOOK01762,Real-Time Leadership,['David Noble and Carol Kauffman'],LeadershipNow only,False,True,,2023,,,,,,,,,Hardcover,256.0,1,0,0,1,0,0,0,1,1,1,2,Basic,7,7,0,25,Transformational Leadership,Clustered,Transformational Leadership,https://www.leadershipnow.com/leadershop/images/9781647823931.jpg
BOOK01763,Breaking Through,['Sally Susman'],LeadershipNow only,False,True,,2023,,,,,,,,,Hardcover,256.0,1,0,0,1,0,0,0,1,1,1,2,Basic,4,4,0,0,Entrepreneurial and Growth Mindset,Clustered,Entrepreneurial and Growth Mindset,https://www.leadershipnow.com/leadershop/images/9781647823955.jpg
BOOK01764,The Microstress Effect,['Rob Cross and Karen Dillon'],LeadershipNow only,False,True,,2023,,,,,,,,,Hardcover,256.0,1,0,0,1,0,0,0,1,1,1,2,Basic,8,8,0,28,CEO and Executive Transformation,Clustered,CEO and Executive Transformation,https://www.leadershipnow.com/leadershop/images/9781647823979.jpg
BOOK01765,The Case for Good Jobs,['Zeynep Ton'],LeadershipNow only,False,True,,2023,,,,,,,,,Hardcover,256.0,1,0,0,1,0,0,0,1,1,1,2,Basic,7,7,0,11,Organizational Culture and Trust,Clustered,Organizational Culture and Trust,https://www.leadershipnow.com/leadershop/images/9781647824174.jpg
BOOK01766,Power and Prediction,"['Ajay Agrawal, Joshua Gans and Avi Goldfarb']",LeadershipNow only,False,True,,2022,,,,,,,,,Hardcover,256.0,1,0,0,1,0,0,0,1,1,1,2,Basic,10,10,0,22,Power and Influence,Clustered,Power and Influence,https://www.leadershipnow.com/leadershop/images/9781647824198.jpg
BOOK01767,All-in On AI,['Tom Davenport and Nitin Mittal'],LeadershipNow only,False,True,,2023,,,,,,,,,Hardcover,256.0,1,0,0,1,0,0,0,1,1,1,2,Basic,8,8,0,26,Contemporary Leadership Practice,Clustered,Contemporary Leadership Practice,https://www.leadershipnow.com/leadershop/images/9781647824693.jpg
BOOK01768,The World Is Your Office,['Prithwiraj Choudhury'],LeadershipNow only,False,True,,2025,,,,,,,,,Hardcover,208.0,1,0,0,1,0,0,0,1,1,1,2,Basic,7,7,0,11,Organizational Culture and Trust,Clustered,Organizational Culture and Trust,https://www.leadershipnow.com/leadershop/images/9781647824716.jpg
BOOK01769,Power to the Middle,"['Bill Schaninger, Bryan Hancock and Emily Field']",LeadershipNow only,False,True,,2023,,,,,,,,,Hardcover,224.0,1,0,0,1,0,0,0,1,1,1,2,Basic,11,11,0,22,Power and Influence,Clustered,Power and Influence,https://www.leadershipnow.com/leadershop/images/9781647824853.jpg
BOOK01770,The Emotionally Intelligent Team,['Vanessa Urch Druskat'],LeadershipNow only,False,True,,2025,,,,,,,,,Hardcover,272.0,1,0,0,1,0,0,0,1,1,1,2,Basic,7,7,0,2,Team Leadership,Clustered,Team Leadership,https://www.leadershipnow.com/leadershop/images/9781647824877.jpg
BOOK01771,The Leap to Leader,['Adam Bryant'],LeadershipNow only,False,True,,2023,,,,,,,,,Hardcover,256.0,1,0,0,1,0,0,0,1,1,1,2,Basic,6,6,0,5,Leader Identity and Practice,Clustered,Leader Identity and Practice,https://www.leadershipnow.com/leadershop/images/9781647824891.jpg
BOOK01772,Never Not Working,['Malissa Clark'],LeadershipNow only,False,True,,2024,,,,,,,,,Hardcover,224.0,1,0,0,1,0,0,0,1,1,1,2,Basic,5,5,0,28,CEO and Executive Transformation,Clustered,CEO and Executive Transformation,https://www.leadershipnow.com/leadershop/images/9781647825096.jpg
BOOK01773,Bridgebuilders,['William D. Eggers and Donald F. Kettl'],LeadershipNow only,False,True,,2023,,,,,,,,,Hardcover,304.0,1,0,0,1,0,0,0,1,1,1,2,Basic,8,8,0,,,Not Clustered,Not Clustered,https://www.leadershipnow.com/leadershop/images/9781647825119.jpg
BOOK01774,Know What Matters,['Ron Shaich'],LeadershipNow only,False,True,,2023,,,,,,,,,Hardcover,256.0,1,0,0,1,0,0,0,1,1,1,2,Basic,5,5,0,11,Organizational Culture and Trust,Clustered,Organizational Culture and Trust,https://www.leadershipnow.com/leadershop/images/9781647825591.jpg
BOOK01775,Smart Rivals,['Feng Zhu and Bonnie Yining Cao'],LeadershipNow only,False,True,,2024,,,,,,,,,Hardcover,192.0,1,0,0,1,0,0,0,1,1,1,2,Basic,8,8,0,28,CEO and Executive Transformation,Clustered,CEO and Executive Transformation,https://www.leadershipnow.com/leadershop/images/9781647826048.jpg
BOOK01776,Why Are We Here?,['Jennifer Moss'],LeadershipNow only,False,True,,2025,,,,,,,,,Hardcover,256.0,1,0,0,1,0,0,0,1,1,1,2,Basic,6,6,0,,,Not Clustered,Not Clustered,https://www.leadershipnow.com/leadershop/images/9781647826130.jpg
BOOK01777,The AI-Savvy Leader,['David De Cremer'],LeadershipNow only,False,True,,2024,,,,,,,,,Hardcover,224.0,1,0,0,1,0,0,0,1,1,1,2,Basic,6,6,0,5,Leader Identity and Practice,Clustered,Leader Identity and Practice,https://www.leadershipnow.com/leadershop/images/9781647826239.jpg
BOOK01778,The Age of Outrage,['Karthik Ramanna'],LeadershipNow only,False,True,,2024,,,,,,,,,Hardcover,272.0,1,0,0,1,0,0,0,1,1,1,2,Basic,6,6,0,7,Broad Leadership and Success,Clustered,Broad Leadership and Success,https://www.leadershipnow.com/leadershop/images/9781647826291.jpg
BOOK01779,Mindmasters,['Sandra Matz'],LeadershipNow only,False,True,,2025,,,,,,,,,Hardcover,224.0,1,0,0,1,0,0,0,1,1,1,2,Basic,3,3,0,,,Not Clustered,Not Clustered,https://www.leadershipnow.com/leadershop/images/9781647826314.jpg
BOOK01780,Employment Is Dead,['Deborah Perry Piscione and Josh Drean'],LeadershipNow only,False,True,,2025,,,,,,,,,Hardcover,288.0,1,0,0,1,0,0,0,1,1,1,2,Basic,9,9,0,,,Not Clustered,Not Clustered,https://www.leadershipnow.com/leadershop/images/9781647826420.jpg
BOOK01781,The Harvard Business Review Sales Management Handbook,"['Prabhakant Sinha, Arun Shastri and Sally E. Lorimer']",LeadershipNow only,False,True,,2024,,,,,,,,,Paperback,368.0,1,0,0,1,0,0,0,1,1,1,2,Basic,15,15,0,13,General Business and Management,Clustered,General Business and Management,https://www.leadershipnow.com/leadershop/images/9781647826802.jpg
BOOK01782,"Bosses, Coworkers, and Building Great Work Relationships",['Harvard Business Review'],LeadershipNow only,False,True,,2024,,,,,,,,,Hardcover,208.0,1,0,0,1,0,0,0,1,1,1,2,Basic,10,10,0,15,Workplace and Generational Dynamics,Clustered,Workplace and Generational Dynamics,https://www.leadershipnow.com/leadershop/images/9781647827137.jpg
BOOK01783,Triple Fit Strategy,['Christoph Senn and Mehak Gandhi'],LeadershipNow only,False,True,,2024,,,,,,,,,Hardcover,240.0,1,0,0,1,0,0,0,1,1,1,2,Basic,8,8,0,28,CEO and Executive Transformation,Clustered,CEO and Executive Transformation,https://www.leadershipnow.com/leadershop/images/9781647827144.jpg
BOOK01784,Leadership Unblocked,['Muriel M. Wilkins'],LeadershipNow only,False,True,,2025,,,,,,,,,Hardcover,256.0,1,0,0,1,0,0,0,1,1,1,2,Basic,5,5,0,25,Transformational Leadership,Clustered,Transformational Leadership,https://www.leadershipnow.com/leadershop/images/9781647827267.jpg
BOOK01785,How Leaders Learn,['David Novak with Lari Bishop'],LeadershipNow only,False,True,,2024,,,,,,,,,Hardcover,288.0,1,0,0,1,0,0,0,1,1,1,2,Basic,8,8,0,11,Organizational Culture and Trust,Clustered,Organizational Culture and Trust,https://www.leadershipnow.com/leadershop/images/9781647827540.jpg
BOOK01786,Leading Through,"['Kim B. Clark, Jonathan R. Clark and Erin E. Clark']",LeadershipNow only,False,True,,2024,,,,,,,,,Hardcover,272.0,1,0,0,1,0,0,0,1,1,1,2,Basic,12,12,0,16,Leading Self and Others,Clustered,Leading Self and Others,https://www.leadershipnow.com/leadershop/images/9781647827618.jpg
BOOK01787,The Growth Dilemma,['Annie Wilson and Ryan Hamilton'],LeadershipNow only,False,True,,2025,,,,,,,,,Hardcover,256.0,1,0,0,1,0,0,0,1,1,1,2,Basic,8,8,0,7,Broad Leadership and Success,Clustered,Broad Leadership and Success,https://www.leadershipnow.com/leadershop/images/9781647829735.jpg
BOOK01788,G.O.A.T. Wisdom,['Dr. Brent Ridge and Josh Kilmer-Purcell'],LeadershipNow only,False,True,,2025,,,,,,,,,Hardcover,224.0,1,0,0,1,0,0,0,1,1,1,2,Basic,8,8,0,28,CEO and Executive Transformation,Clustered,CEO and Executive Transformation,https://www.leadershipnow.com/leadershop/images/9781647829773.jpg
BOOK01789,HBR Daily Leader,['Harvard Business Review'],LeadershipNow only,False,True,,2024,,,,,,,,,Hardcover,376.0,1,0,0,1,0,0,0,1,1,1,2,Basic,6,6,0,5,Leader Identity and Practice,Clustered,Leader Identity and Practice,https://www.leadershipnow.com/leadershop/images/9781647829797.jpg
BOOK01790,Don't Be Yourself,['Tomas Chamorro-Premuzic'],LeadershipNow only,False,True,,2025,,,,,,,,,Hardcover,256.0,1,0,0,1,0,0,0,1,1,1,2,Basic,5,5,0,28,CEO and Executive Transformation,Clustered,CEO and Executive Transformation,https://www.leadershipnow.com/leadershop/images/9781647829834.jpg
BOOK01791,Rebooting Tech Culture,['Telle Whitney'],LeadershipNow only,False,True,,2025,,,,,,,,,Hardcover,256.0,1,0,0,1,0,0,0,1,1,1,2,Basic,5,5,0,11,Organizational Culture and Trust,Clustered,Organizational Culture and Trust,https://www.leadershipnow.com/leadershop/images/9781647829858.jpg
BOOK01792,Where Leadership Begins,['Dan Freschi'],LeadershipNow only,False,True,,2023,,,,,,,,,Paperback,238.0,1,0,0,1,0,0,0,1,1,1,2,Basic,5,5,0,25,Transformational Leadership,Clustered,Transformational Leadership,https://www.leadershipnow.com/leadershop/images/9781657351241.jpg
BOOK01793,Mighty,['Brian Dodd'],LeadershipNow only,False,True,,2023,,,,,,,,,Paperback,262.0,1,0,0,1,0,0,0,1,1,1,2,Basic,3,3,0,,,Not Clustered,Not Clustered,https://www.leadershipnow.com/leadershop/images/9781662869495.jpg
BOOK01794,Stay Sane in an Insane World,['Greg Harden'],LeadershipNow only,False,True,,2023,,,,,,,,,Hardcover,198.0,1,0,0,1,0,0,0,1,1,1,2,Basic,8,8,0,11,Organizational Culture and Trust,Clustered,Organizational Culture and Trust,https://www.leadershipnow.com/leadershop/images/9781665092418.jpg
BOOK01795,Fluke,['Brian Klaas'],LeadershipNow only,False,True,,2024,,,,,,,,,Hardcover,336.0,1,0,0,1,0,0,0,1,1,1,2,Basic,3,3,0,,,Not Clustered,Not Clustered,https://www.leadershipnow.com/leadershop/images/9781668006528.jpg
BOOK01796,Look Again,['Tali Sharot and Cass R. Sunstein'],LeadershipNow only,False,True,,2024,,,,,,,,,Hardcover,288.0,1,0,0,1,0,0,0,1,1,1,2,Basic,8,8,0,28,CEO and Executive Transformation,Clustered,CEO and Executive Transformation,https://www.leadershipnow.com/leadershop/images/9781668008201.jpg
BOOK01797,Principles,['Ray Dalio'],LeadershipNow only,False,True,,2022,,,,,,,,,Hardcover,256.0,1,0,0,1,0,0,0,1,1,1,2,Basic,3,3,0,28,CEO and Executive Transformation,Clustered,CEO and Executive Transformation,https://www.leadershipnow.com/leadershop/images/9781668010198.jpg
BOOK01798,"Think Faster, Talk Smarter",['Matt Abrahams'],LeadershipNow only,False,True,,2023,,,,,,,,,Hardcover,256.0,1,0,0,1,0,0,0,1,1,1,2,Basic,6,6,0,3,Future Thinking and Personal Development,Clustered,Future Thinking and Personal Development,https://www.leadershipnow.com/leadershop/images/9781668010303.jpg
BOOK01799,The Dealmaker,['Mauricio Umansky'],LeadershipNow only,False,True,,2023,,,,,,,,,Hardcover,224.0,1,0,0,1,0,0,0,1,1,1,2,Basic,4,4,0,,,Not Clustered,Not Clustered,https://www.leadershipnow.com/leadershop/images/9781668010648.jpg
BOOK01800,Woodrow Wilson,['Christopher Cox'],LeadershipNow only,False,True,,2024,,,,,,,,,Hardcover,640.0,1,0,0,1,0,0,0,1,1,1,2,Basic,4,4,0,7,Broad Leadership and Success,Clustered,Broad Leadership and Success,https://www.leadershipnow.com/leadershop/images/9781668010785.jpg
BOOK01801,You're the Boss,['Sabina Nawaz'],LeadershipNow only,False,True,,2024,,,,,,,,,Hardcover,272.0,1,0,0,1,0,0,0,1,1,1,2,Basic,5,5,0,0,Entrepreneurial and Growth Mindset,Clustered,Entrepreneurial and Growth Mindset,https://www.leadershipnow.com/leadershop/images/9781668023181.jpg
BOOK01802,Lean Learning,['Pat Flynn'],LeadershipNow only,False,True,,2025,,,,,,,,,Hardcover,256.0,1,0,0,1,0,0,0,1,1,1,2,Basic,4,4,0,28,CEO and Executive Transformation,Clustered,CEO and Executive Transformation,https://www.leadershipnow.com/leadershop/images/9781668027646.jpg
BOOK01803,How to Get Along with Anyone,['John Eliot and Jim Guinn'],LeadershipNow only,False,True,,2025,,,,,,,,,Hardcover,304.0,1,0,0,1,0,0,0,1,1,1,2,Basic,11,11,0,,,Not Clustered,Not Clustered,https://www.leadershipnow.com/leadershop/images/9781668033074.jpg
BOOK01804,The PARA Method,['Tiago Forte'],LeadershipNow only,False,True,,2023,,,,,,,,,Hardcover,208.0,1,0,0,1,0,0,0,1,1,1,2,Basic,5,5,0,7,Broad Leadership and Success,Clustered,Broad Leadership and Success,https://www.leadershipnow.com/leadershop/images/9781668045565.jpg
BOOK01805,Mastering AI,['Jeremy Kahn'],LeadershipNow only,False,True,,2024,,,,,,,,,Hardcover,336.0,1,0,0,1,0,0,0,1,1,1,2,Basic,4,4,0,26,Contemporary Leadership Practice,Clustered,Contemporary Leadership Practice,https://www.leadershipnow.com/leadershop/images/9781668053324.jpg
BOOK01806,Ping,['Andrew Brodsky'],LeadershipNow only,False,True,,2025,,,,,,,,,Hardcover,336.0,1,0,0,1,0,0,0,1,1,1,2,Basic,3,3,0,,,Not Clustered,Not Clustered,https://www.leadershipnow.com/leadershop/images/9781668055243.jpg
BOOK01807,Reset,['Dan Heath'],LeadershipNow only,False,True,,2025,,,,,,,,,Hardcover,304.0,1,0,0,1,0,0,0,1,1,1,2,Basic,3,3,0,28,CEO and Executive Transformation,Clustered,CEO and Executive Transformation,https://www.leadershipnow.com/leadershop/images/9781668062098.jpg
BOOK01808,Last Call for Bud Light,['Anson Frericks'],LeadershipNow only,False,True,,2025,,,,,,,,,Hardcover,304.0,1,0,0,1,0,0,0,1,1,1,2,Basic,7,7,0,0,Entrepreneurial and Growth Mindset,Clustered,Entrepreneurial and Growth Mindset,https://www.leadershipnow.com/leadershop/images/9781668070901.jpg
BOOK01809,Click,['Jake Knapp with John Zeratsky'],LeadershipNow only,False,True,,2025,,,,,,,,,Hardcover,240.0,1,0,0,1,0,0,0,1,1,1,2,Basic,6,6,0,7,Broad Leadership and Success,Clustered,Broad Leadership and Success,https://www.leadershipnow.com/leadershop/images/9781668072110.jpg
BOOK01810,Never Stop,"[""Dan Hurley and Ian O'Connor""]",LeadershipNow only,False,True,,2025,,,,,,,,,Hardcover,304.0,1,0,0,1,0,0,0,1,1,1,2,Basic,7,7,0,11,Organizational Culture and Trust,Clustered,Organizational Culture and Trust,https://www.leadershipnow.com/leadershop/images/9781668095744.jpg
BOOK01811,A CEO for All Seasons,"['Carolyn Dewar, Scott Keller, Vikram Malhotra and Kurt Strovink']",LeadershipNow only,False,True,,2025,,,,,,,,,Hardcover,224.0,1,0,0,1,0,0,0,1,1,1,2,Basic,14,14,0,28,CEO and Executive Transformation,Clustered,CEO and Executive Transformation,https://www.leadershipnow.com/leadershop/images/9781668098349.jpg
BOOK01812,In the Arena,['David S. Brown'],LeadershipNow only,False,True,,2025,,,,,,,,,Hardcover,496.0,1,0,0,1,0,0,0,1,1,1,2,Basic,6,6,0,7,Broad Leadership and Success,Clustered,Broad Leadership and Success,https://www.leadershipnow.com/leadershop/images/9781668204191.jpg
BOOK01813,Sailing Upwind,['Admiral Sandy Winnefeld'],LeadershipNow only,False,True,,2023,,,,,,,,,Hardcover,340.0,1,0,0,1,0,0,0,1,1,1,2,Basic,5,5,0,,,Not Clustered,Not Clustered,https://www.leadershipnow.com/leadershop/images/9781682478745.jpg
BOOK01814,The Servant Leadership from the Middle,['Bernard Osborne'],LeadershipNow only,False,True,,2022,,,,,,,,,Paperback,130.0,1,0,0,1,0,0,0,1,1,1,2,Basic,8,8,0,8,Servant Leadership,Clustered,Servant Leadership,https://www.leadershipnow.com/leadershop/images/9781682753385.jpg
BOOK01815,The Genius of Empathy,['Judith Orloff'],LeadershipNow only,False,True,,2024,,,,,,,,,Hardcover,272.0,1,0,0,1,0,0,0,1,1,1,2,Basic,6,6,0,28,CEO and Executive Transformation,Clustered,CEO and Executive Transformation,https://www.leadershipnow.com/leadershop/images/9781683649717.jpg
BOOK01816,Robert E. Lee on Leadership,['H. W. Crocker III'],LeadershipNow only,False,True,,2023,,,,,,,,,Paperback,256.0,1,0,0,1,0,0,0,1,1,1,2,Basic,9,9,0,25,Transformational Leadership,Clustered,Transformational Leadership,https://www.leadershipnow.com/leadershop/images/9781684514915.jpg
BOOK01817,Adaptive Listening,['Nicole Lowenbraun and Maegan Stephens'],LeadershipNow only,False,True,,2024,,,,,,,,,Hardcover,274.0,1,0,0,1,0,0,0,1,1,1,2,Basic,7,7,0,28,CEO and Executive Transformation,Clustered,CEO and Executive Transformation,https://www.leadershipnow.com/leadershop/images/9781684812592.jpg
BOOK01818,How to Untie a Balloon,['Ryan Dunlap'],LeadershipNow only,False,True,,2025,,,,,,,,,Paperback,218.0,1,0,0,1,0,0,0,1,1,1,2,Basic,7,7,0,,,Not Clustered,Not Clustered,https://www.leadershipnow.com/leadershop/images/9781684817306.jpg
BOOK01819,The Truth (And Lies!) Of Entrepreneurship,['Larry Winget'],LeadershipNow only,False,True,,2024,,,,,,,,,Paperback,222.0,1,0,0,1,0,0,0,1,1,1,2,Basic,8,8,0,0,Entrepreneurial and Growth Mindset,Clustered,Entrepreneurial and Growth Mindset,https://www.leadershipnow.com/leadershop/images/9781722506841.jpg
BOOK01820,"Right Leader, Right Time",['Robert Jordan and Olivia Wagner'],LeadershipNow only,False,True,,2022,,,,,,,,,Hardcover,240.0,1,0,0,1,0,0,0,1,1,1,2,Basic,9,9,0,7,Broad Leadership and Success,Clustered,Broad Leadership and Success,https://www.leadershipnow.com/leadershop/images/9781722510565.jpg
BOOK01821,Elevate Your Team,['Robert Glazer'],LeadershipNow only,False,True,,2023,,,,,,,,,Paperback,224.0,1,0,0,1,0,0,0,1,1,1,2,Basic,5,5,0,2,Team Leadership,Clustered,Team Leadership,https://www.leadershipnow.com/leadershop/images/9781728238784.jpg
BOOK01822,Who Does What By How Much?,['Jeff Gothelf and Josh Seiden'],LeadershipNow only,False,True,,2024,,,,,,,,,Paperback,280.0,1,0,0,1,0,0,0,1,1,1,2,Basic,11,11,0,11,Organizational Culture and Trust,Clustered,Organizational Culture and Trust,https://www.leadershipnow.com/leadershop/images/9781732818446.jpg
BOOK01823,One Drop of Poison,['Sean Lemson'],LeadershipNow only,False,True,,2024,,,,,,,,,Hardcover,276.0,1,0,0,1,0,0,0,1,1,1,2,Basic,6,6,0,,,Not Clustered,Not Clustered,https://www.leadershipnow.com/leadershop/images/9781733004237.jpg
BOOK01824,The 3.3 Rule,['John Briggs'],LeadershipNow only,False,True,,2024,,,,,,,,,Hardcover,274.0,1,0,0,1,0,0,0,1,1,1,2,Basic,5,5,0,,,Not Clustered,Not Clustered,https://www.leadershipnow.com/leadershop/images/9781733179027.jpg
BOOK01825,Your Next Big Idea,['Samuel Sanders'],LeadershipNow only,False,True,,2022,,,,,,,,,Paperback,279.0,1,0,0,1,0,0,0,1,1,1,2,Basic,6,6,0,11,Organizational Culture and Trust,Clustered,Organizational Culture and Trust,https://www.leadershipnow.com/leadershop/images/9781734913026.jpg
BOOK01826,Turns,['Steve McKee'],LeadershipNow only,False,True,,2023,,,,,,,,,Hardcover,272.0,1,0,0,1,0,0,0,1,1,1,2,Basic,3,3,0,11,Organizational Culture and Trust,Clustered,Organizational Culture and Trust,https://www.leadershipnow.com/leadershop/images/9781735610931.jpg
BOOK01827,The Visionary Leader,['Bryan Smeltzer'],LeadershipNow only,False,True,,2025,,,,,,,,,Hardcover,290.0,1,0,0,1,0,0,0,1,1,1,2,Basic,5,5,0,5,Leader Identity and Practice,Clustered,Leader Identity and Practice,https://www.leadershipnow.com/leadershop/images/9781737188124.jpg
BOOK01828,The Unconquerable Game,['Ely Callaway with Nicholas Callaway'],LeadershipNow only,False,True,,2025,,,,,,,,,Hardcover,288.0,1,0,0,1,0,0,0,1,1,1,2,Basic,8,8,0,28,CEO and Executive Transformation,Clustered,CEO and Executive Transformation,https://www.leadershipnow.com/leadershop/images/9781737205142.jpg
BOOK01829,Leadership Starts with You,['Whitney Breer'],LeadershipNow only,False,True,,2023,,,,,,,,,Paperback,335.0,1,0,0,1,0,0,0,1,1,1,2,Basic,6,6,0,25,Transformational Leadership,Clustered,Transformational Leadership,https://www.leadershipnow.com/leadershop/images/9781737943976.jpg
BOOK01830,Committed,['Eldon Sprickerhoff'],LeadershipNow only,False,True,,2024,,,,,,,,,Hardcover,224.0,1,0,0,1,0,0,0,1,1,1,2,Basic,3,3,0,,,Not Clustered,Not Clustered,https://www.leadershipnow.com/leadershop/images/9781738396429.jpg
BOOK01831,Developing Coaching Leaders,['Scott Clancy'],LeadershipNow only,False,True,,2023,,,,,,,,,Paperback,324.0,1,0,0,1,0,0,0,1,1,1,2,Basic,5,5,0,28,CEO and Executive Transformation,Clustered,CEO and Executive Transformation,https://www.leadershipnow.com/leadershop/images/9781738867707.jpg
BOOK01832,Dancing with Disruption,['Jeff Skipper'],LeadershipNow only,False,True,,2023,,,,,,,,,Paperback,162.0,1,0,0,1,0,0,0,1,1,1,2,Basic,5,5,0,7,Broad Leadership and Success,Clustered,Broad Leadership and Success,https://www.leadershipnow.com/leadershop/images/9781738903801.jpg
BOOK01833,The Resilience Mindset,['Terry Healey'],LeadershipNow only,False,True,,2025,,,,,,,,,Hardcover,208.0,1,0,0,1,0,0,0,1,1,1,2,Basic,5,5,0,0,Entrepreneurial and Growth Mindset,Clustered,Entrepreneurial and Growth Mindset,https://www.leadershipnow.com/leadershop/images/9781770418561.jpg
BOOK01834,The Emotionally Strong Leader,['Carolyn Stern'],LeadershipNow only,False,True,,2022,,,,,,,,,Hardcover,288.0,1,0,0,1,0,0,0,1,1,1,2,Basic,6,6,0,5,Leader Identity and Practice,Clustered,Leader Identity and Practice,https://www.leadershipnow.com/leadershop/images/9781773271682.jpg
BOOK01835,Leading to Greatness,['Jim Reid'],LeadershipNow only,False,True,,2022,,,,,,,,,Hardcover,224.0,1,0,0,1,0,0,0,1,1,1,2,Basic,5,5,0,16,Leading Self and Others,Clustered,Leading Self and Others,https://www.leadershipnow.com/leadershop/images/9781773271712.jpg
BOOK01836,Leading Inclusion,['Gene Cox'],LeadershipNow only,False,True,,2022,,,,,,,,,Hardcover,312.0,1,0,0,1,0,0,0,1,1,1,2,Basic,4,4,0,16,Leading Self and Others,Clustered,Leading Self and Others,https://www.leadershipnow.com/leadershop/images/9781774581797.jpg
BOOK01837,How to Work with (Almost) Anyone,['Michael Bungay Stanier'],LeadershipNow only,False,True,,2023,,,,,,,,,Paperback,256.0,1,0,0,1,0,0,0,1,1,1,2,Basic,9,9,0,15,Workplace and Generational Dynamics,Clustered,Workplace and Generational Dynamics,https://www.leadershipnow.com/leadershop/images/9781774582657.jpg
BOOK01838,Positive Chaos,['Dan Thurmon'],LeadershipNow only,False,True,,2023,,,,,,,,,Hardcover,280.0,1,0,0,1,0,0,0,1,1,1,2,Basic,4,4,0,28,CEO and Executive Transformation,Clustered,CEO and Executive Transformation,https://www.leadershipnow.com/leadershop/images/9781774582886.jpg
BOOK01839,Say What They Can't Unhear,['Tamsen Webster'],LeadershipNow only,False,True,,2024,,,,,,,,,Paperback,192.0,1,0,0,1,0,0,0,1,1,1,2,Basic,7,7,0,11,Organizational Culture and Trust,Clustered,Organizational Culture and Trust,https://www.leadershipnow.com/leadershop/images/9781774583531.jpg
BOOK01840,Lean Marketing,['Allan Dib'],LeadershipNow only,False,True,,2024,,,,,,,,,Hardcover,236.0,1,0,0,1,0,0,0,1,1,1,2,Basic,4,4,0,11,Organizational Culture and Trust,Clustered,Organizational Culture and Trust,https://www.leadershipnow.com/leadershop/images/9781774583944.jpg
BOOK01841,"Good Team, Bad Team",['Sarah Thurber and Blair Miller'],LeadershipNow only,False,True,,2024,,,,,,,,,Paperback,224.0,1,0,0,1,0,0,0,1,1,1,2,Basic,9,9,0,2,Team Leadership,Clustered,Team Leadership,https://www.leadershipnow.com/leadershop/images/9781774584217.jpg
BOOK01842,We're Gonna Need Cake,['Valerie Garcia'],LeadershipNow only,False,True,,2024,,,,,,,,,Paperback,212.0,1,0,0,1,0,0,0,1,1,1,2,Basic,6,6,0,28,CEO and Executive Transformation,Clustered,CEO and Executive Transformation,https://www.leadershipnow.com/leadershop/images/9781774584484.jpg
BOOK01843,The Empathy Dilemma,['Maria Ross'],LeadershipNow only,False,True,,2024,,,,,,,,,Paperback,240.0,1,0,0,1,0,0,0,1,1,1,2,Basic,5,5,0,28,CEO and Executive Transformation,Clustered,CEO and Executive Transformation,https://www.leadershipnow.com/leadershop/images/9781774584743.jpg
BOOK01844,Exceptional Experiences,['Neen James'],LeadershipNow only,False,True,,2025,,,,,,,,,Hardcover,200.0,1,0,0,1,0,0,0,1,1,1,2,Basic,4,4,0,3,Future Thinking and Personal Development,Clustered,Future Thinking and Personal Development,https://www.leadershipnow.com/leadershop/images/9781774586259.jpg
BOOK01845,Starting a StartUp,['James Sinclair'],LeadershipNow only,False,True,,2025,,,,,,,,,Paperback,264.0,1,0,0,1,0,0,0,1,1,1,2,Basic,5,5,0,0,Entrepreneurial and Growth Mindset,Clustered,Entrepreneurial and Growth Mindset,https://www.leadershipnow.com/leadershop/images/9781774586396.jpg
BOOK01846,The Success Complex,['Adrian Kelly'],LeadershipNow only,False,True,,2024,,,,,,,,,Paperback,192.0,1,0,0,1,0,0,0,1,1,1,2,Basic,5,5,0,7,Broad Leadership and Success,Clustered,Broad Leadership and Success,https://www.leadershipnow.com/leadershop/images/9781788603799.jpg
BOOK01847,Collabor(h)ate,['Deb Mashek'],LeadershipNow only,False,True,,2023,,,,,,,,,Paperback,216.0,1,0,0,1,0,0,0,1,1,1,2,Basic,3,3,0,11,Organizational Culture and Trust,Clustered,Organizational Culture and Trust,https://www.leadershipnow.com/leadershop/images/9781788603829.jpg
BOOK01848,Top of Heart,['Grant Muller'],LeadershipNow only,False,True,,2023,,,,,,,,,Hardcover,236.0,1,0,0,1,0,0,0,1,1,1,2,Basic,5,5,0,28,CEO and Executive Transformation,Clustered,CEO and Executive Transformation,https://www.leadershipnow.com/leadershop/images/9781788605090.jpg
BOOK01849,Move by Move,['Maurice Ashley'],LeadershipNow only,False,True,,2024,,,,,,,,,Hardcover,176.0,1,0,0,1,0,0,0,1,1,1,2,Basic,5,5,0,,,Not Clustered,Not Clustered,https://www.leadershipnow.com/leadershop/images/9781797223650.jpg
BOOK01850,"Why listen to, work with and follow you?",['Larry Heugh Robertson'],LeadershipNow only,False,True,,2023,,,,,,,,,Paperback,288.0,1,0,0,1,0,0,0,1,1,1,2,Basic,11,11,0,15,Workplace and Generational Dynamics,Clustered,Workplace and Generational Dynamics,https://www.leadershipnow.com/leadershop/images/9781800817517.jpg
BOOK01851,Be Different,['Marty Strong Navy SEAL Officer (retired)'],LeadershipNow only,False,True,,2024,,,,,,,,,Paperback,208.0,1,0,0,1,0,0,0,1,1,1,2,Basic,8,8,0,7,Broad Leadership and Success,Clustered,Broad Leadership and Success,https://www.leadershipnow.com/leadershop/images/9781803411330.jpg
BOOK01852,Hidden Genius,['Polina Marinova Pompliano'],LeadershipNow only,False,True,,2023,,,,,,,,,Hardcover,252.0,1,0,0,1,0,0,0,1,1,1,2,Basic,5,5,0,28,CEO and Executive Transformation,Clustered,CEO and Executive Transformation,https://www.leadershipnow.com/leadershop/images/9781804090039.jpg
BOOK01853,The Psychology of Leadership,['Sébastien Page'],LeadershipNow only,False,True,,2025,,,,,,,,,Hardcover,256.0,1,0,0,1,0,0,0,1,1,1,2,Basic,6,6,0,25,Transformational Leadership,Clustered,Transformational Leadership,https://www.leadershipnow.com/leadershop/images/9781804090923.jpg
BOOK01854,The Next Crisis,['Danny Dorling'],LeadershipNow only,False,True,,2025,,,,,,,,,Hardcover,336.0,1,0,0,1,0,0,0,1,1,1,2,Basic,5,5,0,28,CEO and Executive Transformation,Clustered,CEO and Executive Transformation,https://www.leadershipnow.com/leadershop/images/9781804294345.jpg
BOOK01855,Pitch,['Danny Fontaine'],LeadershipNow only,False,True,,2025,,,,,,,,,Paperback,320.0,1,0,0,1,0,0,0,1,1,1,2,Basic,3,3,0,11,Organizational Culture and Trust,Clustered,Organizational Culture and Trust,https://www.leadershipnow.com/leadershop/images/9781805221043.jpg
BOOK01856,The Not To Do List,['Rolf Dobelli'],LeadershipNow only,False,True,,2025,,,,,,,,,Hardcover,300.0,1,0,0,1,0,0,0,1,1,1,2,Basic,7,7,0,7,Broad Leadership and Success,Clustered,Broad Leadership and Success,https://www.leadershipnow.com/leadershop/images/9781805463283.jpg
BOOK01857,When Everyone Leads,['Ed O’Malley and Julia Fabris McBride'],LeadershipNow only,False,True,,2023,,,,,,,,,Hardcover,256.0,1,0,0,1,0,0,0,1,1,1,2,Basic,9,9,0,11,Organizational Culture and Trust,Clustered,Organizational Culture and Trust,https://www.leadershipnow.com/leadershop/images/9781885167903.jpg
BOOK01858,How Organizations Should Work,['N. Dean Meyer'],LeadershipNow only,False,True,,2022,,,,,,,,,Hardcover,530.0,1,0,0,1,0,0,0,1,1,1,2,Basic,7,7,0,15,Workplace and Generational Dynamics,Clustered,Workplace and Generational Dynamics,https://www.leadershipnow.com/leadershop/images/9781892606334.jpg
BOOK01859,You're the Leader. Now What?,['Richard Winters'],LeadershipNow only,False,True,,2022,,,,,,,,,Hardcover,320.0,1,0,0,1,0,0,0,1,1,1,2,Basic,7,7,0,5,Leader Identity and Practice,Clustered,Leader Identity and Practice,https://www.leadershipnow.com/leadershop/images/9781893005709.jpg
BOOK01860,The Career Workbook,['The School of Life'],LeadershipNow only,False,True,,2023,,,,,,,,,Hardcover,208.0,1,0,0,1,0,0,0,1,1,1,2,Basic,7,7,0,11,Organizational Culture and Trust,Clustered,Organizational Culture and Trust,https://www.leadershipnow.com/leadershop/images/9781915087058.jpg
BOOK01861,De-Positioning,['Todd Irwin'],LeadershipNow only,False,True,,2025,,,,,,,,,Paperback,160.0,1,0,0,1,0,0,0,1,1,1,2,Basic,3,3,0,,,Not Clustered,Not Clustered,https://www.leadershipnow.com/leadershop/images/9781917391184.jpg
BOOK01862,Positive Influence,['Tsun-yan Hsieh and Huijin Kong'],LeadershipNow only,False,True,,2023,,,,,,,,,Hardcover,360.0,1,0,0,1,0,0,0,1,1,1,2,Basic,7,7,0,28,CEO and Executive Transformation,Clustered,CEO and Executive Transformation,https://www.leadershipnow.com/leadershop/images/9781944660567.jpg
BOOK01863,Disruptable,['Allan Young'],LeadershipNow only,False,True,,2023,,,,,,,,,Hardcover,176.0,1,0,0,1,0,0,0,1,1,1,2,Basic,3,3,0,,,Not Clustered,Not Clustered,https://www.leadershipnow.com/leadershop/images/978194663316X.jpg
BOOK01864,Get Off the X,['Michele Rigby Assad'],LeadershipNow only,False,True,,2025,,,,,,,,,Hardcover,240.0,1,0,0,1,0,0,0,1,1,1,2,Basic,7,7,0,,,Not Clustered,Not Clustered,https://www.leadershipnow.com/leadershop/images/9781947297999.jpg
BOOK01865,The Legacy Navigator,['Lance E Welch'],LeadershipNow only,False,True,,2024,,,,,,,,,Paperback,142.0,1,0,0,1,0,0,0,1,1,1,2,Basic,6,6,0,28,CEO and Executive Transformation,Clustered,CEO and Executive Transformation,https://www.leadershipnow.com/leadershop/images/9781950476787.jpg
BOOK01866,Wiring the Winning Organization,['Gene Kim and Steven Spear'],LeadershipNow only,False,True,,2023,,,,,,,,,Hardcover,384.0,1,0,0,1,0,0,0,1,1,1,2,Basic,9,9,0,7,Broad Leadership and Success,Clustered,Broad Leadership and Success,https://www.leadershipnow.com/leadershop/images/9781950508426.jpg
BOOK01867,"Wrong Fit, Right Fit",['Andre Martin'],LeadershipNow only,False,True,,2023,,,,,,,,,Paperback,288.0,1,0,0,1,0,0,0,1,1,1,2,Basic,6,6,0,7,Broad Leadership and Success,Clustered,Broad Leadership and Success,https://www.leadershipnow.com/leadershop/images/9781950508754.jpg
BOOK01868,Civility Rules!,['Shelby Joy Scarbrough'],LeadershipNow only,False,True,,2022,,,,,,,,,Hardcover,168.0,1,0,0,1,0,0,0,1,1,1,2,Basic,5,5,0,28,CEO and Executive Transformation,Clustered,CEO and Executive Transformation,https://www.leadershipnow.com/leadershop/images/9781950863402.jpg
BOOK01869,Outfocus,['Bill Adams Jr.'],LeadershipNow only,False,True,,2022,,,,,,,,,Hardcover,216.0,1,0,0,1,0,0,0,1,1,1,2,Basic,4,4,0,,,Not Clustered,Not Clustered,https://www.leadershipnow.com/leadershop/images/9781950863976.jpg
BOOK01870,Leading with Light,['Jennifer Mulholland and Jeff Shuck'],LeadershipNow only,False,True,,2024,,,,,,,,,Paperback,252.0,1,0,0,1,0,0,0,1,1,1,2,Basic,8,8,0,16,Leading Self and Others,Clustered,Leading Self and Others,https://www.leadershipnow.com/leadershop/images/9781951692360.jpg
BOOK01871,The Rules of Mentorship,['Brad Keywell'],LeadershipNow only,False,True,,2024,,,,,,,,,Hardcover,96.0,1,0,0,1,0,0,0,1,1,1,2,Basic,6,6,0,28,CEO and Executive Transformation,Clustered,CEO and Executive Transformation,https://www.leadershipnow.com/leadershop/images/9781951963248.jpg
BOOK01872,Promotions Are So Yesterday,['Julie Winkle Giulioni'],LeadershipNow only,False,True,,2022,,,,,,,,,Paperback,176.0,1,0,0,1,0,0,0,1,1,1,2,Basic,7,7,0,7,Broad Leadership and Success,Clustered,Broad Leadership and Success,https://www.leadershipnow.com/leadershop/images/9781952157738.jpg
BOOK01873,Smart Leadership,['Mark Miller'],LeadershipNow only,False,True,,2022,,,,,,,,,Hardcover,256.0,1,0,0,1,0,0,0,1,1,1,2,Basic,4,4,0,25,Transformational Leadership,Clustered,Transformational Leadership,https://www.leadershipnow.com/leadershop/images/9781953295750.jpg
BOOK01874,Unconditional Power,['Steven Gaffney'],LeadershipNow only,False,True,,2023,,,,,,,,,Hardcover,190.0,1,0,0,1,0,0,0,1,1,1,2,Basic,4,4,0,22,Power and Influence,Clustered,Power and Influence,https://www.leadershipnow.com/leadershop/images/9781953943088.jpg
BOOK01875,Scaling People,['Claire Hughes Johnson'],LeadershipNow only,False,True,,2023,,,,,,,,,Hardcover,480.0,1,0,0,1,0,0,0,1,1,1,2,Basic,5,5,0,17,People Management,Clustered,People Management,https://www.leadershipnow.com/leadershop/images/9781953953216.jpg
BOOK01876,Poor Charlie’s Almanack,['Charles T. Munger'],LeadershipNow only,False,True,,2023,,,,,,,,,Hardcover,384.0,1,0,0,1,0,0,0,1,1,1,2,Basic,6,6,0,11,Organizational Culture and Trust,Clustered,Organizational Culture and Trust,https://www.leadershipnow.com/leadershop/images/9781953953230.jpg
BOOK01877,Imaginable,['Jane McGonigal'],LeadershipNow only,False,True,,2022,,,,,,,,,Hardcover,432.0,1,0,0,1,0,0,0,1,1,1,2,Basic,3,3,0,,,Not Clustered,Not Clustered,https://www.leadershipnow.com/leadershop/images/9781954118096.jpg
BOOK01878,Make It Count,['Hunter Ballew'],LeadershipNow only,False,True,,2022,,,,,,,,,Hardcover,249.0,1,0,0,1,0,0,0,1,1,1,2,Basic,5,5,0,7,Broad Leadership and Success,Clustered,Broad Leadership and Success,https://www.leadershipnow.com/leadershop/images/9781954759770.jpg
BOOK01879,The Most Unlikely Leader,['Roger Smith'],LeadershipNow only,False,True,,2022,,,,,,,,,Hardcover,232.0,1,0,0,1,0,0,0,1,1,1,2,Basic,6,6,0,5,Leader Identity and Practice,Clustered,Leader Identity and Practice,https://www.leadershipnow.com/leadershop/images/9781955026130.jpg
BOOK01880,Beyond the Sea,"['Robert ""Navy Bob"" Roncska']",LeadershipNow only,False,True,,2024,,,,,,,,,Hardcover,224.0,1,0,0,1,0,0,0,1,1,1,2,Basic,7,7,0,,,Not Clustered,Not Clustered,https://www.leadershipnow.com/leadershop/images/9781955026208.jpg
BOOK01881,The FUD Factor,['Brendan P. Keegann'],LeadershipNow only,False,True,,2023,,,,,,,,,Hardcover,226.0,1,0,0,1,0,0,0,1,1,1,2,Basic,6,6,0,28,CEO and Executive Transformation,Clustered,CEO and Executive Transformation,https://www.leadershipnow.com/leadershop/images/9781955884464.jpg
BOOK01882,Start. Scale. Exit. Repeat.,['Colin C. Campbell'],LeadershipNow only,False,True,,2023,,,,,,,,,Hardcover,472.0,1,0,0,1,0,0,0,1,1,1,2,Basic,7,7,0,11,Organizational Culture and Trust,Clustered,Organizational Culture and Trust,https://www.leadershipnow.com/leadershop/images/9781955884969.jpg
BOOK01883,The Leadership Pause,['Chris L. Johnson'],LeadershipNow only,False,True,,2022,,,,,,,,,Hardcover,312.0,1,0,0,1,0,0,0,1,1,1,2,Basic,6,6,0,25,Transformational Leadership,Clustered,Transformational Leadership,https://www.leadershipnow.com/leadershop/images/9781956072044.jpg
BOOK01884,The #PACE Process for Early Career Success,['Mark Zides'],LeadershipNow only,False,True,,2022,,,,,,,,,Paperback,236.0,1,0,0,1,0,0,0,1,1,1,2,Basic,9,9,0,7,Broad Leadership and Success,Clustered,Broad Leadership and Success,https://www.leadershipnow.com/leadershop/images/9781956450163.jpg
BOOK01885,Hacking the Corporate Jungle,['Sean McMann'],LeadershipNow only,False,True,,2025,,,,,,,,,Paperback,146.0,1,0,0,1,0,0,0,1,1,1,2,Basic,6,6,0,28,CEO and Executive Transformation,Clustered,CEO and Executive Transformation,https://www.leadershipnow.com/leadershop/images/9781957077796.jpg
BOOK01886,Performance Feedback Strategies,['Sandra Mashihi and Kenneth M. Nowack'],LeadershipNow only,False,True,,2025,,,,,,,,,Paperback,256.0,1,0,0,1,0,0,0,1,1,1,2,Basic,9,9,0,14,Performance Management,Clustered,Performance Management,https://www.leadershipnow.com/leadershop/images/9781957157863.jpg
BOOK01887,Ideas on a Deadline,['Phil Cooke'],LeadershipNow only,False,True,,2022,,,,,,,,,Hardcover,216.0,1,0,0,1,0,0,0,1,1,1,2,Basic,6,6,0,11,Organizational Culture and Trust,Clustered,Organizational Culture and Trust,https://www.leadershipnow.com/leadershop/images/9781957369044.jpg
BOOK01888,Leading With Care in a Tough World,['Phillip G. Clampitt and Bob DeKoch'],LeadershipNow only,False,True,,2022,,,,,,,,,Hardcover,376.0,1,0,0,1,0,0,0,1,1,1,2,Basic,13,13,0,16,Leading Self and Others,Clustered,Leading Self and Others,https://www.leadershipnow.com/leadershop/images/9781957588100.jpg
BOOK01889,The Long Game,['Eric Becker'],LeadershipNow only,False,True,,2025,,,,,,,,,Hardcover,184.0,1,0,0,1,0,0,0,1,1,1,2,Basic,5,5,0,28,CEO and Executive Transformation,Clustered,CEO and Executive Transformation,https://www.leadershipnow.com/leadershop/images/9781957588322.jpg
BOOK01890,Your Company Is Your Castle,['Sandeep Chennakeshu'],LeadershipNow only,False,True,,2023,,,,,,,,,Hardcover,328.0,1,0,0,1,0,0,0,1,1,1,2,Basic,7,7,0,11,Organizational Culture and Trust,Clustered,Organizational Culture and Trust,https://www.leadershipnow.com/leadershop/images/9781957616049.jpg
BOOK01891,Settle for More,['Chris Meyer'],LeadershipNow only,False,True,,2024,,,,,,,,,Paperback,192.0,1,0,0,1,0,0,0,1,1,1,2,Basic,5,5,0,,,Not Clustered,Not Clustered,https://www.leadershipnow.com/leadershop/images/9781957616858.jpg
BOOK01892,Levi's Unbuttoned,['Jennifer Sey'],LeadershipNow only,False,True,,2022,,,,,,,,,Hardcover,276.0,1,0,0,1,0,0,0,1,1,1,2,Basic,4,4,0,,,Not Clustered,Not Clustered,https://www.leadershipnow.com/leadershop/images/9781958682241.jpg
BOOK01893,The Accidental Network,['Rouzbeh Yassini-Fard with Stewart Schley'],LeadershipNow only,False,True,,2025,,,,,,,,,Hardcover,210.0,1,0,0,1,0,0,0,1,1,1,2,Basic,8,8,0,3,Future Thinking and Personal Development,Clustered,Future Thinking and Personal Development,https://www.leadershipnow.com/leadershop/images/9781959000600.jpg
BOOK01894,Scaling Smart,['Rich and Kathy Fettke'],LeadershipNow only,False,True,,2024,,,,,,,,,Hardcover,288.0,1,0,0,1,0,0,0,1,1,1,2,Basic,6,6,0,28,CEO and Executive Transformation,Clustered,CEO and Executive Transformation,https://www.leadershipnow.com/leadershop/images/9781960178169.jpg
BOOK01895,ReLeader,['Jon Chasteen'],LeadershipNow only,False,True,,2024,,,,,,,,,Paperback,208.0,1,0,0,1,0,0,0,1,1,1,2,Basic,3,3,0,,,Not Clustered,Not Clustered,https://www.leadershipnow.com/leadershop/images/9781960870100.jpg
BOOK01896,The Steady Leader,['Schuyler Williamson'],LeadershipNow only,False,True,,2025,,,,,,,,,Hardcover,308.0,1,0,0,1,0,0,0,1,1,1,2,Basic,5,5,0,5,Leader Identity and Practice,Clustered,Leader Identity and Practice,https://www.leadershipnow.com/leadershop/images/9781964934327.jpg
BOOK01897,American Rascal,['Greg Steinmetz'],LeadershipNow only,False,True,,2022,,,,,,,,,Hardcover,320.0,1,0,0,1,0,0,0,1,1,1,2,Basic,4,4,0,3,Future Thinking and Personal Development,Clustered,Future Thinking and Personal Development,https://www.leadershipnow.com/leadershop/images/9781982107406.jpg
BOOK01898,The Wolves of K Street,['Brody Mullins and Luke Mullins'],LeadershipNow only,False,True,,2024,,,,,,,,,Hardcover,624.0,1,0,0,1,0,0,0,1,1,1,2,Basic,10,10,0,28,CEO and Executive Transformation,Clustered,CEO and Executive Transformation,https://www.leadershipnow.com/leadershop/images/9781982120597.jpg
BOOK01899,The Right Call,['Sally Jenkins'],LeadershipNow only,False,True,,2023,,,,,,,,,Hardcover,272.0,1,0,0,1,0,0,0,1,1,1,2,Basic,5,5,0,7,Broad Leadership and Success,Clustered,Broad Leadership and Success,https://www.leadershipnow.com/leadershop/images/9781982122553.jpg
BOOK01900,Watergate,['Garrett M. Graff'],LeadershipNow only,False,True,,2022,,,,,,,,,Hardcover,832.0,1,0,0,1,0,0,0,1,1,1,2,Basic,4,4,0,,,Not Clustered,Not Clustered,https://www.leadershipnow.com/leadershop/images/9781982139162.jpg
BOOK01901,A Man of Iron,['Troy Senik'],LeadershipNow only,False,True,,2022,,,,,,,,,Hardcover,352.0,1,0,0,1,0,0,0,1,1,1,2,Basic,6,6,0,7,Broad Leadership and Success,Clustered,Broad Leadership and Success,https://www.leadershipnow.com/leadershop/images/9781982140748.jpg
BOOK01902,Trust and Inspire,['Stephen M.R. Covey'],LeadershipNow only,False,True,,2022,,,,,,,,,Hardcover,368.0,1,0,0,1,0,0,0,1,1,1,2,Basic,6,6,0,11,Organizational Culture and Trust,Clustered,Organizational Culture and Trust,https://www.leadershipnow.com/leadershop/images/9781982143725.jpg
BOOK01903,On Power,['Mark R. Levin'],LeadershipNow only,False,True,,2025,,,,,,,,,Hardcover,208.0,1,0,0,1,0,0,0,1,1,1,2,Basic,5,5,0,22,Power and Influence,Clustered,Power and Influence,https://www.leadershipnow.com/leadershop/images/9781982146191.jpg
BOOK01904,Tomorrowmind,['Gabriella Rosen Kellerman and Martin E. P. Seligman'],LeadershipNow only,False,True,,2023,,,,,,,,,Hardcover,288.0,1,0,0,1,0,0,0,1,1,1,2,Basic,9,9,0,,,Not Clustered,Not Clustered,https://www.leadershipnow.com/leadershop/images/9781982159764.jpg
BOOK01905,The Winner's Curse,['Richard H. Thaler and Alex Imas'],LeadershipNow only,False,True,,2025,,,,,,,,,Hardcover,352.0,1,0,0,1,0,0,0,1,1,1,2,Basic,9,9,0,,,Not Clustered,Not Clustered,https://www.leadershipnow.com/leadershop/images/9781982165116.jpg
BOOK01906,Making Numbers Count,['Chip Heath and Karla Starr'],LeadershipNow only,False,True,,2022,,,,,,,,,Hardcover,240.0,1,0,0,1,0,0,0,1,1,1,2,Basic,8,8,0,4,Decision Making,Clustered,Decision Making,https://www.leadershipnow.com/leadershop/images/9781982165444.jpg
BOOK01907,The Power of Crisis,['Ian Bremmer'],LeadershipNow only,False,True,,2022,,,,,,,,,Hardcover,272.0,1,0,0,1,0,0,0,1,1,1,2,Basic,6,6,0,22,Power and Influence,Clustered,Power and Influence,https://www.leadershipnow.com/leadershop/images/9781982167509.jpg
BOOK01908,When Women Lead,['Julia Boorstin'],LeadershipNow only,False,True,,2022,,,,,,,,,Hardcover,432.0,1,0,0,1,0,0,0,1,1,1,2,Basic,5,5,0,26,Contemporary Leadership Practice,Clustered,Contemporary Leadership Practice,https://www.leadershipnow.com/leadershop/images/9781982168216.jpg
BOOK01909,Cultures of Growth,['Mary C. Murphy Ph.D.'],LeadershipNow only,False,True,,2024,,,,,,,,,Hardcover,352.0,1,0,0,1,0,0,0,1,1,1,2,Basic,7,7,0,7,Broad Leadership and Success,Clustered,Broad Leadership and Success,https://www.leadershipnow.com/leadershop/images/9781982172749.jpg
BOOK01910,Up Close and All In,['John Mack'],LeadershipNow only,False,True,,2022,,,,,,,,,Hardcover,352.0,1,0,0,1,0,0,0,1,1,1,2,Basic,7,7,0,7,Broad Leadership and Success,Clustered,Broad Leadership and Success,https://www.leadershipnow.com/leadershop/images/9781982174279.jpg
BOOK01911,CEO Excellence,"['Carolyn Dewar, Scott Keller and Vikram Malhotra']",LeadershipNow only,False,True,,2022,,,,,,,,,Hardcover,384.0,1,0,0,1,0,0,0,1,1,1,2,Basic,9,9,0,28,CEO and Executive Transformation,Clustered,CEO and Executive Transformation,https://www.leadershipnow.com/leadershop/images/9781982179670.jpg
BOOK01912,Elon Musk,['Walter Isaacson'],LeadershipNow only,False,True,,2023,,,,,,,,,Hardcover,688.0,1,0,0,1,0,0,0,1,1,1,2,Basic,4,4,0,,,Not Clustered,Not Clustered,https://www.leadershipnow.com/leadershop/images/9781982181284.jpg
BOOK01913,Anatomy of a Breakthrough,['Adam Alter'],LeadershipNow only,False,True,,2023,,,,,,,,,Hardcover,320.0,1,0,0,1,0,0,0,1,1,1,2,Basic,6,6,0,28,CEO and Executive Transformation,Clustered,CEO and Executive Transformation,https://www.leadershipnow.com/leadershop/images/9781982182960.jpg
BOOK01914,Surf When You Can,['Brett Crozier with Michael Vlessides'],LeadershipNow only,False,True,,2023,,,,,,,,,Hardcover,240.0,1,0,0,1,0,0,0,1,1,1,2,Basic,9,9,0,,,Not Clustered,Not Clustered,https://www.leadershipnow.com/leadershop/images/9781982191009.jpg
BOOK01915,Right Kind of Wrong,['Amy C. Edmondson'],LeadershipNow only,False,True,,2023,,,,,,,,,Hardcover,368.0,1,0,0,1,0,0,0,1,1,1,2,Basic,7,7,0,7,Broad Leadership and Success,Clustered,Broad Leadership and Success,https://www.leadershipnow.com/leadershop/images/9781982195069.jpg
BOOK01916,Live Life in Crescendo,['Stephen R. Covey and Cynthia Covey'],LeadershipNow only,False,True,,2022,,,,,,,,,Hardcover,304.0,1,0,0,1,0,0,0,1,1,1,2,Basic,10,10,0,28,CEO and Executive Transformation,Clustered,CEO and Executive Transformation,https://www.leadershipnow.com/leadershop/images/9781982195472.jpg
BOOK01917,Make No Small Plans,"['Elliott Bisnow, Brett Leve, Jeff Rosenthal and Jeremy Schwartz']",LeadershipNow only,False,True,,2022,,,,,,,,,Hardcover,288.0,1,0,0,1,0,0,0,1,1,1,2,Basic,13,13,0,0,Entrepreneurial and Growth Mindset,Clustered,Entrepreneurial and Growth Mindset,https://www.leadershipnow.com/leadershop/images/9781984822642.jpg
BOOK01918,Influence Is Your Superpower,['Zoe Chance'],LeadershipNow only,False,True,,2022,,,,,,,,,Hardcover,304.0,1,0,0,1,0,0,0,1,1,1,2,Basic,6,6,0,28,CEO and Executive Transformation,Clustered,CEO and Executive Transformation,https://www.leadershipnow.com/leadershop/images/9781984854339.jpg
BOOK01919,Strong Ground,['Brené Brown'],LeadershipNow only,False,True,,2025,,,,,,,,,Hardcover,448.0,1,0,0,1,0,0,0,1,1,1,2,Basic,4,4,0,0,Entrepreneurial and Growth Mindset,Clustered,Entrepreneurial and Growth Mindset,https://www.leadershipnow.com/leadershop/images/9781984855749.jpg
BOOK01920,Make Possibilities Happen,['Grace Hawthorne with Stanford d.school - Designed by Celia Leung'],LeadershipNow only,False,True,,2023,,,,,,,,,Paperback,144.0,1,0,0,1,0,0,0,1,1,1,2,Basic,13,13,0,7,Broad Leadership and Success,Clustered,Broad Leadership and Success,https://www.leadershipnow.com/leadershop/images/9781984858122.jpg
BOOK01921,Assembling Tomorrow,['Scott Doorley and Carissa Carter'],LeadershipNow only,False,True,,2024,,,,,,,,,Hardcover,320.0,1,0,0,1,0,0,0,1,1,1,2,Basic,7,7,0,7,Broad Leadership and Success,Clustered,Broad Leadership and Success,https://www.leadershipnow.com/leadershop/images/9781984858184.jpg
BOOK01922,The New China Playbook,['Keyu Jin'],LeadershipNow only,False,True,,2023,,,,,,,,,Hardcover,368.0,1,0,0,1,0,0,0,1,1,1,2,Basic,6,6,0,0,Entrepreneurial and Growth Mindset,Clustered,Entrepreneurial and Growth Mindset,https://www.leadershipnow.com/leadershop/images/9781984878281.jpg
BOOK01923,Unscripted,['James B Stewart and Rachel Abrams'],LeadershipNow only,False,True,,2023,,,,,,,,,Hardcover,416.0,1,0,0,1,0,0,0,1,1,1,2,Basic,7,7,0,,,Not Clustered,Not Clustered,https://www.leadershipnow.com/leadershop/images/9781984879424.jpg
BOOK01924,Stewards of the Future,['Helle Bank Jorgensen'],LeadershipNow only,False,True,,2022,,,,,,,,,Hardcover,288.0,1,0,0,1,0,0,0,1,1,1,2,Basic,7,7,0,3,Future Thinking and Personal Development,Clustered,Future Thinking and Personal Development,https://www.leadershipnow.com/leadershop/images/9781988025766.jpg
BOOK01925,Collaborative Advantage,['Oliver Gassmann and Raphael Bömelburg'],LeadershipNow only,False,True,,2023,,,,,,,,,Hardcover,204.0,1,0,0,1,0,0,0,1,1,1,2,Basic,7,7,0,0,Entrepreneurial and Growth Mindset,Clustered,Entrepreneurial and Growth Mindset,https://www.leadershipnow.com/leadershop/images/9783031363054.jpg
BOOK01926,Leading Organizational Transformation,['Alejandro Reyes'],LeadershipNow only,False,True,,2025,,,,,,,,,Paperback,402.0,1,0,0,1,0,0,0,1,1,1,2,Basic,5,5,0,16,Leading Self and Others,Clustered,Leading Self and Others,https://www.leadershipnow.com/leadershop/images/9783031897627.jpg
BOOK01927,When McKinsey Comes to Town,['Walt Bogdanich and Michael Forsythe'],LeadershipNow only,False,True,,2022,,,,,,,,,Hardcover,368.0,1,0,0,1,0,0,0,1,1,1,2,Basic,10,10,0,7,Broad Leadership and Success,Clustered,Broad Leadership and Success,https://www.leadershipnow.com/leadershop/images/978385546232.jpg
BOOK01928,"Remove, Replace, Restart",['Christian Greiser'],LeadershipNow only,False,True,,2023,,,,,,,,,Paperback,216.0,1,0,0,1,0,0,0,1,1,1,2,Basic,5,5,0,,,Not Clustered,Not Clustered,https://www.leadershipnow.com/leadershop/images/9783967391763.jpg
BOOK01929,The Art of Slicing Work,['Anton Skornyakov'],LeadershipNow only,False,True,,2024,,,,,,,,,Hardcover,190.0,1,0,0,1,0,0,0,1,1,1,2,Basic,7,7,0,15,Workplace and Generational Dynamics,Clustered,Workplace and Generational Dynamics,https://www.leadershipnow.com/leadershop/images/9783982609225.jpg
BOOK01930,Family Reins,['Billy Busch'],LeadershipNow only,False,True,,2023,,,,,,,,,Hardcover,242.0,1,0,0,1,0,0,0,1,1,1,2,Basic,4,4,0,7,Broad Leadership and Success,Clustered,Broad Leadership and Success,https://www.leadershipnow.com/leadershop/images/9788200798827.jpg
BOOK01931,Areté,['Brian Johnson'],LeadershipNow only,False,True,,2023,,,,,,,,,Hardcover,1001.0,1,0,0,1,0,0,0,1,1,1,2,Basic,3,3,0,,,Not Clustered,Not Clustered,https://www.leadershipnow.com/leadershop/images/9788212414074.jpg
BOOK01932,Become a Super Leader,['Gary C Laney'],LeadershipNow only,False,True,,2024,,,,,,,,,Paperback,244.0,1,0,0,1,0,0,0,1,1,1,2,Basic,7,7,0,5,Leader Identity and Practice,Clustered,Leader Identity and Practice,https://www.leadershipnow.com/leadershop/images/9788218394301.jpg
BOOK01933,Leadership Legacy,['Kerry Fierke'],LeadershipNow only,False,True,,2024,,,,,,,,,Paperback,178.0,1,0,0,1,0,0,0,1,1,1,2,Basic,4,4,0,25,Transformational Leadership,Clustered,Transformational Leadership,https://www.leadershipnow.com/leadershop/images/9788350934663.jpg
BOOK01934,Leadership by Example,['Frank Sonnenberg'],LeadershipNow only,False,True,,2023,,,,,,,,,Hardcover,277.0,1,0,0,1,0,0,0,1,1,1,2,Basic,5,5,0,25,Transformational Leadership,Clustered,Transformational Leadership,https://www.leadershipnow.com/leadershop/images/9788370856235.jpg
BOOK01935,Profit with Presence,['Eric J. Holsapple'],LeadershipNow only,False,True,,2023,,,,,,,,,Hardcover,320.0,1,0,0,1,0,0,0,1,1,1,2,Basic,6,6,0,11,Organizational Culture and Trust,Clustered,Organizational Culture and Trust,https://www.leadershipnow.com/leadershop/images/9788886450101.jpg
BOOK01936,Leading with Significance,['Joey Havens'],LeadershipNow only,False,True,,2023,,,,,,,,,Hardcover,200.0,1,0,0,1,0,0,0,1,1,1,2,Basic,5,5,0,16,Leading Self and Others,Clustered,Leading Self and Others,https://www.leadershipnow.com/leadershop/images/9788886450484.jpg
BOOK01937,Fixing Work,['David G. Henkin and Thomas Bertels'],LeadershipNow only,False,True,,2023,,,,,,,,,Hardcover,232.0,1,0,0,1,0,0,0,1,1,1,2,Basic,8,8,0,15,Workplace and Generational Dynamics,Clustered,Workplace and Generational Dynamics,https://www.leadershipnow.com/leadershop/images/9788886450774.jpg
BOOK01938,How to Make a Few Billion Dollars,['Brad Jacobs'],LeadershipNow only,False,True,,2024,,,,,,,,,Hardcover,272.0,1,0,0,1,0,0,0,1,1,1,2,Basic,9,9,0,7,Broad Leadership and Success,Clustered,Broad Leadership and Success,https://www.leadershipnow.com/leadershop/images/9788886451740.jpg
BOOK01939,A New Kind of Diversity,['Tim Elmore'],LeadershipNow only,False,True,,2022,,,,,,,,,Hardcover,304.0,1,0,0,1,0,0,0,1,1,1,2,Basic,7,7,0,0,Entrepreneurial and Growth Mindset,Clustered,Entrepreneurial and Growth Mindset,https://www.leadershipnow.com/leadershop/images/9788887100005.jpg
BOOK01940,Becoming More,['Dianna Kokoszka'],LeadershipNow only,False,True,,2023,,,,,,,,,Hardcover,256.0,1,0,0,1,0,0,0,1,1,1,2,Basic,4,4,0,,,Not Clustered,Not Clustered,https://www.leadershipnow.com/leadershop/images/9788887100067.jpg
BOOK01941,The 16 Undeniable Laws of Communication,['John C. Maxwell'],LeadershipNow only,False,True,,2023,,,,,,,,,Hardcover,304.0,1,0,0,1,0,0,0,1,1,1,2,Basic,9,9,0,6,Communication,Clustered,Communication,https://www.leadershipnow.com/leadershop/images/9788887100081.jpg
BOOK01942,Rebel Leadership,['Luis Urdaneta'],LeadershipNow only,False,True,,2023,,,,,,,,,Hardcover,288.0,1,0,0,1,0,0,0,1,1,1,2,Basic,4,4,0,25,Transformational Leadership,Clustered,Transformational Leadership,https://www.leadershipnow.com/leadershop/images/9788887100128.jpg
BOOK01943,High Road Leadership,['John C. Maxwell'],LeadershipNow only,False,True,,2024,,,,,,,,,Hardcover,240.0,1,0,0,1,0,0,0,1,1,1,2,Basic,6,6,0,25,Transformational Leadership,Clustered,Transformational Leadership,https://www.leadershipnow.com/leadershop/images/9788887100340.jpg
BOOK01944,Knowledge Mindfulness,['Laila Marouf'],LeadershipNow only,False,True,,2023,,,,,,,,,Hardcover,231.0,1,0,0,1,0,0,0,1,1,1,2,Basic,4,4,0,7,Broad Leadership and Success,Clustered,Broad Leadership and Success,https://www.leadershipnow.com/leadershop/images/9788887500249.jpg
BOOK01945,"Results, Not Reports",['Peter Follows'],LeadershipNow only,False,True,,2023,,,,,,,,,Hardcover,208.0,1,0,0,1,0,0,0,1,1,1,2,Basic,5,5,0,28,CEO and Executive Transformation,Clustered,CEO and Executive Transformation,https://www.leadershipnow.com/leadershop/images/9788887500508.jpg
BOOK01946,The Success Paradox,['Gary C. Cooper with Will T. Wilkinson'],LeadershipNow only,False,True,,2023,,,,,,,,,Hardcover,220.0,1,0,0,1,0,0,0,1,1,1,2,Basic,10,10,0,7,Broad Leadership and Success,Clustered,Broad Leadership and Success,https://www.leadershipnow.com/leadershop/images/9788887500522.jpg
BOOK01947,Get It Together,['Puja Rios'],LeadershipNow only,False,True,,2023,,,,,,,,,Hardcover,174.0,1,0,0,1,0,0,0,1,1,1,2,Basic,5,5,0,,,Not Clustered,Not Clustered,https://www.leadershipnow.com/leadershop/images/9788887501147.jpg
BOOK01948,The CQ Edge,['Su Bridgman'],LeadershipNow only,False,True,,2024,,,,,,,,,Hardcover,328.0,1,0,0,1,0,0,0,1,1,1,2,Basic,5,5,0,28,CEO and Executive Transformation,Clustered,CEO and Executive Transformation,https://www.leadershipnow.com/leadershop/images/9788887501567.jpg
BOOK01949,Leading What Matters Most,['Phil Geldart'],LeadershipNow only,False,True,,2024,,,,,,,,,Hardcover,192.0,1,0,0,1,0,0,0,1,1,1,2,Basic,6,6,0,16,Leading Self and Others,Clustered,Leading Self and Others,https://www.leadershipnow.com/leadershop/images/9788887502472.jpg
BOOK01950,deComplify,['Gary S. Michel'],LeadershipNow only,False,True,,2024,,,,,,,,,Hardcover,176.0,1,0,0,1,0,0,0,1,1,1,2,Basic,4,4,0,,,Not Clustered,Not Clustered,https://www.leadershipnow.com/leadershop/images/9788887503417.jpg
BOOK01951,Self Less,['Len Jessup'],LeadershipNow only,False,True,,2024,,,,,,,,,Hardcover,120.0,1,0,0,1,0,0,0,1,1,1,2,Basic,4,4,0,3,Future Thinking and Personal Development,Clustered,Future Thinking and Personal Development,https://www.leadershipnow.com/leadershop/images/9788887504476.jpg
BOOK01952,Get Clear Career Assessment,['Ken Coleman'],LeadershipNow only,False,True,,2024,,,,,,,,,Hardcover,160.0,1,0,0,1,0,0,0,1,1,1,2,Basic,6,6,0,11,Organizational Culture and Trust,Clustered,Organizational Culture and Trust,https://www.leadershipnow.com/leadershop/images/9788887820231.jpg
BOOK01953,The 80/20 CEO,['Bill Canady'],LeadershipNow only,False,True,,2024,,,,,,,,,Paperback,260.0,1,0,0,1,0,0,0,1,1,1,2,Basic,5,5,0,28,CEO and Executive Transformation,Clustered,CEO and Executive Transformation,https://www.leadershipnow.com/leadershop/images/9788888242469.jpg
BOOK01954,Passion Struck,['John R. Miles'],LeadershipNow only,False,True,,2024,,,,,,,,,Hardcover,240.0,1,0,0,1,0,0,0,1,1,1,2,Basic,5,5,0,11,Organizational Culture and Trust,Clustered,Organizational Culture and Trust,https://www.leadershipnow.com/leadershop/images/9788888451403.jpg
BOOK01955,The Gouge!,['Admiral Bob Harward'],LeadershipNow only,False,True,,2024,,,,,,,,,Hardcover,176.0,1,0,0,1,0,0,0,1,1,1,2,Basic,5,5,0,,,Not Clustered,Not Clustered,https://www.leadershipnow.com/leadershop/images/9788888453124.jpg
BOOK01956,The Soil of Leadership,['Britt Yamamoto'],LeadershipNow only,False,True,,2024,,,,,,,,,Hardcover,248.0,1,0,0,1,0,0,0,1,1,1,2,Basic,6,6,0,25,Transformational Leadership,Clustered,Transformational Leadership,https://www.leadershipnow.com/leadershop/images/9788891380554.jpg
BOOK01957,The Virtue Proposition,['Sig Berg'],LeadershipNow only,False,True,,2024,,,,,,,,,Hardcover,216.0,1,0,0,1,0,0,0,1,1,1,2,Basic,5,5,0,11,Organizational Culture and Trust,Clustered,Organizational Culture and Trust,https://www.leadershipnow.com/leadershop/images/9788891380592.jpg
BOOK01958,The Purposeful Decision Maker,['Pádraig Ó Céidigh'],LeadershipNow only,False,True,,2024,,,,,,,,,Hardcover,224.0,1,0,0,1,0,0,0,1,1,1,2,Basic,7,7,0,4,Decision Making,Clustered,Decision Making,https://www.leadershipnow.com/leadershop/images/9788891381322.jpg
BOOK01959,Brilliant Leadership,['Suzanne Martin'],LeadershipNow only,False,True,,2024,,,,,,,,,Hardcover,200.0,1,0,0,1,0,0,0,1,1,1,2,Basic,4,4,0,25,Transformational Leadership,Clustered,Transformational Leadership,https://www.leadershipnow.com/leadershop/images/9788891381346.jpg
BOOK01960,The Reset Mindset,['Penny Zenker'],LeadershipNow only,False,True,,2024,,,,,,,,,Hardcover,192.0,1,0,0,1,0,0,0,1,1,1,2,Basic,5,5,0,0,Entrepreneurial and Growth Mindset,Clustered,Entrepreneurial and Growth Mindset,https://www.leadershipnow.com/leadershop/images/9788891382299.jpg
BOOK01961,The Turnaround Leader,['Wes Wheeler'],LeadershipNow only,False,True,,2024,,,,,,,,,Hardcover,368.0,1,0,0,1,0,0,0,1,1,1,2,Basic,5,5,0,5,Leader Identity and Practice,Clustered,Leader Identity and Practice,https://www.leadershipnow.com/leadershop/images/9788891880344.jpg
BOOK01962,The Unconventional Entrepreneur,['Alexandra Nicole Nolan'],LeadershipNow only,False,True,,2022,,,,,,,,,Hardcover,224.0,1,0,0,1,0,0,0,1,1,1,2,Basic,6,6,0,0,Entrepreneurial and Growth Mindset,Clustered,Entrepreneurial and Growth Mindset,https://www.leadershipnow.com/leadershop/images/9788985071313.jpg
BOOK01963,The Nine,['Phil Simon'],LeadershipNow only,False,True,,2023,,,,,,,,,Paperback,284.0,1,0,0,1,0,0,0,1,1,1,2,Basic,4,4,0,,,Not Clustered,Not Clustered,https://www.leadershipnow.com/leadershop/images/9788985814767.jpg
BOOK01964,Executive Presence,['Joel A. Garfinkle'],LeadershipNow only,False,True,,2022,,,,,,,,,Paperback,330.0,1,0,0,1,0,0,0,1,1,1,2,Basic,5,5,0,19,Executive Leadership,Clustered,Executive Leadership,https://www.leadershipnow.com/leadershop/images/9788985936605.jpg
BOOK01965,The Conscious Workplace,['Shaara Roman'],LeadershipNow only,False,True,,2022,,,,,,,,,Paperback,306.0,1,0,0,1,0,0,0,1,1,1,2,Basic,5,5,0,7,Broad Leadership and Success,Clustered,Broad Leadership and Success,https://www.leadershipnow.com/leadershop/images/9788986128702.jpg
BOOK01966,Life on the X,['Stephen Drum'],LeadershipNow only,False,True,,2023,,,,,,,,,Paperback,160.0,1,0,0,1,0,0,0,1,1,1,2,Basic,6,6,0,28,CEO and Executive Transformation,Clustered,CEO and Executive Transformation,https://www.leadershipnow.com/leadershop/images/9788986304502.jpg
BOOK01967,The Shortcut,['Ruben Gonzalez'],LeadershipNow only,False,True,,2022,,,,,,,,,Paperback,192.0,1,0,0,1,0,0,0,1,1,1,2,Basic,4,4,0,,,Not Clustered,Not Clustered,https://www.leadershipnow.com/leadershop/images/9788986518800.jpg
BOOK01968,Conquer Your Culture,['David Komar'],LeadershipNow only,False,True,,2024,,,,,,,,,Paperback,141.0,1,0,0,1,0,0,0,1,1,1,2,Basic,5,5,0,11,Organizational Culture and Trust,Clustered,Organizational Culture and Trust,https://www.leadershipnow.com/leadershop/images/9788987216415.jpg
BOOK01969,Strategy Realized - The Business Hierarchy of Needs,['Jim Gitney'],LeadershipNow only,False,True,,2023,,,,,,,,,Hardcover,174.0,1,0,0,1,0,0,0,1,1,1,2,Basic,10,10,0,27,Strategic Management and Planning,Clustered,Strategic Management and Planning,https://www.leadershipnow.com/leadershop/images/9788987262603.jpg
BOOK01970,The 9th Stratum,['Aaron Salko'],LeadershipNow only,False,True,,2023,,,,,,,,,Paperback,258.0,1,0,0,1,0,0,0,1,1,1,2,Basic,5,5,0,,,Not Clustered,Not Clustered,https://www.leadershipnow.com/leadershop/images/9788988492818.jpg
BOOK01971,Can't Tame a Mongoose,['Stan Rose'],LeadershipNow only,False,True,,2024,,,,,,,,,Hardcover,290.0,1,0,0,1,0,0,0,1,1,1,2,Basic,6,6,0,11,Organizational Culture and Trust,Clustered,Organizational Culture and Trust,https://www.leadershipnow.com/leadershop/images/9788988611202.jpg
BOOK01972,Meta-Leadership,['Andrea Iorio'],LeadershipNow only,False,True,,2023,,,,,,,,,Hardcover,190.0,1,0,0,1,0,0,0,1,1,1,2,Basic,3,3,0,,,Not Clustered,Not Clustered,https://www.leadershipnow.com/leadershop/images/9788988668404.jpg
BOOK01973,Get Scalable,['Ryan Deiss'],LeadershipNow only,False,True,,2023,,,,,,,,,Paperback,212.0,1,0,0,1,0,0,0,1,1,1,2,Basic,4,4,0,,,Not Clustered,Not Clustered,https://www.leadershipnow.com/leadershop/images/9788988673729.jpg
BOOK01974,Burned Out to Lit Up,['Cara E. Houser'],LeadershipNow only,False,True,,2024,,,,,,,,,Paperback,176.0,1,0,0,1,0,0,0,1,1,1,2,Basic,8,8,0,,,Not Clustered,Not Clustered,https://www.leadershipnow.com/leadershop/images/9788988925200.jpg
BOOK01975,Tell Me My Story,['Dimple D Dhabalia'],LeadershipNow only,False,True,,2024,,,,,,,,,Paperback,280.0,1,0,0,1,0,0,0,1,1,1,2,Basic,7,7,0,28,CEO and Executive Transformation,Clustered,CEO and Executive Transformation,https://www.leadershipnow.com/leadershop/images/9788988958208.jpg
BOOK01976,Synergea,['Andy Hilliard'],LeadershipNow only,False,True,,2024,,,,,,,,,Paperback,240.0,1,0,0,1,0,0,0,1,1,1,2,Basic,3,3,0,,,Not Clustered,Not Clustered,https://www.leadershipnow.com/leadershop/images/9788989865413.jpg
BOOK01977,The Seven Frequencies of Communication,['Erwin Raphael McManus'],LeadershipNow only,False,True,,2024,,,,,,,,,Hardcover,160.0,1,0,0,1,0,0,0,1,1,1,2,Basic,8,8,0,6,Communication,Clustered,Communication,https://www.leadershipnow.com/leadershop/images/9788991045612.jpg
BOOK01978,Why Innovation Fails,['Joachim De Vos'],LeadershipNow only,False,True,,2022,,,,,,,,,Hardcover,320.0,1,0,0,1,0,0,0,1,1,1,2,Basic,6,6,0,21,Innovation Management,Clustered,Innovation Management,https://www.leadershipnow.com/leadershop/images/9789401478465.jpg
BOOK01979,AI Snake Oil,['Arvind Narayanan and Sayash Kapoor'],LeadershipNow only,False,True,,2024,,,,,,,,,Hardcover,360.0,1,0,0,1,0,0,0,1,1,1,2,Basic,8,8,0,26,Contemporary Leadership Practice,Clustered,Contemporary Leadership Practice,https://www.leadershipnow.com/leadershop/images/9790691249131.jpg
BOOK01980,Front-Line Leadership,['Patrick Nelson'],LeadershipNow only,False,True,,2024,,,,,,,,,Hardcover,240.0,1,0,0,1,0,0,0,1,1,1,2,Basic,4,4,0,25,Transformational Leadership,Clustered,Transformational Leadership,https://www.leadershipnow.com/leadershop/images/9791394240753.jpg
BOOK01981,The New Emotional Intelligence,['Travis Bradberry'],LeadershipNow only,False,True,,2025,,,,,,,,,Hardcover,368.0,1,0,0,1,0,0,0,1,1,1,2,Basic,6,6,0,18,Emotional Intelligence,Clustered,Emotional Intelligence,https://www.leadershipnow.com/leadershop/images/979218589660.jpg
BOOK01982,Human Edge in the AI Age,['Nitin Seth'],LeadershipNow only,False,True,,2025,,,,,,,,,Hardcover,496.0,1,0,0,1,0,0,0,1,1,1,2,Basic,8,8,0,28,CEO and Executive Transformation,Clustered,CEO and Executive Transformation,https://www.leadershipnow.com/leadershop/images/9798216391746.jpg
BOOK01983,Read Your Mind,['Oz Pearlman'],LeadershipNow only,False,True,,2025,,,,,,,,,Hardcover,304.0,1,0,0,1,0,0,0,1,1,1,2,Basic,5,5,0,28,CEO and Executive Transformation,Clustered,CEO and Executive Transformation,https://www.leadershipnow.com/leadershop/images/9798217059041.jpg
BOOK01984,Influence Elevated,['Stacey Hanke'],LeadershipNow only,False,True,,2024,,,,,,,,,Hardcover,260.0,1,0,0,1,0,0,0,1,1,1,2,Basic,4,4,0,28,CEO and Executive Transformation,Clustered,CEO and Executive Transformation,https://www.leadershipnow.com/leadershop/images/9798218491598.jpg
BOOK01985,Creating Excellence,['Bentley Nettles'],LeadershipNow only,False,True,,2024,,,,,,,,,Paperback,140.0,1,0,0,1,0,0,0,1,1,1,2,Basic,4,4,0,3,Future Thinking and Personal Development,Clustered,Future Thinking and Personal Development,https://www.leadershipnow.com/leadershop/images/9798218509224.jpg
BOOK01986,Build Something,['Michael Cerdá'],LeadershipNow only,False,True,,2025,,,,,,,,,Hardcover,356.0,1,0,0,1,0,0,0,1,1,1,2,Basic,4,4,0,7,Broad Leadership and Success,Clustered,Broad Leadership and Success,https://www.leadershipnow.com/leadershop/images/9798218584894.jpg
BOOK01987,Break The Mold,['Alan Whitman'],LeadershipNow only,False,True,,2025,,,,,,,,,Hardcover,280.0,1,0,0,1,0,0,0,1,1,1,2,Basic,5,5,0,7,Broad Leadership and Success,Clustered,Broad Leadership and Success,https://www.leadershipnow.com/leadershop/images/9798218759681.jpg
BOOK01988,Visualize,['Maya Raichoora'],LeadershipNow only,False,True,,2025,,,,,,,,,Hardcover,272.0,1,0,0,1,0,0,0,1,1,1,2,Basic,3,3,0,,,Not Clustered,Not Clustered,https://www.leadershipnow.com/leadershop/images/9798318601132.jpg
BOOK01989,Curative Culture,['Douglas K Shaw'],LeadershipNow only,False,True,,2025,,,,,,,,,Paperback,352.0,1,0,0,1,0,0,0,1,1,1,2,Basic,5,5,0,11,Organizational Culture and Trust,Clustered,Organizational Culture and Trust,https://www.leadershipnow.com/leadershop/images/9798319152701.jpg
BOOK01990,Professional Careers by Design,['Sharon Hull'],LeadershipNow only,False,True,,2024,,,,,,,,,Paperback,276.0,1,0,0,1,0,0,0,1,1,1,2,Basic,6,6,0,28,CEO and Executive Transformation,Clustered,CEO and Executive Transformation,https://www.leadershipnow.com/leadershop/images/9798350922622.jpg
BOOK01991,Always Squeezing Lemons,['Kayla Logue'],LeadershipNow only,False,True,,2024,,,,,,,,,Paperback,196.0,1,0,0,1,0,0,0,1,1,1,2,Basic,5,5,0,,,Not Clustered,Not Clustered,https://www.leadershipnow.com/leadershop/images/9798350947748.jpg
BOOK01992,Reflecting on History,['Peter Spitz'],LeadershipNow only,False,True,,2024,,,,,,,,,Paperback,226.0,1,0,0,1,0,0,0,1,1,1,2,Basic,5,5,0,7,Broad Leadership and Success,Clustered,Broad Leadership and Success,https://www.leadershipnow.com/leadershop/images/9798350959703.jpg
BOOK01993,Team Lead Model of Self-Leadership,['Joe Wolemonwu'],LeadershipNow only,False,True,,2022,,,,,,,,,Paperback,225.0,1,0,0,1,0,0,0,1,1,1,2,Basic,7,7,0,26,Contemporary Leadership Practice,Clustered,Contemporary Leadership Practice,https://www.leadershipnow.com/leadershop/images/9798842906161.jpg
BOOK01994,Conflict Is an Opportunity,['Dana Caspersen'],LeadershipNow only,False,True,,2025,,,,,,,,,Paperback,280.0,1,0,0,1,0,0,0,1,1,1,2,Basic,6,6,0,11,Organizational Culture and Trust,Clustered,Organizational Culture and Trust,https://www.leadershipnow.com/leadershop/images/9798881802691.jpg
BOOK01995,The Journey To Reinvention,['Roger Osorio'],LeadershipNow only,False,True,,2022,,,,,,,,,Paperback,226.0,1,0,0,1,0,0,0,1,1,1,2,Basic,6,6,0,28,CEO and Executive Transformation,Clustered,CEO and Executive Transformation,https://www.leadershipnow.com/leadershop/images/9798885045261.jpg
BOOK01996,I See You!,['Erin Diehl'],LeadershipNow only,False,True,,2024,,,,,,,,,Hardcover,192.0,1,0,0,1,0,0,0,1,1,1,2,Basic,5,5,0,,,Not Clustered,Not Clustered,https://www.leadershipnow.com/leadershop/images/9798886451467.jpg
BOOK01997,The Bravery Effect,['Jill Schulman'],LeadershipNow only,False,True,,2025,,,,,,,,,Hardcover,200.0,1,0,0,1,0,0,0,1,1,1,2,Basic,5,5,0,28,CEO and Executive Transformation,Clustered,CEO and Executive Transformation,https://www.leadershipnow.com/leadershop/images/9798886453966.jpg
BOOK01998,Honing the Human Edge,['Edward Mady'],LeadershipNow only,False,True,,2025,,,,,,,,,Hardcover,240.0,1,0,0,1,0,0,0,1,1,1,2,Basic,6,6,0,28,CEO and Executive Transformation,Clustered,CEO and Executive Transformation,https://www.leadershipnow.com/leadershop/images/9798886454048.jpg
BOOK01999,How to Make a Few More Billion Dollars,['Brad Jacobs'],LeadershipNow only,False,True,,2025,,,,,,,,,Hardcover,296.0,1,0,0,1,0,0,0,1,1,1,2,Basic,10,10,0,7,Broad Leadership and Success,Clustered,Broad Leadership and Success,https://www.leadershipnow.com/leadershop/images/9798886454659.jpg
BOOK02000,A New Kind of Diversity,['Tim Elmore / Foreward by John C. Maxwell'],LeadershipNow only,False,True,,2023,,,,,,,,,Hardcover,304.0,1,0,0,1,0,0,0,1,1,1,2,Basic,13,13,0,0,Entrepreneurial and Growth Mindset,Clustered,Entrepreneurial and Growth Mindset,https://www.leadershipnow.com/leadershop/images/9798887100005.jpg
BOOK02001,Culture Matters,['Jenni Catron'],LeadershipNow only,False,True,,2025,,,,,,,,,Hardcover,288.0,1,0,0,1,0,0,0,1,1,1,2,Basic,4,4,0,11,Organizational Culture and Trust,Clustered,Organizational Culture and Trust,https://www.leadershipnow.com/leadershop/images/9798887100364.jpg
BOOK02002,How to Work with Complicated People,['Ryan Leak'],LeadershipNow only,False,True,,2025,,,,,,,,,Hardcover,304.0,1,0,0,1,0,0,0,1,1,1,2,Basic,8,8,0,15,Workplace and Generational Dynamics,Clustered,Workplace and Generational Dynamics,https://www.leadershipnow.com/leadershop/images/9798887100432.jpg
BOOK02003,Firm Feedback in a Fragile World,['Jeff Hancher'],LeadershipNow only,False,True,,2025,,,,,,,,,Hardcover,240.0,1,0,0,1,0,0,0,1,1,1,2,Basic,8,8,0,11,Organizational Culture and Trust,Clustered,Organizational Culture and Trust,https://www.leadershipnow.com/leadershop/images/9798887100470.jpg
BOOK02004,Time is Now,['Raj Verma'],LeadershipNow only,False,True,,2024,,,,,,,,,Hardcover,192.0,1,0,0,1,0,0,0,1,1,1,2,Basic,5,5,0,7,Broad Leadership and Success,Clustered,Broad Leadership and Success,https://www.leadershipnow.com/leadershop/images/9798887502038.jpg
BOOK02005,Seeing Around Corners,['R. Christopher Whalen'],LeadershipNow only,False,True,,2024,,,,,,,,,Hardcover,280.0,1,0,0,1,0,0,0,1,1,1,2,Basic,6,6,0,28,CEO and Executive Transformation,Clustered,CEO and Executive Transformation,https://www.leadershipnow.com/leadershop/images/9798887504087.jpg
BOOK02006,Beyond the Hammer,['Brian Gottlieb'],LeadershipNow only,False,True,,2024,,,,,,,,,Hardcover,216.0,1,0,0,1,0,0,0,1,1,1,2,Basic,5,5,0,,,Not Clustered,Not Clustered,https://www.leadershipnow.com/leadershop/images/9798887504315.jpg
BOOK02007,Undoing Urgency,['Ryan Matt Reynolds'],LeadershipNow only,False,True,,2024,,,,,,,,,Hardcover,248.0,1,0,0,1,0,0,0,1,1,1,2,Basic,5,5,0,11,Organizational Culture and Trust,Clustered,Organizational Culture and Trust,https://www.leadershipnow.com/leadershop/images/9798887505480.jpg
BOOK02008,The AI Ecosystems Revolution,['Joe Hudicka'],LeadershipNow only,False,True,,2025,,,,,,,,,Hardcover,208.0,1,0,0,1,0,0,0,1,1,1,2,Basic,6,6,0,26,Contemporary Leadership Practice,Clustered,Contemporary Leadership Practice,https://www.leadershipnow.com/leadershop/images/9798887505664.jpg
BOOK02009,Less than One Percent,['Imamu Tomlinson'],LeadershipNow only,False,True,,2025,,,,,,,,,Hardcover,232.0,1,0,0,1,0,0,0,1,1,1,2,Basic,6,6,0,,,Not Clustered,Not Clustered,https://www.leadershipnow.com/leadershop/images/9798887506029.jpg
BOOK02010,The Detour CEO,['Paul Perreault'],LeadershipNow only,False,True,,2025,,,,,,,,,Hardcover,200.0,1,0,0,1,0,0,0,1,1,1,2,Basic,5,5,0,28,CEO and Executive Transformation,Clustered,CEO and Executive Transformation,https://www.leadershipnow.com/leadershop/images/9798887506524.jpg
BOOK02011,Deep Future,['Pablos Holman'],LeadershipNow only,False,True,,2025,,,,,,,,,Hardcover,248.0,1,0,0,1,0,0,0,1,1,1,2,Basic,4,4,0,3,Future Thinking and Personal Development,Clustered,Future Thinking and Personal Development,https://www.leadershipnow.com/leadershop/images/9798887507248.jpg
BOOK02012,Sharp,['Therese Huston'],LeadershipNow only,False,True,,2025,,,,,,,,,Hardcover,320.0,1,0,0,1,0,0,0,1,1,1,2,Basic,3,3,0,,,Not Clustered,Not Clustered,https://www.leadershipnow.com/leadershop/images/9798887702018.jpg
BOOK02013,Build a Business You Love,['Dave Ramsey'],LeadershipNow only,False,True,,2025,,,,,,,,,Hardcover,224.0,1,0,0,1,0,0,0,1,1,1,2,Basic,7,7,0,7,Broad Leadership and Success,Clustered,Broad Leadership and Success,https://www.leadershipnow.com/leadershop/images/9798887820422.jpg
BOOK02014,Outsmart the Learning Curve,['Joe Sipher'],LeadershipNow only,False,True,,2024,,,,,,,,,Hardcover,206.0,1,0,0,1,0,0,0,1,1,1,2,Basic,6,6,0,28,CEO and Executive Transformation,Clustered,CEO and Executive Transformation,https://www.leadershipnow.com/leadershop/images/9798888245477.jpg
BOOK02015,All the Presidents' Money,['Megan Gorman'],LeadershipNow only,False,True,,2024,,,,,,,,,Hardcover,312.0,1,0,0,1,0,0,0,1,1,1,2,Basic,6,6,0,7,Broad Leadership and Success,Clustered,Broad Leadership and Success,https://www.leadershipnow.com/leadershop/images/9798888450802.jpg
BOOK02016,Behind Closed Doors,['Ken Khachigian'],LeadershipNow only,False,True,,2024,,,,,,,,,Hardcover,496.0,1,0,0,1,0,0,0,1,1,1,2,Basic,5,5,0,,,Not Clustered,Not Clustered,https://www.leadershipnow.com/leadershop/images/9798888452721.jpg
BOOK02017,Creative Insecurity,['James M. Sweeney and Rhonda Lauritzen'],LeadershipNow only,False,True,,2024,,,,,,,,,Paperback,256.0,1,0,0,1,0,0,0,1,1,1,2,Basic,8,8,0,0,Entrepreneurial and Growth Mindset,Clustered,Entrepreneurial and Growth Mindset,https://www.leadershipnow.com/leadershop/images/9798888455395.jpg
BOOK02018,The Relatable Leader,['Rachel DeAlto'],LeadershipNow only,False,True,,2025,,,,,,,,,Paperback,240.0,1,0,0,1,0,0,0,1,1,1,2,Basic,5,5,0,5,Leader Identity and Practice,Clustered,Leader Identity and Practice,https://www.leadershipnow.com/leadershop/images/9798888458983.jpg
BOOK02019,Walk Your Talk,['Ted McKinney'],LeadershipNow only,False,True,,2024,,,,,,,,,Paperback,266.0,1,0,0,1,0,0,0,1,1,1,2,Basic,5,5,0,28,CEO and Executive Transformation,Clustered,CEO and Executive Transformation,https://www.leadershipnow.com/leadershop/images/9798889262466.jpg
BOOK02020,Question to Learn,['Joe Lalley'],LeadershipNow only,False,True,,2025,,,,,,,,,Paperback,192.0,1,0,0,1,0,0,0,1,1,1,2,Basic,5,5,0,28,CEO and Executive Transformation,Clustered,CEO and Executive Transformation,https://www.leadershipnow.com/leadershop/images/9798889264835.jpg
BOOK02021,Presencing,['C. Otto Scharmer and Katrin Kaufer'],LeadershipNow only,False,True,,2025,,,,,,,,,Paperback,208.0,1,0,0,1,0,0,0,1,1,1,2,Basic,7,7,0,,,Not Clustered,Not Clustered,https://www.leadershipnow.com/leadershop/images/9798890570284.jpg
BOOK02022,The Win-Win Workplace,['Angela Jackson'],LeadershipNow only,False,True,,2025,,,,,,,,,Hardcover,264.0,1,0,0,1,0,0,0,1,1,1,2,Basic,5,5,0,10,Leadership Development,Clustered,Leadership Development,https://www.leadershipnow.com/leadershop/images/9798890570543.jpg
BOOK02023,The Science of Leadership,['Jeffrey Hull and Margaret Moore'],LeadershipNow only,False,True,,2025,,,,,,,,,Paperback,288.0,1,0,0,1,0,0,0,1,1,1,2,Basic,9,9,0,25,Transformational Leadership,Clustered,Transformational Leadership,https://www.leadershipnow.com/leadershop/images/9798890570765.jpg
BOOK02024,The Laughter Factor,['Adam Christing'],LeadershipNow only,False,True,,2025,,,,,,,,,Paperback,192.0,1,0,0,1,0,0,0,1,1,1,2,Basic,5,5,0,28,CEO and Executive Transformation,Clustered,CEO and Executive Transformation,https://www.leadershipnow.com/leadershop/images/9798890570802.jpg
BOOK02025,Humble Inquiry,['Edgar H. Schein and Peter A. Schein'],LeadershipNow only,False,True,,2025,,,,,,,,,Paperback,176.0,1,0,0,1,0,0,0,1,1,1,2,Basic,9,9,0,7,Broad Leadership and Success,Clustered,Broad Leadership and Success,https://www.leadershipnow.com/leadershop/images/9798890570956.jpg
BOOK02026,Trust at a Distance,['David Horsager and Peggy Kendall'],LeadershipNow only,False,True,,2025,,,,,,,,,Hardcover,168.0,1,0,0,1,0,0,0,1,1,1,2,Basic,9,9,0,11,Organizational Culture and Trust,Clustered,Organizational Culture and Trust,https://www.leadershipnow.com/leadershop/images/9798890571083.jpg
BOOK02027,The Power of Employee Well-Being,['Mark C. Crowley'],LeadershipNow only,False,True,,2025,,,,,,,,,Hardcover,176.0,1,0,0,1,0,0,0,1,1,1,2,Basic,8,8,0,22,Power and Influence,Clustered,Power and Influence,https://www.leadershipnow.com/leadershop/images/9798890571298.jpg
BOOK02028,Think Your Way to the Top,['Des Hague'],LeadershipNow only,False,True,,2024,,,,,,,,,Hardcover,312.0,1,0,0,1,0,0,0,1,1,1,2,Basic,8,8,0,3,Future Thinking and Personal Development,Clustered,Future Thinking and Personal Development,https://www.leadershipnow.com/leadershop/images/9798891382008.jpg
BOOK02029,Lessons from the Admiral,['Mark C. Fava'],LeadershipNow only,False,True,,2025,,,,,,,,,Hardcover,168.0,1,0,0,1,0,0,0,1,1,1,2,Basic,7,7,0,28,CEO and Executive Transformation,Clustered,CEO and Executive Transformation,https://www.leadershipnow.com/leadershop/images/9798891382176.jpg
BOOK02030,Shoveling $h!t,['Kass Lazerow and Michael Lazerow'],LeadershipNow only,False,True,,2025,,,,,,,,,Hardcover,240.0,1,0,0,1,0,0,0,1,1,1,2,Basic,7,7,0,,,Not Clustered,Not Clustered,https://www.leadershipnow.com/leadershop/images/9798891383517.jpg
BOOK02031,Masters of Uncertainty,['Rich Diviney'],LeadershipNow only,False,True,,2025,,,,,,,,,Hardcover,168.0,1,0,0,1,0,0,0,1,1,1,2,Basic,5,5,0,28,CEO and Executive Transformation,Clustered,CEO and Executive Transformation,https://www.leadershipnow.com/leadershop/images/9798891383999.jpg
BOOK02032,The Secure Leader,['Jaime Goff'],LeadershipNow only,False,True,,2025,,,,,,,,,Hardcover,192.0,1,0,0,1,0,0,0,1,1,1,2,Basic,5,5,0,5,Leader Identity and Practice,Clustered,Leader Identity and Practice,https://www.leadershipnow.com/leadershop/images/9798891384316.jpg
BOOK02033,The Seismic Shift in You,['Michelle Johnston and Marshall Goldsmith'],LeadershipNow only,False,True,,2025,,,,,,,,,Hardcover,152.0,1,0,0,1,0,0,0,1,1,1,2,Basic,10,10,0,11,Organizational Culture and Trust,Clustered,Organizational Culture and Trust,https://www.leadershipnow.com/leadershop/images/9798891386211.jpg
BOOK02034,Next Play,['Alan Stein Jr.'],LeadershipNow only,False,True,,2025,,,,,,,,,Hardcover,232.0,1,0,0,1,0,0,0,1,1,1,2,Basic,5,5,0,7,Broad Leadership and Success,Clustered,Broad Leadership and Success,https://www.leadershipnow.com/leadershop/images/9798891386624.jpg
BOOK02035,Relationship Currency,['Ravi Rajani'],LeadershipNow only,False,True,,2025,,,,,,,,,Paperback,168.0,1,0,0,1,0,0,0,1,1,1,2,Basic,4,4,0,7,Broad Leadership and Success,Clustered,Broad Leadership and Success,https://www.leadershipnow.com/leadershop/images/9798891389663.jpg
BOOK02036,Stay at Risk and Live Forever,['Byron Wien and Taylor Becker'],LeadershipNow only,False,True,,2024,,,,,,,,,Hardcover,168.0,1,0,0,1,0,0,0,1,1,1,2,Basic,11,11,0,28,CEO and Executive Transformation,Clustered,CEO and Executive Transformation,https://www.leadershipnow.com/leadershop/images/9798891881181.jpg
BOOK02037,The Tao of Leadership,['Jack Myers'],LeadershipNow only,False,True,,2025,,,,,,,,,Hardcover,280.0,1,0,0,1,0,0,0,1,1,1,2,Basic,6,6,0,25,Transformational Leadership,Clustered,Transformational Leadership,https://www.leadershipnow.com/leadershop/images/9798891881716.jpg
BOOK02038,"Believer, Bulldog, Coach",['Steve Smithwick'],LeadershipNow only,False,True,,2025,,,,,,,,,Hardcover,176.0,1,0,0,1,0,0,0,1,1,1,2,Basic,5,5,0,28,CEO and Executive Transformation,Clustered,CEO and Executive Transformation,https://www.leadershipnow.com/leadershop/images/9798891881730.jpg
BOOK02039,The Power of Mattering,['Zach Mercurio'],LeadershipNow only,False,True,,2025,,,,,,,,,Hardcover,240.0,1,0,0,1,0,0,0,1,1,1,2,Basic,6,6,0,22,Power and Influence,Clustered,Power and Influence,https://www.leadershipnow.com/leadershop/images/9798892790123.jpg
BOOK02040,There's Nothing Like This,['Kevin Evers'],LeadershipNow only,False,True,,2025,,,,,,,,,Hardcover,256.0,1,0,0,1,0,0,0,1,1,1,2,Basic,6,6,0,11,Organizational Culture and Trust,Clustered,Organizational Culture and Trust,https://www.leadershipnow.com/leadershop/images/9798892790178.jpg
BOOK02041,Blindspotting,['Martin Dubin'],LeadershipNow only,False,True,,2025,,,,,,,,,Hardcover,256.0,1,0,0,1,0,0,0,1,1,1,2,Basic,3,3,0,,,Not Clustered,Not Clustered,https://www.leadershipnow.com/leadershop/images/9798892790536.jpg
BOOK02042,The Activator Advantage,"['Matthew Dixon, Rory Channer, Karen Freeman and Ted McKenna']",LeadershipNow only,False,True,,2025,,,,,,,,,Hardcover,240.0,1,0,0,1,0,0,0,1,1,1,2,Basic,12,12,0,0,Entrepreneurial and Growth Mindset,Clustered,Entrepreneurial and Growth Mindset,https://www.leadershipnow.com/leadershop/images/9798892790574.jpg
BOOK02043,More Human,['Rasmus Hougaard and Jacqueline Carter with Marissa Afton and Rob Stembridge'],LeadershipNow only,False,True,,2025,,,,,,,,,Hardcover,176.0,1,0,0,1,0,0,0,1,1,1,2,Basic,13,13,0,20,Human Resource Management,Clustered,Human Resource Management,https://www.leadershipnow.com/leadershop/images/9798892790628.jpg
BOOK02044,Bag Man,['Lew Frankfort'],LeadershipNow only,False,True,,2025,,,,,,,,,Hardcover,304.0,1,0,0,1,0,0,0,1,1,1,2,Basic,4,4,0,7,Broad Leadership and Success,Clustered,Broad Leadership and Success,https://www.leadershipnow.com/leadershop/images/9798892790727.jpg
BOOK02045,Culture Design,['James D. White and Krista White'],LeadershipNow only,False,True,,2025,,,,,,,,,Hardcover,208.0,1,0,0,1,0,0,0,1,1,1,2,Basic,8,8,0,11,Organizational Culture and Trust,Clustered,Organizational Culture and Trust,https://www.leadershipnow.com/leadershop/images/9798892790772.jpg
BOOK02046,Another Way,['Dave Whorton with Bo Burlingham'],LeadershipNow only,False,True,,2025,,,,,,,,,Hardcover,256.0,1,0,0,1,0,0,0,1,1,1,2,Basic,7,7,0,11,Organizational Culture and Trust,Clustered,Organizational Culture and Trust,https://www.leadershipnow.com/leadershop/images/9798892791137.jpg
BOOK02047,The Octopus Organization,['Phil Le-Brun and Jana Werner'],LeadershipNow only,False,True,,2025,,,,,,,,,Hardcover,368.0,1,0,0,1,0,0,0,1,1,1,2,Basic,8,8,0,7,Broad Leadership and Success,Clustered,Broad Leadership and Success,https://www.leadershipnow.com/leadershop/images/9798892791403.jpg
BOOK02048,The Happiness Files,['Arthur C. Brooks'],LeadershipNow only,False,True,,2025,,,,,,,,,Hardcover,272.0,1,0,0,1,0,0,0,1,1,1,2,Basic,6,6,0,11,Organizational Culture and Trust,Clustered,Organizational Culture and Trust,https://www.leadershipnow.com/leadershop/images/9798892792264.jpg
BOOK02049,Superagency,['Reid Hoffman and Greg Beato'],LeadershipNow only,False,True,,2025,,,,,,,,,Hardcover,288.0,1,0,0,1,0,0,0,1,1,1,2,Basic,6,6,0,,,Not Clustered,Not Clustered,https://www.leadershipnow.com/leadershop/images/9798893310108.jpg
BOOK02050,This Is Strategy,['Seth Godin'],LeadershipNow only,False,True,,2024,,,,,,,,,Paperback,256.0,1,0,0,1,0,0,0,1,1,1,2,Basic,5,5,0,28,CEO and Executive Transformation,Clustered,CEO and Executive Transformation,https://www.leadershipnow.com/leadershop/images/9798893310160.jpg
BOOK02051,The Overthinker's Guide to Making Decisions,['Joseph Nguyen'],LeadershipNow only,False,True,,2025,,,,,,,,,Hardcover,192.0,1,0,0,1,0,0,0,1,1,1,2,Basic,8,8,0,4,Decision Making,Clustered,Decision Making,https://www.leadershipnow.com/leadershop/images/9798893310665.jpg
BOOK02052,Transcend,['Faisal Hoque'],LeadershipNow only,False,True,,2025,,,,,,,,,Hardcover,352.0,1,0,0,1,0,0,0,1,1,1,2,Basic,3,3,0,,,Not Clustered,Not Clustered,https://www.leadershipnow.com/leadershop/images/9798895650103.jpg
BOOK02053,Seeing Around Corners,['Ken Banta'],LeadershipNow only,False,True,,2025,,,,,,,,,Paperback,208.0,1,0,0,1,0,0,0,1,1,1,2,Basic,5,5,0,28,CEO and Executive Transformation,Clustered,CEO and Executive Transformation,https://www.leadershipnow.com/leadershop/images/9798895651384.jpg
BOOK02054,Six Dimes and a Nickel,['Damon West'],LeadershipNow only,False,True,,2025,,,,,,,,,Hardcover,272.0,1,0,0,1,0,0,0,1,1,1,2,Basic,7,7,0,,,Not Clustered,Not Clustered,https://www.leadershipnow.com/leadershop/images/9798895651896.jpg
BOOK02055,Extraordinary Transformation,['Nido Qubein'],LeadershipNow only,False,True,,2024,,,,,,,,,Hardcover,257.0,1,0,0,1,0,0,0,1,1,1,2,Basic,4,4,0,28,CEO and Executive Transformation,Clustered,CEO and Executive Transformation,https://www.leadershipnow.com/leadershop/images/9788986666303.jpg
BOOK02056,Becoming a Leader Worth Following,['Mike Easley'],LeadershipNow only,False,True,,2024,,,,,,,,,Paperback,270.0,1,0,0,1,0,0,0,1,1,1,2,Basic,7,7,0,5,Leader Identity and Practice,Clustered,Leader Identity and Practice,https://www.leadershipnow.com/leadershop/images/9798990085008.jpg
BOOK02057,Always Learning,['Gary Kusin'],LeadershipNow only,False,True,,2024,,,,,,,,,Hardcover,304.0,1,0,0,1,0,0,0,1,1,1,2,Basic,4,4,0,28,CEO and Executive Transformation,Clustered,CEO and Executive Transformation,https://www.leadershipnow.com/leadershop/images/9798990108509.jpg
BOOK02058,Left and Right of the Boom,['Rob Campbell'],LeadershipNow only,False,True,,2024,,,,,,,,,Paperback,180.0,1,0,0,1,0,0,0,1,1,1,2,Basic,8,8,0,7,Broad Leadership and Success,Clustered,Broad Leadership and Success,https://www.leadershipnow.com/leadershop/images/9798990712607.jpg
BOOK02059,Mega Thinking,['Dave Martin'],LeadershipNow only,False,True,,2024,,,,,,,,,Paperback,232.0,1,0,0,1,0,0,0,1,1,1,2,Basic,4,4,0,28,CEO and Executive Transformation,Clustered,CEO and Executive Transformation,https://www.leadershipnow.com/leadershop/images/9798990768406.jpg
BOOK02060,Ready to Win,['Matthew Mitchell'],LeadershipNow only,False,True,,2024,,,,,,,,,Hardcover,186.0,1,0,0,1,0,0,0,1,1,1,2,Basic,5,5,0,7,Broad Leadership and Success,Clustered,Broad Leadership and Success,https://www.leadershipnow.com/leadershop/images/9798991554206.jpg
BOOK02061,The Wellness Ethic,['Mark Reinisch'],LeadershipNow only,False,True,,2025,,,,,,,,,Paperback,380.0,1,0,0,1,0,0,0,1,1,1,2,Basic,5,5,0,11,Organizational Culture and Trust,Clustered,Organizational Culture and Trust,https://www.leadershipnow.com/leadershop/images/9798991604901.jpg
BOOK02062,A Platform Mindset,['Marcus Fontoura'],LeadershipNow only,False,True,,2025,,,,,,,,,Paperback,334.0,1,0,0,1,0,0,0,1,1,1,2,Basic,5,5,0,0,Entrepreneurial and Growth Mindset,Clustered,Entrepreneurial and Growth Mindset,https://www.leadershipnow.com/leadershop/images/9798991762328.jpg
BOOK02063,The Most Powerful Sentence of All Time,['Neil Gordon'],LeadershipNow only,False,True,,2025,,,,,,,,,Paperback,154.0,1,0,0,1,0,0,0,1,1,1,2,Basic,9,9,0,7,Broad Leadership and Success,Clustered,Broad Leadership and Success,https://www.leadershipnow.com/leadershop/images/9798991824507.jpg
BOOK02064,Soul Venture,['Ashwin Gulati'],LeadershipNow only,False,True,,2025,,,,,,,,,Hardcover,249.0,1,0,0,1,0,0,0,1,1,1,2,Basic,4,4,0,7,Broad Leadership and Success,Clustered,Broad Leadership and Success,https://www.leadershipnow.com/leadershop/images/9798992188257.jpg
BOOK02065,Soulgery,['Ahmet Bozer'],LeadershipNow only,False,True,,2025,,,,,,,,,Paperback,166.0,1,0,0,1,0,0,0,1,1,1,2,Basic,3,3,0,,,Not Clustered,Not Clustered,https://www.leadershipnow.com/leadershop/images/9798998507205.jpg
BOOK02066,I Can Fit That In,['Erin Coupe'],LeadershipNow only,False,True,,2025,,,,,,,,,Paperback,240.0,1,0,0,1,0,0,0,1,1,1,2,Basic,7,7,0,28,CEO and Executive Transformation,Clustered,CEO and Executive Transformation,https://www.leadershipnow.com/leadershop/images/9798998608100.jpg
BOOK02067,Break The Bottle,['Michael W Allison'],LeadershipNow only,False,True,,2025,,,,,,,,,Hardcover,462.0,1,0,0,1,0,0,0,1,1,1,2,Basic,6,6,0,7,Broad Leadership and Success,Clustered,Broad Leadership and Success,https://www.leadershipnow.com/leadershop/images/9798999366566.jpg
