edition_id,book_id,scrape_id,isbn_source,isbn_normalized,isbn_13,isbn_status,publisher,publication_date,publication_year,format,page_count,edition_note,cover_url,external_book_url,source_metadata_conflict
EDITION00001,BOOK00951,306,9708891880115,9708891880115,9708891880115,Invalid prefix,Advantage Media Group,2024-10-15,2024,Hardcover,160.0,,https://www.leadershipnow.com/leadershop/images/9708891880115.jpg,https://amzn.to/3NSXJFb,False
EDITION00002,BOOK00952,733,9780062684165,9780062684165,9780062684165,Valid ISBN-13,Harper,2023-04-11,2023,Hardcover,848.0,,https://www.leadershipnow.com/leadershop/images/9780062684165.jpg,https://amzn.to/3rIwC4M,False
EDITION00003,BOOK00953,1011,9780062880918,9780062880918,9780062880918,Valid ISBN-13,Dey Street Books,2022-05-10,2022,Hardcover,320.0,,https://www.leadershipnow.com/leadershop/images/9780062880918.jpg,https://amzn.to/3F6nrAX,False
EDITION00004,BOOK00954,936,9780062947222,9780062947222,9780062947222,Valid ISBN-13,Dey Street Books,2022-08-02,2022,Hardcover,672.0,,https://www.leadershipnow.com/leadershop/images/9780062947222.jpg,https://amzn.to/3AYOj4a,False
EDITION00005,BOOK00955,1048,9780062994073,9780062994073,9780062994073,Valid ISBN-13,Dey Street Books,2022-03-01,2022,Hardcover,288.0,,https://www.leadershipnow.com/leadershop/images/9780062994073.jpg,https://amzn.to/3LbsKl2,False
EDITION00006,BOOK00956,1113,9780062999818,9780062999818,9780062999818,Valid ISBN-13,William Morrow,2022-01-18,2022,Hardcover,304.0,,https://www.leadershipnow.com/leadershop/images/9780062999818.jpg,https://amzn.to/34md9OY,False
EDITION00007,BOOK00957,998,9780063009813,9780063009813,9780063009813,Valid ISBN-13,William Morrow,2022-05-03,2022,Hardcover,512.0,,https://www.leadershipnow.com/leadershop/images/9780063009813.jpg,https://amzn.to/3rThguY,False
EDITION00008,BOOK00958,758,9780063042643,9780063042643,9780063042643,Valid ISBN-13,Dey Street Books,2023-03-07,2023,Hardcover,368.0,,https://www.leadershipnow.com/leadershop/images/9780063042643.jpg,https://amzn.to/3FKVHnv,False
EDITION00009,BOOK00959,1001,9780063046061,9780063046061,9780063046061,Valid ISBN-13,Harper Business,2022-05-03,2022,Hardcover,416.0,,https://www.leadershipnow.com/leadershop/images/9780063046061.jpg,https://amzn.to/3EY4Jve,False
EDITION00010,BOOK00960,993,9780063052932,9780063052932,9780063052932,Valid ISBN-13,Harper Business,2022-06-21,2022,Hardcover,288.0,,https://www.leadershipnow.com/leadershop/images/9780063052932.jpg,https://amzn.to/3DNO1OA,False
EDITION00011,BOOK00961,1005,9780063062108,9780063062108,9780063062108,Valid ISBN-13,Harper Wave,2022-05-03,2022,Hardcover,256.0,,https://www.leadershipnow.com/leadershop/images/9780063062108.jpg,https://amzn.to/3vvwzfk,False
EDITION00012,BOOK00962,945,9780063068735,9780063068735,9780063068735,Valid ISBN-13,HarperOne,2022-08-16,2022,Hardcover,208.0,,https://www.leadershipnow.com/leadershop/images/9780063068735.jpg,https://amzn.to/3Pw5cIV,False
EDITION00013,BOOK00963,773,9780063073487,9780063073487,9780063073487,Valid ISBN-13,Mariner Books,2023-03-21,2023,Hardcover,352.0,,https://www.leadershipnow.com/leadershop/images/9780063073487.jpg,https://amzn.to/3nPLejP,False
EDITION00014,BOOK00964,1081,9780063074774,9780063074774,9780063074774,Valid ISBN-13,William Morrow,2022-02-15,2022,Hardcover,480.0,,https://www.leadershipnow.com/leadershop/images/9780063074774.jpg,https://amzn.to/3AXmton,False
EDITION00015,BOOK00965,802,9780063088863,9780063088863,9780063088863,Valid ISBN-13,William Morrow,2023-02-14,2023,Hardcover,288.0,,https://www.leadershipnow.com/leadershop/images/9780063088863.jpg,https://amzn.to/3FbtgP7,False
EDITION00016,BOOK00966,1078,9780063088917,9780063088917,9780063088917,Valid ISBN-13,Harper Business,2022-02-08,2022,Hardcover,304.0,,https://www.leadershipnow.com/leadershop/images/9780063088917.jpg,https://amzn.to/3KRbLo2,False
EDITION00017,BOOK00967,989,9780063098619,9780063098619,9780063098619,Valid ISBN-13,HarperOne,2022-06-14,2022,Hardcover,320.0,,https://www.leadershipnow.com/leadershop/images/9780063098619.jpg,https://amzn.to/3LYGzU7,False
EDITION00018,BOOK00968,1119,9780063111905,9780063111905,9780063111905,Valid ISBN-13,HarperOne,2022-01-25,2022,Hardcover,256.0,,https://www.leadershipnow.com/leadershop/images/9780063111905.jpg,https://amzn.to/3poFLyR,False
EDITION00019,BOOK00969,1006,9780063141094,9780063141094,9780063141094,Valid ISBN-13,William Morrow,2022-05-03,2022,Hardcover,224.0,,https://www.leadershipnow.com/leadershop/images/9780063141094.jpg,https://amzn.to/3EZaJUH,False
EDITION00020,BOOK00970,563,9780063142138,9780063142138,9780063142138,Valid ISBN-13,Harper Business,2023-11-14,2023,Hardcover,288.0,,https://www.leadershipnow.com/leadershop/images/9780063142138.jpg,https://amzn.to/43fxuy3,False
EDITION00021,BOOK00971,756,9780063204935,9780063204935,9780063204935,Valid ISBN-13,Harper Business,2023-03-07,2023,Hardcover,256.0,,https://www.leadershipnow.com/leadershop/images/9780063204935.jpg,https://amzn.to/3IPkF6p,False
EDITION00022,BOOK00972,876,9780063208964,9780063208964,9780063208964,Valid ISBN-13,Harper Business,2022-11-29,2022,Hardcover,336.0,,https://www.leadershipnow.com/leadershop/images/9780063208964.jpg,https://amzn.to/3h69oU5,False
EDITION00023,BOOK00973,659,9780063209909,9780063209909,9780063209909,Valid ISBN-13,HarperOne,2023-08-29,2023,Hardcover,256.0,,https://www.leadershipnow.com/leadershop/images/9780063209909.jpg,https://amzn.to/3qjWaYe,False
EDITION00024,BOOK00974,706,9780063210097,9780063210097,9780063210097,Valid ISBN-13,HarperOne,2023-05-02,2023,Hardcover,240.0,,https://www.leadershipnow.com/leadershop/images/9780063210097.jpg,https://amzn.to/40IpxAk,False
EDITION00025,BOOK00975,583,9780063224575,9780063224575,9780063224575,Valid ISBN-13,Harper Business,2023-10-10,2023,Hardcover,240.0,,https://www.leadershipnow.com/leadershop/images/9780063224575.jpg,https://amzn.to/3DQsANG,False
EDITION00026,BOOK00976,641,9780063247963,9780063247963,9780063247963,Valid ISBN-13,Harper Business,2023-08-08,2023,Hardcover,208.0,,https://www.leadershipnow.com/leadershop/images/9780063247963.jpg,https://amzn.to/470cizc,False
EDITION00027,BOOK00977,603,9780063253162,9780063253162,9780063253162,Valid ISBN-13,HarperOne,2023-09-05,2023,Hardcover,240.0,,https://www.leadershipnow.com/leadershop/images/9780063253162.jpg,https://amzn.to/3Cetu5L,False
EDITION00028,BOOK00978,870,9780063258020,9780063258020,9780063258020,Valid ISBN-13,Mariner Books,2022-11-15,2022,Hardcover,432.0,,https://www.leadershipnow.com/leadershop/images/9780063258020.jpg,https://amzn.to/3SO1ADF,False
EDITION00029,BOOK00979,667,9780063264373,9780063264373,9780063264373,Valid ISBN-13,Harper Business,2023-07-11,2023,Hardcover,224.0,,https://www.leadershipnow.com/leadershop/images/9780063264373.jpg,https://amzn.to/42mE7y0,False
EDITION00030,BOOK00980,192,9780063278332,9780063278332,9780063278332,Valid ISBN-13,Harper Business,2025-03-18,2025,Hardcover,400.0,,https://www.leadershipnow.com/leadershop/images/9780063278332.jpg,https://amzn.to/4f61an8,False
EDITION00031,BOOK00981,517,9780063279766,9780063279766,9780063279766,Valid ISBN-13,Harper Business,2024-01-09,2024,Hardcover,272.0,,https://www.leadershipnow.com/leadershop/images/9780063279766.jpg,https://amzn.to/3Rlz5iV,False
EDITION00032,BOOK00982,286,9780063283589,9780063283589,9780063283589,Valid ISBN-13,Harper Business,2024-11-19,2024,Hardcover,304.0,,https://www.leadershipnow.com/leadershop/images/9780063283589.jpg,https://amzn.to/4d9DUnv,False
EDITION00033,BOOK00983,707,9780063284289,9780063284289,9780063284289,Valid ISBN-13,Harper Business,2023-05-02,2023,Hardcover,240.0,,https://www.leadershipnow.com/leadershop/images/9780063284289.jpg,https://amzn.to/3MUS4zf,False
EDITION00034,BOOK00984,500,9780063286900,9780063286900,9780063286900,Valid ISBN-13,Harper Business,2024-02-20,2024,Hardcover,352.0,,https://www.leadershipnow.com/leadershop/images/9780063286900.jpg,https://amzn.to/48ncMjF,False
EDITION00035,BOOK00985,393,9780063293670,9780063293670,9780063293670,Valid ISBN-13,Harper Business,2024-06-11,2024,Hardcover,240.0,,https://www.leadershipnow.com/leadershop/images/9780063293670.jpg,https://amzn.to/3V5dMDh,False
EDITION00036,BOOK00986,241,9780063294677,9780063294677,9780063294677,Valid ISBN-13,Harper Business,2025-01-21,2025,Hardcover,320.0,,https://www.leadershipnow.com/leadershop/images/9780063294677.jpg,https://amzn.to/4iQB3E0,False
EDITION00037,BOOK00987,401,9780063294868,9780063294868,9780063294868,Valid ISBN-13,Harper Business,2024-06-18,2024,Hardcover,272.0,,https://www.leadershipnow.com/leadershop/images/9780063294868.jpg,https://amzn.to/4g294hQ,False
EDITION00038,BOOK00988,489,9780063316164,9780063316164,9780063316164,Valid ISBN-13,Harper Business,2024-02-06,2024,Hardcover,256.0,,https://www.leadershipnow.com/leadershop/images/9780063316164.jpg,https://amzn.to/3vhvVnS,False
EDITION00039,BOOK00989,436,9780063317444,9780063317444,9780063317444,Valid ISBN-13,Harper Business,2024-04-02,2024,Hardcover,240.0,,https://www.leadershipnow.com/leadershop/images/9780063317444.jpg,https://amzn.to/3Tou4aV,False
EDITION00040,BOOK00990,429,9780063317598,9780063317598,9780063317598,Valid ISBN-13,Harper Business,2024-05-21,2024,Hardcover,272.0,,https://www.leadershipnow.com/leadershop/images/9780063317598.jpg,https://amzn.to/3UjDCTm,False
EDITION00041,BOOK00991,475,9780063328822,9780063328822,9780063328822,Valid ISBN-13,HarperOne,2024-03-12,2024,Hardcover,240.0,,https://www.leadershipnow.com/leadershop/images/9780063328822.jpg,https://amzn.to/4bOQ7ye,False
EDITION00042,BOOK00992,392,9780063337794,9780063337794,9780063337794,Valid ISBN-13,Harper Business,2024-06-11,2024,Hardcover,224.0,,https://www.leadershipnow.com/leadershop/images/9780063337794.jpg,https://amzn.to/3UMl7Hn,False
EDITION00043,BOOK00993,201,9780063339927,9780063339927,9780063339927,Valid ISBN-13,HarperOne,2025-02-04,2025,Hardcover,320.0,,https://www.leadershipnow.com/leadershop/images/9780063339927.jpg,https://amzn.to/3Zdjm9J,False
EDITION00044,BOOK00994,196,9780063345966,9780063345966,9780063345966,Valid ISBN-13,Harvest,2025-03-25,2025,Hardcover,336.0,,https://www.leadershipnow.com/leadershop/images/9780063345966.jpg,https://amzn.to/3HpsMc9,False
EDITION00045,BOOK00995,519,9780063357969,9780063357969,9780063357969,Valid ISBN-13,Harper Business,2024-01-09,2024,Hardcover,192.0,,https://www.leadershipnow.com/leadershop/images/9780063357969.jpg,https://amzn.to/41sAvvJ,False
EDITION00046,BOOK00996,299,9780063374775,9780063374775,9780063374775,Valid ISBN-13,Willam Morrow,2024-10-08,2024,Hardcover,272.0,,https://www.leadershipnow.com/leadershop/images/9780063374775.jpg,https://amzn.to/3xSo1Dm,False
EDITION00047,BOOK00997,177,9780063387621,9780063387621,9780063387621,Valid ISBN-13,Harper Business,2025-04-29,2025,Hardcover,240.0,,https://www.leadershipnow.com/leadershop/images/9780063387621.jpg,https://amzn.to/41V9Yca,False
EDITION00048,BOOK00998,33,9780063399570,9780063399570,9780063399570,Valid ISBN-13,Harper Business,2025-10-07,2025,Hardcover,256.0,,https://www.leadershipnow.com/leadershop/images/9780063399570.jpg,https://amzn.to/3VPmWnW,False
EDITION00049,BOOK00999,278,9780063412576,9780063412576,9780063412576,Valid ISBN-13,Harper Business,2024-11-12,2024,Hardcover,224.0,,https://www.leadershipnow.com/leadershop/images/9780063412576.jpg,https://amzn.to/4fCSmGM,False
EDITION00050,BOOK01000,127,9780063415195,9780063415195,9780063415195,Valid ISBN-13,Harper Business,2025-06-10,2025,Hardcover,272.0,,https://www.leadershipnow.com/leadershop/images/9780063415195.jpg,https://amzn.to/4kf644w,False
EDITION00051,BOOK01001,143,9780063418561,9780063418561,9780063418561,Valid ISBN-13,Harper,2025-05-13,2025,Hardcover,288.0,,https://www.leadershipnow.com/leadershop/images/9780063418561.jpg,https://amzn.to/4iOANVZ,False
EDITION00052,BOOK01002,768,9780143461494,9780143461494,9780143461494,Valid ISBN-13,Penguin Random House India Pvt. Ltd,2023-03-10,2023,Paperback,280.0,,https://www.leadershipnow.com/leadershop/images/9780143461494.jpg,https://amzn.to/3Lo4xKw,False
EDITION00053,BOOK01003,12,9780143477259,9780143477259,9780143477259,Valid ISBN-13,Penguin Business,2025-12-15,2025,Hardcover,240.0,,https://www.leadershipnow.com/leadershop/images/9780143477259.jpg,https://amzn.to/43Jajzh,False
EDITION00054,BOOK01004,973,9780190062361,9780190062361,9780190062361,Valid ISBN-13,Oxford University Press,2022-06-01,2022,Hardcover,496.0,,https://www.leadershipnow.com/leadershop/images/9780190062361.jpg,https://amzn.to/3vH9d5T,False
EDITION00055,BOOK01005,676,9780197629802,9780197629802,9780197629802,Valid ISBN-13,Oxford University Press,2023-07-25,2023,Hardcover,240.0,,https://www.leadershipnow.com/leadershop/images/9780197629802.jpg,https://amzn.to/3pxcTH8,False
EDITION00056,BOOK01006,514,9780197641873,9780197641873,9780197641873,Valid ISBN-13,Oxford University Press,2024-01-02,2024,Hardcover,248.0,,https://www.leadershipnow.com/leadershop/images/9780197641873.jpg,https://amzn.to/3RtZCJN,False
EDITION00057,BOOK01007,270,9780197745618,9780197745618,9780197745618,Valid ISBN-13,Oxford University Press,2024-11-05,2024,Hardcover,424.0,,https://www.leadershipnow.com/leadershop/images/9780197745618.jpg,https://amzn.to/3Ux7PPQ,False
EDITION00058,BOOK01008,219,9780197750155,9780197750155,9780197750155,Valid ISBN-13,Oxford University Press,2025-02-18,2025,Hardcover,256.0,,https://www.leadershipnow.com/leadershop/images/9780197750155.jpg,https://amzn.to/3AY3771,False
EDITION00059,BOOK01009,477,9780197759271,9780197759271,9780197759271,Valid ISBN-13,Oxford University Press,2024-03-12,2024,Hardcover,256.0,,https://www.leadershipnow.com/leadershop/images/9780197759271.jpg,https://amzn.to/3uvMgVZ,False
EDITION00060,BOOK01010,655,9780226821474,9780226821474,9780226821474,Valid ISBN-13,University of Chicago Press,2023-08-28,2023,Hardcover,288.0,,https://www.leadershipnow.com/leadershop/images/9780226821474.jpg,https://amzn.to/3WLmBCB,False
EDITION00061,BOOK01011,282,9780226832777,9780226832777,9780226832777,Valid ISBN-13,University of Chicago Press,2024-11-12,2024,Hardcover,288.0,,https://www.leadershipnow.com/leadershop/images/9780226832777.jpg,https://amzn.to/4ebcWwB,False
EDITION00062,BOOK01012,20,9780226839530,9780226839530,9780226839530,Valid ISBN-13,University of Chicago Press,2025-11-04,2025,Hardcover,224.0,,https://www.leadershipnow.com/leadershop/images/9780226839530.jpg,https://amzn.to/4hxijcc,False
EDITION00063,BOOK01013,158,9780226843087,9780226843087,9780226843087,Valid ISBN-13,University of Chicago Press,2025-04-04,2025,Hardcover,304.0,,https://www.leadershipnow.com/leadershop/images/9780226843087.jpg,https://amzn.to/3Flk1yr,False
EDITION00064,BOOK01014,29,9780226844596,9780226844596,9780226844596,Valid ISBN-13,University of Chicago Press,2025-11-24,2025,Paperback,192.0,,https://www.leadershipnow.com/leadershop/images/9780226844596.jpg,https://amzn.to/4krzGLw,False
EDITION00065,BOOK01015,703,9780228016878,9780228016878,9780228016878,Valid ISBN-13,McGill-Queen's University Press,2023-05-01,2023,Paperback,216.0,,https://www.leadershipnow.com/leadershop/images/9780228016878.jpg,https://amzn.to/40yrWOs,False
EDITION00066,BOOK01016,874,9780231199148,9780231199148,9780231199148,Valid ISBN-13,Columbia Business School Publishing,2022-11-29,2022,Hardcover,440.0,,https://www.leadershipnow.com/leadershop/images/9780231199148.jpg,https://amzn.to/3QyLyO5,False
EDITION00067,BOOK01017,1097,9780231203005,9780231203005,9780231203005,Valid ISBN-13,Columbia Business School Publishing,2022-01-04,2022,Hardcover,256.0,,https://www.leadershipnow.com/leadershop/images/9780231203005.jpg,https://amzn.to/37x73tj,False
EDITION00068,BOOK01018,416,9780231212984,9780231212984,9780231212984,Valid ISBN-13,Columbia Business School Publishing,2024-05-07,2024,Hardcover,232.0,,https://www.leadershipnow.com/leadershop/images/9780231212984.jpg,https://amzn.to/3UdG8ux,False
EDITION00069,BOOK01019,599,9780231213004,9780231213004,9780231213004,Valid ISBN-13,Columbia Business School Publishing,2023-10-31,2023,Hardcover,480.0,,https://www.leadershipnow.com/leadershop/images/9780231213004.jpg,https://amzn.to/3OS6qkr,False
EDITION00070,BOOK01020,93,9780241502761,9780241502761,9780241502761,Valid ISBN-13,Penguin Business,2025-08-26,2025,Paperback,224.0,,https://www.leadershipnow.com/leadershop/images/9780241502761.jpg,https://amzn.to/45uE0oM,False
EDITION00071,BOOK01021,937,9780241502785,9780241502785,9780241502785,Valid ISBN-13,Penguin Business,2022-08-02,2022,Paperback,192.0,,https://www.leadershipnow.com/leadershop/images/9780241502785.jpg,https://amzn.to/3SUu5AP,False
EDITION00072,BOOK01022,1086,9780262046329,9780262046329,9780262046329,Valid ISBN-13,The MIT Press,2022-02-15,2022,Hardcover,264.0,,https://www.leadershipnow.com/leadershop/images/9780262046329.jpg,https://amzn.to/3G4Cslv,False
EDITION00073,BOOK01023,1115,9780262046367,9780262046367,9780262046367,Valid ISBN-13,The MIT Press,2022-01-25,2022,Hardcover,176.0,,https://www.leadershipnow.com/leadershop/images/9780262046367.jpg,https://amzn.to/30ZoSxX,False
EDITION00074,BOOK01024,1059,9780262046411,9780262046411,9780262046411,Valid ISBN-13,The MIT Press,2022-03-15,2022,Hardcover,232.0,,https://www.leadershipnow.com/leadershop/images/9780262046411.jpg,https://amzn.to/3KVcq7S,False
EDITION00075,BOOK01025,1042,9780262046930,9780262046930,9780262046930,Valid ISBN-13,The MIT Press,2022-04-26,2022,Hardcover,184.0,,https://www.leadershipnow.com/leadershop/images/9780262046930.jpg,https://amzn.to/3HaHUoh,False
EDITION00076,BOOK01026,737,9780262047777,9780262047777,9780262047777,Valid ISBN-13,The MIT Press,2023-04-11,2023,Hardcover,256.0,,https://www.leadershipnow.com/leadershop/images/9780262047777.jpg,https://amzn.to/3ZHxZiT,False
EDITION00077,BOOK01027,735,9780262047883,9780262047883,9780262047883,Valid ISBN-13,The MIT Press,2023-04-11,2023,Hardcover,272.0,,https://www.leadershipnow.com/leadershop/images/9780262047883.jpg,https://amzn.to/3BpGhCt,False
EDITION00078,BOOK01028,304,9780262049085,9780262049085,9780262049085,Valid ISBN-13,The MIT Press,2024-10-15,2024,Hardcover,208.0,,https://www.leadershipnow.com/leadershop/images/9780262049085.jpg,https://amzn.to/3yfFXrr,False
EDITION00079,BOOK01029,289,9780262049238,9780262049238,9780262049238,Valid ISBN-13,The MIT Press,2024-10-01,2024,Hardcover,152.0,,https://www.leadershipnow.com/leadershop/images/9780262049238.jpg,https://amzn.to/3Rse7ib,False
EDITION00080,BOOK01030,883,9780262544443,9780262544443,9780262544443,Valid ISBN-13,The MIT Press,2022-10-04,2022,Hardcover,256.0,,https://www.leadershipnow.com/leadershop/images/9780262544443.jpg,https://amzn.to/3QE3LcY,False
EDITION00081,BOOK01031,350,9780262551069,9780262551069,9780262551069,Valid ISBN-13,The MIT Press,2024-09-24,2024,Paperback,240.0,,https://www.leadershipnow.com/leadershop/images/9780262551069.jpg,https://amzn.to/4enErDV,False
EDITION00082,BOOK01032,1096,9780300218268,9780300218268,9780300218268,Valid ISBN-13,Yale University Press,2022-01-04,2022,Hardcover,504.0,,https://www.leadershipnow.com/leadershop/images/9780300218268.jpg,https://amzn.to/3tMdpj1,False
EDITION00083,BOOK01033,1009,9780300250060,9780300250060,9780300250060,Valid ISBN-13,Yale University Press,2022-05-10,2022,Hardcover,320.0,,https://www.leadershipnow.com/leadershop/images/9780300250060.jpg,https://amzn.to/3QetuYI,False
EDITION00084,BOOK01034,805,9780300250725,9780300250725,9780300250725,Valid ISBN-13,Yale University Press,2023-02-21,2023,Hardcover,400.0,,https://www.leadershipnow.com/leadershop/images/9780300250725.jpg,https://amzn.to/3zWtxDu,False
EDITION00085,BOOK01035,774,9780300255539,9780300255539,9780300255539,Valid ISBN-13,Yale University Press,2023-03-21,2023,Hardcover,320.0,,https://www.leadershipnow.com/leadershop/images/9780300255539.jpg,https://amzn.to/3ZgXFTj,False
EDITION00086,BOOK01036,1040,9780300259698,9780300259698,9780300259698,Valid ISBN-13,Yale University Press,2022-04-19,2022,Hardcover,264.0,,https://www.leadershipnow.com/leadershop/images/9780300259698.jpg,https://amzn.to/3OjwSkf,False
EDITION00087,BOOK01037,554,9780300266535,9780300266535,9780300266535,Valid ISBN-13,Yale University Press,2023-11-07,2023,Hardcover,464.0,,https://www.leadershipnow.com/leadershop/images/9780300266535.jpg,https://amzn.to/3OzvyuQ,False
EDITION00088,BOOK01038,719,9780300270471,9780300270471,9780300270471,Valid ISBN-13,Yale University Press,2023-05-23,2023,Hardcover,240.0,,https://www.leadershipnow.com/leadershop/images/9780300270471.jpg,https://amzn.to/3L5cO4B,False
EDITION00089,BOOK01039,352,9780300273779,9780300273779,9780300273779,Valid ISBN-13,Yale University Press,2024-08-06,2024,Hardcover,384.0,,https://www.leadershipnow.com/leadershop/images/9780300273779.jpg,https://amzn.to/3YhPZmE,False
EDITION00090,BOOK01040,230,9780300280197,9780300280197,9780300280197,Valid ISBN-13,Yale University Press,2025-01-07,2025,Hardcover,448.0,,https://www.leadershipnow.com/leadershop/images/9780300280197.jpg,https://amzn.to/3Zaammh,False
EDITION00091,BOOK01041,980,9780306827860,9780306827860,9780306827860,Valid ISBN-13,Hachette Go,2022-06-07,2022,Hardcover,352.0,,https://www.leadershipnow.com/leadershop/images/9780306827860.jpg,https://amzn.to/3NCB5i7,False
EDITION00092,BOOK01042,809,9780306828300,9780306828300,9780306828300,Valid ISBN-13,Hachette Go,2023-02-28,2023,Hardcover,240.0,,https://www.leadershipnow.com/leadershop/images/9780306828300.jpg,https://amzn.to/3WNhtfm,False
EDITION00093,BOOK01043,658,9780306828331,9780306828331,9780306828331,Valid ISBN-13,Hachette Go,2023-08-29,2023,Hardcover,288.0,,https://www.leadershipnow.com/leadershop/images/9780306828331.jpg,https://amzn.to/3OlkVNi,False
EDITION00094,BOOK01044,849,9780306829581,9780306829581,9780306829581,Valid ISBN-13,Hachette Go,2022-12-27,2022,Hardcover,256.0,,https://www.leadershipnow.com/leadershop/images/9780306829581.jpg,https://amzn.to/3OLYq2Q,False
EDITION00095,BOOK01045,695,9780306830273,9780306830273,9780306830273,Valid ISBN-13,Hachette Go,2023-06-20,2023,Hardcover,272.0,,https://www.leadershipnow.com/leadershop/images/9780306830273.jpg,https://amzn.to/3oV5mS9,False
EDITION00096,BOOK01046,493,9780306830877,9780306830877,9780306830877,Valid ISBN-13,Hachette Go,2024-02-13,2024,Hardcover,240.0,,https://www.leadershipnow.com/leadershop/images/9780306830877.jpg,https://amzn.to/420Ewrh,False
EDITION00097,BOOK01047,488,9780306832369,9780306832369,9780306832369,Valid ISBN-13,Hachette Go,2024-02-06,2024,Hardcover,352.0,,https://www.leadershipnow.com/leadershop/images/9780306832369.jpg,https://amzn.to/3v4okZG,False
EDITION00098,BOOK01048,537,9780306832642,9780306832642,9780306832642,Valid ISBN-13,Hachette Go,2023-12-05,2023,Hardcover,224.0,,https://www.leadershipnow.com/leadershop/images/9780306832642.jpg,https://amzn.to/3KGVuUf,False
EDITION00099,BOOK01049,420,9780306832697,9780306832697,9780306832697,Valid ISBN-13,Hachette Go,2024-05-07,2024,Hardcover,304.0,,https://www.leadershipnow.com/leadershop/images/9780306832697.jpg,https://amzn.to/4agx7aY,False
EDITION00100,BOOK01050,367,9780306833403,9780306833403,9780306833403,Valid ISBN-13,Hachette Go,2024-08-27,2024,Hardcover,320.0,,https://www.leadershipnow.com/leadershop/images/9780306833403.jpg,https://amzn.to/3yrjebV,False
EDITION00101,BOOK01051,317,9780306834196,9780306834196,9780306834196,Valid ISBN-13,Hachette Go,2024-09-03,2024,Hardcover,272.0,,https://www.leadershipnow.com/leadershop/images/9780306834196.jpg,https://amzn.to/46DgyVx,False
EDITION00102,BOOK01052,228,9780306834509,9780306834509,9780306834509,Valid ISBN-13,Hachette Go,2025-01-07,2025,Hardcover,288.0,,https://www.leadershipnow.com/leadershop/images/9780306834509.jpg,https://amzn.to/3TOFW5g,False
EDITION00103,BOOK01053,902,9780306847363,9780306847363,9780306847363,Valid ISBN-13,Hachette Books,2022-10-25,2022,Hardcover,272.0,,https://www.leadershipnow.com/leadershop/images/9780306847363.jpg,https://amzn.to/3HK5Q34,False
EDITION00104,BOOK01054,857,9780306925535,9780306925535,9780306925535,Valid ISBN-13,Legacy Lit,2022-11-01,2022,Hardcover,272.0,,https://www.leadershipnow.com/leadershop/images/9780306925535.jpg,https://amzn.to/3RcSteI,False
EDITION00105,BOOK01055,1107,9780310124450,9780310124450,9780310124450,Valid ISBN-13,Zondervan,2022-01-11,2022,Hardcover,208.0,,https://www.leadershipnow.com/leadershop/images/9780310124450.jpg,https://amzn.to/3HojA2u,False
EDITION00106,BOOK01056,800,9780310362777,9780310362777,9780310362777,Valid ISBN-13,Zondervan,2023-02-14,2023,Hardcover,256.0,,https://www.leadershipnow.com/leadershop/images/9780310362777.jpg,https://amzn.to/3VKOust,False
EDITION00107,BOOK01057,948,9780310366072,9780310366072,9780310366072,Valid ISBN-13,Zondervan,2022-08-23,2022,Hardcover,240.0,,https://www.leadershipnow.com/leadershop/images/9780310366072.jpg,https://amzn.to/3s4yEMX,False
EDITION00108,BOOK01058,686,9780316421256,9780316421256,9780316421256,Valid ISBN-13,"Little, Brown Spark",2023-06-06,2023,Hardcover,304.0,,https://www.leadershipnow.com/leadershop/images/9780316421256.jpg,https://amzn.to/3C3nUmS,False
EDITION00109,BOOK01059,557,9780316436700,9780316436700,9780316436700,Valid ISBN-13,"Little, Brown and Company",2023-11-14,2023,Hardcover,320.0,,https://www.leadershipnow.com/leadershop/images/9780316436700.jpg,https://amzn.to/3rmcb0t,False
EDITION00110,BOOK01060,904,9780316441117,9780316441117,9780316441117,Valid ISBN-13,"Little, Brown and Company",2022-10-25,2022,Hardcover,432.0,,https://www.leadershipnow.com/leadershop/images/9780316441117.jpg,https://amzn.to/3U62Xzp,False
EDITION00111,BOOK01061,634,9780316487740,9780316487740,9780316487740,Valid ISBN-13,"Little, Brown and Company",2023-09-26,2023,Hardcover,496.0,,https://www.leadershipnow.com/leadershop/images/9780316487740.jpg,https://amzn.to/3DJQOJy,False
EDITION00112,BOOK01062,1102,9780316538343,9780316538343,9780316538343,Valid ISBN-13,"Little, Brown Spark",2022-01-04,2022,Hardcover,304.0,,https://www.leadershipnow.com/leadershop/images/9780316538343.jpg,https://amzn.to/30XGqhu,False
EDITION00113,BOOK01063,409,9780316560276,9780316560276,9780316560276,Valid ISBN-13,"Little, Brown Spark",2024-05-07,2024,Hardcover,288.0,,https://www.leadershipnow.com/leadershop/images/9780316560276.jpg,https://amzn.to/3IY377F,False
EDITION00114,BOOK01064,290,9780316575805,9780316575805,9780316575805,Valid ISBN-13,"Little, Brown and Company",2024-10-01,2024,Hardcover,368.0,,https://www.leadershipnow.com/leadershop/images/9780316575805.jpg,https://amzn.to/3AL2ugN,False
EDITION00115,BOOK01065,72,9780316593946,9780316593946,9780316593946,Valid ISBN-13,"Little, Brown and Company",2025-09-29,2025,Hardcover,384.0,,https://www.leadershipnow.com/leadershop/images/9780316593946.jpg,https://amzn.to/4nvlkw7,False
EDITION00116,BOOK01066,608,9780316703321,9780316703321,9780316703321,Valid ISBN-13,"Little, Brown and Company",2023-09-06,2023,Hardcover,400.0,,https://www.leadershipnow.com/leadershop/images/9780316703321.jpg,https://amzn.to/3N1mgIB,False
EDITION00117,BOOK01067,185,9780349437231,9780349437231,9780349437231,Valid ISBN-13,Piatkus,2025-03-04,2025,Hardcover,352.0,,https://www.leadershipnow.com/leadershop/images/9780349437231.jpg,https://amzn.to/41kdrQ8,False
EDITION00118,BOOK01068,424,9780349437927,9780349437927,9780349437927,Valid ISBN-13,Mobius,2024-05-14,2024,Hardcover,320.0,,https://www.leadershipnow.com/leadershop/images/9780349437927.jpg,https://amzn.to/3JCfS81,False
EDITION00119,BOOK01069,1089,9780358345404,9780358345404,9780358345404,Valid ISBN-13,Mariner Boks,2022-02-22,2022,Hardcover,384.0,,https://www.leadershipnow.com/leadershop/images/9780358345404.jpg,https://amzn.to/3ktL2SJ,False
EDITION00120,BOOK01070,715,9780374279295,9780374279295,9780374279295,Valid ISBN-13,"Farrar, Straus and Giroux",2023-05-16,2023,Hardcover,688.0,,https://www.leadershipnow.com/leadershop/images/9780374279295.jpg,https://amzn.to/3FRWfYR,False
EDITION00121,BOOK01071,61,9780374612467,9780374612467,9780374612467,Valid ISBN-13,"Farrar, Straus and Giroux",2025-09-09,2025,Hardcover,400.0,,https://www.leadershipnow.com/leadershop/images/9780374612467.jpg,https://amzn.to/40DtAQW,False
EDITION00122,BOOK01072,34,9780374619329,9780374619329,9780374619329,Valid ISBN-13,MCD,2025-10-07,2025,Hardcover,352.0,,https://www.leadershipnow.com/leadershop/images/9780374619329.jpg,https://amzn.to/46DGbag,False
EDITION00123,BOOK01073,332,9780393241716,9780393241716,9780393241716,Valid ISBN-13,W. W. Norton & Company,2024-09-10,2024,Hardcover,272.0,,https://www.leadershipnow.com/leadershop/images/9780393241716.jpg,https://amzn.to/3BXXQx4,False
EDITION00124,BOOK01074,1100,9780520344075,9780520344075,9780520344075,Valid ISBN-13,University of California Press,2022-01-04,2022,Hardcover,288.0,,https://www.leadershipnow.com/leadershop/images/9780520344075.jpg,https://amzn.to/3juvfBW,False
EDITION00125,BOOK01075,460,9780520390966,9780520390966,9780520390966,Valid ISBN-13,University of California Press,2024-04-23,2024,Hardcover,302.0,,https://www.leadershipnow.com/leadershop/images/9780520390966.jpg,https://amzn.to/3QpEFjJ,False
EDITION00126,BOOK01076,422,9780520405851,9780520405851,9780520405851,Valid ISBN-13,University of California Press,2024-05-14,2024,Hardcover,336.0,,https://www.leadershipnow.com/leadershop/images/9780520405851.jpg,https://amzn.to/4as96NG,False
EDITION00127,BOOK01077,1120,9780525559993,9780525559993,9780525559993,Valid ISBN-13,Penguin Press,2022-01-25,2022,Hardcover,496.0,,https://www.leadershipnow.com/leadershop/images/9780525559993.jpg,https://amzn.to/3AqFJcs,False
EDITION00128,BOOK01078,827,9780525560654,9780525560654,9780525560654,Valid ISBN-13,Penguin Press,2023-01-24,2023,Hardcover,240.0,,https://www.leadershipnow.com/leadershop/images/9780525560654.jpg,https://amzn.to/3FmqTsM,False
EDITION00129,BOOK01079,142,9780525561729,9780525561729,9780525561729,Valid ISBN-13,Penguin Press,2025-05-13,2025,Hardcover,1200.0,,https://www.leadershipnow.com/leadershop/images/9780525561729.jpg,https://amzn.to/4isK45R,False
EDITION00130,BOOK01080,1021,9780578376943,9780578376943,9780578376943,Valid ISBN-13,Compassionate Leadership,2022-05-18,2022,Paperback,216.0,,https://www.leadershipnow.com/leadershop/images/9780578376943.jpg,https://amzn.to/3KMLWnN,False
EDITION00131,BOOK01081,868,9780593084168,9780593084168,9780593084168,Valid ISBN-13,Portfolio,2022-11-15,2022,Hardcover,816.0,,https://www.leadershipnow.com/leadershop/images/9780593084168.jpg,https://amzn.to/3gUNp2p,False
EDITION00132,BOOK01082,572,9780593086117,9780593086117,9780593086117,Valid ISBN-13,Portfolio,2023-10-03,2023,Hardcover,288.0,,https://www.leadershipnow.com/leadershop/images/9780593086117.jpg,https://amzn.to/42l7QHK,False
EDITION00133,BOOK01083,573,9780593137413,9780593137413,9780593137413,Valid ISBN-13,Convergent Books,2023-10-03,2023,Hardcover,160.0,,https://www.leadershipnow.com/leadershop/images/9780593137413.jpg,https://amzn.to/44gvyXt,False
EDITION00134,BOOK01084,924,9780593138632,9780593138632,9780593138632,Valid ISBN-13,Currency,2022-09-20,2022,Hardcover,224.0,,https://www.leadershipnow.com/leadershop/images/9780593138632.jpg,https://amzn.to/3KLBMEf,False
EDITION00135,BOOK01085,220,9780593183137,9780593183137,9780593183137,Valid ISBN-13,Dutton,2025-02-18,2025,Hardcover,528.0,,https://www.leadershipnow.com/leadershop/images/9780593183137.jpg,https://amzn.to/4hf5Lp3,False
EDITION00136,BOOK01086,403,9780593187241,9780593187241,9780593187241,Valid ISBN-13,Dutton,2024-06-25,2024,Hardcover,784.0,,https://www.leadershipnow.com/leadershop/images/9780593187241.jpg,https://amzn.to/3OLMMX3,False
EDITION00137,BOOK01087,1056,9780593189542,9780593189542,9780593189542,Valid ISBN-13,Optimism Press,2022-03-08,2022,Hardcover,320.0,,https://www.leadershipnow.com/leadershop/images/9780593189542.jpg,https://amzn.to/3KA690n,False
EDITION00138,BOOK01088,992,9780593190296,9780593190296,9780593190296,Valid ISBN-13,Portfolio,2022-06-21,2022,Hardcover,352.0,,https://www.leadershipnow.com/leadershop/images/9780593190296.jpg,https://amzn.to/3kv4zC6,False
EDITION00139,BOOK01089,1085,9780593191484,9780593191484,9780593191484,Valid ISBN-13,Portfolio,2022-02-15,2022,Hardcover,272.0,,https://www.leadershipnow.com/leadershop/images/9780593191484.jpg,https://amzn.to/3IGJRcq,False
EDITION00140,BOOK01090,396,9780593191712,9780593191712,9780593191712,Valid ISBN-13,Portfolio,2024-06-11,2024,Hardcover,368.0,,https://www.leadershipnow.com/leadershop/images/9780593191712.jpg,https://amzn.to/4bjJWBI,False
EDITION00141,BOOK01091,44,9780593191736,9780593191736,9780593191736,Valid ISBN-13,Portfolio,2025-10-21,2025,Hardcover,400.0,,https://www.leadershipnow.com/leadershop/images/9780593191736.jpg,https://amzn.to/3VjwMhL,False
EDITION00142,BOOK01092,651,9780593191866,9780593191866,9780593191866,Valid ISBN-13,Portfolio,2023-08-22,2023,Hardcover,320.0,,https://www.leadershipnow.com/leadershop/images/9780593191866.jpg,https://amzn.to/3PMP3Tc,False
EDITION00143,BOOK01093,797,9780593234907,9780593234907,9780593234907,Valid ISBN-13,Harmony,2023-02-07,2023,Hardcover,320.0,,https://www.leadershipnow.com/leadershop/images/9780593234907.jpg,https://amzn.to/40tkTHm,False
EDITION00144,BOOK01094,921,9780593234983,9780593234983,9780593234983,Valid ISBN-13,Rodale Books,2022-09-13,2022,Hardcover,288.0,,https://www.leadershipnow.com/leadershop/images/9780593234983.jpg,https://amzn.to/3MQkebh,False
EDITION00145,BOOK01095,911,9780593235386,9780593235386,9780593235386,Valid ISBN-13,Harmony,2022-09-06,2022,Hardcover,272.0,,https://www.leadershipnow.com/leadershop/images/9780593235386.jpg,https://amzn.to/3x796QX,False
EDITION00146,BOOK01096,947,9780593236185,9780593236185,9780593236185,Valid ISBN-13,Rodale Books,2022-08-16,2022,Hardcover,240.0,,https://www.leadershipnow.com/leadershop/images/9780593236185.jpg,https://amzn.to/3AcdWQ4,False
EDITION00147,BOOK01097,999,9780593237274,9780593237274,9780593237274,Valid ISBN-13,Currency,2022-05-03,2022,Hardcover,304.0,,https://www.leadershipnow.com/leadershop/images/9780593237274.jpg,https://amzn.to/3DUnvl3,False
EDITION00148,BOOK01098,1010,9780593238264,9780593238264,9780593238264,Valid ISBN-13,Currency,2022-05-10,2022,Hardcover,304.0,,https://www.leadershipnow.com/leadershop/images/9780593238264.jpg,https://amzn.to/3LuzESq,False
EDITION00149,BOOK01099,766,9780593239018,9780593239018,9780593239018,Valid ISBN-13,Crown,2023-03-07,2023,Hardcover,304.0,,https://www.leadershipnow.com/leadershop/images/9780593239018.jpg,https://amzn.to/3YWapPB,False
EDITION00150,BOOK01100,430,9780593239292,9780593239292,9780593239292,Valid ISBN-13,Crown,2024-05-21,2024,Hardcover,304.0,,https://www.leadershipnow.com/leadershop/images/9780593239292.jpg,https://amzn.to/3PHMbpH,False
EDITION00151,BOOK01101,1069,9780593239483,9780593239483,9780593239483,Valid ISBN-13,Currency,2022-02-01,2022,Hardcover,288.0,,https://www.leadershipnow.com/leadershop/images/9780593239483.jpg,https://amzn.to/3rTxGCn,False
EDITION00152,BOOK01102,792,9780593239513,9780593239513,9780593239513,Valid ISBN-13,Currency,2023-02-07,2023,Hardcover,304.0,,https://www.leadershipnow.com/leadershop/images/9780593239513.jpg,https://amzn.to/3FI36Ui,False
EDITION00153,BOOK01103,1007,9780593239704,9780593239704,9780593239704,Valid ISBN-13,Currency,2022-05-03,2022,Hardcover,352.0,,https://www.leadershipnow.com/leadershop/images/9780593239704.jpg,https://amzn.to/36WbWzg,False
EDITION00154,BOOK01104,888,9780593239971,9780593239971,9780593239971,Valid ISBN-13,Currency,2022-10-11,2022,Hardcover,288.0,,https://www.leadershipnow.com/leadershop/images/9780593239971.jpg,https://amzn.to/3OijOvE,False
EDITION00155,BOOK01105,501,9780593243916,9780593243916,9780593243916,Valid ISBN-13,Random House,2024-02-20,2024,Hardcover,320.0,,https://www.leadershipnow.com/leadershop/images/9780593243916.jpg,https://amzn.to/3S2Ewmj,False
EDITION00156,BOOK01106,852,9780593296196,9780593296196,9780593296196,Valid ISBN-13,Viking,2022-11-01,2022,Hardcover,400.0,,https://www.leadershipnow.com/leadershop/images/9780593296196.jpg,https://amzn.to/3zgrBFj,False
EDITION00157,BOOK01107,42,9780593296967,9780593296967,9780593296967,Valid ISBN-13,Viking,2025-10-14,2025,Hardcover,352.0,,https://www.leadershipnow.com/leadershop/images/9780593296967.jpg,https://amzn.to/465mxDZ,False
EDITION00158,BOOK01108,685,9780593297162,9780593297162,9780593297162,Valid ISBN-13,Viking,2023-06-06,2023,Hardcover,400.0,,https://www.leadershipnow.com/leadershop/images/9780593297162.jpg,https://amzn.to/3hbKHpL,False
EDITION00159,BOOK01109,1022,9780593297742,9780593297742,9780593297742,Valid ISBN-13,Penguin Press,2022-05-24,2022,Hardcover,352.0,,https://www.leadershipnow.com/leadershop/images/9780593297742.jpg,https://amzn.to/3HgNC8n,False
EDITION00160,BOOK01110,850,9780593298510,9780593298510,9780593298510,Valid ISBN-13,Penguin Life,2022-12-27,2022,Hardcover,288.0,,https://www.leadershipnow.com/leadershop/images/9780593298510.jpg,https://amzn.to/3xTv7E9,False
EDITION00161,BOOK01111,725,9780593298916,9780593298916,9780593298916,Valid ISBN-13,Penguin Press,2023-05-30,2023,Hardcover,352.0,,https://www.leadershipnow.com/leadershop/images/9780593298916.jpg,https://amzn.to/3VWtZZH,False
EDITION00162,BOOK01112,975,9780593299517,9780593299517,9780593299517,Valid ISBN-13,Penguin Press,2022-06-07,2022,Hardcover,352.0,,https://www.leadershipnow.com/leadershop/images/9780593299517.jpg,https://amzn.to/3req0M7,False
EDITION00163,BOOK01113,626,9780593300329,9780593300329,9780593300329,Valid ISBN-13,Penguin Press,2023-09-19,2023,Hardcover,464.0,,https://www.leadershipnow.com/leadershop/images/9780593300329.jpg,https://amzn.to/3PmwV1N,False
EDITION00164,BOOK01114,616,9780593331118,9780593331118,9780593331118,Valid ISBN-13,Riverhead Books,2023-09-12,2023,Hardcover,256.0,,https://www.leadershipnow.com/leadershop/images/9780593331118.jpg,https://amzn.to/3OZ7AcS,False
EDITION00165,BOOK01115,547,9780593332702,9780593332702,9780593332702,Valid ISBN-13,Portfolio,2023-11-07,2023,Hardcover,256.0,,https://www.leadershipnow.com/leadershop/images/9780593332702.jpg,https://amzn.to/43aHTLx,False
EDITION00166,BOOK01116,607,9780593356906,9780593356906,9780593356906,Valid ISBN-13,Ballantine Books,2023-09-06,2023,Hardcover,336.0,,https://www.leadershipnow.com/leadershop/images/9780593356906.jpg,https://amzn.to/3C1jSex,False
EDITION00167,BOOK01117,939,9780593418253,9780593418253,9780593418253,Valid ISBN-13,Portfolio,2022-08-09,2022,Hardcover,224.0,,https://www.leadershipnow.com/leadershop/images/9780593418253.jpg,https://amzn.to/3LCh62K,False
EDITION00168,BOOK01118,900,9780593418574,9780593418574,9780593418574,Valid ISBN-13,Optimism Press,2022-10-25,2022,Hardcover,272.0,,https://www.leadershipnow.com/leadershop/images/9780593418574.jpg,https://amzn.to/3L04GQM,False
EDITION00169,BOOK01119,907,9780593420584,9780593420584,9780593420584,Valid ISBN-13,Portfolio,2022-10-25,2022,Hardcover,272.0,,https://www.leadershipnow.com/leadershop/images/9780593420584.jpg,https://amzn.to/3vYnHis,False
EDITION00170,BOOK01120,920,9780593421680,9780593421680,9780593421680,Valid ISBN-13,Avery,2022-09-13,2022,Hardcover,240.0,,https://www.leadershipnow.com/leadershop/images/9780593421680.jpg,https://amzn.to/3bgGvSa,False
EDITION00171,BOOK01121,820,978059342297X,978059342297X,978059342297X,Invalid characters,Portfolio,2023-01-17,2023,Hardcover,272.0,,https://www.leadershipnow.com/leadershop/images/978059342297X.jpg,https://amzn.to/3jeCXUF,False
EDITION00172,BOOK01122,878,9780593422991,9780593422991,9780593422991,Valid ISBN-13,Portfolio,2022-10-04,2022,Hardcover,288.0,,https://www.leadershipnow.com/leadershop/images/9780593422991.jpg,https://amzn.to/3vYASjr,False
EDITION00173,BOOK01123,202,9780593444412,9780593444412,9780593444412,Valid ISBN-13,Crown,2025-02-04,2025,Hardcover,288.0,,https://www.leadershipnow.com/leadershop/images/9780593444412.jpg,https://amzn.to/41cXOeS,False
EDITION00174,BOOK01124,465,9780593444658,9780593444658,9780593444658,Valid ISBN-13,Crown Currency,2024-03-04,2024,Hardcover,320.0,,https://www.leadershipnow.com/leadershop/images/9780593444658.jpg,https://amzn.to/41vRAHc,False
EDITION00175,BOOK01125,890,9780593448700,9780593448700,9780593448700,Valid ISBN-13,The Dial Press,2022-10-11,2022,Hardcover,400.0,,https://www.leadershipnow.com/leadershop/images/9780593448700.jpg,https://amzn.to/3MX287w,False
EDITION00176,BOOK01126,624,9780593449264,9780593449264,9780593449264,Valid ISBN-13,The Dial Press,2023-09-19,2023,Hardcover,288.0,,https://www.leadershipnow.com/leadershop/images/9780593449264.jpg,https://amzn.to/44xZwW7,False
EDITION00177,BOOK01127,184,9780593473481,9780593473481,9780593473481,Valid ISBN-13,Dutton,2025-03-04,2025,Hardcover,272.0,,https://www.leadershipnow.com/leadershop/images/9780593473481.jpg,https://amzn.to/3XnSnH9,False
EDITION00178,BOOK01128,781,9780593489307,9780593489307,9780593489307,Valid ISBN-13,The Open Field,2023-03-28,2023,Hardcover,352.0,,https://www.leadershipnow.com/leadershop/images/9780593489307.jpg,https://amzn.to/3G7eF81,False
EDITION00179,BOOK00036,956,9780593489444,9780593489444,9780593489444,Valid ISBN-13,Penguin Press,2022-07-05,2022,Hardcover,400.0,,https://www.leadershipnow.com/leadershop/images/9780593489444.jpg,https://amzn.to/3CL6wmg,False
EDITION00180,BOOK01129,755,9780593489994,9780593489994,9780593489994,Valid ISBN-13,Viking,2023-03-07,2023,Hardcover,320.0,,https://www.leadershipnow.com/leadershop/images/9780593489994.jpg,https://amzn.to/3hwSCy8,False
EDITION00181,BOOK01130,716,9780593491393,9780593491393,9780593491393,Valid ISBN-13,Penguin Press,2023-05-16,2023,Hardcover,352.0,,https://www.leadershipnow.com/leadershop/images/9780593491393.jpg,https://amzn.to/3K2Eruv,False
EDITION00182,BOOK01131,753,9780593492673,9780593492673,9780593492673,Valid ISBN-13,Penguin Press,2023-03-07,2023,Hardcover,368.0,,https://www.leadershipnow.com/leadershop/images/9780593492673.jpg,https://amzn.to/3waQujF,False
EDITION00183,BOOK01132,531,9780593539774,9780593539774,9780593539774,Valid ISBN-13,Portfolio,2024-01-23,2024,Hardcover,240.0,,https://www.leadershipnow.com/leadershop/images/9780593539774.jpg,https://amzn.to/3ttFKyz,False
EDITION00184,BOOK01133,673,9780593542217,9780593542217,9780593542217,Valid ISBN-13,Riverhead Books,2023-07-18,2023,Hardcover,256.0,,https://www.leadershipnow.com/leadershop/images/9780593542217.jpg,https://amzn.to/3NbP15p,False
EDITION00185,BOOK01134,682,9780593542699,9780593542699,9780593542699,Valid ISBN-13,Portfolio,2023-06-06,2023,Hardcover,288.0,,https://www.leadershipnow.com/leadershop/images/9780593542699.jpg,https://amzn.to/3yKbfDz,False
EDITION00186,BOOK01135,511,9780593544501,9780593544501,9780593544501,Valid ISBN-13,Portfolio,2024-01-02,2024,Hardcover,288.0,,https://www.leadershipnow.com/leadershop/images/9780593544501.jpg,https://amzn.to/48sObJt,False
EDITION00187,BOOK01136,468,9780593544853,9780593544853,9780593544853,Valid ISBN-13,Portfolio,2024-03-05,2024,Hardcover,256.0,,https://www.leadershipnow.com/leadershop/images/9780593544853.jpg,https://amzn.to/431y5oI,False
EDITION00188,BOOK01137,413,9780593545492,9780593545492,9780593545492,Valid ISBN-13,Portfolio,2024-05-07,2024,Hardcover,256.0,,https://www.leadershipnow.com/leadershop/images/9780593545492.jpg,https://amzn.to/3U9BpK4,False
EDITION00189,BOOK01138,267,9780593578414,9780593578414,9780593578414,Valid ISBN-13,Clarkson Potter,2024-12-31,2024,Hardcover,224.0,,https://www.leadershipnow.com/leadershop/images/9780593578414.jpg,https://amzn.to/3SQzzye,False
EDITION00190,BOOK01139,294,9780593652732,9780593652732,9780593652732,Valid ISBN-13,Viking,2024-10-01,2024,Hardcover,432.0,,https://www.leadershipnow.com/leadershop/images/9780593652732.jpg,https://amzn.to/3ZBwmWW,False
EDITION00191,BOOK01140,816,9780593652886,9780593652886,9780593652886,Valid ISBN-13,Penguin Press,2023-01-10,2023,Hardcover,432.0,,https://www.leadershipnow.com/leadershop/images/9780593652886.jpg,https://amzn.to/3SW4gjE,False
EDITION00192,BOOK01141,432,9780593652909,9780593652909,9780593652909,Valid ISBN-13,Viking,2024-05-21,2024,Hardcover,288.0,,https://www.leadershipnow.com/leadershop/images/9780593652909.jpg,https://amzn.to/48dJSkY,False
EDITION00193,BOOK01142,569,9780593653142,9780593653142,9780593653142,Valid ISBN-13,Viking,2023-10-03,2023,Hardcover,320.0,,https://www.leadershipnow.com/leadershop/images/9780593653142.jpg,https://amzn.to/3MydJLH,False
EDITION00194,BOOK01143,217,9780593653937,9780593653937,9780593653937,Valid ISBN-13,The Open Field,2025-02-18,2025,Hardcover,240.0,,https://www.leadershipnow.com/leadershop/images/9780593653937.jpg,https://amzn.to/3OSpy14,False
EDITION00195,BOOK01144,704,9780593654521,9780593654521,9780593654521,Valid ISBN-13,Viking,2023-05-02,2023,Hardcover,224.0,,https://www.leadershipnow.com/leadershop/images/9780593654521.jpg,https://amzn.to/3OVsSYa,False
EDITION00196,BOOK01145,540,9780593712849,9780593712849,9780593712849,Valid ISBN-13,Portfolio,2023-12-05,2023,Hardcover,320.0,,https://www.leadershipnow.com/leadershop/images/9780593712849.jpg,https://amzn.to/3CZQdDb,False
EDITION00197,BOOK01146,85,9780593713105,9780593713105,9780593713105,Valid ISBN-13,Portfolio,2025-08-12,2025,Hardcover,224.0,,https://www.leadershipnow.com/leadershop/images/9780593713105.jpg,https://amzn.to/4kIw5sV,False
EDITION00198,BOOK01147,45,9780593713402,9780593713402,9780593713402,Valid ISBN-13,Avery,2025-10-21,2025,Hardcover,288.0,,https://www.leadershipnow.com/leadershop/images/9780593713402.jpg,https://amzn.to/3HXFW0r,False
EDITION00199,BOOK01148,325,9780593714218,9780593714218,9780593714218,Valid ISBN-13,Portfolio,2024-09-10,2024,Hardcover,288.0,,https://www.leadershipnow.com/leadershop/images/9780593714218.jpg,https://amzn.to/3yZrAHP,False
EDITION00200,BOOK01149,428,9780593714232,9780593714232,9780593714232,Valid ISBN-13,Portfolio,2024-05-21,2024,Hardcover,368.0,,https://www.leadershipnow.com/leadershop/images/9780593714232.jpg,https://amzn.to/3u8pmDW,False
EDITION00201,BOOK01150,107,9780593714768,9780593714768,9780593714768,Valid ISBN-13,Portfolio,2025-07-29,2025,Hardcover,272.0,,https://www.leadershipnow.com/leadershop/images/9780593714768.jpg,https://amzn.to/3HhzqRi,False
EDITION00202,BOOK01151,183,9780593715130,9780593715130,9780593715130,Valid ISBN-13,Avery,2025-03-04,2025,Hardcover,304.0,,https://www.leadershipnow.com/leadershop/images/9780593715130.jpg,https://amzn.to/3EWmf77,False
EDITION00203,BOOK01152,86,9780593715307,9780593715307,9780593715307,Valid ISBN-13,Avery,2025-08-19,2025,Hardcover,304.0,,https://www.leadershipnow.com/leadershop/images/9780593715307.jpg,https://amzn.to/4jnwOys,False
EDITION00204,BOOK01153,55,9780593715345,9780593715345,9780593715345,Valid ISBN-13,Avery,2025-09-02,2025,Hardcover,336.0,,https://www.leadershipnow.com/leadershop/images/9780593715345.jpg,https://amzn.to/4lG7N3p,False
EDITION00205,BOOK01154,724,9780593715543,9780593715543,9780593715543,Valid ISBN-13,Portfolio,2023-05-30,2023,Hardcover,208.0,,https://www.leadershipnow.com/leadershop/images/9780593715543.jpg,https://amzn.to/3oD6AS3,False
EDITION00206,BOOK01155,654,9780593715833,9780593715833,9780593715833,Valid ISBN-13,Portfolio,2023-08-29,2023,Hardcover,368.0,,https://www.leadershipnow.com/leadershop/images/9780593715833.jpg,https://amzn.to/43FY03O,False
EDITION00207,BOOK01156,437,9780593716717,9780593716717,9780593716717,Valid ISBN-13,Portfolio,2024-04-02,2024,Hardcover,256.0,,https://www.leadershipnow.com/leadershop/images/9780593716717.jpg,https://amzn.to/43Cvd1u,False
EDITION00208,BOOK01157,371,9780593717684,9780593717684,9780593717684,Valid ISBN-13,Portfolio,2024-07-09,2024,Hardcover,272.0,,https://www.leadershipnow.com/leadershop/images/9780593717684.jpg,https://amzn.to/3WClxCW,False
EDITION00209,BOOK01158,190,9780593718728,9780593718728,9780593718728,Valid ISBN-13,TarcherPerigee,2025-03-18,2025,Hardcover,304.0,,https://www.leadershipnow.com/leadershop/images/9780593718728.jpg,https://amzn.to/41d8Qz6,False
EDITION00210,BOOK01159,204,9780593723180,9780593723180,9780593723180,Valid ISBN-13,Ballantine Books,2025-02-04,2025,Hardcover,400.0,,https://www.leadershipnow.com/leadershop/images/9780593723180.jpg,https://amzn.to/3YZQUGY,False
EDITION00211,BOOK01160,81,9780593725610,9780593725610,9780593725610,Valid ISBN-13,Ballantine Books,2025-08-05,2025,Hardcover,240.0,,https://www.leadershipnow.com/leadershop/images/9780593725610.jpg,https://amzn.to/3UJUQtD,False
EDITION00212,BOOK01161,529,9780593727553,9780593727553,9780593727553,Valid ISBN-13,Crown,2024-01-23,2024,Hardcover,272.0,,https://www.leadershipnow.com/leadershop/images/9780593727553.jpg,https://amzn.to/486dtNt,False
EDITION00213,BOOK01162,463,9780593796375,9780593796375,9780593796375,Valid ISBN-13,Harmony,2024-04-30,2024,Hardcover,256.0,,https://www.leadershipnow.com/leadershop/images/9780593796375.jpg,https://amzn.to/3TXGmXw,False
EDITION00214,BOOK01163,448,9780593798492,9780593798492,9780593798492,Valid ISBN-13,Crown Currency,2024-04-09,2024,Hardcover,416.0,,https://www.leadershipnow.com/leadershop/images/9780593798492.jpg,https://amzn.to/3ISS27F,False
EDITION00215,BOOK01164,324,9780593799796,9780593799796,9780593799796,Valid ISBN-13,Crown,2024-09-10,2024,Hardcover,368.0,,https://www.leadershipnow.com/leadershop/images/9780593799796.jpg,https://amzn.to/3Vw78qB,False
EDITION00216,BOOK01165,114,9780593800041,9780593800041,9780593800041,Valid ISBN-13,Crown Currency,2025-06-03,2025,Hardcover,272.0,,https://www.leadershipnow.com/leadershop/images/9780593800041.jpg,https://amzn.to/4hIBFcP,False
EDITION00217,BOOK01166,187,9780593831717,9780593831717,9780593831717,Valid ISBN-13,Viking,2025-03-11,2025,Hardcover,384.0,,https://www.leadershipnow.com/leadershop/images/9780593831717.jpg,https://amzn.to/3Ojlt5F,False
EDITION00218,BOOK01167,130,9780593831939,9780593831939,9780593831939,Valid ISBN-13,The Open Field,2025-06-17,2025,Hardcover,272.0,,https://www.leadershipnow.com/leadershop/images/9780593831939.jpg,https://amzn.to/42ZuR5q,False
EDITION00219,BOOK01168,16,9780593832158,9780593832158,9780593832158,Valid ISBN-13,Viking,2025-11-04,2025,Hardcover,320.0,,https://www.leadershipnow.com/leadershop/images/9780593832158.jpg,https://amzn.to/4oIZlll,False
EDITION00220,BOOK01169,160,9780593832691,9780593832691,9780593832691,Valid ISBN-13,Viking,2025-04-08,2025,Hardcover,272.0,,https://www.leadershipnow.com/leadershop/images/9780593832691.jpg,https://amzn.to/3LdB5tk,False
EDITION00221,BOOK01170,125,9780593833117,9780593833117,9780593833117,Valid ISBN-13,Penguin Life,2025-06-10,2025,Hardcover,288.0,,https://www.leadershipnow.com/leadershop/images/9780593833117.jpg,https://amzn.to/4d6qjyQ,False
EDITION00222,BOOK01171,145,9780593852958,9780593852958,9780593852958,Valid ISBN-13,Portfolio,2025-05-13,2025,Hardcover,304.0,,https://www.leadershipnow.com/leadershop/images/9780593852958.jpg,https://amzn.to/4gvd3oj,False
EDITION00223,BOOK01172,181,9780593852972,9780593852972,9780593852972,Valid ISBN-13,Portfolio,2025-03-04,2025,Hardcover,224.0,,https://www.leadershipnow.com/leadershop/images/9780593852972.jpg,https://amzn.to/3DfjMEq,False
EDITION00224,BOOK01173,872,9780670025374,9780670025374,9780670025374,Valid ISBN-13,Viking,2022-11-22,2022,Hardcover,752.0,,https://www.leadershipnow.com/leadershop/images/9780670025374.jpg,https://amzn.to/3xcDISy,False
EDITION00225,BOOK01174,863,9780674251014,9780674251014,9780674251014,Valid ISBN-13,Harvard University Press,2022-11-15,2022,Hardcover,272.0,,https://www.leadershipnow.com/leadershop/images/9780674251014.jpg,https://amzn.to/3nbt5tw,False
EDITION00226,BOOK01175,772,9780674916531,9780674916531,9780674916531,Valid ISBN-13,Harvard University Press,2023-03-21,2023,Hardcover,448.0,,https://www.leadershipnow.com/leadershop/images/9780674916531.jpg,https://amzn.to/3hlvZMH,False
EDITION00227,BOOK01176,923,9780691237206,9780691237206,9780691237206,Valid ISBN-13,Princeton University Press,2022-09-20,2022,Hardcover,248.0,,https://www.leadershipnow.com/leadershop/images/9780691237206.jpg,https://amzn.to/3OYtuMn,False
EDITION00228,BOOK01177,698,9780691246987,9780691246987,9780691246987,Valid ISBN-13,Princeton University Press,2023-06-27,2023,Hardcover,816.0,,https://www.leadershipnow.com/leadershop/images/9780691246987.jpg,https://amzn.to/44gwOdl,False
EDITION00229,BOOK01178,1068,9780735210653,9780735210653,9780735210653,Valid ISBN-13,Riverhead Books,2022-02-01,2022,Hardcover,256.0,,https://www.leadershipnow.com/leadershop/images/9780735210653.jpg,https://amzn.to/31wOC84,False
EDITION00230,BOOK01179,1075,9780735217959,9780735217959,9780735217959,Valid ISBN-13,Penguin Press,2022-02-08,2022,Hardcover,384.0,,https://www.leadershipnow.com/leadershop/images/9780735217959.jpg,https://amzn.to/3ApGlje,False
EDITION00231,BOOK01180,976,9780735222199,9780735222199,9780735222199,Valid ISBN-13,Viking,2022-06-07,2022,Hardcover,608.0,,https://www.leadershipnow.com/leadershop/images/9780735222199.jpg,https://amzn.to/3COKfUz,False
EDITION00232,BOOK01181,791,9780735224216,9780735224216,9780735224216,Valid ISBN-13,Penguin Press,2023-02-07,2023,Hardcover,496.0,,https://www.leadershipnow.com/leadershop/images/9780735224216.jpg,https://amzn.to/3CdPNtI,False
EDITION00233,BOOK01182,838,9780750999004,9780750999004,9780750999004,Invalid check digit,The History Press,2022-12-01,2022,Paperback,256.0,,https://www.leadershipnow.com/leadershop/images/9780750999004.jpg,https://amzn.to/3a8itbH,False
EDITION00234,BOOK01183,620,9780764237706,9780764237706,9780764237706,Valid ISBN-13,Bethany House Publishers,2023-09-19,2023,Hardcover,240.0,Revised and Updated edition,https://www.leadershipnow.com/leadershop/images/9780764237706.jpg,https://amzn.to/43KDoba,False
EDITION00235,BOOK01184,842,9780785261629,9780785261629,9780785261629,Valid ISBN-13,Thomas Nelson,2022-12-06,2022,Hardcover,224.0,,https://www.leadershipnow.com/leadershop/images/9780785261629.jpg,https://amzn.to/3QkgEsL,False
EDITION00236,BOOK01185,866,9780802160225,9780802160225,9780802160225,Valid ISBN-13,Atlantic Monthly Press,2022-11-15,2022,Hardcover,432.0,,https://www.leadershipnow.com/leadershop/images/9780802160225.jpg,https://amzn.to/3UA8n5K,False
EDITION00237,BOOK01186,411,9780802884046,9780802884046,9780802884046,Valid ISBN-13,Eerdmans,2024-05-07,2024,Paperback,192.0,,https://www.leadershipnow.com/leadershop/images/9780802884046.jpg,https://amzn.to/44f5GvV,False
EDITION00238,BOOK01187,197,9780806543123,9780806543123,9780806543123,Valid ISBN-13,Citadel,2025-03-25,2025,Paperback,208.0,,https://www.leadershipnow.com/leadershop/images/9780806543123.jpg,https://amzn.to/42GfzE4,False
EDITION00239,BOOK01188,333,9780871409447,9780871409447,9780871409447,Valid ISBN-13,Liveright,2024-09-10,2024,Hardcover,880.0,,https://www.leadershipnow.com/leadershop/images/9780871409447.jpg,https://amzn.to/4gWieyf,False
EDITION00240,BOOK01189,1012,9780974719344,9780974719344,9780974719344,Valid ISBN-13,TalentSmart,2022-05-10,2022,Hardcover,240.0,,https://www.leadershipnow.com/leadershop/images/9780974719344.jpg,https://amzn.to/3CeQd0H,False
EDITION00241,BOOK00866,657,9780974719375,9780974719375,9780974719375,Valid ISBN-13,TalentSmart,2023-08-29,2023,Hardcover,350.0,,https://www.leadershipnow.com/leadershop/images/9780974719375.jpg,https://amzn.to/3NpvOfw,False
EDITION00242,BOOK01190,233,9780976688266,9780976688266,9780976688266,Valid ISBN-13,Elucidate Publishing,2025-01-07,2025,Hardcover,224.0,,https://www.leadershipnow.com/leadershop/images/9780976688266.jpg,https://amzn.to/3VVCLdd,False
EDITION00243,BOOK01191,237,9781009392235,9781009392235,9781009392235,Valid ISBN-13,Cambridge University Press,2025-01-16,2025,Hardcover,112.0,,https://www.leadershipnow.com/leadershop/images/9781009392235.jpg,https://amzn.to/40vj5hM,False
EDITION00244,BOOK01192,647,9781009400466,9781009400466,9781009400466,Valid ISBN-13,Cambridge University Press,2023-08-17,2023,Hardcover,250.0,,https://www.leadershipnow.com/leadershop/images/9781009400466.jpg,https://amzn.to/3DmpNvs,False
EDITION00245,BOOK01193,95,9781009541190,9781009541190,9781009541190,Valid ISBN-13,Cambridge University Press,2025-08-31,2025,Hardcover,480.0,,https://www.leadershipnow.com/leadershop/images/9781009541190.jpg,https://amzn.to/4bfWvPj,False
EDITION00246,BOOK01194,951,9781032220338,9781032220338,9781032220338,Valid ISBN-13,Routledge,2022-08-25,2022,Paperback,180.0,,https://www.leadershipnow.com/leadershop/images/9781032220338.jpg,https://amzn.to/3bRuPGh,False
EDITION00247,BOOK01195,721,9781032349404,9781032349404,9781032349404,Valid ISBN-13,Routledge,2023-05-24,2023,Hardcover,224.0,,https://www.leadershipnow.com/leadershop/images/9781032349404.jpg,https://amzn.to/45u6ehz,False
EDITION00248,BOOK01196,596,9781032376486,9781032376486,9781032376486,Valid ISBN-13,Routledge,2023-10-30,2023,Hardcover,220.0,,https://www.leadershipnow.com/leadershop/images/9781032376486.jpg,https://amzn.to/3SUb5F3,False
EDITION00249,BOOK01197,438,9781032397191,9781032397191,9781032397191,Valid ISBN-13,Routledge,2024-04-02,2024,Hardcover,268.0,,https://www.leadershipnow.com/leadershop/images/9781032397191.jpg,https://amzn.to/43cQTkW,False
EDITION00250,BOOK01198,778,9781032412634,9781032412634,9781032412634,Valid ISBN-13,Productivity Press,2023-03-23,2023,Paperback,130.0,,https://www.leadershipnow.com/leadershop/images/9781032412634.jpg,https://amzn.to/3npJvSG,False
EDITION00251,BOOK01199,264,9781032607856,9781032607856,9781032607856,Valid ISBN-13,Routledge,2024-12-11,2024,Paperback,116.0,,https://www.leadershipnow.com/leadershop/images/9781032607856.jpg,https://amzn.to/3AsbY0M,False
EDITION00252,BOOK01200,11,9781032933863,9781032933863,9781032933863,Valid ISBN-13,Routledge,2025-12-15,2025,Hardcover,110.0,,https://www.leadershipnow.com/leadershop/images/9781032933863.jpg,https://amzn.to/4ou8ayO,False
EDITION00253,BOOK01201,406,9781036110901,9781036110901,9781036110901,Valid ISBN-13,Frontline Books,2024-06-30,2024,Hardcover,312.0,,https://www.leadershipnow.com/leadershop/images/9781036110901.jpg,https://amzn.to/3yu8U2A,False
EDITION00254,BOOK01202,140,9781038337979,9781038337979,9781038337979,Valid ISBN-13,FriesenPress,2025-05-07,2025,Paperback,264.0,,https://www.leadershipnow.com/leadershop/images/9781038337979.jpg,https://amzn.to/48p1z3Z,False
EDITION00255,BOOK01203,58,9781041009108,9781041009108,9781041009108,Valid ISBN-13,Routledge,2025-09-08,2025,Paperback,176.0,,https://www.leadershipnow.com/leadershop/images/9781041009108.jpg,https://amzn.to/4lL9UmI,False
EDITION00256,BOOK01204,15,9781041021964,9781041021964,9781041021964,Valid ISBN-13,Routledge,2025-12-16,2025,Hardcover,140.0,,https://www.leadershipnow.com/leadershop/images/9781041021964.jpg,https://amzn.to/49vFa66,False
EDITION00257,BOOK01205,1045,9781108841191,9781108841191,9781108841191,Valid ISBN-13,Cambridge University Press,2022-04-28,2022,Hardcover,200.0,,https://www.leadershipnow.com/leadershop/images/9781108841191.jpg,https://amzn.to/3wIk298,False
EDITION00258,BOOK01206,788,9781119430283,9781119430283,9781119430283,Invalid check digit,Wiley,2023-02-01,2023,Hardcover,256.0,,https://www.leadershipnow.com/leadershop/images/9781119430283.jpg,https://amzn.to/3HhrBHB,False
EDITION00259,BOOK01207,1025,9781119430285,9781119430285,9781119430285,Valid ISBN-13,Wiley,2022-05-24,2022,Hardcover,188.0,,https://www.leadershipnow.com/leadershop/images/9781119430285.jpg,https://amzn.to/37VgPZT,False
EDITION00260,BOOK01208,80,9781119633068,9781119633068,9781119633068,Valid ISBN-13,Wiley,2025-08-05,2025,Hardcover,352.0,,https://www.leadershipnow.com/leadershop/images/9781119633068.jpg,https://amzn.to/4dC5ICF,False
EDITION00261,BOOK01209,813,9781119672722,9781119672722,9781119672722,Valid ISBN-13,Wiley,2023-01-04,2023,Hardcover,304.0,,https://www.leadershipnow.com/leadershop/images/9781119672722.jpg,https://amzn.to/3hBzZsk,False
EDITION00262,BOOK00016,815,9781119736127,9781119736127,9781119736127,Valid ISBN-13,Jossey-Bass,2023-01-05,2023,Hardcover,416.0,,https://www.leadershipnow.com/leadershop/images/9781119736127.jpg,https://amzn.to/3YvMXsA,False
EDITION00263,BOOK01210,699,9781119757351,9781119757351,9781119757351,Valid ISBN-13,Wiley,2023-06-27,2023,Hardcover,176.0,,https://www.leadershipnow.com/leadershop/images/9781119757351.jpg,https://amzn.to/42ePDLY,False
EDITION00264,BOOK01211,149,9781119757382,9781119757382,9781119757382,Valid ISBN-13,Wiley,2025-05-20,2025,Hardcover,288.0,,https://www.leadershipnow.com/leadershop/images/9781119757382.jpg,https://amzn.to/3EUDINe,False
EDITION00265,BOOK01212,1043,9781119762690,9781119762690,9781119762690,Valid ISBN-13,Wiley,2022-04-26,2022,Hardcover,176.0,,https://www.leadershipnow.com/leadershop/images/9781119762690.jpg,https://amzn.to/3HZADar,False
EDITION00266,BOOK01213,1123,9781119793243,9781119793243,9781119793243,Valid ISBN-13,Wiley,2022-01-26,2022,Hardcover,272.0,,https://www.leadershipnow.com/leadershop/images/9781119793243.jpg,https://amzn.to/3M5blv3,False
EDITION00267,BOOK01214,886,9781119812982,9781119812982,9781119812982,Valid ISBN-13,Wiley,2022-10-10,2022,Hardcover,256.0,,https://www.leadershipnow.com/leadershop/images/9781119812982.jpg,https://amzn.to/3BJ8KCG,False
EDITION00268,BOOK01215,972,9781119815365,9781119815365,9781119815365,Valid ISBN-13,Wiley,2022-06-01,2022,Hardcover,272.0,,https://www.leadershipnow.com/leadershop/images/9781119815365.jpg,https://amzn.to/3PO340v,False
EDITION00269,BOOK01216,1066,9781119817048,9781119817048,9781119817048,Valid ISBN-13,Wiley,2022-03-29,2022,Hardcover,208.0,,https://www.leadershipnow.com/leadershop/images/9781119817048.jpg,https://amzn.to/3G3qjgQ,False
EDITION00270,BOOK01217,962,9781119822479,9781119822479,9781119822479,Valid ISBN-13,Wiley,2022-07-13,2022,Hardcover,208.0,,https://www.leadershipnow.com/leadershop/images/9781119822479.jpg,https://amzn.to/3nkkDbc,False
EDITION00271,BOOK01218,743,9781119835660,9781119835660,9781119835660,Valid ISBN-13,Wiley,2023-04-18,2023,Hardcover,192.0,,https://www.leadershipnow.com/leadershop/images/9781119835660.jpg,https://amzn.to/3p9GvKJ,False
EDITION00272,BOOK01219,1114,9781119836117,9781119836117,9781119836117,Valid ISBN-13,Wiley,2022-01-19,2022,Hardcover,208.0,,https://www.leadershipnow.com/leadershop/images/9781119836117.jpg,https://amzn.to/30XJcDs,False
EDITION00273,BOOK01220,987,9781119838180,9781119838180,9781119838180,Valid ISBN-13,Jossey-Bass,2022-06-15,2022,Paperback,320.0,,https://www.leadershipnow.com/leadershop/images/9781119838180.jpg,https://amzn.to/3MmLA8u,False
EDITION00274,BOOK01221,969,9781119839323,9781119839323,9781119839323,Valid ISBN-13,Wiley,2022-07-26,2022,Paperback,240.0,,https://www.leadershipnow.com/leadershop/images/9781119839323.jpg,https://amzn.to/3Pg0cYO,False
EDITION00275,BOOK01222,1064,9781119849889,9781119849889,9781119849889,Valid ISBN-13,Wiley,2022-03-22,2022,Hardcover,256.0,,https://www.leadershipnow.com/leadershop/images/9781119849889.jpg,https://amzn.to/3K2H9iqc,False
EDITION00276,BOOK01223,705,9781119853701,9781119853701,9781119853701,Valid ISBN-13,Wiley,2023-05-02,2023,Hardcover,256.0,,https://www.leadershipnow.com/leadershop/images/9781119853701.jpg,https://amzn.to/3AolA8T,False
EDITION00277,BOOK01224,1041,9781119858683,9781119858683,9781119858683,Valid ISBN-13,Wiley,2022-04-26,2022,Hardcover,288.0,,https://www.leadershipnow.com/leadershop/images/9781119858683.jpg,https://amzn.to/3t1x4MO,False
EDITION00278,BOOK01225,1051,9781119860396,9781119860396,9781119860396,Valid ISBN-13,Wiley,2022-03-07,2022,Hardcover,176.0,,https://www.leadershipnow.com/leadershop/images/9781119860396.jpg,https://amzn.to/3vaUXD9,False
EDITION00279,BOOK01226,1065,9781119867920,9781119867920,9781119867920,Valid ISBN-13,Wiley,2022-03-22,2022,Hardcover,224.0,,https://www.leadershipnow.com/leadershop/images/9781119867920.jpg,https://amzn.to/36Ljnc7,False
EDITION00280,BOOK01227,1019,9781119870951,9781119870951,9781119870951,Valid ISBN-13,Wiley,2022-05-17,2022,Hardcover,240.0,,https://www.leadershipnow.com/leadershop/images/9781119870951.jpg,https://amzn.to/3zcJgh8,False
EDITION00281,BOOK01228,928,9781119872153,9781119872153,9781119872153,Valid ISBN-13,Wiley,2022-09-20,2022,Hardcover,208.0,,https://www.leadershipnow.com/leadershop/images/9781119872153.jpg,https://amzn.to/3OVi3Vs,False
EDITION00282,BOOK01229,914,9781119877677,9781119877677,9781119877677,Valid ISBN-13,Wiley,2022-09-07,2022,Hardcover,224.0,,https://www.leadershipnow.com/leadershop/images/9781119877677.jpg,https://amzn.to/38S7OkH,False
EDITION00283,BOOK01230,938,9781119885590,9781119885590,9781119885590,Invalid check digit,Wiley,2022-08-02,2022,Hardcover,240.0,,https://www.leadershipnow.com/leadershop/images/9781119885590.jpg,https://amzn.to/39I7y8u,False
EDITION00284,BOOK01231,728,9781119885764,9781119885764,9781119885764,Valid ISBN-13,Jossey-Bass,2023-04-04,2023,Paperback,208.0,,https://www.leadershipnow.com/leadershop/images/9781119885764.jpg,https://amzn.to/40L3RUy,False
EDITION00285,BOOK01232,952,9781119886105,9781119886105,9781119886105,Valid ISBN-13,Wiley,2022-08-30,2022,Hardcover,320.0,,https://www.leadershipnow.com/leadershop/images/9781119886105.jpg,https://amzn.to/3nOCLu4,False
EDITION00286,BOOK01233,984,9781119887577,9781119887577,9781119887577,Valid ISBN-13,Wiley,2022-06-07,2022,Hardcover,256.0,,https://www.leadershipnow.com/leadershop/images/9781119887577.jpg,https://amzn.to/3tkayOV,False
EDITION00287,BOOK01234,1023,9781119892526,9781119892526,9781119892526,Valid ISBN-13,Wiley,2022-05-24,2022,Hardcover,192.0,,https://www.leadershipnow.com/leadershop/images/9781119892526.jpg,https://amzn.to/3LsnMQV,False
EDITION00288,BOOK01235,837,9781119894179,9781119894179,9781119894179,Valid ISBN-13,Wiley,2022-12-01,2022,Hardcover,240.0,,https://www.leadershipnow.com/leadershop/images/9781119894179.jpg,https://amzn.to/3Q1DbcX,False
EDITION00289,BOOK01236,581,9781119895244,9781119895244,9781119895244,Valid ISBN-13,Wiley,2023-10-04,2023,Hardcover,272.0,,https://www.leadershipnow.com/leadershop/images/9781119895244.jpg,https://amzn.to/3O4c5DC,False
EDITION00290,BOOK01237,819,9781119895275,9781119895275,9781119895275,Valid ISBN-13,Wiley,2023-01-12,2023,Hardcover,256.0,,https://www.leadershipnow.com/leadershop/images/9781119895275.jpg,https://amzn.to/3OXIw5l,False
EDITION00291,BOOK01238,1013,9781119897842,9781119897842,9781119897842,Valid ISBN-13,Wiley,2022-05-10,2022,Hardcover,128.0,,https://www.leadershipnow.com/leadershop/images/9781119897842.jpg,https://amzn.to/3KsJTW3,False
EDITION00292,BOOK01239,595,9781119898184,9781119898184,9781119898184,Valid ISBN-13,Wiley,2023-10-30,2023,Hardcover,256.0,,https://www.leadershipnow.com/leadershop/images/9781119898184.jpg,https://amzn.to/43nUeNd,False
EDITION00293,BOOK01240,882,9781119898481,9781119898481,9781119898481,Valid ISBN-13,Wiley,2022-10-04,2022,Hardcover,256.0,,https://www.leadershipnow.com/leadershop/images/9781119898481.jpg,https://amzn.to/3Bpuxjz,False
EDITION00294,BOOK01241,983,9781119898993,9781119898993,9781119898993,Valid ISBN-13,Wiley,2022-06-07,2022,Hardcover,272.0,,https://www.leadershipnow.com/leadershop/images/9781119898993.jpg,https://amzn.to/3axNqpu,False
EDITION00295,BOOK01242,943,9781119899549,9781119899549,9781119899549,Valid ISBN-13,Wiley,2022-08-09,2022,Hardcover,288.0,,https://www.leadershipnow.com/leadershop/images/9781119899549.jpg,https://amzn.to/3LFkeL3,False
EDITION00296,BOOK01243,826,9781119899969,9781119899969,9781119899969,Valid ISBN-13,Wiley,2023-01-19,2023,Hardcover,256.0,,https://www.leadershipnow.com/leadershop/images/9781119899969.jpg,https://amzn.to/3VZ9EDT,False
EDITION00297,BOOK01244,958,9781119900085,9781119900085,9781119900085,Valid ISBN-13,Wiley,2022-07-06,2022,Hardcover,160.0,,https://www.leadershipnow.com/leadershop/images/9781119900085.jpg,https://amzn.to/3QMay4p,False
EDITION00298,BOOK01245,787,9781119913658,9781119913658,9781119913658,Valid ISBN-13,Wiley,2023-02-01,2023,Hardcover,272.0,,https://www.leadershipnow.com/leadershop/images/9781119913658.jpg,https://amzn.to/3XwfQUr,False
EDITION00299,BOOK01246,844,9781119931409,9781119931409,9781119931409,Valid ISBN-13,Wiley,2022-12-08,2022,Hardcover,256.0,,https://www.leadershipnow.com/leadershop/images/9781119931409.jpg,https://amzn.to/3AefjxF,False
EDITION00300,BOOK01247,896,9781119984788,9781119984788,9781119984788,Valid ISBN-13,Wiley,2022-10-18,2022,Hardcover,240.0,,https://www.leadershipnow.com/leadershop/images/9781119984788.jpg,https://amzn.to/3IaKFJw,False
EDITION00301,BOOK01248,636,9781119985297,9781119985297,9781119985297,Valid ISBN-13,Wiley,2023-08-01,2023,Hardcover,240.0,,https://www.leadershipnow.com/leadershop/images/9781119985297.jpg,https://amzn.to/3Qle7Rw,False
EDITION00302,BOOK01249,601,9781119985884,9781119985884,9781119985884,Valid ISBN-13,Wiley,2023-10-31,2023,Hardcover,240.0,,https://www.leadershipnow.com/leadershop/images/9781119985884.jpg,https://amzn.to/43Ll9T2,False
EDITION00303,BOOK01250,770,9781119988083,9781119988083,9781119988083,Valid ISBN-13,Wiley,2023-03-14,2023,Hardcover,208.0,,https://www.leadershipnow.com/leadershop/images/9781119988083.jpg,https://amzn.to/3v7TgVC,False
EDITION00304,BOOK01251,456,97811394245475,97811394245475,97811394245475,Invalid length,Wiley,2024-04-23,2024,Hardcover,272.0,,https://www.leadershipnow.com/leadershop/images/97811394245475.jpg,https://amzn.to/44N2pUO,False
EDITION00305,BOOK01252,846,9781250135452,9781250135452,9781250135452,Valid ISBN-13,St. Martin's Press,2022-12-13,2022,Hardcover,608.0,,https://www.leadershipnow.com/leadershop/images/9781250135452.jpg,https://amzn.to/3UOkJHs,False
EDITION00306,BOOK01253,1062,9781250272317,9781250272317,9781250272317,Valid ISBN-13,St. Martin's Press,2022-03-22,2022,Hardcover,320.0,,https://www.leadershipnow.com/leadershop/images/9781250272317.jpg,https://amzn.to/3dKj4yJ,False
EDITION00307,BOOK01254,808,9781250274694,9781250274694,9781250274694,Valid ISBN-13,St. Martin's Press,2023-02-28,2023,Hardcover,496.0,,https://www.leadershipnow.com/leadershop/images/9781250274694.jpg,https://amzn.to/3SQ9DkO,False
EDITION00308,BOOK01255,1020,9781250275813,9781250275813,9781250275813,Valid ISBN-13,St. Martin's Press,2022-05-17,2022,Hardcover,336.0,,https://www.leadershipnow.com/leadershop/images/9781250275813.jpg,https://amzn.to/3Gx7ILS,False
EDITION00309,BOOK01256,551,9781250276933,9781250276933,9781250276933,Valid ISBN-13,St. Martin's Press,2023-11-07,2023,Hardcover,352.0,,https://www.leadershipnow.com/leadershop/images/9781250276933.jpg,https://amzn.to/3tCr7IY,False
EDITION00310,BOOK01257,793,9781250277695,9781250277695,9781250277695,Valid ISBN-13,St. Martin's Press,2023-02-07,2023,Hardcover,288.0,,https://www.leadershipnow.com/leadershop/images/9781250277695.jpg,https://amzn.to/3H6audd,False
EDITION00311,BOOK01258,864,9781250278333,9781250278333,9781250278333,Valid ISBN-13,St. Martin's Press,2022-11-15,2022,Hardcover,272.0,,https://www.leadershipnow.com/leadershop/images/9781250278333.jpg,https://amzn.to/3DkiqnO,False
EDITION00312,BOOK01259,1018,9781250279293,9781250279293,9781250279293,Valid ISBN-13,St. Martin's Press,2022-05-17,2022,Hardcover,336.0,,https://www.leadershipnow.com/leadershop/images/9781250279293.jpg,https://amzn.to/36WoyX9,False
EDITION00313,BOOK01260,977,9781250279668,9781250279668,9781250279668,Valid ISBN-13,St. Martin's Press,2022-06-07,2022,Hardcover,304.0,,https://www.leadershipnow.com/leadershop/images/9781250279668.jpg,https://amzn.to/3L0cr9m,False
EDITION00314,BOOK01261,979,9781250280527,9781250280527,9781250280527,Valid ISBN-13,St. Martin's Press,2022-06-07,2022,Hardcover,256.0,,https://www.leadershipnow.com/leadershop/images/9781250280527.jpg,https://amzn.to/38MV8Mj,False
EDITION00315,BOOK01262,652,9781250281340,9781250281340,9781250281340,Valid ISBN-13,St. Martin's Press,2023-08-22,2023,Hardcover,272.0,,https://www.leadershipnow.com/leadershop/images/9781250281340.jpg,https://amzn.to/3POIwY8,False
EDITION00316,BOOK01263,720,9781250281449,9781250281449,9781250281449,Valid ISBN-13,St. Martin's Press,2023-05-23,2023,Hardcover,272.0,,https://www.leadershipnow.com/leadershop/images/9781250281449.jpg,https://amzn.to/3AsWZA1,False
EDITION00317,BOOK01264,532,9781250284419,9781250284419,9781250284419,Valid ISBN-13,St. Martin's Press,2024-01-30,2024,Hardcover,304.0,,https://www.leadershipnow.com/leadershop/images/9781250284419.jpg,https://amzn.to/3Lc3ywH,False
EDITION00318,BOOK01265,877,9781250284976,9781250284976,9781250284976,Valid ISBN-13,St. Martin's Press,2022-10-04,2022,Hardcover,256.0,,https://www.leadershipnow.com/leadershop/images/9781250284976.jpg,https://amzn.to/3Ft30yp,False
EDITION00319,BOOK01266,308,9781250286185,9781250286185,9781250286185,Valid ISBN-13,St. Martin's Press,2024-10-22,2024,Hardcover,336.0,,https://www.leadershipnow.com/leadershop/images/9781250286185.jpg,https://amzn.to/4cvg7xU,False
EDITION00320,BOOK01267,497,9781250292797,9781250292797,9781250292797,Valid ISBN-13,St. Martin's Essentials,2024-02-13,2024,Paperback,432.0,,https://www.leadershipnow.com/leadershop/images/9781250292797.jpg,https://amzn.to/3O7rmDr,False
EDITION00321,BOOK01268,397,9781250320582,9781250320582,9781250320582,Valid ISBN-13,St. Martin's Press,2024-06-11,2024,Hardcover,336.0,,https://www.leadershipnow.com/leadershop/images/9781250320582.jpg,https://amzn.to/3V4rqYt,False
EDITION00322,BOOK01269,379,9781250331908,9781250331908,9781250331908,Valid ISBN-13,St. Martin's Press,2024-07-16,2024,Hardcover,288.0,,https://www.leadershipnow.com/leadershop/images/9781250331908.jpg,https://amzn.to/4cfX5wc,False
EDITION00323,BOOK01270,334,9781250337740,9781250337740,9781250337740,Valid ISBN-13,St. Martin's Press,2024-09-10,2024,Hardcover,336.0,,https://www.leadershipnow.com/leadershop/images/9781250337740.jpg,https://amzn.to/4icl9U5,False
EDITION00324,BOOK01271,100,9781250349088,9781250349088,9781250349088,Valid ISBN-13,St. Martin's Essentials,2025-07-08,2025,Paperback,336.0,,https://www.leadershipnow.com/leadershop/images/9781250349088.jpg,https://amzn.to/4lj8Hm7,False
EDITION00325,BOOK01272,46,9781250361639,9781250361639,9781250361639,Valid ISBN-13,St. Martin's Press,2025-10-21,2025,Hardcover,288.0,,https://www.leadershipnow.com/leadershop/images/9781250361639.jpg,https://amzn.to/4nmnSfX,False
EDITION00326,BOOK01273,287,9781250372512,9781250372512,9781250372512,Valid ISBN-13,Flatiron Books,2024-11-19,2024,Hardcover,256.0,,https://www.leadershipnow.com/leadershop/images/9781250372512.jpg,https://amzn.to/4fDEEDe,False
EDITION00327,BOOK01274,25,9781250408181,9781250408181,9781250408181,Valid ISBN-13,Henry Holt and Co.,2025-11-11,2025,Hardcover,416.0,,https://www.leadershipnow.com/leadershop/images/9781250408181.jpg,https://amzn.to/4hA3qG5,False
EDITION00328,BOOK01275,412,9781250623768,9781250623768,9781250623768,Valid ISBN-13,St. Martin's Griffin,2024-05-07,2024,Paperback,384.0,,https://www.leadershipnow.com/leadershop/images/9781250623768.jpg,https://amzn.to/3Qg6jzh,False
EDITION00329,BOOK01276,752,9781250789400,9781250789400,9781250789400,Invalid check digit,Flatiron Books,2023-03-07,2023,Hardcover,304.0,,https://www.leadershipnow.com/leadershop/images/9781250789400.jpg,https://amzn.to/3tdOuoK,False
EDITION00330,BOOK01277,790,9781250792952,9781250792952,9781250792952,Valid ISBN-13,Flatiron Books,2023-02-07,2023,Hardcover,320.0,,https://www.leadershipnow.com/leadershop/images/9781250792952.jpg,https://amzn.to/3kxJhXQ,False
EDITION00331,BOOK01278,344,9781250801722,9781250801722,9781250801722,Valid ISBN-13,Henry Holt and Co.,2024-09-17,2024,Hardcover,732.0,,https://www.leadershipnow.com/leadershop/images/9781250801722.jpg,https://amzn.to/47g8Gd1,False
EDITION00332,BOOK01279,916,9781250805959,9781250805959,9781250805959,Valid ISBN-13,Flatiron Books,2022-09-13,2022,Hardcover,288.0,,https://www.leadershipnow.com/leadershop/images/9781250805959.jpg,https://amzn.to/3zWUarj,False
EDITION00333,BOOK01280,644,9781250838155,9781250838155,9781250838155,Valid ISBN-13,Flatiron Books,2023-08-15,2023,Hardcover,256.0,,https://www.leadershipnow.com/leadershop/images/9781250838155.jpg,https://amzn.to/3oBQTLj,False
EDITION00334,BOOK01281,757,9781250850347,9781250850347,9781250850347,Invalid check digit,Henry Holt and Co.,2023-03-07,2023,Hardcover,272.0,,https://www.leadershipnow.com/leadershop/images/9781250850347.jpg,https://amzn.to/3xLgDpB,False
EDITION00335,BOOK01282,587,9781250852038,9781250852038,9781250852038,Valid ISBN-13,Henry Holt and Co.,2023-10-10,2023,Hardcover,256.0,,https://www.leadershipnow.com/leadershop/images/9781250852038.jpg,https://amzn.to/3Z13oOj,False
EDITION00336,BOOK01283,865,9781250853479,9781250853479,9781250853479,Valid ISBN-13,Henry Holt and Co.,2022-11-15,2022,Hardcover,,,https://www.leadershipnow.com/leadershop/images/9781250853479.jpg,https://amzn.to/3PE91N6,True
EDITION00337,BOOK01284,1080,9781260463255,9781260463255,9781260463255,Valid ISBN-13,McGraw-Hill Education,2022-02-08,2022,Hardcover,448.0,,https://www.leadershipnow.com/leadershop/images/9781260463255.jpg,https://amzn.to/3yQ6LZW,False
EDITION00338,BOOK01285,1124,9781260474978,9781260474978,9781260474978,Valid ISBN-13,McGraw Hill,2022-01-27,2022,Hardcover,320.0,,https://www.leadershipnow.com/leadershop/images/9781260474978.jpg,https://amzn.to/3eBk4pn,False
EDITION00339,BOOK01286,1090,9781264258987,9781264258987,9781264258987,Valid ISBN-13,McGraw-Hill Education,2022-02-22,2022,Hardcover,272.0,,https://www.leadershipnow.com/leadershop/images/9781264258987.jpg,https://amzn.to/3scXbxA,False
EDITION00340,BOOK01287,1084,9781264268566,9781264268566,9781264268566,Valid ISBN-13,McGraw Hill,2022-02-15,2022,Hardcover,352.0,,https://www.leadershipnow.com/leadershop/images/9781264268566.jpg,https://amzn.to/3ylF500,False
EDITION00341,BOOK01288,1122,9781264269099,9781264269099,9781264269099,Valid ISBN-13,McGraw Hill,2022-01-25,2022,Hardcover,240.0,,https://www.leadershipnow.com/leadershop/images/9781264269099.jpg,https://amzn.to/3LBfJ4f,False
EDITION00342,BOOK01289,1079,9781264269112,9781264269112,9781264269112,Valid ISBN-13,McGraw Hill,2022-02-08,2022,Hardcover,256.0,,https://www.leadershipnow.com/leadershop/images/9781264269112.jpg,https://amzn.to/30TsdC4,False
EDITION00343,BOOK01290,835,9781264269228,9781264269228,9781264269228,Valid ISBN-13,McGraw-Hill,2023-01-31,2023,Hardcover,288.0,,https://www.leadershipnow.com/leadershop/images/9781264269228.jpg,https://amzn.to/3yws59S,False
EDITION00344,BOOK01291,1118,9781264269785,9781264269785,9781264269785,Valid ISBN-13,McGraw Hill,2022-01-25,2022,Hardcover,256.0,,https://www.leadershipnow.com/leadershop/images/9781264269785.jpg,https://amzn.to/32BuouM,False
EDITION00345,BOOK01292,1057,9781264277506,9781264277506,9781264277506,Valid ISBN-13,McGraw Hill,2022-03-10,2022,Hardcover,336.0,,https://www.leadershipnow.com/leadershop/images/9781264277506.jpg,https://amzn.to/363vZeB,False
EDITION00346,BOOK01293,860,9781264277995,9781264277995,9781264277995,Valid ISBN-13,McGraw Hill,2022-11-08,2022,Hardcover,320.0,,https://www.leadershipnow.com/leadershop/images/9781264277995.jpg,https://amzn.to/3O51XIZ,False
EDITION00347,BOOK01294,848,9781264278152,9781264278152,9781264278152,Valid ISBN-13,McGraw Hill,2022-12-26,2022,Hardcover,320.0,,https://www.leadershipnow.com/leadershop/images/9781264278152.jpg,https://amzn.to/3UkIK7M,False
EDITION00348,BOOK01295,913,9781264285402,9781264285402,9781264285402,Valid ISBN-13,McGraw Hill,2022-09-06,2022,Hardcover,256.0,,https://www.leadershipnow.com/leadershop/images/9781264285402.jpg,https://amzn.to/3DFfbJB,False
EDITION00349,BOOK01296,1036,9781264286355,9781264286355,9781264286355,Valid ISBN-13,McGraw Hill,2022-04-12,2022,Hardcover,240.0,,https://www.leadershipnow.com/leadershop/images/9781264286355.jpg,https://amzn.to/3i2u64c,False
EDITION00350,BOOK01297,898,9781264573585,9781264573585,9781264573585,Valid ISBN-13,McGraw Hill,2022-10-19,2022,Paperback,256.0,,https://www.leadershipnow.com/leadershop/images/9781264573585.jpg,https://amzn.to/3Gpee9C,False
EDITION00351,BOOK01298,747,9781264609598,9781264609598,9781264609598,Valid ISBN-13,McGraw Hill,2023-04-25,2023,Hardcover,304.0,,https://www.leadershipnow.com/leadershop/images/9781264609598.jpg,https://amzn.to/3oag5b9,False
EDITION00352,BOOK01299,841,9781264669158,9781264669158,9781264669158,Valid ISBN-13,McGraw Hill,2022-12-06,2022,Hardcover,224.0,,https://www.leadershipnow.com/leadershop/images/9781264669158.jpg,https://amzn.to/3Vd92dr,False
EDITION00353,BOOK01300,669,9781265086947,9781265086947,9781265086947,Valid ISBN-13,McGraw Hill,2023-07-13,2023,Hardcover,208.0,,https://www.leadershipnow.com/leadershop/images/9781265086947.jpg,https://amzn.to/3Q4pdKz,False
EDITION00354,BOOK01301,533,9781265386672,9781265386672,9781265386672,Valid ISBN-13,McGraw Hill,2023-12-01,2023,Hardcover,320.0,,https://www.leadershipnow.com/leadershop/images/9781265386672.jpg,https://amzn.to/46ph4oa,False
EDITION00355,BOOK01302,559,9781265506391,9781265506391,9781265506391,Valid ISBN-13,McGraw Hill,2023-11-14,2023,Hardcover,256.0,,https://www.leadershipnow.com/leadershop/images/9781265506391.jpg,https://amzn.to/3Y2tTm6,False
EDITION00356,BOOK01303,121,9781324003526,9781324003526,9781324003526,Valid ISBN-13,W. W. Norton & Company,2025-06-03,2025,Hardcover,368.0,,https://www.leadershipnow.com/leadershop/images/9781324003526.jpg,https://amzn.to/4js3mZ8,False
EDITION00357,BOOK01304,60,9781324051978,9781324051978,9781324051978,Valid ISBN-13,W. W. Norton & Company,2025-09-09,2025,Hardcover,384.0,,https://www.leadershipnow.com/leadershop/images/9781324051978.jpg,https://amzn.to/4dHQYSO,False
EDITION00358,BOOK01305,577,9781324074335,9781324074335,9781324074335,Valid ISBN-13,W. W. Norton & Company,2023-10-03,2023,Hardcover,288.0,,https://www.leadershipnow.com/leadershop/images/9781324074335.jpg,https://amzn.to/3JP0AgV,False
EDITION00359,BOOK01306,151,9781324075967,9781324075967,9781324075967,Valid ISBN-13,W. W. Norton & Company,2025-05-20,2025,Hardcover,384.0,,https://www.leadershipnow.com/leadershop/images/9781324075967.jpg,https://amzn.to/4iylvDj,False
EDITION00360,BOOK01307,351,9781324079323,9781324079323,9781324079323,Valid ISBN-13,W. W. Norton & Company,2024-08-06,2024,Hardcover,288.0,,https://www.leadershipnow.com/leadershop/images/9781324079323.jpg,https://amzn.to/3VlqopP,False
EDITION00361,BOOK01308,261,9781324086710,9781324086710,9781324086710,Valid ISBN-13,W. W. Norton & Company,2024-12-10,2024,Hardcover,272.0,,https://www.leadershipnow.com/leadershop/images/9781324086710.jpg,https://amzn.to/3U0zXL4,False
EDITION00362,BOOK01309,965,9781324092032,9781324092032,9781324092032,Valid ISBN-13,Threshold Editions / Simon & Schuster,2022-07-19,2022,Hardcover,384.0,,https://www.leadershipnow.com/leadershop/images/9781324092032.jpg,https://amzn.to/39y22oJ,False
EDITION00363,BOOK01310,180,9781324106111,9781324106111,9781324106111,Valid ISBN-13,W. W. Norton & Company,2025-03-04,2025,Hardcover,336.0,,https://www.leadershipnow.com/leadershop/images/9781324106111.jpg,https://amzn.to/3OL7RR1,False
EDITION00364,BOOK01311,522,9781335007117,9781335007117,9781335007117,Valid ISBN-13,Hanover Square Press,2024-01-09,2024,Hardcover,384.0,,https://www.leadershipnow.com/leadershop/images/9781335007117.jpg,https://amzn.to/47izTtF,False
EDITION00365,BOOK01312,48,9781335250995,9781335250995,9781335250995,Valid ISBN-13,Hanover Square Press,2025-10-21,2025,Hardcover,448.0,,https://www.leadershipnow.com/leadershop/images/9781335250995.jpg,https://amzn.to/4nM1fSG,False
EDITION00366,BOOK01313,347,9781368101035,9781368101035,9781368101035,Valid ISBN-13,Disney Editions,2024-09-24,2024,Hardcover,448.0,,https://www.leadershipnow.com/leadershop/images/9781368101035.jpg,https://amzn.to/3z1LIt9,False
EDITION00367,BOOK01314,553,9781394150533,9781394150533,9781394150533,Valid ISBN-13,Wiley,2023-11-07,2023,Hardcover,224.0,,https://www.leadershipnow.com/leadershop/images/9781394150533.jpg,https://amzn.to/3tvR7pg,False
EDITION00368,BOOK01315,767,9781394152353,9781394152353,9781394152353,Valid ISBN-13,Wiley,2023-03-08,2023,Hardcover,240.0,,https://www.leadershipnow.com/leadershop/images/9781394152353.jpg,https://amzn.to/43JZlqL,False
EDITION00369,BOOK01316,631,9781394152933,9781394152933,9781394152933,Valid ISBN-13,Wiley,2023-09-26,2023,Hardcover,256.0,,https://www.leadershipnow.com/leadershop/images/9781394152933.jpg,https://amzn.to/45Ip30J,False
EDITION00370,BOOK01317,832,9781394153015,9781394153015,9781394153015,Valid ISBN-13,Wiley,2023-01-25,2023,Hardcover,240.0,,https://www.leadershipnow.com/leadershop/images/9781394153015.jpg,https://amzn.to/3YQYhis,False
EDITION00371,BOOK01318,645,9781394157853,9781394157853,9781394157853,Valid ISBN-13,Wiley,2023-08-15,2023,Hardcover,272.0,,https://www.leadershipnow.com/leadershop/images/9781394157853.jpg,https://amzn.to/3MHaguf,False
EDITION00372,BOOK01319,780,9781394158409,9781394158409,9781394158409,Valid ISBN-13,Wiley,2023-03-28,2023,Hardcover,242.0,,https://www.leadershipnow.com/leadershop/images/9781394158409.jpg,https://amzn.to/3GdaGXG,False
EDITION00373,BOOK01320,845,9781394159741,9781394159741,9781394159741,Valid ISBN-13,Wiley,2022-12-08,2022,Hardcover,256.0,,https://www.leadershipnow.com/leadershop/images/9781394159741.jpg,https://amzn.to/3fZFY9S,False
EDITION00374,BOOK01321,711,9781394160945,9781394160945,9781394160945,Valid ISBN-13,Wiley,2023-05-09,2023,Hardcover,256.0,,https://www.leadershipnow.com/leadershop/images/9781394160945.jpg,https://amzn.to/3O04sMU,False
EDITION00375,BOOK01322,541,9781394169856,9781394169856,9781394169856,Valid ISBN-13,Wiley,2023-12-07,2023,Hardcover,272.0,,https://www.leadershipnow.com/leadershop/images/9781394169856.jpg,https://amzn.to/472s7VA,False
EDITION00376,BOOK01323,789,9781394171385,9781394171385,9781394171385,Valid ISBN-13,Wiley,2023-02-07,2023,Hardcover,128.0,,https://www.leadershipnow.com/leadershop/images/9781394171385.jpg,https://amzn.to/3hGjs6B,False
EDITION00377,BOOK01324,656,9781394171736,9781394171736,9781394171736,Valid ISBN-13,Wiley,2023-08-28,2023,Hardcover,256.0,,https://www.leadershipnow.com/leadershop/images/9781394171736.jpg,https://amzn.to/3K59gQu,False
EDITION00378,BOOK01325,618,9781394171798,9781394171798,9781394171798,Valid ISBN-13,Wiley,2023-09-13,2023,Hardcover,272.0,,https://www.leadershipnow.com/leadershop/images/9781394171798.jpg,https://amzn.to/3MMMz46,False
EDITION00379,BOOK01326,571,9781394171828,9781394171828,9781394171828,Valid ISBN-13,Wiley,2023-10-03,2023,Hardcover,272.0,,https://www.leadershipnow.com/leadershop/images/9781394171828.jpg,https://amzn.to/3OWwnQg,False
EDITION00380,BOOK01327,668,9781394174072,9781394174072,9781394174072,Valid ISBN-13,Wiley,2023-07-13,2023,Hardcover,288.0,,https://www.leadershipnow.com/leadershop/images/9781394174072.jpg,https://amzn.to/3P2MQmf,False
EDITION00381,BOOK01328,582,9781394177097,9781394177097,9781394177097,Valid ISBN-13,Wiley,2023-10-04,2023,Hardcover,272.0,,https://www.leadershipnow.com/leadershop/images/9781394177097.jpg,https://amzn.to/3XIBIgj,False
EDITION00382,BOOK01329,568,9781394181292,9781394181292,9781394181292,Valid ISBN-13,Wiley,2023-11-30,2023,Hardcover,288.0,,https://www.leadershipnow.com/leadershop/images/9781394181292.jpg,https://amzn.to/3tSvKih,False
EDITION00383,BOOK01330,646,9781394182107,9781394182107,9781394182107,Valid ISBN-13,Wiley,2023-08-15,2023,Hardcover,224.0,,https://www.leadershipnow.com/leadershop/images/9781394182107.jpg,https://amzn.to/45CC2AN,False
EDITION00384,BOOK01331,609,9781394184026,9781394184026,9781394184026,Valid ISBN-13,Wiley,2023-09-06,2023,Hardcover,272.0,,https://www.leadershipnow.com/leadershop/images/9781394184026.jpg,https://amzn.to/3Zg7BO7,False
EDITION00385,BOOK01332,783,9781394185382,9781394185382,9781394185382,Valid ISBN-13,Wiley,2023-03-28,2023,Hardcover,256.0,,https://www.leadershipnow.com/leadershop/images/9781394185382.jpg,https://amzn.to/3g5ihgvB,False
EDITION00386,BOOK01333,417,9781394187171,9781394187171,9781394187171,Valid ISBN-13,Wiley,2024-05-07,2024,Hardcover,112.0,,https://www.leadershipnow.com/leadershop/images/9781394187171.jpg,https://amzn.to/4bdvWc9,False
EDITION00387,BOOK01334,323,9781394192601,9781394192601,9781394192601,Valid ISBN-13,Wiley,2024-09-04,2024,Hardcover,240.0,,https://www.leadershipnow.com/leadershop/images/9781394192601.jpg,https://amzn.to/3M0g1TS,False
EDITION00388,BOOK01335,472,9781394196180,9781394196180,9781394196180,Valid ISBN-13,Wiley,2024-03-06,2024,Hardcover,320.0,,https://www.leadershipnow.com/leadershop/images/9781394196180.jpg,https://amzn.to/49U8d01,False
EDITION00389,BOOK01336,383,9781394198566,9781394198566,9781394198566,Valid ISBN-13,Wiley,2024-07-23,2024,Hardcover,256.0,,https://www.leadershipnow.com/leadershop/images/9781394198566.jpg,https://amzn.to/3XHt2sS,False
EDITION00390,BOOK01337,305,9781394198597,9781394198597,9781394198597,Valid ISBN-13,Wiley,2024-10-15,2024,Hardcover,304.0,,https://www.leadershipnow.com/leadershop/images/9781394198597.jpg,https://amzn.to/3WDNjgA,False
EDITION00391,BOOK01338,697,9781394207114,9781394207114,9781394207114,Valid ISBN-13,Wiley,2023-06-21,2023,Hardcover,400.0,,https://www.leadershipnow.com/leadershop/images/9781394207114.jpg,https://amzn.to/3NpwWBy,False
EDITION00392,BOOK01339,544,9781394208654,9781394208654,9781394208654,Valid ISBN-13,Wiley,2023-12-18,2023,Hardcover,352.0,,https://www.leadershipnow.com/leadershop/images/9781394208654.jpg,https://amzn.to/46Dovt5,False
EDITION00393,BOOK01340,453,9781394213153,9781394213153,9781394213153,Valid ISBN-13,Wiley,2024-04-16,2024,Hardcover,256.0,,https://www.leadershipnow.com/leadershop/images/9781394213153.jpg,https://amzn.to/3THmYOG,False
EDITION00394,BOOK01341,455,9781394219988,9781394219988,9781394219988,Valid ISBN-13,Wiley,2024-04-16,2024,Hardcover,224.0,,https://www.leadershipnow.com/leadershop/images/9781394219988.jpg,https://amzn.to/3TCRtnB,False
EDITION00395,BOOK01342,292,9781394219995,9781394219995,9781394219995,Valid ISBN-13,Jossey-Bass,2024-10-01,2024,Hardcover,256.0,,https://www.leadershipnow.com/leadershop/images/9781394219995.jpg,https://amzn.to/3Bdf2xA,False
EDITION00396,BOOK01343,216,9781394220892,9781394220892,9781394220892,Valid ISBN-13,Wiley,2025-02-11,2025,Hardcover,256.0,,https://www.leadershipnow.com/leadershop/images/9781394220892.jpg,https://amzn.to/4iKqT7t,False
EDITION00397,BOOK01344,509,9781394223381,9781394223381,9781394223381,Valid ISBN-13,Wiley,2024-02-28,2024,Hardcover,304.0,,https://www.leadershipnow.com/leadershop/images/9781394223381.jpg,https://amzn.to/498Gx7g,False
EDITION00398,BOOK01345,458,9781394230020,9781394230020,9781394230020,Valid ISBN-13,Wiley,2024-04-23,2024,Paperback,240.0,,https://www.leadershipnow.com/leadershop/images/9781394230020.jpg,https://amzn.to/4abpUZv,False
EDITION00399,BOOK01346,380,9781394234479,9781394234479,9781394234479,Valid ISBN-13,Wiley,2024-07-23,2024,Paperback,176.0,,https://www.leadershipnow.com/leadershop/images/9781394234479.jpg,https://amzn.to/4cFqD6i,False
EDITION00400,BOOK01347,353,9781394238705,9781394238705,9781394238705,Valid ISBN-13,Wiley,2024-08-06,2024,Hardcover,240.0,,https://www.leadershipnow.com/leadershop/images/9781394238705.jpg,https://amzn.to/3YlgZS8,False
EDITION00401,BOOK01348,555,9781394239276,9781394239276,9781394239276,Valid ISBN-13,Wiley,2023-11-07,2023,Hardcover,304.0,,https://www.leadershipnow.com/leadershop/images/9781394239276.jpg,https://amzn.to/4arPIkK,False
EDITION00402,BOOK01349,440,9781394243228,9781394243228,9781394243228,Valid ISBN-13,Wiley,2024-04-02,2024,Hardcover,240.0,,https://www.leadershipnow.com/leadershop/images/9781394243228.jpg,https://amzn.to/3PL0TvY,False
EDITION00403,BOOK01350,414,9781394244348,9781394244348,9781394244348,Valid ISBN-13,Wiley,2024-05-07,2024,Hardcover,272.0,,https://www.leadershipnow.com/leadershop/images/9781394244348.jpg,https://amzn.to/3QnmBXj,False
EDITION00404,BOOK01351,470,9781394245222,9781394245222,9781394245222,Valid ISBN-13,Wiley,2024-03-06,2024,Hardcover,224.0,,https://www.leadershipnow.com/leadershop/images/9781394245222.jpg,https://amzn.to/3u5KU4d,False
EDITION00405,BOOK01352,322,9781394247660,9781394247660,9781394247660,Valid ISBN-13,Wiley,2024-09-04,2024,Hardcover,240.0,,https://www.leadershipnow.com/leadershop/images/9781394247660.jpg,https://amzn.to/3AMTdVm,False
EDITION00406,BOOK01353,300,9781394248162,9781394248162,9781394248162,Valid ISBN-13,Wiley,2024-10-08,2024,Hardcover,224.0,,https://www.leadershipnow.com/leadershop/images/9781394248162.jpg,https://amzn.to/4gd14vV,False
EDITION00407,BOOK01354,365,9781394248285,9781394248285,9781394248285,Valid ISBN-13,Wiley,2024-08-27,2024,Hardcover,336.0,,https://www.leadershipnow.com/leadershop/images/9781394248285.jpg,https://amzn.to/3WFv4bN,False
EDITION00408,BOOK01355,268,9781394252206,9781394252206,9781394252206,Valid ISBN-13,Wiley,2024-11-04,2024,Hardcover,272.0,,https://www.leadershipnow.com/leadershop/images/9781394252206.jpg,https://amzn.to/3yjRjLj,False
EDITION00409,BOOK01356,390,9781394254262,9781394254262,9781394254262,Valid ISBN-13,Wiley,2024-06-05,2024,Paperback,464.0,,https://www.leadershipnow.com/leadershop/images/9781394254262.jpg,https://amzn.to/3V4rqYt,False
EDITION00410,BOOK01357,194,9781394254910,9781394254910,9781394254910,Valid ISBN-13,Wiley,2025-03-25,2025,Paperback,240.0,,https://www.leadershipnow.com/leadershop/images/9781394254910.jpg,https://amzn.to/4gGlrAq,False
EDITION00411,BOOK01358,336,9781394264407,9781394264407,9781394264407,Valid ISBN-13,Wiley,2024-09-11,2024,Hardcover,304.0,,https://www.leadershipnow.com/leadershop/images/9781394264407.jpg,https://amzn.to/3y8eNmr,False
EDITION00412,BOOK01359,315,9781394264469,9781394264469,9781394264469,Valid ISBN-13,Wiley,2024-10-29,2024,Hardcover,224.0,,https://www.leadershipnow.com/leadershop/images/9781394264469.jpg,https://amzn.to/3MqEFgW,False
EDITION00413,BOOK01360,246,9781394264490,9781394264490,9781394264490,Valid ISBN-13,Wiley,2025-01-22,2025,Paperback,256.0,,https://www.leadershipnow.com/leadershop/images/9781394264490.jpg,https://amzn.to/3RFQphZ,False
EDITION00414,BOOK01361,302,9781394267026,9781394267026,9781394267026,Valid ISBN-13,Wiley,2024-10-08,2024,Hardcover,224.0,,https://www.leadershipnow.com/leadershop/images/9781394267026.jpg,https://amzn.to/4fGsHgc,False
EDITION00415,BOOK01362,280,9781394267118,9781394267118,9781394267118,Valid ISBN-13,Wiley,2024-11-12,2024,Hardcover,240.0,,https://www.leadershipnow.com/leadershop/images/9781394267118.jpg,https://amzn.to/3AGVu4r,False
EDITION00416,BOOK01363,269,9781394271320,9781394271320,9781394271320,Valid ISBN-13,Wiley,2024-11-05,2024,Hardcover,256.0,,https://www.leadershipnow.com/leadershop/images/9781394271320.jpg,https://amzn.to/4gA4tEp,False
EDITION00417,BOOK01364,355,9781394274833,9781394274833,9781394274833,Valid ISBN-13,Wiley,2024-08-13,2024,Hardcover,256.0,,https://www.leadershipnow.com/leadershop/images/9781394274833.jpg,https://amzn.to/3K2OSyV,False
EDITION00418,BOOK01365,244,9781394276585,9781394276585,9781394276585,Valid ISBN-13,Wiley,2025-01-22,2025,Hardcover,240.0,,https://www.leadershipnow.com/leadershop/images/9781394276585.jpg,https://amzn.to/3B22j0x,False
EDITION00419,BOOK01366,209,9781394277728,9781394277728,9781394277728,Valid ISBN-13,Wiley,2025-02-05,2025,Hardcover,256.0,,https://www.leadershipnow.com/leadershop/images/9781394277728.jpg,https://amzn.to/3OfDEJl,False
EDITION00420,BOOK01367,260,9781394279029,9781394279029,9781394279029,Valid ISBN-13,Wiley,2024-12-05,2024,Hardcover,272.0,,https://www.leadershipnow.com/leadershop/images/9781394279029.jpg,https://amzn.to/3M5Dwei,False
EDITION00421,BOOK01368,171,9781394281725,9781394281725,9781394281725,Valid ISBN-13,Wiley,2025-04-22,2025,Hardcover,256.0,,https://www.leadershipnow.com/leadershop/images/9781394281725.jpg,https://amzn.to/3VJdp20,False
EDITION00422,BOOK01369,167,9781394282784,9781394282784,9781394282784,Valid ISBN-13,Wiley,2025-04-15,2025,Hardcover,288.0,,https://www.leadershipnow.com/leadershop/images/9781394282784.jpg,https://amzn.to/4cbQrYw,False
EDITION00423,BOOK01370,213,9781394283378,9781394283378,9781394283378,Valid ISBN-13,Wiley,2025-02-11,2025,Hardcover,272.0,,https://www.leadershipnow.com/leadershop/images/9781394283378.jpg,https://amzn.to/40FK1eX,False
EDITION00424,BOOK01371,245,9781394283408,9781394283408,9781394283408,Valid ISBN-13,Wiley,2025-01-22,2025,Hardcover,240.0,,https://www.leadershipnow.com/leadershop/images/9781394283408.jpg,https://amzn.to/4dX7kWX,False
EDITION00425,BOOK01372,283,9781394285778,9781394285778,9781394285778,Valid ISBN-13,Wiley,2024-11-13,2024,Hardcover,352.0,,https://www.leadershipnow.com/leadershop/images/9781394285778.jpg,https://amzn.to/3CMgNT7,False
EDITION00426,BOOK01373,340,9781394288762,9781394288762,9781394288762,Valid ISBN-13,Wiley,2024-09-17,2024,Hardcover,256.0,,https://www.leadershipnow.com/leadershop/images/9781394288762.jpg,https://amzn.to/4d2Y2bH,False
EDITION00427,BOOK01374,208,9781394289387,9781394289387,9781394289387,Valid ISBN-13,Wiley,2025-02-05,2025,Hardcover,256.0,,https://www.leadershipnow.com/leadershop/images/9781394289387.jpg,https://amzn.to/3EUJSNi,False
EDITION00428,BOOK01375,198,9781394292011,9781394292011,9781394292011,Valid ISBN-13,Wiley,2025-03-25,2025,Hardcover,288.0,,https://www.leadershipnow.com/leadershop/images/9781394292011.jpg,https://amzn.to/3F6XIw5,False
EDITION00429,BOOK01376,186,9781394295210,9781394295210,9781394295210,Valid ISBN-13,Wiley,2025-03-05,2025,Hardcover,224.0,,https://www.leadershipnow.com/leadershop/images/9781394295210.jpg,https://amzn.to/4ija6rt,False
EDITION00430,BOOK01377,252,9781394296422,9781394296422,9781394296422,Valid ISBN-13,Wiley,2025-01-29,2025,Hardcover,272.0,,https://www.leadershipnow.com/leadershop/images/9781394296422.jpg,https://amzn.to/4hiEVwd,False
EDITION00431,BOOK01378,31,9781394304530,9781394304530,9781394304530,Valid ISBN-13,Wiley,2025-10-07,2025,Hardcover,256.0,,https://www.leadershipnow.com/leadershop/images/9781394304530.jpg,https://amzn.to/4kCnHvC,False
EDITION00432,BOOK01379,135,9781394308859,9781394308859,9781394308859,Valid ISBN-13,Wiley,2025-05-06,2025,Hardcover,256.0,,https://www.leadershipnow.com/leadershop/images/9781394308859.jpg,https://amzn.to/4gtdWgV,False
EDITION00433,BOOK01380,132,9781394308880,9781394308880,9781394308880,Valid ISBN-13,Wiley,2025-06-24,2025,Hardcover,304.0,,https://www.leadershipnow.com/leadershop/images/9781394308880.jpg,https://amzn.to/4cRFXOc,False
EDITION00434,BOOK01381,212,9781394308910,9781394308910,9781394308910,Valid ISBN-13,Wiley,2025-02-11,2025,Hardcover,240.0,,https://www.leadershipnow.com/leadershop/images/9781394308910.jpg,https://amzn.to/4fQS9Qe,False
EDITION00435,BOOK01382,8,9781394313709,9781394313709,9781394313709,Valid ISBN-13,Wiley,2025-12-09,2025,Hardcover,252.0,,https://www.leadershipnow.com/leadershop/images/9781394313709.jpg,https://amzn.to/4mBo7SR,False
EDITION00436,BOOK01383,75,9781394316489,9781394316489,9781394316489,Valid ISBN-13,Wiley,2025-09-30,2025,Hardcover,240.0,,https://www.leadershipnow.com/leadershop/images/9781394316489.jpg,https://amzn.to/3XrD53Y,False
EDITION00437,BOOK01384,155,9781394320127,9781394320127,9781394320127,Valid ISBN-13,Wiley,2025-04-01,2025,Hardcover,256.0,,https://www.leadershipnow.com/leadershop/images/9781394320127.jpg,https://amzn.to/4iQJa2I,False
EDITION00438,BOOK01385,71,9781394326730,9781394326730,9781394326730,Valid ISBN-13,Wiley,2025-09-23,2025,Hardcover,288.0,,https://www.leadershipnow.com/leadershop/images/9781394326730.jpg,https://amzn.to/4727nj7,False
EDITION00439,BOOK01386,162,9781394331581,9781394331581,9781394331581,Valid ISBN-13,Wiley,2025-04-08,2025,Hardcover,256.0,,https://www.leadershipnow.com/leadershop/images/9781394331581.jpg,https://amzn.to/4f5A4N7,False
EDITION00440,BOOK01387,63,9781394338276,9781394338276,9781394338276,Valid ISBN-13,Wiley,2025-09-15,2025,Hardcover,288.0,,https://www.leadershipnow.com/leadershop/images/9781394338276.jpg,https://amzn.to/4nSWSo6,False
EDITION00441,BOOK01388,26,9781394339792,9781394339792,9781394339792,Valid ISBN-13,Wiley,2025-11-12,2025,Hardcover,256.0,,https://www.leadershipnow.com/leadershop/images/9781394339792.jpg,https://amzn.to/46TpyYi,False
EDITION00442,BOOK01389,51,9781394340965,9781394340965,9781394340965,Valid ISBN-13,Wiley,2025-10-28,2025,Hardcover,192.0,,https://www.leadershipnow.com/leadershop/images/9781394340965.jpg,https://amzn.to/48yMywW,False
EDITION00443,BOOK01390,99,9781394344864,9781394344864,9781394344864,Valid ISBN-13,Wiley,2025-07-08,2025,Hardcover,384.0,,https://www.leadershipnow.com/leadershop/images/9781394344864.jpg,https://amzn.to/3Fg3w7g,False
EDITION00444,BOOK01391,102,9781394351510,9781394351510,9781394351510,Valid ISBN-13,Wiley,2025-07-16,2025,Hardcover,272.0,,https://www.leadershipnow.com/leadershop/images/9781394351510.jpg,https://amzn.to/3Hv3Hw3,False
EDITION00445,BOOK01392,27,9781394367757,9781394367757,9781394367757,Valid ISBN-13,Wiley,2025-11-12,2025,Hardcover,256.0,,https://www.leadershipnow.com/leadershop/images/9781394367757.jpg,https://amzn.to/3HqAG4U,False
EDITION00446,BOOK01393,65,9781394374991,9781394374991,9781394374991,Valid ISBN-13,Basic Venture,2025-09-16,2025,Hardcover,272.0,,https://www.leadershipnow.com/leadershop/images/9781394374991.jpg,https://amzn.to/3SZKuFv,False
EDITION00447,BOOK01394,35,9781394377527,9781394377527,9781394377527,Valid ISBN-13,Wiley,2025-10-07,2025,Hardcover,192.0,,https://www.leadershipnow.com/leadershop/images/9781394377527.jpg,https://amzn.to/3K08OFP,False
EDITION00448,BOOK01395,6,9781394388868,9781394388868,9781394388868,Valid ISBN-13,Wiley,2025-12-09,2025,Hardcover,208.0,,https://www.leadershipnow.com/leadershop/images/9781394388868.jpg,https://amzn.to/3IN7QfL,False
EDITION00449,BOOK01396,1117,9781398602298,9781398602298,9781398602298,Valid ISBN-13,Kogan Page,2022-01-25,2022,Paperback,240.0,,https://www.leadershipnow.com/leadershop/images/9781398602298.jpg,https://amzn.to/3pdESZ4,False
EDITION00450,BOOK01397,995,9781398604926,9781398604926,9781398604926,Valid ISBN-13,Kogan Page,2022-06-28,2022,Paperback,240.0,,https://www.leadershipnow.com/leadershop/images/9781398604926.jpg,https://amzn.to/3EkFuEW,False
EDITION00451,BOOK01398,505,9781398607866,9781398607866,9781398607866,Valid ISBN-13,Kogan Page,2024-02-27,2024,Paperback,280.0,,https://www.leadershipnow.com/leadershop/images/9781398607866.jpg,https://amzn.to/3RYFDmP,False
EDITION00452,BOOK01399,748,9781398609341,9781398609341,9781398609341,Valid ISBN-13,Kogan Page,2023-04-25,2023,Hardcover,240.0,,https://www.leadershipnow.com/leadershop/images/9781398609341.jpg,https://amzn.to/3VADL5iv,False
EDITION00453,BOOK01400,374,9781398615724,9781398615724,9781398615724,Valid ISBN-13,Kogan Page,2024-07-09,2024,Hardcover,296.0,,https://www.leadershipnow.com/leadershop/images/9781398615724.jpg,https://amzn.to/3yZ0twp,False
EDITION00454,BOOK01401,385,9781398618329,9781398618329,9781398618329,Valid ISBN-13,Kogan Page,2024-07-30,2024,Hardcover,256.0,,https://www.leadershipnow.com/leadershop/images/9781398618329.jpg,https://amzn.to/4eVTjd8,False
EDITION00455,BOOK01402,195,9781398619722,9781398619722,9781398619722,Valid ISBN-13,Kogan Page,2025-03-25,2025,Paperback,256.0,,https://www.leadershipnow.com/leadershop/images/9781398619722.jpg,https://amzn.to/3EbWDTS,False
EDITION00456,BOOK01403,824,9781399401807,9781399401807,9781399401807,Valid ISBN-13,Bloomsbury Business,2023-01-17,2023,Hardcover,224.0,,https://www.leadershipnow.com/leadershop/images/9781399401807.jpg,https://amzn.to/3VkIrv3,False
EDITION00457,BOOK01404,640,9781399405171,9781399405171,9781399405171,Valid ISBN-13,Bloomsbury Business,2023-08-08,2023,Hardcover,288.0,,https://www.leadershipnow.com/leadershop/images/9781399405171.jpg,https://amzn.to/3q3BXGm,False
EDITION00458,BOOK01405,542,9781399405478,9781399405478,9781399405478,Valid ISBN-13,Bloomsbury Business,2023-12-12,2023,Hardcover,272.0,,https://www.leadershipnow.com/leadershop/images/9781399405478.jpg,https://amzn.to/46tGbap,False
EDITION00459,BOOK01406,687,9781399405911,9781399405911,9781399405911,Valid ISBN-13,Bloomsbury Continuum,2023-06-13,2023,Hardcover,304.0,,https://www.leadershipnow.com/leadershop/images/9781399405911.jpg,https://amzn.to/3Plc9Ow,False
EDITION00460,BOOK01407,361,9781399408646,9781399408646,9781399408646,Valid ISBN-13,Bloomsbury Continuum,2024-08-20,2024,Hardcover,288.0,,https://www.leadershipnow.com/leadershop/images/9781399408646.jpg,https://amzn.to/4c1gbpu,False
EDITION00461,BOOK01408,445,9781399412711,9781399412711,9781399412711,Valid ISBN-13,Bloomsbury Business,2024-04-02,2024,Hardcover,240.0,,https://www.leadershipnow.com/leadershop/images/9781399412711.jpg,https://amzn.to/3VCLYaX,False
EDITION00462,BOOK01409,288,9781399413251,9781399413251,9781399413251,Valid ISBN-13,Bloomsbury Business,2024-11-26,2024,Hardcover,224.0,,https://www.leadershipnow.com/leadershop/images/9781399413251.jpg,https://amzn.to/3UxqECn,False
EDITION00463,BOOK01410,239,9781399417402,9781399417402,9781399417402,Valid ISBN-13,Bloomsbury Business,2025-01-21,2025,Hardcover,240.0,,https://www.leadershipnow.com/leadershop/images/9781399417402.jpg,https://amzn.to/4bQGbmN,False
EDITION00464,BOOK01411,137,9781399423236,9781399423236,9781399423236,Valid ISBN-13,Bloomsbury Business,2025-05-06,2025,Hardcover,272.0,,https://www.leadershipnow.com/leadershop/images/9781399423236.jpg,https://amzn.to/3VHtkOG,False
EDITION00465,BOOK01412,672,9781399806527,9781399806527,9781399806527,Valid ISBN-13,Nicholas Brealey,2023-07-18,2023,Paperback,256.0,,https://www.leadershipnow.com/leadershop/images/9781399806527.jpg,https://amzn.to/3X90XbC,False
EDITION00466,BOOK01413,494,9781399809795,9781399809795,9781399809795,Valid ISBN-13,Nicholas Brealey,2024-02-13,2024,Hardcover,224.0,,https://www.leadershipnow.com/leadershop/images/9781399809795.jpg,https://amzn.to/4aWD4Kz,False
EDITION00467,BOOK01414,389,9781399812245,9781399812245,9781399812245,Valid ISBN-13,Nicholas Brealey,2024-06-04,2024,Hardcover,288.0,,https://www.leadershipnow.com/leadershop/images/9781399812245.jpg,https://amzn.to/3z0xB7n,False
EDITION00468,BOOK01415,119,9781399825993,9781399825993,9781399825993,Valid ISBN-13,John Murray Business,2025-06-03,2025,Hardcover,256.0,,https://www.leadershipnow.com/leadershop/images/9781399825993.jpg,https://amzn.to/4iHHQhU,False
EDITION00469,BOOK01416,912,9781400067077,9781400067077,9781400067077,Valid ISBN-13,Random House,2022-09-06,2022,Hardcover,448.0,,https://www.leadershipnow.com/leadershop/images/9781400067077.jpg,https://amzn.to/3HZF5rA,False
EDITION00470,BOOK01417,1110,9781400223022,9781400223022,9781400223022,Valid ISBN-13,HarperCollins Leadership,2022-01-18,2022,Hardcover,288.0,,https://www.leadershipnow.com/leadershop/images/9781400223022.jpg,https://amzn.to/3ehGGei,False
EDITION00471,BOOK01418,978,9781400226177,9781400226177,9781400226177,Valid ISBN-13,HarperCollins Leadership,2022-06-07,2022,Hardcover,240.0,,https://www.leadershipnow.com/leadershop/images/9781400226177.jpg,https://amzn.to/3Gntcux,False
EDITION00472,BOOK01419,1003,9781400226672,9781400226672,9781400226672,Valid ISBN-13,HarperCollins Leadership,2022-05-03,2022,Hardcover,224.0,,https://www.leadershipnow.com/leadershop/images/9781400226672.jpg,https://amzn.to/3wFnwcu,False
EDITION00473,BOOK01420,1104,9781400226948,9781400226948,9781400226948,Valid ISBN-13,HarperCollins Leadership,2022-01-11,2022,Hardcover,224.0,,https://www.leadershipnow.com/leadershop/images/9781400226948.jpg,https://amzn.to/3EjAddr,False
EDITION00474,BOOK01421,769,9781400226955,9781400226955,9781400226955,Valid ISBN-13,HarperCollins Leadership,2023-03-14,2023,Hardcover,224.0,,https://www.leadershipnow.com/leadershop/images/9781400226955.jpg,https://amzn.to/3jKxmpn,False
EDITION00475,BOOK01422,478,9781400226962,9781400226962,9781400226962,Valid ISBN-13,HarperCollins Leadership,2024-03-12,2024,Hardcover,256.0,,https://www.leadershipnow.com/leadershop/images/9781400226962.jpg,https://amzn.to/3RXdcG2,False
EDITION00476,BOOK01423,1050,9781400226979,9781400226979,9781400226979,Valid ISBN-13,Thomas Nelson,2022-03-01,2022,Hardcover,256.0,,https://www.leadershipnow.com/leadershop/images/9781400226979.jpg,https://amzn.to/4pFn3Al,False
EDITION00477,BOOK01424,1108,9781400228409,9781400228409,9781400228409,Valid ISBN-13,HarperCollins Leadership,2022-01-11,2022,Hardcover,272.0,,https://www.leadershipnow.com/leadershop/images/9781400228409.jpg,https://amzn.to/3xRXdOR,False
EDITION00478,BOOK01425,831,9781400228850,9781400228850,9781400228850,Valid ISBN-13,HarperCollins Leadership,2023-01-24,2023,Hardcover,376.0,,https://www.leadershipnow.com/leadershop/images/9781400228850.jpg,https://amzn.to/3YoYyJU,False
EDITION00479,BOOK01426,1016,9781400229420,9781400229420,9781400229420,Valid ISBN-13,Thomas Nelson,2022-05-17,2022,Hardcover,240.0,,https://www.leadershipnow.com/leadershop/images/9781400229420.jpg,https://amzn.to/3F0890k,False
EDITION00480,BOOK01427,954,9781400233113,9781400233113,9781400233113,Valid ISBN-13,HarperCollins Leadership,2022-08-30,2022,Paperback,368.0,,https://www.leadershipnow.com/leadershop/images/9781400233113.jpg,https://amzn.to/3z0Dwqs,False
EDITION00481,BOOK01428,664,9781400233830,9781400233830,9781400233830,Valid ISBN-13,HarperCollins Leadership,2023-07-11,2023,Hardcover,240.0,,https://www.leadershipnow.com/leadershop/images/9781400233830.jpg,https://amzn.to/3OTeou0,False
EDITION00482,BOOK01429,795,9781400236725,9781400236725,9781400236725,Valid ISBN-13,HarperCollins Leadership,2023-02-07,2023,Hardcover,320.0,,https://www.leadershipnow.com/leadershop/images/9781400236725.jpg,https://amzn.to/3Ph1MLg,False
EDITION00483,BOOK01430,803,9781400238330,9781400238330,9781400238330,Valid ISBN-13,HarperCollins Leadership,2023-02-14,2023,Hardcover,256.0,,https://www.leadershipnow.com/leadershop/images/9781400238330.jpg,https://amzn.to/3BrxBvm,False
EDITION00484,BOOK01431,549,9781400243785,9781400243785,9781400243785,Valid ISBN-13,HarperCollins Leadership,2023-11-07,2023,Hardcover,272.0,,https://www.leadershipnow.com/leadershop/images/9781400243785.jpg,https://amzn.to/46xEIQd,False
EDITION00485,BOOK01432,585,9781400246212,9781400246212,9781400246212,Valid ISBN-13,HarperCollins Leadership,2023-10-10,2023,Hardcover,272.0,,https://www.leadershipnow.com/leadershop/images/9781400246212.jpg,https://amzn.to/3oNxPd0,False
EDITION00486,BOOK01433,318,9781400246229,9781400246229,9781400246229,Valid ISBN-13,HarperCollins Leadership,2024-09-03,2024,Hardcover,272.0,,https://www.leadershipnow.com/leadershop/images/9781400246229.jpg,https://amzn.to/4g2BwBE,False
EDITION00487,BOOK01434,423,9781400246274,9781400246274,9781400246274,Valid ISBN-13,HarperCollins Leadership,2024-05-14,2024,Paperback,272.0,,https://www.leadershipnow.com/leadershop/images/9781400246274.jpg,https://amzn.to/41ZoRIV,False
EDITION00488,BOOK01435,558,9781400247103,9781400247103,9781400247103,Valid ISBN-13,HarperCollins Leadership,2023-11-14,2023,Hardcover,272.0,,https://www.leadershipnow.com/leadershop/images/9781400247103.jpg,https://amzn.to/44IGYmC,False
EDITION00489,BOOK01436,229,9781400248872,9781400248872,9781400248872,Valid ISBN-13,HarperCollins Leadership,2025-01-07,2025,Hardcover,240.0,,https://www.leadershipnow.com/leadershop/images/9781400248872.jpg,https://amzn.to/47eGpTQ,False
EDITION00490,BOOK01437,200,9781400249305,9781400249305,9781400249305,Valid ISBN-13,HarperCollins Leadership,2025-02-04,2025,Hardcover,304.0,,https://www.leadershipnow.com/leadershop/images/9781400249305.jpg,https://amzn.to/3ZN1cMa,False
EDITION00491,BOOK01438,47,9781400254972,9781400254972,9781400254972,Valid ISBN-13,HarperCollins Leadership,2025-10-21,2025,Hardcover,384.0,,https://www.leadershipnow.com/leadershop/images/9781400254972.jpg,https://amzn.to/4kvn9HO,False
EDITION00492,BOOK01439,21,9781400256044,9781400256044,9781400256044,Valid ISBN-13,HarperCollins Leadership,2025-11-04,2025,Hardcover,352.0,,https://www.leadershipnow.com/leadershop/images/9781400256044.jpg,https://amzn.to/3X8digI,False
EDITION00493,BOOK01440,575,9781400333837,9781400333837,9781400333837,Valid ISBN-13,Harper Horizons,2023-10-03,2023,Hardcover,288.0,,https://www.leadershipnow.com/leadershop/images/9781400333837.jpg,https://amzn.to/44cJlyj,False
EDITION00494,BOOK01441,441,9781400337842,9781400337842,9781400337842,Valid ISBN-13,Thomas Nelson,2024-04-02,2024,Hardcover,288.0,,https://www.leadershipnow.com/leadershop/images/9781400337842.jpg,https://amzn.to/49hydBQ,False
EDITION00495,BOOK01442,191,9781400346929,9781400346929,9781400346929,Valid ISBN-13,HarperCollins Leadership,2025-03-18,2025,Hardcover,208.0,,https://www.leadershipnow.com/leadershop/images/9781400346929.jpg,https://amzn.to/3QB7SaZ,False
EDITION00496,BOOK01443,854,9781401960100,9781401960100,9781401960100,Valid ISBN-13,Hay House Business,2022-11-01,2022,Hardcover,257.0,,https://www.leadershipnow.com/leadershop/images/9781401960100.jpg,https://amzn.to/3f7VH5U,False
EDITION00497,BOOK01444,988,9781401967574,9781401967574,9781401967574,Valid ISBN-13,Hay House Business,2022-06-14,2022,Hardcover,256.0,,https://www.leadershipnow.com/leadershop/images/9781401967574.jpg,https://amzn.to/3N6eevl,False
EDITION00498,BOOK01445,110,9781401967635,9781401967635,9781401967635,Valid ISBN-13,Hay House Business,2025-07-29,2025,Hardcover,256.0,,https://www.leadershipnow.com/leadershop/images/9781401967635.jpg,https://amzn.to/3HfYg48,False
EDITION00499,BOOK01446,817,9781401967680,9781401967680,9781401967680,Valid ISBN-13,Hay House Business,2023-01-10,2023,Hardcover,232.0,,https://www.leadershipnow.com/leadershop/images/9781401967680.jpg,https://amzn.to/3GwzKJ1,False
EDITION00500,BOOK01447,564,9781401968717,9781401968717,9781401968717,Valid ISBN-13,Hay House Inc,2023-11-14,2023,Hardcover,448.0,,https://www.leadershipnow.com/leadershop/images/9781401968717.jpg,https://amzn.to/3NAWtHf,False
EDITION00501,BOOK01448,713,9781401969950,9781401969950,9781401969950,Valid ISBN-13,Hay House Business,2023-05-09,2023,Hardcover,257.0,,https://www.leadershipnow.com/leadershop/images/9781401969950.jpg,https://amzn.to/442ZAxZ,False
EDITION00502,BOOK01449,614,9781401972530,9781401972530,9781401972530,Valid ISBN-13,Hay House Inc.,2023-09-12,2023,Hardcover,256.0,,https://www.leadershipnow.com/leadershop/images/9781401972530.jpg,https://amzn.to/3MZNjUI,False
EDITION00503,BOOK01450,467,9781401973162,9781401973162,9781401973162,Valid ISBN-13,Hay House Inc.,2024-03-05,2024,Hardcover,216.0,,https://www.leadershipnow.com/leadershop/images/9781401973162.jpg,https://amzn.to/49OntMx,False
EDITION00504,BOOK01451,24,9781401975425,9781401975425,9781401975425,Valid ISBN-13,Hay House Business,2025-11-11,2025,Hardcover,240.0,,https://www.leadershipnow.com/leadershop/images/9781401975425.jpg,https://amzn.to/3J5BFsp,False
EDITION00505,BOOK01452,339,9781401977313,9781401977313,9781401977313,Valid ISBN-13,Hay House LLC,2024-09-17,2024,Hardcover,400.0,,https://www.leadershipnow.com/leadershop/images/9781401977313.jpg,https://amzn.to/3zsrOY6,False
EDITION00506,BOOK01453,399,9781401977542,9781401977542,9781401977542,Valid ISBN-13,Hay House LLC,2024-06-18,2024,Hardcover,296.0,,https://www.leadershipnow.com/leadershop/images/9781401977542.jpg,https://amzn.to/4bKS9yT,False
EDITION00507,BOOK01454,301,9781401978662,9781401978662,9781401978662,Valid ISBN-13,Hay House Business,2024-10-08,2024,Hardcover,320.0,,https://www.leadershipnow.com/leadershop/images/9781401978662.jpg,https://amzn.to/4dMjAtk,False
EDITION00508,BOOK01455,203,9781401980276,9781401980276,9781401980276,Valid ISBN-13,Hay House Business,2025-02-04,2025,Hardcover,320.0,,https://www.leadershipnow.com/leadershop/images/9781401980276.jpg,https://amzn.to/3ARWCTp,False
EDITION00509,BOOK01456,1032,9781419752568,9781419752568,9781419752568,Valid ISBN-13,Abrams Image,2022-04-05,2022,Hardcover,192.0,,https://www.leadershipnow.com/leadershop/images/9781419752568.jpg,https://amzn.to/36eauYA,False
EDITION00510,BOOK01457,271,9781424568918,9781424568918,9781424568918,Valid ISBN-13,BroadStreet Publishing Group LLC,2024-11-05,2024,Hardcover,304.0,,https://www.leadershipnow.com/leadershop/images/9781424568918.jpg,https://amzn.to/3UzodiG,False
EDITION00511,BOOK01458,41,9781464245190,9781464245190,9781464245190,Valid ISBN-13,Sourcebooks,2025-10-14,2025,Hardcover,240.0,,https://www.leadershipnow.com/leadershop/images/9781464245190.jpg,https://amzn.to/4pmpIP5,False
EDITION00512,BOOK01459,1077,9781472143617,9781472143617,9781472143617,Valid ISBN-13,Robinson,2022-02-08,2022,Paperback,256.0,,https://www.leadershipnow.com/leadershop/images/9781472143617.jpg,https://amzn.to/3bGoUQ4,False
EDITION00513,BOOK01460,629,9781472285218,9781472285218,9781472285218,Valid ISBN-13,Wildfire,2023-09-26,2023,Hardcover,352.0,,https://www.leadershipnow.com/leadershop/images/9781472285218.jpg,https://amzn.to/3oU5sKb,False
EDITION00514,BOOK01461,1083,9781472991720,9781472991720,9781472991720,Valid ISBN-13,Bloomsbury Business,2022-02-15,2022,Hardcover,240.0,,https://www.leadershipnow.com/leadershop/images/9781472991720.jpg,https://amzn.to/3tpmOwD,False
EDITION00515,BOOK01462,1111,9781472992079,9781472992079,9781472992079,Valid ISBN-13,Bloomsbury Business,2022-01-18,2022,Hardcover,336.0,,https://www.leadershipnow.com/leadershop/images/9781472992079.jpg,https://amzn.to/3muxWG7,False
EDITION00516,BOOK01463,899,9781472994349,9781472994349,9781472994349,Valid ISBN-13,Bloomsbury Business,2022-10-25,2022,Hardcover,224.0,,https://www.leadershipnow.com/leadershop/images/9781472994349.jpg,https://amzn.to/3Qn99jK,False
EDITION00517,BOOK01464,619,9781476690445,9781476690445,9781476690445,Valid ISBN-13,McFarland,2023-09-17,2023,Paperback,120.0,,https://www.leadershipnow.com/leadershop/images/9781476690445.jpg,https://amzn.to/3OS9zAN,False
EDITION00518,BOOK01465,589,9781479835935,9781479835935,9781479835935,Valid ISBN-13,NYU Press,2023-10-23,2023,Hardcover,288.0,,https://www.leadershipnow.com/leadershop/images/9781479835935.jpg,https://amzn.to/3qkc1GZ,False
EDITION00519,BOOK01466,825,9781487508876,9781487508876,9781487508876,Valid ISBN-13,Aevo UTP,2023-01-17,2023,Hardcover,232.0,,https://www.leadershipnow.com/leadershop/images/9781487508876.jpg,https://amzn.to/3YNyWqz,False
EDITION00520,BOOK01467,1054,9781501102899,9781501102899,9781501102899,Valid ISBN-13,Simon & Schuster,2022-03-08,2022,Hardcover,576.0,,https://www.leadershipnow.com/leadershop/images/9781501102899.jpg,https://amzn.to/3onYWrN,False
EDITION00521,BOOK01468,117,9781501124068,9781501124068,9781501124068,Valid ISBN-13,Avid Reader Press / Simon & Schuster,2025-06-03,2025,Hardcover,400.0,,https://www.leadershipnow.com/leadershop/images/9781501124068.jpg,https://amzn.to/42WDs91,False
EDITION00522,BOOK01469,1093,9781501197260,9781501197260,9781501197260,Valid ISBN-13,Simon & Schuster,2022-02-22,2022,Hardcover,496.0,,https://www.leadershipnow.com/leadershop/images/9781501197260.jpg,https://amzn.to/3rzIJ56,False
EDITION00523,BOOK01470,963,9781501763991,9781501763991,9781501763991,Valid ISBN-13,Northern Illinois University Press,2022-07-15,2022,Hardcover,288.0,,https://www.leadershipnow.com/leadershop/images/9781501763991.jpg,https://amzn.to/3kqI9BZ,False
EDITION00524,BOOK01471,1076,9781503613966,9781503613966,9781503613966,Valid ISBN-13,Stanford Business Books,2022-02-08,2022,Hardcover,240.0,,https://www.leadershipnow.com/leadershop/images/9781503613966.jpg,https://amzn.to/3tZk9vP,False
EDITION00525,BOOK01472,944,9781503630475,9781503630475,9781503630475,Valid ISBN-13,Stanford University Press,2022-08-09,2022,Paperback,168.0,,https://www.leadershipnow.com/leadershop/images/9781503630475.jpg,https://amzn.to/3cg25ad,False
EDITION00526,BOOK01473,520,9781503636286,9781503636286,9781503636286,Valid ISBN-13,Stanford Business Books,2024-01-09,2024,Hardcover,280.0,,https://www.leadershipnow.com/leadershop/images/9781503636286.jpg,https://amzn.to/3RRTg8I,False
EDITION00527,BOOK01474,1094,9781510772915,9781510772915,9781510772915,Valid ISBN-13,Skyhorse,2022-02-22,2022,Hardcover,264.0,,https://www.leadershipnow.com/leadershop/images/9781510772915.jpg,https://amzn.to/3rS5yzI,False
EDITION00528,BOOK01475,690,9781510778412,9781510778412,9781510778412,Valid ISBN-13,Peakpoint Press,2023-06-13,2023,Hardcover,168.0,,https://www.leadershipnow.com/leadershop/images/9781510778412.jpg,https://amzn.to/44orOmr,False
EDITION00529,BOOK01476,600,9781510778788,9781510778788,9781510778788,Valid ISBN-13,Peakpoint Press,2023-10-31,2023,Hardcover,264.0,,https://www.leadershipnow.com/leadershop/images/9781510778788.jpg,https://amzn.to/47q7hjv,False
EDITION00530,BOOK01477,419,9781510780583,9781510780583,9781510780583,Valid ISBN-13,Peakpoint Press,2024-05-07,2024,Hardcover,360.0,,https://www.leadershipnow.com/leadershop/images/9781510780583.jpg,https://amzn.to/3UxF2eq,False
EDITION00531,BOOK01478,330,9781510781665,9781510781665,9781510781665,Valid ISBN-13,Skyhorse,2024-09-10,2024,Hardcover,384.0,,https://www.leadershipnow.com/leadershop/images/9781510781665.jpg,https://amzn.to/3XjAGJl,False
EDITION00532,BOOK01479,329,9781510781719,9781510781719,9781510781719,Valid ISBN-13,Regnery,2024-09-10,2024,Hardcover,368.0,,https://www.leadershipnow.com/leadershop/images/9781510781719.jpg,https://amzn.to/3zB5ifN,False
EDITION00533,BOOK01480,70,9781510783683,9781510783683,9781510783683,Valid ISBN-13,Peakpoint Press,2025-09-23,2025,Hardcover,408.0,,https://www.leadershipnow.com/leadershop/images/9781510783683.jpg,https://amzn.to/4p212eC,False
EDITION00534,BOOK01481,232,9781514008409,9781514008409,9781514008409,Valid ISBN-13,IVP,2025-01-07,2025,Paperback,192.0,,https://www.leadershipnow.com/leadershop/images/9781514008409.jpg,https://amzn.to/3D6QnMm,False
EDITION00535,BOOK01482,94,9781514009901,9781514009901,9781514009901,Valid ISBN-13,IVP Formatio,2025-08-26,2025,Paperback,168.0,,https://www.leadershipnow.com/leadershop/images/9781514009901.jpg,https://amzn.to/3IQZLXj,False
EDITION00536,BOOK01483,66,9781514013540,9781514013540,9781514013540,Valid ISBN-13,IVP,2025-09-16,2025,Paperback,192.0,,https://www.leadershipnow.com/leadershop/images/9781514013540.jpg,https://amzn.to/4or9zGu,False
EDITION00537,BOOK01484,798,9781523000050,9781523000050,9781523000050,Valid ISBN-13,Berrett-Koehler Publishers,2023-02-07,2023,Paperback,244.0,,https://www.leadershipnow.com/leadershop/images/9781523000050.jpg,https://amzn.to/3YscKRN,False
EDITION00538,BOOK01485,955,9781523000449,9781523000449,9781523000449,Valid ISBN-13,Berrett-Koehler Publishers,2022-07-05,2022,Hardcover,288.0,,https://www.leadershipnow.com/leadershop/images/9781523000449.jpg,https://amzn.to/3Ly7oyl,False
EDITION00539,BOOK01486,1070,9781523000623,9781523000623,9781523000623,Valid ISBN-13,Berrett-Koehler Publishers,2022-02-01,2022,Hardcover,192.0,,https://www.leadershipnow.com/leadershop/images/9781523000623.jpg,https://amzn.to/3u01XlB,False
EDITION00540,BOOK01487,1028,9781523000678,9781523000678,9781523000678,Valid ISBN-13,Berrett-Koehler Publishers,2022-05-31,2022,Paperback,176.0,,https://www.leadershipnow.com/leadershop/images/9781523000678.jpg,https://amzn.to/3yg3ju8,False
EDITION00541,BOOK01488,1002,9781523000722,9781523000722,9781523000722,Valid ISBN-13,Berrett-Koehler Publishers,2022-05-03,2022,Paperback,240.0,,https://www.leadershipnow.com/leadershop/images/9781523000722.jpg,https://amzn.to/3Cd9ZcQ,False
EDITION00542,BOOK01489,1039,9781523000876,9781523000876,9781523000876,Valid ISBN-13,Berrett-Koehler Publishers,2022-04-19,2022,Paperback,224.0,,https://www.leadershipnow.com/leadershop/images/9781523000876.jpg,https://amzn.to/3pAF19B,False
EDITION00543,BOOK01490,946,9781523000975,9781523000975,9781523000975,Valid ISBN-13,Berrett-Koehler Publishers,2022-08-16,2022,Paperback,216.0,,https://www.leadershipnow.com/leadershop/images/9781523000975.jpg,https://amzn.to/3c9qrSP,False
EDITION00544,BOOK01491,968,9781523001934,9781523001934,9781523001934,Valid ISBN-13,Berrett-Koehler Publishers,2022-07-26,2022,Paperback,208.0,,https://www.leadershipnow.com/leadershop/images/9781523001934.jpg,https://amzn.to/3xTMB2w,False
EDITION00545,BOOK01492,925,9781523002276,9781523002276,9781523002276,Valid ISBN-13,Berrett-Koehler Publishers,2022-09-20,2022,Paperback,168.0,,https://www.leadershipnow.com/leadershop/images/9781523002276.jpg,https://amzn.to/3v8sop9,False
EDITION00546,BOOK01493,851,9781523002887,9781523002887,9781523002887,Valid ISBN-13,Berrett-Koehler Publishers,2022-11-01,2022,Hardcover,192.0,,https://www.leadershipnow.com/leadershop/images/9781523002887.jpg,https://amzn.to/3QvnJ8W,False
EDITION00547,BOOK01494,839,9781523003129,9781523003129,9781523003129,Valid ISBN-13,Berrett-Koehler Publishers,2022-12-01,2022,Paperback,176.0,,https://www.leadershipnow.com/leadershop/images/9781523003129.jpg,https://amzn.to/3VqH8Lh,False
EDITION00548,BOOK01495,934,9781523003174,9781523003174,9781523003174,Valid ISBN-13,Berrett-Koehler Publishers,2022-09-27,2022,Paperback,256.0,,https://www.leadershipnow.com/leadershop/images/9781523003174.jpg,https://amzn.to/3D4SnCG,False
EDITION00549,BOOK01496,908,9781523003266,9781523003266,9781523003266,Valid ISBN-13,Berrett-Koehler Publishers,2022-10-25,2022,Paperback,216.0,,https://www.leadershipnow.com/leadershop/images/9781523003266.jpg,https://amzn.to/3dQq6FN,False
EDITION00550,BOOK01497,806,9781523003419,9781523003419,9781523003419,Valid ISBN-13,Berrett-Koehler Publishers,2023-02-28,2023,Paperback,224.0,,https://www.leadershipnow.com/leadershop/images/9781523003419.jpg,https://amzn.to/3FISyoc,False
EDITION00551,BOOK01498,822,9781523003679,9781523003679,9781523003679,Valid ISBN-13,Berrett-Koehler Publishers,2023-01-17,2023,Paperback,296.0,,https://www.leadershipnow.com/leadershop/images/9781523003679.jpg,https://amzn.to/3GXSh1a,False
EDITION00552,BOOK01499,617,9781523003983,9781523003983,9781523003983,Valid ISBN-13,Berrett-Koehler Publishers,2023-09-12,2023,Paperback,256.0,,https://www.leadershipnow.com/leadershop/images/9781523003983.jpg,https://amzn.to/48e4kDj,False
EDITION00553,BOOK01500,718,9781523004126,9781523004126,9781523004126,Valid ISBN-13,Berrett-Koehler Publishers,2023-05-16,2023,Paperback,240.0,Second Edition,https://www.leadershipnow.com/leadershop/images/9781523004126.jpg,https://amzn.to/41U1OOe,False
EDITION00554,BOOK01501,633,9781523004430,9781523004430,9781523004430,Valid ISBN-13,Berrett-Koehler Publishers,2023-09-26,2023,Paperback,256.0,,https://www.leadershipnow.com/leadershop/images/9781523004430.jpg,https://amzn.to/44B16Y9,False
EDITION00555,BOOK01502,662,9781523004539,9781523004539,9781523004539,Valid ISBN-13,Berrett-Koehler Publishers,2023-07-11,2023,Paperback,240.0,,https://www.leadershipnow.com/leadershop/images/9781523004539.jpg,https://amzn.to/44XxGnD,False
EDITION00556,BOOK01503,530,9781523004829,9781523004829,9781523004829,Valid ISBN-13,Berrett-Koehler Publishers,2024-01-30,2024,Paperback,240.0,,https://www.leadershipnow.com/leadershop/images/9781523004829.jpg,https://amzn.to/4awbGD2,False
EDITION00557,BOOK01504,638,9781523004928,9781523004928,9781523004928,Valid ISBN-13,Berrett-Koehler Publishers,2023-08-08,2023,Paperback,240.0,,https://www.leadershipnow.com/leadershop/images/9781523004928.jpg,https://amzn.to/46TGADD,False
EDITION00558,BOOK01505,548,9781523005703,9781523005703,9781523005703,Valid ISBN-13,Berrett-Koehler Publishers,2023-11-07,2023,Paperback,208.0,,https://www.leadershipnow.com/leadershop/images/9781523005703.jpg,https://amzn.to/3rPdiX4,False
EDITION00559,BOOK01506,466,9781523006014,9781523006014,9781523006014,Valid ISBN-13,Berrett-Koehler Publishers,2024-03-05,2024,Paperback,240.0,,https://www.leadershipnow.com/leadershop/images/9781523006014.jpg,https://amzn.to/49U8d01,False
EDITION00560,BOOK01507,538,9781523006113,9781523006113,9781523006113,Valid ISBN-13,Berrett-Koehler Publishers,2023-12-05,2023,Hardcover,176.0,,https://www.leadershipnow.com/leadershop/images/9781523006113.jpg,https://amzn.to/4941HnJ,False
EDITION00561,BOOK01508,606,9781523006205,9781523006205,9781523006205,Valid ISBN-13,Berrett-Koehler Publishers,2023-09-05,2023,Paperback,336.0,,https://www.leadershipnow.com/leadershop/images/9781523006205.jpg,https://amzn.to/3QDZCbo,False
EDITION00562,BOOK01509,447,9781523006618,9781523006618,9781523006618,Valid ISBN-13,Berrett-Koehler Publishers,2024-04-09,2024,Hardcover,224.0,,https://www.leadershipnow.com/leadershop/images/9781523006618.jpg,https://amzn.to/3UWABdP,False
EDITION00563,BOOK01510,373,9781523006762,9781523006762,9781523006762,Valid ISBN-13,Berrett-Koehler Publishers,2024-07-09,2024,Paperback,192.0,,https://www.leadershipnow.com/leadershop/images/9781523006762.jpg,https://amzn.to/3VFjY69,False
EDITION00564,BOOK01511,118,9781523006816,9781523006816,9781523006816,Valid ISBN-13,Berrett-Koehler Publishers,2025-06-03,2025,Paperback,240.0,,https://www.leadershipnow.com/leadershop/images/9781523006816.jpg,https://amzn.to/4jYNNZk,False
EDITION00565,BOOK01512,328,9781523007059,9781523007059,9781523007059,Valid ISBN-13,Berrett-Koehler Publishers,2024-09-10,2024,Paperback,256.0,,https://www.leadershipnow.com/leadershop/images/9781523007059.jpg,https://amzn.to/3VLpSSR,False
EDITION00566,BOOK01513,363,9781523007141,9781523007141,9781523007141,Valid ISBN-13,Berrett-Koehler Publishers,2024-08-20,2024,Paperback,240.0,,https://www.leadershipnow.com/leadershop/images/9781523007141.jpg,https://amzn.to/3YtEGaS,False
EDITION00567,BOOK01514,193,9781523007196,9781523007196,9781523007196,Valid ISBN-13,Berrett-Koehler Publishers,2025-03-25,2025,Paperback,208.0,,https://www.leadershipnow.com/leadershop/images/9781523007196.jpg,https://amzn.to/411BTa4,False
EDITION00568,BOOK01515,250,9781523007240,9781523007240,9781523007240,Valid ISBN-13,Berrett-Koehler Publishers,2025-01-28,2025,Paperback,168.0,,https://www.leadershipnow.com/leadershop/images/9781523007240.jpg,https://amzn.to/4gr73Mr,False
EDITION00569,BOOK01516,949,9781523091034,9781523091034,9781523091034,Valid ISBN-13,Berrett-Koehler Publishers,2022-08-23,2022,Paperback,240.0,,https://www.leadershipnow.com/leadershop/images/9781523091034.jpg,https://amzn.to/3w90nhs,False
EDITION00570,BOOK01517,950,9781523091201,9781523091201,9781523091201,Valid ISBN-13,Berrett-Koehler Publishers,2022-08-23,2022,Paperback,128.0,,https://www.leadershipnow.com/leadershop/images/9781523091201.jpg,https://amzn.to/3pmtUAL,False
EDITION00571,BOOK01518,927,9781523516971,9781523516971,9781523516971,Valid ISBN-13,Workman Publishing Company,2022-09-20,2022,Hardcover,224.0,,https://www.leadershipnow.com/leadershop/images/9781523516971.jpg,https://amzn.to/3tUitmq,False
EDITION00572,BOOK01519,146,9781523527878,9781523527878,9781523527878,Valid ISBN-13,Workman Publishing Company,2025-05-13,2025,Hardcover,224.0,,https://www.leadershipnow.com/leadershop/images/9781523527878.jpg,https://amzn.to/4m2w9Fg,False
EDITION00573,BOOK01520,366,9781524746483,9781524746483,9781524746483,Valid ISBN-13,Dutton,2024-08-27,2024,Hardcover,544.0,,https://www.leadershipnow.com/leadershop/images/9781524746483.jpg,https://amzn.to/3Yp8yFs,False
EDITION00574,BOOK01521,1101,9781524747596,9781524747596,9781524747596,Valid ISBN-13,Pantheon,2022-01-04,2022,Hardcover,272.0,,https://www.leadershipnow.com/leadershop/images/9781524747596.jpg,https://amzn.to/3IjkG07,False
EDITION00575,BOOK01522,2,9781529154801,9781529154801,9781529154801,Valid ISBN-13,Hutchinson Heinemann,2025-12-02,2025,Hardcover,224.0,,https://www.leadershipnow.com/leadershop/images/9781529154801.jpg,https://amzn.to/4odQXty,False
EDITION00576,BOOK01523,966,9781529369779,9781529369779,9781529369779,Valid ISBN-13,Nicholas Brealey,2022-07-19,2022,Hardcover,256.0,,https://www.leadershipnow.com/leadershop/images/9781529369779.jpg,https://amzn.to/38H4OXW,False
EDITION00577,BOOK01524,887,9781538159538,9781538159538,9781538159538,Valid ISBN-13,Rowman & Littlefield Publishers,2022-10-11,2022,Hardcover,240.0,,https://www.leadershipnow.com/leadershop/images/9781538159538.jpg,https://amzn.to/38eDccU,False
EDITION00578,BOOK01525,660,9781538167618,9781538167618,9781538167618,Valid ISBN-13,Rowman & Littlefield Publishers,2023-07-07,2023,Hardcover,228.0,,https://www.leadershipnow.com/leadershop/images/9781538167618.jpg,https://amzn.to/3OvDMnM,False
EDITION00579,BOOK01526,710,9781538169377,9781538169377,9781538169377,Valid ISBN-13,Rowman & Littlefield Publishers,2023-05-05,2023,Hardcover,196.0,,https://www.leadershipnow.com/leadershop/images/9781538169377.jpg,https://amzn.to/3JHQE8H,False
EDITION00580,BOOK01527,750,9781538172216,9781538172216,9781538172216,Valid ISBN-13,Rowman & Littlefield Publishers,2023-03-04,2023,Hardcover,233.0,,https://www.leadershipnow.com/leadershop/images/9781538172216.jpg,https://amzn.to/3XDPEIK,False
EDITION00581,BOOK01528,1031,9781538705599,9781538705599,9781538705599,Valid ISBN-13,Twleve,2022-04-05,2022,Hardcover,304.0,,https://www.leadershipnow.com/leadershop/images/9781538705599.jpg,https://amzn.to/3KOTPur,False
EDITION00582,BOOK01529,918,9781538707760,9781538707760,9781538707760,Valid ISBN-13,Balance,2022-09-13,2022,Hardcover,304.0,,https://www.leadershipnow.com/leadershop/images/9781538707760.jpg,https://amzn.to/3zUtWWC,False
EDITION00583,BOOK01530,726,9781538707944,9781538707944,9781538707944,Valid ISBN-13,Grand Central Publishing,2023-04-04,2023,Hardcover,224.0,,https://www.leadershipnow.com/leadershop/images/9781538707944.jpg,https://amzn.to/3FKX4Tb,False
EDITION00584,BOOK01531,1053,9781538736869,9781538736869,9781538736869,Valid ISBN-13,Balance,2022-03-08,2022,Hardcover,320.0,,https://www.leadershipnow.com/leadershop/images/9781538736869.jpg,https://amzn.to/3Iykn1j,False
EDITION00585,BOOK01532,561,9781538740804,9781538740804,9781538740804,Valid ISBN-13,Balance,2023-11-14,2023,Hardcover,256.0,,https://www.leadershipnow.com/leadershop/images/9781538740804.jpg,https://amzn.to/3SaPt6G,False
EDITION00586,BOOK01533,321,9781538743065,9781538743065,9781538743065,Valid ISBN-13,Grand Central Publishing,2024-09-03,2024,Hardcover,288.0,,https://www.leadershipnow.com/leadershop/images/9781538743065.jpg,https://amzn.to/3Mzie9c,False
EDITION00587,BOOK01534,635,9781538758380,9781538758380,9781538758380,Valid ISBN-13,Twelve,2023-09-26,2023,Hardcover,256.0,,https://www.leadershipnow.com/leadershop/images/9781538758380.jpg,https://amzn.to/45jCzXm,False
EDITION00588,BOOK01535,170,9781538771747,9781538771747,9781538771747,Valid ISBN-13,Grand Central Publishing,2025-04-22,2025,Hardcover,240.0,,https://www.leadershipnow.com/leadershop/images/9781538771747.jpg,https://amzn.to/3FkH6kT,False
EDITION00589,BOOK01536,895,9781540902245,9781540902245,9781540902245,Valid ISBN-13,Baker Books,2022-10-18,2022,Hardcover,240.0,,https://www.leadershipnow.com/leadershop/images/9781540902245.jpg,https://amzn.to/3fzQuVl,False
EDITION00590,BOOK01537,556,9781541601567,9781541601567,9781541601567,Valid ISBN-13,Basic Books,2023-11-08,2023,Hardcover,368.0,,https://www.leadershipnow.com/leadershop/images/9781541601567.jpg,https://amzn.to/3JJ8acD,False
EDITION00591,BOOK01538,666,9781541602236,9781541602236,9781541602236,Valid ISBN-13,Basic Books,2023-07-11,2023,Hardcover,336.0,,https://www.leadershipnow.com/leadershop/images/9781541602236.jpg,https://amzn.to/3oFWSyS,False
EDITION00592,BOOK01539,897,9781541602298,9781541602298,9781541602298,Valid ISBN-13,Basic Books,2022-10-18,2022,Hardcover,304.0,,https://www.leadershipnow.com/leadershop/images/9781541602298.jpg,https://amzn.to/3hywCCk,False
EDITION00593,BOOK01540,597,9781541604933,9781541604933,9781541604933,Valid ISBN-13,Basic Books,2023-10-31,2023,Hardcover,448.0,,https://www.leadershipnow.com/leadershop/images/9781541604933.jpg,https://amzn.to/3Ol9a9P,False
EDITION00594,BOOK01541,930,9781541646971,9781541646971,9781541646971,Valid ISBN-13,Basic Books,2022-09-27,2022,Hardcover,272.0,,https://www.leadershipnow.com/leadershop/images/9781541646971.jpg,https://amzn.to/38Mn0j7,False
EDITION00595,BOOK01542,740,9781541700369,9781541700369,9781541700369,Valid ISBN-13,PublicAffairs,2023-04-11,2023,Hardcover,288.0,,https://www.leadershipnow.com/leadershop/images/9781541700369.jpg,https://amzn.to/3TUf6Yy,False
EDITION00596,BOOK01543,708,9781541700963,9781541700963,9781541700963,Valid ISBN-13,PublicAffairs,2023-05-02,2023,Hardcover,304.0,,https://www.leadershipnow.com/leadershop/images/9781541700963.jpg,https://amzn.to/3iKU0h5,False
EDITION00597,BOOK01544,997,9781541701243,9781541701243,9781541701243,Valid ISBN-13,PublicAffairs,2022-05-03,2022,Hardcover,368.0,,https://www.leadershipnow.com/leadershop/images/9781541701243.jpg,https://amzn.to/3EW1p2R,False
EDITION00598,BOOK01545,1046,9781541701427,9781541701427,9781541701427,Valid ISBN-13,PublicAffairs,2022-04-29,2022,Hardcover,272.0,,https://www.leadershipnow.com/leadershop/images/9781541701427.jpg,https://amzn.to/3krW0rS,False
EDITION00599,BOOK01546,867,9781541701557,9781541701557,9781541701557,Valid ISBN-13,Public Afairs,2022-11-15,2022,Hardcover,288.0,,https://www.leadershipnow.com/leadershop/images/9781541701557.jpg,https://amzn.to/3gUMTS1,False
EDITION00600,BOOK01547,853,9781541701656,9781541701656,9781541701656,Valid ISBN-13,PublicAffairs,2022-11-01,2022,Hardcover,320.0,,https://www.leadershipnow.com/leadershop/images/9781541701656.jpg,https://amzn.to/3AeGbNT,False
EDITION00601,BOOK01548,586,9781541702363,9781541702363,9781541702363,Valid ISBN-13,PublicAffairs,2023-10-10,2023,Hardcover,336.0,,https://www.leadershipnow.com/leadershop/images/9781541702363.jpg,https://amzn.to/3WZxUqL,False
EDITION00602,BOOK01549,663,9781541702509,9781541702509,9781541702509,Valid ISBN-13,PublicAffairs,2023-07-11,2023,Hardcover,256.0,,https://www.leadershipnow.com/leadershop/images/9781541702509.jpg,https://amzn.to/3V3kQyd,False
EDITION00603,BOOK01550,309,9781541702820,9781541702820,9781541702820,Valid ISBN-13,PublicAffairs,2024-10-22,2024,Hardcover,320.0,,https://www.leadershipnow.com/leadershop/images/9781541702820.jpg,https://amzn.to/4g2z9Pf,False
EDITION00604,BOOK01551,431,9781541703018,9781541703018,9781541703018,Valid ISBN-13,PublicAffairs,2024-05-21,2024,Hardcover,320.0,,https://www.leadershipnow.com/leadershop/images/9781541703018.jpg,https://amzn.to/3NoctvO,False
EDITION00605,BOOK01552,136,9781541704329,9781541704329,9781541704329,Valid ISBN-13,PublicAffairs,2025-05-06,2025,Hardcover,288.0,,https://www.leadershipnow.com/leadershop/images/9781541704329.jpg,https://amzn.to/4m5WFxM,False
EDITION00606,BOOK01553,372,9781541704350,9781541704350,9781541704350,Valid ISBN-13,PublicAffairs,2024-07-09,2024,Hardcover,288.0,,https://www.leadershipnow.com/leadershop/images/9781541704350B.jpg,https://amzn.to/3QIwyPa,False
EDITION00607,BOOK01554,154,9781541704534,9781541704534,9781541704534,Valid ISBN-13,PublicAffairs,2025-04-01,2025,Hardcover,320.0,,https://www.leadershipnow.com/leadershop/images/9781541704534.jpg,https://amzn.to/41vxdtM,False
EDITION00608,BOOK01555,90,9781541704626,9781541704626,9781541704626,Valid ISBN-13,Basic Venture,2025-08-23,2025,Hardcover,320.0,,https://www.leadershipnow.com/leadershop/images/9781541704626.jpg,https://amzn.to/3SqbIof,False
EDITION00609,BOOK01556,115,9781541705302,9781541705302,9781541705302,Valid ISBN-13,Basic Venture,2025-06-03,2025,Hardcover,336.0,,https://www.leadershipnow.com/leadershop/images/9781541705302.jpg,https://amzn.to/4mB8wUJ,False
EDITION00610,BOOK01557,64,9781541705685,9781541705685,9781541705685,Valid ISBN-13,Wiley,2025-09-16,2025,Hardcover,256.0,,https://www.leadershipnow.com/leadershop/images/9781541705685.jpg,https://amzn.to/409KTJm,False
EDITION00611,BOOK01558,880,9781541751040,9781541751040,9781541751040,Valid ISBN-13,PublicAffairs,2022-10-04,2022,Hardcover,320.0,,https://www.leadershipnow.com/leadershop/images/9781541751040.jpg,https://amzn.to/3P8Yidt,False
EDITION00612,BOOK01559,552,9781541758476,9781541758476,9781541758476,Valid ISBN-13,PublicAffairs,2023-11-07,2023,Hardcover,320.0,,https://www.leadershipnow.com/leadershop/images/9781541758476.jpg,https://amzn.to/3MQQnSA,False
EDITION00613,BOOK01560,593,9781541768529,9781541768529,9781541768529,Valid ISBN-13,PublicAffairs,2023-10-24,2023,Hardcover,592.0,,https://www.leadershipnow.com/leadershop/images/9781541768529.jpg,https://amzn.to/3Q4Suoe,False
EDITION00614,BOOK01561,1074,9781544526546,9781544526546,9781544526546,Valid ISBN-13,Lioncrest Publishing,2022-02-02,2022,Paperback,180.0,,https://www.leadershipnow.com/leadershop/images/9781544526546.jpg,https://amzn.to/3vJaF8C,False
EDITION00615,BOOK01562,627,9781544527567,9781544527567,9781544527567,Valid ISBN-13,Lioncrest Publishing,2023-09-23,2023,Hardcover,228.0,,https://www.leadershipnow.com/leadershop/images/9781544527567.jpg,https://amzn.to/470vcFS,False
EDITION00616,BOOK01563,741,9781544541631,9781544541631,9781544541631,Valid ISBN-13,Lioncrest Publishing,2023-04-12,2023,Paperback,150.0,,https://www.leadershipnow.com/leadershop/images/9781544541631.jpg,https://amzn.to/43zSiRx,False
EDITION00617,BOOK01564,722,9781544541747,9781544541747,9781544541747,Valid ISBN-13,Twinbolt,2023-05-24,2023,Paperback,196.0,,https://www.leadershipnow.com/leadershop/images/9781544541747.jpg,https://amzn.to/3J2ZzS1,False
EDITION00618,BOOK01565,156,9781544547466,9781544547466,9781544547466,Valid ISBN-13,Lioncrest Publishing,2025-04-02,2025,Hardcover,250.0,,https://www.leadershipnow.com/leadershop/images/9781544547466.jpg,https://amzn.to/3DIIXPM,False
EDITION00619,BOOK01566,858,9781546002482,9781546002482,9781546002482,Valid ISBN-13,Center Street,2022-11-01,2022,Paperback,208.0,,https://www.leadershipnow.com/leadershop/images/9781546002482.jpg,https://amzn.to/3sBUHL3,False
EDITION00620,BOOK01567,782,9781546003373,9781546003373,9781546003373,Valid ISBN-13,Worthy Books,2023-03-28,2023,Hardcover,304.0,,https://www.leadershipnow.com/leadershop/images/9781546003373.jpg,https://amzn.to/3i1iWkb,False
EDITION00621,BOOK01568,354,9781546007418,9781546007418,9781546007418,Valid ISBN-13,Center Street,2024-08-06,2024,Hardcover,320.0,,https://www.leadershipnow.com/leadershop/images/9781546007418.jpg,https://amzn.to/3A2AlS9,False
EDITION00622,BOOK01569,291,9781546008286,9781546008286,9781546008286,Valid ISBN-13,Center Street,2024-10-01,2024,Hardcover,240.0,,https://www.leadershipnow.com/leadershop/images/9781546008286.jpg,https://amzn.to/3Mxulnn,False
EDITION00623,BOOK01570,161,9781572843509,9781572843509,9781572843509,Valid ISBN-13,Agate B2,2025-04-08,2025,Hardcover,320.0,,https://www.leadershipnow.com/leadershop/images/9781572843509.jpg,https://amzn.to/4h8EiFt,False
EDITION00624,BOOK01571,255,9781578600021,9781578600021,9781578600021,Valid ISBN-13,Clerisy Press,2024-12-03,2024,Hardcover,248.0,,https://www.leadershipnow.com/leadershop/images/9781578600021.jpg,https://amzn.to/4dKewoP,False
EDITION00625,BOOK01572,369,9781586446581,9781586446581,9781586446581,Valid ISBN-13,Society For Human Resource Management,2024-07-05,2024,Paperback,186.0,,https://www.leadershipnow.com/leadershop/images/9781586446581.jpg,https://amzn.to/4gYjhNB,False
EDITION00626,BOOK01573,356,9781594204128,9781594204128,9781594204128,Valid ISBN-13,Penguin Press,2024-08-13,2024,Hardcover,496.0,,https://www.leadershipnow.com/leadershop/images/9781594204128.jpg,https://amzn.to/4aRCfmk,False
EDITION00627,BOOK01574,917,9781595622457,9781595622457,9781595622457,Valid ISBN-13,Gallup Press,2022-09-13,2022,Hardcover,352.0,,https://www.leadershipnow.com/leadershop/images/9781595622457.jpg,https://amzn.to/3OLolGp,False
EDITION00628,BOOK01575,723,9781595622471,9781595622471,9781595622471,Valid ISBN-13,Gallup Press,2023-05-30,2023,Hardcover,336.0,,https://www.leadershipnow.com/leadershop/images/9781595622471.jpg,https://amzn.to/3H8f3Ty,False
EDITION00629,BOOK01576,967,9781612681009,9781612681009,9781612681009,Valid ISBN-13,Plata Publishing,2022-07-19,2022,Hardcover,240.0,,https://www.leadershipnow.com/leadershop/images/9781612681009.jpg,https://amzn.to/3OMdcp7,False
EDITION00630,BOOK01577,206,9781613631898,9781613631898,9781613631898,Valid ISBN-13,Wharton School Press,2025-02-04,2025,Paperback,168.0,,https://www.leadershipnow.com/leadershop/images/9781613631898.jpg,https://amzn.to/3EgPgKw,False
EDITION00631,BOOK01578,74,9781613631935,9781613631935,9781613631935,Valid ISBN-13,Wharton School Press,2025-09-30,2025,Paperback,144.0,,https://www.leadershipnow.com/leadershop/images/9781613631935.jpg,https://amzn.to/4lD57Uu,False
EDITION00632,BOOK01579,840,9781620977576,9781620977576,9781620977576,Valid ISBN-13,The New Press,2022-12-05,2022,Hardcover,304.0,,https://www.leadershipnow.com/leadershop/images/9781620977576.jpg,https://amzn.to/3SBRh61,False
EDITION00633,BOOK01580,588,9781623179243,9781623179243,9781623179243,Valid ISBN-13,North Atlantic Books,2023-10-10,2023,Paperback,240.0,,https://www.leadershipnow.com/leadershop/images/9781623179243.jpg,https://amzn.to/43J6Iyy,False
EDITION00634,BOOK01581,1073,9781626348448,9781626348448,9781626348448,Valid ISBN-13,Greenleaf Book Group,2022-02-02,2022,Hardcover,184.0,,https://www.leadershipnow.com/leadershop/images/9781626348448.jpg,https://amzn.to/3r45T2W,False
EDITION00635,BOOK01582,996,9781626348998,9781626348998,9781626348998,Valid ISBN-13,Greenleaf Book Group Press,2022-06-28,2022,Hardcover,248.0,,https://www.leadershipnow.com/leadershop/images/9781626348998.jpg,https://amzn.to/3dMDF5c,False
EDITION00636,BOOK01583,812,9781626349117,9781626349117,9781626349117,Valid ISBN-13,Greenleaf Book Group Press,2023-01-03,2023,Hardcover,376.0,,https://www.leadershipnow.com/leadershop/images/9781626349117.jpg,https://amzn.to/3j8svOi,False
EDITION00637,BOOK01584,941,9781626349681,9781626349681,9781626349681,Valid ISBN-13,Greenleaf Book Group Press,2022-08-09,2022,Hardcover,248.0,,https://www.leadershipnow.com/leadershop/images/9781626349681.jpg,https://amzn.to/3FSU9Gw,False
EDITION00638,BOOK01585,818,9781626349728,9781626349728,9781626349728,Valid ISBN-13,Greenleaf Book Group Press,2023-01-10,2023,Hardcover,192.0,,https://www.leadershipnow.com/leadershop/images/9781626349728.jpg,https://amzn.to/3ZaAKcY,False
EDITION00639,BOOK01586,1072,9781628257564,9781628257564,9781628257564,Valid ISBN-13,Project Management Institute,2022-02-01,2022,Paperback,212.0,,https://www.leadershipnow.com/leadershop/images/9781628257564.jpg,https://amzn.to/3uV8QVL,False
EDITION00640,BOOK01587,592,9781630062019,9781630062019,9781630062019,Valid ISBN-13,Humanix Books,2023-10-24,2023,Hardcover,256.0,,https://www.leadershipnow.com/leadershop/images/9781630062019.jpg,https://amzn.to/3kUIsoV,False
EDITION00641,BOOK01588,1116,9781631956003,9781631956003,9781631956003,Valid ISBN-13,Morgan James Publishing,2022-01-25,2022,Paperback,250.0,,https://www.leadershipnow.com/leadershop/images/9781631956003.jpg,https://amzn.to/3ty5Wnk,False
EDITION00642,BOOK01589,957,9781631958052,9781631958052,9781631958052,Valid ISBN-13,Morgan James Publishing,2022-07-05,2022,Hardcover,314.0,,https://www.leadershipnow.com/leadershop/images/9781631958052.jpg,https://amzn.to/3HT16bm,False
EDITION00643,BOOK01590,847,9781631959233,9781631959233,9781631959233,Valid ISBN-13,Morgan James Publishings,2022-12-13,2022,Paperback,266.0,,https://www.leadershipnow.com/leadershop/images/9781631959233.jpg,https://amzn.to/3F5Lfp9,False
EDITION00644,BOOK01591,496,9781632261427,9781632261427,9781632261427,Valid ISBN-13,Credentia Press,2024-02-13,2024,Hardcover,176.0,,https://www.leadershipnow.com/leadershop/images/9781632261427.jpg,https://amzn.to/47xFTip,False
EDITION00645,BOOK01592,749,9781632652010,9781632652010,9781632652010,Valid ISBN-13,Career Press,2023-03-01,2023,Paperback,224.0,,https://www.leadershipnow.com/leadershop/images/9781632652010.jpg,https://amzn.to/3BpWlnE,False
EDITION00646,BOOK01593,909,9781632652027,9781632652027,9781632652027,Valid ISBN-13,Career Press,2022-09-01,2022,Paperback,224.0,,https://www.leadershipnow.com/leadershop/images/9781632652027.jpg,https://amzn.to/3yaPr4l,False
EDITION00647,BOOK01594,370,9781632652119,9781632652119,9781632652119,Valid ISBN-13,Career Press,2024-07-08,2024,Paperback,240.0,,https://www.leadershipnow.com/leadershop/images/9781632652119.jpg,https://amzn.to/3L6dNlq,False
EDITION00648,BOOK01595,1027,9781632995285,9781632995285,9781632995285,Valid ISBN-13,River Grove Books,2022-05-27,2022,Paperback,194.0,,https://www.leadershipnow.com/leadershop/images/9781632995285.jpg,https://amzn.to/38412s2,False
EDITION00649,BOOK01596,922,9781632996015,9781632996015,9781632996015,Valid ISBN-13,River Grove Books,2022-09-19,2022,Paperback,174.0,,https://www.leadershipnow.com/leadershop/images/9781632996015.jpg,https://amzn.to/3C923Lr,False
EDITION00650,BOOK01597,903,9781633698680,9781633698680,9781633698680,Valid ISBN-13,Harvard Business Review Press,2022-10-25,2022,Paperback,272.0,,https://www.leadershipnow.com/leadershop/images/9781633698680.jpg,https://amzn.to/3PElGj2,False
EDITION00651,BOOK01598,985,9781633699472,9781633699472,9781633699472,Valid ISBN-13,Harvard Business Review Press,2022-06-14,2022,Hardcover,240.0,,https://www.leadershipnow.com/leadershop/images/9781633699472.jpg,https://amzn.to/3HfOZ79,False
EDITION00652,BOOK01599,224,9781635822342,9781635822342,9781635822342,Valid ISBN-13,Blue Sparrow,2025-01-01,2025,Hardcover,272.0,,https://www.leadershipnow.com/leadershop/images/9781635822342.jpg,https://amzn.to/41N3dtf,False
EDITION00653,BOOK01600,751,9781636243122,9781636243122,9781636243122,Valid ISBN-13,Casemate,2023-03-02,2023,Hardcover,288.0,,https://www.leadershipnow.com/leadershop/images/9781636243122.jpg,https://amzn.to/3x0Fwgy,False
EDITION00654,BOOK01601,674,9781636981680,9781636981680,9781636981680,Valid ISBN-13,Morgan James Publishing,2023-07-25,2023,Paperback,294.0,,https://www.leadershipnow.com/leadershop/images/9781636981680.jpg,https://amzn.to/3N4t2xn,False
EDITION00655,BOOK01602,545,9781636982014,9781636982014,9781636982014,Valid ISBN-13,Morgan James Publishing,2023-12-19,2023,Paperback,182.0,,https://www.leadershipnow.com/leadershop/images/9781636982014.jpg,https://amzn.to/47FR211,False
EDITION00656,BOOK01603,443,9781636983080,9781636983080,9781636983080,Valid ISBN-13,Morgan James Publishing,2024-04-02,2024,Paperback,274.0,,https://www.leadershipnow.com/leadershop/images/9781636983080.jpg,https://amzn.to/3UXzsCA,False
EDITION00657,BOOK01604,88,9781636986555,9781636986555,9781636986555,Valid ISBN-13,Morgan James Publishing,2025-08-19,2025,Paperback,220.0,,https://www.leadershipnow.com/leadershop/images/9781636986555.jpg,https://amzn.to/3JPLiuV,False
EDITION00658,BOOK01605,5,9781636987897,9781636987897,9781636987897,Valid ISBN-13,Morgan James Publishing,2025-12-02,2025,Paperback,200.0,,https://www.leadershipnow.com/leadershop/images/9781636987897.jpg,https://amzn.to/49OQSsD,False
EDITION00659,BOOK01606,648,9781637424872,9781637424872,9781637424872,Valid ISBN-13,Business Expert Press,2023-08-19,2023,Paperback,220.0,,https://www.leadershipnow.com/leadershop/images/9781637424872.jpg,https://amzn.to/43sI9pd,False
EDITION00660,BOOK01607,433,9781637425930,9781637425930,9781637425930,Valid ISBN-13,Business Expert Press,2024-05-21,2024,Hardcover,150.0,,https://www.leadershipnow.com/leadershop/images/9781637425930.jpg,https://amzn.to/4aVNgTv,False
EDITION00661,BOOK01608,381,9781637426142,9781637426142,9781637426142,Valid ISBN-13,Business Expert Press,2024-07-23,2024,Paperback,195.0,,https://www.leadershipnow.com/leadershop/images/9781637426142.jpg,https://amzn.to/3xnG0Bm,False
EDITION00662,BOOK01609,580,9781637551172,9781637551172,9781637551172,Valid ISBN-13,Amplify Publishing,2023-10-03,2023,Paperback,168.0,,https://www.leadershipnow.com/leadershop/images/9781637551172.jpg,https://amzn.to/4800NI0,False
EDITION00663,BOOK01610,881,9781637551530,9781637551530,9781637551530,Valid ISBN-13,Amplify Publishing,2022-10-04,2022,Hardcover,273.0,,https://www.leadershipnow.com/leadershop/images/9781637551530.jpg,https://amzn.to/3RdCBcb,False
EDITION00664,BOOK01611,681,9781637554937,9781637554937,9781637554937,Valid ISBN-13,Amplify Publishing,2023-06-06,2023,Hardcover,160.0,,https://www.leadershipnow.com/leadershop/images/9781637554937.jpg,https://amzn.to/3XBxRSn,False
EDITION00665,BOOK01612,671,9781637554968,9781637554968,9781637554968,Valid ISBN-13,Amplify Publishing,2023-07-18,2023,Hardcover,280.0,,https://www.leadershipnow.com/leadershop/images/9781637554968.jpg,https://amzn.to/43tmY6Q,False
EDITION00666,BOOK01613,611,9781637555378,9781637555378,9781637555378,Valid ISBN-13,Amplify Publishing,2023-09-12,2023,Hardcover,296.0,,https://www.leadershipnow.com/leadershop/images/9781637555378.jpg,https://amzn.to/46H2o5e,False
EDITION00667,BOOK01614,524,9781637556481,9781637556481,9781637556481,Valid ISBN-13,Amplify Publishing,2024-01-16,2024,Hardcover,215.0,,https://www.leadershipnow.com/leadershop/images/9781637556481.jpg,https://amzn.to/3TJ035Z,False
EDITION00668,BOOK01615,534,9781637557396,9781637557396,9781637557396,Valid ISBN-13,Amplify Publishing,2023-12-04,2023,Hardcover,304.0,,https://www.leadershipnow.com/leadershop/images/9781637557396.jpg,https://amzn.to/3M7YY2U,False
EDITION00669,BOOK01616,621,9781637557686,9781637557686,9781637557686,Valid ISBN-13,100 Coaches Publishing,2023-09-19,2023,Hardcover,264.0,Revised and Updated edition,https://www.leadershipnow.com/leadershop/images/9781637557686.jpg,https://amzn.to/3RsIYMz,False
EDITION00670,BOOK01617,358,9781637558256,9781637558256,9781637558256,Valid ISBN-13,100 Coaches Publishing,2024-08-13,2024,Paperback,424.0,,https://www.leadershipnow.com/leadershop/images/9781637558256.jpg,https://amzn.to/3WEdq8t,False
EDITION00671,BOOK01618,492,9781637559925,9781637559925,9781637559925,Valid ISBN-13,Amplify Publishing,2024-02-06,2024,Hardcover,128.0,,https://www.leadershipnow.com/leadershop/images/9781637559925.jpg,https://amzn.to/4dIUdc3,False
EDITION00672,BOOK01619,991,9781637560143,9781637560143,9781637560143,Valid ISBN-13,Wonderwell,2022-06-21,2022,Hardcover,248.0,,https://www.leadershipnow.com/leadershop/images/9781637560143.jpg,https://amzn.to/3yD1cBt,False
EDITION00673,BOOK01620,459,9781637560297,9781637560297,9781637560297,Valid ISBN-13,Wonderwell,2024-04-23,2024,Hardcover,224.0,,https://www.leadershipnow.com/leadershop/images/9781637560297.jpg,https://amzn.to/3NZLJSM,False
EDITION00674,BOOK01621,1055,9781637581513,9781637581513,9781637581513,Valid ISBN-13,Savio Republic,2022-03-08,2022,Hardcover,256.0,,https://www.leadershipnow.com/leadershop/images/9781637581513.jpg,https://amzn.to/3t3rFnc,False
EDITION00675,BOOK01622,1004,9781637582930,9781637582930,9781637582930,Valid ISBN-13,Post Hill Press,2022-05-03,2022,Hardcover,248.0,,https://www.leadershipnow.com/leadershop/images/9781637582930.jpg,https://amzn.to/3KpiF2r,False
EDITION00676,BOOK01623,901,9781637582954,9781637582954,9781637582954,Valid ISBN-13,Savio Republic,2022-10-25,2022,Hardcover,176.0,,https://www.leadershipnow.com/leadershop/images/9781637582954.jpg,https://amzn.to/3L3tbg6,False
EDITION00677,BOOK01624,579,9781637586860,9781637586860,9781637586860,Valid ISBN-13,Savio Republic,2023-10-03,2023,Paperback,176.0,,https://www.leadershipnow.com/leadershop/images/9781637586860.jpg,https://amzn.to/3JP0AgV,False
EDITION00678,BOOK01625,157,9781637586976,9781637586976,9781637586976,Valid ISBN-13,Post Hill Press,2025-04-02,2025,Hardcover,400.0,,https://www.leadershipnow.com/leadershop/images/9781637586976.jpg,https://amzn.to/4hNdie2,False
EDITION00679,BOOK01626,727,9781637587560,9781637587560,9781637587560,Valid ISBN-13,Savio Republic,2023-04-04,2023,Paperback,194.0,,https://www.leadershipnow.com/leadershop/images/9781637587560.jpg,https://amzn.to/3lq83cQ,False
EDITION00680,BOOK01627,982,9781637630792,9781637630792,9781637630792,Valid ISBN-13,Forefront Books,2022-06-07,2022,Hardcover,256.0,,https://www.leadershipnow.com/leadershop/images/9781637630792.jpg,https://amzn.to/3JfM6Ex,False
EDITION00681,BOOK01628,732,9781637631195,9781637631195,9781637631195,Valid ISBN-13,Forefront Books,2023-04-11,2023,Hardcover,240.0,,https://www.leadershipnow.com/leadershop/images/9781637631195.jpg,https://amzn.to/40kHzcl,False
EDITION00682,BOOK01629,550,9781637631812,9781637631812,9781637631812,Valid ISBN-13,Worth,2023-11-07,2023,Hardcover,272.0,,https://www.leadershipnow.com/leadershop/images/9781637631812.jpg,https://amzn.to/46Rrrlx,False
EDITION00683,BOOK01630,486,9781637631836,9781637631836,9781637631836,Valid ISBN-13,Forefront Books,2024-03-26,2024,Hardcover,464.0,,https://www.leadershipnow.com/leadershop/images/9781637631836.jpg,https://amzn.to/4bSyTQP,False
EDITION00684,BOOK01631,444,9781637632611,9781637632611,9781637632611,Valid ISBN-13,Forefront Books,2024-04-02,2024,Hardcover,256.0,,https://www.leadershipnow.com/leadershop/images/9781637632611.jpg,https://amzn.to/3wseHoj,False
EDITION00685,BOOK01632,449,9781637632796,9781637632796,9781637632796,Valid ISBN-13,Forefront Books,2024-04-09,2024,Hardcover,272.0,,https://www.leadershipnow.com/leadershop/images/9781637632796.jpg,https://amzn.to/49kb1Tm,False
EDITION00686,BOOK01633,408,9781637632987,9781637632987,9781637632987,Valid ISBN-13,Forefront Books,2024-05-07,2024,Hardcover,320.0,,https://www.leadershipnow.com/leadershop/images/9781637632987.jpg,https://amzn.to/3ToaQR7,False
EDITION00687,BOOK01634,84,9781637634585,9781637634585,9781637634585,Valid ISBN-13,StoryBrand Books,2025-08-12,2025,Hardcover,304.0,,https://www.leadershipnow.com/leadershop/images/9781637634585.jpg,https://amzn.to/4jlQHpX,False
EDITION00688,BOOK01635,1088,9781637740613,9781637740613,9781637740613,Valid ISBN-13,Matt Holt,2022-02-15,2022,Hardcover,288.0,,https://www.leadershipnow.com/leadershop/images/9781637740613.jpg,https://amzn.to/3nY70zq,False
EDITION00689,BOOK01636,1014,9781637740651,9781637740651,9781637740651,Valid ISBN-13,Matt Holt,2022-05-10,2022,Hardcover,272.0,,https://www.leadershipnow.com/leadershop/images/9781637740651.jpg,https://amzn.to/3rXL2yc,False
EDITION00690,BOOK01637,1035,9781637740699,9781637740699,9781637740699,Valid ISBN-13,Matt Holt,2022-04-05,2022,Hardcover,264.0,,https://www.leadershipnow.com/leadershop/images/9781637740699.jpg,https://amzn.to/3hWphcL,False
EDITION00691,BOOK01638,940,9781637740835,9781637740835,9781637740835,Valid ISBN-13,Matt Holt,2022-08-09,2022,Hardcover,256.0,,https://www.leadershipnow.com/leadershop/images/9781637740835.jpg,https://amzn.to/3AX0oX1,False
EDITION00692,BOOK01639,775,9781637740972,9781637740972,9781637740972,Valid ISBN-13,Matt Holt,2023-03-21,2023,Hardcover,256.0,,https://www.leadershipnow.com/leadershop/images/9781637740972.jpg,https://amzn.to/3W5Qqw3,False
EDITION00693,BOOK01640,960,9781637740996,9781637740996,9781637740996,Valid ISBN-13,Matt Holt,2022-07-12,2022,Hardcover,240.0,,https://www.leadershipnow.com/leadershop/images/9781637740996.jpg,https://amzn.to/3y5tfsL,False
EDITION00694,BOOK01641,981,9781637741221,9781637741221,9781637741221,Valid ISBN-13,Matt Holt,2022-06-07,2022,Hardcover,240.0,,https://www.leadershipnow.com/leadershop/images/9781637741221.jpg,https://amzn.to/3sqtDi1,False
EDITION00695,BOOK01642,935,9781637741740,9781637741740,9781637741740,Valid ISBN-13,Matt Holt,2022-08-02,2022,Hardcover,368.0,,https://www.leadershipnow.com/leadershop/images/9781637741740.jpg,https://amzn.to/3Lk6jcc,False
EDITION00696,BOOK01643,861,9781637741948,9781637741948,9781637741948,Valid ISBN-13,Matt Holt,2022-11-08,2022,Hardcover,288.0,,https://www.leadershipnow.com/leadershop/images/9781637741948.jpg,https://amzn.to/3MTzdlr,False
EDITION00697,BOOK01644,823,9781637741986,9781637741986,9781637741986,Valid ISBN-13,Matt Holt,2023-01-17,2023,Hardcover,304.0,,https://www.leadershipnow.com/leadershop/images/9781637741986.jpg,https://amzn.to/3hxOKN8,False
EDITION00698,BOOK01645,830,9781637742020,9781637742020,9781637742020,Valid ISBN-13,Matt Holt,2023-01-24,2023,Hardcover,264.0,,https://www.leadershipnow.com/leadershop/images/9781637742020.jpg,https://amzn.to/3EhkT35,False
EDITION00699,BOOK01646,843,9781637742228,9781637742228,9781637742228,Valid ISBN-13,Matt Holt,2022-12-08,2022,Hardcover,328.0,,https://www.leadershipnow.com/leadershop/images/9781637742228.jpg,https://amzn.to/3AfTeOz,False
EDITION00700,BOOK01647,796,9781637742778,9781637742778,9781637742778,Valid ISBN-13,Matt Holt,2023-02-07,2023,Hardcover,288.0,,https://www.leadershipnow.com/leadershop/images/9781637742778.jpg,https://amzn.to/3Y2Ie0w,False
EDITION00701,BOOK01648,764,9781637742877,9781637742877,9781637742877,Valid ISBN-13,Matt Holt,2023-03-07,2023,Hardcover,264.0,,https://www.leadershipnow.com/leadershop/images/9781637742877.jpg,https://amzn.to/3udNMsk,False
EDITION00702,BOOK01649,738,9781637742891,9781637742891,9781637742891,Valid ISBN-13,Matt Holt,2023-04-11,2023,Hardcover,304.0,,https://www.leadershipnow.com/leadershop/images/9781637742891.jpg,https://amzn.to/3Zs65XU,False
EDITION00703,BOOK01650,675,9781637742938,9781637742938,9781637742938,Valid ISBN-13,Matt Holt,2023-07-25,2023,Hardcover,256.0,,https://www.leadershipnow.com/leadershop/images/9781637742938.jpg,https://amzn.to/3N4t2xn,False
EDITION00704,BOOK01651,931,9781637743294,9781637743294,9781637743294,Valid ISBN-13,Matt Holt,2022-09-27,2022,Hardcover,181.0,,https://www.leadershipnow.com/leadershop/images/9781637743294.jpg,https://amzn.to/3vJJaeN,False
EDITION00705,BOOK01652,785,9781637743621,9781637743621,9781637743621,Valid ISBN-13,Matt Holt,2023-03-28,2023,Hardcover,261.0,,https://www.leadershipnow.com/leadershop/images/9781637743621.jpg,https://amzn.to/3r0hnqH,False
EDITION00706,BOOK01653,649,9781637743669,9781637743669,9781637743669,Valid ISBN-13,BenBella Books,2023-08-22,2023,Hardcover,240.0,,https://www.leadershipnow.com/leadershop/images/9781637743669.jpg,https://amzn.to/45CaWd9,False
EDITION00707,BOOK01654,625,9781637743706,9781637743706,9781637743706,Valid ISBN-13,BenBella Books,2023-09-19,2023,Hardcover,160.0,,https://www.leadershipnow.com/leadershop/images/9781637743706.jpg,https://amzn.to/3IUelKQ,False
EDITION00708,BOOK01655,605,9781637744000,9781637744000,9781637744000,Valid ISBN-13,Matt Holt,2023-09-05,2023,Hardcover,256.0,,https://www.leadershipnow.com/leadershop/images/9781637744000.jpg,https://amzn.to/3Jakvqh,False
EDITION00709,BOOK01656,630,9781637744024,9781637744024,9781637744024,Valid ISBN-13,Matt Holt,2023-09-26,2023,Hardcover,256.0,,https://www.leadershipnow.com/leadershop/images/9781637744024.jpg,https://amzn.to/3rkqZgb,False
EDITION00710,BOOK01657,570,9781637744048,9781637744048,9781637744048,Valid ISBN-13,Matt Holt,2023-10-03,2023,Hardcover,256.0,,https://www.leadershipnow.com/leadershop/images/9781637744048.jpg,https://amzn.to/3NgZWdW,False
EDITION00711,BOOK01658,562,9781637744123,9781637744123,9781637744123,Valid ISBN-13,Matt Holt,2023-11-14,2023,Hardcover,256.0,,https://www.leadershipnow.com/leadershop/images/9781637744123.jpg,https://amzn.to/3s5D1dU,False
EDITION00712,BOOK01659,400,9781637744604,9781637744604,9781637744604,Valid ISBN-13,BenBella Books,2024-06-18,2024,Hardcover,352.0,,https://www.leadershipnow.com/leadershop/images/9781637744604.jpg,https://amzn.to/48YEXEz,False
EDITION00713,BOOK01660,504,9781637744703,9781637744703,9781637744703,Valid ISBN-13,Matt Holt,2024-02-27,2024,Hardcover,272.0,,https://www.leadershipnow.com/leadershop/images/9781637744703.jpg,https://amzn.to/3QzYLYQ,False
EDITION00714,BOOK01661,473,9781637744741,9781637744741,9781637744741,Valid ISBN-13,Matt Holt,2024-03-12,2024,Hardcover,256.0,,https://www.leadershipnow.com/leadershop/images/9781637744741.jpg,https://amzn.to/48BegWb,False
EDITION00715,BOOK01662,499,9781637744802,9781637744802,9781637744802,Valid ISBN-13,Matt Holt,2024-02-20,2024,Hardcover,224.0,,https://www.leadershipnow.com/leadershop/images/9781637744802.jpg,https://amzn.to/3ufO3yf,False
EDITION00716,BOOK01663,457,9781637744840,9781637744840,9781637744840,Valid ISBN-13,Matt Holt,2024-04-23,2024,Hardcover,256.0,,https://www.leadershipnow.com/leadershop/images/9781637744840.jpg,https://amzn.to/4ay9iLm,False
EDITION00717,BOOK01664,394,9781637744864,9781637744864,9781637744864,Valid ISBN-13,Matt Holt,2024-06-11,2024,Hardcover,256.0,,https://www.leadershipnow.com/leadershop/images/9781637744864.jpg,https://amzn.to/3QJAdfG,False
EDITION00718,BOOK01665,484,9781637745144,9781637745144,9781637745144,Valid ISBN-13,BenBella Books,2024-03-26,2024,Hardcover,256.0,,https://www.leadershipnow.com/leadershop/images/9781637745144.jpg,https://amzn.to/3GPMVnV,False
EDITION00719,BOOK01666,483,9781637745236,9781637745236,9781637745236,Valid ISBN-13,Matt Holt,2024-03-26,2024,Hardcover,256.0,,https://www.leadershipnow.com/leadershop/images/9781637745236.jpg,https://amzn.to/3UBJMQw,False
EDITION00720,BOOK01667,359,9781637745595,9781637745595,9781637745595,Valid ISBN-13,Matt Holt,2024-08-20,2024,Hardcover,288.0,,https://www.leadershipnow.com/leadershop/images/9781637745595.jpg,https://amzn.to/4bSoXWf,False
EDITION00721,BOOK01668,364,9781637745618,9781637745618,9781637745618,Valid ISBN-13,Matt Holt,2024-08-27,2024,Hardcover,200.0,,https://www.leadershipnow.com/leadershop/images/9781637745618.jpg,https://amzn.to/4c5juLN,False
EDITION00722,BOOK01669,320,9781637745656,9781637745656,9781637745656,Valid ISBN-13,Matt Holt,2024-09-03,2024,Hardcover,208.0,,https://www.leadershipnow.com/leadershop/images/9781637745656.jpg,https://amzn.to/4dFy1zs,False
EDITION00723,BOOK01670,257,9781637745779,9781637745779,9781637745779,Valid ISBN-13,Matt Holt,2024-12-03,2024,Hardcover,256.0,,https://www.leadershipnow.com/leadershop/images/9781637745779.jpg,https://amzn.to/3SRVAfM,False
EDITION00724,BOOK01671,131,9781637746219,9781637746219,9781637746219,Valid ISBN-13,BenBella Books,2025-06-24,2025,Hardcover,288.0,,https://www.leadershipnow.com/leadershop/images/9781637746219.jpg,https://amzn.to/3FalF6b,False
EDITION00725,BOOK01672,211,9781637746271,9781637746271,9781637746271,Valid ISBN-13,Matt Holt Books,2025-02-11,2025,Hardcover,256.0,,https://www.leadershipnow.com/leadershop/images/9781637746271.jpg,https://amzn.to/4eCfDHo,False
EDITION00726,BOOK01673,205,9781637746332,9781637746332,9781637746332,Valid ISBN-13,Matt Holt Books,2025-02-04,2025,Hardcover,168.0,,https://www.leadershipnow.com/leadershop/images/9781637746332.jpg,https://amzn.to/40SamYr,False
EDITION00727,BOOK01674,173,9781637746455,9781637746455,9781637746455,Valid ISBN-13,Matt Holt Books,2025-04-29,2025,Hardcover,272.0,,https://www.leadershipnow.com/leadershop/images/9781637746455.jpg,https://amzn.to/42aGo1f,False
EDITION00728,BOOK01675,141,9781637746769,9781637746769,9781637746769,Valid ISBN-13,Matt Holt Books,2025-05-13,2025,Hardcover,256.0,,https://www.leadershipnow.com/leadershop/images/9781637746769.jpg,https://amzn.to/4iZXqWt,False
EDITION00729,BOOK01676,148,9781637746806,9781637746806,9781637746806,Valid ISBN-13,Matt Holt Books,2025-05-20,2025,Hardcover,288.0,,https://www.leadershipnow.com/leadershop/images/9781637746806.jpg,https://amzn.to/3DzrvNp,False
EDITION00730,BOOK01677,126,9781637746868,9781637746868,9781637746868,Valid ISBN-13,BenBella Books,2025-06-10,2025,Hardcover,240.0,,https://www.leadershipnow.com/leadershop/images/9781637746868.jpg,https://amzn.to/4jUTerw,False
EDITION00731,BOOK01678,128,9781637746905,9781637746905,9781637746905,Valid ISBN-13,Matt Holt Books,2025-06-17,2025,Hardcover,240.0,,https://www.leadershipnow.com/leadershop/images/9781637746905.jpg,https://amzn.to/4kkllRg,False
EDITION00732,BOOK01679,97,9781637746967,9781637746967,9781637746967,Valid ISBN-13,Matt Holt Books,2025-07-01,2025,Hardcover,256.0,,https://www.leadershipnow.com/leadershop/images/9781637746967.jpg,https://amzn.to/3ZEw1Ce,False
EDITION00733,BOOK01680,56,9781637747278,9781637747278,9781637747278,Valid ISBN-13,Matt Holt Books,2025-09-02,2025,Hardcover,264.0,,https://www.leadershipnow.com/leadershop/images/9781637747278.jpg,https://amzn.to/3HNm7Zs,False
EDITION00734,BOOK01681,69,9781637747353,9781637747353,9781637747353,Valid ISBN-13,Matt Holt Books,2025-09-23,2025,Hardcover,240.0,,https://www.leadershipnow.com/leadershop/images/9781637747353.jpg,https://amzn.to/4p212eC,False
EDITION00735,BOOK01682,40,9781637747452,9781637747452,9781637747452,Valid ISBN-13,BenBella Books,2025-10-14,2025,Paperback,256.0,,https://www.leadershipnow.com/leadershop/images/9781637747452.jpg,https://amzn.to/4paEys7,False
EDITION00736,BOOK01683,4,9781637747841,9781637747841,9781637747841,Valid ISBN-13,BenBella Books,2025-12-02,2025,Hardcover,400.0,,https://www.leadershipnow.com/leadershop/images/9781637747841.jpg,https://amzn.to/3XqSEc4,False
EDITION00737,BOOK01684,1091,9781639080021,9781639080021,9781639080021,Valid ISBN-13,Fast Company Press,2022-02-22,2022,Hardcover,288.0,,https://www.leadershipnow.com/leadershop/images/9781639080021.jpg,https://amzn.to/3HBn29b,False
EDITION00738,BOOK01685,1047,9781639080045,9781639080045,9781639080045,Valid ISBN-13,Fast Company Press,2022-03-01,2022,Hardcover,320.0,,https://www.leadershipnow.com/leadershop/images/9781639080045.jpg,https://amzn.to/3rDkAuu,False
EDITION00739,BOOK01686,694,9781639080328,9781639080328,9781639080328,Valid ISBN-13,Fast Company Press,2023-06-20,2023,Hardcover,224.0,,https://www.leadershipnow.com/leadershop/images/9781639080328.jpg,https://amzn.to/3ZVSJ6A,False
EDITION00740,BOOK01687,799,9781639080403,9781639080403,9781639080403,Valid ISBN-13,Fast Company Press,2023-02-13,2023,Paperback,254.0,,https://www.leadershipnow.com/leadershop/images/9781639080403.jpg,https://amzn.to/3KFV7dy,False
EDITION00741,BOOK01688,590,9781639080472,9781639080472,9781639080472,Valid ISBN-13,Fast Company Press,2023-10-24,2023,Hardcover,200.0,,https://www.leadershipnow.com/leadershop/images/9781639080472.jpg,https://amzn.to/3OSYf7W,False
EDITION00742,BOOK01689,786,9781639080588,9781639080588,9781639080588,Valid ISBN-13,Fast Company Press,2023-03-30,2023,Paperback,304.0,,https://www.leadershipnow.com/leadershop/images/9781639080588.jpg,https://amzn.to/3L6CX4m,False
EDITION00743,BOOK01690,49,9781639081592,9781639081592,9781639081592,Valid ISBN-13,Fast Company Press,2025-10-21,2025,Hardcover,240.0,,https://www.leadershipnow.com/leadershop/images/9781639081592.jpg,https://amzn.to/3KDhRN6,False
EDITION00744,BOOK01691,1098,9781639090075,9781639090075,9781639090075,Valid ISBN-13,An Inc. Original,2022-01-04,2022,Paperback,224.0,,https://www.leadershipnow.com/leadershop/images/9781639090075.jpg,https://amzn.to/3qAJXex,False
EDITION00745,BOOK01692,683,9781639090105,9781639090105,9781639090105,Valid ISBN-13,An Inc. Original,2023-06-06,2023,Paperback,360.0,,https://www.leadershipnow.com/leadershop/images/9781639090105.jpg,https://amzn.to/3FignSS,False
EDITION00746,BOOK01693,515,9781639090259,9781639090259,9781639090259,Valid ISBN-13,An Inc. Original,2024-01-09,2024,Hardcover,320.0,,https://www.leadershipnow.com/leadershop/images/9781639090259.jpg,https://amzn.to/3xbPcrX,False
EDITION00747,BOOK01694,242,9781639090518,9781639090518,9781639090518,Valid ISBN-13,Greenleaf Book Group,2025-01-21,2025,Hardcover,200.0,,https://www.leadershipnow.com/leadershop/images/9781639090518.jpg,https://amzn.to/3WoamwO,False
EDITION00748,BOOK01695,175,9781639090563,9781639090563,9781639090563,Valid ISBN-13,Greenleaf Book Group,2025-04-29,2025,Hardcover,222.0,,https://www.leadershipnow.com/leadershop/images/9781639090563.jpg,https://amzn.to/4in201u,False
EDITION00749,BOOK01696,274,9781639367283,9781639367283,9781639367283,Valid ISBN-13,The Economist Books,2024-11-05,2024,Hardcover,224.0,,https://www.leadershipnow.com/leadershop/images/9781639367283.jpg,https://amzn.to/4dxymUb,False
EDITION00750,BOOK01697,122,9781639368495,9781639368495,9781639368495,Valid ISBN-13,The Economist Books,2025-06-03,2025,Hardcover,304.0,,https://www.leadershipnow.com/leadershop/images/9781639368495.jpg,https://amzn.to/41eRsLm,False
EDITION00751,BOOK01698,327,9781639932979,9781639932979,9781639932979,Valid ISBN-13,Shadow Mountain,2024-09-10,2024,Hardcover,256.0,,https://www.leadershipnow.com/leadershop/images/9781639932979.jpg,https://amzn.to/3KEbcPr,False
EDITION00752,BOOK01699,604,9781640656529,9781640656529,9781640656529,Valid ISBN-13,Morehouse Publishing,2023-09-05,2023,Hardcover,224.0,,https://www.leadershipnow.com/leadershop/images/9781640656529.jpg,https://amzn.to/3OZaEr4,False
EDITION00753,BOOK01700,259,9781640955523,9781640955523,9781640955523,Valid ISBN-13,Sound Wisdom,2024-12-03,2024,Paperback,176.0,,https://www.leadershipnow.com/leadershop/images/9781640955523.jpg,https://amzn.to/48ATcAS,False
EDITION00754,BOOK01701,368,9781640955561,9781640955561,9781640955561,Valid ISBN-13,Sound Wisdom,2024-07-05,2024,Paperback,96.0,,https://www.leadershipnow.com/leadershop/images/9781640955561.jpg,https://amzn.to/4ahQp0i,False
EDITION00755,BOOK01702,258,9781640955677,9781640955677,9781640955677,Valid ISBN-13,Sound Wisdom,2024-12-03,2024,Paperback,272.0,,https://www.leadershipnow.com/leadershop/images/9781640955677.jpg,https://amzn.to/40rgqr6,False
EDITION00756,BOOK01703,7,9781640955837,9781640955837,9781640955837,Valid ISBN-13,Sound Wisdom,2025-12-09,2025,Paperback,176.0,,https://www.leadershipnow.com/leadershop/images/9781640955837.jpg,https://amzn.to/47WByZE,False
EDITION00757,BOOK01704,730,9781641467629,9781641467629,9781641467629,Valid ISBN-13,Made for Success,2023-04-04,2023,Hardcover,350.0,,https://www.leadershipnow.com/leadershop/images/9781641467629.jpg,https://amzn.to/3oDrssm,False
EDITION00758,BOOK01705,281,9781641468947,9781641468947,9781641468947,Valid ISBN-13,"Blackstone Publishing, Inc.",2024-11-12,2024,Paperback,240.0,,https://www.leadershipnow.com/leadershop/images/9781641468947.jpg,https://amzn.to/3Cq408K,False
EDITION00759,BOOK01706,314,9781641469029,9781641469029,9781641469029,Valid ISBN-13,"Blackstone Publishing, Inc.",2024-10-29,2024,Hardcover,175.0,,https://www.leadershipnow.com/leadershop/images/9781641469029.jpg,https://amzn.to/3Z7VSmE,False
EDITION00760,BOOK01707,498,9781642011623,9781642011623,9781642011623,Valid ISBN-13,Entrepreneur Press,2024-02-13,2024,Paperback,308.0,,https://www.leadershipnow.com/leadershop/images/9781642011623.jpg,https://amzn.to/3Wlydh0,False
EDITION00761,BOOK01708,342,9781642011777,9781642011777,9781642011777,Valid ISBN-13,Entrepreneur Press,2024-09-17,2024,Paperback,200.0,,https://www.leadershipnow.com/leadershop/images/9781642011777.jpg,https://amzn.to/3Z07isW,False
EDITION00762,BOOK01709,1092,9781642251425,9781642251425,9781642251425,Valid ISBN-13,Advantage Media Group,2022-02-22,2022,Hardcover,216.0,,https://www.leadershipnow.com/leadershop/images/9781642251425.jpg,https://amzn.to/3rRQJwU,False
EDITION00763,BOOK01710,762,9781642254136,9781642254136,9781642254136,Valid ISBN-13,Advantage Media Group,2023-03-07,2023,Hardcover,112.0,,https://www.leadershipnow.com/leadershop/images/9781642254136.jpg,https://amzn.to/3KIF9h1,False
EDITION00764,BOOK01711,442,9781642255942,9781642255942,9781642255942,Valid ISBN-13,Advantage Media Group,2024-04-02,2024,Paperback,150.0,,https://www.leadershipnow.com/leadershop/images/9781642255942.jpg,https://amzn.to/49eXXPl,False
EDITION00765,BOOK01712,512,9781642256635,9781642256635,9781642256635,Valid ISBN-13,ForbesBooks,2024-01-02,2024,Hardcover,208.0,,https://www.leadershipnow.com/leadershop/images/9781642256635.jpg,https://amzn.to/478Vxkj,False
EDITION00766,BOOK01713,513,9781642257625,9781642257625,9781642257625,Valid ISBN-13,Advantage Media Group,2024-01-02,2024,Paperback,176.0,,https://www.leadershipnow.com/leadershop/images/9781642257625.jpg,https://amzn.to/3xPVei5,False
EDITION00767,BOOK01714,266,9781642257861,9781642257861,9781642257861,Valid ISBN-13,ForbesBooks,2024-12-17,2024,Hardcover,280.0,,https://www.leadershipnow.com/leadershop/images/9781642257861.jpg,https://amzn.to/4fvMX3k,False
EDITION00768,BOOK01715,521,9781642258561,9781642258561,9781642258561,Valid ISBN-13,Advantage Media Group,2024-01-09,2024,Paperback,164.0,,https://www.leadershipnow.com/leadershop/images/9781642258561.jpg,https://amzn.to/3NAXG0S,False
EDITION00769,BOOK01716,516,9781642259186,9781642259186,9781642259186,Valid ISBN-13,Advantage Media Group,2024-01-09,2024,Paperback,222.0,,https://www.leadershipnow.com/leadershop/images/9781642259186.jpg,https://amzn.to/3QjQ7x2,False
EDITION00770,BOOK01717,452,9781642259377,9781642259377,9781642259377,Valid ISBN-13,Advantage Media Group,2024-04-16,2024,Hardcover,190.0,,https://www.leadershipnow.com/leadershop/images/9781642259377.jpg,https://amzn.to/3VGErrY,False
EDITION00771,BOOK01718,346,9781642259902,9781642259902,9781642259902,Valid ISBN-13,Advantage Media Group,2024-09-24,2024,Paperback,192.0,,https://www.leadershipnow.com/leadershop/images/9781642259902.jpg,https://amzn.to/3MkyvyU,False
EDITION00772,BOOK01719,745,9781642507946,9781642507946,9781642507946,Invalid check digit,Mango,2023-04-18,2023,Hardcover,260.0,,https://www.leadershipnow.com/leadershop/images/9781642507946.jpg,https://amzn.to/40PB54T,False
EDITION00773,BOOK01720,1095,9781643138794,9781643138794,9781643138794,Valid ISBN-13,Pegasus Books,2022-01-04,2022,Hardcover,452.0,,https://www.leadershipnow.com/leadershop/images/9781643138794.jpg,https://amzn.to/3si9XMA,False
EDITION00774,BOOK01721,231,9781643435466,9781643435466,9781643435466,Valid ISBN-13,Beaver's Pond Press,2025-01-07,2025,Paperback,104.0,,https://www.leadershipnow.com/leadershop/images/9781643435466.jpg,https://amzn.to/40aM77H,False
EDITION00775,BOOK01722,974,9781646636617,9781646636617,9781646636617,Valid ISBN-13,Koehler Books,2022-06-06,2022,Paperback,206.0,,https://www.leadershipnow.com/leadershop/images/9781646636617.jpg,https://amzn.to/3S5YWdh,False
EDITION00776,BOOK01723,1061,9781646870615,9781646870615,9781646870615,Valid ISBN-13,Ideapress Publishing,2022-03-22,2022,Hardcover,175.0,,https://www.leadershipnow.com/leadershop/images/9781646870615.jpg,https://amzn.to/33RLw00,False
EDITION00777,BOOK01724,1121,9781646870776,9781646870776,9781646870776,Valid ISBN-13,Ideapress Publishing,2022-01-25,2022,Hardcover,168.0,,https://www.leadershipnow.com/leadershop/images/9781646870776.jpg,https://amzn.to/3o4A5ZR,False
EDITION00778,BOOK01725,906,9781646871100,9781646871100,9781646871100,Valid ISBN-13,Ideapress Publishing,2022-10-25,2022,Hardcover,225.0,,https://www.leadershipnow.com/leadershop/images/9781646871100.jpg,https://amzn.to/3fi6Uku,False
EDITION00779,BOOK01726,875,9781646871216,9781646871216,9781646871216,Valid ISBN-13,Ideapress Publishing,2022-11-29,2022,Hardcover,134.0,,https://www.leadershipnow.com/leadershop/images/9781646871216.jpg,https://amzn.to/3gGRs1Z,False
EDITION00780,BOOK01727,729,9781646871223,9781646871223,9781646871223,Valid ISBN-13,Ideapress Publishing,2023-04-04,2023,Hardcover,180.0,,https://www.leadershipnow.com/leadershop/images/9781646871223.jpg,https://amzn.to/3Klwp1y,False
EDITION00781,BOOK01728,567,9781646871353,9781646871353,9781646871353,Valid ISBN-13,Ideapress Publishing,2023-11-28,2023,Hardcover,261.0,,https://www.leadershipnow.com/leadershop/images/9781646871353.jpg,https://amzn.to/3NCUpya,False
EDITION00782,BOOK01729,650,9781646871377,9781646871377,9781646871377,Valid ISBN-13,Ideapress Publishing,2023-08-22,2023,Hardcover,264.0,,https://www.leadershipnow.com/leadershop/images/9781646871377.jpg,https://amzn.to/3qfsDz7,False
EDITION00783,BOOK01730,451,9781646871544,9781646871544,9781646871544,Valid ISBN-13,Ideapress Publishing,2024-04-16,2024,Hardcover,200.0,,https://www.leadershipnow.com/leadershop/images/9781646871544.jpg,https://amzn.to/4f1Ssa3,False
EDITION00784,BOOK01731,293,9781646871612,9781646871612,9781646871612,Valid ISBN-13,Ideapress Publishing,2024-10-01,2024,Hardcover,208.0,,https://www.leadershipnow.com/leadershop/images/9781646871612.jpg,https://amzn.to/4e2iEk4,False
EDITION00785,BOOK01732,345,9781646871728,9781646871728,9781646871728,Valid ISBN-13,Ideapress Publishing,2024-09-17,2024,Hardcover,250.0,,https://www.leadershipnow.com/leadershop/images/9781646871728.jpg,https://amzn.to/48FQ7zr,False
EDITION00786,BOOK01733,387,9781647124229,9781647124229,9781647124229,Valid ISBN-13,Georgetown University Press,2024-06-03,2024,Hardcover,392.0,,https://www.leadershipnow.com/leadershop/images/9781647124229.jpg,https://amzn.to/4bUgCS0,False
EDITION00787,BOOK01734,254,9781647124830,9781647124830,9781647124830,Valid ISBN-13,Georgetown University Press,2024-12-02,2024,Paperback,312.0,,https://www.leadershipnow.com/leadershop/images/9781647124830.jpg,https://amzn.to/3VBlTbG,False
EDITION00788,BOOK01735,226,9781647125301,9781647125301,9781647125301,Valid ISBN-13,Georgetown University Press,2025-01-02,2025,Hardcover,256.0,,https://www.leadershipnow.com/leadershop/images/9781647125301.jpg,https://amzn.to/3VvGv4P,False
EDITION00789,BOOK01736,1037,9781647610159,9781647610159,9781647610159,Valid ISBN-13,Center for Creative Leadership,2022-04-12,2022,Paperback,250.0,,https://www.leadershipnow.com/leadershop/images/9781647610159.jpg,https://amzn.to/3mKmHZU,False
EDITION00790,BOOK01737,1015,9781647820107,9781647820107,9781647820107,Valid ISBN-13,Harvard Business Review Press,2022-05-10,2022,Hardcover,256.0,,https://www.leadershipnow.com/leadershop/images/9781647820107.jpg,https://amzn.to/33SxgEo,False
EDITION00791,BOOK01738,1060,9781647820428,9781647820428,9781647820428,Valid ISBN-13,Harvard Business Review Press,2022-03-15,2022,Hardcover,416.0,,https://www.leadershipnow.com/leadershop/images/9781647820428.jpg,https://amzn.to/3KPR63H,False
EDITION00792,BOOK01739,807,9781647820558,9781647820558,9781647820558,Valid ISBN-13,Harvard Business Review Press,2023-02-28,2023,Hardcover,208.0,,https://www.leadershipnow.com/leadershop/images/9781647820558.jpg,https://amzn.to/3wESwZ6,False
EDITION00793,BOOK01740,1112,9781647820732,9781647820732,9781647820732,Valid ISBN-13,Harvard Business Review Press,2022-01-18,2022,Hardcover,224.0,,https://www.leadershipnow.com/leadershop/images/9781647820732.jpg,https://amzn.to/3t3jxo7,False
EDITION00794,BOOK01741,942,9781647821043,9781647821043,9781647821043,Valid ISBN-13,Harvard Business Review Press,2022-08-09,2022,Hardcover,256.0,,https://www.leadershipnow.com/leadershop/images/9781647821043.jpg,https://amzn.to/3F29ns2,False
EDITION00795,BOOK01742,919,9781647821067,9781647821067,9781647821067,Valid ISBN-13,Harvard Business Review Press,2022-09-13,2022,Hardcover,256.0,,https://www.leadershipnow.com/leadershop/images/9781647821067.jpg,https://amzn.to/37IypAo,False
EDITION00796,BOOK01743,1044,9781647821081,9781647821081,9781647821081,Valid ISBN-13,Harvard Business Review Press,2022-04-26,2022,Hardcover,256.0,,https://www.leadershipnow.com/leadershop/images/9781647821081.jpg,https://amzn.to/3AFLZhP,False
EDITION00797,BOOK01744,1106,9781647821159,9781647821159,9781647821159,Valid ISBN-13,Harvard Business Review Press,2022-01-11,2022,Hardcover,256.0,,https://www.leadershipnow.com/leadershop/images/9781647821159.jpg,https://amzn.to/3cMYJb2,False
EDITION00798,BOOK01745,1030,9781647821234,9781647821234,9781647821234,Valid ISBN-13,Harvard Business Review Press,2022-04-05,2022,Hardcover,256.0,,https://www.leadershipnow.com/leadershop/images/9781647821234.jpg,https://amzn.to/3DMlzet,False
EDITION00799,BOOK01746,859,9781647821289,9781647821289,9781647821289,Valid ISBN-13,Harvard Business Review Press,2022-11-08,2022,Hardcover,256.0,,https://www.leadershipnow.com/leadershop/images/9781647821289.jpg,https://amzn.to/3w877gd,False
EDITION00800,BOOK01747,709,9781647821326,9781647821326,9781647821326,Valid ISBN-13,Harvard Business Review Press,2023-05-02,2023,Hardcover,256.0,,https://www.leadershipnow.com/leadershop/images/9781647821326.jpg,https://amzn.to/3invORe,False
EDITION00801,BOOK01748,1024,9781647821807,9781647821807,9781647821807,Valid ISBN-13,Harvard Business Review Press,2022-05-24,2022,Hardcover,300.0,,https://www.leadershipnow.com/leadershop/images/9781647821807.jpg,https://amzn.to/3HE6gHm,False
EDITION00802,BOOK01749,1087,9781647821951,9781647821951,9781647821951,Valid ISBN-13,Harvard Business Review Press,2022-02-15,2022,Hardcover,256.0,,https://www.leadershipnow.com/leadershop/images/9781647821951.jpg,https://amzn.to/3EUOa2m,False
EDITION00803,BOOK01750,1099,9781647822323,9781647822323,9781647822323,Valid ISBN-13,Harvard Business Review Press,2022-01-04,2022,Hardcover,256.0,,https://www.leadershipnow.com/leadershop/images/9781647822323.jpg,https://amzn.to/3olE1WD,False
EDITION00804,BOOK01751,736,9781647822538,9781647822538,9781647822538,Valid ISBN-13,Harvard Business Review Press,2023-04-11,2023,Hardcover,256.0,,https://www.leadershipnow.com/leadershop/images/9781647822538.jpg,https://amzn.to/3VPMteT,False
EDITION00805,BOOK01752,855,9781647822743,9781647822743,9781647822743,Valid ISBN-13,Harvard Business Review Press,2022-11-01,2022,Hardcover,376.0,,https://www.leadershipnow.com/leadershop/images/9781647822743.jpg,https://amzn.to/3sPQzHO,False
EDITION00806,BOOK01753,959,9781647822811,9781647822811,9781647822811,Valid ISBN-13,Harvard Business Review Press,2022-07-12,2022,Hardcover,224.0,,https://www.leadershipnow.com/leadershop/images/9781647822811.jpg,https://amzn.to/3AEBBqJ,False
EDITION00807,BOOK01754,574,9781647822873,9781647822873,9781647822873,Valid ISBN-13,Harvard Business Review Press,2023-10-03,2023,Hardcover,240.0,,https://www.leadershipnow.com/leadershop/images/9781647822873.jpg,https://amzn.to/3PGY8Na,False
EDITION00808,BOOK01755,964,9781647823016,9781647823016,9781647823016,Valid ISBN-13,Harvard Business Review Press,2022-07-19,2022,Hardcover,256.0,,https://www.leadershipnow.com/leadershop/images/9781647823016.jpg,https://amzn.to/3HegkXe,False
EDITION00809,BOOK01756,765,9781647823221,9781647823221,9781647823221,Valid ISBN-13,Harvard Business Review Press,2023-03-07,2023,Hardcover,272.0,,https://www.leadershipnow.com/leadershop/images/9781647823221.jpg,https://amzn.to/3B4Cuui,False
EDITION00810,BOOK01757,990,9781647823412,9781647823412,9781647823412,Valid ISBN-13,Harvard Business Review Press,2022-06-14,2022,Hardcover,400.0,,https://www.leadershipnow.com/leadershop/images/9781647823412.jpg,https://amzn.to/3IgG6KY,False
EDITION00811,BOOK01758,495,9781647823436,9781647823436,9781647823436,Valid ISBN-13,Harvard Business Review Press,2024-02-13,2024,Hardcover,304.0,,https://www.leadershipnow.com/leadershop/images/9781647823436.jpg,https://amzn.to/46UDDRX,False
EDITION00812,BOOK01759,628,9781647823450,9781647823450,9781647823450,Valid ISBN-13,Harvard Business Review Press,2023-09-26,2023,Hardcover,224.0,,https://www.leadershipnow.com/leadershop/images/9781647823450.jpg,https://amzn.to/3K20jGU,False
EDITION00813,BOOK01760,1000,9781647823511,9781647823511,9781647823511,Valid ISBN-13,Harvard Business Review Press,2022-05-03,2022,Hardcover,256.0,,https://www.leadershipnow.com/leadershop/images/9781647823511.jpg,https://amzn.to/340KSxt,False
EDITION00814,BOOK01761,526,9781647823887,9781647823887,9781647823887,Valid ISBN-13,Harvard Business Review Press,2024-01-16,2024,Hardcover,256.0,,https://www.leadershipnow.com/leadershop/images/9781647823887.jpg,https://amzn.to/3ZShkKY,False
EDITION00815,BOOK01762,804,9781647823931,9781647823931,9781647823931,Valid ISBN-13,Harvard Business Review Press,2023-02-21,2023,Hardcover,256.0,,https://www.leadershipnow.com/leadershop/images/9781647823931.jpg,https://amzn.to/3Nlizfy,False
EDITION00816,BOOK01763,779,9781647823955,9781647823955,9781647823955,Valid ISBN-13,Harvard Business Review Press,2023-03-28,2023,Hardcover,256.0,,https://www.leadershipnow.com/leadershop/images/9781647823955.jpg,https://amzn.to/3uim3Xg,False
EDITION00817,BOOK01764,744,9781647823979,9781647823979,9781647823979,Valid ISBN-13,Harvard Business Review Press,2023-04-18,2023,Hardcover,256.0,,https://www.leadershipnow.com/leadershop/images/9781647823979.jpg,https://amzn.to/3uh1NFD,False
EDITION00818,BOOK01765,679,9781647824174,9781647824174,9781647824174,Valid ISBN-13,Harvard Business Review Press,2023-06-06,2023,Hardcover,256.0,,https://www.leadershipnow.com/leadershop/images/9781647824174.jpg,https://amzn.to/3B4TDnm,False
EDITION00819,BOOK01766,862,9781647824198,9781647824198,9781647824198,Valid ISBN-13,Harvard Business Review Press,2022-11-15,2022,Hardcover,256.0,,https://www.leadershipnow.com/leadershop/images/9781647824198.jpg,https://amzn.to/3Mb528O,False
EDITION00820,BOOK01767,829,9781647824693,9781647824693,9781647824693,Valid ISBN-13,Harvard Business Review Press,2023-01-24,2023,Hardcover,256.0,,https://www.leadershipnow.com/leadershop/images/9781647824693.jpg,https://amzn.to/3NyOsjK,False
EDITION00821,BOOK01768,172,9781647824716,9781647824716,9781647824716,Valid ISBN-13,Harvard Business Review Press,2025-04-22,2025,Hardcover,208.0,,https://www.leadershipnow.com/leadershop/images/9781647824716.jpg,https://amzn.to/41yZkrq,False
EDITION00822,BOOK01769,670,9781647824853,9781647824853,9781647824853,Valid ISBN-13,Harvard Business Review Press,2023-07-18,2023,Hardcover,224.0,,https://www.leadershipnow.com/leadershop/images/9781647824853.jpg,https://amzn.to/3unuL6O,False
EDITION00823,BOOK01770,103,9781647824877,9781647824877,9781647824877,Valid ISBN-13,Harvard Business Review Press,2025-07-22,2025,Hardcover,272.0,,https://www.leadershipnow.com/leadershop/images/9781647824877.jpg,https://amzn.to/3YoMtWZ,False
EDITION00824,BOOK01771,661,9781647824891,9781647824891,9781647824891,Valid ISBN-13,Harvard Business Review Press,2023-07-11,2023,Hardcover,256.0,,https://www.leadershipnow.com/leadershop/images/9781647824891.jpg,https://amzn.to/3UsY6qZ,False
EDITION00825,BOOK01772,490,9781647825096,9781647825096,9781647825096,Valid ISBN-13,Harvard Business Review Press,2024-02-06,2024,Hardcover,224.0,,https://www.leadershipnow.com/leadershop/images/9781647825096.jpg,https://amzn.to/3vcjERT,False
EDITION00826,BOOK01773,712,9781647825119,9781647825119,9781647825119,Valid ISBN-13,Harvard Business Review Press,2023-05-09,2023,Hardcover,304.0,,https://www.leadershipnow.com/leadershop/images/9781647825119.jpg,https://amzn.to/3ycXNrx,False
EDITION00827,BOOK01774,591,9781647825591,9781647825591,9781647825591,Valid ISBN-13,Harvard Business Review Press,2023-10-24,2023,Hardcover,256.0,,https://www.leadershipnow.com/leadershop/images/9781647825591.jpg,https://amzn.to/3NejCPF,False
EDITION00828,BOOK01775,360,9781647826048,9781647826048,9781647826048,Valid ISBN-13,Harvard Business Review Press,2024-08-20,2024,Hardcover,192.0,,https://www.leadershipnow.com/leadershop/images/9781647826048.jpg,https://amzn.to/4ckBqD1,False
EDITION00829,BOOK01776,240,9781647826130,9781647826130,9781647826130,Valid ISBN-13,Harvard Business Review Press,2025-01-21,2025,Hardcover,256.0,,https://www.leadershipnow.com/leadershop/images/9781647826130.jpg,https://amzn.to/3yXOIGB,False
EDITION00830,BOOK01777,398,9781647826239,9781647826239,9781647826239,Valid ISBN-13,Harvard Business Review Press,2024-06-18,2024,Hardcover,224.0,,https://www.leadershipnow.com/leadershop/images/9781647826239.jpg,https://amzn.to/43oU09o,False
EDITION00831,BOOK01778,298,9781647826291,9781647826291,9781647826291,Valid ISBN-13,Harvard Business Review Press,2024-10-08,2024,Hardcover,272.0,,https://www.leadershipnow.com/leadershop/images/9781647826291.jpg,https://amzn.to/3XnZYpT,False
EDITION00832,BOOK01779,227,9781647826314,9781647826314,9781647826314,Valid ISBN-13,Harvard Business Review Press,2025-01-07,2025,Hardcover,224.0,,https://www.leadershipnow.com/leadershop/images/9781647826314.jpg,https://amzn.to/3AOHpSy,False
EDITION00833,BOOK01780,247,9781647826420,9781647826420,9781647826420,Valid ISBN-13,Harvard Business Review Press,2025-01-28,2025,Hardcover,288.0,,https://www.leadershipnow.com/leadershop/images/9781647826420.jpg,https://amzn.to/41LxCIm,False
EDITION00834,BOOK01781,311,9781647826802,9781647826802,9781647826802,Valid ISBN-13,Harvard Business Review Press,2024-10-22,2024,Paperback,368.0,,https://www.leadershipnow.com/leadershop/images/9781647826802.jpg,https://amzn.to/3Y6x1z2,False
EDITION00835,BOOK01782,425,9781647827137,9781647827137,9781647827137,Valid ISBN-13,Harvard Business Review Press,2024-05-14,2024,Hardcover,208.0,,https://www.leadershipnow.com/leadershop/images/9781647827137.jpg,https://amzn.to/3WkK930,False
EDITION00836,BOOK01783,285,9781647827144,9781647827144,9781647827144,Valid ISBN-13,Harvard Business Review Press,2024-11-19,2024,Hardcover,240.0,,https://www.leadershipnow.com/leadershop/images/9781647827144.jpg,https://amzn.to/3DwJLXv,False
EDITION00837,BOOK01784,50,9781647827267,9781647827267,9781647827267,Valid ISBN-13,Harvard Business Review Press,2025-10-28,2025,Hardcover,256.0,,https://www.leadershipnow.com/leadershop/images/9781647827267.jpg,https://amzn.to/4f6gMZx,False
EDITION00838,BOOK01785,395,9781647827540,9781647827540,9781647827540,Valid ISBN-13,Harvard Business Review Press,2024-06-11,2024,Hardcover,288.0,,https://www.leadershipnow.com/leadershop/images/9781647827540.jpg,https://amzn.to/49UrCgY,False
EDITION00839,BOOK01786,338,9781647827618,9781647827618,9781647827618,Valid ISBN-13,Harvard Business Review Press,2024-09-17,2024,Hardcover,272.0,,https://www.leadershipnow.com/leadershop/images/9781647827618.jpg,https://amzn.to/3xjojmd,False
EDITION00840,BOOK01787,124,9781647829735,9781647829735,9781647829735,Valid ISBN-13,Harvard Business Review Press,2025-06-10,2025,Hardcover,256.0,,https://www.leadershipnow.com/leadershop/images/9781647829735.jpg,https://amzn.to/40QWeh3,False
EDITION00841,BOOK01788,96,9781647829773,9781647829773,9781647829773,Valid ISBN-13,Harvard Business Review Press,2025-07-01,2025,Hardcover,224.0,,https://www.leadershipnow.com/leadershop/images/9781647829773.jpg,https://amzn.to/4gDYvSE,False
EDITION00842,BOOK01789,256,9781647829797,9781647829797,9781647829797,Valid ISBN-13,Harvard Business Review Press,2024-12-03,2024,Hardcover,376.0,,https://www.leadershipnow.com/leadershop/images/9781647829797.jpg,https://amzn.to/4dsNfaW,False
EDITION00843,BOOK01790,32,9781647829834,9781647829834,9781647829834,Valid ISBN-13,Harvard Business Review Press,2025-10-07,2025,Hardcover,256.0,,https://www.leadershipnow.com/leadershop/images/9781647829834.jpg,https://amzn.to/4dQWhPH,False
EDITION00844,BOOK01791,152,9781647829858,9781647829858,9781647829858,Valid ISBN-13,Harvard Business Review Press,2025-05-27,2025,Hardcover,256.0,,https://www.leadershipnow.com/leadershop/images/9781647829858.jpg,https://amzn.to/4i7C6y6,False
EDITION00845,BOOK01792,692,9781657351241,9781657351241,9781657351241,Invalid check digit,Nico 11 Publishing & Design,2023-06-14,2023,Paperback,238.0,,https://www.leadershipnow.com/leadershop/images/9781657351241.jpg,https://amzn.to/3WziA3P,False
EDITION00846,BOOK01793,776,9781662869495,9781662869495,9781662869495,Valid ISBN-13,Xulon Press,2023-03-21,2023,Paperback,262.0,,https://www.leadershipnow.com/leadershop/images/9781662869495.jpg,https://amzn.to/3mdKmVm,False
EDITION00847,BOOK01794,642,9781665092418,9781665092418,9781665092418,Valid ISBN-13,Blackstone Publishing,2023-08-15,2023,Hardcover,198.0,,https://www.leadershipnow.com/leadershop/images/9781665092418.jpg,https://amzn.to/3N069Kj,False
EDITION00848,BOOK01795,528,9781668006528,9781668006528,9781668006528,Valid ISBN-13,Scribner,2024-01-23,2024,Hardcover,336.0,,https://www.leadershipnow.com/leadershop/images/9781668006528.jpg,https://amzn.to/3RyxEwy,False
EDITION00849,BOOK01796,507,9781668008201,9781668008201,9781668008201,Valid ISBN-13,Atria/One Signal Publishers,2024-02-27,2024,Hardcover,288.0,,https://www.leadershipnow.com/leadershop/images/9781668008201.jpg,https://amzn.to/3SiHsuT,False
EDITION00850,BOOK01797,873,9781668010198,9781668010198,9781668010198,Valid ISBN-13,Avid Reader Press / Simon & Schuster,2022-11-22,2022,Hardcover,256.0,,https://www.leadershipnow.com/leadershop/images/9781668010198.jpg,https://amzn.to/3G76o2e,False
EDITION00851,BOOK01798,632,9781668010303,9781668010303,9781668010303,Valid ISBN-13,S&S/Simon Element,2023-09-26,2023,Hardcover,256.0,,https://www.leadershipnow.com/leadershop/images/9781668010303.jpg,https://amzn.to/42eQRXF,False
EDITION00852,BOOK01799,739,9781668010648,9781668010648,9781668010648,Valid ISBN-13,Gallery Books,2023-04-11,2023,Hardcover,224.0,,https://www.leadershipnow.com/leadershop/images/9781668010648.jpg,https://amzn.to/42Wxsfp,False
EDITION00853,BOOK01800,272,9781668010785,9781668010785,9781668010785,Valid ISBN-13,Simon & Schuster,2024-11-05,2024,Hardcover,640.0,,https://www.leadershipnow.com/leadershop/images/9781668010785.jpg,https://amzn.to/3YQU4Ot,False
EDITION00854,BOOK01801,464,9781668023181,9781668023181,9781668023181,Valid ISBN-13,Simon & Schuster,2024-03-04,2024,Hardcover,272.0,,https://www.leadershipnow.com/leadershop/images/9781668023181.jpg,https://amzn.to/4gfz8qH,False
EDITION00855,BOOK01802,120,9781668027646,9781668027646,9781668027646,Valid ISBN-13,Simon Element,2025-06-03,2025,Hardcover,256.0,,https://www.leadershipnow.com/leadershop/images/9781668027646.jpg,https://amzn.to/44VJj0C,False
EDITION00856,BOOK01803,218,9781668033074,9781668033074,9781668033074,Valid ISBN-13,Simon & Schuster,2025-02-18,2025,Hardcover,304.0,,https://www.leadershipnow.com/leadershop/images/9781668033074.jpg,https://amzn.to/3DTII4r,False
EDITION00857,BOOK01804,643,9781668045565,9781668045565,9781668045565,Valid ISBN-13,Atria Books,2023-08-15,2023,Hardcover,208.0,,https://www.leadershipnow.com/leadershop/images/9781668045565.jpg,https://amzn.to/43o3lNe,False
EDITION00858,BOOK01805,375,9781668053324,9781668053324,9781668053324,Valid ISBN-13,Simon & Schuster,2024-07-09,2024,Hardcover,336.0,,https://www.leadershipnow.com/leadershop/images/9781668053324.jpg,https://amzn.to/3L01dUP,False
EDITION00859,BOOK01806,215,9781668055243,9781668055243,9781668055243,Valid ISBN-13,Simon Element / Simon Acumen,2025-02-11,2025,Hardcover,336.0,,https://www.leadershipnow.com/leadershop/images/9781668055243.jpg,https://amzn.to/4a4UDYY,False
EDITION00860,BOOK01807,238,9781668062098,9781668062098,9781668062098,Valid ISBN-13,Avid Reader Press / Simon & Schuster,2025-01-21,2025,Hardcover,304.0,,https://www.leadershipnow.com/leadershop/images/9781668062098.jpg,https://amzn.to/4e9om3O,False
EDITION00861,BOOK01808,207,9781668070901,9781668070901,9781668070901,Valid ISBN-13,Threshold Editions,2025-02-04,2025,Hardcover,304.0,,https://www.leadershipnow.com/leadershop/images/9781668070901.jpg,https://amzn.to/4aCwd9u,False
EDITION00862,BOOK01809,169,9781668072110,9781668072110,9781668072110,Valid ISBN-13,Avid Reader Press / Simon & Schuster,2025-04-22,2025,Hardcover,240.0,,https://www.leadershipnow.com/leadershop/images/9781668072110.jpg,https://amzn.to/4ijzE85,False
EDITION00863,BOOK01810,78,9781668095744,9781668095744,9781668095744,Valid ISBN-13,Avid Reader Press / Simon & Schuster,2025-09-30,2025,Hardcover,304.0,,https://www.leadershipnow.com/leadershop/images/9781668095744.jpg,https://amzn.to/3HKpU9Y,False
EDITION00864,BOOK01811,30,9781668098349,9781668098349,9781668098349,Valid ISBN-13,Scribner,2025-10-07,2025,Hardcover,224.0,,https://www.leadershipnow.com/leadershop/images/9781668098349.jpg,https://amzn.to/41Vnnkd,False
EDITION00865,BOOK01812,3,9781668204191,9781668204191,9781668204191,Valid ISBN-13,Scribner,2025-12-02,2025,Hardcover,496.0,,https://www.leadershipnow.com/leadershop/images/9781668204191.jpg,https://amzn.to/4q2gAPO,False
EDITION00866,BOOK01813,742,9781682478745,9781682478745,9781682478745,Valid ISBN-13,Naval Inst Press,2023-04-15,2023,Hardcover,340.0,,https://www.leadershipnow.com/leadershop/images/9781682478745.jpg,https://amzn.to/42WvZWr,False
EDITION00867,BOOK01814,894,9781682753385,9781682753385,9781682753385,Valid ISBN-13,Fulcrum Publishing,2022-10-18,2022,Paperback,130.0,,https://www.leadershipnow.com/leadershop/images/9781682753385.jpg,https://amzn.to/3KaQrKx,False
EDITION00868,BOOK01815,446,9781683649717,9781683649717,9781683649717,Valid ISBN-13,Sounds True,2024-04-09,2024,Hardcover,272.0,,https://www.leadershipnow.com/leadershop/images/9781683649717.jpg,https://amzn.to/3OOSBTB,False
EDITION00869,BOOK01816,639,9781684514915,9781684514915,9781684514915,Valid ISBN-13,Regnery History,2023-08-08,2023,Paperback,256.0,,https://www.leadershipnow.com/leadershop/images/9781684514915.jpg,https://amzn.to/3Dj9QX1,False
EDITION00870,BOOK01817,508,9781684812592,9781684812592,9781684812592,Valid ISBN-13,Mango,2024-02-28,2024,Hardcover,274.0,,https://www.leadershipnow.com/leadershop/images/9781684812592.jpg,https://amzn.to/48bdgcc,False
EDITION00871,BOOK01818,139,9781684817306,9781684817306,9781684817306,Valid ISBN-13,Mango,2025-05-06,2025,Paperback,218.0,,https://www.leadershipnow.com/leadershop/images/9781684817306.jpg,https://amzn.to/42zZ9N9,False
EDITION00872,BOOK01819,518,9781722506841,9781722506841,9781722506841,Valid ISBN-13,G&D Media,2024-01-09,2024,Paperback,222.0,,https://www.leadershipnow.com/leadershop/images/9781722506841.jpg,https://amzn.to/3GO1cS7,False
EDITION00873,BOOK01820,1067,9781722510565,9781722510565,9781722510565,Valid ISBN-13,G&D Media,2022-03-29,2022,Hardcover,240.0,,https://www.leadershipnow.com/leadershop/images/9781722510565.jpg,https://amzn.to/3IfckXd,False
EDITION00874,BOOK01821,763,9781728238784,9781728238784,9781728238784,Valid ISBN-13,Simple Truths,2023-03-07,2023,Paperback,224.0,,https://www.leadershipnow.com/leadershop/images/9781728238784.jpg,https://amzn.to/47vm0tG,False
EDITION00875,BOOK01822,435,9781732818446,9781732818446,9781732818446,Valid ISBN-13,Sense & Respond Press,2024-05-31,2024,Paperback,280.0,,https://www.leadershipnow.com/leadershop/images/9781732818446.jpg,https://amzn.to/4cDSUdq,False
EDITION00876,BOOK01823,487,9781733004237,9781733004237,9781733004237,Valid ISBN-13,S Lemson Publishing,2024-03-31,2024,Hardcover,276.0,,https://www.leadershipnow.com/leadershop/images/9781733004237.jpg,https://amzn.to/44buRPJ,False
EDITION00877,BOOK01824,523,9781733179027,9781733179027,9781733179027,Valid ISBN-13,Cherry Creek Press,2024-01-15,2024,Hardcover,274.0,,https://www.leadershipnow.com/leadershop/images/9781733179027.jpg,https://amzn.to/3ROMEaV,False
EDITION00878,BOOK01825,1008,9781734913026,9781734913026,9781734913026,Valid ISBN-13,Heard Publishing,2022-05-03,2022,Paperback,279.0,,https://www.leadershipnow.com/leadershop/images/9781734913026.jpg,https://amzn.to/36WbWzg,False
EDITION00879,BOOK01826,784,9781735610931,9781735610931,9781735610931,Valid ISBN-13,M Path Publishing,2023-03-28,2023,Hardcover,272.0,,https://www.leadershipnow.com/leadershop/images/9781735610931.jpg,https://amzn.to/3M0a5Kt,False
EDITION00880,BOOK01827,133,9781737188124,9781737188124,9781737188124,Valid ISBN-13,Liquidmind Press,2025-06-30,2025,Hardcover,290.0,,https://www.leadershipnow.com/leadershop/images/9781737188124.jpg,https://amzn.to/3TjRGwh,False
EDITION00881,BOOK01828,163,9781737205142,9781737205142,9781737205142,Valid ISBN-13,Callaway,2025-04-08,2025,Hardcover,288.0,,https://www.leadershipnow.com/leadershop/images/9781737205142.jpg,https://amzn.to/4blsDkk,False
EDITION00882,BOOK01829,677,9781737943976,9781737943976,9781737943976,Valid ISBN-13,Fielding University Press,2023-06-02,2023,Paperback,335.0,,https://www.leadershipnow.com/leadershop/images/9781737943976.jpg,https://amzn.to/3rbYZM6,False
EDITION00883,BOOK01830,273,9781738396429,9781738396429,9781738396429,Valid ISBN-13,Sutherland House Experts,2024-11-05,2024,Hardcover,224.0,,https://www.leadershipnow.com/leadershop/images/9781738396429.jpg,https://amzn.to/4790HOA,False
EDITION00884,BOOK01831,700,9781738867707,9781738867707,9781738867707,Valid ISBN-13,Wwlj Publishing,2023-06-27,2023,Paperback,324.0,,https://www.leadershipnow.com/leadershop/images/9781738867707.jpg,https://amzn.to/3Cy0fei,False
EDITION00885,BOOK01832,777,9781738903801,9781738903801,9781738903801,Valid ISBN-13,Peacebridge Publishing,2023-03-22,2023,Paperback,162.0,,https://www.leadershipnow.com/leadershop/images/9781738903801.jpg,https://amzn.to/3riLgm0,False
EDITION00886,BOOK01833,62,9781770418561,9781770418561,9781770418561,Valid ISBN-13,ECW Press,2025-09-09,2025,Hardcover,208.0,,https://www.leadershipnow.com/leadershop/images/9781770418561.jpg,https://amzn.to/4m3tcnN,False
EDITION00887,BOOK01834,885,9781773271682,9781773271682,9781773271682,Valid ISBN-13,Figure 1 Publishing,2022-10-04,2022,Hardcover,288.0,,https://www.leadershipnow.com/leadershop/images/9781773271682.jpg,https://amzn.to/3RcveS4,False
EDITION00888,BOOK01835,1049,9781773271712,9781773271712,9781773271712,Valid ISBN-13,Figure 1 Publishing,2022-03-01,2022,Hardcover,224.0,,https://www.leadershipnow.com/leadershop/images/9781773271712.jpg,https://amzn.to/3BFFufC,False
EDITION00889,BOOK01836,891,9781774581797,9781774581797,9781774581797,Valid ISBN-13,Page Two,2022-10-11,2022,Hardcover,312.0,,https://www.leadershipnow.com/leadershop/images/9781774581797.jpg,https://amzn.to/3QkA00c,False
EDITION00890,BOOK01837,701,9781774582657,9781774582657,9781774582657,Valid ISBN-13,Page Two,2023-06-27,2023,Paperback,256.0,,https://www.leadershipnow.com/leadershop/images/9781774582657.jpg,https://amzn.to/4290zv2,False
EDITION00891,BOOK01838,688,9781774582886,9781774582886,9781774582886,Valid ISBN-13,Page Two,2023-06-13,2023,Hardcover,280.0,,https://www.leadershipnow.com/leadershop/images/9781774582886.jpg,https://amzn.to/45tpE6j,False
EDITION00892,BOOK01839,297,9781774583531,9781774583531,9781774583531,Valid ISBN-13,Page Two,2024-10-08,2024,Paperback,192.0,,https://www.leadershipnow.com/leadershop/images/9781774583531.jpg,https://amzn.to/4dz1c7J,False
EDITION00893,BOOK01840,421,9781774583944,9781774583944,9781774583944,Valid ISBN-13,Page Two,2024-05-07,2024,Hardcover,236.0,,https://www.leadershipnow.com/leadershop/images/9781774583944.jpg,https://amzn.to/49VdSmh,False
EDITION00894,BOOK01841,388,9781774584217,9781774584217,9781774584217,Valid ISBN-13,Page Two,2024-06-04,2024,Paperback,224.0,,https://www.leadershipnow.com/leadershop/images/9781774584217.jpg,https://amzn.to/3ynMWyt,False
EDITION00895,BOOK01842,362,9781774584484,9781774584484,9781774584484,Valid ISBN-13,Page Two Press,2024-08-20,2024,Paperback,212.0,,https://www.leadershipnow.com/leadershop/images/9781774584484.jpg,https://amzn.to/4c50YDg,False
EDITION00896,BOOK01843,326,9781774584743,9781774584743,9781774584743,Valid ISBN-13,Page Two,2024-09-10,2024,Paperback,240.0,,https://www.leadershipnow.com/leadershop/images/9781774584743.jpg,https://amzn.to/4dSkvYE,False
EDITION00897,BOOK01844,39,9781774586259,9781774586259,9781774586259,Valid ISBN-13,Page Two,2025-10-14,2025,Hardcover,200.0,,https://www.leadershipnow.com/leadershop/images/9781774586259.jpg,https://amzn.to/466yCZD,False
EDITION00898,BOOK01845,77,9781774586396,9781774586396,9781774586396,Valid ISBN-13,Page Two,2025-09-30,2025,Paperback,264.0,,https://www.leadershipnow.com/leadershop/images/9781774586396.jpg,https://amzn.to/3JoSIFA,False
EDITION00899,BOOK01846,312,9781788603799,9781788603799,9781788603799,Valid ISBN-13,Practical Inspiration Publishing,2024-10-22,2024,Paperback,192.0,,https://www.leadershipnow.com/leadershop/images/9781788603799.jpg,https://amzn.to/3TK3JUb,False
EDITION00900,BOOK01847,828,9781788603829,9781788603829,9781788603829,Valid ISBN-13,Practical Inspiration Publishing,2023-01-24,2023,Paperback,216.0,,https://www.leadershipnow.com/leadershop/images/9781788603829.jpg,https://amzn.to/3N7jG43,False
EDITION00901,BOOK01848,665,9781788605090,9781788605090,9781788605090,Valid ISBN-13,Practical Inspiration Publishing,2023-07-11,2023,Hardcover,236.0,,https://www.leadershipnow.com/leadershop/images/9781788605090.jpg,https://amzn.to/3NbujTf,False
EDITION00902,BOOK01849,439,9781797223650,9781797223650,9781797223650,Valid ISBN-13,Chronicle Prism,2024-04-02,2024,Hardcover,176.0,,https://www.leadershipnow.com/leadershop/images/9781797223650.jpg,https://amzn.to/3TSKRTr,False
EDITION00903,BOOK01850,543,9781800817517,9781800817517,9781800817517,Valid ISBN-13,IPS - Profile Books,2023-12-14,2023,Paperback,288.0,,https://www.leadershipnow.com/leadershop/images/9781800817517.jpg,https://amzn.to/3sqehgP,False
EDITION00904,BOOK01851,253,9781803411330,9781803411330,9781803411330,Valid ISBN-13,Business Books,2024-12-01,2024,Paperback,208.0,,https://www.leadershipnow.com/leadershop/images/9781803411330.jpg,https://amzn.to/3UCzgb7,False
EDITION00905,BOOK01852,696,9781804090039,9781804090039,9781804090039,Valid ISBN-13,Harriman House,2023-06-20,2023,Hardcover,252.0,,https://www.leadershipnow.com/leadershop/images/9781804090039.jpg,https://amzn.to/45yJM70,False
EDITION00906,BOOK01853,164,9781804090923,9781804090923,9781804090923,Valid ISBN-13,Harriman House,2025-04-15,2025,Hardcover,256.0,,https://www.leadershipnow.com/leadershop/images/9781804090923.jpg,https://amzn.to/40vmyOD,False
EDITION00907,BOOK01854,144,9781804294345,9781804294345,9781804294345,Valid ISBN-13,Verso,2025-05-13,2025,Hardcover,336.0,,https://www.leadershipnow.com/leadershop/images/9781804294345.jpg,https://amzn.to/4iU1Rmw,False
EDITION00908,BOOK01855,105,9781805221043,9781805221043,9781805221043,Valid ISBN-13,Ips - Profile Books,2025-07-22,2025,Paperback,320.0,,https://www.leadershipnow.com/leadershop/images/9781805221043.jpg,https://amzn.to/43Yw1zK,False
EDITION00909,BOOK01856,104,9781805463283,9781805463283,9781805463283,Valid ISBN-13,Atlantic Books,2025-07-22,2025,Hardcover,300.0,,https://www.leadershipnow.com/leadershop/images/9781805463283.jpg,https://amzn.to/4k1o2qk,False
EDITION00910,BOOK01857,833,9781885167903,9781885167903,9781885167903,Valid ISBN-13,Bard Press,2023-01-31,2023,Hardcover,256.0,,https://www.leadershipnow.com/leadershop/images/9781885167903.jpg,https://amzn.to/3Nfpp68,False
EDITION00911,BOOK01858,994,9781892606334,9781892606334,9781892606334,Valid ISBN-13,NDMA Publishing,2022-06-21,2022,Hardcover,530.0,,https://www.leadershipnow.com/leadershop/images/9781892606334.jpg,https://amzn.to/3ApUhMq,False
EDITION00912,BOOK01859,910,9781893005709,9781893005709,9781893005709,Valid ISBN-13,Mayo Clinic Press,2022-09-06,2022,Hardcover,320.0,,https://www.leadershipnow.com/leadershop/images/9781893005709.jpg,https://amzn.to/3p6vRkr,False
EDITION00913,BOOK01860,539,9781915087058,9781915087058,9781915087058,Valid ISBN-13,The School of Life,2023-12-05,2023,Hardcover,208.0,Workbook edition,https://www.leadershipnow.com/leadershop/images/9781915087058.jpg,https://amzn.to/3DUveCe,False
EDITION00914,BOOK01861,17,9781917391184,9781917391184,9781917391184,Valid ISBN-13,LID Publishing,2025-11-04,2025,Paperback,160.0,,https://www.leadershipnow.com/leadershop/images/9781917391184.jpg,https://amzn.to/4ocKLTb,False
EDITION00915,BOOK01862,702,9781944660567,9781944660567,9781944660567,Valid ISBN-13,World Scientific Publishing Company,2023-06-28,2023,Hardcover,360.0,,https://www.leadershipnow.com/leadershop/images/9781944660567.jpg,https://amzn.to/3FvMo9W,False
EDITION00916,BOOK01863,811,978194663316X,978194663316X,978194663316X,Invalid characters,ForbesBooks,2023-01-03,2023,Hardcover,176.0,,https://www.leadershipnow.com/leadershop/images/978194663316X.jpg,https://amzn.to/3HReL2G,False
EDITION00917,BOOK01864,236,9781947297999,9781947297999,9781947297999,Valid ISBN-13,Dexterity,2025-01-16,2025,Hardcover,240.0,,https://www.leadershipnow.com/leadershop/images/9781947297999.jpg,https://amzn.to/4ga8TBa,False
EDITION00918,BOOK01865,471,9781950476787,9781950476787,9781950476787,Valid ISBN-13,Burning Soul Press,2024-03-06,2024,Paperback,142.0,,https://www.leadershipnow.com/leadershop/images/9781950476787.jpg,https://amzn.to/48vPcjz,False
EDITION00919,BOOK01866,565,9781950508426,9781950508426,9781950508426,Valid ISBN-13,IT Revolution Press,2023-11-27,2023,Hardcover,384.0,,https://www.leadershipnow.com/leadershop/images/9781950508426.jpg,https://amzn.to/3tEUOJt,False
EDITION00920,BOOK01867,612,9781950508754,9781950508754,9781950508754,Valid ISBN-13,IT Revolution Press,2023-09-12,2023,Paperback,288.0,,https://www.leadershipnow.com/leadershop/images/9781950508754.jpg,https://amzn.to/43WP8ad,False
EDITION00921,BOOK01868,871,9781950863402,9781950863402,9781950863402,Valid ISBN-13,ForbesBooks,2022-11-17,2022,Hardcover,168.0,,https://www.leadershipnow.com/leadershop/images/9781950863402.jpg,https://amzn.to/3U6sMPN,False
EDITION00922,BOOK01869,986,9781950863976,9781950863976,9781950863976,Valid ISBN-13,ForbesBooks,2022-06-14,2022,Hardcover,216.0,,https://www.leadershipnow.com/leadershop/images/9781950863976.jpg,https://amzn.to/3yoGGUS,False
EDITION00923,BOOK01870,480,9781951692360,9781951692360,9781951692360,Valid ISBN-13,Modern Wisdom Press,2024-03-21,2024,Paperback,252.0,,https://www.leadershipnow.com/leadershop/images/9781951692360.jpg,https://amzn.to/3uVGBsD,False
EDITION00924,BOOK01871,275,9781951963248,9781951963248,9781951963248,Valid ISBN-13,Trope Publishing Co.,2024-11-12,2024,Hardcover,96.0,,https://www.leadershipnow.com/leadershop/images/9781951963248.jpg,https://amzn.to/3WEcfoa,False
EDITION00925,BOOK01872,1052,9781952157738,9781952157738,9781952157738,Valid ISBN-13,Association for Talent Development,2022-03-08,2022,Paperback,176.0,,https://www.leadershipnow.com/leadershop/images/9781952157738.jpg,https://amzn.to/34xan9m,False
EDITION00926,BOOK01873,1103,9781953295750,9781953295750,9781953295750,Valid ISBN-13,Matt Holt,2022-01-11,2022,Hardcover,256.0,,https://www.leadershipnow.com/leadershop/images/9781953295750.jpg,https://amzn.to/3jHS8lQ,False
EDITION00927,BOOK01874,613,9781953943088,9781953943088,9781953943088,Valid ISBN-13,Rivertowns Books,2023-09-12,2023,Hardcover,190.0,,https://www.leadershipnow.com/leadershop/images/9781953943088.jpg,https://amzn.to/3Oofps9,False
EDITION00928,BOOK01875,754,9781953953216,9781953953216,9781953953216,Valid ISBN-13,Stripe Press,2023-03-07,2023,Hardcover,480.0,,https://www.leadershipnow.com/leadershop/images/9781953953216.jpg,https://amzn.to/3CpPI5o,False
EDITION00929,BOOK01876,535,9781953953230,9781953953230,9781953953230,Valid ISBN-13,Stripe Press,2023-12-05,2023,Hardcover,384.0,,https://www.leadershipnow.com/leadershop/images/9781953953230.jpg,https://amzn.to/45AsQvD,False
EDITION00930,BOOK01877,1063,9781954118096,9781954118096,9781954118096,Valid ISBN-13,Spiegel & Grau,2022-03-22,2022,Hardcover,432.0,,https://www.leadershipnow.com/leadershop/images/9781954118096.jpg,https://amzn.to/3K3vj7z,False
EDITION00931,BOOK01878,836,9781954759770,9781954759770,9781954759770,Valid ISBN-13,Cranberry Press,2022-12-01,2022,Hardcover,249.0,,https://www.leadershipnow.com/leadershop/images/9781954759770.jpg,https://amzn.to/3TDMnVT,False
EDITION00932,BOOK01879,1029,9781955026130,9781955026130,9781955026130,Valid ISBN-13,Ballast Books,2022-05-31,2022,Hardcover,232.0,,https://www.leadershipnow.com/leadershop/images/9781955026130.jpg,https://amzn.to/3KskoUT,False
EDITION00933,BOOK01880,391,9781955026208,9781955026208,9781955026208,Valid ISBN-13,Ballast Books,2024-06-11,2024,Hardcover,224.0,,https://www.leadershipnow.com/leadershop/images/9781955026208.jpg,https://amzn.to/4bk0N7w,False
EDITION00934,BOOK01881,746,9781955884464,9781955884464,9781955884464,Valid ISBN-13,ForbesBooks,2023-04-18,2023,Hardcover,226.0,,https://www.leadershipnow.com/leadershop/images/9781955884464.jpg,https://amzn.to/3z1Lted,False
EDITION00935,BOOK01882,576,9781955884969,9781955884969,9781955884969,Valid ISBN-13,ForbesBooks,2023-10-03,2023,Hardcover,472.0,,https://www.leadershipnow.com/leadershop/images/9781955884969.jpg,https://amzn.to/3s27bPe,False
EDITION00936,BOOK01883,961,9781956072044,9781956072044,9781956072044,Valid ISBN-13,Brain Trust Ink,2022-07-12,2022,Hardcover,312.0,,https://www.leadershipnow.com/leadershop/images/9781956072044.jpg,https://amzn.to/3LDFSzl,False
EDITION00937,BOOK01884,1034,9781956450163,9781956450163,9781956450163,Valid ISBN-13,Armin Lear Press,2022-04-05,2022,Paperback,236.0,,https://www.leadershipnow.com/leadershop/images/9781956450163.jpg,https://amzn.to/3J9ulG1,False
EDITION00938,BOOK01885,225,9781957077796,9781957077796,9781957077796,Valid ISBN-13,Sean McMann,2025-01-01,2025,Paperback,146.0,,https://www.leadershipnow.com/leadershop/images/9781957077796.jpg,https://amzn.to/40idhbz,False
EDITION00939,BOOK01886,153,9781957157863,9781957157863,9781957157863,Valid ISBN-13,Association for Talent Development,2025-04-01,2025,Paperback,256.0,,https://www.leadershipnow.com/leadershop/images/9781957157863.jpg,https://amzn.to/4iFrA1a,False
EDITION00940,BOOK01887,1026,9781957369044,9781957369044,9781957369044,Valid ISBN-13,Inspire,2022-05-24,2022,Hardcover,216.0,,https://www.leadershipnow.com/leadershop/images/9781957369044.jpg,https://amzn.to/38412s2,False
EDITION00941,BOOK01888,856,9781957588100,9781957588100,9781957588100,Valid ISBN-13,Rodin Books,2022-11-01,2022,Hardcover,376.0,,https://www.leadershipnow.com/leadershop/images/9781957588100.jpg,https://amzn.to/3MGmhyX,False
EDITION00942,BOOK01889,38,9781957588322,9781957588322,9781957588322,Valid ISBN-13,Rodin Books,2025-10-14,2025,Hardcover,184.0,,https://www.leadershipnow.com/leadershop/images/9781957588322.jpg,https://amzn.to/3XZiQe0,False
EDITION00943,BOOK01890,834,9781957616049,9781957616049,9781957616049,Valid ISBN-13,Fedd Books,2023-01-30,2023,Hardcover,328.0,,https://www.leadershipnow.com/leadershop/images/9781957616049.jpg,https://amzn.to/3X71Hwx,False
EDITION00944,BOOK01891,341,9781957616858,9781957616858,9781957616858,Valid ISBN-13,Fedd Books,2024-09-17,2024,Paperback,192.0,,https://www.leadershipnow.com/leadershop/images/9781957616858.jpg,https://amzn.to/3Z0AX5c,False
EDITION00945,BOOK01892,869,9781958682241,9781958682241,9781958682241,Valid ISBN-13,All Seasons Press,2022-11-15,2022,Hardcover,276.0,,https://www.leadershipnow.com/leadershop/images/9781958682241.jpg,https://amzn.to/3TFA4tb,False
EDITION00946,BOOK01893,54,9781959000600,9781959000600,9781959000600,Valid ISBN-13,West Virginia University Press,2025-09-01,2025,Hardcover,210.0,,https://www.leadershipnow.com/leadershop/images/9781959000600.jpg,https://amzn.to/43AIR5U,False
EDITION00947,BOOK01894,331,9781960178169,9781960178169,9781960178169,Valid ISBN-13,BiggerPockets,2024-09-10,2024,Hardcover,288.0,,https://www.leadershipnow.com/leadershop/images/9781960178169.jpg,https://amzn.to/471G0Ek,False
EDITION00948,BOOK01895,527,9781960870100,9781960870100,9781960870100,Valid ISBN-13,XO Publishing,2024-01-16,2024,Paperback,208.0,,https://www.leadershipnow.com/leadershop/images/9781960870100.jpg,https://amzn.to/3NCu0Rb,False
EDITION00949,BOOK01896,174,9781964934327,9781964934327,9781964934327,Valid ISBN-13,Ballast Books,2025-04-29,2025,Hardcover,308.0,,https://www.leadershipnow.com/leadershop/images/9781964934327.jpg,https://amzn.to/4iFuUd1,False
EDITION00950,BOOK01897,953,9781982107406,9781982107406,9781982107406,Valid ISBN-13,Simon & Schuster,2022-08-30,2022,Hardcover,320.0,,https://www.leadershipnow.com/leadershop/images/9781982107406.jpg,https://amzn.to/3LAhX3U,False
EDITION00951,BOOK01898,418,9781982120597,9781982120597,9781982120597,Valid ISBN-13,Simon & Schuster,2024-05-07,2024,Hardcover,624.0,,https://www.leadershipnow.com/leadershop/images/9781982120597.jpg,https://amzn.to/3Ug7yQn,False
EDITION00952,BOOK01899,684,9781982122553,9781982122553,9781982122553,Valid ISBN-13,Gallery Books,2023-06-06,2023,Hardcover,272.0,,https://www.leadershipnow.com/leadershop/images/9781982122553.jpg,https://amzn.to/469ldOu,False
EDITION00953,BOOK01900,1082,9781982139162,9781982139162,9781982139162,Valid ISBN-13,Avid Reader Press,2022-02-15,2022,Hardcover,832.0,,https://www.leadershipnow.com/leadershop/images/9781982139162.jpg,https://amzn.to/3t4RmVw,False
EDITION00954,BOOK01901,926,9781982140748,9781982140748,9781982140748,Valid ISBN-13,Simon & Schuster/Threshold Editions,2022-09-20,2022,Hardcover,352.0,,https://www.leadershipnow.com/leadershop/images/9781982140748.jpg,https://amzn.to/3B4Z3O4,False
EDITION00955,BOOK01902,1033,9781982143725,9781982143725,9781982143725,Valid ISBN-13,Simon & Schuster,2022-04-05,2022,Hardcover,368.0,,https://www.leadershipnow.com/leadershop/images/9781982143725.jpg,https://amzn.to/3Kw3FQM,False
EDITION00956,BOOK01903,109,9781982146191,9781982146191,9781982146191,Valid ISBN-13,Threshold Editions,2025-07-29,2025,Hardcover,208.0,,https://www.leadershipnow.com/leadershop/images/9781982146191.jpg,https://amzn.to/45TMWDf,False
EDITION00957,BOOK01904,821,9781982159764,9781982159764,9781982159764,Valid ISBN-13,Atria Books,2023-01-17,2023,Hardcover,288.0,,https://www.leadershipnow.com/leadershop/images/9781982159764.jpg,https://amzn.to/3v5wkX3,False
EDITION00958,BOOK01905,43,9781982165116,9781982165116,9781982165116,Valid ISBN-13,Simon & Schuster,2025-10-21,2025,Hardcover,352.0,,https://www.leadershipnow.com/leadershop/images/9781982165116.jpg,https://amzn.to/3ImmUAU,False
EDITION00959,BOOK01906,1105,9781982165444,9781982165444,9781982165444,Valid ISBN-13,Avid Reader Press / Simon & Schuster,2022-01-11,2022,Hardcover,240.0,,https://www.leadershipnow.com/leadershop/images/9781982165444.jpg,https://amzn.to/3s9Ol4n,False
EDITION00960,BOOK01907,1017,9781982167509,9781982167509,9781982167509,Valid ISBN-13,Simon & Schuster,2022-05-17,2022,Hardcover,272.0,,https://www.leadershipnow.com/leadershop/images/9781982167509.jpg,https://amzn.to/3LvadQx,False
EDITION00961,BOOK01908,892,9781982168216,9781982168216,9781982168216,Valid ISBN-13,Avid Reader Press / Simon & Schuster,2022-10-11,2022,Hardcover,432.0,,https://www.leadershipnow.com/leadershop/images/9781982168216.jpg,https://amzn.to/3StupW8,False
EDITION00962,BOOK01909,476,9781982172749,9781982172749,9781982172749,Valid ISBN-13,Simon & Schuster,2024-03-12,2024,Hardcover,352.0,,https://www.leadershipnow.com/leadershop/images/9781982172749.jpg,https://amzn.to/48zooPq,False
EDITION00963,BOOK01910,889,9781982174279,9781982174279,9781982174279,Valid ISBN-13,S&S/Simon Element,2022-10-11,2022,Hardcover,352.0,,https://www.leadershipnow.com/leadershop/images/9781982174279.jpg,https://amzn.to/3tTGXMI,False
EDITION00964,BOOK01911,1058,9781982179670,9781982179670,9781982179670,Valid ISBN-13,Scribner,2022-03-15,2022,Hardcover,384.0,,https://www.leadershipnow.com/leadershop/images/9781982179670.jpg,https://amzn.to/3srJspD,False
EDITION00965,BOOK01912,610,9781982181284,9781982181284,9781982181284,Valid ISBN-13,Simon & Schuster,2023-09-12,2023,Hardcover,688.0,,https://www.leadershipnow.com/leadershop/images/9781982181284.jpg,https://amzn.to/3MFKLK7,False
EDITION00966,BOOK01913,771,9781982182960,9781982182960,9781982182960,Valid ISBN-13,Simon & Schuster,2023-03-16,2023,Hardcover,320.0,,https://www.leadershipnow.com/leadershop/images/9781982182960.jpg,https://amzn.to/3Ie2zKN,False
EDITION00967,BOOK01914,689,9781982191009,9781982191009,9781982191009,Valid ISBN-13,Atria Books,2023-06-13,2023,Hardcover,240.0,,https://www.leadershipnow.com/leadershop/images/9781982191009.jpg,https://amzn.to/3qdn7wS,False
EDITION00968,BOOK01915,602,9781982195069,9781982195069,9781982195069,Valid ISBN-13,Atria Books,2023-09-05,2023,Hardcover,368.0,,https://www.leadershipnow.com/leadershop/images/9781982195069.jpg,https://amzn.to/3OL5YEZ,False
EDITION00969,BOOK01916,929,9781982195472,9781982195472,9781982195472,Valid ISBN-13,Simon & Schuster,2022-09-27,2022,Hardcover,304.0,,https://www.leadershipnow.com/leadershop/images/9781982195472.jpg,https://amzn.to/3vXBxQY,False
EDITION00970,BOOK01917,1038,9781984822642,9781984822642,9781984822642,Valid ISBN-13,Currency,2022-04-12,2022,Hardcover,288.0,,https://www.leadershipnow.com/leadershop/images/9781984822642.jpg,https://amzn.to/3muhANJ,False
EDITION00971,BOOK01918,1071,9781984854339,9781984854339,9781984854339,Valid ISBN-13,Random House,2022-02-01,2022,Hardcover,304.0,,https://www.leadershipnow.com/leadershop/images/9781984854339.jpg,https://amzn.to/3o0JmSN,False
EDITION00972,BOOK01919,68,9781984855749,9781984855749,9781984855749,Valid ISBN-13,Random House,2025-09-23,2025,Hardcover,448.0,,https://www.leadershipnow.com/leadershop/images/9781984855749.jpg,https://amzn.to/4lC5dL7,False
EDITION00973,BOOK01920,566,9781984858122,9781984858122,9781984858122,Valid ISBN-13,Ten Speed Press,2023-11-28,2023,Paperback,144.0,,https://www.leadershipnow.com/leadershop/images/9781984858122.jpg,https://amzn.to/45zOkJ8,False
EDITION00974,BOOK01921,402,9781984858184,9781984858184,9781984858184,Valid ISBN-13,Ten Speed Press,2024-06-18,2024,Hardcover,320.0,,https://www.leadershipnow.com/leadershop/images/9781984858184.jpg,https://amzn.to/4fRMHLT,False
EDITION00975,BOOK01922,717,9781984878281,9781984878281,9781984878281,Valid ISBN-13,Viking,2023-05-16,2023,Hardcover,368.0,,https://www.leadershipnow.com/leadershop/images/9781984878281.jpg,https://amzn.to/3TqCvQX,False
EDITION00976,BOOK01923,801,9781984879424,9781984879424,9781984879424,Valid ISBN-13,Penguin Press,2023-02-14,2023,Hardcover,416.0,,https://www.leadershipnow.com/leadershop/images/9781984879424.jpg,https://amzn.to/3AttNtq,False
EDITION00977,BOOK01924,1109,9781988025766,9781988025766,9781988025766,Valid ISBN-13,Barlow Publishing,2022-01-12,2022,Hardcover,288.0,,https://www.leadershipnow.com/leadershop/images/9781988025766.jpg,https://amzn.to/3rZg7Tf,False
EDITION00978,BOOK01925,546,9783031363054,9783031363054,9783031363054,Valid ISBN-13,Palgrave Macmillan,2023-12-20,2023,Hardcover,204.0,,https://www.leadershipnow.com/leadershop/images/9783031363054.jpg,https://amzn.to/49wY5ef,False
EDITION00979,BOOK01926,89,9783031897627,9783031897627,9783031897627,Valid ISBN-13,Palgrave Macmillan,2025-08-23,2025,Paperback,402.0,,https://www.leadershipnow.com/leadershop/images/9783031897627.jpg,https://amzn.to/43mTpa0,False
EDITION00980,BOOK01927,879,978385546232,978385546232,978385546232,Invalid length,Doubleday,2022-10-04,2022,Hardcover,368.0,,https://www.leadershipnow.com/leadershop/images/978385546232.jpg,https://amzn.to/3QHTdK0,False
EDITION00981,BOOK01928,584,9783967391763,9783967391763,9783967391763,Valid ISBN-13,Gabal Verlag Gmbh,2023-10-10,2023,Paperback,216.0,,https://www.leadershipnow.com/leadershop/images/9783967391763.jpg,https://amzn.to/3RYhE8Z,False
EDITION00982,BOOK01929,481,9783982609225,9783982609225,9783982609225,Valid ISBN-13,Agile.Coach Gmbh & Co. Kg,2024-03-21,2024,Hardcover,190.0,,https://www.leadershipnow.com/leadershop/images/9783982609225.jpg,https://amzn.to/43DSMXV,False
EDITION00983,BOOK01930,637,9788200798827,9788200798827,9788200798827,Invalid check digit,Blackstone Publishing,2023-08-01,2023,Hardcover,242.0,,https://www.leadershipnow.com/leadershop/images/9788200798827.jpg,https://amzn.to/3C2cZd6,False
EDITION00984,BOOK01931,560,9788212414074,9788212414074,9788212414074,Invalid check digit,Heroic Blackstone,2023-11-14,2023,Hardcover,1001.0,,https://www.leadershipnow.com/leadershop/images/9788212414074.jpg,https://amzn.to/45E32je,False
EDITION00985,BOOK01932,474,9788218394301,9788218394301,9788218394301,Invalid check digit,Success Masters LLC,2024-03-12,2024,Paperback,244.0,,https://www.leadershipnow.com/leadershop/images/9788218394301.jpg,https://amzn.to/3TN1YWI,False
EDITION00986,BOOK01933,407,9788350934663,9788350934663,9788350934663,Invalid check digit,BookBaby,2024-05-01,2024,Paperback,178.0,,https://www.leadershipnow.com/leadershop/images/9788350934663.jpg,https://amzn.to/3PsRJEl,False
EDITION00987,BOOK01934,678,9788370856235,9788370856235,9788370856235,Invalid check digit,Independently published,2023-06-05,2023,Hardcover,277.0,,https://www.leadershipnow.com/leadershop/images/9788370856235.jpg,https://amzn.to/3qYFCFS,False
EDITION00988,BOOK01935,760,9788886450101,9788886450101,9788886450101,Invalid check digit,Greenleaf Book Group Press,2023-03-07,2023,Hardcover,320.0,,https://www.leadershipnow.com/leadershop/images/9788886450101.jpg,https://amzn.to/3VQ7KFt,False
EDITION00989,BOOK01936,680,9788886450484,9788886450484,9788886450484,Invalid check digit,Greenleaf Book Group Press,2023-06-06,2023,Hardcover,200.0,,https://www.leadershipnow.com/leadershop/images/9788886450484.jpg,https://amzn.to/3J9Ygjd,False
EDITION00990,BOOK01937,615,9788886450774,9788886450774,9788886450774,Invalid check digit,Greenleaf Book Group Press,2023-09-12,2023,Hardcover,232.0,,https://www.leadershipnow.com/leadershop/images/9788886450774.jpg,https://amzn.to/43AqWKm,False
EDITION00991,BOOK01938,525,9788886451740,9788886451740,9788886451740,Invalid check digit,Greenleaf Book Group Press,2024-01-16,2024,Hardcover,272.0,,https://www.leadershipnow.com/leadershop/images/9788886451740.jpg,https://amzn.to/3ROW32l,False
EDITION00992,BOOK01939,905,9788887100005,9788887100005,9788887100005,Invalid check digit,Maxwell Leadership,2022-10-25,2022,Hardcover,304.0,,https://www.leadershipnow.com/leadershop/images/9788887100005.jpg,https://amzn.to/3S8DAfq,False
EDITION00993,BOOK01940,598,9788887100067,9788887100067,9788887100067,Invalid check digit,Maxwell Leadership,2023-10-31,2023,Hardcover,256.0,,https://www.leadershipnow.com/leadershop/images/9788887100067.jpg,https://amzn.to/44QQsMF,False
EDITION00994,BOOK01941,761,9788887100081,9788887100081,9788887100081,Invalid check digit,Maxwell Leadership,2023-03-07,2023,Hardcover,304.0,,https://www.leadershipnow.com/leadershop/images/9788887100081.jpg,https://amzn.to/3izVVEQ,False
EDITION00995,BOOK01942,734,9788887100128,9788887100128,9788887100128,Invalid check digit,Maxwell Leadership,2023-04-11,2023,Hardcover,288.0,,https://www.leadershipnow.com/leadershop/images/9788887100128.jpg,https://amzn.to/3H7Ut6K,False
EDITION00996,BOOK01943,410,9788887100340,9788887100340,9788887100340,Invalid check digit,Maxwell Leadership,2024-05-07,2024,Hardcover,240.0,,https://www.leadershipnow.com/leadershop/images/9788887100340.jpg,https://amzn.to/3WhKqUm,False
EDITION00997,BOOK01944,578,9788887500249,9788887500249,9788887500249,Invalid check digit,ForbesBooks,2023-10-03,2023,Hardcover,231.0,,https://www.leadershipnow.com/leadershop/images/9788887500249.jpg,https://amzn.to/3Mf6CbQ,False
EDITION00998,BOOK01945,623,9788887500508,9788887500508,9788887500508,Invalid check digit,ForbesBooks,2023-09-19,2023,Hardcover,208.0,,https://www.leadershipnow.com/leadershop/images/9788887500508.jpg,https://amzn.to/3SbuzV3,False
EDITION00999,BOOK01946,691,9788887500522,9788887500522,9788887500522,Invalid check digit,ForbesBooks,2023-06-13,2023,Hardcover,220.0,,https://www.leadershipnow.com/leadershop/images/9788887500522.jpg,https://amzn.to/405YwYA,False
EDITION01000,BOOK01947,622,9788887501147,9788887501147,9788887501147,Invalid check digit,ForbesBooks,2023-09-19,2023,Hardcover,174.0,,https://www.leadershipnow.com/leadershop/images/9788887501147.jpg,https://amzn.to/46TIzb3,False
EDITION01001,BOOK01948,479,9788887501567,9788887501567,9788887501567,Invalid check digit,ForbesBooks,2024-03-19,2024,Hardcover,328.0,,https://www.leadershipnow.com/leadershop/images/9788887501567.jpg,https://amzn.to/44hYjUr,False
EDITION01002,BOOK01949,357,9788887502472,9788887502472,9788887502472,Invalid check digit,ForbesBooks,2024-08-13,2024,Hardcover,192.0,,https://www.leadershipnow.com/leadershop/images/9788887502472.jpg,https://amzn.to/4cZiCJS,False
EDITION01003,BOOK01950,510,9788887503417,9788887503417,9788887503417,Invalid check digit,ForbesBooks,2024-01-02,2024,Hardcover,176.0,,https://www.leadershipnow.com/leadershop/images/9788887503417.jpg,https://amzn.to/3TqMUOK,False
EDITION01004,BOOK01951,454,9788887504476,9788887504476,9788887504476,Invalid check digit,ForbesBooks,2024-04-16,2024,Hardcover,120.0,,https://www.leadershipnow.com/leadershop/images/9788887504476.jpg,https://amzn.to/44TEOSf,False
EDITION01005,BOOK01952,415,9788887820231,9788887820231,9788887820231,Invalid check digit,Ramsey Press,2024-05-07,2024,Hardcover,160.0,,https://www.leadershipnow.com/leadershop/images/9788887820231.jpg,https://amzn.to/3xQIIyZ,False
EDITION01006,BOOK01953,506,9788888242469,9788888242469,9788888242469,Invalid check digit,Koehler Books,2024-02-27,2024,Paperback,260.0,,https://www.leadershipnow.com/leadershop/images/9788888242469.jpg,https://amzn.to/3vBnfsO,False
EDITION01007,BOOK01954,491,9788888451403,9788888451403,9788888451403,Invalid check digit,Post Hill Press,2024-02-06,2024,Hardcover,240.0,,https://www.leadershipnow.com/leadershop/images/9788888451403.jpg,https://amzn.to/47xFTip,False
EDITION01008,BOOK01955,404,9788888453124,9788888453124,9788888453124,Invalid check digit,Post Hill Press,2024-06-25,2024,Hardcover,176.0,,https://www.leadershipnow.com/leadershop/images/9788888453124.jpg,https://amzn.to/3UB8vTm,False
EDITION01009,BOOK01956,386,9788891380554,9788891380554,9788891380554,Invalid check digit,Amplify Publishing,2024-07-30,2024,Hardcover,248.0,,https://www.leadershipnow.com/leadershop/images/9788891380554.jpg,https://amzn.to/3L3guEG,False
EDITION01010,BOOK01957,426,9788891380592,9788891380592,9788891380592,Invalid check digit,Amplify Publishing Group,2024-05-14,2024,Hardcover,216.0,,https://www.leadershipnow.com/leadershop/images/9788891380592.jpg,https://amzn.to/44ppIDT,False
EDITION01011,BOOK01958,279,9788891381322,9788891381322,9788891381322,Invalid check digit,Amplify Publishing,2024-11-12,2024,Hardcover,224.0,,https://www.leadershipnow.com/leadershop/images/9788891381322.jpg,https://amzn.to/3Z3Bvap,False
EDITION01012,BOOK01959,405,9788891381346,9788891381346,9788891381346,Invalid check digit,Amplify Publishing,2024-06-25,2024,Hardcover,200.0,,https://www.leadershipnow.com/leadershop/images/9788891381346.jpg,https://amzn.to/3ylQ4uF,False
EDITION01013,BOOK01960,319,9788891382299,9788891382299,9788891382299,Invalid check digit,Amplify Publishing,2024-09-03,2024,Hardcover,192.0,,https://www.leadershipnow.com/leadershop/images/9788891382299.jpg,https://amzn.to/3XiZsJC,False
EDITION01014,BOOK01961,384,9788891880344,9788891880344,9788891880344,Invalid check digit,Advantage Media Group,2024-07-30,2024,Hardcover,368.0,,https://www.leadershipnow.com/leadershop/images/9788891880344.jpg,https://amzn.to/3W7TE5a,False
EDITION01015,BOOK01962,884,9788985071313,9788985071313,9788985071313,Invalid check digit,Susan Schadt Press,2022-10-04,2022,Hardcover,224.0,,https://www.leadershipnow.com/leadershop/images/9788985071313.jpg,https://amzn.to/3BTGnms,False
EDITION01016,BOOK01963,731,9788985814767,9788985814767,9788985814767,Invalid check digit,Racket Publishing,2023-04-04,2023,Paperback,284.0,,https://www.leadershipnow.com/leadershop/images/9788985814767.jpg,https://amzn.to/3mhateu,False
EDITION01017,BOOK01964,915,9788985936605,9788985936605,9788985936605,Invalid check digit,JAG Press,2022-09-10,2022,Paperback,330.0,,https://www.leadershipnow.com/leadershop/images/9788985936605.jpg,https://amzn.to/3Fi8luc,False
EDITION01018,BOOK01965,933,9788986128702,9788986128702,9788986128702,Invalid check digit,Bedgebury Press,2022-09-27,2022,Paperback,306.0,,https://www.leadershipnow.com/leadershop/images/9788986128702.jpg,https://amzn.to/3DFb3IZ,False
EDITION01019,BOOK01966,759,9788986304502,9788986304502,9788986304502,Invalid check digit,Drum House Publishing,2023-03-07,2023,Paperback,160.0,,https://www.leadershipnow.com/leadershop/images/9788986304502.jpg,https://amzn.to/3IKhn4l,False
EDITION01020,BOOK01967,893,9788986518800,9788986518800,9788986518800,Invalid check digit,Olympia Press,2022-10-15,2022,Paperback,192.0,,https://www.leadershipnow.com/leadershop/images/9788986518800.jpg,https://amzn.to/3kqxx9P,False
EDITION01021,BOOK01968,482,9788987216415,9788987216415,9788987216415,Invalid check digit,Culture Guide,2024-03-26,2024,Paperback,141.0,,https://www.leadershipnow.com/leadershop/images/9788987216415.jpg,https://amzn.to/3QlXTXv,False
EDITION01022,BOOK01969,794,9788987262603,9788987262603,9788987262603,Invalid check digit,Winning Edge Group LLC,2023-02-07,2023,Hardcover,174.0,,https://www.leadershipnow.com/leadershop/images/9788987262603.jpg,https://amzn.to/3LSmQbF,False
EDITION01023,BOOK01970,653,9788988492818,9788988492818,9788988492818,Invalid check digit,9th Stratum Publishing,2023-08-25,2023,Paperback,258.0,,https://www.leadershipnow.com/leadershop/images/9788988492818.jpg,https://amzn.to/3tlmUcX,False
EDITION01024,BOOK01971,485,9788988611202,9788988611202,9788988611202,Invalid check digit,Miles Pond Press,2024-03-26,2024,Hardcover,290.0,,https://www.leadershipnow.com/leadershop/images/9788988611202.jpg,https://amzn.to/3WL6Ptw,False
EDITION01025,BOOK01972,693,9788988668404,9788988668404,9788988668404,Invalid check digit,Webook Publishing,2023-06-19,2023,Hardcover,190.0,,https://www.leadershipnow.com/leadershop/images/9788988668404.jpg,https://amzn.to/45pNTRX,False
EDITION01026,BOOK01973,536,9788988673729,9788988673729,9788988673729,Invalid check digit,Scalable Company,2023-12-05,2023,Paperback,212.0,,https://www.leadershipnow.com/leadershop/images/9788988673729.jpg,https://amzn.to/3S4ZO46,False
EDITION01027,BOOK01974,313,9788988925200,9788988925200,9788988925200,Invalid check digit,Parliament Press,2024-10-24,2024,Paperback,176.0,,https://www.leadershipnow.com/leadershop/images/9788988925200.jpg,https://amzn.to/4bQf3Ej,False
EDITION01028,BOOK01975,503,9788988958208,9788988958208,9788988958208,Invalid check digit,Ambika Media,2024-02-21,2024,Paperback,280.0,,https://www.leadershipnow.com/leadershop/images/9788988958208.jpg,https://amzn.to/3vTcYs7,False
EDITION01029,BOOK01976,469,9788989865413,9788989865413,9788989865413,Invalid check digit,"Accelerance, Inc.",2024-03-05,2024,Paperback,240.0,,https://www.leadershipnow.com/leadershop/images/9788989865413.jpg,https://amzn.to/4cu7PHD,False
EDITION01030,BOOK01977,303,9788991045612,9788991045612,9788991045612,Invalid check digit,Erwin McManus Publishing,2024-10-15,2024,Hardcover,160.0,,https://www.leadershipnow.com/leadershop/images/9788991045612.jpg,https://amzn.to/3Ze99ua,False
EDITION01031,BOOK01978,970,9789401478465,9789401478465,9789401478465,Valid ISBN-13,Lannoo Publishers,2022-07-27,2022,Hardcover,320.0,,https://www.leadershipnow.com/leadershop/images/9789401478465.jpg,https://amzn.to/3LAjXJc,False
EDITION01032,BOOK01979,349,9790691249131,9790691249131,9790691249131,Invalid check digit,Princeton University Press,2024-09-24,2024,Hardcover,360.0,,https://www.leadershipnow.com/leadershop/images/9790691249131.jpg,https://amzn.to/498LQVk,False
EDITION01033,BOOK01980,377,9791394240753,9791394240753,9791394240753,Invalid check digit,Wiley,2024-07-11,2024,Hardcover,240.0,,https://www.leadershipnow.com/leadershop/images/9791394240753.jpg,https://amzn.to/4f6KLju,False
EDITION01034,BOOK01981,147,979218589660,979218589660,979218589660,Invalid length,Bruyere Publishing,2025-05-13,2025,Hardcover,368.0,,https://www.leadershipnow.com/leadershop/images/979218589660.jpg,https://amzn.to/4juExM6,False
EDITION01035,BOOK01982,10,9798216391746,9798216391746,9798216391746,Valid ISBN-13,Bloomsbury Academic,2025-12-11,2025,Hardcover,496.0,,https://www.leadershipnow.com/leadershop/images/9798216391746.jpg,https://amzn.to/47YrQpJ,False
EDITION01036,BOOK01983,52,9798217059041,9798217059041,9798217059041,Valid ISBN-13,Viking,2025-10-28,2025,Hardcover,304.0,,https://www.leadershipnow.com/leadershop/images/9798217059041.jpg,https://amzn.to/4algqOv,False
EDITION01037,BOOK01984,277,9798218491598,9798218491598,9798218491598,Valid ISBN-13,Stacey Hanke Inc.,2024-11-12,2024,Hardcover,260.0,,https://www.leadershipnow.com/leadershop/images/9798218491598.jpg,https://amzn.to/4fh9Tn4,False
EDITION01038,BOOK01985,307,9798218509224,9798218509224,9798218509224,Valid ISBN-13,Boop Hill Enterprises,2024-10-17,2024,Paperback,140.0,,https://www.leadershipnow.com/leadershop/images/9798218509224.jpg,https://amzn.to/40wkh5J,False
EDITION01039,BOOK01986,223,9798218584894,9798218584894,9798218584894,Valid ISBN-13,Build Something,2025-02-26,2025,Hardcover,356.0,,https://www.leadershipnow.com/leadershop/images/9798218584894.jpg,https://amzn.to/4j32LwZ,False
EDITION01040,BOOK01987,14,9798218759681,9798218759681,9798218759681,Valid ISBN-13,BooksBaby,2025-12-16,2025,Hardcover,280.0,,https://www.leadershipnow.com/leadershop/images/9798218759681.jpg,https://amzn.to/4rrN8Ug,False
EDITION01041,BOOK01988,92,9798318601132,9798318601132,9798318601132,Valid ISBN-13,Hay House LLC,2025-08-26,2025,Hardcover,272.0,,https://www.leadershipnow.com/leadershop/images/9798318601132.jpg,https://amzn.to/4nfBYQk,False
EDITION01042,BOOK01989,79,9798319152701,9798319152701,9798319152701,Valid ISBN-13,Independently published,2025-08-01,2025,Paperback,352.0,,https://www.leadershipnow.com/leadershop/images/9798319152701.jpg,https://amzn.to/4msG1HV,False
EDITION01043,BOOK01990,462,9798350922622,9798350922622,9798350922622,Valid ISBN-13,BookBaby,2024-04-30,2024,Paperback,276.0,,https://www.leadershipnow.com/leadershop/images/9798350922622.jpg,https://amzn.to/451RWVu,False
EDITION01044,BOOK01991,434,9798350947748,9798350947748,9798350947748,Valid ISBN-13,BookBaby,2024-05-28,2024,Paperback,196.0,,https://www.leadershipnow.com/leadershop/images/9798350947748.jpg,https://amzn.to/3yOuQWk,False
EDITION01045,BOOK01992,378,9798350959703,9798350959703,9798350959703,Valid ISBN-13,Book Baby,2024-07-16,2024,Paperback,226.0,,https://www.leadershipnow.com/leadershop/images/9798350959703.jpg,https://amzn.to/3yNHxBh,False
EDITION01046,BOOK01993,971,9798842906161,9798842906161,9798842906161,Valid ISBN-13,Independently published,2022-07-30,2022,Paperback,225.0,,https://www.leadershipnow.com/leadershop/images/9798842906161.jpg,https://amzn.to/3TXyWll,False
EDITION01047,BOOK01994,235,9798881802691,9798881802691,9798881802691,Valid ISBN-13,Association for Conflict Resolution,2025-01-12,2025,Paperback,280.0,,https://www.leadershipnow.com/leadershop/images/9798881802691.jpg,https://amzn.to/40L0gY9,False
EDITION01048,BOOK01995,932,9798885045261,9798885045261,9798885045261,Valid ISBN-13,New Degree Press,2022-09-27,2022,Paperback,226.0,,https://www.leadershipnow.com/leadershop/images/9798885045261.jpg,https://amzn.to/3eDsa45,False
EDITION01049,BOOK01996,502,9798886451467,9798886451467,9798886451467,Valid ISBN-13,Greenleaf Book Group Press,2024-02-20,2024,Hardcover,192.0,,https://www.leadershipnow.com/leadershop/images/9798886451467.jpg,https://amzn.to/49N5Pbx,False
EDITION01050,BOOK01997,91,9798886453966,9798886453966,9798886453966,Valid ISBN-13,Greenleaf Book Group,2025-08-26,2025,Hardcover,200.0,,https://www.leadershipnow.com/leadershop/images/9798886453966.jpg,https://amzn.to/4jqxxz9,False
EDITION01051,BOOK01998,108,9798886454048,9798886454048,9798886454048,Valid ISBN-13,Greenleaf Book Group,2025-07-29,2025,Hardcover,240.0,,https://www.leadershipnow.com/leadershop/images/9798886454048.jpg,https://amzn.to/4mANrtB,False
EDITION01052,BOOK01999,9,9798886454659,9798886454659,9798886454659,Valid ISBN-13,Greenleaf Book Group Press,2025-12-09,2025,Hardcover,296.0,,https://www.leadershipnow.com/leadershop/images/9798886454659.jpg,https://amzn.to/3XuArua,False
EDITION01053,BOOK02000,594,9798887100005,9798887100005,9798887100005,Valid ISBN-13,Maxwell Leadership,2023-10-25,2023,Hardcover,304.0,,https://www.leadershipnow.com/leadershop/images/9798887100005.jpg,https://amzn.to/3JmoHCs,False
EDITION01054,BOOK02001,210,9798887100364,9798887100364,9798887100364,Valid ISBN-13,Maxwell Leadership,2025-02-11,2025,Hardcover,288.0,,https://www.leadershipnow.com/leadershop/images/9798887100364.jpg,https://amzn.to/4eGhkUb,False
EDITION01055,BOOK02002,166,9798887100432,9798887100432,9798887100432,Valid ISBN-13,Maxwell Leadership,2025-04-15,2025,Hardcover,304.0,,https://www.leadershipnow.com/leadershop/images/9798887100432.jpg,https://amzn.to/3DHLlGu,False
EDITION01056,BOOK02003,129,9798887100470,9798887100470,9798887100470,Valid ISBN-13,Maxwell Leadership,2025-06-17,2025,Hardcover,240.0,,https://www.leadershipnow.com/leadershop/images/9798887100470.jpg,https://amzn.to/42TnOLj,False
EDITION01057,BOOK02004,450,9798887502038,9798887502038,9798887502038,Valid ISBN-13,ForbesBooks,2024-04-16,2024,Hardcover,192.0,,https://www.leadershipnow.com/leadershop/images/9798887502038.jpg,https://amzn.to/4cxkE49,False
EDITION01058,BOOK02005,343,9798887504087,9798887504087,9798887504087,Valid ISBN-13,ForbesBooks,2024-09-17,2024,Hardcover,280.0,,https://www.leadershipnow.com/leadershop/images/9798887504087.jpg,https://amzn.to/4cLLZhD,False
EDITION01059,BOOK02006,335,9798887504315,9798887504315,9798887504315,Valid ISBN-13,ForbesBooks,2024-09-10,2024,Hardcover,216.0,,https://www.leadershipnow.com/leadershop/images/9798887504315.jpg,https://amzn.to/4dz9awY,False
EDITION01060,BOOK02007,265,9798887505480,9798887505480,9798887505480,Valid ISBN-13,ForbesBooks,2024-12-17,2024,Hardcover,248.0,,https://www.leadershipnow.com/leadershop/images/9798887505480.jpg,https://amzn.to/48xIXNM,False
EDITION01061,BOOK02008,179,9798887505664,9798887505664,9798887505664,Valid ISBN-13,Forbes Books,2025-04-29,2025,Hardcover,208.0,,https://www.leadershipnow.com/leadershop/images/9798887505664.jpg,https://amzn.to/4d3vcZl,False
EDITION01062,BOOK02009,243,9798887506029,9798887506029,9798887506029,Valid ISBN-13,Forbes Books,2025-01-21,2025,Hardcover,232.0,,https://www.leadershipnow.com/leadershop/images/9798887506029.jpg,https://amzn.to/426PGg1,False
EDITION01063,BOOK02010,87,9798887506524,9798887506524,9798887506524,Valid ISBN-13,Forbes Books,2025-08-19,2025,Hardcover,200.0,,https://www.leadershipnow.com/leadershop/images/9798887506524.jpg,https://amzn.to/3IRkev3,False
EDITION01064,BOOK02011,106,9798887507248,9798887507248,9798887507248,Valid ISBN-13,Forbes Books,2025-07-22,2025,Hardcover,248.0,,https://www.leadershipnow.com/leadershop/images/9798887507248.jpg,https://amzn.to/3Sn3iOz,False
EDITION01065,BOOK02012,176,9798887702018,9798887702018,9798887702018,Valid ISBN-13,Mayo Clinic Press,2025-04-29,2025,Hardcover,320.0,,https://www.leadershipnow.com/leadershop/images/9798887702018.jpg,https://amzn.to/4iuLZFN,False
EDITION01066,BOOK02013,165,9798887820422,9798887820422,9798887820422,Valid ISBN-13,Ramsey Press,2025-04-15,2025,Hardcover,224.0,,https://www.leadershipnow.com/leadershop/images/9798887820422.jpg,https://amzn.to/41TYpBZ,False
EDITION01067,BOOK02014,262,9798888245477,9798888245477,9798888245477,Valid ISBN-13,Koehler Books,2024-12-10,2024,Hardcover,206.0,,https://www.leadershipnow.com/leadershop/images/9798888245477.jpg,https://amzn.to/3CLkIzJ,False
EDITION01068,BOOK02015,348,9798888450802,9798888450802,9798888450802,Valid ISBN-13,Regalo Press,2024-09-24,2024,Hardcover,312.0,,https://www.leadershipnow.com/leadershop/images/9798888450802.jpg,https://amzn.to/4gLkati,False
EDITION01069,BOOK02016,382,9798888452721,9798888452721,9798888452721,Valid ISBN-13,Post Hill Press,2024-07-23,2024,Hardcover,496.0,,https://www.leadershipnow.com/leadershop/images/9798888452721.jpg,https://amzn.to/4hvTRaV,False
EDITION01070,BOOK02017,263,9798888455395,9798888455395,9798888455395,Valid ISBN-13,Post Hill Press,2024-12-10,2024,Paperback,256.0,,https://www.leadershipnow.com/leadershop/images/9798888455395.jpg,https://amzn.to/3ApzR97,False
EDITION01071,BOOK02018,112,9798888458983,9798888458983,9798888458983,Valid ISBN-13,Post Hill Press,2025-07-29,2025,Paperback,240.0,,https://www.leadershipnow.com/leadershop/images/9798888458983.jpg,https://amzn.to/4k0NLPB,False
EDITION01072,BOOK02019,316,9798889262466,9798889262466,9798889262466,Valid ISBN-13,Manuscripts LLC,2024-10-31,2024,Paperback,266.0,,https://www.leadershipnow.com/leadershop/images/9798889262466.jpg,https://amzn.to/40PhULV,False
EDITION01073,BOOK02020,36,9798889264835,9798889264835,9798889264835,Valid ISBN-13,Manuscripts LLC,2025-10-13,2025,Paperback,192.0,,https://www.leadershipnow.com/leadershop/images/9798889264835.jpg,https://amzn.to/4juE5OJ,False
EDITION01074,BOOK02021,168,9798890570284,9798890570284,9798890570284,Valid ISBN-13,Berrett-Koehler Publishers,2025-04-15,2025,Paperback,208.0,,https://www.leadershipnow.com/leadershop/images/9798890570284.jpg,https://amzn.to/3DrvQTb,False
EDITION01075,BOOK02022,188,9798890570543,9798890570543,9798890570543,Valid ISBN-13,Berrett-Koehler Publishers,2025-03-18,2025,Hardcover,264.0,,https://www.leadershipnow.com/leadershop/images/9798890570543.jpg,https://amzn.to/4hRIidK,False
EDITION01076,BOOK02023,101,9798890570765,9798890570765,9798890570765,Valid ISBN-13,Berrett-Koehler Publishers,2025-07-15,2025,Paperback,288.0,,https://www.leadershipnow.com/leadershop/images/9798890570765.jpg,https://amzn.to/3HbmzzS,False
EDITION01077,BOOK02024,67,9798890570802,9798890570802,9798890570802,Valid ISBN-13,Berrett-Koehler Publishers,2025-09-16,2025,Paperback,192.0,,https://www.leadershipnow.com/leadershop/images/9798890570802.jpg,https://amzn.to/47tesKq,False
EDITION01078,BOOK02025,98,9798890570956,9798890570956,9798890570956,Valid ISBN-13,Berrett-Koehler Publishers,2025-07-01,2025,Paperback,176.0,,https://www.leadershipnow.com/leadershop/images/9798890570956.jpg,https://amzn.to/45CtJHU,False
EDITION01079,BOOK02026,28,9798890571083,9798890571083,9798890571083,Valid ISBN-13,Berrett-Koehler Publishers,2025-11-24,2025,Hardcover,168.0,,https://www.leadershipnow.com/leadershop/images/9798890571083.jpg,https://amzn.to/4eHr9ms,False
EDITION01080,BOOK02027,76,9798890571298,9798890571298,9798890571298,Valid ISBN-13,Berrett-Koehler Publishers,2025-09-30,2025,Hardcover,176.0,,https://www.leadershipnow.com/leadershop/images/9798890571298.jpg,https://amzn.to/47t9FbG,False
EDITION01081,BOOK02028,295,9798891382008,9798891382008,9798891382008,Valid ISBN-13,Amplify Publishing,2024-10-01,2024,Hardcover,312.0,,https://www.leadershipnow.com/leadershop/images/9798891382008.jpg,https://amzn.to/4e5vwWT,False
EDITION01082,BOOK02029,251,9798891382176,9798891382176,9798891382176,Valid ISBN-13,Amplify Publishing,2025-01-28,2025,Hardcover,168.0,,https://www.leadershipnow.com/leadershop/images/9798891382176.jpg,https://amzn.to/4hOGBy6,False
EDITION01083,BOOK02030,116,9798891383517,9798891383517,9798891383517,Valid ISBN-13,Amplify Publishing,2025-06-03,2025,Hardcover,240.0,,https://www.leadershipnow.com/leadershop/images/9798891383517.jpg,https://amzn.to/4mCHaxr,False
EDITION01084,BOOK02031,222,9798891383999,9798891383999,9798891383999,Valid ISBN-13,Amplify Publishing,2025-02-25,2025,Hardcover,168.0,,https://www.leadershipnow.com/leadershop/images/9798891383999.jpg,https://amzn.to/4gkkUE0,False
EDITION01085,BOOK02032,59,9798891384316,9798891384316,9798891384316,Valid ISBN-13,Amplify Publishing,2025-09-09,2025,Hardcover,192.0,,https://www.leadershipnow.com/leadershop/images/9798891384316.jpg,https://amzn.to/465EJgz,False
EDITION01086,BOOK02033,1,9798891386211,9798891386211,9798891386211,Valid ISBN-13,100 Coaches Publishing,2025-12-02,2025,Hardcover,152.0,,https://www.leadershipnow.com/leadershop/images/9798891386211.jpg,https://amzn.to/3WhDMvU,False
EDITION01087,BOOK02034,19,9798891386624,9798891386624,9798891386624,Valid ISBN-13,Amplify Publishing,2025-11-04,2025,Hardcover,232.0,,https://www.leadershipnow.com/leadershop/images/9798891386624.jpg,https://amzn.to/4nrrMTJ,False
EDITION01088,BOOK02035,18,9798891389663,9798891389663,9798891389663,Valid ISBN-13,Amplify Publishing,2025-11-04,2025,Paperback,168.0,,https://www.leadershipnow.com/leadershop/images/9798891389663.jpg,https://amzn.to/3KbOG3S,False
EDITION01089,BOOK02036,276,9798891881181,9798891881181,9798891881181,Valid ISBN-13,Advantage Media Group,2024-11-12,2024,Hardcover,168.0,,https://www.leadershipnow.com/leadershop/images/9798891881181.jpg,https://amzn.to/4hpjudk,False
EDITION01090,BOOK02037,249,9798891881716,9798891881716,9798891881716,Valid ISBN-13,Advantage Media Group,2025-01-28,2025,Hardcover,280.0,,https://www.leadershipnow.com/leadershop/images/9798891881716.jpg,https://amzn.to/4jgzFuA,False
EDITION01091,BOOK02038,82,9798891881730,9798891881730,9798891881730,Valid ISBN-13,Advantage Media Group,2025-08-12,2025,Hardcover,176.0,,https://www.leadershipnow.com/leadershop/images/9798891881730.jpg,https://amzn.to/3HekJ1o,False
EDITION01092,BOOK02039,138,9798892790123,9798892790123,9798892790123,Valid ISBN-13,Harvard Business Review Press,2025-05-06,2025,Hardcover,240.0,,https://www.leadershipnow.com/leadershop/images/9798892790123.jpg,https://amzn.to/3Q78oNB,False
EDITION01093,BOOK02040,159,9798892790178,9798892790178,9798892790178,Valid ISBN-13,Harvard Business Review Press,2025-04-08,2025,Hardcover,256.0,,https://www.leadershipnow.com/leadershop/images/9798892790178.jpg,https://amzn.to/4incu0S,False
EDITION01094,BOOK02041,111,9798892790536,9798892790536,9798892790536,Valid ISBN-13,Harvard Business Review Press,2025-07-29,2025,Hardcover,256.0,,https://www.leadershipnow.com/leadershop/images/9798892790536.jpg,https://amzn.to/43Q48K0,False
EDITION01095,BOOK02042,150,9798892790574,9798892790574,9798892790574,Valid ISBN-13,Harvard Business Review Press,2025-05-20,2025,Hardcover,240.0,,https://www.leadershipnow.com/leadershop/images/9798892790574.jpg,https://amzn.to/3S9vqEz,False
EDITION01096,BOOK02043,189,9798892790628,9798892790628,9798892790628,Valid ISBN-13,Harvard Business Review Press,2025-03-18,2025,Hardcover,176.0,,https://www.leadershipnow.com/leadershop/images/9798892790628.jpg,https://amzn.to/3Y3PvQ6,False
EDITION01097,BOOK02044,37,9798892790727,9798892790727,9798892790727,Valid ISBN-13,Harvard Business Review Press,2025-10-14,2025,Hardcover,304.0,,https://www.leadershipnow.com/leadershop/images/9798892790727.jpg,https://amzn.to/46mhxJS,False
EDITION01098,BOOK02045,23,9798892790772,9798892790772,9798892790772,Valid ISBN-13,Harvard Business Review Press,2025-11-11,2025,Hardcover,208.0,,https://www.leadershipnow.com/leadershop/images/9798892790772.jpg,https://amzn.to/3LduRcJ,False
EDITION01099,BOOK02046,134,9798892791137,9798892791137,9798892791137,Valid ISBN-13,Harvard Business Review Press,2025-05-06,2025,Hardcover,256.0,,https://www.leadershipnow.com/leadershop/images/9798892791137.jpg,https://amzn.to/3DqU0N6,False
EDITION01100,BOOK02047,13,9798892791403,9798892791403,9798892791403,Valid ISBN-13,Harvard Business Review Press,2025-12-16,2025,Hardcover,368.0,,https://www.leadershipnow.com/leadershop/images/9798892791403.jpg,https://amzn.to/3KkHzGr,False
EDITION01101,BOOK02048,83,9798892792264,9798892792264,9798892792264,Valid ISBN-13,Harvard Business Review Press,2025-08-12,2025,Hardcover,272.0,,https://www.leadershipnow.com/leadershop/images/9798892792264.jpg,https://amzn.to/4l4FFWG,False
EDITION01102,BOOK02049,248,9798893310108,9798893310108,9798893310108,Valid ISBN-13,Authors Equity,2025-01-28,2025,Hardcover,288.0,,https://www.leadershipnow.com/leadershop/images/9798893310108.jpg,https://amzn.to/49NAJBN,False
EDITION01103,BOOK02050,310,9798893310160,9798893310160,9798893310160,Valid ISBN-13,Authors Equity,2024-10-22,2024,Paperback,256.0,,https://www.leadershipnow.com/leadershop/images/9798893310160.jpg,https://amzn.to/3XyH8v1,False
EDITION01104,BOOK02051,22,9798893310665,9798893310665,9798893310665,Valid ISBN-13,Authors Equity,2025-11-11,2025,Hardcover,192.0,,https://www.leadershipnow.com/leadershop/images/9798893310665.jpg,https://amzn.to/44AfHFd,False
EDITION01105,BOOK02052,199,9798895650103,9798895650103,9798895650103,Valid ISBN-13,Post Hill Press,2025-03-25,2025,Hardcover,352.0,,https://www.leadershipnow.com/leadershop/images/9798895650103.jpg,https://amzn.to/4fwkI5d,False
EDITION01106,BOOK02053,178,9798895651384,9798895651384,9798895651384,Valid ISBN-13,Post Hill Press,2025-04-29,2025,Paperback,208.0,,https://www.leadershipnow.com/leadershop/images/9798895651384.jpg,https://amzn.to/4n4uyj3,False
EDITION01107,BOOK02054,113,9798895651896,9798895651896,9798895651896,Valid ISBN-13,Post Hill Press,2025-07-29,2025,Hardcover,272.0,,https://www.leadershipnow.com/leadershop/images/9798895651896.jpg,https://amzn.to/4kjD8sn,False
EDITION01108,BOOK02055,427,9798986666303,9798986666303,9798986666303,Valid ISBN-13,High Point University Press,2024-05-14,2024,Hardcover,257.0,,https://www.leadershipnow.com/leadershop/images/9788986666303.jpg,https://amzn.to/4gK2rle,False
EDITION01109,BOOK02056,337,9798990085008,9798990085008,9798990085008,Valid ISBN-13,Mike Easley,2024-09-14,2024,Paperback,270.0,,https://www.leadershipnow.com/leadershop/images/9798990085008.jpg,https://amzn.to/4gR7IrM,False
EDITION01110,BOOK02057,461,9798990108509,9798990108509,9798990108509,Valid ISBN-13,Three Wise Old Owls Press,2024-04-30,2024,Hardcover,304.0,,https://www.leadershipnow.com/leadershop/images/9798990108509.jpg,https://amzn.to/4akepiF,False
EDITION01111,BOOK02058,376,9798990712607,9798990712607,9798990712607,Valid ISBN-13,Bentmouth Press,2024-07-10,2024,Paperback,180.0,,https://www.leadershipnow.com/leadershop/images/9798990712607.jpg,https://amzn.to/3RRy9Tn,False
EDITION01112,BOOK02059,296,9798990768406,9798990768406,9798990768406,Valid ISBN-13,The Tiger Media,2024-10-04,2024,Paperback,232.0,,https://www.leadershipnow.com/leadershop/images/9798990768406.jpg,https://amzn.to/3OOeOkb,False
EDITION01113,BOOK02060,284,9798991554206,9798991554206,9798991554206,Valid ISBN-13,Winning Tools,2024-11-19,2024,Hardcover,186.0,,https://www.leadershipnow.com/leadershop/images/9798991554206.jpg,https://amzn.to/3DVkdnp,False
EDITION01114,BOOK02061,123,9798991604901,9798991604901,9798991604901,Valid ISBN-13,Seneca House Press,2025-06-08,2025,Paperback,380.0,,https://www.leadershipnow.com/leadershop/images/9798991604901.jpg,https://amzn.to/4mtRirw,False
EDITION01115,BOOK02062,214,9798991762328,9798991762328,9798991762328,Valid ISBN-13,"8080 Books, an Imprint of Microsoft",2025-02-11,2025,Paperback,334.0,,https://www.leadershipnow.com/leadershop/images/9798991762328.jpg,https://amzn.to/3G446Vw,False
EDITION01116,BOOK02063,221,9798991824507,9798991824507,9798991824507,Valid ISBN-13,Greeley Square Press,2025-02-19,2025,Paperback,154.0,,https://www.leadershipnow.com/leadershop/images/9798991824507.jpg,https://amzn.to/3EdYpmV,False
EDITION01117,BOOK02064,234,9798992188257,9798992188257,9798992188257,Valid ISBN-13,Match Point Press,2025-01-10,2025,Hardcover,249.0,,https://www.leadershipnow.com/leadershop/images/9798992188257.jpg,https://amzn.to/4cxbaX4,False
EDITION01118,BOOK02065,53,9798998507205,9798998507205,9798998507205,Valid ISBN-13,Growth Colony,2025-10-28,2025,Paperback,166.0,,https://www.leadershipnow.com/leadershop/images/9798998507205.jpg,https://amzn.to/3Kj37my,False
EDITION01119,BOOK02066,73,9798998608100,9798998608100,9798998608100,Valid ISBN-13,H2Lsquared Media,2025-09-29,2025,Paperback,240.0,,https://www.leadershipnow.com/leadershop/images/9798998608100.jpg,https://amzn.to/44W0xdw,False
EDITION01120,BOOK02067,57,9798999366566,9798999366566,9798999366566,Valid ISBN-13,Shine Press,2025-09-05,2025,Hardcover,462.0,,https://www.leadershipnow.com/leadershop/images/9798999366566.jpg,https://amzn.to/4mfFIQ2,False
