book_id,title,description,first_publish_year,publication_year_observed,cover_url,openlibrary_key,source_openlibrary,source_leadershipnow
BOOK00001,Principle-Centered Leadership,"How do we as individuals and organizations survive and thrive amid tremendous change? Why are efforts to improve falling so short in real results despite the millions of dollars in time, capital, and human effort being spent on them? How do we unleash the creativity, talent, and energy within ourselves and others in the midst of pressure? Is it realistic to believe that balance among personal, family, and professional life is possible? The answer to these and other dilemmas is Principle-Centered Leadership, a long-term, inside-out approach to developing people and organizations. The key to dealing with the challenges that face us today is the recognition of a principle-centered core within both ourselves and our organizations. Dr. Covey offers insights and guidelines that can help you apply these principles both at work and at home -- leading not just to a new understanding of how to increase quality and productivity, but also to a new appreciation of the importance of building personal and professional relationships in order to enjoy a more balanced, more rewarding, more effective life.",1989.0,,https://covers.openlibrary.org/b/id/10858615-L.jpg,/works/OL2630041W,True,False
BOOK00002,Leadership in Organizations,,1981.0,,https://covers.openlibrary.org/b/id/87719-L.jpg,/works/OL2731767W,True,False
BOOK00003,Kepemimpinan =,,1977.0,,https://covers.openlibrary.org/b/id/14420782-L.jpg,/works/OL302757W,True,False
BOOK00004,Spiritual leadership,,1967.0,,https://covers.openlibrary.org/b/id/570509-L.jpg,/works/OL450702W,True,False
BOOK00005,Leadership,,1997.0,,https://covers.openlibrary.org/b/id/3859675-L.jpg,/works/OL94176W,True,False
BOOK00006,The 21 Irrefutable Laws of Leadership,,1998.0,,https://covers.openlibrary.org/b/id/1465659-L.jpg,/works/OL28124W,True,False
BOOK00007,Leadership,"""The Third Edition of this bestselling text reviews and analyzes the foremost leadership theories, giving special attention to how each theoretical approach can be applied in real-world organizations. For anyone seeking to explore how an understanding of leadership theory can inform and direct the way leadership is practiced, Leadership: Theory and Practice is an indispensable tool. Adopted as a textbook at over 250 colleges and universities, this bestselling volume is equally useful for private-sector leadership development training programs.""--Jacket.",2000.0,,https://covers.openlibrary.org/b/id/511761-L.jpg,/works/OL7956784W,True,False
BOOK00008,Leadership and performance beyond expectations,,1985.0,,https://covers.openlibrary.org/b/id/18608-L.jpg,/works/OL2421691W,True,False
BOOK00009,A Higher Loyalty,The former FBI director shares his experiences over the past two decades working in the American government and explores ethical leadership and how it drives sound decision-making.,2018.0,,https://covers.openlibrary.org/b/id/10597437-L.jpg,/works/OL18146967W,True,False
BOOK00010,Leadership and Self Deception,"This phenomenal bestseller * over 700,000 copies sold * changes readers? lives and helps them transform their organizations. In this new edition, the text has been updated and revised throughout to make it even more readable and powerful and a new section has been added that details the many different ways that people are using the book.",2000.0,,https://covers.openlibrary.org/b/id/831276-L.jpg,/works/OL8921343W,True,False
BOOK00011,Leadership,,2013.0,,https://covers.openlibrary.org/b/id/13806636-L.jpg,/works/OL19982874W,True,False
BOOK00012,Leadership,,1993.0,,https://covers.openlibrary.org/b/id/63396-L.jpg,/works/OL1947324W,True,False
BOOK00013,Lincoln on Leadership,"A guide to business leadership based on the strategies of Abraham Lincoln focuses on the President's most difficult decisions during the Civil War, offering lessons based on his experiences for today's businessperson.",1992.0,,https://covers.openlibrary.org/b/id/285557-L.jpg,/works/OL1807678W,True,False
BOOK00014,Leadership,"A systematic study, ranging from the salons of eighteenth-century Paris to the revolutionary cadres of the present century, views leadership as dialectic, synthetic, collective, and consciousness-raising and scrutinizes its causes and effects.",1978.0,,https://covers.openlibrary.org/b/id/4448837-L.jpg,/works/OL30484W,True,False
BOOK00015,Leadership,,2000.0,,https://covers.openlibrary.org/b/id/194497-L.jpg,/works/OL1815713W,True,False
BOOK00016,The leadership challenge,"When it was initially written in 1987, few could have predicted that The Leadership Challenge would become one of the best-selling leadership books of all time. Now, faced with the new challenges of our unpredictable global business environment, Jim Kouzes and Barry Posner--two of the country's premier leadership experts--have completely revised and updated their classic book. Building on the knowledge base of their previous books, the third edition of The Leadership Challenge is grounded in extensive research and based on interviews with all kinds of leaders at all levels in public and private organizations from around the world. In this edition, the authors emphasize that the fundamentals of leadership are the same today as they were in the 1980s, and as they've probably been for centuries. In that sense, nothing's new. Leadership is not a fad. While the content of leadership has not changed, the context has-and in some cases, changed dramatically.",1987.0,,https://covers.openlibrary.org/b/id/548022-L.jpg,/works/OL1974749W,True,True
BOOK00017,ORGANIZATIONAL CULTURE AND LEADERSHIP,"Organizational culture refers to culture in any type of organization including that of schools, universities, not-for-profit groups, government agencies, or business entities. In business, terms such as corporate culture and company culture are often used to refer to a similar concept. The term corporate culture became widely known in the business world in the late 1980s and early 1990s.[28][29] Corporate culture was already used by managers, sociologists, and organizational theorists by the beginning of the 80s.[30][31] The related idea of organizational climate emerged in the 1960s and 70s, and the terms are now somewhat overlapping,[32][33] as climate is one aspect of culture that focuses primarily on the behaviors encouraged by the organization",1991.0,,https://covers.openlibrary.org/b/id/7905069-L.jpg,/works/OL17628850W,True,False
BOOK00018,Leadership,,2012.0,,https://covers.openlibrary.org/b/id/9593539-L.jpg,/works/OL16296611W,True,False
BOOK00019,Leadership In Turbulent Times,"In this culmination of five decades of acclaimed studies in presidential history, Pulitzer Prize-winning author Doris Kearns Goodwin offers an illuminating exploration into the early development, growth, and exercise of leadership. Are leaders born or made? Where does ambition come from? How does adversity affect the growth of leadership? Does the man make the times or do the times make the man? In Leadership in Turbulent Times, Goodwin draws upon four of the presidents she has studied most closely—Abraham Lincoln, Theodore Roosevelt, Franklin D. Roosevelt, and Lyndon B. Johnson (in civil rights)—to show how they first recognized leadership qualities within themselves, and were recognized by others as leaders. No common pattern describes the trajectory of leadership. Although set apart in background, abilities, and temperament, these men shared a fierce ambition and a deep-seated resilience that enabled them to surmount uncommon adversity. At their best, all four were guided by a sense of moral purpose. At moments of great challenge, they were able to summon their talents to enlarge the opportunities and lives of others. This seminal work provides an accessible and essential road map for aspiring and established leaders in every field. In today’s polarized world, these stories of authentic leadership in times of apprehension and fracture take on a singular urgency. ([source][1]) [1]: https://doriskearnsgoodwin.com/books/",2018.0,,https://covers.openlibrary.org/b/id/12373708-L.jpg,/works/OL17934890W,True,False
BOOK00020,Leadership,,1991.0,,https://covers.openlibrary.org/b/id/833338-L.jpg,/works/OL1693759W,True,False
BOOK00021,Transformational Leadership,"""Transformational Leadership, Second Edition is intended for both the scholars and serious students of leadership. It is a comprehensive review of theorizing and empirical research that can serve as a reference and starting point for additional research on the theory. It can be used as a supplementary textbook in an intense course on leadership - or as a primary text in a course or seminar focusing on transformational leadership.""--Publisher's website.",2005.0,,https://covers.openlibrary.org/b/id/1522594-L.jpg,/works/OL21002118W,True,False
BOOK00022,Tribal leadership,"It's a fact of life: birds flock, fish school, people ""tribe.""Every company, indeed every organization, is a tribe, or if it's large enough, a network of tribes—groups of 20 to 150 people in which everyone knows everyone else, or at least knows of everyone else. Tribes are more powerful than teams, companies, or even CEOs, and yet their key leverage points have not been mapped—until now. In Tribal Leadership, Dave Logan, John King, and Halee Fischer-Wright show leaders how to assess their organization's tribal culture on a scale from one to five and then implement specific tools to elevate the stage to the next. The result is unprecedented success.In a rigorous eight-year study of approximately 24,000 people in over two dozen corporations, Logan, King, and Fischer-Wright refine and define a common theme: the success of a company depends on its tribes, the strength of its tribes is determined by the tribal culture, and a thriving corporate culture can be established by an effective tribal leader. Tribal Leadership will show leaders how to employ their companies' tribes to maximize productivity and profit: the authors' research, backed up with interviews ranging from Brian France (CEO of NASCAR) to ""Dilbert"" creator Scott Adams, shows that over three quarters of the organizations they've studied have tribal cultures that are merely adequate, no better than the third of five tribal stages.Leaders, managers, and organizations that fail to understand, motivate, and grow their tribes will find it impossible to succeed in an increasingly fragmented world of business. The often counterintuitive findings of Tribal Leadership will help leaders at today's major corporations, small businesses, and nonprofits learn how to take the people in their organization from adequate to outstanding, to discover the secrets that have led the highest-level tribes (like the team at Apple that designed the iPod) to remarkable heights, and to find new ways to succeed where others have failed.",2007.0,,https://covers.openlibrary.org/b/id/5506671-L.jpg,/works/OL11659147W,True,False
BOOK00023,Tough Minded Leadership,,1989.0,,https://covers.openlibrary.org/b/id/4068570-L.jpg,/works/OL2649476W,True,False
BOOK00024,Transforming Leadership,"The award-winning historian critically examines the role of leadership in the twenty-first century, outlining a program through which leaders can become agents of positive social change.",2003.0,,https://covers.openlibrary.org/b/id/6635120-L.jpg,/works/OL30487W,True,False
BOOK00025,Leadership,,2002.0,,https://covers.openlibrary.org/b/id/545838-L.jpg,/works/OL694165W,True,False
BOOK00026,Transformation leadership,,2005.0,,https://covers.openlibrary.org/b/id/1522595-L.jpg,/works/OL19907717W,True,False
BOOK00027,Las cinco disfunciones de un equipo,"In The Five Dysfunctions of a Team Patrick Lencioni once again offers a leadership fable that is as enthralling and instructive as his first two best-selling books, The Five Temptations of a CEO and The Four Obsessions of an Extraordinary Executive. This time, he turns his keen intellect and storytelling power to the fascinating, complex world of teams. Kathryn Petersen, Decision Tech's CEO, faces the ultimate leadership crisis: Uniting a team in such disarray that it threatens to bring down the entire company. Will she succeed? Will she be fired? Will the company fail? Lencioni's utterly gripping tale serves as a timeless reminder that leadership requires as much courage as it does insight. Throughout the story, Lencioni reveals the five dysfunctions which go to the very heart of why teams even the best ones-often struggle. He outlines a powerful model and actionable steps that can be used to overcome these common hurdles and build a cohesive, effective team. Just as with his other books, Lencioni has written a compelling fable with a powerful yet deceptively simple message for all those who strive to be exceptional team leaders.",2002.0,,https://covers.openlibrary.org/b/id/10863273-L.jpg,/works/OL1835386W,True,False
BOOK00028,The Tao of leadership,,1985.0,,https://covers.openlibrary.org/b/id/692190-L.jpg,/works/OL5367479W,True,False
BOOK00029,The student leadership challenge,"Derived from the classic leadership book The Leadership Challenge, Fourth Edition, this is a concise, focused primer on the Five Practices of Exemplary Leadership for students. Grounded in the same extensive research as the best selling The Leadership Challenge, this book uses examples and language to which students in higher education can relate. It also features reflective and critical thinking activities at the end of each chapter to help students engage in each of the Five Practices. -- Publisher description from http://www.josseybass.com (Oct. 3, 2011).",2000.0,,https://covers.openlibrary.org/b/id/9250811-L.jpg,/works/OL1974738W,True,False
BOOK00030,Reframing Organizations,"In this third edition of their best-selling classic, authors Lee Bolman and Terrence Deal explain the powerful tool of ""reframing."" The authors have distilled the organizational literature into a comprehensive approach for looking at situations from more than one angle. Their four frames view organizations as factories, families, jungles, and theaters or temples: The Structural Frame: how to organize and structure groups and teams to get results The Human Resource Frame: how to tailor organizations to satisfy human needs, improve human resource management, and build positive interpersonal and group dynamics The Political Frame: how to cope with power and conflict, build coalitions, hone political skills, and deal with internal and external politics The Symbolic Frame: how to shape a culture that gives purpose and meaning to work, stage organizational drama for internal and external audiences, and build team spirit through ritual, ceremony, and story",1991.0,,https://covers.openlibrary.org/b/id/549072-L.jpg,/works/OL3359455W,True,False
BOOK00031,Wooden on Leadership,"""Team spirit, loyalty, enthusiasm, determination...Acquire and keep these traits and success should follow."" --Coach John WoodenJohn Wooden is without question one of the most respected and honored sports coaches in our nations history. But it wasn't winning games that drove him; it was ensuring that, regardless of the final score, his players always put forth their utmost effort and performed to the best of their abilities.One of the lesser-known aspects of Wooden is the notebooks in which, beginning in 1948, he regularly recorded his thoughts, inspirations, and life lessons. In Wooden on Leadership, the legendary coach and his longtime collaborator Steve Jamison combine the best of those notebooks with Wooden's far-more-celebrated Pyramid of Success to create a leadership skills guide designed to help anyone develop character, conviction, and remarkable achievement.Whether discussing teamwork (""It takes 10 hands to score a basket"") and self-control (""Emotion is the enemy"") to concentration (""Don't look at the scoreboard"") and dealing with defeat (""Things turn out best for those who make the best of the way things turn out"").",2005.0,,https://covers.openlibrary.org/b/id/60373-L.jpg,/works/OL7912826W,True,False
BOOK00032,Brand leadership,,2000.0,,https://covers.openlibrary.org/b/id/7290666-L.jpg,/works/OL9947459W,True,False
BOOK00033,SuperVision and Instructional Leadership,,2000.0,,https://covers.openlibrary.org/b/id/1145869-L.jpg,/works/OL2631715W,True,False
BOOK00034,Leadership,,2007.0,,https://covers.openlibrary.org/b/id/2771147-L.jpg,/works/OL9723833W,True,False
BOOK00035,Leadership Strategy and Tactics,,2020.0,,https://covers.openlibrary.org/b/id/9380709-L.jpg,/works/OL20703991W,True,False
BOOK00036,Leadership,,2022.0,,https://covers.openlibrary.org/b/id/14249975-L.jpg,/works/OL25348188W,True,True
BOOK00037,Improving organizational effectiveness through transformational leadership,,1994.0,,https://covers.openlibrary.org/b/id/1516336-L.jpg,/works/OL18306659W,True,False
BOOK00038,Introduction to Leadership,,2011.0,,https://covers.openlibrary.org/b/id/8872957-L.jpg,/works/OL20220610W,True,False
BOOK00039,Teacher leadership,,1950.0,,https://covers.openlibrary.org/b/id/1482285-L.jpg,/works/OL18785478W,True,False
BOOK00040,HR leadership,"What is HR leadership and what difference can it make to business success? Who is demonstrating HR leadership now and what might HR leadership look like in the future? How can aspiring HR leaders gain the skills, behaviours and credibility to navigate new and complex career structures and move up the career ladder? These are just some of the questions addressed by Linda Holbeche in her latest book. HR leadership is a rapidly evolving concept. It is as much a mindset, philosophy and set of capabilities as a role. HR Leadership draws on the personal experiences of some of today's most talented HR professionals who, through their leadership, are making a real difference to their organisations, no matter what industry they work in. Holbeche looks at the experiences which shaped them and the values and priorities which drive them. The book contains: . Revealing interviews with Senior HR leaders from Google, McDonald's, the UK's National Policing Improvement Agency and other major organisations, offering insights into their own career development . An overview of the capabilities needed for success as an HR leader and suggestions about how to develop these . Practical illustrations from leading companies, demonstrate how effective HR leaders play a driving role in building healthy and effective organisations to offer competitive edge HR Leadership illustrates to business managers what effective HR looks like at its best. Its well-informed and practical advice make this book a must-read for anyone wanting to develop their career as an HR leader. . Revealing interviews with Senior HR leaders from Google, McDonald's, the UK's National Policing Improvement Agency and other major organisations, offering insights into their own career development . An overview of the capabilities needed for success as an HR leader and suggestions about how to develop these . Practical illustrations from leading companies, demonstrate how effective HR leaders play a driving role in building healthy and effective organisations to offer competitive edge.",2010.0,,https://covers.openlibrary.org/b/id/9270506-L.jpg,/works/OL16918034W,True,False
BOOK00041,Leadership in health care,,2008.0,,https://covers.openlibrary.org/b/id/2771103-L.jpg,/works/OL9454258W,True,False
BOOK00042,Organizational culture and leadership,"Presents a comprehensive analysis of organizational culture - what it is, how it develops, and how it functions in relation to managerial style and organizational effectiveness.",1985.0,,https://covers.openlibrary.org/b/id/774364-L.jpg,/works/OL1906630W,True,False
BOOK00043,Leadership and the one minute manager,"Providing a guide to effective business leadership, three management consultants' important concepts and techniques of leadership, including flexibility, diagnosis, contracts, building skill, confidence, and autonomy in others. In clear, simple terms Leadership and the One Minute Manager® teaches managers the art of Situational Leadership®--a simple system that refutes the conventional management mandate of treating all employees equally. Here, you'll learn why tailoring management styles to individual employees is so important why knowing when to delegate, support, or direct is critical how to identify the leadership style suited to a particular person and how consistent use of the One Minute techniques will produce better management and enhanced motivation on all levels. This remarkable, easy-to-follow book is a priceless guide to creative, personalized leadership that elicits the best performance from your staff--and the best bottom line for any business. If your management motto is ""everyone should be treated equally,"" Leadership and the One Minute Manager. will show you why this style not only hinders workplace efficiency, but also frustrates your staff. In clear, simple terms, Ken Blanchard, co-author of the enormously popular The One Minute Manager., coupled with business gurus Patricia and Drea Zigarmi, teach managers the art of Situational Leadership. You'll learn why tailoring management styles to individual employees is so important when to delegate, support, or direct how to identify the leadership style suited to a particular person and how consistent use of the One Minute techniques will produce better management and enhanced motivation on all levels. This remarkable, easy-to-follow book is a priceless guide to creative, personalized leadership that elicits the best performance from your staff and the best bottom line for any business. -- Book jacket.",1985.0,,https://covers.openlibrary.org/b/id/6440265-L.jpg,/works/OL66047W,True,False
BOOK00044,School leadership and administration,,1987.0,,https://covers.openlibrary.org/b/id/8339443-L.jpg,/works/OL4138839W,True,False
BOOK00045,Leadership Is an Art,"Provides advice on the ""art"" of leadership by the CEO of one of Fortune magazine's ten best managed companies.",1989.0,,https://covers.openlibrary.org/b/id/4610906-L.jpg,/works/OL8051336W,True,False
BOOK00046,Small unit leadership,,1983.0,,https://covers.openlibrary.org/b/id/689071-L.jpg,/works/OL5591010W,True,False
BOOK00047,Leadership Wisdom from the Monk Who Sold His Ferrari,,1998.0,,https://covers.openlibrary.org/b/id/1835-L.jpg,/works/OL1854816W,True,False
BOOK00048,Monday morning leadership,,2002.0,,https://covers.openlibrary.org/b/id/737408-L.jpg,/works/OL5698702W,True,False
BOOK00049,Leadership for dummies,,1999.0,,https://covers.openlibrary.org/b/id/521724-L.jpg,/works/OL513860W,True,False
BOOK00050,Leadership,"""Used at more than 1500 institutions in 89 countries and translated into 12 different languages, this market-leading text successfully combines an academically robust account of the major theories and models of leadership with an accessible style and practical examples that help students apply what they learn. Peter G. Northouse uses a consistent format for each chapter, allowing students to compare the various theories. Each chapter includes three case studies that provide students with practical examples of the theories discussed. Adopted at more than 1,000 colleges, universities, and institutions worldwide, Leadership: Theory and Practice provides readers with a user-friendly account of a wide range of leadership research in a clear, concise, and interesting manner.""--Publisher's website.",2010.0,,https://covers.openlibrary.org/b/id/9280852-L.jpg,/works/OL18724331W,True,False
BOOK00051,Curriculum leadership,"""A one-of-a-kind resource written for teachers and administrators who want to sucessfully restructure and enhance school curriculum.""--Back cover.",1987.0,,https://covers.openlibrary.org/b/id/4174269-L.jpg,/works/OL2631027W,True,False
BOOK00052,Transformational leadership development,,1990.0,,,/works/OL2421703W,True,False
BOOK00053,Full range leadership development,,2010.0,,https://covers.openlibrary.org/b/id/14380960-L.jpg,/works/OL15443861W,True,False
BOOK00054,Leadership Development in Balance,,2004.0,,https://covers.openlibrary.org/b/id/5370739-L.jpg,/works/OL2002372W,True,False
BOOK00055,Full range leadership development,,2010.0,,https://covers.openlibrary.org/b/id/9233648-L.jpg,/works/OL18564486W,True,False
BOOK00056,Leadership Development,,2018.0,,https://covers.openlibrary.org/b/id/9234954-L.jpg,/works/OL20593977W,True,False
BOOK00057,Leadership development basics,,2008.0,,,/works/OL840850W,True,False
BOOK00058,Leadership development,,2008.0,,https://covers.openlibrary.org/b/id/5346473-L.jpg,/works/OL3419920W,True,False
BOOK00059,The Center for Creative Leadership handbook of leadership development,This second edition brings together the wealth of practical knowledge that CCL has gained from over three decades of research and experience.,2003.0,,https://covers.openlibrary.org/b/id/10216345-L.jpg,/works/OL19124120W,True,False
BOOK00060,Applied leadership development,,2015.0,,,/works/OL23199296W,True,False
BOOK00061,Full leadership development,,1999.0,,https://covers.openlibrary.org/b/id/3740918-L.jpg,/works/OL2002371W,True,False
BOOK00062,Implementing problem-based learning in leadership development,,1995.0,,https://covers.openlibrary.org/b/id/8141864-L.jpg,/works/OL3744961W,True,False
BOOK00063,Leadership Development Studies,,2014.0,,https://covers.openlibrary.org/b/id/10478961-L.jpg,/works/OL22581744W,True,False
BOOK00064,The making of a leader,,1988.0,,https://covers.openlibrary.org/b/id/688500-L.jpg,/works/OL4655515W,True,False
BOOK00065,Accelerating Leadership Development,,2013.0,,https://covers.openlibrary.org/b/id/9042094-L.jpg,/works/OL20374782W,True,False
BOOK00066,Innovations in public leadership development,,2008.0,,https://covers.openlibrary.org/b/id/8662994-L.jpg,/works/OL18787789W,True,False
BOOK00067,College Student Leadership Development,,2017.0,,,/works/OL26498430W,True,False
BOOK00068,The Center for Creative Leadership handbook of leadership development,"""The third edition of the handbook has been thoroughly revised and expanded to include the most recent research from CCL and its best thinking in the field of leadership development. This important resource includes new chapters on leadership in terms, global leadership, and leading through transitions."" -- Inside Cover",2010.0,,https://covers.openlibrary.org/b/id/9271912-L.jpg,/works/OL15452494W,True,False
BOOK00069,Leadership development program,,2000.0,,https://covers.openlibrary.org/b/id/1664894-L.jpg,/works/OL2656738W,True,False
BOOK00070,Servant Leadership,,2010.0,,,/works/OL25704183W,True,False
BOOK00071,Real time leadership development,,2009.0,,https://covers.openlibrary.org/b/id/9500224-L.jpg,/works/OL9699269W,True,False
BOOK00072,Leading Small Business,,2015.0,,https://covers.openlibrary.org/b/id/13256671-L.jpg,/works/OL25180372W,True,False
BOOK00073,Women's Leadership Development,,2019.0,,,/works/OL21284859W,True,False
BOOK00074,Leadership Development,,2001.0,,https://covers.openlibrary.org/b/id/5363384-L.jpg,/works/OL59396W,True,False
BOOK00075,Accelerated Leadership Development,,2018.0,,https://covers.openlibrary.org/b/id/8842072-L.jpg,/works/OL20192611W,True,False
BOOK00076,Business Leadership Development in China,,2015.0,,https://covers.openlibrary.org/b/id/8952359-L.jpg,/works/OL20293708W,True,False
BOOK00077,Leadership for a Better World,,2012.0,,,/works/OL21490762W,True,False
BOOK00078,Future of Leadership Development,,2003.0,,,/works/OL21047950W,True,False
BOOK00079,Curriculum Leadership Development,,2012.0,,,/works/OL25144317W,True,False
BOOK00080,The handbook for student leadership development,"""This is a comprehensive handbook provides essential research, theoretical framing, and practical guidance to help higher education practitioners develop, advance, and sustain a student leadership program. This new and thoroughly revised edition introduces a model for designing and executing any student leadership program, which will serve as a framing device for the book. This model covers: Foundations of Leadership Education, Program Design, Program Context, and Program Delivery. In addition, the book includes a rich, organized array of further recommended resources that will be connected to elements in various chapters.""--",2011.0,,https://covers.openlibrary.org/b/id/9296574-L.jpg,/works/OL16114022W,True,False
BOOK00081,Leadership Development,,2001.0,,,/works/OL25209587W,True,False
BOOK00082,Servant Leadership Development,,2021.0,,,/works/OL27542534W,True,False
BOOK00083,Full range leadership development,,2011.0,,,/works/OL15508124W,True,False
BOOK00084,The Art of Christian Leadership,,2009.0,,https://covers.openlibrary.org/b/id/8918406-L.jpg,/works/OL20261418W,True,False
BOOK00085,Community Leadership Development,,2014.0,,,/works/OL21287613W,True,False
BOOK00086,Ethical leadership,,1995.0,,https://covers.openlibrary.org/b/id/12689128-L.jpg,/works/OL27700028W,True,False
BOOK00087,Leadership development,,1994.0,,https://covers.openlibrary.org/b/id/3944180-L.jpg,/works/OL3951054W,True,False
BOOK00088,Phi Theta Kappa leadership development program,,1996.0,,,/works/OL11019317W,True,False
BOOK00089,Best practices in leadership development and organization change,"""Best Practices in Leadership Development and Organization Change contains a wide-variety of forms, instruments, case studies, research, methods, and guides that can be used to implement effective programs within any organization. Based on research from the Best Practices Institute, the book offers best practices from eighteen of the world's best organizations.""--BOOK JACKET.",2004.0,,https://covers.openlibrary.org/b/id/8622823-L.jpg,/works/OL19124558W,True,False
BOOK00090,Collaborative leadership,,2002.0,,https://covers.openlibrary.org/b/id/1431839-L.jpg,/works/OL1819729W,True,False
BOOK00091,Transnational leadership development,,2009.0,,https://covers.openlibrary.org/b/id/9272865-L.jpg,/works/OL11929114W,True,False
BOOK00092,Distributed School Leadership,,2008.0,,https://covers.openlibrary.org/b/id/12532970-L.jpg,/works/OL1923307W,True,False
BOOK00093,Leadership Development,,2011.0,,,/works/OL36466813W,True,False
BOOK00094,Management and leadership development,,2007.0,,https://covers.openlibrary.org/b/id/5156507-L.jpg,/works/OL19561785W,True,False
BOOK00095,The Pfeiffer book of successful leadership development tools,Resource added for the Leadership Development program 101961.,2007.0,,https://covers.openlibrary.org/b/id/2424171-L.jpg,/works/OL18845534W,True,False
BOOK00096,Leadership development,,1980.0,,,/works/OL15805280W,True,False
BOOK00097,Foundations of Educational Leadership,,2017.0,,https://covers.openlibrary.org/b/id/8874009-L.jpg,/works/OL20221499W,True,False
BOOK00098,Strategic leadership development,,2007.0,,https://covers.openlibrary.org/b/id/11722014-L.jpg,/works/OL18640373W,True,False
BOOK00099,Executive Leadership,,1972.0,,https://covers.openlibrary.org/b/id/8481928-L.jpg,/works/OL73261W,True,False
BOOK00100,Executive leadership,,1991.0,,https://covers.openlibrary.org/b/id/5171811-L.jpg,/works/OL2672537W,True,False
BOOK00101,Executive leadership,,1953.0,,https://covers.openlibrary.org/b/id/9852661-L.jpg,/works/OL4294411W,True,False
BOOK00102,Executive Leadership,"This book provides a genuine understanding of practical leadership based upon years of research and development. It identifies the essential components of leadership, and supplies guidelines for developing and implementing those skills. Clear, straightforward explanations and examples direct executives on how to establish objectives, delegate authority, direct subordinates, and motivate the team. Executive Leadership supplies a comprehensive analysis of effective leadership at senior levels and presents a model for establishing an efficient and productive workplace. Joseph A. Olmstead, Ph.D., is vice-president for product development with the Vanguard Research Group. His experience includes 22 years as a senior staff scientist and a program director for the Human Resources Research Organization. Dr. Olmstead is the author of numerous books on leadership and organizational effectiveness",2010.0,,https://covers.openlibrary.org/b/id/6428266-L.jpg,/works/OL15170644W,True,False
BOOK00103,Executive leadership,,1940.0,,,/works/OL6357706W,True,False
BOOK00104,Effective Executive,"The measure of the executive, Peter Drucker reminds us, is the ability to ""get the right things done."" This usually involves doing what other people have overlooked as well as avoiding what is unproductive. Intelligence, imagination, and knowledge may all be wasted in an executive job without the acquired habits of mind that mold them into results.",1967.0,,https://covers.openlibrary.org/b/id/4941284-L.jpg,/works/OL272920W,True,False
BOOK00105,Executive Leadership for Effective Administration,,2004.0,,https://covers.openlibrary.org/b/id/1145917-L.jpg,/works/OL2632000W,True,False
BOOK00106,Executive Leadership and Legislative Assemblies,,2014.0,,,/works/OL21282293W,True,False
BOOK00107,The Palestinian executive,,2012.0,,https://covers.openlibrary.org/b/id/13154269-L.jpg,/works/OL16726909W,True,False
BOOK00108,Executive Leadership Council Journal,,2020.0,,,/works/OL20764205W,True,False
BOOK00109,The Development of Executive Leadership,,1949.0,,https://covers.openlibrary.org/b/id/9018164-L.jpg,/works/OL20352066W,True,False
BOOK00110,Executive Leadership,,1969.0,,,/works/OL9160155W,True,False
BOOK00111,Legislative liaison; executive leadership in Congress,,1970.0,,,/works/OL31757099W,True,False
BOOK00112,Principles and problems of executive leadership,,1956.0,,,/works/OL178488W,True,False
BOOK00113,The technique of executive leadership,,1950.0,,,/works/OL12555073W,True,False
BOOK00114,The development of executive leadership,,1949.0,,https://covers.openlibrary.org/b/id/14944235-L.jpg,/works/OL3346518W,True,False
BOOK00115,Executive leadership,,1969.0,,https://covers.openlibrary.org/b/id/14957583-L.jpg,/works/OL4613019W,True,False
BOOK00116,Chief nursing executives' leadership style and effectiveness,,1990.0,,,/works/OL11150616W,True,False
BOOK00117,Navigate,,2015.0,,,/works/OL40675189W,True,False
BOOK00118,Executive leadership in a dynamic society,,1964.0,,,/works/OL186153W,True,False
BOOK00119,Executive leadership in Anglo-American systems,,1991.0,,https://covers.openlibrary.org/b/id/11629350-L.jpg,/works/OL19506401W,True,False
BOOK00120,The focused executive,,2014.0,,https://covers.openlibrary.org/b/id/12939448-L.jpg,/works/OL28958132W,True,False
BOOK00121,Executive leadership,,1960.0,,,/works/OL37440322W,True,False
BOOK00122,Executive Leadership,,2024.0,,,/works/OL45919298W,True,False
BOOK00123,Executive leadership.,,1987.0,,,/works/OL17671901M,True,False
BOOK00124,Executive leadership,,1971.0,,,/works/OL10932218W,True,False
BOOK00125,Executive Leadership,,2010.0,,,/works/OL34016806W,True,False
BOOK00126,Executive leadership,,2000.0,,https://covers.openlibrary.org/b/id/1629853-L.jpg,/works/OL18345228W,True,False
BOOK00127,Executive Leadership in Nonprofit Organizations,Presents strategies used by effective executives to position their organizations and offers guidance on how executives can work more productively with their boards.,1991.0,,,/works/OL25126597W,True,False
BOOK00128,Executive Leadership Series,,1996.0,,https://covers.openlibrary.org/b/id/2927622-L.jpg,/works/OL8924498W,True,False
BOOK00129,Police Executive Leadership,,1990.0,,https://covers.openlibrary.org/b/id/1627049-L.jpg,/works/OL3703775W,True,False
BOOK00130,"Presidents, Prime Ministers and Chancellors",,2004.0,,https://covers.openlibrary.org/b/id/1744447-L.jpg,/works/OL8716894W,True,False
BOOK00131,Presidential Administration and the Environment,"""After the sweeping environmental legislation passed in the 1970s and 1980s, the 1990s ushered in an era where new legislation and reforms to existing laws were consistently gridlocked. In answer, environmental groups became more specialized and professional, learning how to affect policy change through the courts, states, and federal agencies rather than through grassroots movements. Without a significantly mobilized public and with a generally uncooperative Congress, presidents since the 1990s have been forced to step into a new role of increasing presidential dominance over environmental policies. Rather than working with Congress, instead presidents have employed unilateral actions such as executive orders to get environmental legislation passed. Presidential Administration and the Environment offers a detailed examination of the transformation of policy networks and the shift in strategies and tools used by US presidents to get environmental legislation passed. Using primary sources from presidential libraries such as speeches and staff communications, David M. Shafie is able to analyze how presidents such as Clinton and Bush have used alternative executive approaches to pass environmental policies. From there, Shafie uses a number of in-depth interviews with interest group leaders and agency personnel to form the basis of his case studies in land management, water policy, toxics, and climate change. He analyzes the roles that both executive leadership and environmental advocacy groups have played in passing policies within these four areas, explains how these roles have changed over time, and concludes by investigating how Obama's policies compare thus far with those of his predecessors. Shafie's combination of qualitative content analysis and topical case studies offers scholars and researchers alike important insights for understanding the interactions between environmental groups and the executive branch and its implications for future policy-making in the United States""--",2013.0,,https://covers.openlibrary.org/b/id/14340877-L.jpg,/works/OL21116860W,True,False
BOOK00132,Executive leadership,,1981.0,,https://covers.openlibrary.org/b/id/9802610-L.jpg,/works/OL6336195W,True,False
BOOK00133,Development of Executive Leadership,,1949.0,,,/works/OL21519932W,True,False
BOOK00134,Models and theories of executive leadership,,1996.0,,,/works/OL2587520W,True,False
BOOK00135,Legislative liaison; executive leadership in Congress,,1970.0,,https://covers.openlibrary.org/b/id/15002351-L.jpg,/works/OL5595907W,True,False
BOOK00136,Reset Your Thinking Before Presenting to Executive Leadership,,2020.0,,,/works/OL20763513W,True,False
BOOK00137,Executive leadership through communication,,1990.0,,,/works/OL4197287W,True,False
BOOK00138,Executive leadership in a dynamic society,,1966.0,,,/works/OL38711582W,True,False
BOOK00139,Executive leadership and organizational outcomes,,1983.0,,,/works/OL31882964W,True,False
BOOK00140,Human nature and management,,1929.0,,https://covers.openlibrary.org/b/id/4419212-L.jpg,/works/OL6556608W,True,False
BOOK00141,NURSE EXECUTIVES: LEADERSHIP/POWER MOTIVATION AND LEADERSHIP EFFECTIVENESS,,1988.0,,,/works/OL12264306W,True,False
BOOK00142,executive leadership course volume 3,,1963.0,,,/works/OL35415246W,True,False
BOOK00143,Dinosaur Tracks (Executive Leadership Series),,2004.0,,,/works/OL37251810W,True,False
BOOK00144,The Technique of Executive Leadership,,1950.0,,,/works/OL31623052W,True,False
BOOK00145,Applied team leadership,,2009.0,,https://covers.openlibrary.org/b/id/11412241-L.jpg,/works/OL24697310W,True,False
BOOK00146,Team leadership,,1999.0,,,/works/OL12527724W,True,False
BOOK00147,Nursing team leadership,,1961.0,,https://covers.openlibrary.org/b/id/7156260-L.jpg,/works/OL5276233W,True,False
BOOK00148,Team leadership,"In Volume 3 of The Parker Team Series we learn that ""Effective leadership is effective leadership. Some universal truths cut across all types of teams ... Effective leaders have a clear vision and are able to communicate that vision ... They develop a sense of urgency about the team's work, involve team members in goal-setting and decision-making, and foster a climate of openness and honesty. People want to work with them ..."" Everything you need to know to make you a better team leader is contained in this small book, from self-assessing your strengths and weaknesses to setting performance goals to tactfully influencing those on your team. There is no better value in team training materials than a Parker Team Series title!",2009.0,,https://covers.openlibrary.org/b/id/12665446-L.jpg,/works/OL27684096W,True,False
BOOK00149,Team leadership,,1998.0,,https://covers.openlibrary.org/b/id/3791211-L.jpg,/works/OL2733067W,True,False
BOOK00150,Team of Rivals,"Team of Rivals: The Political Genius of Abraham Lincoln is a 2005 book by Pulitzer Prize-winning American historian Doris Kearns Goodwin, published by Simon & Schuster. The book is a biographical portrait of U.S. President Abraham Lincoln and some of the men who served with him in his cabinet from 1861 to 1865. Three of his Cabinet members had previously run against Lincoln in the 1860 election: Attorney General Edward Bates, Secretary of the Treasury Salmon P. Chase and Secretary of State William H. Seward. The book focuses on Lincoln's mostly successful attempts to reconcile conflicting personalities and political factions on the path to abolition and victory in the American Civil War. Goodwin's sixth book, Team of Rivals was well received by critics and won the 2006 Lincoln Prize and the inaugural Book Prize for American History of the New-York Historical Society. US President Barack Obama cited it as one of his favorite books and was said to have used it as a model for constructing his own cabinet, although he later wrote this was not the reason he chose Hillary Clinton as his Secretary of State. In 2012, a Steven Spielberg film based on the book was released to critical acclaim.",2003.0,,https://covers.openlibrary.org/b/id/9286949-L.jpg,/works/OL1856010W,True,False
BOOK00151,Interprofessional Health Care Team,,2016.0,,,/works/OL21139445W,True,False
BOOK00152,Team leadership in Christian ministry,,1997.0,,https://covers.openlibrary.org/b/id/570683-L.jpg,/works/OL1959738W,True,False
BOOK00153,Leading self-directed work teams,"A new edition of the book that lead the self-directed work teams revolution. Leading Self-Directed Work Teams is one of the best-selling books on teams ever published. Now, the perfect guide for any team leader has been revised and expanded to reflect the new realities of team-based organizations. By explaining how team leaders differ from conventional supervisors, this informative volume which is based on the author's successful seminars and workshops is especially useful for those managers who move from hierarchical to participatory structures. This edition feature more practical examples and techniques than in the previous edition, new research, dozens of tips and checklists, case studies, and valuable training exercises. It has been used and praised by experts at Motorola, M.I.T., AT&T and many other organizations.",1993.0,,https://covers.openlibrary.org/b/id/53890-L.jpg,/works/OL2687121W,True,False
BOOK00154,Team Leadership,,2002.0,,https://covers.openlibrary.org/b/id/917153-L.jpg,/works/OL4450508W,True,False
BOOK00155,Team leadership in the game industry,,2009.0,,https://covers.openlibrary.org/b/id/9953222-L.jpg,/works/OL15325310W,True,False
BOOK00156,Team leadership,,1996.0,,https://covers.openlibrary.org/b/id/1932582-L.jpg,/works/OL2877876W,True,False
BOOK00157,Team Leadership,,2018.0,,,/works/OL21865071W,True,False
BOOK00158,The Team Leadership Practices Inventory,,1992.0,,,/works/OL1974742W,True,False
BOOK00159,Leading teams,,2013.0,,,/works/OL19968836W,True,False
BOOK00160,Team Leadership in Community Colleges,,2019.0,,https://covers.openlibrary.org/b/id/12425091-L.jpg,/works/OL21877448W,True,False
BOOK00161,Team Leadership in High-Hazard Environments,,2014.0,,https://covers.openlibrary.org/b/id/14800665-L.jpg,/works/OL21271940W,True,False
BOOK00162,Effective Team Leadership,,2008.0,,https://covers.openlibrary.org/b/id/11938975-L.jpg,/works/OL24995476W,True,False
BOOK00163,Leadership Team Coaching,,2011.0,,https://covers.openlibrary.org/b/id/11149215-L.jpg,/works/OL21058637W,True,False
BOOK00164,Team leadership,,1997.0,,https://covers.openlibrary.org/b/id/12813162-L.jpg,/works/OL3363246W,True,False
BOOK00165,Remote Team Leadership,,2017.0,,,/works/OL29567685W,True,False
BOOK00166,Operations Team Leadership (Leadership Guides),,2000.0,,https://covers.openlibrary.org/b/id/3001809-L.jpg,/works/OL3058217W,True,False
BOOK00167,Leaders Eat Last,"Why do only a few people get to say “I love my job?” It seems unfair that finding fulfillment at work is like winning a lottery; that only a few lucky ones get to feel valued by their organizations, to feel like they belong. Imagine a world where almost everyone wakes up inspired to go to work, feels trusted and valued during the day, then returns home feeling fulfilled. This is not a crazy, idealized notion. Today, in many successful organizations, great leaders are creating environments in which people naturally work together to do remarkable things. In his travels around the world since the publication of his bestseller Start with Why, Simon Sinek noticed that some teams were able to trust each other so deeply that they would literally put their lives on the line for each other. Other teams, no matter what incentives were offered, were doomed to infighting, fragmentation and failure. Why? The answer became clear during a conversation with a Marine Corps general. “Officers eat last,” he said. Sinek watched as the most junior Marines ate first, while the most senior Marines took their place at the back of the line. What’s symbolic in the chow hall is deadly serious on the battlefield: great leaders sacrifice their own comfort—even their own survival—for the good of those in their care. This principle has been true since the earliest tribes of hunters and gatherers. It’s not a management theory; it’s biology. Our brains and bodies evolved to help us find food, shelter, mates and especially safety. We’ve always lived in a dangerous world, facing predators and enemies at every turn. We thrived only when we felt safe among our group. Our biology hasn’t changed in fifty thousand years, but our environment certainly has. Today’s workplaces tend to be full of cynicism, paranoia and self-interest. But the best organizations foster trust and cooperation because their leaders build what Sinek calls a Circle of Safety that separates the security inside the team from the challenges outside. The Circle of Safety leads to stable, adaptive, confident teams, where everyone feels they belong and all energies are devoted to facing the common enemy and seizing big opportunities. But without a Circle of Safety, we end up with office politics, silos and runaway self-interest. And the whole organization suffers. As he did in Start with Why, Sinek illustrates his ideas with fascinating true stories from a wide range of examples, from the military to manufacturing, from government to investment banking. The biology is clear: when it matters most, leaders who are willing to eat last are rewarded with deeply loyal colleagues who will stop at nothing to advance their leader’s vision and their organization’s interests. It’s amazing how well it works",1900.0,,https://covers.openlibrary.org/b/id/8246311-L.jpg,/works/OL16821124W,True,False
BOOK00168,Sales Team Leadership,,2012.0,,,/works/OL33715638W,True,False
BOOK00169,Tools for team leadership,"""Tools for Team Leadership introduces the critical ""X-factor"" in team success - leadership - and delivers an advanced set of tools and strategies to help anyone become an effective team leader. Grounded in the author's practical frontline experience with hundreds of teams and backed by solid research and instruments, it explores the essence of leadership in a team environment. Huszczo identifies the three chief responsibilities of every team leader - raise awareness, generate options, and plan for success - and presents a comprehensive toolbox for use in analyzing a team's strengths and weaknesses, creatively brainstorming strategies and tactics, generating options and facilitating consensus, and implementing action plans that help teams help themselves."" ""Jam-packed with questionnaires, checklists, needs assessments, organizational surveys, sample training modules, and exercises, Tools for Team Leadership covers teambuilding for both new and existing teams, with special help for teambuilding at the top, and includes a self-study review at the end of each chapter to help turn key learning concepts into a plan of action.""--Jacket.",2004.0,,https://covers.openlibrary.org/b/id/1648435-L.jpg,/works/OL2971992W,True,False
BOOK00170,Strategic Team Leadership,,1992.0,,,/works/OL4406543W,True,False
BOOK00171,Team leadership,,1996.0,,https://covers.openlibrary.org/b/id/12760793-L.jpg,/works/OL19419475W,True,False
BOOK00172,Team Leadership,,2024.0,,,/works/OL39127787W,True,False
BOOK00173,The team leadership practices inventory,,1992.0,,,/works/OL13399015W,True,False
BOOK00174,Executive Team Leadership in the Global Economic and Competitive Environment,,2014.0,,,/works/OL25172394W,True,False
BOOK00175,Practical Remote Team Leadership,,2016.0,,,/works/OL29438046W,True,False
BOOK00176,Virtual team leadership and collaborative engineering advancements,"""This book addresses a range of e-collaboration topics, with emphasis on two particularly challenging ones: virtual team leadership, and collaborative engineering""--Provided by publisher.",2008.0,,https://covers.openlibrary.org/b/id/8732716-L.jpg,/works/OL16938759W,True,False
BOOK00177,Effective Team Leadership for Engineers,,2009.0,,,/works/OL21024005W,True,False
BOOK00178,Art of Middle Management,,2013.0,,,/works/OL21304733W,True,False
BOOK00179,Team Leadership,,2013.0,,,/works/OL38266935W,True,False
BOOK00180,Adaptive team leadership,,2008.0,,,/works/OL28205548W,True,False
BOOK00181,Team Leadership,,1998.0,,,/works/OL29420795W,True,False
BOOK00182,Tim lidŏsip =,,1996.0,,,/works/OL12107242W,True,False
BOOK00183,Leading project teams,"""Leading Project Teams is an ideal supplemental text for any class or training situation where the instructor wants to integrate basic project and team leadership skills into his or her instructional needs. It is designed for advanced undergraduate and graduate students studying organizational behavior; strategic management; and human resource management in Business, Education, Health Care, and Industrial/Organizational Psychology.""--Jacket.",2005.0,,https://covers.openlibrary.org/b/id/1771265-L.jpg,/works/OL5830316W,True,False
BOOK00184,The Five Dysfunctions of a Team,,2002.0,,https://covers.openlibrary.org/b/id/14620714-L.jpg,/works/OL31272706W,True,False
BOOK00185,Team leadership in action,,1970.0,,https://covers.openlibrary.org/b/id/11572449-L.jpg,/works/OL2924417W,True,False
BOOK00186,Effective team leadership,,1994.0,,,/works/OL8657209W,True,False
BOOK00187,Team Leadership Questionnaire,,2011.0,,,/works/OL40036856W,True,False
BOOK00188,Five Dysfunctions of a Team,,2007.0,,https://covers.openlibrary.org/b/id/13296514-L.jpg,/works/OL25020688W,True,False
BOOK00189,Team of Teams,"As commander of Joint Special Operations Command (JSOC), General Stanley McChrystal played a crucial role in the War on Terror. But when he took the helm in 2004, America was losing that war badly: despite vastly inferior resources and technology, Al Qaeda was outmaneuvering America's most elite warriors. McChrystal came to realize that today's faster, more interdependent world had overwhelmed the conventional, top-down hierarchy of the U.S. military. Al Qaeda had seen the future: a decentralized network that could move quickly and strike ruthlessly. To defeat such an enemy, JSOC would have to discard a century of management wisdom, and pivot from a pursuit of mechanical efficiency to organic adaptability. Under McChrystal's leadership, JSOC remade itself, in the midst of a grueling war, into something entirely new: a network that combined robust centralized communication with decentralized managerial authority. As a result, they beat back Al Qaeda. In this book, McChrystal shows not only how the military made that transition, but also how similar shifts are possible in all organizations, from large companies to startups to charities to governments. In a turbulent world, the best organizations think and act like a team of teams, embracing small groups that combine the freedom to experiment with a relentless drive to share what they've learned. Drawing on a wealth of evidence from his military career, the private sector, and sources as diverse as hospital emergency rooms and NASA's space program, McChrystal frames the existential challenge facing today's organizations, and proposes a compelling, effective solution.",2015.0,,https://covers.openlibrary.org/b/id/10522497-L.jpg,/works/OL20000938W,True,False
BOOK00190,Executive Team Leadership for the 21st Century,,2014.0,,https://covers.openlibrary.org/b/id/12708527-L.jpg,/works/OL21286448W,True,False
BOOK00191,Team Leadership Assessments,,2005.0,,,/works/OL9897459W,True,False
BOOK00192,Legendary team leadership,,1994.0,,https://covers.openlibrary.org/b/id/12146910-L.jpg,/works/OL3033847W,True,False
BOOK00193,Transformational Leadership,,1997.0,,https://covers.openlibrary.org/b/id/1521636-L.jpg,/works/OL2421709W,True,False
BOOK00194,Transformational leadership,,2003.0,,https://covers.openlibrary.org/b/id/1624080-L.jpg,/works/OL23862631W,True,False
BOOK00195,Transformative leadership in education,,2012.0,,https://covers.openlibrary.org/b/id/14579593-L.jpg,/works/OL16509538W,True,False
BOOK00196,Transforming leadership,,1991.0,,https://covers.openlibrary.org/b/id/3971202-L.jpg,/works/OL3476508W,True,False
BOOK00197,Transformational Leadership,,2018.0,,,/works/OL29761359W,True,False
BOOK00198,Radical Transformational Leadership,"xxvii, 338 pages : 23 cm",2017.0,,https://covers.openlibrary.org/b/id/14510961-L.jpg,/works/OL21153306W,True,False
BOOK00199,Transformative Leadership Primer,,2015.0,,,/works/OL21127180W,True,False
BOOK00200,The dark side of transformational leadership,,2013.0,,,/works/OL19968818W,True,False
BOOK00201,Transformational leadership,,2010.0,,,/works/OL23259812W,True,False
BOOK00202,Transforming leadership: from vision to results,,1986.0,,https://covers.openlibrary.org/b/id/7145185-L.jpg,/works/OL16500699W,True,False
BOOK00203,Transforming leadership,,1998.0,,https://covers.openlibrary.org/b/id/1669512-L.jpg,/works/OL18185438W,True,False
BOOK00204,Charismatic and transformational leadership,,1989.0,,,/works/OL11651359W,True,False
BOOK00205,Transformational Leadership,,2021.0,,,/works/OL28735935W,True,False
BOOK00206,Transformative Leadership in Action,,2020.0,,,/works/OL21710386W,True,False
BOOK00207,Transformational Leadership Styles for Global Leaders,,2023.0,,,/works/OL36733507W,True,False
BOOK00208,7 principles of transformational leadership,"In the world of work, the single greatest asset of successful individuals, teams, and organizations is their mindset--what happens in between their ears. It's not the corporate strategy, the sales compensation plan, or the market segments they're pursuing. It is what each leader, team member, and employee chooses to focus on, to believe, and to create for themselves and others.The 7 Principles of Transformational Leadership presents the fundamental concepts whose implementation will result in dramatic revenue, performance, and relationship growth. Specifically, leaders will learn to:Live their professional and personal lives with unbridled purpose and passion.Execute strategic priorities more effectively and with accelerated results.Retain the brightest and best talent. Have employees, key stakeholders, and managers enthusiastically follow them. Be exemplars of innovation, growth, and positive mindsets. Cascade excellence throughout their organizations.You may have employees with all the talent in the world, but you'll never achieve remarkable results until you change your employees' mindset. The 7 Principles of Transformational Leadership will help you convert your human potential into accelerated business results.",2017.0,,https://covers.openlibrary.org/b/id/15220646-L.jpg,/works/OL19718601W,True,False
BOOK00209,Uniting the Virtual Workforce,"Praise for Uniting the Virtual Workforce ""Uniting the Virtual Workforce offers much-needed guidance on how to navigate the largely unmapped territory of virtual work environments in the global economy. The authors do an outstanding job of presenting how organizations should address the challenges of virtual workforces so as to reap the huge potential benefits of increased growth, productivity, and innovation."" -C. Warren Axelrod, PhD, Chief Privacy Officer and Business Information Security Officer, U.S. Trust, and author of Outsourcing Information Security ""Lojeski and Reilly bring us something that readers of business books so rarely get-no nonsense practical guidance on how to manage distance, especially where it most often serves as an impediment to working effectively.? If you interface with widely dispersed team members who rarely see one another and communicate by virtue of impersonal electronics, you may expect to find this book provocative, counterintuitive, and above all, exciting. It gives all of us who have to struggle, while working with talent stretched across distance, hope, that maybe there are ways to do this right!"" -Patrick J. McKenna, author of First Among Equals? ""A must-read for global corporate executives who manage geographically dispersed job sharing teams. Practical strategies for preventing productivity loss and optimizing innovation. The authors pull no punches in showing the real downsides to the virtual work phenomenon; they have done a great service for us all."" -Jeff Saperstein, author of Creating Regional Wealth in the Innovation Economy ""Uniting the Virtual Workforce charts the course for competing in the twenty-first century by tapping into the powers of virtual work. Any manager who ignores the virtual workforce is underperforming, and any company or organization that does not appreciate virtual work is already at a competitive disadvantage. Karen and Dick have tapped into a key ingredient in the recipe for global growth."" -Jerry MacArthur Hultin, President, Polytechnic University, and former Under Secretary of the Navy ""Authors Sobel Lojeski and Reilly have provided a useful primer for the harried executive striving for productivity improvements while seeing the workload expand and the workforce disperse. Using conceptual definitions of Physical, Operational, and Affinity Distance to describe the multifaceted dimensions of building teams of people to work effectively together, the authors construct a very powerful set of metrics for a manager to improve the capability of his or her workgroup, no matter where it resides or how it is composed. The book is rich in anecdotes and specific studies that illustrate the concepts in an engaging, pertinent, and easy-to-understand manner. In an age of outsourcing, offshoring, and decentralizing groups of people who have to get things done together, reading this small book will repay itself many times over."" -Charles House, Director, Media X Lab at Stanford University, and former Director of the Societal Impact of Technology, Intel Corporation",2008.0,,https://covers.openlibrary.org/b/id/6408181-L.jpg,/works/OL9372006W,True,False
BOOK00210,"Women, spirituality, and transformative leadership","The world is in crisis and it seems that many are looking to women to heal the planet and our human family. Before women can step into our full potential as leaders and guides in this moment, we must individually reconnect with our deepest wisdom and with our spiritual roots; collectively heal the many dimensions of separation that keep us fragmented and ineffective as agents of social change; and globally reclaim our rightful place as spiritual leaders in service of a balanced and compassionate new paradigm. This empowering resource engages women in an interactive exploration of the challenges and opportunities on the frontier of women¿s spiritual leadership. Through the voices of North American women representing a matric of diversity¿ethnically, spiritually, religiously, generationally and geographically¿this book will inspire women to new expressions of their own personal leadership and invite them into powerful collaborative action.",2011.0,,https://covers.openlibrary.org/b/id/10416234-L.jpg,/works/OL16167822W,True,False
BOOK00211,Transformational leadership,,1995.0,,https://covers.openlibrary.org/b/id/6618397-L.jpg,/works/OL2953791W,True,False
BOOK00212,Transformative Leadership and Sustainable Innovation in Education,,2024.0,,,/works/OL37836630W,True,False
BOOK00213,Transforming leadership,An updated text on improving business leadership. Provides self-assessment tools and covers coaching and mentoring. Also discusses how to identify opportunities to apply leadership skills.,1992.0,,https://covers.openlibrary.org/b/id/1925600-L.jpg,/works/OL2720383W,True,False
BOOK00214,Transforming Leadership,,2005.0,,https://covers.openlibrary.org/b/id/875707-L.jpg,/works/OL8994178W,True,False
BOOK00215,Transforming Leadership,,1999.0,,,/works/OL5957923W,True,False
BOOK00216,Transformative Leadership,,2014.0,,,/works/OL21076591W,True,False
BOOK00217,The Transformational Leadership Compass,,2021.0,,https://covers.openlibrary.org/b/id/10648832-L.jpg,/works/OL24205378W,True,False
BOOK00218,Sustainability Mindset and Transformative Leadership,,2021.0,,https://covers.openlibrary.org/b/id/13919457-L.jpg,/works/OL25326177W,True,False
BOOK00219,Transforming Leadership,,2002.0,,https://covers.openlibrary.org/b/id/2350430-L.jpg,/works/OL4641084W,True,False
BOOK00220,Transformational leadership in East Africa,"""This book of discusses the question of political power and the role of leadership in East African communities. Beginning with pre-colonial structures and continuing to the present day, it tells a saddening tale of African states in crisis, without a sustainable leadership culture, with badly managed political transitions and confused social policies.""--BOOK JACKET.",2005.0,,https://covers.openlibrary.org/b/id/2304971-L.jpg,/works/OL2615445W,True,False
BOOK00221,Transformational leadership,,2010.0,,https://covers.openlibrary.org/b/id/12477876-L.jpg,/works/OL23234902W,True,False
BOOK00222,Transforming leadership,,2008.0,,https://covers.openlibrary.org/b/id/12754296-L.jpg,/works/OL16144446W,True,False
BOOK00223,Reframing Transformational Leadership,,2014.0,,,/works/OL21583154W,True,False
BOOK00224,Action Inquiry,,2004.0,,https://covers.openlibrary.org/b/id/11245620-L.jpg,/works/OL24587375W,True,False
BOOK00225,Transforming Leadership,,2017.0,,,/works/OL27799464W,True,False
BOOK00226,Transformational leadership,"In 2009, the Leadership Conference of Women Religious (LCWR)--an organization representing 300 orders of sisters in the United States--suddenly gained wide attention following a critical doctrinal assessment issued by the Vatican's Congregation for the Doctrine of the Faith. Many became interested in the way the LCWR and its members exercised leadership. One of their members described it as ""transformational leadership""--a ""way-of-being-in-in-the-world."" To better understand this way of leadership, LCWR regularly conducts interviews with some of the most engaging and passionate of contemporary thinkers. In this volume of interviews, eighteen theologians, psychologists, educators, and religious leaders from various fields and disciplines share their wisdom about a way of leadership able to meet the deep challenges of today's world. Transformational Leadership offers the opportunity to learn from notables such as Walter Brueggemann, Judy Cannato, Joan Chittister, OSB, Constance FitzGerald, OCD, Donald Goergen, OP, Marty Linsky, and Margaret Wheatley. Transformational Leadership, although originally addressed to American Catholic sisters, provides thoughtful and practical suggestions for living a Gospel-centered life and its unique collection of personalities and insight makes it of interest to all men and women seeking to live and lead with purpose and depth. (Publisher).",2015.0,,https://covers.openlibrary.org/b/id/12807462-L.jpg,/works/OL28172934W,True,False
BOOK00227,Advancing Inclusive Open Education Through Transformative Leadership,,2025.0,,,/works/OL44609028W,True,False
BOOK00228,Transformative Leadership,,2024.0,,,/works/OL39175195W,True,False
BOOK00229,Transformational leadership,,1996.0,,https://covers.openlibrary.org/b/id/582313-L.jpg,/works/OL3263681W,True,False
BOOK00230,Shared vision,,1989.0,,https://covers.openlibrary.org/b/id/9764558-L.jpg,/works/OL2896803W,True,False
BOOK00231,Transformative Leadership,,2024.0,,,/works/OL39200027W,True,False
BOOK00232,Transformational Leadership and Not for Profits and Social Enterprises,,2018.0,,https://covers.openlibrary.org/b/id/9233881-L.jpg,/works/OL20592844W,True,False
BOOK00233,Transformational Leadership Unleashed,,2025.0,,,/works/OL44597810W,True,False
BOOK00234,Servant leadership,,1977.0,,https://covers.openlibrary.org/b/id/592685-L.jpg,/works/OL1903158W,True,False
BOOK00235,The case for servant leadership,,2008.0,,https://covers.openlibrary.org/b/id/11419033-L.jpg,/works/OL24701696W,True,False
BOOK00236,The power of servant-leadership,"""A collection of eight of Greenleaf's most compelling essays on servant-leadership ... [an] approach to leadership ... which puts serving others, including employees, customers, and community, first.""--Back cover.",1998.0,,https://covers.openlibrary.org/b/id/831198-L.jpg,/works/OL1903148W,True,False
BOOK00237,Servant leadership,,,,https://covers.openlibrary.org/b/id/9698586-L.jpg,/works/OL16997792W,True,False
BOOK00238,Servant leadership,,2004.0,,https://covers.openlibrary.org/b/id/1573933-L.jpg,/works/OL5816128W,True,False
BOOK00239,Scrum Mastery,,2013.0,,https://covers.openlibrary.org/b/id/10846720-L.jpg,/works/OL24326584W,True,False
BOOK00240,Servant-leadership across cultures,"Manage cross-cultural workforces using the secrets of two international leadership gurus! As our economy globalizes at ever faster rates, managing employees from diverse cultures is becoming the norm -- and it can be an extraordinarily complex task. As a leader, how do you make sure everyone's values are recognized? How do you resolve grievances arising from value differences in the most pragmatic ways? The answer is servant-leadership. Grounded in the idea that business leaders exist to serve others while remaining focused on the bottom line, servant-leadership works for Starbucks and Southwest Airlines, and they're not alone. In fact, servant-leadership is practiced at a third of Fortune's 100 Best Companies to Work for. Servant-Leadership Across Cultures explains how to: Identify and fulfill the needs of employees from any cultural background; Reconcile apparent contradictions, even deep-seated or culturally based ones; Tend to both long- and short-term organizational needs; Build community, social capital, and loyalty through stewardship; Manage the difference between a fatal error and a chance for improvement. You'll also benefit from the lessons of key executives from Dell, Bang & Olufsen, Motorola, Shell, and others -- all of whom have used servant-leadership to raise not just their organizations' social stature, but also the bottom line. - Back cover. We are all under new pressure toproduce more for less money—andin less time. Ultimately, this cannot bedone unless bosses are able to—in serviceof their organization—bring out the bestin their people.That is the essence of servant-leadership,the management philosophy originallyoutlined by organizational expert RobertGreenleaf in the 1970s. It's a philosophywhose time has truly come.The mission statement of TDIndustries,a regular on Fortune's list of 100 BestCompanies to Work for in America,prioritizes ""intense 'people development'efforts, includingsubstantial training budgets.""When an error at Motorola caused$100,000 in damages to equipment, noheads rolled; instead, the responsibleemployee was encouraged to developa system based on what he'd learned;all told, Motorola saved more than amillion dollars.When Sematech, the InternationalInstitute for Semiconductors, joinedwith competitors like Intel, AMD,Siemens, and Sony, the result wassmarter and better business for all, viashared innovation and communication.For such progressive companies, mereinstitutional power is no longer enough.Their secret is the empowerment thatservant-leadership provides, and it canmake the difference between the successof your organization and its downfall.With Servant-Leadership Across Cultures,you'll come to understand how andwhy doing the right thing pays off foreveryone—not just for your business partners,but for the world.",2009.0,,https://covers.openlibrary.org/b/id/6420818-L.jpg,/works/OL2726376W,True,False
BOOK00241,Seven pillars of servant leadership,,2009.0,,https://covers.openlibrary.org/b/id/5731413-L.jpg,/works/OL9595789W,True,False
BOOK00242,Servant leadership,,2008.0,,https://covers.openlibrary.org/b/id/11817558-L.jpg,/works/OL24912130W,True,False
BOOK00243,Reflections on leadership,"In the twenty-five years since Robert K. Greenleaf first articulated his vision of ""servant-leadership,"" the world has seen a steady expansion in the influence of the man and his ideas. Hailed as the ""grandfather"" of the modern empowerment movement in business leadership, Greenleaf described true leaders as those who lead by serving others - empowering them to reach their full potential. He saw the ideal leader as one who transforms and integrates an organization; a steward with a commitment to the growth of people and the building of a community.",1995.0,,https://covers.openlibrary.org/b/id/300435-L.jpg,/works/OL18177476W,True,False
BOOK00244,Strength in servant leadership,,1987.0,,https://covers.openlibrary.org/b/id/8148071-L.jpg,/works/OL1861949W,True,False
BOOK00245,Servant leadership,,1977.0,,https://covers.openlibrary.org/b/id/4700687-L.jpg,/works/OL16327340W,True,False
BOOK00246,Servant leadership,,2010.0,,https://covers.openlibrary.org/b/id/9845502-L.jpg,/works/OL16295981W,True,False
BOOK00247,Handbook for secular Franciscan servant leadership,,1998.0,,,/works/OL18637084W,True,False
BOOK00248,Focus on Leadership,,2001.0,,https://covers.openlibrary.org/b/id/304480-L.jpg,/works/OL14925607W,True,False
BOOK00249,Servant Leadership in Action,,2018.0,,https://covers.openlibrary.org/b/id/8813082-L.jpg,/works/OL20167114W,True,False
BOOK00250,Servant Leadership,,2019.0,,,/works/OL30232477W,True,False
BOOK00251,Servant leadership,,2001.0,,https://covers.openlibrary.org/b/id/12897208-L.jpg,/works/OL2471245W,True,False
BOOK00252,Servant leadership,"""Servant Leadership: Leaving a Legacy is a heart-warming closure to the 'Principal to Principal' series. This fourth book finds John battling cancer that might be terminal, and his conversations with Brad and others he is mentoring provide a unique glimpse into the heart of a true servant leader. John's passion for life and caring for others is contagious, and leaves the reader clinging to the hope that he will beat his one last challenge. In an era of re-invention of schools on all levels, this story zeroes in on the critical need for integrity-driven leaders who understand how vision, innovative thinking, emotional intelligence and authentic relationship can transform a school's culture""--",2011.0,,https://covers.openlibrary.org/b/id/14379882-L.jpg,/works/OL16191519W,True,False
BOOK00253,Applying Servant Leadership in Today's Schools,,2008.0,,,/works/OL25178288W,True,False
BOOK00254,Servant Leadership for Slow Learners,,2002.0,,https://covers.openlibrary.org/b/id/898473-L.jpg,/works/OL9035377W,True,False
BOOK00255,Robert K. Greenleaf,"""Meet the man whose work influenced some of the world's most prominent business leaders and spawned a worldwide movement that is still gaining strength today. Robert Greenleaf's landmark 1970 essay, The Servant as Leader, introduced the now common term ""servant leadership"" to the world. His work has been cited by leading writers and business people including Ken Blanchard, Stephen Covey, Peter Senge, Margaret Wheatley, and Peter Block, and led to the development of Centers for Servant Leadership around the world."" ""This biography of Robert Greenleaf, authorized by his surviving children, finally tells his story. Drawn from Greenleaf's personal papers, correspondence, and interviews with family and friends, it provides a look at the sources of Greenleaf's thought, his friendships with some of the most influential men and women of the twentieth century - including Eleanor Roosevelt, Peter Drucker, the Menninger brothers, Reinhold Niebuhr, Aldous Huxley, Alcoholics Anonymous co-founder Bill Wilson, and man others - and how he influenced business history well before his first book was published at the age of seventy-three.""--Jacket.",2004.0,,https://covers.openlibrary.org/b/id/831331-L.jpg,/works/OL8925520W,True,False
BOOK00256,The Servant Leadership Training Course,,2006.0,,https://covers.openlibrary.org/b/id/865134-L.jpg,/works/OL1812464W,True,False
BOOK00257,The Model of Servant-Leadership,,1990.0,,https://covers.openlibrary.org/b/id/11681607-L.jpg,/works/OL16445928W,True,False
BOOK00258,Cases on Servant Leadership and Equity,,2022.0,,,/works/OL28715515W,True,False
BOOK00259,Leader As Servant Leadership Model,,2022.0,,,/works/OL28452071W,True,False
BOOK00260,Servant Leadership,,2017.0,,https://covers.openlibrary.org/b/id/13832027-L.jpg,/works/OL28668941W,True,False
BOOK00261,Global Servant-Leadership,,2020.0,,,/works/OL25763126W,True,False
BOOK00262,Servant leadership in nursing,,2010.0,,https://covers.openlibrary.org/b/id/9261771-L.jpg,/works/OL1851682W,True,False
BOOK00263,Servant Leadership,,2008.0,,https://covers.openlibrary.org/b/id/14393141-L.jpg,/works/OL24114452W,True,False
BOOK00264,Servant Leadership Roadmap,,2018.0,,https://covers.openlibrary.org/b/id/10328984-L.jpg,/works/OL21162868W,True,False
BOOK00265,Using Servant Leadership,,2018.0,,https://covers.openlibrary.org/b/id/8831412-L.jpg,/works/OL20183387W,True,False
BOOK00266,Servant Leadership,,2022.0,,,/works/OL34056020W,True,False
BOOK00267,The servant,"In this absorbing tale, you watch the timeless principles of servant leadership unfold through the story of John Daily, a businessman whose outwardly successful life is spiraling out of control. He is failing miserably in each of his leadership roles as boss, husband, father, and coach. To get his life back on track, he reluctantly attends a weeklong leadership retreat at a remote Benedictine monastery.To John's surprise, the monk leading the seminar is a former business executive and Wall Street legend. Taking John under his wing, the monk guides him to a realization that is simple yet profound: The true foundation of leadership is not power, but authority, which is built upon relationships, love, service, and sacrifice.Along with John, you will learn that the principles in this book are neither new nor complex. They don't demand special talents; they are simply based on strengthening the bonds of respect, responsibility, and caring with the people around you. Perhaps this is why The Servant has touched readers from all walks of life--because its message can be applied by anyone, anywhere--at home or at work.If you are tired of books that lecture instead of teach; if you are searching for ways to improve your leadership skills; if you want to understand the timeless virtues that lead to lasting and meaningful success, then this book is one you cannot afford to miss.From the Hardcover edition.",1998.0,,https://covers.openlibrary.org/b/id/509274-L.jpg,/works/OL1812466W,True,False
BOOK00268,A Woman's Guide to Servant Leadership,,2002.0,,https://covers.openlibrary.org/b/id/12189032-L.jpg,/works/OL2259860W,True,False
BOOK00269,Servant Leadership for Higher Education,,2011.0,,,/works/OL21466423W,True,False
BOOK00270,Principal to Principal,,2008.0,,https://covers.openlibrary.org/b/id/2931776-L.jpg,/works/OL9878008W,True,False
BOOK00271,Servant Leadership,,2021.0,,,/works/OL26822665W,True,False
BOOK00272,Personal and Organizational Excellence Through Servant Leadership,,2015.0,,,/works/OL26748521W,True,False
BOOK00273,Understanding Servant Leadership,,2017.0,,,/works/OL40442793W,True,False
BOOK00274,Servant Leadership Styles and Strategic Decision Making,"""This book explores how managers use autocratic styles in eastern organizations so there is need to bring servant leadership in order to promote new leadership because person have to be servant first and priorities of employees are first objective of servant to serve then he/she become the leader""--",2018.0,,,/works/OL27394506W,True,False
BOOK00275,The spirit of servant-leadership,,2011.0,,,/works/OL15456995W,True,False
BOOK00276,Idiot Guide to Servant Leadership,,2010.0,,,/works/OL39682345W,True,False
BOOK00277,Servant Leadership in diakonischen Unternehmen,,2013.0,,,/works/OL22326207W,True,False
BOOK00278,Servant Leadership,,2019.0,,,/works/OL38112557W,True,False
BOOK00279,Developing Christian Servant Leadership,,2015.0,,https://covers.openlibrary.org/b/id/9406813-L.jpg,/works/OL20723198W,True,False
BOOK00280,Paul on leadership,,2004.0,,https://covers.openlibrary.org/b/id/12706269-L.jpg,/works/OL1903299W,True,False
BOOK00281,Marketing management,"Marketing Managementcollectively uses a managerial orientation, an analytical approach, a multidisciplinary perspective, universal applications, and balanced coverage to distinguish it from all other marketing management texts out there. Unsurpassed in its breadth, depth, and relevance, the 16th Edition features a streamlined organization of the content, updated material, and new examples that reflect the very latest market developments. After reading this landmark text, you'll have the knowledge and tools to succeed in the new market environment around you.",1973.0,,https://covers.openlibrary.org/b/id/13673341-L.jpg,/works/OL1807518W,True,False
BOOK00282,Management information systems,"Laudon’s essential case-based text for the study of IS in business today. Management Information Systems: Managing the Digital Firm provides the most comprehensive overview of information systems, while drawing connections between MIS and business performance. The Laudons are known for their outstanding real-world case studies, which describe how well-known companies use IT to solve problems and achieve business objectives. You will develop sought-after skills, and be adept at leading IS-related management discussions and using IT to meet bottom-line results. Each chapter of the 17th edition has been thoroughly updated to cover the latest industry and technology changes.",1945.0,,https://covers.openlibrary.org/b/id/1104118-L.jpg,/works/OL58235W,True,False
BOOK00283,Marketing Management,"For undergraduate and graduate courses in marketing management. The gold standard for today’s marketing management student. Stay on the cutting-edge with the gold standard text that reflects the latest in marketing theory and practice. The world of marketing is changing everyday–and in order for students to have a competitive edge, they need a textbook that reflects the best of today’s marketing theory and practices.Marketing Management is the gold standard marketing text because its content and organization consistently reflect the latest changes in today’s marketing theory and practice.",2016.0,,https://covers.openlibrary.org/b/id/14426392-L.jpg,/works/OL17371073W,True,False
BOOK00284,Human Resource management,,1994.0,,https://covers.openlibrary.org/b/id/9334439-L.jpg,/works/OL11789290W,True,False
BOOK00285,Operations management,,1999.0,,https://covers.openlibrary.org/b/id/4958593-L.jpg,/works/OL1887971W,True,False
BOOK00286,Principles of management,,1953.0,,https://covers.openlibrary.org/b/id/4450295-L.jpg,/works/OL5506777W,True,False
BOOK00287,Strategic management,"Designed in functional four-color, this book offers a popular practitioner-oriented perspective, focuses on skill-building in all major areas of strategy formation, implementation, and evaluation, and weaves three very contemporary themes throughout each chapter—globalization, the natural environment, and e-commerce. Forty-one Experiential exercises, and 41 cases are included. Coverage includes developing a mission statement, performing an external audit, conducting an internal assessment, and formulating, implementing, and evaluating strategies, as well as global issues and concerns. For anyone interested in the fields of Strategic Management, Strategy, and Business Policy. - Publisher.",1969.0,,https://covers.openlibrary.org/b/id/84279-L.jpg,/works/OL1987799W,True,False
BOOK00288,Statistics for management,"Statistics for Management, 8e, is a comprehensive textbook designed to help students understand the statistical concepts and applications used in business and management situations. In the manner of the earlier editions, this edition too omits complex notations in favor of graphic and verbal explanations and aims to explain the subject with a practical orientation. Examples from the real world are discussed to explain how the textbook principles work in professional practice. Written in a simple and lucid language, this book is an excellent resource for students pursuing management courses.",1978.0,,https://covers.openlibrary.org/b/id/14425600-L.jpg,/works/OL3266788W,True,False
BOOK00289,The Night Manager,"Individual greed takes the place of old world rivalries of great nations. Inside look at the international cartel of illegal arms dealers, and drug smugglers. Lays forth an understanding of paradoxes in our unquestioning perceptions between evil and virtue! Heavy reading at best; smashing thoughts!",1993.0,,https://covers.openlibrary.org/b/id/2395136-L.jpg,/works/OL181821W,True,False
BOOK00290,Strategic management,,1992.0,,https://covers.openlibrary.org/b/id/12464587-L.jpg,/works/OL16002869W,True,False
BOOK00291,Management,,1984.0,,https://covers.openlibrary.org/b/id/92596-L.jpg,/works/OL510772W,True,False
BOOK00292,High Output Management,,1983.0,,https://covers.openlibrary.org/b/id/421244-L.jpg,/works/OL2355834W,True,False
BOOK00293,Financial Management,,1977.0,,https://covers.openlibrary.org/b/id/5425961-L.jpg,/works/OL2024238W,True,False
BOOK00294,Human resource management,"""Human Resource Management addresses the study of HR in a realistic, practical, and stimulating manner. Examples of how HR management is practiced in the real world and the relationship between various HR topics are interwoven throughout the text, giving students a thorough introduction to the field based on sound theoretical concepts and practice. The Fourteenth Edition reveals HR's strategic importance to management and the overall health of an organization. The text also addresses the ongoing shrinkage of internal HR departments as many companies shift towards HR outsourcing, HR shared service centers, and professional employer organizations. Students should walk away with an appreciation for how the HR profession continues to shed its administrative image and while focusing on mission-oriented activities""--Publisher's website.",1990.0,,https://covers.openlibrary.org/b/id/1108254-L.jpg,/works/OL1850195W,True,False
BOOK00295,"Mind Management, Not Time Management",,2020.0,,https://covers.openlibrary.org/b/id/10496171-L.jpg,/works/OL22785378W,True,False
BOOK00296,Strategic management and business policy,,1983.0,,https://covers.openlibrary.org/b/id/1104183-L.jpg,/works/OL467494W,True,False
BOOK00297,The Practice of Management,"""This classic volume achieves a remarkable width of appeal without sacrificing scientific accuracy or depth of analysis. It is a valuable contribution to the study of business efficiency which should be read by anyone wanting information about the developments and place of management, and it is as relevant today as when it was first written. This is a practical book, written out of many years of experience in working with managements of small, medium and large corporations. It aims to be a management guide, enabling readers to examine their own work and performance, to diagnose their weaknesses and to improve their own effectiveness as well as the results of the enterprise they are responsible for.""--Publisher's description.",1954.0,,https://covers.openlibrary.org/b/id/6418448-L.jpg,/works/OL274337W,True,False
BOOK00298,Human Resource Management,,1994.0,,https://covers.openlibrary.org/b/id/84029-L.jpg,/works/OL1982791W,True,False
BOOK00299,Project management,"""Project Management covers the full range of issues of vital concern to IT managers working in today's hurry-up, budget-conscious business environment. Whether you are employed in a high-tech, low-tech, financial, manufacturing, or service organization, you'll find valuable advice and guidance on how to get your projects finished on-time, within budget, and to the complete satisfaction of your end users.""--BOOK JACKET.",1968.0,,https://covers.openlibrary.org/b/id/3853636-L.jpg,/works/OL2950077W,True,False
BOOK00300,Introduction to management accounting,,1978.0,,https://covers.openlibrary.org/b/id/1111306-L.jpg,/works/OL1826745W,True,False
BOOK00301,The Principles of Scientific Management,"This is a management classic that is actually a short booklet. It is Taylor's key statement of his approach to developing standards for work performance on the basis of study and observation as opposed to a reliance on standard ""rules of thumb.""",1911.0,,https://covers.openlibrary.org/b/id/8235250-L.jpg,/works/OL1866671W,True,False
BOOK00302,Management of organizational behavior,,1969.0,,https://covers.openlibrary.org/b/id/1102753-L.jpg,/works/OL3232991W,True,False
BOOK00303,Retailing management,,1992.0,,https://covers.openlibrary.org/b/id/5364645-L.jpg,/works/OL2689914W,True,False
BOOK00304,Strategic management,,1984.0,,https://covers.openlibrary.org/b/id/5045789-L.jpg,/works/OL2000302W,True,False
BOOK00305,Operations Management,,1987.0,,https://covers.openlibrary.org/b/id/4087919-L.jpg,/works/OL1874172W,True,False
BOOK00306,Contemporary management,,1998.0,,https://covers.openlibrary.org/b/id/3782349-L.jpg,/works/OL2669571W,True,False
BOOK00307,Developing mangement skills,,1984.0,,https://covers.openlibrary.org/b/id/10710449-L.jpg,/works/OL452404W,True,False
BOOK00308,Essentials of management,,1974.0,,https://covers.openlibrary.org/b/id/4507368-L.jpg,/works/OL5616271W,True,False
BOOK00309,A Guide to the Project Management Body of Knowledge (PMBOK® Guide),"Presents the fundamental processes of project management that drive the design and implementation of business changes for any organization —local, regional or global—, updated to reflect the most current industry knowledge and practices.",1996.0,,https://covers.openlibrary.org/b/id/926642-L.jpg,/works/OL102817W,True,False
BOOK00310,Analysis for financial management,fantastic,1983.0,,https://covers.openlibrary.org/b/id/63951-L.jpg,/works/OL2667692W,True,False
BOOK00311,Strategic market management,,1984.0,,https://covers.openlibrary.org/b/id/2425957-L.jpg,/works/OL1839162W,True,False
BOOK00312,Strategic management,,1982.0,,https://covers.openlibrary.org/b/id/1082674-L.jpg,/works/OL37971W,True,False
BOOK00313,Retailing management,1 volume (various pagings) : 28 cm,2000.0,,https://covers.openlibrary.org/b/id/5420019-L.jpg,/works/OL12420780W,True,False
BOOK00314,Supply chain logistics management,,2002.0,,https://covers.openlibrary.org/b/id/8341095-L.jpg,/works/OL2967291W,True,False
BOOK00315,The one minute manager,"Details a simple, yet effective management system based on three fundamental strategies for earning raises, promotions, and power in business.",1981.0,,https://covers.openlibrary.org/b/id/5288277-L.jpg,/works/OL66049W,True,False
BOOK00316,Entrepreneurship,where we give id to open document,1989.0,,https://covers.openlibrary.org/b/id/8231771-L.jpg,/works/OL2688120W,True,False
BOOK00317,Fundamentals of financial management,"When [the book] was first published more than 20 years ago, our intent was to write an introductory finance text that students could understand. Today, [the book] has become the leading undergraduate finance text ... [The book] is intended for use in the introductory finance course. The key chapters can be covered in a one-term course, or supplemented with cases and some outside readings, used in a two-term course.-Pref.",1978.0,,https://covers.openlibrary.org/b/id/4937950-L.jpg,/works/OL2024237W,True,False
BOOK00318,Fundamentals of financial management,,1971.0,,https://covers.openlibrary.org/b/id/92304-L.jpg,/works/OL2634165W,True,False
BOOK00319,Management information systems,"Note on front cover- ""This International Student Edition is for use outside of the U.S."" Attached to inside back cover is one ""MISource 2007"" CD from ""Triad Interactive"" stating requirements as Windows 98, 2000, or XP.",1990.0,,https://covers.openlibrary.org/b/id/65041-L.jpg,/works/OL28972W,True,False
BOOK00320,Retail management,,1979.0,,https://covers.openlibrary.org/b/id/85979-L.jpg,/works/OL2722532W,True,False
BOOK00321,Principles and Practice of Management,,2019.0,,https://covers.openlibrary.org/b/id/11942031-L.jpg,/works/OL24999187W,True,False
BOOK00322,Comprehensive stress management,"""Comprehensive Stress Management helps students identify, understand, and manage the stressors that most affect their lives. Written in an informal, anecdotal style, the text presents the latest research findings on the physical, psychological, sociological, and spiritual aspects of stress. The text also provides an in-depth discussion of a wide variety of coping skills, including relaxation techniques, behavior change interventions, and strategies for defusing physiological arousal. This engaging, easy-to-read text gives students the tools they need to cope with stress in an increasingly stressful world. Accompanying the text are instructor and student resources on the Online Learning Center""--",1983.0,,https://covers.openlibrary.org/b/id/9724353-L.jpg,/works/OL484345W,True,False
BOOK00323,Principles of management,,1955.0,,https://covers.openlibrary.org/b/id/6902961-L.jpg,/works/OL5616272W,True,False
BOOK00324,Operations Management,"The Eleventh Edition of Stevenson's Operations Management features integrated, up-to-date coverage of current topics and industry trends, while preserving the core concepts that have made the text the market leader in this course for over a decade. Stevenson's careful explanations and approachable format support students in understanding the important operations management concepts as well as applying tools and methods with an emphasis on problem solving. Through detailed examples and solved problems, short cases and readings on current issues facing businesses, and auto-gradable end of chapter problems and application-oriented assignments available in Connect Operations Management, students learn by doing, and the Eleventh Edition continues to offer more support for 'doing Operations' than any other.",2004.0,,https://covers.openlibrary.org/b/id/1853099-L.jpg,/works/OL1906115W,True,False
BOOK00325,Marketing management,,2008.0,,https://covers.openlibrary.org/b/id/6458398-L.jpg,/works/OL16962242W,True,False
BOOK00326,Intermediate financial management,,1985.0,,https://covers.openlibrary.org/b/id/4936955-L.jpg,/works/OL2024236W,True,False
BOOK00327,Sales management,,1982.0,,https://covers.openlibrary.org/b/id/1246148-L.jpg,/works/OL2701563W,True,False
BOOK00328,Strategic Management,,1989.0,,https://covers.openlibrary.org/b/id/392886-L.jpg,/works/OL1873586W,True,False
BOOK00329,Production & inventory management,,1983.0,,https://covers.openlibrary.org/b/id/5349162-L.jpg,/works/OL4467653W,True,False
BOOK00330,Project management,,2003.0,,https://covers.openlibrary.org/b/id/11699597-L.jpg,/works/OL19964945W,True,False
BOOK00331,Unraveling the mystery of health,,1987.0,,https://covers.openlibrary.org/b/id/10273295-L.jpg,/works/OL5274538W,True,False
BOOK00332,Mary Kay on people management,,1984.0,,https://covers.openlibrary.org/b/id/6632431-L.jpg,/works/OL2906189W,True,False
BOOK00333,The 7 Habits of Highly Effective People,"*New York Times bestseller—over 40 million copies sold* *The #1 Most Influential Business Book of the Twentieth Century* One of the most inspiring and impactful books ever written, The 7 Habits of Highly Effective People has captivated readers for nearly three decades. It has transformed the lives of presidents and CEOs, educators and parents—millions of people of all ages and occupations. Now, this 30th anniversary edition of the timeless classic commemorates the wisdom of the 7 Habits with modern additions from Sean Covey. The 7 Habits have become famous and are integrated into everyday thinking by millions and millions of people. Why? Because they work! With Sean Covey’s added takeaways on how the habits can be used in our modern age, the wisdom of the 7 Habits will be refreshed for a new generation of leaders.",1989.0,,https://covers.openlibrary.org/b/id/10079937-L.jpg,/works/OL2629977W,True,False
BOOK00334,Armstrong's Handbook of Human Resource Management Practice,,2017.0,,https://covers.openlibrary.org/b/id/13932803-L.jpg,/works/OL25203336W,True,False
BOOK00335,"People, Management and Organizations",,2018.0,,https://covers.openlibrary.org/b/id/9233595-L.jpg,/works/OL20592553W,True,False
BOOK00336,Human resource management at work,"Written by the CIPD's chief examiner, this textbook is closely aligned to the CIPD standards and useful to anyone seeking a critical look at human resource management (HRM) theory and practice. It combines the latest academic research with practical approaches to managing HRM in the workplace.",2005.0,,https://covers.openlibrary.org/b/id/2027583-L.jpg,/works/OL11274839W,True,False
BOOK00337,Supervisory management,"xxii, 565 pages : 26 cm",1985.0,,https://covers.openlibrary.org/b/id/4993867-L.jpg,/works/OL3278791W,True,False
BOOK00338,People Management and Performance,,2007.0,,https://covers.openlibrary.org/b/id/11789102-L.jpg,/works/OL8510585W,True,False
BOOK00339,Armstrong's Handbook of Strategic Human Resource Management,,2015.0,,https://covers.openlibrary.org/b/id/9137982-L.jpg,/works/OL20473221W,True,False
BOOK00340,Corporate Reputations Branding and People Management,,2006.0,,,/works/OL25222591W,True,False
BOOK00341,Hotel Management,,2024.0,,https://covers.openlibrary.org/b/id/14751071-L.jpg,/works/OL37590164W,True,False
BOOK00342,People Managing Forests,,2010.0,,,/works/OL25202283W,True,False
BOOK00343,Strategic People Management and Development,,2022.0,,,/works/OL27936407W,True,False
BOOK00344,Short Guide to People Management,,2016.0,,,/works/OL21279220W,True,False
BOOK00345,People management,,2003.0,,https://covers.openlibrary.org/b/id/2392407-L.jpg,/works/OL19294801W,True,False
BOOK00346,People management and development,,2003.0,,https://covers.openlibrary.org/b/id/5330098-L.jpg,/works/OL3071557W,True,False
BOOK00347,VOL.2.NO.13.27th JUNE 1998,,,,,/works/OL12180403W,True,False
BOOK00348,People Management and Performance,,2008.0,,,/works/OL28011786W,True,False
BOOK00349,The changing face of people management in India,,2008.0,,https://covers.openlibrary.org/b/id/8531092-L.jpg,/works/OL19591590W,True,False
BOOK00350,Organizational Behavior,,2012.0,,https://covers.openlibrary.org/b/id/10327454-L.jpg,/works/OL21103191W,True,False
BOOK00351,The People of the Abyss,"Book of Jack London about life in the East End of London in 1902. He wrote the experiences of living in the East End for months, staying in workhouses or sleeping on the streets. The conditions he experienced and wrote would be the same as would have supported an estimated 500,000 poor in London at the time.",1900.0,,https://covers.openlibrary.org/b/id/9383200-L.jpg,/works/OL144815W,True,False
BOOK00352,Olson People Management Skills Set,,1986.0,,,/works/OL9386810W,True,False
BOOK00353,Professional HR,,2013.0,,,/works/OL19968825W,True,False
BOOK00354,Armstrong's Handbook of Human Resource Management Practice,,2014.0,,,/works/OL34028320W,True,False
BOOK00355,How to Be a Super-Effective Manager,,1984.0,,https://covers.openlibrary.org/b/id/10593774-L.jpg,/works/OL4167373W,True,False
BOOK00356,Other People Manage,,2022.0,,https://covers.openlibrary.org/b/id/14775296-L.jpg,/works/OL28350609W,True,False
BOOK00357,Team play,,1998.0,,https://covers.openlibrary.org/b/id/12287759-L.jpg,/works/OL12928780W,True,False
BOOK00358,People Management,,2010.0,,https://covers.openlibrary.org/b/id/9113400-L.jpg,/works/OL20447285W,True,False
BOOK00359,The people manager's pocketbook,,1993.0,,https://covers.openlibrary.org/b/id/11931441-L.jpg,/works/OL11446124W,True,False
BOOK00360,Business Models and People Management in the Indian IT Industry,,2015.0,,,/works/OL21263541W,True,False
BOOK00361,Armstrong's Handbook of Strategic Human Resource Management,,2011.0,,,/works/OL37556783W,True,False
BOOK00362,Successful People Management,,2017.0,,https://covers.openlibrary.org/b/id/14575311-L.jpg,/works/OL25703356W,True,False
BOOK00363,Mastering people management,,1997.0,,https://covers.openlibrary.org/b/id/12286172-L.jpg,/works/OL2171777W,True,False
BOOK00364,People management for small business,,1978.0,,https://covers.openlibrary.org/b/id/8445577-L.jpg,/works/OL5911772W,True,False
BOOK00365,Perspectives in People Management,,2019.0,,,/works/OL29508738W,True,False
BOOK00366,People Management (Management Papers: 4),,1989.0,,,/works/OL7932670W,True,False
BOOK00367,CMO of People,,2018.0,,,/works/OL21625234W,True,False
BOOK00368,Mastering People Management,,2024.0,,,/works/OL38123881W,True,False
BOOK00369,Successful People Management in a Week,,2013.0,,,/works/OL27788517W,True,False
BOOK00370,People Manager's Tool Kit,,2013.0,,,/works/OL21508054W,True,False
BOOK00371,International human resource management,,1998.0,,https://covers.openlibrary.org/b/id/1178600-L.jpg,/works/OL1921779W,True,False
BOOK00372,Sustainable People Management,,2021.0,,,/works/OL36822686W,True,False
BOOK00373,Effective People Management,,2013.0,,,/works/OL39713124W,True,False
BOOK00374,Management,"Management: Tasks, Responsibilities, PracticesManagement is an organized body of knowledge. ""This book,"" in Peter Drucker's words, ""tries to equip the manager with the understanding, the thinking, the knowledge and the skills for today's and also tomorrow's jobs."" This management classic has been developed and tested during more than thirty years of teaching management in universities, in executive programs and seminars and through the author's close work with managers as a consultant for large and small businesses, government agencies, hospitals and schools. Drucker discusses the tools and techniques of successful management practice that have been proven effective, and he makes them meaningful and easily accessible.",1973.0,,https://covers.openlibrary.org/b/id/684170-L.jpg,/works/OL274335W,True,False
BOOK00375,People Management,,2023.0,,,/works/OL35719331W,True,False
BOOK00376,Effective people management,,2011.0,,,/works/OL16132710W,True,False
BOOK00377,People Management,,2018.0,,,/works/OL41318514W,True,False
BOOK00378,Developing Excellent People Managers,,2003.0,,https://covers.openlibrary.org/b/id/2737111-L.jpg,/works/OL9681386W,True,False
BOOK00379,Benchmarking for People Managers,,2000.0,,https://covers.openlibrary.org/b/id/14672164-L.jpg,/works/OL6466418W,True,False
BOOK00380,People managing forests,,2001.0,,https://covers.openlibrary.org/b/id/10370380-L.jpg,/works/OL18489926W,True,False
BOOK00381,Strategic management,,1995.0,,https://covers.openlibrary.org/b/id/4312445-L.jpg,/works/OL1886462W,True,False
BOOK00382,Strategic management,,2012.0,,https://covers.openlibrary.org/b/id/12653650-L.jpg,/works/OL16152798W,True,False
BOOK00383,Strategic management,,1984.0,,https://covers.openlibrary.org/b/id/7142898-L.jpg,/works/OL4980191W,True,False
BOOK00384,Strategic management,,1994.0,,https://covers.openlibrary.org/b/id/10155829-L.jpg,/works/OL18795115W,True,False
BOOK00385,Strategic Management,,2001.0,,https://covers.openlibrary.org/b/id/87789-L.jpg,/works/OL7951839W,True,False
BOOK00386,Implanting strategic management,,1984.0,,https://covers.openlibrary.org/b/id/8018422-L.jpg,/works/OL4799792W,True,False
BOOK00387,Strategic management and competitive advantage,,2007.0,,https://covers.openlibrary.org/b/id/8313536-L.jpg,/works/OL3243279W,True,False
BOOK00388,Strategic Management,,2013.0,,https://covers.openlibrary.org/b/id/12554586-L.jpg,/works/OL20761206W,True,False
BOOK00389,Strategic management,,1988.0,,https://covers.openlibrary.org/b/id/4004709-L.jpg,/works/OL64472W,True,False
BOOK00390,Strategic Management Theory,,1992.0,,https://covers.openlibrary.org/b/id/4980059-L.jpg,/works/OL15058505W,True,False
BOOK00391,Concepts of strategic management,,1987.0,,https://covers.openlibrary.org/b/id/3860100-L.jpg,/works/OL1987798W,True,False
BOOK00392,Strategic management of technological innovation,,2007.0,,https://covers.openlibrary.org/b/id/11702784-L.jpg,/works/OL18682718W,True,False
BOOK00393,Strategic management,,2005.0,,https://covers.openlibrary.org/b/id/6566195-L.jpg,/works/OL15153155W,True,False
BOOK00394,Strategic Management,,2000.0,,https://covers.openlibrary.org/b/id/303982-L.jpg,/works/OL8229244W,True,False
BOOK00395,Strategic management,"""This new book presents practical frameworks and concepts to help managers think strategically. The book draws on current economics and organization theory to create a package of conceptual tools for managers who are responsible for setting their company's direction."". ""These tools help them understand how their company's performance is affected by its competitive environment, its position in its value chain, its capabilities, its organization design, and its ability to change. The concepts presented in this book build a foundation for creating business strategies to guide decision-making within the firm toward its longterm goals.""--BOOK JACKET.",2001.0,,https://covers.openlibrary.org/b/id/6934692-L.jpg,/works/OL16069259W,True,False
BOOK00396,International business,"""This second edition of an already well-established international business text maintains its unique strategic focus and the use of the triad (US/Europe/Far East) as a framework within which international business is explored. There is an emphasis on economic and multinational approaches throughout. The major strength of this book lies in the use of relevant case material, much of which has how been revised or replaced to include more European examples. Each chapter has common pedagogy, which includes objectives, active learning cases, international business strategy in action, key points, key terms, review and discussion questions, and real cases.""--BOOK JACKET.",1985.0,,https://covers.openlibrary.org/b/id/1156276-L.jpg,/works/OL90612W,True,False
BOOK00397,Creating public value,"A seminal figure in the field of public management, Mark Moore presents his summation of fifteen years of research, observation, and teaching about what public sector executives should do to improve the performance of public enterprises. Useful for both practicing public executives and those who teach them, this book explicates some of the richest of several hundred cases used at Harvard's Kennedy School and illuminates their broader lessons for government managers. Moore addresses four questions that have long bedeviled public administration: What should citizens and their representatives expect and demand from public executives? What sources can public managers consult to learn what is valuable for them to produce? How should public managers cope with inconsistent and fickle political mandates? How can public managers find room to innovate?",1995.0,,https://covers.openlibrary.org/b/id/3792411-L.jpg,/works/OL2740772W,True,False
BOOK00398,Strategic Management,4th edition strategic management southern African concepts and cases by T Ehlers gives detailed description abt strategic mgt,2004.0,,https://covers.openlibrary.org/b/id/4640924-L.jpg,/works/OL8222822W,True,False
BOOK00399,Global Strategic Management,"""The text provides a comprehensive overview of the subject area using chapter introductions, summaries, key points, key terms, suggested reading and mini-examples to illustrate and guide the student through the text.""--Jacket.",2002.0,,https://covers.openlibrary.org/b/id/1180773-L.jpg,/works/OL2945036W,True,False
BOOK00400,Strategic Management : Theory & Cases,,2013.0,,https://covers.openlibrary.org/b/id/8992475-L.jpg,/works/OL20329916W,True,False
BOOK00401,Strategic Management,,2020.0,,,/works/OL20762244W,True,False
BOOK00402,Strategic management of health care organizations,,2002.0,,https://covers.openlibrary.org/b/id/396941-L.jpg,/works/OL18405950W,True,False
BOOK00403,Strategic management and business analysis,,2003.0,,https://covers.openlibrary.org/b/id/493458-L.jpg,/works/OL18330208W,True,False
BOOK00404,Strategic management,,1996.0,,https://covers.openlibrary.org/b/id/54780-L.jpg,/works/OL2682770W,True,False
BOOK00405,Strategic management,,2011.0,,https://covers.openlibrary.org/b/id/12713229-L.jpg,/works/OL15457028W,True,False
BOOK00406,Strategic management,,2005.0,,https://covers.openlibrary.org/b/id/2994681-L.jpg,/works/OL16961460W,True,False
BOOK00407,Sustainable strategic management,,2003.0,,https://covers.openlibrary.org/b/id/1444090-L.jpg,/works/OL2982899W,True,False
BOOK00408,Strategic management in action,"Strategic Management in Action presents current strategic management theories and practice in an engaging and easy-to-read format. Coulter effectively blends theory with plenty of opportunity to practice throughout the text, providing readers with the ideologies, ethical dilemmas, and unique strategies of today's real managers and organizations in action. For undergraduate and graduate courses in strategic management, this book clearly illustrates the most current strategic management practices today by presenting theories, ethical dilemmas and unique strategies of real managers and organizations in action. - Publisher.",1998.0,,https://covers.openlibrary.org/b/id/1114659-L.jpg,/works/OL2719480W,True,False
BOOK00409,Strategize!,,2004.0,,https://covers.openlibrary.org/b/id/194699-L.jpg,/works/OL6039557W,True,False
BOOK00410,Strategy safari,"Strategy making is considered the high point of managerial activity. But bombarded by fads and fixes, most managers have been groping blindly to get their arms around the proverbial elephant. Now Henry Mintzberg has teamed up with Bruce Ahlstrand and Joseph Lampel to create a powerful antidote: a comprehensive and illuminating - as well as colorful - tour through the fields of strategic management. Mintzberg, Ahlstrand, and Lampel have shaped each of ten different approaches into a coherent school of strategy formation. In the process, the authors clarify the enormous amount of confusion that exists. The authors provide a thorough critique of the contributions and limitations of each school - from the design, planning, positioning, entrepreneurial, and cognitive schools to the learning, power, cultural, environmental, and configurational schools - culminating in how they might combine to reveal that elephant.",1998.0,,https://covers.openlibrary.org/b/id/427277-L.jpg,/works/OL1837477W,True,False
BOOK00411,Strategic management,,2006.0,,https://covers.openlibrary.org/b/id/1108354-L.jpg,/works/OL5843169W,True,False
BOOK00412,Strategic Management,,2012.0,,https://covers.openlibrary.org/b/id/10415276-L.jpg,/works/OL22018998W,True,False
BOOK00413,Understanding Strategic Management,,2008.0,,https://covers.openlibrary.org/b/id/2334282-L.jpg,/works/OL9332478W,True,False
BOOK00414,Sustainable Strategic Management,,2003.0,,https://covers.openlibrary.org/b/id/525598-L.jpg,/works/OL25093552W,True,False
BOOK00415,Strategic management,,2011.0,,https://covers.openlibrary.org/b/id/9719082-L.jpg,/works/OL15640360W,True,False
BOOK00416,The Strategic Manager,,2014.0,,https://covers.openlibrary.org/b/id/8873999-L.jpg,/works/OL20221492W,True,False
BOOK00417,Strategic management,,2001.0,,https://covers.openlibrary.org/b/id/8017426-L.jpg,/works/OL17737757W,True,False
BOOK00418,Strategic Management,,1986.0,,https://covers.openlibrary.org/b/id/4994414-L.jpg,/works/OL4799374W,True,False
BOOK00419,Strategic Management,,2010.0,,,/works/OL21025505W,True,False
BOOK00420,Strategic Management Accounting,,2003.0,,https://covers.openlibrary.org/b/id/3046930-L.jpg,/works/OL8938308W,True,False
BOOK00421,Essentials of strategic management,,2003.0,,https://covers.openlibrary.org/b/id/9847286-L.jpg,/works/OL16987860W,True,False
BOOK00422,Global strategic management,,2005.0,,https://covers.openlibrary.org/b/id/1139671-L.jpg,/works/OL18567140W,True,False
BOOK00423,Strategic management,,2008.0,,https://covers.openlibrary.org/b/id/12292192-L.jpg,/works/OL3598963W,True,False
BOOK00424,Change management,,2003.0,,https://covers.openlibrary.org/b/id/955409-L.jpg,/works/OL23875189W,True,False
BOOK00425,Managing Change/Changing Managers,,2004.0,,,/works/OL25143471W,True,False
BOOK00426,Change management,,2000.0,,https://covers.openlibrary.org/b/id/2045878-L.jpg,/works/OL24816764W,True,False
BOOK00427,Change Management,"Wandel in Unternehmen stellt in Zeiten zunehmender Marktdynamik eher die Regel, denn die Ausnahme dar. Ihn erfolgreich zu gestalten, ist aber erfahrungsgema © alles andere als einfach. Das vorliegende Buch dient als umfassender und zugleich praxisnaher Leitfaden des dazu erforderlichen Change Managements. Eine versta ndliche Einfu hrung zu den Grundlagen organisatorischen Wandels mu ndet in die praxisnahe Vermittlung der wichtigsten Erfolgsfaktoren. Aktuelle Fallbeispiele illustrieren die Aussagen und helfen, ein tieferes Versta ndnis zu erlangen. Tipps und Checklisten zum Abschluss jedes Kapitels bilden die Bru cke zur erfolgreichen Umsetzung in der Praxis.",2010.0,,https://covers.openlibrary.org/b/id/10144143-L.jpg,/works/OL16927893W,True,False
BOOK00428,"Managing change, changing managers","The topic of change management presents students with many challenges. One of the most difficult is making sense of the plethora of guru and hero-manager literature.Managing Change/Changing Managers is an innovative textbook that encourages readers to rigorously question popular management theory, presenting a challenging review of existing literature in the change management field. The author brings together an overarching perspective on the most influential writings in the area, but unlike other textbooks, provides a much-needed criritque of the material and its implications for management practice.Arguing that the majority of management guru literature makes the art of managing change appear simple and foolproof when it is not, this text is refreshingly critical, guiding and enhancing the reader's own criticality. The book also draws the best practice out of the traditional theory, using cases to illuminate the practical side to change management.",2004.0,,https://covers.openlibrary.org/b/id/1216161-L.jpg,/works/OL6031518W,True,False
BOOK00429,Change management in information services,,2000.0,,https://covers.openlibrary.org/b/id/1285170-L.jpg,/works/OL6212087W,True,False
BOOK00430,Making sense of change management,,2004.0,,https://covers.openlibrary.org/b/id/491122-L.jpg,/works/OL16925746W,True,False
BOOK00431,Changing Change Management,,2020.0,,https://covers.openlibrary.org/b/id/12409337-L.jpg,/works/OL20748091W,True,False
BOOK00432,Change Management,,2014.0,,https://covers.openlibrary.org/b/id/10129545-L.jpg,/works/OL20825706W,True,False
BOOK00433,Making sense of change management,"Written for students and professionals alike, Making Sense of Change Management is the classic text in the field of change management. It is aimed at anyone who wants to understand why change happens, how it happens and what needs to be done to make change a welcome rather than a dreaded concept. It offers considered insights into the many frameworks, models and ways of approaching change and helps the reader to apply the right approach to each unique situation.This fully updated, new edition includes new chapters on recent and emerging research in the area of change management and guidance on how to manage complex change.",2008.0,,https://covers.openlibrary.org/b/id/9728846-L.jpg,/works/OL5824174W,True,False
BOOK00434,The Theory and Practice of Change Management,,2014.0,,https://covers.openlibrary.org/b/id/8763618-L.jpg,/works/OL20101876W,True,False
BOOK00435,Effective Change Manager,,2014.0,,https://covers.openlibrary.org/b/id/13350126-L.jpg,/works/OL28001531W,True,False
BOOK00436,Making sense of change management,"""The world we live in continues to change at an intense rate. In order to succeed over the next few years, organizations must adapt to tough market conditions by changing their strategies, their structures, their boundaries and of course their expectations of staff and managers. Ideal reading for anyone who is currently part of or leading a change initiative, Making Sense of Change Management, 4th edition, is the definitive text in the field of change management. Aimed at students and professionals alike, it provides comprehensive coverage of the models, tools and techniques of successful change management with a focus on individual, team and organizational change to help the reader apply each concept to unique situations. Now with a new chapter exploring the integration of change management with project management, it also contains a completely revised and updated chapter on culture change that takes into account emerging thinking and practice""--",2015.0,,https://covers.openlibrary.org/b/id/9138139-L.jpg,/works/OL20004872W,True,False
BOOK00437,Managing change,,1993.0,,https://covers.openlibrary.org/b/id/1153520-L.jpg,/works/OL4296663W,True,False
BOOK00438,Change Management,"""This book is a solid, research-based introduction to the discipline of change management, and a primer to catalyze change leadership and competency in managers and executives. Change Management is a practical look at what it means to manage the people side of change, and gives More...the reader insight into best practices in this area."" --Publisher description.",2003.0,,https://covers.openlibrary.org/b/id/12197006-L.jpg,/works/OL9170797W,True,False
BOOK00439,Lean Change Management,,2014.0,,https://covers.openlibrary.org/b/id/7386130-L.jpg,/works/OL17306701W,True,False
BOOK00440,Change Management,,1992.0,,https://covers.openlibrary.org/b/id/11601919-L.jpg,/works/OL3841010W,True,False
BOOK00441,Strategic Change Management Strategic Change Management,,2008.0,,,/works/OL13761120W,True,False
BOOK00442,Organizational Behaviour and Change Management,,2022.0,,https://covers.openlibrary.org/b/id/14770890-L.jpg,/works/OL27812812W,True,False
BOOK00443,The Manager's Path,"Managing people is difficult wherever you work. But in the tech industry, where management is also a technical discipline, the learning curve can be brutal—especially when there are few tools, texts, and frameworks to help you. In this practical guide, author Camille Fournier (tech lead turned CTO) takes you through each stage in the journey from engineer to technical manager. From mentoring interns to working with senior staff, you’ll get actionable advice for approaching various obstacles in your path. This book is ideal whether you’re a new manager, a mentor, or a more experienced leader looking for fresh advice. Pick up this book and learn how to become a better manager and leader in your organization. - Begin by exploring what you expect from a manager - Understand what it takes to be a good mentor, and a good tech lead - Learn how to manage individual members while remaining focused on the entire team - Understand how to manage yourself and avoid common pitfalls that challenge many leaders - Manage multiple teams and learn how to manage managers - Learn how to build and bootstrap a unifying culture in teams",2017.0,,https://covers.openlibrary.org/b/id/8667291-L.jpg,/works/OL19860807W,True,False
BOOK00444,Agile Change Management,,2014.0,,https://covers.openlibrary.org/b/id/13912355-L.jpg,/works/OL21064078W,True,False
BOOK00445,The Effective Change Manager's Handbook,,2014.0,,https://covers.openlibrary.org/b/id/8999352-L.jpg,/works/OL20335690W,True,False
BOOK00446,Breakthrough IT Change Management,,2004.0,,,/works/OL25198624W,True,False
BOOK00447,Beyond change management,,2001.0,,https://covers.openlibrary.org/b/id/10343568-L.jpg,/works/OL12388844W,True,False
BOOK00448,Managing Change,"xiv, 322 pages ; 24 cm",1992.0,,https://covers.openlibrary.org/b/id/2346403-L.jpg,/works/OL4776184W,True,False
BOOK00449,Business process change management,,2003.0,,https://covers.openlibrary.org/b/id/2216865-L.jpg,/works/OL18231622W,True,False
BOOK00450,Change Management,,2017.0,,,/works/OL25695551W,True,False
BOOK00451,Change Management Für Dummies,,2010.0,,,/works/OL25139548W,True,False
BOOK00452,Reconsidering Change Management,,2016.0,,,/works/OL21279212W,True,False
BOOK00453,Correctional administration and change management,,2010.0,,,/works/OL15092871W,True,False
BOOK00454,Change management,,2007.0,,https://covers.openlibrary.org/b/id/12166697-L.jpg,/works/OL1824488W,True,False
BOOK00455,The Theory and Practice of Change Management,,2010.0,,https://covers.openlibrary.org/b/id/6303147-L.jpg,/works/OL14996251W,True,False
BOOK00456,Appreciative inquiry for change management,"""Appreciative Inquiry (AI) is one of the most exciting and increasingly recognized concepts being used to facilitate organizational change. This book studies AI in depth, illustrating the method of asking particular questions and envisioning the future, encouraging staff to consider both the positive and negative systems in place and to recognize the need to implement change. It demonstrates how AI can be practically applied by combining the skills, perspectives and approaches presented here into a practical conversational approach to organizational challenges. It also takes a look at other techniques used to create change through conversation. Case studies from organizations that have already integrated conversational methods into their change management practice show why the processes are valuable, why they are effective, and how to generate such conversations yourself. Written in jargon-free language, this is an excellent resource for discovering the benefits that conversational techniques can have on an organization and its performance""--",2011.0,,https://covers.openlibrary.org/b/id/12628827-L.jpg,/works/OL15901685W,True,False
BOOK00457,Leadership and change management,,2009.0,,https://covers.openlibrary.org/b/id/14111653-L.jpg,/works/OL15517574W,True,False
BOOK00458,Changing managers and managing change,,1995.0,,https://covers.openlibrary.org/b/id/13019822-L.jpg,/works/OL31211688W,True,False
BOOK00459,Managing innovation,,1997.0,,https://covers.openlibrary.org/b/id/307559-L.jpg,/works/OL2618251W,True,False
BOOK00460,Change Management During Unprecedented Times,,2023.0,,,/works/OL34030965W,True,False
BOOK00461,"Change Management in schwierigen Zeiten, m. CD-ROM",,2003.0,,https://covers.openlibrary.org/b/id/1030804-L.jpg,/works/OL14988063W,True,False
BOOK00462,Leadership and Change Management,,2017.0,,,/works/OL26331086W,True,False
BOOK00463,The complete idiot's guide to change management,,2002.0,,https://covers.openlibrary.org/b/id/12821961-L.jpg,/works/OL1913698W,True,False
BOOK00464,Additive Manufacturing Change Management,,2019.0,,https://covers.openlibrary.org/b/id/10443163-L.jpg,/works/OL22125837W,True,False
BOOK00465,Enterprise Change Management,,2016.0,,https://covers.openlibrary.org/b/id/9138055-L.jpg,/works/OL20473299W,True,False
BOOK00466,Switch,"Why is it so hard to make lasting changes in our companies, in our communities, and in our own lives? The primary obstacle is a conflict that's built into our brains, say Chip and Dan Heath, authors of the critically acclaimed bestseller Made to Stick. Psychologists have discovered that our minds are ruled by two different systems--the rational mind and the emotional mind--that compete for control. The rational mind wants a great beach body; the emotional mind wants that Oreo cookie. The rational mind wants to change something at work; the emotional mind loves the comfort of the existing routine. This tension can doom a change effort--but if it is overcome, change can come quickly.In Switch, the Heaths show how everyday people--employees and managers, parents and nurses--have united both minds and, as a result, achieved dramatic results: ● The lowly medical interns who managed to defeat an entrenched, decades-old medical practice that was endangering patients.● The home-organizing guru who developed a simple technique for overcoming the dread of housekeeping.● The manager who transformed a lackadaisical customer-support team into service zealots by removing a standard tool of customer service In a compelling, story-driven narrative, the Heaths bring together decades of counterintuitive research in psychology, sociology, and other fields to shed new light on how we can effect transformative change. Switch shows that successful changes follow a pattern, a pattern you can use to make the changes that matter to you, whether your interest is in changing the world or changing your waistline.From the Hardcover edition.",1999.0,,https://covers.openlibrary.org/b/id/6968365-L.jpg,/works/OL8423529W,True,False
BOOK00467,Leading Change,"What will it take to bring your organization successfully into the twenty-first century? The world's foremost expert on business leadership distills twenty-five years of experience and wisdom based on lessons he has learned from scores of organizations and businesses to write this visionary guide. The result is a very personal book that is at once inspiring, clear-headed, and filled with important implications for the future. The pressures on organizations to change will only increase over the next decades. Yet the methods managers have used in the attempt to transform their companies into stronger competitors -- total quality management, reengineering, right sizing, restructuring, cultural change, and turnarounds -- routinely fall short, says Kotter, because they fail to alter behavior. Emphasizing again and again the critical need for leadership to make change happen, Leading Change provides the vicarious experience and positive role models for leaders to emulate. The book identifies an eight-step process that every company must go through to achieve its goal, and shows where and how people -- good people -- often derail. Reading this highly personal book is like spending a day with John Kotter. It reveals what he has seen, heard, experienced, and concluded in many years of working with companies to create lasting transformation. The book is an inspirational yet practical resource for everyone who has a stake in orchestrating changes in their organization. In Leading Change we have unprecedented access to our generation's master of leadership. - Jacket flap.",1996.0,,https://covers.openlibrary.org/b/id/668100-L.jpg,/works/OL1932148W,True,False
BOOK00468,Employee Empowerment,,2020.0,,https://covers.openlibrary.org/b/id/13279880-L.jpg,/works/OL20753927W,True,False
BOOK00469,Change Management Masterclass,"Change management, handled badly, can create enormous problems for business. A recent McKinsey survey suggested that only 6% of change management projects are completed successfully, with the process of change causing feelings of anxiety and confusion in the changing organization. There is obviously a great need for support during any transition. Change Management Masterclass explains the whole process in accessible terms. It looks at why organizations need to change, the different ways change can be approached and what makes a process of change management successful.",2007.0,,https://covers.openlibrary.org/b/id/1394937-L.jpg,/works/OL8463818W,True,False
BOOK00470,Change Manager,,2019.0,,,/works/OL25782829W,True,False
BOOK00471,Rework,"Most business books give you the same old advice: Write a business plan, study the competition, seek investors, yadda yadda. If you're looking for a book like that, put this one back on the shelf.Rework shows you a better, faster, easier way to succeed in business. Read it and you'll know why plans are actually harmful, why you don't need outside investors, and why you're better off ignoring the competition. The truth is, you need less than you think. You don't need to be a workaholic. You don't need to staff up. You don't need to waste time on paperwork or meetings. You don't even need an office. Those are all just excuses. What you really need to do is stop talking and start working. This book shows you the way. You'll learn how to be more productive, how to get exposure without breaking the bank, and tons more counterintuitive ideas that will inspire and provoke you.With its straightforward language and easy-is-better approach, Rework is the perfect playbook for anyone who's ever dreamed of doing it on their own. Hardcore entrepreneurs, small-business owners, people stuck in day jobs they hate, victims of ""downsizing,"" and artists who don't want to starve anymore will all find valuable guidance in these pages.From the Hardcover edition.",2010.0,,https://covers.openlibrary.org/b/id/6679955-L.jpg,/works/OL15168112W,True,False
BOOK00472,Production and operations management,,1978.0,,https://covers.openlibrary.org/b/id/4065062-L.jpg,/works/OL4643074W,True,False
BOOK00473,Production and operations management,,1973.0,,https://covers.openlibrary.org/b/id/3789079-L.jpg,/works/OL2719657W,True,False
BOOK00474,Operations management,,1981.0,,https://covers.openlibrary.org/b/id/4001404-L.jpg,/works/OL82234W,True,False
BOOK00475,Operations management,,2004.0,,https://covers.openlibrary.org/b/id/1075744-L.jpg,/works/OL1906131W,True,False
BOOK00476,Operations management,,1977.0,,https://covers.openlibrary.org/b/id/1074431-L.jpg,/works/OL3518226W,True,False
BOOK00477,Production/operations management,"v, 277 pages ; 26 cm",1982.0,,https://covers.openlibrary.org/b/id/4088133-L.jpg,/works/OL1906132W,True,False
BOOK00478,Production and operations management,,1980.0,,https://covers.openlibrary.org/b/id/4167539-L.jpg,/works/OL1898033W,True,False
BOOK00479,Operations Management,,2001.0,,https://covers.openlibrary.org/b/id/1178025-L.jpg,/works/OL1898032W,True,False
BOOK00480,Operations management for MBAs,,1999.0,,https://covers.openlibrary.org/b/id/1245011-L.jpg,/works/OL1965631W,True,False
BOOK00481,Operations management,,2001.0,,https://covers.openlibrary.org/b/id/6547803-L.jpg,/works/OL15148396W,True,False
BOOK00482,Operations management,,2005.0,,https://covers.openlibrary.org/b/id/1237924-L.jpg,/works/OL2686231W,True,False
BOOK00483,Operations Management,,2004.0,,,/works/OL29362199W,True,False
BOOK00484,Principles of operations management,,1993.0,,https://covers.openlibrary.org/b/id/89865-L.jpg,/works/OL2985199W,True,False
BOOK00485,Operations management,,1999.0,,https://covers.openlibrary.org/b/id/2323632-L.jpg,/works/OL7942382W,True,False
BOOK00486,Slack,,2013.0,,https://covers.openlibrary.org/b/id/10531271-L.jpg,/works/OL24135072W,True,False
BOOK00487,Operations management,,1997.0,,https://covers.openlibrary.org/b/id/306350-L.jpg,/works/OL2618948W,True,False
BOOK00488,Production and Operations Management,,2004.0,,https://covers.openlibrary.org/b/id/2330452-L.jpg,/works/OL9330504W,True,False
BOOK00489,Production and operations management,,1975.0,,https://covers.openlibrary.org/b/id/4468138-L.jpg,/works/OL6443514W,True,False
BOOK00490,Operations Management,,2015.0,,https://covers.openlibrary.org/b/id/13182601-L.jpg,/works/OL20665880W,True,False
BOOK00491,Production and Operations Management,,2004.0,,https://covers.openlibrary.org/b/id/4884288-L.jpg,/works/OL6997063W,True,False
BOOK00492,Schaum's outline of theory and problems of operations management,,1985.0,,https://covers.openlibrary.org/b/id/1074428-L.jpg,/works/OL3518224W,True,False
BOOK00493,Principles of operations management,,1999.0,,https://covers.openlibrary.org/b/id/9580425-L.jpg,/works/OL7942381W,True,False
BOOK00494,Modern production/operations management,,1980.0,,https://covers.openlibrary.org/b/id/4398047-L.jpg,/works/OL5274183W,True,False
BOOK00495,Restaurant operations management,,2005.0,,https://covers.openlibrary.org/b/id/1106477-L.jpg,/works/OL2743449W,True,False
BOOK00496,Production and operations management,"viii, 919 p. : 24 cm",1979.0,,https://covers.openlibrary.org/b/id/2356029-L.jpg,/works/OL3952119W,True,False
BOOK00497,Fundamentals of operations management,,1999.0,,https://covers.openlibrary.org/b/id/10768136-L.jpg,/works/OL1964872W,True,False
BOOK00498,Hotel operations management,,2004.0,,https://covers.openlibrary.org/b/id/1109467-L.jpg,/works/OL3375090W,True,False
BOOK00499,Operations management,,1992.0,,https://covers.openlibrary.org/b/id/5403291-L.jpg,/works/OL537975W,True,False
BOOK00500,Strategic Operations Management,,2005.0,,https://covers.openlibrary.org/b/id/8447846-L.jpg,/works/OL19336277W,True,False
BOOK00501,Operations management,,1981.0,,https://covers.openlibrary.org/b/id/8336407-L.jpg,/works/OL269936W,True,False
BOOK00502,Principles of operations management,,1999.0,,https://covers.openlibrary.org/b/id/1110284-L.jpg,/works/OL1887969W,True,False
BOOK00503,Operations management,,1980.0,,https://covers.openlibrary.org/b/id/1115031-L.jpg,/works/OL4115535W,True,False
BOOK00504,Operations Management,,2005.0,,https://covers.openlibrary.org/b/id/13241551-L.jpg,/works/OL21485225W,True,False
BOOK00505,Operations management,,2003.0,,https://covers.openlibrary.org/b/id/1245509-L.jpg,/works/OL4807195W,True,False
BOOK00506,Operations management,,1996.0,,https://covers.openlibrary.org/b/id/2994698-L.jpg,/works/OL5830986W,True,False
BOOK00507,Operations Management,,2017.0,,https://covers.openlibrary.org/b/id/10173512-L.jpg,/works/OL20858704W,True,False
BOOK00508,Operations Management,,2012.0,,,/works/OL37570667W,True,False
BOOK00509,Operations management,,2007.0,,https://covers.openlibrary.org/b/id/6547806-L.jpg,/works/OL15148397W,True,False
BOOK00510,Essentials of Operations Management,,2018.0,,,/works/OL22542437W,True,False
BOOK00511,Production and operations management,"xxii,770p",1979.0,,https://covers.openlibrary.org/b/id/4437516-L.jpg,/works/OL537976W,True,False
BOOK00512,Production and operations management,,1988.0,,https://covers.openlibrary.org/b/id/7109780-L.jpg,/works/OL7942383W,True,False
BOOK00513,Operations Management,,2000.0,,https://covers.openlibrary.org/b/id/1180585-L.jpg,/works/OL521436W,True,False
BOOK00514,Casino operations management,"Complete guidance to the ins and outs of gaming operations Management personnel need a thorough understanding of the business side of the casino industry to ensure profits???and to avoid losses. It's a sure bet that Casino Operations Management, Second Edition will help current and future gaming management professionals better serve any casino. Written by experts with over 65 years of combined experience in the field, this Second Edition offers all the critical skills and know-how to equip gaming and casino operators with the knowledge needed for the management office, cage operations, and table game and slot operations. This updated edition features detailed coverage of: Current high-roller marketing tactics and their effect on profitability The effect of popular money management systems on casino profits The initial development process of an Indian casino S...",1998.0,,https://covers.openlibrary.org/b/id/1242656-L.jpg,/works/OL2676528W,True,False
BOOK00515,"Foundations of Operations Management, Fourth Canadian Edition, 4/e",,2015.0,,https://covers.openlibrary.org/b/id/9151985-L.jpg,/works/OL20493840W,True,False
BOOK00516,Modern Hotel Operations Management,,2017.0,,https://covers.openlibrary.org/b/id/13912863-L.jpg,/works/OL21321449W,True,False
BOOK00517,Cruise Operations Management,,2006.0,,,/works/OL21298467W,True,False
BOOK00518,Operations management for competitive advantage,,2004.0,,https://covers.openlibrary.org/b/id/10768142-L.jpg,/works/OL24272744W,True,False
BOOK00519,Project management for dummies,"In today's business world, tight project deadlines and stringent expectations are the norm. This hands-on guide introduces you to the principles of project management and show you how to put them to use so you can successfully manage a project from start to finish.",2008.0,,https://covers.openlibrary.org/b/id/10188899-L.jpg,/works/OL19977897W,True,False
BOOK00520,Project Management,,1996.0,,https://covers.openlibrary.org/b/id/2346354-L.jpg,/works/OL8467110W,True,False
BOOK00521,Project management,,1979.0,,https://covers.openlibrary.org/b/id/3974912-L.jpg,/works/OL2673378W,True,False
BOOK00522,Software project management,,1999.0,,https://covers.openlibrary.org/b/id/8720847-L.jpg,/works/OL12422165W,True,False
BOOK00523,Project management,The book is primarily intended for use as a college textbook for teaching project management at the advanced undergraduate or master's level. The book is also intended for current and prospective project managers who wish to share insights and ideas about the field.,1985.0,,https://covers.openlibrary.org/b/id/303127-L.jpg,/works/OL1965633W,True,False
BOOK00524,Project Management,,2011.0,,https://covers.openlibrary.org/b/id/9633304-L.jpg,/works/OL15997478W,True,False
BOOK00525,PMBOK Guide,,2021.0,,,/works/OL26604122W,True,False
BOOK00526,Construction project management,,1999.0,,https://covers.openlibrary.org/b/id/1101327-L.jpg,/works/OL3274094W,True,False
BOOK00527,Information Technology Project Management,,1999.0,,https://covers.openlibrary.org/b/id/5451502-L.jpg,/works/OL5769975W,True,False
BOOK00528,Construction project management,,2005.0,,https://covers.openlibrary.org/b/id/1218401-L.jpg,/works/OL5815454W,True,False
BOOK00529,A Guide to the Project Management Body of Knowledge (PMBOK® Guide),,2017.0,,https://covers.openlibrary.org/b/id/10329916-L.jpg,/works/OL19868723W,True,False
BOOK00530,Agile Project Management For Dummies,,2012.0,,https://covers.openlibrary.org/b/id/7774239-L.jpg,/works/OL17536293W,True,False
BOOK00531,Project Management for the Unofficial Project Manager,"No project management training? No problem! In today’s workplace, employees are routinely expected to coordinate and manage projects. Yet, chances are, you aren’t formally trained in managing projects—you’re an unofficial project manager. FranklinCovey experts Kory Kogon, Suzette Blakemore, and James Wood understand the importance of leadership in project completion and explain that people are crucial in the formula for success. Project Management for the Unofficial Project Manager offers practical, real-world insights for effective project management and guides you through the essentials of the people and project management process: Initiate Plan Execute Monitor/Control Close Unofficial project managers in any arena will benefit from the accessible, engaging real-life anecdotes, memorable “Project Management Proverbs,” and quick reviews at the end of each chapter. If you’re struggling to keep your projects organized, this book is for you. If you manage projects without the benefit of a team, this book is also for you. Change the way you think about project management—""project manager"" may not be your official title or necessarily your dream job, but with the right strategies, you can excel.",2015.0,,https://covers.openlibrary.org/b/id/7394254-L.jpg,/works/OL17315874W,True,False
BOOK00532,Project Management,,2006.0,,https://covers.openlibrary.org/b/id/14424212-L.jpg,/works/OL59388W,True,False
BOOK00533,Effective project management,,2003.0,,https://covers.openlibrary.org/b/id/10317792-L.jpg,/works/OL19959036W,True,False
BOOK00534,TOTAL PROJECT MANAGEMENT The Indian Context,"A total book on all aspects of formulating, evaluating, planning, procurement and total implementation of all kinds of projects. *The Business Standard* has described it as ""**A mine of experience to explore**"". ""*The Hindustan Times*"" has called it ""**The first of its kind in the world"".** Thus said *THE WORLD BANK's Operational Policy Department:* ""**Dr. Joy's book on Total Project Management is a considerable achievement""**",1993.0,,https://covers.openlibrary.org/b/id/6949269-L.jpg,/works/OL16110494W,True,False
BOOK00535,Project Management,"This title offers readers an insight into human behaviour, knowledge of organisational issues and quantitative methods needed to do project management. He emphasises the challenges they'll face including planning, negotiating, budgeting, communicating and scheduling.",2002.0,,https://covers.openlibrary.org/b/id/1239594-L.jpg,/works/OL20104000W,True,False
BOOK00536,Successful project management,"""Successful Project Management: A Practical Guide for Managers offers new, innovative advice and techniques for those challenged by project management assignments. In clear, non-technical language Jack Gido and James P. Clements provide everything you need to effectively approach and complete projects from start to finish.""--BOOK JACKET. ""With an emphasis on the practical, using real-world examples, Successful Project Management gives readers the expert knowledge and skills needed to complete projects on time, within budget, and to complete satisfaction.""--BOOK JACKET.",1999.0,,https://covers.openlibrary.org/b/id/1276150-L.jpg,/works/OL2715488W,True,False
BOOK00537,Project management,,1994.0,,https://covers.openlibrary.org/b/id/90915-L.jpg,/works/OL3941855W,True,False
BOOK00538,Information technology project management,"Explains how to create measurable organization value through information technology projects, emphasizing the importance of making decisions throughout the process and integrating project management and IT concepts, tools, and techniques. Includes a CD.",2002.0,,https://covers.openlibrary.org/b/id/4641793-L.jpg,/works/OL5853546W,True,False
BOOK00539,Successful Project Management,,2008.0,,https://covers.openlibrary.org/b/id/10101745-L.jpg,/works/OL20803749W,True,False
BOOK00540,Project management,,2007.0,,https://covers.openlibrary.org/b/id/10125165-L.jpg,/works/OL18738779W,True,False
BOOK00541,Process Groups,,2022.0,,https://covers.openlibrary.org/b/id/15225520-L.jpg,/works/OL29198625W,True,False
BOOK00542,The Fast Forward MBA in Project Management,,2005.0,,https://covers.openlibrary.org/b/id/306359-L.jpg,/works/OL8227958W,True,False
BOOK00543,Project Management in Perspective,,2018.0,,https://covers.openlibrary.org/b/id/8832283-L.jpg,/works/OL20184101W,True,False
BOOK00544,Project Management Techniques,,2013.0,,https://covers.openlibrary.org/b/id/13198460-L.jpg,/works/OL21057781W,True,False
BOOK00545,Project Management,,2000.0,,https://covers.openlibrary.org/b/id/66184-L.jpg,/works/OL284162W,True,False
BOOK00546,Project Management in Practice,,2000.0,,https://covers.openlibrary.org/b/id/303902-L.jpg,/works/OL29017502W,True,False
BOOK00547,Construction project management,,2011.0,,https://covers.openlibrary.org/b/id/10637615-L.jpg,/works/OL16166720W,True,False
BOOK00548,Project management,,2002.0,,https://covers.openlibrary.org/b/id/1084915-L.jpg,/works/OL18176761W,True,False
BOOK00549,Contemporary Project Management,,2012.0,,https://covers.openlibrary.org/b/id/13464227-L.jpg,/works/OL22534454W,True,False
BOOK00550,The Fast Forward MBA in Project Management,"This is one of the bestselling books ever published on the topic of project management. Now in a revised new third edition, it presents you with a wealth of proven techniques for managing projects?from establishing project objectives to building schedules to projecting costs. It includes all the basics on defining, planning, and tracking a project, as well as building stronger project teams. This new edition includes new chapters on Agile Project Management, PMI exam prep, and more.",1999.0,,https://covers.openlibrary.org/b/id/303394-L.jpg,/works/OL8227960W,True,False
BOOK00551,"Project Management for Engineering, Business and Technology",,2012.0,,https://covers.openlibrary.org/b/id/13190692-L.jpg,/works/OL20754488W,True,False
BOOK00552,Project Management,,2002.0,,https://covers.openlibrary.org/b/id/57500-L.jpg,/works/OL20991263W,True,False
BOOK00553,Project management for healthcare,"""A growing number of healthcare organizations are implementing project management principles to improve cost and service efficiencies. They are in desperate need of resources that clearly illustrate the project management needs of todays healthcare professional. Project Management for Healthcare fills this need. Using easy-to-follow language, it explains how the time-tested principles of project management can help maximize limited resources and ensure the highest possible quality of care. Exploring the discipline of project management from the perspective of the healthcare environment, the book dissects the project process and provides the tools and techniques required to successfully plan, execute, and control any healthcare-based project. From identifying stakeholders to constructing a project plan, this book covers the complete spectrum of project planning activities. Complete with chapter summaries, exercises, hints, review questions, and case studies, it illustrates applications across a range of healthcare settings. Explains how to utilize the project plan to execute projects within budget, schedule, and quality objectives Covers program management as it relates to healthcare Addresses the interaction between healthcare and information technology Presents best practices from the pharmaceutical and medical equipment industries that can easily be adapted to any helthcare setting Because most healthcare personnel will inevitably have to work with program management and need to interact with pharmaceutical companies and medical device manufacturers, the book provides an inside look at the processes and best practices used to bring products to market in these industries. Explaining how to adapt these processes to drive down costs and improve the quality of care in any healthcare setting, the book includes a case study of a fictitious medical facility that illustrates the proper application of the tools and techniques needed to manage healthcare projects effectively and efficiently""--Provided by publisher. ""Preface I was a healthcare professional. My first ""real"" job after graduating from college was as a licensed health inspector, then as a licensed health officer, and finally as a health administrator for a small town with a population of about 15,000 people. It was there that I became an accidental or incidental project manager. Until recently, project management was an ""accidental profession."" Few started out as project managers. They were usually something else and either were handed a project to undertake, or suggested an enhancement to an existing process, procedure, or product, and were told to ""run with it."" Either way, their primary job was doing something else. As the health administrator, I was responsible for the animal control program in my town. Because I had a full-time animal control warden and an animal control van, the town suggested I offer those services to other local municipalities to generate income to be able to expand my program. Two of the abutting towns agreed and signed a contract with our Board of Health. Part of that agreement was to pick up stray dogs and cats. It immediately became clear that we needed a place to house the animals""--Provided by publisher.",2011.0,,https://covers.openlibrary.org/b/id/9683101-L.jpg,/works/OL15980319W,True,False
BOOK00554,"Project management metrics, KPIs, and dashboards",,2011.0,,https://covers.openlibrary.org/b/id/8879443-L.jpg,/works/OL19708270W,True,False
BOOK00555,Project management,,2006.0,,https://covers.openlibrary.org/b/id/1080813-L.jpg,/works/OL16642422W,True,False
BOOK00556,Project Management,,2013.0,,https://covers.openlibrary.org/b/id/9155443-L.jpg,/works/OL20498139W,True,False
BOOK00557,Agile Project Management with Scrum (Microsoft Professional),"Apply the principles of Scrum to software project management with guidance from one of the leaders in the agile process movement. Case studies and project examples demonstrate Scrum concepts in practice and emphasize driving projects for maximum ROI. The rules and practices for Scrum—a simple process for managing complex projects—are few, straightforward, and easy to learn. But Scrum's simplicity itself—its lack of prescription—can be disarming, and new practitioners often find themselves reverting to old project management habits and tools and yielding lesser results. In this illuminating series of case studies, Scrum co-creator and evangelist Ken Schwaber identifies the real-world lessons—the successes and failures—culled from his years of experience coaching companies in agile project management. Through them, you'll understand how to use Scrum to solve complex problems and drive better results—delivering more valuable software faster.Gain the foundation in Scrum theory—and practice—you need to:Rein in even the most complex, unwieldy projects Effectively manage unknown or changing product requirements Simplify the chain of command with self-managing development teams Receive clearer specifications—and feedback—from customers Greatly reduce project planning time and required tools Build—and release—products in 30-day cycles so clients get deliverables earlierAvoid missteps by regularly inspecting, reporting on, and fine-tuning projects Support multiple teams working on a large-scale project from many geographic locations Maximize return on investment!",2004.0,,https://covers.openlibrary.org/b/id/461518-L.jpg,/works/OL7947520W,True,False
BOOK00558,The art of project management,,2005.0,,https://covers.openlibrary.org/b/id/389008-L.jpg,/works/OL5857852W,True,False
BOOK00559,A guide to the project management body of knowledge (PMBOK guide),,2000.0,,https://covers.openlibrary.org/b/id/955085-L.jpg,/works/OL19130377W,True,False
BOOK00560,The Deadline,,1997.0,,https://covers.openlibrary.org/b/id/711889-L.jpg,/works/OL38235W,True,False
BOOK00561,Project Management Absolute Beginner's Guide,,2012.0,,https://covers.openlibrary.org/b/id/10097024-L.jpg,/works/OL20800373W,True,False
BOOK00562,Project management in construction,,1987.0,,https://covers.openlibrary.org/b/id/4165081-L.jpg,/works/OL1965152W,True,False
BOOK00563,Project management,,2000.0,,https://covers.openlibrary.org/b/id/13089392-L.jpg,/works/OL18798198W,True,False
BOOK00564,Project management for dummies,"More than two thirds of American companies use teams to execute their most important projects, making project management a highly valuable skill for advancing your career. Project Management For Dummies, Second Edition introduces you to the principles of successful project management and shows you how to motivate any team to gain maximum productivity. You'll find out how to: Define your project and what you intend to accomplish Identify project stakeholders and their expectations Develop a project plan Establish project schedules and timetables Determine which skill sets and resources the project requires Choose team members and define their roles Launch you project and track its progress Encourage peak performance Conclude your project successfully Complete with helpful tips on delegating, shortening schedules, and optimizing your own performance Project Management for Dummies, help you get your project, and your career, off the ground in no time.",2000.0,,https://covers.openlibrary.org/b/id/521795-L.jpg,/works/OL8205117W,True,False
BOOK00565,Making Things Happen,,2008.0,,https://covers.openlibrary.org/b/id/5076316-L.jpg,/works/OL5857853W,True,False
BOOK00566,Performance management,"Managing staff performance is an effective mechanism for developing both staff and organizational growth. By clarifying an organization’s objectives, translating these into clear individual goals, and reviewing these goals regularly, performance management provides a well-structured and effective management tool. In this revised and updated third edition, Armstrong incorporates the findings of two major research projects on performance management and illustrates the results with numerous case studies, providing invaluable advice from experienced practitioners. Performance Management provides the ideal action plan for any manager wanting to get the best from his or her employees. It is packed with detailed, practical advice.",1994.0,,https://covers.openlibrary.org/b/id/1394206-L.jpg,/works/OL3944650W,True,False
BOOK00567,Performance Management,,2014.0,,https://covers.openlibrary.org/b/id/8842352-L.jpg,/works/OL20192826W,True,False
BOOK00568,Performance Management,,2014.0,,https://covers.openlibrary.org/b/id/9362407-L.jpg,/works/OL20688948W,True,False
BOOK00569,Performance management systems,,2008.0,,https://covers.openlibrary.org/b/id/10226628-L.jpg,/works/OL15431388W,True,False
BOOK00570,Performance management,,2005.0,,https://covers.openlibrary.org/b/id/1110295-L.jpg,/works/OL5851871W,True,False
BOOK00571,Financial planning & analysis and performance management,"""This book is the essential desk reference for CFOs, FP&A professionals, investment banking professionals, and equity research analysts. With thought-provoking discussion and refreshing perspective, this book provides insightful reference for critical areas that directly impact an organization's effectiveness. From budgeting and forecasting, analysis, and performance management, to financial communication, metrics, and benchmarking, these insights delve into the cornerstones of business and value drivers. Dashboards, graphs, and other visual aids illustrate complex concepts and provide reference at a glance, while the author's experience as a CFO, educator, and general manager leads to comprehensive and practical analytical techniques for real world application""--",2018.0,,https://covers.openlibrary.org/b/id/13526323-L.jpg,/works/OL19751735W,True,False
BOOK00572,Performance management,,2008.0,,https://covers.openlibrary.org/b/id/8609107-L.jpg,/works/OL19816272W,True,False
BOOK00573,Managing performance,,2005.0,,https://covers.openlibrary.org/b/id/2027589-L.jpg,/works/OL3944625W,True,False
BOOK00574,Handbook of corporate performance management,"""A thorough and comprehensive guide to measuring and managing the performance of businesses, understanding where you are, communicating where you want to be and managing towards your longer term strategic goals. Measuring performance in a way which is linked to strategy and measures the right activities is a process which few organizations undertake, but those which do reap substantial benefits in terms of increased success. Even fewer organizations can maintain and use their measurement system effectively, engaging the workforce in delivering success. This book will show readers how to do just that, using relevant examples from a variety of organizations including: Tesco's 'steering wheel'- a means of displaying what is important to the organization from boardroom to store - Terry Leahy has attributed much of Tesco's success to their performance management approach EDF Energy's highly innovative approach to cascading their 'success maps' down the organization, winning them a high degree of ownership and commitment to the organizational goals by involving people at all levels in the process Taking a practical approach, and including details of processes and tools that can be adopted and customized by any organization, the authors also include guiding principles to help readers avoid the pitfalls of inappropriate performance management. The book, uniquely, combines guidance on the practical use of frameworks such as the Balanced Scorecard, with the application of measures to manage performance""-- ""A thorough and comprehensive guide to measuring and managing the performance of businesses, understanding where you are, communicating where you want to be and managing towards your longer term strategic goals. Measuring performance in a way which is linked to strategy and measures the right activities is a process which few organizations undertake, but those which do reap substantial benefits in terms of increased success""--",2011.0,,https://covers.openlibrary.org/b/id/13210937-L.jpg,/works/OL16486195W,True,False
BOOK00575,Strategic Performance Management,,2018.0,,https://covers.openlibrary.org/b/id/13826923-L.jpg,/works/OL21305493W,True,False
BOOK00576,Performance management,,2008.0,,https://covers.openlibrary.org/b/id/13912220-L.jpg,/works/OL16452029W,True,False
BOOK00577,Employee engagement through effective performance management,,2010.0,,https://covers.openlibrary.org/b/id/9271843-L.jpg,/works/OL8936327W,True,False
BOOK00578,Performance Management,,2016.0,,https://covers.openlibrary.org/b/id/13188768-L.jpg,/works/OL21125427W,True,False
BOOK00579,Performance management,,1996.0,,https://covers.openlibrary.org/b/id/12745583-L.jpg,/works/OL8951194W,True,False
BOOK00580,ACCA Performance Management,,2022.0,,https://covers.openlibrary.org/b/id/13311798-L.jpg,/works/OL26513767W,True,False
BOOK00581,Armstrong's Handbook of Performance Management,,2014.0,,https://covers.openlibrary.org/b/id/11675584-L.jpg,/works/OL21082287W,True,False
BOOK00582,Enterprise Performance Management Done Right,,2013.0,,https://covers.openlibrary.org/b/id/7811376-L.jpg,/works/OL17554879W,True,False
BOOK00583,Armstrong's handbook of performance management,"This new edition of Armstrong's Handbook of Performance Management looks at the results of major research in this area. Armstrong considers how evidence-based material can inform one's understanding of performance management, and he provides practical guidance on how this evidence can be interpreted and applied.",2009.0,,https://covers.openlibrary.org/b/id/12291277-L.jpg,/works/OL3944599W,True,False
BOOK00584,Performance Management,,2020.0,,https://covers.openlibrary.org/b/id/14664609-L.jpg,/works/OL22144070W,True,False
BOOK00585,IT performance management,,2004.0,,https://covers.openlibrary.org/b/id/9504289-L.jpg,/works/OL16920005W,True,False
BOOK00586,Intranet performance management,,2000.0,,https://covers.openlibrary.org/b/id/11877474-L.jpg,/works/OL1808174W,True,False
BOOK00587,Performance management,,1999.0,,https://covers.openlibrary.org/b/id/55960-L.jpg,/works/OL1969032W,True,False
BOOK00588,ACCA P5 Advanced Performance Management,"1 online resource (xii, 647 pages) :",2017.0,,https://covers.openlibrary.org/b/id/14437608-L.jpg,/works/OL25718745W,True,False
BOOK00589,Performance management,,1986.0,,https://covers.openlibrary.org/b/id/6983118-L.jpg,/works/OL16056611W,True,False
BOOK00590,Performance Management in Nonprofit Organizations,,2014.0,,https://covers.openlibrary.org/b/id/14384566-L.jpg,/works/OL21260269W,True,False
BOOK00591,Performance Management in the Public Sector,,2015.0,,,/works/OL25174740W,True,False
BOOK00592,Performance Management,,2013.0,,https://covers.openlibrary.org/b/id/13736661-L.jpg,/works/OL21035273W,True,False
BOOK00593,Performance management,,2012.0,,https://covers.openlibrary.org/b/id/11030412-L.jpg,/works/OL16191214W,True,False
BOOK00594,Performance management,,2006.0,,https://covers.openlibrary.org/b/id/864085-L.jpg,/works/OL18715129W,True,False
BOOK00595,HBR guide to performance management,"Are your employees meeting their goals? Is their work improving over time? Understanding where your employees are succeeding--and falling short--is a pivotal part of ensuring you have the right talent to meet organizational objectives. In order to work with your people and effectively monitor their progress, you need a system in place. The HBR Guide to Performance Management provides a new multi-step, cyclical process to help you keep track of your employees' work, identify where they need to improve, and ensure they're growing with the organization. You'll learn to: Set clear employee goals that align with company objectives. Monitor progress and check in regularly. Close performance gaps. Understand when to use performance analytics. Create opportunities for growth, tailored to the individual. Overcome and avoid burnout on your team--",2017.0,,https://covers.openlibrary.org/b/id/14341579-L.jpg,/works/OL19718665W,True,False
BOOK00596,Performance Management,"Managing staff performance is an effective mechanism for developing both staff and organizational growth. By clarifying an organization's objectives, translating these into clear individual goals, and reviewing these goals regularly, performance management provides a well-structured and effective management tool. In this fully revised new edition, Armstrong incorporates the findings of two major research projects on performance management (CIPD and e-reward) and illustrates the results with a number of pertinent case studies providing great advice from experienced practitioners. The concept and practice of performance management have been completely updated in the light of current best practice. Performance Management provides the ideal action plan for any manager wanting to get the best from their employees. It is packed with detailed and practical advice and this third edition is complete with fully up-to-date chapters on the basis, process and practice of performance management and on performance management roles.",2006.0,,https://covers.openlibrary.org/b/id/7347962-L.jpg,/works/OL3944628W,True,False
BOOK00597,Strategic Planning and Performance Management,"Strategic Planning and Performance Measurement: Develop & Measure a Winning Strategy, provides a clear and concise roadmap for designing, implementing and measuring strategy. The focus is on strategic factors, which are defined in a unique way as the criteria on which an organization or business unit has to do well in order to succeed. For organizations to be successful, they must take a stakeholder perspective of their performance - stakeholders such as customers, suppliers, employees and owners. The book cites many case studies including: 7-El.",2012.0,,https://covers.openlibrary.org/b/id/8723502-L.jpg,/works/OL19904336W,True,False
BOOK00598,Organizational behaviour,,2009.0,,https://covers.openlibrary.org/b/id/13852388-L.jpg,/works/OL15530645W,True,False
BOOK00599,Global Performance Management (Global HRM),,2007.0,,https://covers.openlibrary.org/b/id/5725771-L.jpg,/works/OL9353543W,True,False
BOOK00600,ACCA F5 Performance Management,,2015.0,,,/works/OL25351280W,True,False
BOOK00601,ACCA F5 Performance Management,1 online resource,2017.0,,https://covers.openlibrary.org/b/id/14437610-L.jpg,/works/OL25718743W,True,False
BOOK00602,Case Studies in Performance Management,"Praise for Case Studies in Performance Management ""With this book, Tony Adkins has made an important contribution to the body of knowledge of managerial accounting."" --From the Foreword by Gary Cokins, lead strategist, Business Performance Management Solutions group with SAS Institute and internationally recognized expert in advanced cost management and performance improvement systems ""If you want to achieve direction, traction, and speed in business, Case Studies in Performance Management: A Guide from the Experts is a must-read . . . jam-packed with golden nuggets you can put to work immediately."" --Jason Jennings, bestselling author of Think Big, Act Small, Less Is More and It's Not the Big That Eat the Small . . . It's the Fast That Eat the Slow ""Tony has the insight found only from actual implementations of ABC/PM.Using this as lens, he has brought the collective experience of experts into focus."" --Mohan Nair, author of Essentials of Balanced Scorecard and Activity-Based Information Systems ""Tony Adkins has lived the life of a true ABC/PM road warrior. His collection of case studies reaches beyond the theory to capture the harsh reality of what it takes to successfully implement performance management. A must-read for anyone wise enough to learn from those who have gone before."" --Chris M. Pieper, CEO, FormRouter, Inc. (former founder and CEO of ABC Technologies) ""Everyone who reads this book will gain a solid appreciation of the substance and value of performance management in varied industry settings and applications."" --Dr. Peter B. B. Turney, President and Chief Executive Officer of Cost Technology, Inc. and author of Common Cents If you're looking for a way to dramatically improve your company's performance and get back its competitive edge, Case Studies in Performance Management: A Guide from the Experts will show you how other businesses, driven to remain competitive by changes in their industries, learned to work smarter using ABC/PM in today's tough business environment. Noteworthy commentary from experts in the field including Ashok Vadgama and Alan Stratton helps you understand ABC/PM and how to execute its sound strategies in your own business.",2006.0,,https://covers.openlibrary.org/b/id/1250817-L.jpg,/works/OL8232406W,True,False
BOOK00603,Performance management,,1983.0,,https://covers.openlibrary.org/b/id/1871974-L.jpg,/works/OL2979457W,True,False
BOOK00604,ACCA Performance Management,,2024.0,,,/works/OL38616422W,True,False
BOOK00605,Performance Management for Dummies,,2019.0,,https://covers.openlibrary.org/b/id/13208839-L.jpg,/works/OL21196875W,True,False
BOOK00606,Performance Management (Acca),,2006.0,,,/works/OL8364055W,True,False
BOOK00607,Performance Management,"Praise for Performance Management ""We are witnessing a convergence among advanced management concepts and practices. Performance management is a means to pull it all together, to understand the strengths and limitations of each management practice and leverage it for competitive advantage. Cokins' book walks us through all this in a manner that makes something confusing much less so. There is no one right answer for any situation. The answer lies in a balance of concepts and the integration of them. Performance Management is the glue that holds them all together. This book helps the reader understand the breadth of PM. It's not just about measuring!"" --John F. Morrow, CPA, AICPA Vice President, The New Finance ""Gary Cokins has articulated the '411' of performance management. His combination of personal anecdotes with fundamental cost and performance management theories provides business leaders at all levels, in any industry or profession, a solid resource for practicing their work. This book is not only an invaluable resource for those new to performance management but provides guidance, wisdom, support, and insight to all industry leaders and managers. Cokins has organized and simplified the many complex performance management theories, associated tools, and infrastructure for the reader. Buy it, read it, and give it to your colleagues--then celebrate your successes!"" --Sue Swertfeger, Senior Manager, Owens & Minor",2004.0,,https://covers.openlibrary.org/b/id/305762-L.jpg,/works/OL2979729W,True,False
BOOK00608,Strategic Performance Management,,2012.0,,,/works/OL25194931W,True,False
BOOK00609,Performance management,,1989.0,,https://covers.openlibrary.org/b/id/6630679-L.jpg,/works/OL16477264W,True,False
BOOK00610,Teach Yourself Performance Management,,2003.0,,https://covers.openlibrary.org/b/id/2403253-L.jpg,/works/OL3501574W,True,False
BOOK00611,Innovative Corporate Performance Management,,2010.0,,,/works/OL21456114W,True,False
BOOK00612,HR networking,,2004.0,,https://covers.openlibrary.org/b/id/1529386-L.jpg,/works/OL5757509W,True,False
BOOK00613,Reengineering performance management,,1997.0,,https://covers.openlibrary.org/b/id/1925549-L.jpg,/works/OL1686521W,True,False
BOOK00614,Implementing Performance Management,,2003.0,,,/works/OL25742435W,True,False
BOOK00615,Human resource management,,1992.0,,https://covers.openlibrary.org/b/id/4001936-L.jpg,/works/OL2707715W,True,False
BOOK00616,Human resource management,,1999.0,,https://covers.openlibrary.org/b/id/5061491-L.jpg,/works/OL19437656W,True,False
BOOK00617,Fundamentals of human resource management,,2005.0,,https://covers.openlibrary.org/b/id/9503846-L.jpg,/works/OL1965131W,True,False
BOOK00618,Human Resource Management,,1999.0,,https://covers.openlibrary.org/b/id/14158324-L.jpg,/works/OL21393709W,True,False
BOOK00619,Human resource management,,2008.0,,https://covers.openlibrary.org/b/id/2426095-L.jpg,/works/OL1918475W,True,False
BOOK00620,Human resource management,,1994.0,,https://covers.openlibrary.org/b/id/1522009-L.jpg,/works/OL3026340W,True,False
BOOK00621,Human resources management,,1986.0,,https://covers.openlibrary.org/b/id/4346714-L.jpg,/works/OL1984512W,True,False
BOOK00622,Human resource management,,2003.0,,https://covers.openlibrary.org/b/id/6821245-L.jpg,/works/OL15643306W,True,False
BOOK00623,Human resource management,,1987.0,,https://covers.openlibrary.org/b/id/149179-L.jpg,/works/OL2959662W,True,False
BOOK00624,Human resource management,,1992.0,,https://covers.openlibrary.org/b/id/1087146-L.jpg,/works/OL1870276W,True,False
BOOK00625,Strategic Human Resource Management,,2005.0,,https://covers.openlibrary.org/b/id/1178487-L.jpg,/works/OL3500981W,True,False
BOOK00626,Human resource management,,2005.0,,https://covers.openlibrary.org/b/id/6800882-L.jpg,/works/OL15711892W,True,False
BOOK00627,Understanding Human Resources Management,,2019.0,,https://covers.openlibrary.org/b/id/13842322-L.jpg,/works/OL21342333W,True,False
BOOK00628,Human Resource Management,,2018.0,,https://covers.openlibrary.org/b/id/13720150-L.jpg,/works/OL21358315W,True,False
BOOK00629,Human Resource Management,,1995.0,,https://covers.openlibrary.org/b/id/1245443-L.jpg,/works/OL8208029W,True,False
BOOK00630,Human resource management,,1998.0,,https://covers.openlibrary.org/b/id/1063920-L.jpg,/works/OL2038891W,True,False
BOOK00631,Human resource management,,2007.0,,,/works/OL15589903W,True,False
BOOK00632,Human resource management,,1994.0,,https://covers.openlibrary.org/b/id/303141-L.jpg,/works/OL1965132W,True,False
BOOK00633,Fundamentals of Human Resource Management,,2008.0,,https://covers.openlibrary.org/b/id/10257614-L.jpg,/works/OL20811346W,True,False
BOOK00634,Human resource management,,1990.0,,https://covers.openlibrary.org/b/id/4346662-L.jpg,/works/OL2025031W,True,False
BOOK00635,Human Resource Management,,2013.0,,https://covers.openlibrary.org/b/id/8825755-L.jpg,/works/OL20178427W,True,False
BOOK00636,Human Resource Management,,2012.0,,,/works/OL37481193W,True,False
BOOK00637,Human resource management,,2000.0,,https://covers.openlibrary.org/b/id/8018383-L.jpg,/works/OL17738599W,True,False
BOOK00638,Personnel and human resources management,,1981.0,,,/works/OL5317495W,True,False
BOOK00639,Human resources management,,1974.0,,https://covers.openlibrary.org/b/id/10617091-L.jpg,/works/OL13577175W,True,False
BOOK00640,Human resource management,"xxiv, 659 pages : 25 cm",2009.0,,https://covers.openlibrary.org/b/id/10334369-L.jpg,/works/OL18626138W,True,False
BOOK00641,Armstrong's handbook of human resource management practice,"xxxii, 738 pages ; 25 cm",2009.0,,https://covers.openlibrary.org/b/id/8435427-L.jpg,/works/OL16981036W,True,False
BOOK00642,Fundamentals of human resource management,,2006.0,,https://covers.openlibrary.org/b/id/9504084-L.jpg,/works/OL16992316W,True,False
BOOK00643,Strategic Human Resource Management,,2014.0,,https://covers.openlibrary.org/b/id/10300084-L.jpg,/works/OL20926424W,True,False
BOOK00644,International Human Resource Management,"Suitable for modules in International Human Resource Management or for international students studying HRM, this book presents a comprehensive treatment of comparative and international HRM. It includes teaching notes, case studies, teaching/learning questions and a bibliography to each chapter.",2001.0,,https://covers.openlibrary.org/b/id/2027593-L.jpg,/works/OL21406978W,True,False
BOOK00645,"Human Resource Management, 16th edition",,2015.0,,,/works/OL28214958W,True,False
BOOK00646,Strategic human resource management,"Strategic human resource management has been taken up by academics, consultants and practitioners alike. However, the integration of human resource strategy with overall business strategy is often easier in theory than in practice. Strategic Human Resource Management provides a bridge between theory and practice and offers a guide to both formulating human resource strategies and implementing them. This new edition has been fully updated and revised to incorporate the latest thinking, research and practice in this important field, using case studies, checklists and practical examples. Human resource strategies are only as good as the effective action they produce. Formulating them is the easy part. The difficulties begin when they have to be implemented. This book is an invaluable aid in converting rhetoric into reality.",2000.0,,https://covers.openlibrary.org/b/id/1394941-L.jpg,/works/OL3944649W,True,False
BOOK00647,Human Resource Management,,2013.0,,https://covers.openlibrary.org/b/id/9172088-L.jpg,/works/OL20521593W,True,False
BOOK00648,A Handbook of Human Resource Management Practice,"Now in its tenth edition, this internationally best-selling text has been fully updated to incorporate new developments in human resource management policy and research. Based on the latest HRM theory, A Handbook of Human Resource Management Practice considers the HR function in relation to the needs of the business as a whole. Thoroughly updated in the light of current best practice and drawing on new research, the handbook now includes sections on human capital management, the role of the front-line manager, developing and implementing HR strategies, and learning and development. Recognizing HRM as a strategic process, Michael Armstrong provides practical advice on how companies can maximize the effectiveness of the HRM function and ensure that it makes a major contribution to organizational success. This comprehensive handbook is also essential reading for HRM students at both undergraduate and postgraduate level.Note: CD-ROM/DVD and other supplementary materials are not included as part of the eBook file.*The CD-ROM is not included with the digital version of this book.*The DVD is not included with the digital version of this book.",1999.0,,https://covers.openlibrary.org/b/id/6419374-L.jpg,/works/OL3944648W,True,False
BOOK00649,Human resource management,,1994.0,,https://covers.openlibrary.org/b/id/3853271-L.jpg,/works/OL3280702W,True,False
BOOK00650,Human Resource Management,,1999.0,,https://covers.openlibrary.org/b/id/5027729-L.jpg,/works/OL1806192W,True,False
BOOK00651,Healthcare human resource management,,2006.0,,https://covers.openlibrary.org/b/id/1178593-L.jpg,/works/OL9218737W,True,False
BOOK00652,Human resource management,,2006.0,,https://covers.openlibrary.org/b/id/9264184-L.jpg,/works/OL20643067W,True,False
BOOK00653,Human Resource Management,,2014.0,,https://covers.openlibrary.org/b/id/12212831-L.jpg,/works/OL20750977W,True,False
BOOK00654,Human Resource Management,,2013.0,,https://covers.openlibrary.org/b/id/10479512-L.jpg,/works/OL22585097W,True,False
BOOK00655,Human resource management,,1994.0,,https://covers.openlibrary.org/b/id/8328566-L.jpg,/works/OL18163946W,True,False
BOOK00656,Fundamentals of Human Resource Management,,2011.0,,https://covers.openlibrary.org/b/id/8356750-L.jpg,/works/OL18361705W,True,False
BOOK00657,Introduction to Human Resource Management,,2011.0,,https://covers.openlibrary.org/b/id/12652359-L.jpg,/works/OL21035434W,True,False
BOOK00658,Human resource management,,2011.0,,https://covers.openlibrary.org/b/id/11963556-L.jpg,/works/OL25072985W,True,False
BOOK00659,Strategic compensation,,2008.0,,https://covers.openlibrary.org/b/id/7427182-L.jpg,/works/OL18748808W,True,False
BOOK00660,Organizational Behavior,"'Organizational Behavior' contains new material on responding to global and cultural diversity with discussions of globalization, workforce diversity and ethics. There is an additional chapter on leadership and expanded coverage of interpersonal and behavioral skills.",1979.0,,https://covers.openlibrary.org/b/id/88925-L.jpg,/works/OL510735W,True,False
BOOK00661,Organizational behavior,,1973.0,,https://covers.openlibrary.org/b/id/6792039-L.jpg,/works/OL15827705W,True,False
BOOK00662,Essentials of Organizational Behavior,"""Essentials of Organizational Behavior, Sixth Edition provides a reality-based review of organizational behavior in an abbreviated format. Stephen P. Robbins integrates timely topics throughout the book, such as diversity, globalization, and ethics.""--Jacket.",1984.0,,https://covers.openlibrary.org/b/id/87316-L.jpg,/works/OL510771W,True,False
BOOK00663,Organizational behavior,"This edition (3rd) provides ""new or significantly improved coverage of the following topics: the downside of downsizing, profile of the 21st-century manaer, principles of total quality management (TQM), the Deming legacy, global skills for global managers, managing the foreign assignment cycle, managing cultural diversity, the Big Five personality dimensions, three ethical criteria for managers, general moral principles for global managers, trait/genetic components of job satisfaction, goal commitment, Covey's seven habits of highly effective people as an agenda for self-improvement, stepladder technique for avoiding social loafing, women politicians and socialized power, computer-aided decision making, collaborative computing, evolution of a team, research evidence of what self-managed teams actually do, videoconferencing and communication, common trouble signs for feedback systems, 360-degree performance reviews, managerial credibility, gender and leadership, charismatic leadership, organizational reengineering, new-style versus old-style organizations, the shape of tomorrow's organizations (hourglass, cluster, network), adaptive cultures, corporate vision and values, developing high-performance cultures, readiness for change, and learning organizations.""--P. ix.",1989.0,,https://covers.openlibrary.org/b/id/1084358-L.jpg,/works/OL547477W,True,False
BOOK00664,Organizational behavior,,1976.0,,https://covers.openlibrary.org/b/id/4292860-L.jpg,/works/OL1897916W,True,False
BOOK00665,Organizational behavior,,2000.0,,https://covers.openlibrary.org/b/id/3698163-L.jpg,/works/OL47375W,True,False
BOOK00666,International dimensions of organizational behavior,"International Dimensions of Organizational Behavior presents the behavior of managers, employees, and organizations from a global perspective. Unlike many other books in the field that simply compare managers working at home in their various cultures, International Dimensions of Organizational Behavior describes the approaches of successful managers in interacting with people from a wide range of cultures, including from Asia, Africa, Eastern and Western Europe, the Middle East, and people from both North and South America. This compact volume takes international management to a new level, integrating new research and examples of women in the roles of international managers and global leaders; more case studies, examples, and exercises; and completely up-to-date content, providing historical perspective for today's developments in global business.",1986.0,,https://covers.openlibrary.org/b/id/4145231-L.jpg,/works/OL3118214W,True,False
BOOK00667,Organizational behavior,,1993.0,,https://covers.openlibrary.org/b/id/4945038-L.jpg,/works/OL2714552W,True,False
BOOK00668,Human behavior at work,,1971.0,,https://covers.openlibrary.org/b/id/6629016-L.jpg,/works/OL1267343W,True,False
BOOK00669,Organizational behavior and management,"Students in the 21st Century will face an unprecedented rate of change in employee diversity, global competition, and legal requirements. Organizational Behavior and Management (OBM), 6th edition, by Ivancevich and Matteson is intended for that precise student. OBM 6/e provides those students with a...",1987.0,,https://covers.openlibrary.org/b/id/2341273-L.jpg,/works/OL1870277W,True,False
BOOK00670,Managing organizational behavior,,1982.0,,https://covers.openlibrary.org/b/id/6700843-L.jpg,/works/OL1904624W,True,False
BOOK00671,Organizational behavior,,2009.0,,https://covers.openlibrary.org/b/id/10393089-L.jpg,/works/OL12388822W,True,False
BOOK00672,Organizational behavior,,1997.0,,https://covers.openlibrary.org/b/id/3855980-L.jpg,/works/OL1904621W,True,False
BOOK00673,Organizational behavior,,1994.0,,https://covers.openlibrary.org/b/id/1178314-L.jpg,/works/OL5744652W,True,False
BOOK00674,Organizational Behavior,,2015.0,,https://covers.openlibrary.org/b/id/8904889-L.jpg,/works/OL20249063W,True,False
BOOK00675,Introduction to organizational behavior,,1981.0,,https://covers.openlibrary.org/b/id/6970091-L.jpg,/works/OL1926491W,True,False
BOOK00676,Understanding and Managing Organizational Behavior,,2002.0,,https://covers.openlibrary.org/b/id/6966178-L.jpg,/works/OL16279375W,True,False
BOOK00677,Organizational behavior in education,,1981.0,,https://covers.openlibrary.org/b/id/1145350-L.jpg,/works/OL2683677W,True,False
BOOK00678,Organizational behavior,,2006.0,,https://covers.openlibrary.org/b/id/1086847-L.jpg,/works/OL18175444W,True,False
BOOK00679,Organizational behavior,,2003.0,,https://covers.openlibrary.org/b/id/8271863-L.jpg,/works/OL5964563W,True,False
BOOK00680,Organizational behavior,,1986.0,,https://covers.openlibrary.org/b/id/5022596-L.jpg,/works/OL2622210W,True,False
BOOK00681,Organizational Behavior,,2013.0,,https://covers.openlibrary.org/b/id/13171067-L.jpg,/works/OL25347140W,True,False
BOOK00682,Organizational behavior,,1989.0,,https://covers.openlibrary.org/b/id/1324377-L.jpg,/works/OL2768785W,True,False
BOOK00683,Managing organizational behavior,,2013.0,,https://covers.openlibrary.org/b/id/11675878-L.jpg,/works/OL16191159W,True,False
BOOK00684,Organizational behavior,,2001.0,,https://covers.openlibrary.org/b/id/6796505-L.jpg,/works/OL15689712W,True,False
BOOK00685,Organizational behavior,,1996.0,,https://covers.openlibrary.org/b/id/1116476-L.jpg,/works/OL1841367W,True,False
BOOK00686,Organizational behavior,,1997.0,,https://covers.openlibrary.org/b/id/9942363-L.jpg,/works/OL16943613W,True,False
BOOK00687,Organizational behavior in health care,,2009.0,,https://covers.openlibrary.org/b/id/13638956-L.jpg,/works/OL15452291W,True,False
BOOK00688,Organizational Behavior,,1986.0,,https://covers.openlibrary.org/b/id/1325242-L.jpg,/works/OL1866343W,True,False
BOOK00689,Organizational behavior,,1990.0,,https://covers.openlibrary.org/b/id/7106770-L.jpg,/works/OL3967162W,True,False
BOOK00690,Organizational behavior,,1997.0,,https://covers.openlibrary.org/b/id/1116163-L.jpg,/works/OL2659998W,True,False
BOOK00691,Organizational behavior,,2010.0,,https://covers.openlibrary.org/b/id/9278394-L.jpg,/works/OL18648685W,True,False
BOOK00692,"Work Motivation in Organizational Behavior, 2nd ed",,2008.0,,https://covers.openlibrary.org/b/id/9287590-L.jpg,/works/OL2703555W,True,False
BOOK00693,Organizational behavior,,2002.0,,https://covers.openlibrary.org/b/id/8703330-L.jpg,/works/OL18710643W,True,False
BOOK00694,Management of Organizational Behavior,"Instructor's Manual with tests. This item is located at the Instructor Resource Center (IRC) located at Room #285 O'Neil Hall. Only for IRC Use, not for general checkout or ILL.",2000.0,,https://covers.openlibrary.org/b/id/81382-L.jpg,/works/OL15076937W,True,False
BOOK00695,International Organizational Behavior,,2012.0,,https://covers.openlibrary.org/b/id/13247674-L.jpg,/works/OL21313745W,True,False
BOOK00696,Essentials of Organizational Behavior,,2015.0,,https://covers.openlibrary.org/b/id/8825543-L.jpg,/works/OL20178252W,True,False
BOOK00697,Organizational behavior,,1974.0,,https://covers.openlibrary.org/b/id/4456335-L.jpg,/works/OL1267341W,True,False
BOOK00698,Organizational Behaviour,,1991.0,,https://covers.openlibrary.org/b/id/13227342-L.jpg,/works/OL4295201W,True,False
BOOK00699,Organizational behavior,,2001.0,,https://covers.openlibrary.org/b/id/4695139-L.jpg,/works/OL16933372W,True,False
BOOK00700,Essentials of Organizational Behavior,,2007.0,,https://covers.openlibrary.org/b/id/10990677-L.jpg,/works/OL21282788W,True,False
BOOK00701,Loose Leaf Organizational Behavior,,2010.0,,https://covers.openlibrary.org/b/id/9235233-L.jpg,/works/OL20594227W,True,False
BOOK00702,Managing organizational behavior,,1986.0,,https://covers.openlibrary.org/b/id/9731745-L.jpg,/works/OL3948912W,True,False
BOOK00703,Organizational behavior,,1998.0,,https://covers.openlibrary.org/b/id/90010-L.jpg,/works/OL49758W,True,False
BOOK00704,Organizational Behavior,,2014.0,,https://covers.openlibrary.org/b/id/10857586-L.jpg,/works/OL21517399W,True,False
BOOK00705,Organizational behavior,,1994.0,,https://covers.openlibrary.org/b/id/3856510-L.jpg,/works/OL2935038W,True,False
BOOK00706,Organizational Behavior,,2013.0,,https://covers.openlibrary.org/b/id/13985922-L.jpg,/works/OL21871334W,True,False
BOOK00707,International organizational behavior,,1997.0,,https://covers.openlibrary.org/b/id/1106267-L.jpg,/works/OL2668074W,True,False
BOOK00708,Managerial Economics & Business Strategy,,1994.0,,https://covers.openlibrary.org/b/id/3849733-L.jpg,/works/OL3266746W,True,False
BOOK00709,Your Next Five Moves,,2020.0,,https://covers.openlibrary.org/b/id/10961423-L.jpg,/works/OL21679891W,True,False
BOOK00710,The brand gap,"""Using the visual language of the boardroom, Marty Neumeier presents the first unified theory of branding - a set of five disciplines to help companies bridge the gap between brand strategy and brand execution. Those with a grasp of branding will be inspired by what they find here, and those who would like to understand it better will suddenly ""get it.""""--BOOK JACKET",2003.0,,https://covers.openlibrary.org/b/id/193786-L.jpg,/works/OL120747W,True,False
BOOK00711,Developing business strategies,"Using vivid case studies, Developing Business Strategies helps you to move beyond reactive problem solving toward the development and realization of sound strategic objectives for your company. Providing both the framework and the tools necessary to make strategy development and strategy review efforts effective, this book shows you how to: conduct a structured external and internal analysis of a business with confidence; develop sustainable competitive advantages by creating assets, competencies, and strategies; make strategic investment decisions to generate growth; organize to support strategies; and compete strategically in hostile, growth, and global contexts.",1984.0,,https://covers.openlibrary.org/b/id/3885918-L.jpg,/works/OL1839160W,True,False
BOOK00712,Business strategy,,1985.0,,https://covers.openlibrary.org/b/id/10617588-L.jpg,/works/OL3983591W,True,False
BOOK00713,International business strategy,"How can you best extend your knowledge of how multinational enterprises (MNEs) function? What does globalization mean for today's managers? How do students turn the message from academic literature into effective business strategies within an MNE? This practical textbook shows how the key concepts from business strategy literature can be applied to multinational enterprise. MBA and Masters students will gain the practical knowledge and skills needed to succeed as effective managers in multinational companies through a critical study of mainstream strategy models and the analysis of forty-five key journal articles. More than twenty CfUhalf-length' case studies from leading firms including Honda, IKEA and Danone show globalization in practice at the firm level. The book also Identifies seven central themes from the literature for successful global strategies and unifies them into a clear framework that can be applied to real businesses worldwide.",2008.0,,https://covers.openlibrary.org/b/id/9266870-L.jpg,/works/OL3122537W,True,False
BOOK00714,Your Next Five Moves,,,,https://covers.openlibrary.org/b/id/13227022-L.jpg,/works/OL31660670W,True,False
BOOK00715,Corporate identity,,1989.0,,https://covers.openlibrary.org/b/id/11610800-L.jpg,/works/OL4442929W,True,False
BOOK00716,Creating valuable business strategies,,2007.0,,https://covers.openlibrary.org/b/id/2592545-L.jpg,/works/OL2871275W,True,False
BOOK00717,7 Powers,,2016.0,,https://covers.openlibrary.org/b/id/10208801-L.jpg,/works/OL20883142W,True,False
BOOK00718,International Business Strategy,,2009.0,,https://covers.openlibrary.org/b/id/13977719-L.jpg,/works/OL21496797W,True,False
BOOK00719,Aligning human resources and business strategy,,2001.0,,https://covers.openlibrary.org/b/id/8616594-L.jpg,/works/OL19825636W,True,False
BOOK00720,Business strategy,,2003.0,,https://covers.openlibrary.org/b/id/11599484-L.jpg,/works/OL18606296W,True,False
BOOK00721,Acting as a business,,1993.0,,https://covers.openlibrary.org/b/id/274700-L.jpg,/works/OL1977039W,True,False
BOOK00722,Opening Digital Markets,,1997.0,,https://covers.openlibrary.org/b/id/54830-L.jpg,/works/OL2730810W,True,False
BOOK00723,International Business Strategy,,2015.0,,https://covers.openlibrary.org/b/id/8952164-L.jpg,/works/OL20293545W,True,False
BOOK00724,Swipe to Unlock,,2017.0,,https://covers.openlibrary.org/b/id/10215881-L.jpg,/works/OL20887444W,True,False
BOOK00725,Media Telecommunications And Business Strategy,,2013.0,,https://covers.openlibrary.org/b/id/7620423-L.jpg,/works/OL17459093W,True,False
BOOK00726,Business strategy,"""Business Strategy: An introduction"" is an accessible textbook that provides a straightforward guide for those with little or no knowledge of the subject. It presents complex issues and concepts in a clear and compact manner, so that readers gain a clear understanding of the topics addressed. The following features are included: a comprehensive introduction to the subjects of business strategy and strategic management; complex issues explained in a straightforward way for students new to this topic; student friendly learning features throughout; case studies of varying lengths with questions included for assignment and seminar work; and a discussion of both traditional theory and the most recent research in the field. This second edition features new and updated case studies as well as more depth having been added to the material in the book. New chapters on business ethics, types and levels of strategy, and how to use case studies have been incorporated. A range of pedagogical features such as learning objectives, review and discussion questions, chapter summaries and further reading are included in the text resulting in it being a user-friendly, definitive guide for those new to the subject. A web-based Tutor Resource Site accompanies the book. Now a stronger emphasis is placed on learning objectives, chapter summaries and review and discussion questions to consolidate learning. Comprehensive but clear coverage of the topic area provides concise study route for modular students. New chapters on business ethics, and types/levels of strategy are added to enable closer link in with course structure and content.",2002.0,,https://covers.openlibrary.org/b/id/10161431-L.jpg,/works/OL12041358W,True,False
BOOK00727,Taxes and business strategy,,2001.0,,https://covers.openlibrary.org/b/id/81901-L.jpg,/works/OL17734373W,True,False
BOOK00728,Global Business Strategy,,1997.0,,https://covers.openlibrary.org/b/id/2414131-L.jpg,/works/OL9346457W,True,False
BOOK00729,The New Positioning,"Positioning-which has sold 390,000 copies in the English language-has defined marketing since it was published 15 years ago. Now, in an era when the battle for the consumer's mind is fiercer than ever, coauthor of the all time classic, Jack Trout has taken positioning to the next level-in a path-breaking volume that will be THE marketing treatise for the '90s. In the same right-to-the-point, no-nonsense style that was a hallmark of Positioning, this sequel squares off against critical marketing challenges such as how to: overcome ""communication"" caused by the explosion of cable television channels, the information highway, and computers in every home; make sure the message gets through in an era of information overload; maintain position simplicity in an increasingly complex world; create powerful ""bandwagon"" effects that sway consumers; reclaim old new ideas that work and make them new again; avoid losing focus in the attempt to win over too many markets; ""reposition"" a company to reclaim a lost audience.",1995.0,,https://covers.openlibrary.org/b/id/55747-L.jpg,/works/OL2931103W,True,False
BOOK00730,Managerial Economics and Business Strategy,,2008.0,,https://covers.openlibrary.org/b/id/13549007-L.jpg,/works/OL25770439W,True,False
BOOK00731,Business Strategy,"Emphasizing that firms face uncertainties and unknowns (knowledge gaps) [the author] argues that the core of strategic thinking and processes rests on the organization's leaders developing newly imagined solutions to the opportunities that these uncertainties open up. Drawing on a wide range of ideas from strategy, economics, entrepreneurship and philosophy he stresses the importance of judgment in strategy, and argues that a key element of the entrepreneur and executive's task is to engage chosen uncertainties, develop a language to express and explain the firm's particular business model for dealing with these, and thus create innovation and value. At the same time he shows how the language the strategist creates to do this gives the firm identity and purpose, and communicates this to its members, stakeholders, and customers.",2014.0,,https://covers.openlibrary.org/b/id/14375190-L.jpg,/works/OL21064231W,True,False
BOOK00732,Business strategy and policy,,1985.0,,https://covers.openlibrary.org/b/id/8270398-L.jpg,/works/OL4491240W,True,False
BOOK00733,Demand-Driven Business Strategy,,2022.0,,https://covers.openlibrary.org/b/id/13829904-L.jpg,/works/OL25808971W,True,False
BOOK00734,The 33 Strategies of War,"New in the bestselling amoral series—a brilliant distillation of the strategies of war that can help us gain mastery in the modern worldRobert Greene's groundbreaking guides, The 48 Laws of Power and The Art of Seduction, espouse profound, timeless less",1998.0,,https://covers.openlibrary.org/b/id/1119676-L.jpg,/works/OL9290241W,True,False
BOOK00735,Taxes and business strategy,,1991.0,,https://covers.openlibrary.org/b/id/1116248-L.jpg,/works/OL3877923W,True,False
BOOK00736,Harvard business review on green business strategy,,2007.0,,https://covers.openlibrary.org/b/id/2815147-L.jpg,/works/OL18063780W,True,False
BOOK00737,Business strategy,,2003.0,,https://covers.openlibrary.org/b/id/917762-L.jpg,/works/OL6223851W,True,False
BOOK00738,Developing Business Strategies,,2001.0,,https://covers.openlibrary.org/b/id/300553-L.jpg,/works/OL1839137W,True,False
BOOK00739,International business,,2007.0,,https://covers.openlibrary.org/b/id/2322370-L.jpg,/works/OL4273402W,True,False
BOOK00740,International Business Strategy and Cross-Cultural Management,,2022.0,,,/works/OL26510589W,True,False
BOOK00741,Think Like a UX Researcher,,2019.0,,https://covers.openlibrary.org/b/id/10522091-L.jpg,/works/OL23686363W,True,False
BOOK00742,Love As a Business Strategy,,2021.0,,https://covers.openlibrary.org/b/id/14675849-L.jpg,/works/OL34357864W,True,False
BOOK00743,Business Strategy,,2014.0,,https://covers.openlibrary.org/b/id/10132750-L.jpg,/works/OL20828251W,True,False
BOOK00744,Understanding business strategy,,2012.0,,https://covers.openlibrary.org/b/id/13820645-L.jpg,/works/OL16464742W,True,False
BOOK00745,Digital Business,,2024.0,,https://covers.openlibrary.org/b/id/14854645-L.jpg,/works/OL37565561W,True,False
BOOK00746,Corporate strategy,,1965.0,,https://covers.openlibrary.org/b/id/12585743-L.jpg,/works/OL4799795W,True,False
BOOK00747,Business Strategy,,2003.0,,,/works/OL25230171W,True,False
BOOK00748,Designing Identity,,1998.0,,https://covers.openlibrary.org/b/id/801839-L.jpg,/works/OL8883934W,True,False
BOOK00749,Managerial economics and business strategy,,2003.0,,https://covers.openlibrary.org/b/id/6807154-L.jpg,/works/OL15843963W,True,False
BOOK00750,e-Business strategies for virtual organizations,,2002.0,,https://covers.openlibrary.org/b/id/1400676-L.jpg,/works/OL5039661W,True,False
BOOK00751,Managing Health Care Business Strategy,,2016.0,,,/works/OL21130799W,True,False
BOOK00752,Business strategies for the next-generation network,,2006.0,,https://covers.openlibrary.org/b/id/13259519-L.jpg,/works/OL8637973W,True,False
BOOK00753,European Business Strategy,,1993.0,,https://covers.openlibrary.org/b/id/13112052-L.jpg,/works/OL4571477W,True,False
BOOK00754,Business strategy,"""Business Strategy: An Introduction is an accessible textbook providing a straightforward and comprehensive guide to strategic management for undergraduate students of business and management. It presents complex issues and concepts in a clear and concise manner and is a definitive guide for those new to the subject""--",2011.0,,https://covers.openlibrary.org/b/id/12410051-L.jpg,/works/OL15916763W,True,False
BOOK00755,Learning Domain-Driven Design,,2021.0,,https://covers.openlibrary.org/b/id/12422655-L.jpg,/works/OL25321896W,True,False
BOOK00756,International Business and Global Strategy,"This eBook provides a simple and relevant resource on international business and global strategy for undergraduate, (post)graduate and MBA students around the world. You can download the book for free via the link below.",2016.0,,https://covers.openlibrary.org/b/id/7391824-L.jpg,/works/OL17313012W,True,False
BOOK00757,Instagram Business - Sell on Instagram Customer Psychology : How to Use Instagram for Business : Instagram Business Strategy : Start Business - Instagram,,2022.0,,,/works/OL28862283W,True,False
BOOK00758,Financial Accounting,,1998.0,,https://covers.openlibrary.org/b/id/304562-L.jpg,/works/OL2746901W,True,False
BOOK00759,Managerial Accounting,,1999.0,,https://covers.openlibrary.org/b/id/6938153-L.jpg,/works/OL1881227W,True,False
BOOK00760,Business Statistics,,1991.0,,https://covers.openlibrary.org/b/id/304694-L.jpg,/works/OL2838069W,True,False
BOOK00761,Statistical analysis for decision making,,1970.0,,https://covers.openlibrary.org/b/id/14621917-L.jpg,/works/OL1418653W,True,False
BOOK00762,The managerial decision-making process,,1975.0,,https://covers.openlibrary.org/b/id/1197022-L.jpg,/works/OL2025063W,True,False
BOOK00763,Judgment in managerial decision making,"""Judgment in Managerial Decision Making provides training to students by creating an awareness of the decision-making process, by allowing students to change their decision-making processes, and by offering strategies for improving these processes so that they become part of the reader's permanent behavior."" ""Re-written as a result of feedback from both colleagues and students, the fourth edition of this classic book provides even more interesting and contemporary examples of real-world decisions. This edition includes a new chapter on motivational biases (chapter 6), which examines how our motivations affect the rationality of our thoughts, and examines managerial decision-making from both individual and multi-party perspectives. By making use of these chapters, the individual can make permanent improvements to future decisions.""--BOOK JACKET.",1986.0,,https://covers.openlibrary.org/b/id/304343-L.jpg,/works/OL1965645W,True,False
BOOK00764,Administrative behavior,,1947.0,,https://covers.openlibrary.org/b/id/426557-L.jpg,/works/OL1205037W,True,False
BOOK00765,Business ethics,,1991.0,,https://covers.openlibrary.org/b/id/4640012-L.jpg,/works/OL531096W,True,False
BOOK00766,Business Analytics,,2014.0,,https://covers.openlibrary.org/b/id/10237948-L.jpg,/works/OL20900488W,True,False
BOOK00767,Judgment and decision making,"""This volume summarizes current Swedish research on judgment and decision making, covering topics such as dynamic decision making, confidence research, the search for dominance structures and differentiation, and social decision making. It ends with a commentary by Kenneth R. Hammond and Baruch Fischoff.""--BOOK JACKET.",1999.0,,https://covers.openlibrary.org/b/id/4696115-L.jpg,/works/OL18509261W,True,False
BOOK00768,Curriculum improvement,,1964.0,,https://covers.openlibrary.org/b/id/136835-L.jpg,/works/OL3528675W,True,False
BOOK00769,The psychology of judgment and decision making,"Americans are faced with a bewildering array of choices. In this lively introduction to psychological research on how people make decisions, Scott Plous focuses on the social aspects of decision making and includes everyday examples from medicine, law, business, education, and nuclear arms control, among other areas. Intended for nonspecialists, this book highlights experimental findings rather than psychological theory and presents information in descriptive prose rather than through mathematics. A unique feature of the volume is the ""Reader Survey"" that precedes the first chapter. Readers are asked to answer questions that are taken from studies discussed later in the book. This brief (and entertaining) exercise allows readers to compare their answers with the responses people gave in the original studies and to better understand their own processes of choosing. In a comprehensive yet nontechnical presentation, Plous explores the building blocks of judgment and decision making: perception, memory, context, and question format. He contrasts historical models of decision making with recent models that take into account various biases in judgment. In addition, the author examines judgments made by and about groups and discusses common traps in judgment and decision making. Not only does he suggest ways to improve decision making, but he offers the following pledge to readers not yet familiar with research on judgment and decision making: ""By judiciously applying the results described in this book, you should be better able to avoid decision biases, errors, and traps, and you will better understand the decisions made by other people.""",1993.0,,https://covers.openlibrary.org/b/id/55087-L.jpg,/works/OL4304697W,True,False
BOOK00770,Financial accounting,,1995.0,,https://covers.openlibrary.org/b/id/300560-L.jpg,/works/OL1881222W,True,False
BOOK00771,Financial decision making,,1976.0,,https://covers.openlibrary.org/b/id/4484608-L.jpg,/works/OL4299578W,True,False
BOOK00772,Executive decision making,,1957.0,,https://covers.openlibrary.org/b/id/13023038-L.jpg,/works/OL192981W,True,False
BOOK00773,Policy paradox,"Policy making is a political struggle over values and ideas. By exposing the paradoxes that underlie even seemingly straightforward policy decisions, Policy Paradox shows students that politics cannot be cleansed from the process in favor of ""rationality."" Author Deborah Stone has fully revised and updated this popular text, which now includes many paradoxes that have arisen since September 11. Examples throughout the book have been updated, and the prose has been streamlined to make a great read even better.",2012.0,,https://covers.openlibrary.org/b/id/10691979-L.jpg,/works/OL16308281W,True,False
BOOK00774,Career decision making,,1988.0,,https://covers.openlibrary.org/b/id/4140210-L.jpg,/works/OL19191895W,True,False
BOOK00775,An introduction to management science,,1976.0,,https://covers.openlibrary.org/b/id/4963712-L.jpg,/works/OL892915W,True,False
BOOK00776,Argumentation and debate,,1961.0,,https://covers.openlibrary.org/b/id/364188-L.jpg,/works/OL491346W,True,False
BOOK00777,Sales management,,2005.0,,https://covers.openlibrary.org/b/id/1178627-L.jpg,/works/OL19573983W,True,False
BOOK00778,Financial Accounting,,2008.0,,,/works/OL29071479W,True,False
BOOK00779,Decision making,,1977.0,,https://covers.openlibrary.org/b/id/4451869-L.jpg,/works/OL1282010W,True,False
BOOK00780,Data analysis & decision making with Microsoft Excel,,1999.0,,https://covers.openlibrary.org/b/id/4294335-L.jpg,/works/OL1993484W,True,False
BOOK00781,Financial Accounting,,2008.0,,https://covers.openlibrary.org/b/id/9104986-L.jpg,/works/OL20438832W,True,False
BOOK00782,A primer on decision making,,1994.0,,https://covers.openlibrary.org/b/id/18971-L.jpg,/works/OL1952345W,True,False
BOOK00783,"Management Decision-Making, Big Data and Analytics",,2020.0,,https://covers.openlibrary.org/b/id/13192001-L.jpg,/works/OL21691722W,True,False
BOOK00784,Business ethics,,2007.0,,https://covers.openlibrary.org/b/id/1087141-L.jpg,/works/OL2682213W,True,False
BOOK00785,DECISION MAKING,,1979.0,,https://covers.openlibrary.org/b/id/18888-L.jpg,/works/OL269836W,True,False
BOOK00786,Data Analytics and Decision Making,"Data analytics is a rapidly evolving field. In today's labour market, knowing how to acquire, process, and interpret large amounts of data to make optimal decisions is crucial for many professionals, especially those in business and engineering. This open textbook, ""a new online course"" if you will, focuses on three key concept areas: data acquisition, data processing, and decision-making models. In this course, students will be able to develop advanced knowledge and skills to acquire related data for operations of business or projects; apply quantitative literacy skills such as statistics and machine learning; and use predictive or prescriptive modeling to make timely, actionable, and meaningful decisions.",2022.0,,https://covers.openlibrary.org/b/id/12751824-L.jpg,/works/OL27777710W,True,False
BOOK00787,Multiple criteria decision making,,1982.0,,https://covers.openlibrary.org/b/id/8197589-L.jpg,/works/OL5847440W,True,False
BOOK00788,Nursing Fundamentals,,2003.0,,https://covers.openlibrary.org/b/id/1453858-L.jpg,/works/OL8525813W,True,False
BOOK00789,Fear of Missing Out,,2020.0,,https://covers.openlibrary.org/b/id/10304457-L.jpg,/works/OL20936305W,True,False
BOOK00790,Accounting for Decision Making and Control,,1995.0,,https://covers.openlibrary.org/b/id/63780-L.jpg,/works/OL283284W,True,False
BOOK00791,Accounting for managers,,2009.0,,https://covers.openlibrary.org/b/id/12880806-L.jpg,/works/OL20010511W,True,False
BOOK00792,Radical Uncertainty,"""In a changing world, forecasts and numbers usually represent bogus quantification. Kay and King tell us how to think smarter. Radical uncertainty changes the way we should think about decision-making. For over half a century economics has assumed that people behave rationally by optimizing among well-defined choices. Behavioral economics questioned how far people are rational, pointing to the cognitive biases that seem to describe actual behavior. Radical Uncertainty is a bold, paradigm-shifting book that takes us past standard and behavioral economics, completely shifting our understanding of the role economics can play in decision-making. We can never have the information required to optimize. But the failure to come to terms with this reality has led us to build our largest financial organizations, develop major policy decisions, and create business structures on shifting sands-the false belief that the numbers provided by economic models give us the answer. They don't. The best managers in the public and private sectors rely on narratives, not numbers""--",2019.0,,,/works/OL20743458W,True,False
BOOK00793,Managerial Accounting,,2010.0,,,/works/OL29071821W,True,False
BOOK00794,Business ethics,,2011.0,,https://covers.openlibrary.org/b/id/8625694-L.jpg,/works/OL15519981W,True,False
BOOK00795,Judgment and Decision-Making,,2017.0,,https://covers.openlibrary.org/b/id/9684575-L.jpg,/works/OL20770307W,True,False
BOOK00796,Holistic management,,1998.0,,https://covers.openlibrary.org/b/id/1884534-L.jpg,/works/OL1971019W,True,False
BOOK00797,Creative decision making,,1991.0,,https://covers.openlibrary.org/b/id/1889121-L.jpg,/works/OL4492622W,True,False
BOOK00798,Economics,,1954.0,,https://covers.openlibrary.org/b/id/7152477-L.jpg,/works/OL1186200W,True,False
BOOK00799,The ethical decision-making manual for helping professionals,,1998.0,,https://covers.openlibrary.org/b/id/3786326-L.jpg,/works/OL2702468W,True,False
BOOK00800,AN INTRODUCTION TO MANAGEMENT SCIENCE,,2019.0,,https://covers.openlibrary.org/b/id/8302146-L.jpg,/works/OL18083815W,True,False
BOOK00801,Financial Accounting,,2010.0,,,/works/OL29026357W,True,False
BOOK00802,Accounting,,2005.0,,https://covers.openlibrary.org/b/id/10503797-L.jpg,/works/OL21216950W,True,False
BOOK00803,Decision making and problem solving strategies,"Decision Making and Problem Solving Strategies helps readers master the processes of practical thinking which lie behind effective decision making, problem solving, and creative thinking. Using checklists, exercises and case studies, it explains key concepts such as: principles of effective thinking, how to develop a framework for decision making, how to use a simple model for making decisions and solving problems, how to sharpen up creative thinking skills, and how to develop thinking skills in the future.",2010.0,,https://covers.openlibrary.org/b/id/9593806-L.jpg,/works/OL8202449W,True,False
BOOK00804,Managerial accounting,,1976.0,,https://covers.openlibrary.org/b/id/3851505-L.jpg,/works/OL3273363W,True,False
BOOK00805,An Introduction to Management Science,"Provide your students with a sound conceptual understanding of the role that management science plays in the decision-making process with the latest edition of the book that has defined today's management science course: Anderson/Sweeney/Williams/Camm/Martin's An Introduction to Management Science: Quantitative Approaches to Decision Making, Revised 13th Edition. The trusted market leader for more than two decades, the new edition of this text now reflects the latest developments in Microsoft Office Excel 2010. All data sets, applications and screen visuals throughout this REVISED 13th Edition reflect the details of Excel 2010 to accurately prepare your students to work with today's latest spreadsheet tools. The authors continue to provide unwavering accuracy with the book's proven applications-oriented approach and timely, powerful examples. The book's hallmark problem-scenario approach introduces each quantitative technique within an applications setting. Students must apply the management science model to generate solutions and recommendations for management. A comprehensive support package offers all the written and online time-saving support you need with trusted solutions written by the text authors to ensure accuracy. Students gain an understanding of today's most useful software applications with premium online content, including online chapters, LINGO software and Excel add-ins. Student even receive a copy of the popular Microsoft Project Professional 2010 on the text's accompanying CD. Trust the world leader An Introduction to Management Science: Quantitative Approaches to Decision Making, Revised 13th Edition to provide the support your course and today's students need. The Student Essential Site PAC (Printed Access Card) that comes with the new book includes: Case Files, Example Files, Problem Files, Tutorials, Solvertable, Palisade DecisionTools (StatTools), Excel Tutorial. - Publisher.",1982.0,,https://covers.openlibrary.org/b/id/6900127-L.jpg,/works/OL13342723W,True,False
BOOK00806,Improve Your Communication Skills,"Improve Your Communication Skills shows how to improve conversations and build rapport with colleagues; hold interviews and staff appraisals; learn the skills of persuasion; give effective presentations; write emails, letters and reports; and write for the web.",2010.0,,https://covers.openlibrary.org/b/id/6441309-L.jpg,/works/OL15184542W,True,False
BOOK00807,Effective business communications,"This text now includes a prologue on the high-technology office of today and tomorrow, including international and intercultural examples. Over 400 business examples show how and how not to express ideas, and there are over 300 end-of-chapter exercises and problems, including detailed cases. There is a greatly enlarged chapter on global communications to show how international and intercultural communications affect business, and new boxed examples of written communication throughout the text. Coverage of new technology, employment-related communication topics, business reports, and oral communications has also been expanded.",1972.0,,https://covers.openlibrary.org/b/id/9834516-L.jpg,/works/OL15830350W,True,False
BOOK00808,Theories of human communication,,1978.0,,https://covers.openlibrary.org/b/id/3973862-L.jpg,/works/OL1828885W,True,False
BOOK00809,Nonviolent Communication,"An enlighting look at how peaceful communication can create compassionate connections with family, friends, and other acquaintances, this book uses stories, examples, and sample dialogues to provide solutions to communication problems both at home and in the workplace. Guidance is provided on identifying and articulating feelings and needs, expressing anger fully, and exploring the power of empathy in order to speak honestly without creating hostility, break patterns of thinking that lead to anger and depression, and communicate compassionately. These nonviolent communication skills are fully explained and can be applied to personal, professional, and political differences. Included in the new edition is information on how to compassionately connect with oneself.",1999.0,,https://covers.openlibrary.org/b/id/940686-L.jpg,/works/OL2018966W,True,False
BOOK00810,Introduction to communicative disorders,,1991.0,,https://covers.openlibrary.org/b/id/5022224-L.jpg,/works/OL1891943W,True,False
BOOK00811,Wireless communications,"As cellular telephones become commonplace business tools, interest in wireless technology is booming. This book responds to that demand with a comprehensive survey of the field, suitable for educational or technical use. Materials are drawn from academic and business sources, numerous journals, and an IEEE professional reader. Extensively illustrated, Wireless Communications is filled with examples and problems, solved step by step and clearly explained.Wireless Communications covers the design fundamentals of cellular systems, including issues of frequency reuse, channel assignments, radio propagation, and both analog and digital modulation techniques. Speech coding, channel coding, diversity, spread spectrum, and multiple access are also discussed. A separate chapter is devoted to wireless networking, including SS7 and ISDN.Beyond theory,Wireless Communications offers practical reference sections, including: * Complete technical standards for cellular, cordless telephone, and personal communications systems * International standards for Europe, the Americas, and the Asia-Pacific region * Noise figure calculations and Gaussian approximations of spread spectrum CDMA interference * Mathematical tables, identities, and the Q, erf, and erf functions * Glossary of abbreviations and acronyms * Full list of references This book is designed for use in graduate and undergraduate classrooms, but is also suitable for use by professional engineers and technicians. It can be used for both teaching and reference, and is also appropriate for the interested cellular phone consumer who wants to understand the technology.",1995.0,,https://covers.openlibrary.org/b/id/83070-L.jpg,/works/OL2462469W,True,False
BOOK00812,Data Communications and Networking,,2000.0,,https://covers.openlibrary.org/b/id/1084050-L.jpg,/works/OL35531W,True,False
BOOK00813,Corporate communication,,1994.0,,https://covers.openlibrary.org/b/id/65390-L.jpg,/works/OL2718906W,True,False
BOOK00814,Electronic communication,,1959.0,,https://covers.openlibrary.org/b/id/55367-L.jpg,/works/OL3362445W,True,False
BOOK00815,Introducing communication theory,,2000.0,,https://covers.openlibrary.org/b/id/527160-L.jpg,/works/OL60364W,True,False
BOOK00816,An introduction to communication studies,"This revised edition of a now classic text includes a new introduction by Henry Jenkins, explaining ‘Why Fiske Still Matters’ for today’s students, followed by a discussion between former Fiske students Ron Becker, Elana Levine, Darrell Newton and Pamela Wilson on the theme of ‘Structuralism and Semiotics, Fiske-Style’. Both underline the continuing relevance of this foundational text in communication studies. How can we study communication? What are the main theories and methods of approach? This classic text provides a lucid, accessible introduction to the main authorities in the field of communication studies, aimed at students coming to the subject for the first time. It outlines a range of methods of analysing examples of communication, and describes the theories underpinning them. Thus armed, the reader will be able to tease out the latent cultural meanings in such apparently simple communications as news photos or popular TV programmes, and to see them with new eyes.",2007.0,,https://covers.openlibrary.org/b/id/14428316-L.jpg,/works/OL12465170W,True,False
BOOK00817,Communication Skills,,2011.0,,https://covers.openlibrary.org/b/id/15205368-L.jpg,/works/OL21034805W,True,False
BOOK00818,Looking out/looking in,"Used by more than a million students, LOOKING OUT, LOOKING IN, Twelfth Edition, continues its outstanding tradition of combining current information with a fun, reader-friendly voice that links course topics to your everyday life. You'll discover the reasons to improve your interpersonal skills and sharpen your critical understanding of the communication process through diverse and compelling examples that illustrate how communication skills can affect both the world around us and our own lives. Improve your relationships and your future career success, with the only text that offers the tools that have been proven to build better communication skills for almost 30 years!",1974.0,,https://covers.openlibrary.org/b/id/7126821-L.jpg,/works/OL72511W,True,False
BOOK00819,Electronic communications systems,"about AM,FM,PM",1988.0,,https://covers.openlibrary.org/b/id/1115599-L.jpg,/works/OL891212W,True,False
BOOK00820,The slave community,"This volume is one of the first historical studies of slavery in the United States to be presented from the perspective of the enslaved. This work contradicted those historians who had interpreted history to suggest that African American slaves were docile and submissive who enjoyed the benefits of a paternalistic master-slave relationship on Southern plantations. Using psychology, the author analyzes fugitive slave narratives published in the 19th century to conclude that an independent culture developed among the enslaved and that there were a variety of personality types exhibited by slaves. He asserts that by concentrating on the slave owner, historians have presented a distorted view of plantation life that ""strips the slave of any meaningful and distinctive culture, family life, religion, or manhood."" ""The plantation was a battlefield where slaves fought masters for physical and psychological survival. Although unlettered, unarmed, and outnumbered, slaves fought in various ways to preserve their manhood."" This impressive and original study views the institution of slavery from a new perspective- that of the slaves themselves. The author challenges the timeworn stereotype of the slave as a passive and docile creature who lacked drive, purpose, and responsibility. He traces the development of the slave's personality traits, analyzes the patterns of resistance within the slave community, and proves conclusively that the slave had a rich cultural and family life that was deliberately kept hidden from the eyes of his white masters. Unlike the many accounts that deal with slavery from the outside, this book ventures inside the slave quarters to re-capture the slave's family life, music, religion, and folklore. Using a variety of sources, including the memoirs of former slaves, the author examines the ways that blacks became enslaved, their process of acculturation in the American South, and their deep ties to their African heritage. He shows how the slave was able to control parts of his own life while often wearing the mask of submissiveness required by the harsh realities of the plantation regime. The author draws upon psychological and sociological insights to reinterpret master-slave relationships. He includes the planter's viewpoint and the traveler's impression to create a dimensional portrait of plantation life that effectively separates mythology from historical reality. -- from Book Jacket. The personality and culture of the plantation slave are investigated from black autobiographies and other historical sources.",1972.0,,https://covers.openlibrary.org/b/id/120872-L.jpg,/works/OL6808599W,True,False
BOOK00821,Human communication,,1974.0,,https://covers.openlibrary.org/b/id/4508955-L.jpg,/works/OL137703W,True,False
BOOK00822,Business Communication,,1993.0,,https://covers.openlibrary.org/b/id/6716431-L.jpg,/works/OL1826023W,True,False
BOOK00823,Communicating effectively,,1986.0,,https://covers.openlibrary.org/b/id/4060869-L.jpg,/works/OL2649638W,True,False
BOOK00824,Communication between cultures,,1991.0,,https://covers.openlibrary.org/b/id/4036878-L.jpg,/works/OL30296W,True,False
BOOK00825,Imagined communities,315 p,1983.0,,https://covers.openlibrary.org/b/id/652236-L.jpg,/works/OL1702855W,True,False
BOOK00826,A First Look at Communication Theory,,1991.0,,https://covers.openlibrary.org/b/id/7897816-L.jpg,/works/OL34013W,True,False
BOOK00827,Today's isms,"Discusses the historical background, psychological roots, strengths, weaknesses, practices, evolution, and future of these political systems.",1954.0,,https://covers.openlibrary.org/b/id/12727201-L.jpg,/works/OL59775W,True,False
BOOK00828,Interplay,1 v. (various pagings) : 26 cm,1980.0,,https://covers.openlibrary.org/b/id/3967691-L.jpg,/works/OL15287239W,True,False
BOOK00829,Interpersonal communication,,1988.0,,https://covers.openlibrary.org/b/id/3695239-L.jpg,/works/OL66051W,True,False
BOOK00830,Business communication today,"Teaches business communication, focusing on essential communication skills and practical, realistic assignments; also show students the reasons for effective business communication through real-world company examples and real-life business situations.",1989.0,,https://covers.openlibrary.org/b/id/7134604-L.jpg,/works/OL7946239W,True,False
BOOK00831,Fashion as communication,"What kinds of things do fashion and clothing say about us? If we wear Donna Karan, Moschino, Gaultier or Westwood, what statements do we make? Are there any real differences between Punk and the New Look? In Fashion as Communication Malcolm Barnard introduces fashion and clothing as a way of communicating class, gender, sexuality and social identities. This interdisciplinary work clearly analyses how fashion and clothing have been understood as modern and postmodern phenomena. Drawing on the theoretical approaches to culture, in particular those of Simmel, Derrida, Baudrillard and Jameson, the author assesses the consequences of postmodernism for fashion as a mode of communication. Concepts such as class, gender, reproduction and resistance are explored in a clear and concise manner and further reading on each subject is detailed.",1996.0,,https://covers.openlibrary.org/b/id/3815923-L.jpg,/works/OL1891342W,True,False
BOOK00832,Communication,,1995.0,,https://covers.openlibrary.org/b/id/6822321-L.jpg,/works/OL15859698W,True,False
BOOK00833,Visual Communication,"Visual communication is just as important as verbal communication, if not more important. VISUAL COMMUNICATION: IMAGES WITH MESSAGES shows you how visual perception is used in all forms of communication, whether it's graphic design, photography, television, video, or interactive media. And because it's packed with study and review tools, this communications textbook not only clearly explains the theories you need to know, it helps you prepare for tests and will help you succeed in the class.",1995.0,,https://covers.openlibrary.org/b/id/365063-L.jpg,/works/OL2972446W,True,False
BOOK00834,Electronic communication systems,,2002.0,,https://covers.openlibrary.org/b/id/1453722-L.jpg,/works/OL3339807W,True,False
BOOK00835,Digital communications,,1983.0,,https://covers.openlibrary.org/b/id/56245-L.jpg,/works/OL2706143W,True,False
BOOK00836,"Communication Skills, Second Edition",,2015.0,,https://covers.openlibrary.org/b/id/13709732-L.jpg,/works/OL21287977W,True,False
BOOK00837,Digital and analog communication systems,,1983.0,,https://covers.openlibrary.org/b/id/1108044-L.jpg,/works/OL3282137W,True,False
BOOK00838,Technical Communication,"*Technical Communication* offers complete coverage of technical communication, business communication, and professional writing in a user-friendly writing style. The topics move from basic foundational concepts, to chapters on research, visuals, style, document design, usability, and finally to specific documents (basic workplace correspondence to more complex documents, technologies, and oral presentations). The appendix includes thorough coverage of MLA, APA, and CSE (Council of Science Editors) documentation styles, and a handbook of grammar, mechanics, and usage. All descriptions of and instructions for creating technical documents are accompanied by clear, annotated model documents. In addition, graphic illustrations appear throughout the book to make abstract concepts easy to understand. Checklists and Projects provide plentiful opportunities to learn and reinforce chapter topics.",2000.0,,https://covers.openlibrary.org/b/id/2382521-L.jpg,/works/OL2659167W,True,False
BOOK00839,Communicating with strangers,,1984.0,,https://covers.openlibrary.org/b/id/4945892-L.jpg,/works/OL1834976W,True,False
BOOK00840,Communication Theories,,2001.0,,https://covers.openlibrary.org/b/id/14415653-L.jpg,/works/OL1867753W,True,False
BOOK00841,Nonverbal communication in human interaction,,1972.0,,https://covers.openlibrary.org/b/id/1274942-L.jpg,/works/OL2921027W,True,False
BOOK00842,Business and administrative communication,,1989.0,,https://covers.openlibrary.org/b/id/5445247-L.jpg,/works/OL2647816W,True,False
BOOK00843,The media of mass communication 11th edition,,1991.0,,https://covers.openlibrary.org/b/id/138233-L.jpg,/works/OL1918254W,True,False
BOOK00844,Nonverbal Communication,,1972.0,,https://covers.openlibrary.org/b/id/4607668-L.jpg,/works/OL4450656W,True,False
BOOK00845,Modern digital and analogue communication systems,ABOUT SIGNALS,1983.0,,https://covers.openlibrary.org/b/id/123570-L.jpg,/works/OL1841854W,True,False
BOOK00846,Business communication,,2001.0,,https://covers.openlibrary.org/b/id/1084633-L.jpg,/works/OL2647815W,True,False
BOOK00847,Gendered Lives,,1993.0,,https://covers.openlibrary.org/b/id/365050-L.jpg,/works/OL37777W,True,False
BOOK00848,The dynamics of mass communication,,1983.0,,https://covers.openlibrary.org/b/id/4173899-L.jpg,/works/OL25943W,True,False
BOOK00849,History Of Communication Study,,1994.0,,https://covers.openlibrary.org/b/id/19118-L.jpg,/works/OL718009W,True,False
BOOK00850,Satellite communications,,1986.0,,https://covers.openlibrary.org/b/id/4143467-L.jpg,/works/OL5097833W,True,False
BOOK00851,Communication 2000,,2001.0,,https://covers.openlibrary.org/b/id/5062974-L.jpg,/works/OL8346455W,True,False
BOOK00852,The changing face of western communism,,1980.0,,,/works/OL20690760M,True,False
BOOK00853,Communicating at work,"Highly regarded for its clarity, wealth of examples, and practical suggestions, this successful text offers a comprehensive look at oral communication in business and professional settings -- from preparing and delivering presentations to interviewing, from group problem-solving to interpersonal communication in the workplace. This fifth edition includes streamlined chapters on negotiating, interviewing, and running effective meetings. In addition, special attention has been given to gender issues in the workplace, including recent research on the different approaches men and women take to dealing with conflict. - Back cover.",1983.0,,https://covers.openlibrary.org/b/id/10934171-L.jpg,/works/OL72508W,True,False
BOOK00854,Multimedia communications,,2000.0,,https://covers.openlibrary.org/b/id/1141865-L.jpg,/works/OL2960008W,True,False
BOOK00855,Mass communication theory,,1994.0,,https://covers.openlibrary.org/b/id/4664431-L.jpg,/works/OL470061W,True,False
BOOK00856,Emotional Intelligence,"¿Por qué algunas personas parecen dotadas de un don especial que les permite vivir bien, aunque no sean las que más se destacan por su inteligencia? ¿Por qué no siempre el alumno más inteligente termina siendo el más exitoso? ¿Por qué unos son más capaces que otros para enfrentar contratiempos, superar obstáculos y ver las dificultades bajo una óptica distinta? El libro demuestra cómo la inteligencia emocional puede ser fomentada y fortalecida en todos nosotros, y cómo la falta de la misma puede influir en el intelecto o arruinar una carrera. La inteligencia emocional nos permite tomar conciencia de nuestras emociones, comprender los sentimientos de los demás, tolerar las presiones y frustraciones que soportamos en el trabajo, acentuar nuestra capacidad de trabajar en equipo y adoptar una actitud empática y social, que nos brindará mayores posibilidades de desarrollo personal.",1995.0,,https://covers.openlibrary.org/b/id/1359485-L.jpg,/works/OL1878267W,True,False
BOOK00857,Emotional Intelligence 2.0,"In today's fast-paced world of competitive workplaces and turbulent economic conditions, each of us is searching for effective tools that can help us to manage, adapt, and strike out ahead of the pack. By now, emotional intelligence (EQ) needs little introduction—it's no secret that EQ is critical to your success. But knowing what EQ is and knowing how to use it to improve your life are two very different things. Emotional Intelligence 2.0 delivers a step-by-step program for increasing your EQ via four core EQ skills that enable you to achieve your fullest potential:1) Self-Awareness2) Self-Management3) Social Awareness4) Relationship ManagementYour purchase of Emotional Intelligence 2.0 includes online access to the Emotional Intelligence Appraisal test.To take the test:1) Go to www.TalentSmart.com/supportform and request your unique code2) Visit www.TalentSmart.com/test 3) Click on the ""I'M READY"" button, then sign in using your unique passcode",2009.0,,https://covers.openlibrary.org/b/id/11123603-L.jpg,/works/OL15189300W,True,False
BOOK00858,Emotional Intelligence,,2019.0,,https://covers.openlibrary.org/b/id/13262112-L.jpg,/works/OL29984714W,True,False
BOOK00859,Working with Emotional Intelligence,Do you want to be more successful at work? Do you want to improve your chances of promotion? Do you want to get on better with your colleagues? Daniel Goleman draws on unparalleled access to business leaders around the world and the thorough research that is his trademark. He demonstrates that emotional intelligence at work matters twice as much as cognitive abilities such as IQ or technical expertise in this inspiring sequel.,1998.0,,https://covers.openlibrary.org/b/id/6426034-L.jpg,/works/OL1878297W,True,False
BOOK00860,Emotional Intelligence,"Christine Wilding offers a guide to emotional intelligence for all areas of your life, from personal awareness to social and personal relationships. She takes Daniel Goleman's revolutionary psychological theory and transforms it into practical self-help to aid readers in boosting their emotional awareness.",2007.0,,https://covers.openlibrary.org/b/id/11437149-L.jpg,/works/OL21146285W,True,False
BOOK00861,Emotional development and emotional intelligence,"With this groundbreaking volume, invited contributors present cutting-edge research on emotions and emotional development in a manner useful to educators, psychologists, and anyone interested in the unfolding of emotions during childhood. In recent years, innovative schools have developed courses in ""emotional literacy"" that focus on conflict resolution, social problem solving, and decision making; these classes teach children how to understand and manage their feelings and how to get along with one another. This unique book links theory and practice by juxtaposing scientific explanations of emotion with short commentaries from educators who elaborate on how these advances can be put to use in the classroom. Accessible and enlightening, Emotional Development and Emotional Intelligence provides ample evidence about emotional intelligence as well as sound information on the potential efficacy of educational programs based on this idea.",1997.0,,https://covers.openlibrary.org/b/id/1237779-L.jpg,/works/OL18242646W,True,False
BOOK00862,Emotional Intelligence : How to Improve Emotional Intelligence,,2021.0,,,/works/OL30933400W,True,False
BOOK00863,Great emotional intelligence,"""The books in this bite-sized new series contain no complicated techniques or tricky materials, making them ideal for the busy, the time-pressured or the merely curious. Great Emotional Intelligence is a short, simple and to-the-point guide to changing your life by understanding your feelings and their impact on those around you."" --Publisher description.",2011.0,,https://covers.openlibrary.org/b/id/12291731-L.jpg,/works/OL26285688W,True,False
BOOK00864,Emotional intelligence,"A guide that how you can improve your personal and professional relationships, your health, your children's prospects and more. Includes exercises, case studies and useful tips.",2012.0,,https://covers.openlibrary.org/b/id/10431006-L.jpg,/works/OL22063067W,True,False
BOOK00865,The brain and emotional intelligence,,2011.0,,,/works/OL32221205W,True,False
BOOK00866,Emotional Intelligence Habits,,2023.0,,https://covers.openlibrary.org/b/id/15100928-L.jpg,/works/OL35744456W,True,True
BOOK00867,Raising your emotional intelligence,,1997.0,,https://covers.openlibrary.org/b/id/579893-L.jpg,/works/OL2639523W,True,False
BOOK00868,Building emotional intelligence,"""What's the most important piece of your child's educational experience? If you think it's math, science or reading you might be overlooking an element that is fast becoming essential in today's stressful world - the capacity known as inner resilience. In Building Emotional Intelligence, pioneering educator Linda Lantieri joins forces with renowned psychologist Daniel Goleman to help children respond to and rebound from the challenges unique to the 21st century. How? Through a breakthrough, step-by-step guide that teaches children how to quiet their minds, calm their bodies and manage their emotions more skilfully.""--BOOK JACKET.",2008.0,,https://covers.openlibrary.org/b/id/7394129-L.jpg,/works/OL3257453W,True,False
BOOK00869,Emotional intelligence 101,"As the first science-based introduction to the topic, this latest addition to The Psych 101 Series discusses one of the most pivotal new psychological concepts of the 21st century: emotional intelligence (El). The text provides an even-handed appraisal of those aspects of El that have been substantiated by scientific evidence and those areas that require more rigorous scrutiny. It explores the promise of El regarding the treatment of mental illness and the enhancement of normal functioning while examining conceptual and empirical tests that must be satisfied before El can be accepted as a major new aspect of individual differences. The text identifies two different pathways of research-one concerned with El as a true ability, the other viewing El as more akin to a personality trait. It examines the role of personality traits in emotional functioning and considers strategies for assessing El as an ability using objectively scored tests, along with potential pitfalls to conducting valid research, The implications and consequences of both high and low El regarding functioning in real life are discussed, including the relationship of El to psychopathology. The book also surveys and evaluates training programs directed toward improving emotional functioning in the classroom and the workplace, and assesses those improvements in research methods that are needed. Discusses how El can improve learning in school and enhance important work skills such as communication and teamwork. Covers key research issues, including methods for measuring El, its overlap with conventional ability and personality traits, and the validity of testing for El. Reviews applied studies and the contributions that research on El may make to address real-world personal and societal problems. Examines the main conceptual, measurement, and research issues identified in various lines of research, most conducted within the last 10 years. Designed for use by both students and practitioners --Book Jacket.",2011.0,,https://covers.openlibrary.org/b/id/12741458-L.jpg,/works/OL16176740W,True,False
BOOK00870,Emotional Intelligence : 3 Books in 1,,2019.0,,https://covers.openlibrary.org/b/id/13252600-L.jpg,/works/OL30109045W,True,False
BOOK00871,Primal leadership : realizing the power of emotional intelligence,Annotation.,2002.0,,https://covers.openlibrary.org/b/id/834766-L.jpg,/works/OL18169182W,True,False
BOOK00872,Emotional intelligence,,2007.0,,https://covers.openlibrary.org/b/id/11323145-L.jpg,/works/OL9449984W,True,False
BOOK00873,Emotional Intelligence,,2019.0,,,/works/OL29879455W,True,False
BOOK00874,Emotional intelligence,,2005.0,,https://covers.openlibrary.org/b/id/686449-L.jpg,/works/OL19386837W,True,False
BOOK00875,Who's Talking?,,2025.0,,https://covers.openlibrary.org/b/id/15101163-L.jpg,/works/OL42452378W,True,False
BOOK00876,Emotional Intelligence,,2019.0,,https://covers.openlibrary.org/b/id/13893546-L.jpg,/works/OL29915337W,True,False
BOOK00877,Emotional Intelligence for Dummies,Annotation,2009.0,,https://covers.openlibrary.org/b/id/8644416-L.jpg,/works/OL17000415W,True,False
BOOK00878,Emotional Intelligence at Work,,2000.0,,https://covers.openlibrary.org/b/id/1432215-L.jpg,/works/OL5969315W,True,False
BOOK00879,The emotional intelligence quick book,,2005.0,,https://covers.openlibrary.org/b/id/474880-L.jpg,/works/OL5844673W,True,False
BOOK00880,Emotional intelligence at work,"""If you think analytical skills, company loyalty, or even competence is the key to success in the workplace, it's time to think again. Most experts now agree that those who climb the corporate ladder most quickly are those who possess a high degree of emotional intelligence. Simply put, emotional intelligence (EI) is the ability to make your emotions work for you by using them in ways that produce the results you want. And the good news is that, unlike IQ and other traditional measures of intelligence, EI can be developed and dramatically increased."" ""Aside from showing individuals how they can get ahead by applying emotional intelligence in the workplace, Dr. Weisinger also explains how businesses can benefit through the application of EI on a company-wide basis.""--BOOK JACKET.",1998.0,,https://covers.openlibrary.org/b/id/548268-L.jpg,/works/OL468928W,True,False
BOOK00881,The language of emotional intelligence,"Groundbreaking strategies to improve your relationships and build rapport by tapping into the secrets of emotional intelligenceMany communication books rely on right-brain thinking to help you improve your relationships. But this method fails in the heat of the moment, when your emotions take over and feelings end up being hurt. In this book, expert Jeanne Segal, Ph.D., marries emotional intelligence with healthy communication skills to help you interact more effectively with family, friends, and coworkers. She offers groundbreaking tools for remaining calm and focused during heated discussions, as well as tips and exercises on raising your own emotional intelligence, reading others' emotional intelligence, and how to use non-verbal cues wisely.",2008.0,,https://covers.openlibrary.org/b/id/5345130-L.jpg,/works/OL2639519W,True,False
BOOK00882,HBR's 10 must reads on emotional intelligence,"In his defining work on emotional intelligence, Dan Goleman has found that it is twice as important as other competencies in determining outstanding leadership. If you read nothing else on emotional intelligence, read these 10 articles. We've combed through hundreds of articles in the Harvard Business Review archive and selected the most important ones to help you monitor and manage your emotions - and boost your success.",2015.0,,https://covers.openlibrary.org/b/id/13048365-L.jpg,/works/OL20032966W,True,False
BOOK00883,Selling with emotional intelligence,,2003.0,,https://covers.openlibrary.org/b/id/558740-L.jpg,/works/OL5827035W,True,False
BOOK00884,Teaching with emotional intelligence,,2005.0,,https://covers.openlibrary.org/b/id/1217842-L.jpg,/works/OL5816970W,True,False
BOOK00885,Emotional intelligence,"""Emotional Intelligence: An Educator's Guide features a study on the Relationship Between Emotional Intelligence and Reading Comprehension in High School Students with Learning Disabilities, and resources that can be used in the classroom. Written for administrators, teachers, and resource professionals, this book is designed for anyone who works with children or who may serve in an administrative capacity. This book is designed to assist in enhancing or developing an understanding of emotional intelligence and its implications for the classroom, the workplace and church. Additionally, this book is designed to help us gain insight into our own emotions as we strive to make a difference in our own lives as well as others. Join me as we explore the Relationship Between Emotional Intelligence and Reading Comprehension in High School Students with Learning Disabilities and consider various strategies that can be implemented in the classroom as well outside of the classroom."" from ""About the Book"" before the Introduction.",2011.0,,https://covers.openlibrary.org/b/id/10983319-L.jpg,/works/OL24424813W,True,False
BOOK00886,Achieving emotional literacy,,1997.0,,https://covers.openlibrary.org/b/id/1189847-L.jpg,/works/OL2682877W,True,False
BOOK00887,HBR Guide to Emotional Intelligence,,2017.0,,https://covers.openlibrary.org/b/id/8850497-L.jpg,/works/OL20200501W,True,False
BOOK00888,Manipulation Techniques,,2020.0,,,/works/OL21979366W,True,False
BOOK00889,Emotional Intelligence,,2019.0,,https://covers.openlibrary.org/b/id/10490525-L.jpg,/works/OL22707381W,True,False
BOOK00890,Emotional Intelligence (Life Balance),"Provides information that allows readers to judge how well they handle their emotions, and presents a set of interpersonal skills that may be developed and applied to everyday situations.",2004.0,,https://covers.openlibrary.org/b/id/1271635-L.jpg,/works/OL8005018W,True,False
BOOK00891,Bedtime Stories For Kids,,2020.0,,https://covers.openlibrary.org/b/id/11242941-L.jpg,/works/OL24585420W,True,False
BOOK00892,What we know about emotional intelligence,"Emotional intelligence (or E.I.) is the ability to perceive, regulate, and communicate emotions, to understand emotions in ourselves and others. It has been the subject of best-selling books, magazine cover stories, and countless media mentions. It has been touted as a solution for problems ranging from relationship issues to the inadequacies of local schools. But the media hype has far outpaced the scientific research on emotional intelligence. In this book about emotional intelligence, three experts who are actively involved in research into E.I. offer a state of the art account of E.I. in theory and practice. They tell us what we know about E.I. based not on anecdote or wishful thinking but on science. E.I. promises a new means for achieving success and personal happiness. Coaches and consultants offer E.I. training and administer E.Q. tests, despite the lack of any agreement on how to measure E.I., the usefulness of testing for E.I., and even how to define E.I. This book looks at current knowledge about E.I. with the goal of translating it into practical recommendations in work, school, social, and psychological contexts. The authors discuss what is (and what isn't) E.I., why the concept has such appeal today, how E.I. develops, and the usefulness of E.I. in the real world, in school curricula, the workplace, and treating psychological dysfunction.",2009.0,,https://covers.openlibrary.org/b/id/6808936-L.jpg,/works/OL15845896W,True,False
BOOK00893,Applying emotional intelligence,"Providing information on emotional intelligence (EI) and its application, using rigorous, scientific findings by leading researchers in the field, this book will be of interest to a wide variety of practitioners, including those interested in developing EI in organizations, health areas, and school-age populations.",2007.0,,https://covers.openlibrary.org/b/id/12787064-L.jpg,/works/OL18208464W,True,False
BOOK00894,Change Your Life With Emotional Intelligence,,2010.0,,https://covers.openlibrary.org/b/id/7655196-L.jpg,/works/OL17476520W,True,False
BOOK00895,Emotional Intelligence Mastery 2. 0,,2019.0,,https://covers.openlibrary.org/b/id/13495399-L.jpg,/works/OL29966293W,True,False
BOOK00896,La iInteligencia emocional,,2013.0,,https://covers.openlibrary.org/b/id/12483254-L.jpg,/works/OL19968778W,True,False
BOOK00897,Emotional Intelligence,,1998.0,,,/works/OL26457481W,True,False
BOOK00898,Emotional Intelligence,,2001.0,,https://covers.openlibrary.org/b/id/2072166-L.jpg,/works/OL4792964W,True,False
BOOK00899,Emotional Intelligence,,2019.0,,,/works/OL26797363W,True,False
BOOK00900,Master Your Emotions,,2019.0,,https://covers.openlibrary.org/b/id/13938169-L.jpg,/works/OL30180717W,True,False
BOOK00901,Emotional Intelligence,,2002.0,,https://covers.openlibrary.org/b/id/1105668-L.jpg,/works/OL21376425W,True,False
BOOK00902,Communicate with emotional intelligence,,2001.0,,https://covers.openlibrary.org/b/id/2056066-L.jpg,/works/OL20865064W,True,False
BOOK00903,Emotional Intelligence Secrets,,2019.0,,,/works/OL30341441W,True,False
BOOK00904,The Science of Self Talk,,2018.0,,https://covers.openlibrary.org/b/id/11940340-L.jpg,/works/OL24996453W,True,False
BOOK00905,Primal Leadership,"Examines the role of emotional intelligence in leadership, presenting actual CEOs and managers as examples and describing a process that helps leaders inspire and motivate, increase performance, and lead resonantly.",2004.0,,https://covers.openlibrary.org/b/id/863982-L.jpg,/works/OL17050165W,True,False
BOOK00906,Innovation Management,,1997.0,,https://covers.openlibrary.org/b/id/125315-L.jpg,/works/OL2645903W,True,False
BOOK00907,Innovation Management and New Product Development,,1998.0,,https://covers.openlibrary.org/b/id/154383-L.jpg,/works/OL8925397W,True,False
BOOK00908,Strategic Innovation Management,,2014.0,,https://covers.openlibrary.org/b/id/9013017-L.jpg,/works/OL20347506W,True,False
BOOK00909,Innovation Management,,2010.0,,https://covers.openlibrary.org/b/id/9353756-L.jpg,/works/OL20682093W,True,False
BOOK00910,Creativity and strategic innovation management,,2012.0,,,/works/OL16499568W,True,False
BOOK00911,Innovation Management,"""Innovation is the means by which organizations survive and thrive in uncertain and turbulent conditions. Innovation management has become a well-established field of research, teaching and practice, with a substantial literature. As a broad-based research field, contributions stem from an array of perspectives including science, economics, engineering and psychology. Innovation is crucial for economic and social progress, and it needs to be managed in order to be beneficial. Innovation Management: A Research Overview provides a concise introduction to the best research on innovation management. It covers four main themes: foundational studies, key concepts and frameworks, important empirical studies, and current and emerging themes. The research discussed includes classic studies, with core insights in the field, key thinking on strategies and processes for innovation, well-established and novel research methods, and issues of greatest contemporary importance. This shortform book provides direction through the maze of research on the nature, processes and outcomes of innovation management, and provides an invaluable introduction to the literature on innovation management for students and professionals.""--Provided by publisher",2016.0,,,/works/OL21329984W,True,False
BOOK00912,The Oxford Handbook Of Innovation Management,,2013.0,,https://covers.openlibrary.org/b/id/7850006-L.jpg,/works/OL17574516W,True,False
BOOK00913,Innovation management,,2005.0,,https://covers.openlibrary.org/b/id/1743550-L.jpg,/works/OL23935457W,True,False
BOOK00914,Best Practice,"Bringing together practitioners and researchers in this field, this book highlights best practice in business innovation. The book uses real-life examples from major companies such as Kodak, Nissan, Exxon, Lever Brothers and Ford Motors.",1999.0,,https://covers.openlibrary.org/b/id/1400254-L.jpg,/works/OL465452W,True,False
BOOK00915,The Innovator's Dilemma,"In his book, The Innovator's Dilemma [3], Professor Clayton Christensen of Harvard Business School describes a theory about how large, outstanding firms can fail ""by doing everything right."" The Innovator's Dilemma, according to Christensen, describes companies whose successes and capabilities can actually become obstacles in the face of changing markets and technologies. ([Source][1]) This book takes the radical position that great companies can fail precisely because they do everything right. It demonstrates why outstanding companies that had their competitive antennae up, listened astutely to customers, and invested aggressively in new technologies still lost their market leadership when confronted with disruptive changes in technology and market structure. And it tells how to avoid a similar fate. Using the lessons of successes and failures of leading companies, The Innovator's Dilemma presents a set of rules for capitalizing on the phenomenon of disruptive innovation. These principles will help managers determine when it is right not to listen to customers, when to invest in developing lower-performance products that promise lower margins, and when to pursue small markets at the expense of seemingly larger and more lucrative ones. - Jacket flap. [1]: http://web.mit.edu/6.933/www/Fall2000/teradyne/clay.html",1997.0,,https://covers.openlibrary.org/b/id/9274687-L.jpg,/works/OL1999873W,True,False
BOOK00916,SAP Billing and Revenue Innovation Management,,2019.0,,https://covers.openlibrary.org/b/id/13248171-L.jpg,/works/OL26506232W,True,False
BOOK00917,Innovation Management:,,2021.0,,,/works/OL25771500W,True,False
BOOK00918,Creativity for innovation management,,2017.0,,,/works/OL19720864W,True,False
BOOK00919,Innovation management,,2007.0,,https://covers.openlibrary.org/b/id/1429604-L.jpg,/works/OL19810431W,True,False
BOOK00920,Innovation Management,,2007.0,,https://covers.openlibrary.org/b/id/2346991-L.jpg,/works/OL9370066W,True,False
BOOK00921,Revolution of Innovation Management,,2016.0,,https://covers.openlibrary.org/b/id/10091640-L.jpg,/works/OL20796447W,True,False
BOOK00922,Innovation management and new product development,,2011.0,,,/works/OL15992120W,True,False
BOOK00923,Global innovation management,,2008.0,,https://covers.openlibrary.org/b/id/10217384-L.jpg,/works/OL9159422W,True,False
BOOK00924,Product Innovation Management,,2021.0,,https://covers.openlibrary.org/b/id/12444923-L.jpg,/works/OL25323500W,True,False
BOOK00925,Innovation Management,,2015.0,,,/works/OL37605766W,True,False
BOOK00926,Contextual Innovation Management,,2020.0,,https://covers.openlibrary.org/b/id/12439491-L.jpg,/works/OL20735054W,True,False
BOOK00927,Routledge Companion to Innovation Management,,2019.0,,,/works/OL21313457W,True,False
BOOK00928,Corporate Foresight and Innovation Management,,2019.0,,https://covers.openlibrary.org/b/id/12398056-L.jpg,/works/OL22146172W,True,False
BOOK00929,Technology and Innovation Management,,2020.0,,,/works/OL27417013W,True,False
BOOK00930,Encyclopedia of technology and innovation management,"This volume focuses on the relatively young field of technology and innovation management, which is of growing interest to academics, students and practitioners as they engage more in questions surrounding the origin of innovation and the impact of changing technologies.",2010.0,,,/works/OL15999566W,True,False
BOOK00931,Information for Innovation,,1998.0,,https://covers.openlibrary.org/b/id/130253-L.jpg,/works/OL2670129W,True,False
BOOK00932,Innovation and Entrepreneurship,"The first book to present innovation and entrepreneurship as purposeful and systematic discipline which explains and analyzes the challenges and opportunities of America's new entrepreneurial economy. A superbly practical book that explains what established businesses, public survey institutions, and new yentures have to know, have to learn, and have to do in today's economy and marketplace.",1985.0,,https://covers.openlibrary.org/b/id/5397438-L.jpg,/works/OL272925W,True,False
BOOK00933,Innovative management of atrial fibrillation,,2005.0,,https://covers.openlibrary.org/b/id/1752329-L.jpg,/works/OL16960017W,True,False
BOOK00934,Crest of the Innovation Management Research Wave,,2020.0,,https://covers.openlibrary.org/b/id/13236816-L.jpg,/works/OL20750027W,True,False
BOOK00935,Innovation Management,,2025.0,,,/works/OL42405771W,True,False
BOOK00936,Intellectual property and innovation management in small firms,,2003.0,,https://covers.openlibrary.org/b/id/9736648-L.jpg,/works/OL16955755W,True,False
BOOK00937,Total Innovative Management Excellence,,2020.0,,,/works/OL20752266W,True,False
BOOK00938,"Managing research, development and innovation",,2010.0,,https://covers.openlibrary.org/b/id/9630272-L.jpg,/works/OL16960645W,True,False
BOOK00939,Innovation Management in Robot Society,,2015.0,,,/works/OL25741807W,True,False
BOOK00940,Innovative Management Education Ecosystem,,2022.0,,https://covers.openlibrary.org/b/id/14790417-L.jpg,/works/OL28345937W,True,False
BOOK00941,Evolution of Innovation Management,,2013.0,,https://covers.openlibrary.org/b/id/14252085-L.jpg,/works/OL25702678W,True,False
BOOK00942,Collaborative Leadership and Innovation,,2022.0,,,/works/OL27805541W,True,False
BOOK00943,The management of innovation,"The Management of Innovation is one of the most influential books on organization theory and industrial sociology ever written. The main question it addresses - the relationship between an organization and its market and the technological environment - continues to preoccupy researchers and managers as innovation has even greater impact on organizational structures and competitiveness. Engagingly written and wearing its scholarship lightly, the book presents the authors' now famous binary classification of 'mechanistic' or 'organic' systems. For this it has become justly famous, but the book is also a penetrating study of social systems within organizations and of organizational dynamics, covering such issues as organizational politics, the role of the chief executive and the relationship between technical staff and general managers. For this new edition, Tom Burns has written an overview of developments in organization theory and situated the book in that context.",1961.0,,https://covers.openlibrary.org/b/id/1133951-L.jpg,/works/OL3060283W,True,False
BOOK00944,Open Labs and Innovation Management,,2022.0,,,/works/OL28024985W,True,False
BOOK00945,Critical Perspectives on Innovation Management,,2021.0,,https://covers.openlibrary.org/b/id/11569606-L.jpg,/works/OL24803317W,True,False
BOOK00946,"Innovation Management and New Product Development for Engineers, Volume I",,2018.0,,https://covers.openlibrary.org/b/id/9195954-L.jpg,/works/OL20553598W,True,False
BOOK00947,Sustained Innovation Management,,2007.0,,https://covers.openlibrary.org/b/id/2336379-L.jpg,/works/OL9348378W,True,False
BOOK00948,Innovative Management and Business Practices in Asia,,2019.0,,,/works/OL26504568W,True,False
BOOK00949,Innovation Management and Growth in Emerging Economies,,2020.0,,,/works/OL26598779W,True,False
BOOK00950,Innovation Management for a Resilient Digital Economy,,2024.0,,,/works/OL42447221W,True,False
BOOK00951,Crisis Capable,,,2024.0,https://www.leadershipnow.com/leadershop/images/9708891880115.jpg,,False,True
BOOK00952,An Ordinary Man,,,2023.0,https://www.leadershipnow.com/leadershop/images/9780062684165.jpg,,False,True
BOOK00953,Don't Trust Your Gut,,,2022.0,https://www.leadershipnow.com/leadershop/images/9780062880918.jpg,,False,True
BOOK00954,Inventor of the Future,,,2022.0,https://www.leadershipnow.com/leadershop/images/9780062947222.jpg,,False,True
BOOK00955,The Way Forward,,,2022.0,https://www.leadershipnow.com/leadershop/images/9780062994073.jpg,,False,True
BOOK00956,Jump,,,2022.0,https://www.leadershipnow.com/leadershop/images/9780062999818.jpg,,False,True
BOOK00957,After Steve,,,2022.0,https://www.leadershipnow.com/leadershop/images/9780063009813.jpg,,False,True
BOOK00958,The Kingdom of Prep,,,2023.0,https://www.leadershipnow.com/leadershop/images/9780063042643.jpg,,False,True
BOOK00959,Build,,,2022.0,https://www.leadershipnow.com/leadershop/images/9780063046061.jpg,,False,True
BOOK00960,Leading with Heart,,,2022.0,https://www.leadershipnow.com/leadershop/images/9780063052932.jpg,,False,True
BOOK00961,Future Tense,,,2022.0,https://www.leadershipnow.com/leadershop/images/9780063062108.jpg,,False,True
BOOK00962,Longpath,,,2022.0,https://www.leadershipnow.com/leadershop/images/9780063068735.jpg,,False,True
BOOK00963,Next!,,,2023.0,https://www.leadershipnow.com/leadershop/images/9780063073487.jpg,,False,True
BOOK00964,The President's Man,,,2022.0,https://www.leadershipnow.com/leadershop/images/9780063074774.jpg,,False,True
BOOK00965,Burn the Boats,,,2023.0,https://www.leadershipnow.com/leadershop/images/9780063088863.jpg,,False,True
BOOK00966,Deep Purpose,,,2022.0,https://www.leadershipnow.com/leadershop/images/9780063088917.jpg,,False,True
BOOK00967,Do Hard Things,,,2022.0,https://www.leadershipnow.com/leadershop/images/9780063098619.jpg,,False,True
BOOK00968,Getting to Neutral,,,2022.0,https://www.leadershipnow.com/leadershop/images/9780063111905.jpg,,False,True
BOOK00969,The Power of Conflict,,,2022.0,https://www.leadershipnow.com/leadershop/images/9780063141094.jpg,,False,True
BOOK00970,Reunion,,,2023.0,https://www.leadershipnow.com/leadershop/images/9780063142138.jpg,,False,True
BOOK00971,Magic Words,,,2023.0,https://www.leadershipnow.com/leadershop/images/9780063204935.jpg,,False,True
BOOK00972,Deliberate Calm,,,2022.0,https://www.leadershipnow.com/leadershop/images/9780063208964.jpg,,False,True
BOOK00973,Leadership Is Overrated,,,2023.0,https://www.leadershipnow.com/leadershop/images/9780063209909.jpg,,False,True
BOOK00974,Unlocked,,,2023.0,https://www.leadershipnow.com/leadershop/images/9780063210097.jpg,,False,True
BOOK00975,How Work Works,,,2023.0,https://www.leadershipnow.com/leadershop/images/9780063224575.jpg,,False,True
BOOK00976,MoneyZen,,,2023.0,https://www.leadershipnow.com/leadershop/images/9780063247963.jpg,,False,True
BOOK00977,Master of Change,,,2023.0,https://www.leadershipnow.com/leadershop/images/9780063253162.jpg,,False,True
BOOK00978,The LEGO Story,,,2022.0,https://www.leadershipnow.com/leadershop/images/9780063258020.jpg,,False,True
BOOK00979,Lead Like a Marine,,,2023.0,https://www.leadershipnow.com/leadershop/images/9780063264373.jpg,,False,True
BOOK00980,Conflict Resilience,,,2025.0,https://www.leadershipnow.com/leadershop/images/9780063278332.jpg,,False,True
BOOK00981,Optimal,,,2024.0,https://www.leadershipnow.com/leadershop/images/9780063279766.jpg,,False,True
BOOK00982,Job Moves,,,2024.0,https://www.leadershipnow.com/leadershop/images/9780063283589.jpg,,False,True
BOOK00983,Turnaround Time,,,2023.0,https://www.leadershipnow.com/leadershop/images/9780063284289.jpg,,False,True
BOOK00984,Possible,,,2024.0,https://www.leadershipnow.com/leadershop/images/9780063286900.jpg,,False,True
BOOK00985,Good Judgment,,,2024.0,https://www.leadershipnow.com/leadershop/images/9780063293670.jpg,,False,True
BOOK00986,Inspire,,,2025.0,https://www.leadershipnow.com/leadershop/images/9780063294677.jpg,,False,True
BOOK00987,What's Next Is Now,,,2024.0,https://www.leadershipnow.com/leadershop/images/9780063294868.jpg,,False,True
BOOK00988,Learned Excellence,,,2024.0,https://www.leadershipnow.com/leadershop/images/9780063316164.jpg,,False,True
BOOK00989,Uptime,,,2024.0,https://www.leadershipnow.com/leadershop/images/9780063317444.jpg,,False,True
BOOK00990,Day Trading Attention,,,2024.0,https://www.leadershipnow.com/leadershop/images/9780063317598.jpg,,False,True
BOOK00991,How to Walk into a Room,,,2024.0,https://www.leadershipnow.com/leadershop/images/9780063328822.jpg,,False,True
BOOK00992,The Skill Code,,,2024.0,https://www.leadershipnow.com/leadershop/images/9780063337794.jpg,,False,True
BOOK00993,Win the Inside Game,,,2025.0,https://www.leadershipnow.com/leadershop/images/9780063339927.jpg,,False,True
BOOK00994,The Stress Paradox,,,2025.0,https://www.leadershipnow.com/leadershop/images/9780063345966.jpg,,False,True
BOOK00995,The Six Disciplines of Strategic Thinking,,,2024.0,https://www.leadershipnow.com/leadershop/images/9780063357969.jpg,,False,True
BOOK00996,Pivot or Die,,,2024.0,https://www.leadershipnow.com/leadershop/images/9780063374775.jpg,,False,True
BOOK00997,The Sweaty Startup,,,2025.0,https://www.leadershipnow.com/leadershop/images/9780063387621.jpg,,False,True
BOOK00998,Team Intelligence,,,2025.0,https://www.leadershipnow.com/leadershop/images/9780063399570.jpg,,False,True
BOOK00999,Never Lead Alone,,,2024.0,https://www.leadershipnow.com/leadershop/images/9780063412576.jpg,,False,True
BOOK01000,"Speak, Memorably",,,2025.0,https://www.leadershipnow.com/leadershop/images/9780063415195.jpg,,False,True
BOOK01001,The AI Con,,,2025.0,https://www.leadershipnow.com/leadershop/images/9780063418561.jpg,,False,True
BOOK01002,Unfiltered,,,2023.0,https://www.leadershipnow.com/leadershop/images/9780143461494.jpg,,False,True
BOOK01003,The CEO Mindset,,,2025.0,https://www.leadershipnow.com/leadershop/images/9780143477259.jpg,,False,True
BOOK01004,Nimitz at War,,,2022.0,https://www.leadershipnow.com/leadershop/images/9780190062361.jpg,,False,True
BOOK01005,Our Least Important Asset,,,2023.0,https://www.leadershipnow.com/leadershop/images/9780197629802.jpg,,False,True
BOOK01006,Glad We Met,,,2024.0,https://www.leadershipnow.com/leadershop/images/9780197641873.jpg,,False,True
BOOK01007,Innovators,,,2024.0,https://www.leadershipnow.com/leadershop/images/9780197745618.jpg,,False,True
BOOK01008,Emotionally Charged,,,2025.0,https://www.leadershipnow.com/leadershop/images/9780197750155.jpg,,False,True
BOOK01009,Leadership from Bad to Worse,,,2024.0,https://www.leadershipnow.com/leadershop/images/9780197759271.jpg,,False,True
BOOK01010,Liberalism's Last Man,,,2023.0,https://www.leadershipnow.com/leadershop/images/9780226821474.jpg,,False,True
BOOK01011,More Than Pretty Boxes,,,2024.0,https://www.leadershipnow.com/leadershop/images/9780226832777.jpg,,False,True
BOOK01012,The Means of Prediction,,,2025.0,https://www.leadershipnow.com/leadershop/images/9780226839530.jpg,,False,True
BOOK01013,The Unaccountability Machine,,,2025.0,https://www.leadershipnow.com/leadershop/images/9780226843087.jpg,,False,True
BOOK01014,Doing Meritocracy Right,,,2025.0,https://www.leadershipnow.com/leadershop/images/9780226844596.jpg,,False,True
BOOK01015,Generation Why,,,2023.0,https://www.leadershipnow.com/leadershop/images/9780228016878.jpg,,False,True
BOOK01016,The Entrepreneurs,,,2022.0,https://www.leadershipnow.com/leadershop/images/9780231199148.jpg,,False,True
BOOK01017,Win from Within,,,2022.0,https://www.leadershipnow.com/leadershop/images/9780231203005.jpg,,False,True
BOOK01018,Pause to Think,,,2024.0,https://www.leadershipnow.com/leadershop/images/9780231212984.jpg,,False,True
BOOK01019,Inside IBM,,,2023.0,https://www.leadershipnow.com/leadershop/images/9780231213004.jpg,,False,True
BOOK01020,Energize,,,2025.0,https://www.leadershipnow.com/leadershop/images/9780241502761.jpg,,False,True
BOOK01021,Everyday Superhero,,,2022.0,https://www.leadershipnow.com/leadershop/images/9780241502785.jpg,,False,True
BOOK01022,The Digital Multinational,,,2022.0,https://www.leadershipnow.com/leadershop/images/9780262046329.jpg,,False,True
BOOK01023,The Work of the Future,,,2022.0,https://www.leadershipnow.com/leadershop/images/9780262046367.jpg,,False,True
BOOK01024,Work without Jobs,,,2022.0,https://www.leadershipnow.com/leadershop/images/9780262046411.jpg,,False,True
BOOK01025,Productive Tensions,,,2022.0,https://www.leadershipnow.com/leadershop/images/9780262046930.jpg,,False,True
BOOK01026,Workforce Ecosystems,,,2023.0,https://www.leadershipnow.com/leadershop/images/9780262047777.jpg,,False,True
BOOK01027,Inside the Competitor's Mindset,,,2023.0,https://www.leadershipnow.com/leadershop/images/9780262047883.jpg,,False,True
BOOK01028,The Leaders You Need,,,2024.0,https://www.leadershipnow.com/leadershop/images/9780262049085.jpg,,False,True
BOOK01029,The Skills-Powered Organization,,,2024.0,https://www.leadershipnow.com/leadershop/images/9780262049238.jpg,,False,True
BOOK01030,Nudging,,,2022.0,https://www.leadershipnow.com/leadershop/images/9780262544443.jpg,,False,True
BOOK01031,Taming Silicon Valley,,,2024.0,https://www.leadershipnow.com/leadershop/images/9780262551069.jpg,,False,True
BOOK01032,Campaign of the Century,,,2022.0,https://www.leadershipnow.com/leadershop/images/9780300218268.jpg,,False,True
BOOK01033,Thomas Jefferson,,,2022.0,https://www.leadershipnow.com/leadershop/images/9780300250060.jpg,,False,True
BOOK01034,Adventurers,,,2023.0,https://www.leadershipnow.com/leadershop/images/9780300250725.jpg,,False,True
BOOK01035,Mixed Signals,,,2023.0,https://www.leadershipnow.com/leadershop/images/9780300255539.jpg,,False,True
BOOK01036,Decision Leadership,,,2022.0,https://www.leadershipnow.com/leadershop/images/9780300259698.jpg,,False,True
BOOK01037,Vienna,,,2023.0,https://www.leadershipnow.com/leadershop/images/9780300266535.jpg,,False,True
BOOK01038,We Need to Talk About Inflation,,,2023.0,https://www.leadershipnow.com/leadershop/images/9780300270471.jpg,,False,True
BOOK01039,Making Sense of Chaos,,,2024.0,https://www.leadershipnow.com/leadershop/images/9780300273779.jpg,,False,True
BOOK01040,The Corporation in the Twenty-First Century,,,2025.0,https://www.leadershipnow.com/leadershop/images/9780300280197.jpg,,False,True
BOOK01041,"Inner Mastery, Outer Impact",,,2022.0,https://www.leadershipnow.com/leadershop/images/9780306827860.jpg,,False,True
BOOK01042,Rising Together,,,2023.0,https://www.leadershipnow.com/leadershop/images/9780306828300.jpg,,False,True
BOOK01043,Team Habits,,,2023.0,https://www.leadershipnow.com/leadershop/images/9780306828331.jpg,,False,True
BOOK01044,"Bigger, Better, Bolder",,,2022.0,https://www.leadershipnow.com/leadershop/images/9780306829581.jpg,,False,True
BOOK01045,The Choice Point,,,2023.0,https://www.leadershipnow.com/leadershop/images/9780306830273.jpg,,False,True
BOOK01046,Flip Your Life,,,2024.0,https://www.leadershipnow.com/leadershop/images/9780306830877.jpg,,False,True
BOOK01047,The 12-Week MBA,,,2024.0,https://www.leadershipnow.com/leadershop/images/9780306832369.jpg,,False,True
BOOK01048,Moonshot,,,2023.0,https://www.leadershipnow.com/leadershop/images/9780306832642.jpg,,False,True
BOOK01049,Ask,,,2024.0,https://www.leadershipnow.com/leadershop/images/9780306832697.jpg,,False,True
BOOK01050,The Five Talents That Really Matter,,,2024.0,https://www.leadershipnow.com/leadershop/images/9780306833403.jpg,,False,True
BOOK01051,Dynamic Drive,,,2024.0,https://www.leadershipnow.com/leadershop/images/9780306834196.jpg,,False,True
BOOK01052,Don't Say Um,,,2025.0,https://www.leadershipnow.com/leadershop/images/9780306834509.jpg,,False,True
BOOK01053,Purposeful Curiosity,,,2022.0,https://www.leadershipnow.com/leadershop/images/9780306847363.jpg,,False,True
BOOK01054,Hangry,,,2022.0,https://www.leadershipnow.com/leadershop/images/9780306925535.jpg,,False,True
BOOK01055,The Aspiring Leader's Guide to the Future,,,2022.0,https://www.leadershipnow.com/leadershop/images/9780310124450.jpg,,False,True
BOOK01056,The Power to Change,,,2023.0,https://www.leadershipnow.com/leadershop/images/9780310362777.jpg,,False,True
BOOK01057,What to Do Next,,,2022.0,https://www.leadershipnow.com/leadershop/images/9780310366072.jpg,,False,True
BOOK01058,Your Future Self,,,2023.0,https://www.leadershipnow.com/leadershop/images/9780316421256.jpg,,False,True
BOOK01059,The Geek Way,,,2023.0,https://www.leadershipnow.com/leadershop/images/9780316436700.jpg,,False,True
BOOK01060,The Revolutionary,,,2022.0,https://www.leadershipnow.com/leadershop/images/9780316441117.jpg,,False,True
BOOK01061,Blood in the Machine,,,2023.0,https://www.leadershipnow.com/leadershop/images/9780316487740.jpg,,False,True
BOOK01062,Get It Done,,,2022.0,https://www.leadershipnow.com/leadershop/images/9780316538343.jpg,,False,True
BOOK01063,The Problem with Change,,,2024.0,https://www.leadershipnow.com/leadershop/images/9780316560276.jpg,,False,True
BOOK01064,Revenge of the Tipping Point,,,2024.0,https://www.leadershipnow.com/leadershop/images/9780316575805.jpg,,False,True
BOOK01065,Disrupt Everything-and Win,,,2025.0,https://www.leadershipnow.com/leadershop/images/9780316593946.jpg,,False,True
BOOK01066,The Chaos Machine,,,2023.0,https://www.leadershipnow.com/leadershop/images/9780316703321.jpg,,False,True
BOOK01067,A Story is a Deal,,,2025.0,https://www.leadershipnow.com/leadershop/images/9780349437231.jpg,,False,True
BOOK01068,Excessively Obsessed,,,2024.0,https://www.leadershipnow.com/leadershop/images/9780349437927.jpg,,False,True
BOOK01069,Coach K,,,2022.0,https://www.leadershipnow.com/leadershop/images/9780358345404.jpg,,False,True
BOOK01070,King,,,2023.0,https://www.leadershipnow.com/leadershop/images/9780374279295.jpg,,False,True
BOOK01071,This Is for Everyone,,,2025.0,https://www.leadershipnow.com/leadershop/images/9780374612467.jpg,,False,True
BOOK01072,Enshittification,,,2025.0,https://www.leadershipnow.com/leadershop/images/9780374619329.jpg,,False,True
BOOK01073,The Extinction of Experience,,,2024.0,https://www.leadershipnow.com/leadershop/images/9780393241716.jpg,,False,True
BOOK01074,The End of Burnout,,,2022.0,https://www.leadershipnow.com/leadershop/images/9780520344075.jpg,,False,True
BOOK01075,The Random Factor,,,2024.0,https://www.leadershipnow.com/leadershop/images/9780520390966.jpg,,False,True
BOOK01076,May Contain Lies,,,2024.0,https://www.leadershipnow.com/leadershop/images/9780520405851.jpg,,False,True
BOOK01077,The Power Law,,,2022.0,https://www.leadershipnow.com/leadershop/images/9780525559993.jpg,,False,True
BOOK01078,The Bill of Obligations,,,2023.0,https://www.leadershipnow.com/leadershop/images/9780525560654.jpg,,False,True
BOOK01079,Mark Twain,,,2025.0,https://www.leadershipnow.com/leadershop/images/9780525561729.jpg,,False,True
BOOK01080,The Secret to Transformational Leadership,,,2022.0,https://www.leadershipnow.com/leadershop/images/9780578376943.jpg,,False,True
BOOK01081,Power Failure,,,2022.0,https://www.leadershipnow.com/leadershop/images/9780593084168.jpg,,False,True
BOOK01082,Clear Thinking,,,2023.0,https://www.leadershipnow.com/leadershop/images/9780593086117.jpg,,False,True
BOOK01083,Mind Shift,,,2023.0,https://www.leadershipnow.com/leadershop/images/9780593137413.jpg,,False,True
BOOK01084,The Gift of Influence,,,2022.0,https://www.leadershipnow.com/leadershop/images/9780593138632.jpg,,False,True
BOOK01085,Presidents at War,,,2025.0,https://www.leadershipnow.com/leadershop/images/9780593183137.jpg,,False,True
BOOK01086,John Quincy Adams,,,2024.0,https://www.leadershipnow.com/leadershop/images/9780593187241.jpg,,False,True
BOOK01087,Partnering,,,2022.0,https://www.leadershipnow.com/leadershop/images/9780593189542.jpg,,False,True
BOOK01088,How Minds Change,,,2022.0,https://www.leadershipnow.com/leadershop/images/9780593190296.jpg,,False,True
BOOK01089,From Strength to Strength,,,2022.0,https://www.leadershipnow.com/leadershop/images/9780593191484.jpg,,False,True
BOOK01090,"Right Thing, Right Now",,,2024.0,https://www.leadershipnow.com/leadershop/images/9780593191712.jpg,,False,True
BOOK01091,Wisdom Takes Work,,,2025.0,https://www.leadershipnow.com/leadershop/images/9780593191736.jpg,,False,True
BOOK01092,Never Enough,,,2023.0,https://www.leadershipnow.com/leadershop/images/9780593191866.jpg,,False,True
BOOK01093,How Basketball Can Save the World,,,2023.0,https://www.leadershipnow.com/leadershop/images/9780593234907.jpg,,False,True
BOOK01094,You Owe You,,,2022.0,https://www.leadershipnow.com/leadershop/images/9780593234983.jpg,,False,True
BOOK01095,Build for Tomorrow,,,2022.0,https://www.leadershipnow.com/leadershop/images/9780593235386.jpg,,False,True
BOOK01096,Mindreader,,,2022.0,https://www.leadershipnow.com/leadershop/images/9780593236185.jpg,,False,True
BOOK01097,The Earned Life,,,2022.0,https://www.leadershipnow.com/leadershop/images/9780593237274.jpg,,False,True
BOOK01098,Burn Rate,,,2022.0,https://www.leadershipnow.com/leadershop/images/9780593238264.jpg,,False,True
BOOK01099,Crash Landing,,,2023.0,https://www.leadershipnow.com/leadershop/images/9780593239018.jpg,,False,True
BOOK01100,When We Are Seen,,,2024.0,https://www.leadershipnow.com/leadershop/images/9780593239292.jpg,,False,True
BOOK01101,The Voltage Effect,,,2022.0,https://www.leadershipnow.com/leadershop/images/9780593239483.jpg,,False,True
BOOK01102,How Big Things Get Done,,,2023.0,https://www.leadershipnow.com/leadershop/images/9780593239513.jpg,,False,True
BOOK01103,The New Megatrends,,,2022.0,https://www.leadershipnow.com/leadershop/images/9780593239704.jpg,,False,True
BOOK01104,Virtual Society,,,2022.0,https://www.leadershipnow.com/leadershop/images/9780593239971.jpg,,False,True
BOOK01105,Supercommunicators,,,2024.0,https://www.leadershipnow.com/leadershop/images/9780593243916.jpg,,False,True
BOOK01106,It's Not TV,,,2022.0,https://www.leadershipnow.com/leadershop/images/9780593296196.jpg,,False,True
BOOK01107,1929,,,2025.0,https://www.leadershipnow.com/leadershop/images/9780593296967.jpg,,False,True
BOOK01108,Battle of Ink and Ice,,,2023.0,https://www.leadershipnow.com/leadershop/images/9780593297162.jpg,,False,True
BOOK01109,To Risk It All,,,2022.0,https://www.leadershipnow.com/leadershop/images/9780593297742.jpg,,False,True
BOOK01110,How to Calm Your Mind,,,2022.0,https://www.leadershipnow.com/leadershop/images/9780593298510.jpg,,False,True
BOOK01111,The Search,,,2023.0,https://www.leadershipnow.com/leadershop/images/9780593298916.jpg,,False,True
BOOK01112,Good Arguments,,,2022.0,https://www.leadershipnow.com/leadershop/images/9780593299517.jpg,,False,True
BOOK01113,How Not to Be a Politician,,,2023.0,https://www.leadershipnow.com/leadershop/images/9780593300329.jpg,,False,True
BOOK01114,Optimal Illusions,,,2023.0,https://www.leadershipnow.com/leadershop/images/9780593331118.jpg,,False,True
BOOK01115,Same as Ever,,,2023.0,https://www.leadershipnow.com/leadershop/images/9780593332702.jpg,,False,True
BOOK01116,The Performance Paradox,,,2023.0,https://www.leadershipnow.com/leadershop/images/9780593356906.jpg,,False,True
BOOK01117,Wild Problems,,,2022.0,https://www.leadershipnow.com/leadershop/images/9780593418253.jpg,,False,True
BOOK01118,Unreasonable Hospitality,,,2022.0,https://www.leadershipnow.com/leadershop/images/9780593418574.jpg,,False,True
BOOK01119,Ideaflow,,,2022.0,https://www.leadershipnow.com/leadershop/images/9780593420584.jpg,,False,True
BOOK01120,Lead to Win,,,2022.0,https://www.leadershipnow.com/leadershop/images/9780593421680.jpg,,False,True
BOOK01121,Buy Back Your Time,,,2023.0,https://www.leadershipnow.com/leadershop/images/978059342297X.jpg,,False,True
BOOK01122,Quit,,,2022.0,https://www.leadershipnow.com/leadershop/images/9780593422991.jpg,,False,True
BOOK01123,Shift,,,2025.0,https://www.leadershipnow.com/leadershop/images/9780593444412.jpg,,False,True
BOOK01124,Managing Up,,,2024.0,https://www.leadershipnow.com/leadershop/images/9780593444658.jpg,,False,True
BOOK01125,The Book of Boundaries,,,2022.0,https://www.leadershipnow.com/leadershop/images/9780593448700.jpg,,False,True
BOOK01126,It's On Me,,,2023.0,https://www.leadershipnow.com/leadershop/images/9780593449264.jpg,,False,True
BOOK01127,World Eaters,,,2025.0,https://www.leadershipnow.com/leadershop/images/9780593473481.jpg,,False,True
BOOK01128,Life Worth Living,,,2023.0,https://www.leadershipnow.com/leadershop/images/9780593489307.jpg,,False,True
BOOK01129,Untold Power,,,2023.0,https://www.leadershipnow.com/leadershop/images/9780593489994.jpg,,False,True
BOOK01130,The Yellow Pad,,,2023.0,https://www.leadershipnow.com/leadershop/images/9780593491393.jpg,,False,True
BOOK01131,The Big Con,,,2023.0,https://www.leadershipnow.com/leadershop/images/9780593492673.jpg,,False,True
BOOK01132,Million Dollar Weekend,,,2024.0,https://www.leadershipnow.com/leadershop/images/9780593539774.jpg,,False,True
BOOK01133,Look,,,2023.0,https://www.leadershipnow.com/leadershop/images/9780593542217.jpg,,False,True
BOOK01134,The Experience Mindset,,,2023.0,https://www.leadershipnow.com/leadershop/images/9780593542699.jpg,,False,True
BOOK01135,All In,,,2024.0,https://www.leadershipnow.com/leadershop/images/9780593544501.jpg,,False,True
BOOK01136,Slow Productivity,,,2024.0,https://www.leadershipnow.com/leadershop/images/9780593544853.jpg,,False,True
BOOK01137,The Way of the Champion,,,2024.0,https://www.leadershipnow.com/leadershop/images/9780593545492.jpg,,False,True
BOOK01138,The Essentialism Planner,,,2024.0,https://www.leadershipnow.com/leadershop/images/9780593578414.jpg,,False,True
BOOK01139,Henry V,,,2024.0,https://www.leadershipnow.com/leadershop/images/9780593652732.jpg,,False,True
BOOK01140,The Creative Act,,,2023.0,https://www.leadershipnow.com/leadershop/images/9780593652886.jpg,,False,True
BOOK01141,Team,,,2024.0,https://www.leadershipnow.com/leadershop/images/9780593652909.jpg,,False,True
BOOK01142,Hidden Potential,,,2023.0,https://www.leadershipnow.com/leadershop/images/9780593653142.jpg,,False,True
BOOK01143,Lead Like You Mean It,,,2025.0,https://www.leadershipnow.com/leadershop/images/9780593653937.jpg,,False,True
BOOK01144,Excellent Advice for Living,,,2023.0,https://www.leadershipnow.com/leadershop/images/9780593654521.jpg,,False,True
BOOK01145,Choose Your Enemies Wisely,,,2023.0,https://www.leadershipnow.com/leadershop/images/9780593712849.jpg,,False,True
BOOK01146,Distancing,,,2025.0,https://www.leadershipnow.com/leadershop/images/9780593713105.jpg,,False,True
BOOK01147,Playful,,,2025.0,https://www.leadershipnow.com/leadershop/images/9780593713402.jpg,,False,True
BOOK01148,The Journey of Leadership,,,2024.0,https://www.leadershipnow.com/leadershop/images/9780593714218.jpg,,False,True
BOOK01149,The Venture Mindset,,,2024.0,https://www.leadershipnow.com/leadershop/images/9780593714232.jpg,,False,True
BOOK01150,You Already Know,,,2025.0,https://www.leadershipnow.com/leadershop/images/9780593714768.jpg,,False,True
BOOK01151,Tiny Experiments,,,2025.0,https://www.leadershipnow.com/leadershop/images/9780593715130.jpg,,False,True
BOOK01152,Primal Intelligence,,,2025.0,https://www.leadershipnow.com/leadershop/images/9780593715307.jpg,,False,True
BOOK01153,The Collective Edge,,,2025.0,https://www.leadershipnow.com/leadershop/images/9780593715345.jpg,,False,True
BOOK01154,The Song of Significance,,,2023.0,https://www.leadershipnow.com/leadershop/images/9780593715543.jpg,,False,True
BOOK01155,The Diary of a CEO,,,2023.0,https://www.leadershipnow.com/leadershop/images/9780593715833.jpg,,False,True
BOOK01156,Co-Intelligence,,,2024.0,https://www.leadershipnow.com/leadershop/images/9780593716717.jpg,,False,True
BOOK01157,"Smart, Not Loud",,,2024.0,https://www.leadershipnow.com/leadershop/images/9780593717684.jpg,,False,True
BOOK01158,The Next Conversation,,,2025.0,https://www.leadershipnow.com/leadershop/images/9780593718728.jpg,,False,True
BOOK01159,The 5 Types of Wealth,,,2025.0,https://www.leadershipnow.com/leadershop/images/9780593723180.jpg,,False,True
BOOK01160,Confident by Choice,,,2025.0,https://www.leadershipnow.com/leadershop/images/9780593725610.jpg,,False,True
BOOK01161,Infectious Generosity,,,2024.0,https://www.leadershipnow.com/leadershop/images/9780593727553.jpg,,False,True
BOOK01162,Just the Good Stuff,,,2024.0,https://www.leadershipnow.com/leadershop/images/9780593796375.jpg,,False,True
BOOK01163,The Wealth Money Can't Buy,,,2024.0,https://www.leadershipnow.com/leadershop/images/9780593798492.jpg,,False,True
BOOK01164,On Leadership,,,2024.0,https://www.leadershipnow.com/leadershop/images/9780593799796.jpg,,False,True
BOOK01165,The Systems Leader,,,2025.0,https://www.leadershipnow.com/leadershop/images/9780593800041.jpg,,False,True
BOOK01166,These Strange New Minds,,,2025.0,https://www.leadershipnow.com/leadershop/images/9780593831717.jpg,,False,True
BOOK01167,Fired Up,,,2025.0,https://www.leadershipnow.com/leadershop/images/9780593831939.jpg,,False,True
BOOK01168,Uncompete,,,2025.0,https://www.leadershipnow.com/leadershop/images/9780593832158.jpg,,False,True
BOOK01169,The Thinking Machine,,,2025.0,https://www.leadershipnow.com/leadershop/images/9780593832691.jpg,,False,True
BOOK01170,Resurface,,,2025.0,https://www.leadershipnow.com/leadershop/images/9780593833117.jpg,,False,True
BOOK01171,On Character,,,2025.0,https://www.leadershipnow.com/leadershop/images/9780593852958.jpg,,False,True
BOOK01172,What You're Made For,,,2025.0,https://www.leadershipnow.com/leadershop/images/9780593852972.jpg,,False,True
BOOK01173,G-Man,,,2022.0,https://www.leadershipnow.com/leadershop/images/9780670025374.jpg,,False,True
BOOK01174,The Burnout Challenge,,,2022.0,https://www.leadershipnow.com/leadershop/images/9780674251014.jpg,,False,True
BOOK01175,Deeply Responsible Business,,,2023.0,https://www.leadershipnow.com/leadershop/images/9780674916531.jpg,,False,True
BOOK01176,Capitalism,,,2022.0,https://www.leadershipnow.com/leadershop/images/9780691237206.jpg,,False,True
BOOK01177,The Corporation and the Twentieth Century,,,2023.0,https://www.leadershipnow.com/leadershop/images/9780691246987.jpg,,False,True
BOOK01178,The Power of Regret,,,2022.0,https://www.leadershipnow.com/leadershop/images/9780735210653.jpg,,False,True
BOOK01179,The Nineties,,,2022.0,https://www.leadershipnow.com/leadershop/images/9780735217959.jpg,,False,True
BOOK01180,In the Shadow of the Gods,,,2022.0,https://www.leadershipnow.com/leadershop/images/9780735222199.jpg,,False,True
BOOK01181,The Crisis of Democratic Capitalism,,,2023.0,https://www.leadershipnow.com/leadershop/images/9780735224216.jpg,,False,True
BOOK01182,Sir Henry Royce,,,2022.0,https://www.leadershipnow.com/leadershop/images/9780750999004.jpg,,False,True
BOOK01183,The Conviction to Lead,,,2023.0,https://www.leadershipnow.com/leadershop/images/9780764237706.jpg,,False,True
BOOK01184,Leveling Up,,,2022.0,https://www.leadershipnow.com/leadershop/images/9780785261629.jpg,,False,True
BOOK01185,The Commanders,,,2022.0,https://www.leadershipnow.com/leadershop/images/9780802160225.jpg,,False,True
BOOK01186,The Wise Leader,,,2024.0,https://www.leadershipnow.com/leadershop/images/9780802884046.jpg,,False,True
BOOK01187,Character,,,2025.0,https://www.leadershipnow.com/leadershop/images/9780806543123.jpg,,False,True
BOOK01188,Reagan,,,2024.0,https://www.leadershipnow.com/leadershop/images/9780871409447.jpg,,False,True
BOOK01189,Team Emotional Intelligence 2.0,,,2022.0,https://www.leadershipnow.com/leadershop/images/9780974719344.jpg,,False,True
BOOK01190,Focused As A Bee,,,2025.0,https://www.leadershipnow.com/leadershop/images/9780976688266.jpg,,False,True
BOOK01191,Network Leadership,,,2025.0,https://www.leadershipnow.com/leadershop/images/9781009392235.jpg,,False,True
BOOK01192,Decisions about Decisions,,,2023.0,https://www.leadershipnow.com/leadershop/images/9781009400466.jpg,,False,True
BOOK01193,Redemption,,,2025.0,https://www.leadershipnow.com/leadershop/images/9781009541190.jpg,,False,True
BOOK01194,Determining Leadership Potential,,,2022.0,https://www.leadershipnow.com/leadershop/images/9781032220338.jpg,,False,True
BOOK01195,The Next Leadership Team,,,2023.0,https://www.leadershipnow.com/leadershop/images/9781032349404.jpg,,False,True
BOOK01196,The Character Compass,,,2023.0,https://www.leadershipnow.com/leadershop/images/9781032376486.jpg,,False,True
BOOK01197,The Practice of Ethical Leadership,,,2024.0,https://www.leadershipnow.com/leadershop/images/9781032397191.jpg,,False,True
BOOK01198,Sentient Strategy,,,2023.0,https://www.leadershipnow.com/leadershop/images/9781032412634.jpg,,False,True
BOOK01199,Everyday Leadership,,,2024.0,https://www.leadershipnow.com/leadershop/images/9781032607856.jpg,,False,True
BOOK01200,Redefining Networking,,,2025.0,https://www.leadershipnow.com/leadershop/images/9781032933863.jpg,,False,True
BOOK01201,Franklin D. Roosevelt and the Art of Leadership,,,2024.0,https://www.leadershipnow.com/leadershop/images/9781036110901.jpg,,False,True
BOOK01202,ThinkBlink Manifesto,,,2025.0,https://www.leadershipnow.com/leadershop/images/9781038337979.jpg,,False,True
BOOK01203,We Are Ambiverts Now,,,2025.0,https://www.leadershipnow.com/leadershop/images/9781041009108.jpg,,False,True
BOOK01204,The Presence Principle,,,2025.0,https://www.leadershipnow.com/leadershop/images/9781041021964.jpg,,False,True
BOOK01205,Leading With Values,,,2022.0,https://www.leadershipnow.com/leadershop/images/9781108841191.jpg,,False,True
BOOK01206,How to be a Coffee Bean,,,2023.0,https://www.leadershipnow.com/leadershop/images/9781119430283.jpg,,False,True
BOOK01207,The Power of a Positive You,,,2022.0,https://www.leadershipnow.com/leadershop/images/9781119430285.jpg,,False,True
BOOK01208,Scaling Innovation,,,2025.0,https://www.leadershipnow.com/leadershop/images/9781119633068.jpg,,False,True
BOOK01209,Leading in a Non-Linear World,,,2023.0,https://www.leadershipnow.com/leadershop/images/9781119672722.jpg,,False,True
BOOK01210,The One Truth,,,2023.0,https://www.leadershipnow.com/leadershop/images/9781119757351.jpg,,False,True
BOOK01211,The 7 Commitments of a Great Team,,,2025.0,https://www.leadershipnow.com/leadershop/images/9781119757382.jpg,,False,True
BOOK01212,The Sale,,,2022.0,https://www.leadershipnow.com/leadershop/images/9781119762690.jpg,,False,True
BOOK01213,The Neutrality Trap,,,2022.0,https://www.leadershipnow.com/leadershop/images/9781119793243.jpg,,False,True
BOOK01214,Human-Driven Experience,,,2022.0,https://www.leadershipnow.com/leadershop/images/9781119812982.jpg,,False,True
BOOK01215,The Power of One More,,,2022.0,https://www.leadershipnow.com/leadershop/images/9781119815365.jpg,,False,True
BOOK01216,Difficult Decisions,,,2022.0,https://www.leadershipnow.com/leadershop/images/9781119817048.jpg,,False,True
BOOK01217,Driving Results,,,2022.0,https://www.leadershipnow.com/leadershop/images/9781119822479.jpg,,False,True
BOOK01218,The Imperfectionists,,,2023.0,https://www.leadershipnow.com/leadershop/images/9781119835660.jpg,,False,True
BOOK01219,Amp It Up,,,2022.0,https://www.leadershipnow.com/leadershop/images/9781119836117.jpg,,False,True
BOOK01220,The Mentor's Guide,,,2022.0,https://www.leadershipnow.com/leadershop/images/9781119838180.jpg,,False,True
BOOK01221,Say More About That,,,2022.0,https://www.leadershipnow.com/leadershop/images/9781119839323.jpg,,False,True
BOOK01222,"Move to the Edge, Declare it Center",,,2022.0,https://www.leadershipnow.com/leadershop/images/9781119849889.jpg,,False,True
BOOK01223,Do It,,,2023.0,https://www.leadershipnow.com/leadershop/images/9781119853701.jpg,,False,True
BOOK01224,Amplify Your Influence,,,2022.0,https://www.leadershipnow.com/leadershop/images/9781119858683.jpg,,False,True
BOOK01225,Leading Wisely,,,2022.0,https://www.leadershipnow.com/leadershop/images/9781119860396.jpg,,False,True
BOOK01226,Trustworthy AI,,,2022.0,https://www.leadershipnow.com/leadershop/images/9781119867920.jpg,,False,True
BOOK01227,How the Future Works,,,2022.0,https://www.leadershipnow.com/leadershop/images/9781119870951.jpg,,False,True
BOOK01228,Sustainable Leadership:,,,2022.0,https://www.leadershipnow.com/leadershop/images/9781119872153.jpg,,False,True
BOOK01229,The Unexpected Leader,,,2022.0,https://www.leadershipnow.com/leadershop/images/9781119877677.jpg,,False,True
BOOK01230,The Soul of Startups,,,2022.0,https://www.leadershipnow.com/leadershop/images/9781119885590.jpg,,False,True
BOOK01231,Principal in Balance,,,2023.0,https://www.leadershipnow.com/leadershop/images/9781119885764.jpg,,False,True
BOOK01232,True North,,,2022.0,https://www.leadershipnow.com/leadershop/images/9781119886105.jpg,,False,True
BOOK01233,Step into the Metaverse,,,2022.0,https://www.leadershipnow.com/leadershop/images/9781119887577.jpg,,False,True
BOOK01234,The Metaverse Handbook,,,2022.0,https://www.leadershipnow.com/leadershop/images/9781119892526.jpg,,False,True
BOOK01235,Digital Transformation Payday,,,2022.0,https://www.leadershipnow.com/leadershop/images/9781119894179.jpg,,False,True
BOOK01236,Leading with Vulnerability,,,2023.0,https://www.leadershipnow.com/leadershop/images/9781119895244.jpg,,False,True
BOOK01237,Work Here Now,,,2023.0,https://www.leadershipnow.com/leadershop/images/9781119895275.jpg,,False,True
BOOK01238,The Locker Room,,,2022.0,https://www.leadershipnow.com/leadershop/images/9781119897842.jpg,,False,True
BOOK01239,Adaptive Resilience,,,2023.0,https://www.leadershipnow.com/leadershop/images/9781119898184.jpg,,False,True
BOOK01240,Decisions Over Decimals,,,2022.0,https://www.leadershipnow.com/leadershop/images/9781119898481.jpg,,False,True
BOOK01241,Navigating the Metaverse,,,2022.0,https://www.leadershipnow.com/leadershop/images/9781119898993.jpg,,False,True
BOOK01242,Energy Leadership,,,2022.0,https://www.leadershipnow.com/leadershop/images/9781119899549.jpg,,False,True
BOOK01243,A Cure for the Common Company,,,2023.0,https://www.leadershipnow.com/leadershop/images/9781119899969.jpg,,False,True
BOOK01244,The Digital Leader,,,2022.0,https://www.leadershipnow.com/leadershop/images/9781119900085.jpg,,False,True
BOOK01245,Culture Is the Way,,,2023.0,https://www.leadershipnow.com/leadershop/images/9781119913658.jpg,,False,True
BOOK01246,Wise Decisions,,,2022.0,https://www.leadershipnow.com/leadershop/images/9781119931409.jpg,,False,True
BOOK01247,The Ecosystem Economy,,,2022.0,https://www.leadershipnow.com/leadershop/images/9781119984788.jpg,,False,True
BOOK01248,Autonomous Transformation,,,2023.0,https://www.leadershipnow.com/leadershop/images/9781119985297.jpg,,False,True
BOOK01249,The Negativity Fast,,,2023.0,https://www.leadershipnow.com/leadershop/images/9781119985884.jpg,,False,True
BOOK01250,To the Top,,,2023.0,https://www.leadershipnow.com/leadershop/images/9781119988083.jpg,,False,True
BOOK01251,The Energy of Success,,,2024.0,https://www.leadershipnow.com/leadershop/images/97811394245475.jpg,,False,True
BOOK01252,The Jeffersonians,,,2022.0,https://www.leadershipnow.com/leadershop/images/9781250135452.jpg,,False,True
BOOK01253,"See, Solve, Scale",,,2022.0,https://www.leadershipnow.com/leadershop/images/9781250272317.jpg,,False,True
BOOK01254,Unlikely Heroes,,,2023.0,https://www.leadershipnow.com/leadershop/images/9781250274694.jpg,,False,True
BOOK01255,Talent,,,2022.0,https://www.leadershipnow.com/leadershop/images/9781250275813.jpg,,False,True
BOOK01256,The Fund,,,2023.0,https://www.leadershipnow.com/leadershop/images/9781250276933.jpg,,False,True
BOOK01257,Intrinsic Motivation,,,2023.0,https://www.leadershipnow.com/leadershop/images/9781250277695.jpg,,False,True
BOOK01258,The Bezos Blueprint,,,2022.0,https://www.leadershipnow.com/leadershop/images/9781250278333.jpg,,False,True
BOOK01259,Endure,,,2022.0,https://www.leadershipnow.com/leadershop/images/9781250279293.jpg,,False,True
BOOK01260,"When They Win, You Win",,,2022.0,https://www.leadershipnow.com/leadershop/images/9781250279668.jpg,,False,True
BOOK01261,The Unfair Advantage,,,2022.0,https://www.leadershipnow.com/leadershop/images/9781250280527.jpg,,False,True
BOOK01262,The Perennials,,,2023.0,https://www.leadershipnow.com/leadershop/images/9781250281340.jpg,,False,True
BOOK01263,The Art of Clear Thinking,,,2023.0,https://www.leadershipnow.com/leadershop/images/9781250281449.jpg,,False,True
BOOK01264,The Friction Project,,,2024.0,https://www.leadershipnow.com/leadershop/images/9781250284419.jpg,,False,True
BOOK01265,If You Want Something Done,,,2022.0,https://www.leadershipnow.com/leadershop/images/9781250284976.jpg,,False,True
BOOK01266,Hard Truths,,,2024.0,https://www.leadershipnow.com/leadershop/images/9781250286185.jpg,,False,True
BOOK01267,Your Big Leap Year,,,2024.0,https://www.leadershipnow.com/leadershop/images/9781250292797.jpg,,False,True
BOOK01268,Nobody Cares About Your Career,,,2024.0,https://www.leadershipnow.com/leadershop/images/9781250320582.jpg,,False,True
BOOK01269,Uncommon,,,2024.0,https://www.leadershipnow.com/leadershop/images/9781250331908.jpg,,False,True
BOOK01270,Supremacy,,,2024.0,https://www.leadershipnow.com/leadershop/images/9781250337740.jpg,,False,True
BOOK01271,The Difference That Makes the Difference,,,2025.0,https://www.leadershipnow.com/leadershop/images/9781250349088.jpg,,False,True
BOOK01272,The Need to Lead,,,2025.0,https://www.leadershipnow.com/leadershop/images/9781250361639.jpg,,False,True
BOOK01273,Master of Me,,,2024.0,https://www.leadershipnow.com/leadershop/images/9781250372512.jpg,,False,True
BOOK01274,The History of Money,,,2025.0,https://www.leadershipnow.com/leadershop/images/9781250408181.jpg,,False,True
BOOK01275,Radical Respect,,,2024.0,https://www.leadershipnow.com/leadershop/images/9781250623768.jpg,,False,True
BOOK01276,The Four Workarounds,,,2023.0,https://www.leadershipnow.com/leadershop/images/9781250789400.jpg,,False,True
BOOK01277,Upshift,,,2023.0,https://www.leadershipnow.com/leadershop/images/9781250792952.jpg,,False,True
BOOK01278,Over Work,,,2024.0,https://www.leadershipnow.com/leadershop/images/9781250801722.jpg,,False,True
BOOK01279,Thinking 101,,,2022.0,https://www.leadershipnow.com/leadershop/images/9781250805959.jpg,,False,True
BOOK01280,How Trust Works,,,2023.0,https://www.leadershipnow.com/leadershop/images/9781250838155.jpg,,False,True
BOOK01281,STFU,,,2023.0,https://www.leadershipnow.com/leadershop/images/9781250850347.jpg,,False,True
BOOK01282,Activate Your Greatness,,,2023.0,https://www.leadershipnow.com/leadershop/images/9781250852038.jpg,,False,True
BOOK01283,Win Every Argument,,,2022.0,https://www.leadershipnow.com/leadershop/images/9781250853479.jpg,,False,True
BOOK01284,Startup Program Design,,,2022.0,https://www.leadershipnow.com/leadershop/images/9781260463255.jpg,,False,True
BOOK01285,We the Leader,,,2022.0,https://www.leadershipnow.com/leadershop/images/9781260474978.jpg,,False,True
BOOK01286,Change Proof,,,2022.0,https://www.leadershipnow.com/leadershop/images/9781264258987.jpg,,False,True
BOOK01287,Pitch Like Hollywood,,,2022.0,https://www.leadershipnow.com/leadershop/images/9781264268566.jpg,,False,True
BOOK01288,The Pursuit of Excellence,,,2022.0,https://www.leadershipnow.com/leadershop/images/9781264269099.jpg,,False,True
BOOK01289,Bridge the Gap,,,2022.0,https://www.leadershipnow.com/leadershop/images/9781264269112.jpg,,False,True
BOOK01290,Flip the Switch,,,2023.0,https://www.leadershipnow.com/leadershop/images/9781264269228.jpg,,False,True
BOOK01291,All Are Welcome,,,2022.0,https://www.leadershipnow.com/leadershop/images/9781264269785.jpg,,False,True
BOOK01292,Connectable,,,2022.0,https://www.leadershipnow.com/leadershop/images/9781264277506.jpg,,False,True
BOOK01293,Win When They Say You Won't,,,2022.0,https://www.leadershipnow.com/leadershop/images/9781264277995.jpg,,False,True
BOOK01294,"Better Humans, Better Performance",,,2022.0,https://www.leadershipnow.com/leadershop/images/9781264278152.jpg,,False,True
BOOK01295,Thriving on Overload,,,2022.0,https://www.leadershipnow.com/leadershop/images/9781264285402.jpg,,False,True
BOOK01296,Arrive and Thrive,,,2022.0,https://www.leadershipnow.com/leadershop/images/9781264286355.jpg,,False,True
BOOK01297,Coaching Essentials for Managers,,,2022.0,https://www.leadershipnow.com/leadershop/images/9781264573585.jpg,,False,True
BOOK01298,Decision Sprint,,,2023.0,https://www.leadershipnow.com/leadershop/images/9781264609598.jpg,,False,True
BOOK01299,The Bold Ones,,,2022.0,https://www.leadershipnow.com/leadershop/images/9781264669158.jpg,,False,True
BOOK01300,3 Hours a Day,,,2023.0,https://www.leadershipnow.com/leadershop/images/9781265086947.jpg,,False,True
BOOK01301,Brave Together,,,2023.0,https://www.leadershipnow.com/leadershop/images/9781265386672.jpg,,False,True
BOOK01302,Lead Through Anything,,,2023.0,https://www.leadershipnow.com/leadershop/images/9781265506391.jpg,,False,True
BOOK01303,The Spinach King,,,2025.0,https://www.leadershipnow.com/leadershop/images/9781324003526.jpg,,False,True
BOOK01304,Peacemaker,,,2025.0,https://www.leadershipnow.com/leadershop/images/9781324051978.jpg,,False,True
BOOK01305,Going Infinite,,,2023.0,https://www.leadershipnow.com/leadershop/images/9781324074335.jpg,,False,True
BOOK01306,The Optimist,,,2025.0,https://www.leadershipnow.com/leadershop/images/9781324075967.jpg,,False,True
BOOK01307,The Mind's Mirror,,,2024.0,https://www.leadershipnow.com/leadershop/images/9781324079323.jpg,,False,True
BOOK01308,The Nvidia Way,,,2024.0,https://www.leadershipnow.com/leadershop/images/9781324086710.jpg,,False,True
BOOK01309,The Metaverse,,,2022.0,https://www.leadershipnow.com/leadershop/images/9781324092032.jpg,,False,True
BOOK01310,The Art of Uncertainty,,,2025.0,https://www.leadershipnow.com/leadershop/images/9781324106111.jpg,,False,True
BOOK01311,The Busy Brain Cure,,,2024.0,https://www.leadershipnow.com/leadershop/images/9781335007117.jpg,,False,True
BOOK01312,Winston and the Windsors,,,2025.0,https://www.leadershipnow.com/leadershop/images/9781335250995.jpg,,False,True
BOOK01313,Dream Chasing,,,2024.0,https://www.leadershipnow.com/leadershop/images/9781368101035.jpg,,False,True
BOOK01314,The Communication Code,,,2023.0,https://www.leadershipnow.com/leadershop/images/9781394150533.jpg,,False,True
BOOK01315,Flying in the Face of Fear,,,2023.0,https://www.leadershipnow.com/leadershop/images/9781394152353.jpg,,False,True
BOOK01316,The Unlocked Leader,,,2023.0,https://www.leadershipnow.com/leadershop/images/9781394152933.jpg,,False,True
BOOK01317,Break the Rules!,,,2023.0,https://www.leadershipnow.com/leadershop/images/9781394153015.jpg,,False,True
BOOK01318,Rebooting Your Brain,,,2023.0,https://www.leadershipnow.com/leadershop/images/9781394157853.jpg,,False,True
BOOK01319,Built to Beat Chaos,,,2023.0,https://www.leadershipnow.com/leadershop/images/9781394158409.jpg,,False,True
BOOK01320,Speak with Confidence,,,2022.0,https://www.leadershipnow.com/leadershop/images/9781394159741.jpg,,False,True
BOOK01321,Quick Confidence,,,2023.0,https://www.leadershipnow.com/leadershop/images/9781394160945.jpg,,False,True
BOOK01322,Getting Over Ourselves,,,2023.0,https://www.leadershipnow.com/leadershop/images/9781394169856.jpg,,False,True
BOOK01323,The Seven Crucibles,,,2023.0,https://www.leadershipnow.com/leadershop/images/9781394171385.jpg,,False,True
BOOK01324,The End of Leadership as We Know It,,,2023.0,https://www.leadershipnow.com/leadershop/images/9781394171736.jpg,,False,True
BOOK01325,Boundless,,,2023.0,https://www.leadershipnow.com/leadershop/images/9781394171798.jpg,,False,True
BOOK01326,Leadership Revolution,,,2023.0,https://www.leadershipnow.com/leadershop/images/9781394171828.jpg,,False,True
BOOK01327,The Manager's Handbook,,,2023.0,https://www.leadershipnow.com/leadershop/images/9781394174072.jpg,,False,True
BOOK01328,Reimagine Inclusion,,,2023.0,https://www.leadershipnow.com/leadershop/images/9781394177097.jpg,,False,True
BOOK01329,Work Different,,,2023.0,https://www.leadershipnow.com/leadershop/images/9781394181292.jpg,,False,True
BOOK01330,The Reinvention Formula,,,2023.0,https://www.leadershipnow.com/leadershop/images/9781394182107.jpg,,False,True
BOOK01331,The House that Cheese Built,,,2023.0,https://www.leadershipnow.com/leadershop/images/9781394184026.jpg,,False,True
BOOK01332,Secrets of Next-Level Entrepreneurs,,,2023.0,https://www.leadershipnow.com/leadershop/images/9781394185382.jpg,,False,True
BOOK01333,Difficult Conversations Don't Have to Be Difficult,,,2024.0,https://www.leadershipnow.com/leadershop/images/9781394187171.jpg,,False,True
BOOK01334,The Upside of Disruption,,,2024.0,https://www.leadershipnow.com/leadershop/images/9781394192601.jpg,,False,True
BOOK01335,The Power of Going All-In,,,2024.0,https://www.leadershipnow.com/leadershop/images/9781394196180.jpg,,False,True
BOOK01336,From Conflict to Convergence,,,2024.0,https://www.leadershipnow.com/leadershop/images/9781394198566.jpg,,False,True
BOOK01337,Mindshift,,,2024.0,https://www.leadershipnow.com/leadershop/images/9781394198597.jpg,,False,True
BOOK01338,Rewired,,,2023.0,https://www.leadershipnow.com/leadershop/images/9781394207114.jpg,,False,True
BOOK01339,Toolkit for Turbulence,,,2023.0,https://www.leadershipnow.com/leadershop/images/9781394208654.jpg,,False,True
BOOK01340,Heal to Lead,,,2024.0,https://www.leadershipnow.com/leadershop/images/9781394213153.jpg,,False,True
BOOK01341,Career Confidence,,,2024.0,https://www.leadershipnow.com/leadershop/images/9781394219988.jpg,,False,True
BOOK01342,Productive Failure,,,2024.0,https://www.leadershipnow.com/leadershop/images/9781394219995.jpg,,False,True
BOOK01343,Digital Mavericks,,,2025.0,https://www.leadershipnow.com/leadershop/images/9781394220892.jpg,,False,True
BOOK01344,UnLeadership,,,2024.0,https://www.leadershipnow.com/leadershop/images/9781394223381.jpg,,False,True
BOOK01345,The Power of Ownership,,,2024.0,https://www.leadershipnow.com/leadershop/images/9781394230020.jpg,,False,True
BOOK01346,The Art of Encouragement,,,2024.0,https://www.leadershipnow.com/leadershop/images/9781394234479.jpg,,False,True
BOOK01347,Leading Yourself,,,2024.0,https://www.leadershipnow.com/leadershop/images/9781394238705.jpg,,False,True
BOOK01348,Ice Cold Leader,,,2023.0,https://www.leadershipnow.com/leadershop/images/9781394239276.jpg,,False,True
BOOK01349,Mentorship Unlocked,,,2024.0,https://www.leadershipnow.com/leadershop/images/9781394243228.jpg,,False,True
BOOK01350,The New CEO,,,2024.0,https://www.leadershipnow.com/leadershop/images/9781394244348.jpg,,False,True
BOOK01351,Think Remarkable,,,2024.0,https://www.leadershipnow.com/leadershop/images/9781394245222.jpg,,False,True
BOOK01352,The Art of Changing Course,,,2024.0,https://www.leadershipnow.com/leadershop/images/9781394247660.jpg,,False,True
BOOK01353,Microwins,,,2024.0,https://www.leadershipnow.com/leadershop/images/9781394248162.jpg,,False,True
BOOK01354,The Elements of Negotiation,,,2024.0,https://www.leadershipnow.com/leadershop/images/9781394248285.jpg,,False,True
BOOK01355,Five Generations at Work,,,2024.0,https://www.leadershipnow.com/leadershop/images/9781394252206.jpg,,False,True
BOOK01356,How to Create Innovation,,,2024.0,https://www.leadershipnow.com/leadershop/images/9781394254262.jpg,,False,True
BOOK01357,The Super Upside Factor,,,2025.0,https://www.leadershipnow.com/leadershop/images/9781394254910.jpg,,False,True
BOOK01358,IRREPLACEABLE,,,2024.0,https://www.leadershipnow.com/leadershop/images/9781394264407.jpg,,False,True
BOOK01359,Unlock Your Leadership Story,,,2024.0,https://www.leadershipnow.com/leadershop/images/9781394264469.jpg,,False,True
BOOK01360,Analytics the Right Way,,,2025.0,https://www.leadershipnow.com/leadershop/images/9781394264490.jpg,,False,True
BOOK01361,What Lights You Up?,,,2024.0,https://www.leadershipnow.com/leadershop/images/9781394267026.jpg,,False,True
BOOK01362,The Mentorship Edge,,,2024.0,https://www.leadershipnow.com/leadershop/images/9781394267118.jpg,,False,True
BOOK01363,Your Values-Based Legacy,,,2024.0,https://www.leadershipnow.com/leadershop/images/9781394271320.jpg,,False,True
BOOK01364,The Ethical Imperative,,,2024.0,https://www.leadershipnow.com/leadershop/images/9781394274833.jpg,,False,True
BOOK01365,Essential,,,2025.0,https://www.leadershipnow.com/leadershop/images/9781394276585.jpg,,False,True
BOOK01366,SHIFTS,,,2025.0,https://www.leadershipnow.com/leadershop/images/9781394277728.jpg,,False,True
BOOK01367,Still Standing,,,2024.0,https://www.leadershipnow.com/leadershop/images/9781394279029.jpg,,False,True
BOOK01368,Unforgettable Presence,,,2025.0,https://www.leadershipnow.com/leadershop/images/9781394281725.jpg,,False,True
BOOK01369,Endless Customers,,,2025.0,https://www.leadershipnow.com/leadershop/images/9781394282784.jpg,,False,True
BOOK01370,The Art of Self-Leadership,,,2025.0,https://www.leadershipnow.com/leadershop/images/9781394283378.jpg,,False,True
BOOK01371,The Pause Principle,,,2025.0,https://www.leadershipnow.com/leadershop/images/9781394283408.jpg,,False,True
BOOK01372,Connectedness,,,2024.0,https://www.leadershipnow.com/leadershop/images/9781394285778.jpg,,False,True
BOOK01373,The Viking Code,,,2024.0,https://www.leadershipnow.com/leadershop/images/9781394288762.jpg,,False,True
BOOK01374,Leading Relationships,,,2025.0,https://www.leadershipnow.com/leadershop/images/9781394289387.jpg,,False,True
BOOK01375,Leading for Wellness,,,2025.0,https://www.leadershipnow.com/leadershop/images/9781394292011.jpg,,False,True
BOOK01376,The Archetype Effect,,,2025.0,https://www.leadershipnow.com/leadershop/images/9781394295210.jpg,,False,True
BOOK01377,What Matters Next,,,2025.0,https://www.leadershipnow.com/leadershop/images/9781394296422.jpg,,False,True
BOOK01378,Hone,,,2025.0,https://www.leadershipnow.com/leadershop/images/9781394304530.jpg,,False,True
BOOK01379,Generation AI,,,2025.0,https://www.leadershipnow.com/leadershop/images/9781394308859.jpg,,False,True
BOOK01380,The Insight-Driven Leader,,,2025.0,https://www.leadershipnow.com/leadershop/images/9781394308880.jpg,,False,True
BOOK01381,The ROI of Thought Leadership,,,2025.0,https://www.leadershipnow.com/leadershop/images/9781394308910.jpg,,False,True
BOOK01382,Monster Transformation,,,2025.0,https://www.leadershipnow.com/leadershop/images/9781394313709.jpg,,False,True
BOOK01383,The Devil Emails at Midnight,,,2025.0,https://www.leadershipnow.com/leadershop/images/9781394316489.jpg,,False,True
BOOK01384,Master Your Mindset,,,2025.0,https://www.leadershipnow.com/leadershop/images/9781394320127.jpg,,False,True
BOOK01385,The CEO's Guide to the Investment Galaxy,,,2025.0,https://www.leadershipnow.com/leadershop/images/9781394326730.jpg,,False,True
BOOK01386,From Panic to Profit,,,2025.0,https://www.leadershipnow.com/leadershop/images/9781394331581.jpg,,False,True
BOOK01387,It's Not Magic,,,2025.0,https://www.leadershipnow.com/leadershop/images/9781394338276.jpg,,False,True
BOOK01388,Quick Leadership,,,2025.0,https://www.leadershipnow.com/leadershop/images/9781394339792.jpg,,False,True
BOOK01389,Respect,,,2025.0,https://www.leadershipnow.com/leadershop/images/9781394340965.jpg,,False,True
BOOK01390,Flow Leadership,,,2025.0,https://www.leadershipnow.com/leadershop/images/9781394344864.jpg,,False,True
BOOK01391,Biohacking Leadership,,,2025.0,https://www.leadershipnow.com/leadershop/images/9781394351510.jpg,,False,True
BOOK01392,Irresistible Change,,,2025.0,https://www.leadershipnow.com/leadershop/images/9781394367757.jpg,,False,True
BOOK01393,Stress Nation,,,2025.0,https://www.leadershipnow.com/leadershop/images/9781394374991.jpg,,False,True
BOOK01394,Perseverance Principles,,,2025.0,https://www.leadershipnow.com/leadershop/images/9781394377527.jpg,,False,True
BOOK01395,How to be a Friend (In an Unfriendly World),,,2025.0,https://www.leadershipnow.com/leadershop/images/9781394388868.jpg,,False,True
BOOK01396,The Success Factor,,,2022.0,https://www.leadershipnow.com/leadershop/images/9781398602298.jpg,,False,True
BOOK01397,The Change Mindset,,,2022.0,https://www.leadershipnow.com/leadershop/images/9781398604926.jpg,,False,True
BOOK01398,"Survive, Reset, Thrive",,,2024.0,https://www.leadershipnow.com/leadershop/images/9781398607866.jpg,,False,True
BOOK01399,The Solutionists,,,2023.0,https://www.leadershipnow.com/leadershop/images/9781398609341.jpg,,False,True
BOOK01400,Confident AI,,,2024.0,https://www.leadershipnow.com/leadershop/images/9781398615724.jpg,,False,True
BOOK01401,The Resilient Culture,,,2024.0,https://www.leadershipnow.com/leadershop/images/9781398618329.jpg,,False,True
BOOK01402,Engaging Teams,,,2025.0,https://www.leadershipnow.com/leadershop/images/9781398619722.jpg,,False,True
BOOK01403,Into the Metaverse,,,2023.0,https://www.leadershipnow.com/leadershop/images/9781399401807.jpg,,False,True
BOOK01404,Where Is My Office?,,,2023.0,https://www.leadershipnow.com/leadershop/images/9781399405171.jpg,,False,True
BOOK01405,The Seven Games of Leadership,,,2023.0,https://www.leadershipnow.com/leadershop/images/9781399405478.jpg,,False,True
BOOK01406,How to Think Like a Philosopher,,,2023.0,https://www.leadershipnow.com/leadershop/images/9781399405911.jpg,,False,True
BOOK01407,How to Think Like an Economist,,,2024.0,https://www.leadershipnow.com/leadershop/images/9781399408646.jpg,,False,True
BOOK01408,The World of Work to 2030,,,2024.0,https://www.leadershipnow.com/leadershop/images/9781399412711.jpg,,False,True
BOOK01409,A Year of Creativity,,,2024.0,https://www.leadershipnow.com/leadershop/images/9781399413251.jpg,,False,True
BOOK01410,KIND,,,2025.0,https://www.leadershipnow.com/leadershop/images/9781399417402.jpg,,False,True
BOOK01411,The Stoic Capitalist,,,2025.0,https://www.leadershipnow.com/leadershop/images/9781399423236.jpg,,False,True
BOOK01412,The Flexible Method,,,2023.0,https://www.leadershipnow.com/leadershop/images/9781399806527.jpg,,False,True
BOOK01413,How To Be A CEO,,,2024.0,https://www.leadershipnow.com/leadershop/images/9781399809795.jpg,,False,True
BOOK01414,Our Next Reality,,,2024.0,https://www.leadershipnow.com/leadershop/images/9781399812245.jpg,,False,True
BOOK01415,The Power to Change,,,2025.0,https://www.leadershipnow.com/leadershop/images/9781399825993.jpg,,False,True
BOOK01416,Becoming FDR,,,2022.0,https://www.leadershipnow.com/leadershop/images/9781400067077.jpg,,False,True
BOOK01417,Balancing Acts,,,2022.0,https://www.leadershipnow.com/leadershop/images/9781400223022.jpg,,False,True
BOOK01418,Get What You Want,,,2022.0,https://www.leadershipnow.com/leadershop/images/9781400226177.jpg,,False,True
BOOK01419,Disrupting the Game,,,2022.0,https://www.leadershipnow.com/leadershop/images/9781400226672.jpg,,False,True
BOOK01420,Hero on a Mission,,,2022.0,https://www.leadershipnow.com/leadershop/images/9781400226948.jpg,,False,True
BOOK01421,How to Grow Your Small Business,,,2023.0,https://www.leadershipnow.com/leadershop/images/9781400226955.jpg,,False,True
BOOK01422,Coach Builder,,,2024.0,https://www.leadershipnow.com/leadershop/images/9781400226962.jpg,,False,True
BOOK01423,Undistracted,,,2022.0,https://www.leadershipnow.com/leadershop/images/9781400226979.jpg,,False,True
BOOK01424,"Choose Your Story, Change Your Life",,,2022.0,https://www.leadershipnow.com/leadershop/images/9781400228409.jpg,,False,True
BOOK01425,The Power of Potential,,,2023.0,https://www.leadershipnow.com/leadershop/images/9781400228850.jpg,,False,True
BOOK01426,The Secret Society of Success,,,2022.0,https://www.leadershipnow.com/leadershop/images/9781400229420.jpg,,False,True
BOOK01427,The Art of the Tale,,,2022.0,https://www.leadershipnow.com/leadershop/images/9781400233113.jpg,,False,True
BOOK01428,Leading through Disruption,,,2023.0,https://www.leadershipnow.com/leadershop/images/9781400233830.jpg,,False,True
BOOK01429,Come Up for Air,,,2023.0,https://www.leadershipnow.com/leadershop/images/9781400236725.jpg,,False,True
BOOK01430,Overcoming Impossible,,,2023.0,https://www.leadershipnow.com/leadershop/images/9781400238330.jpg,,False,True
BOOK01431,The Leader's Guide to Managing Risk,,,2023.0,https://www.leadershipnow.com/leadershop/images/9781400243785.jpg,,False,True
BOOK01432,The Ultimate Guide to Developing Leaders,,,2023.0,https://www.leadershipnow.com/leadershop/images/9781400246212.jpg,,False,True
BOOK01433,The Hive Mind at Work,,,2024.0,https://www.leadershipnow.com/leadershop/images/9781400246229.jpg,,False,True
BOOK01434,Powerful Phrases for Dealing with Workplace Conflict,,,2024.0,https://www.leadershipnow.com/leadershop/images/9781400246274.jpg,,False,True
BOOK01435,Be the Unicorn,,,2023.0,https://www.leadershipnow.com/leadershop/images/9781400247103.jpg,,False,True
BOOK01436,Building a StoryBrand 2.0,,,2025.0,https://www.leadershipnow.com/leadershop/images/9781400248872.jpg,,False,True
BOOK01437,Rethinking Work,,,2025.0,https://www.leadershipnow.com/leadershop/images/9781400249305.jpg,,False,True
BOOK01438,Darkhorse,,,2025.0,https://www.leadershipnow.com/leadershop/images/9781400254972.jpg,,False,True
BOOK01439,The Future Begins with Z,,,2025.0,https://www.leadershipnow.com/leadershop/images/9781400256044.jpg,,False,True
BOOK01440,The Perfect Story,,,2023.0,https://www.leadershipnow.com/leadershop/images/9781400333837.jpg,,False,True
BOOK01441,"Think This, Not That",,,2024.0,https://www.leadershipnow.com/leadershop/images/9781400337842.jpg,,False,True
BOOK01442,The Charismatic Leader,,,2025.0,https://www.leadershipnow.com/leadershop/images/9781400346929.jpg,,False,True
BOOK01443,What's in It for Them?,,,2022.0,https://www.leadershipnow.com/leadershop/images/9781401960100.jpg,,False,True
BOOK01444,Be Your Future Self Now,,,2022.0,https://www.leadershipnow.com/leadershop/images/9781401967574.jpg,,False,True
BOOK01445,The Science of Scaling,,,2025.0,https://www.leadershipnow.com/leadershop/images/9781401967635.jpg,,False,True
BOOK01446,Be the Calm or Be the Storm,,,2023.0,https://www.leadershipnow.com/leadershop/images/9781401967680.jpg,,False,True
BOOK01447,Limitless Expanded Edition,,,2023.0,https://www.leadershipnow.com/leadershop/images/9781401968717.jpg,,False,True
BOOK01448,10x Is Easier Than 2x,,,2023.0,https://www.leadershipnow.com/leadershop/images/9781401969950.jpg,,False,True
BOOK01449,Gravitas,,,2023.0,https://www.leadershipnow.com/leadershop/images/9781401972530.jpg,,False,True
BOOK01450,Protect Your Peace,,,2024.0,https://www.leadershipnow.com/leadershop/images/9781401973162.jpg,,False,True
BOOK01451,Success Is a Numbers Game,,,2025.0,https://www.leadershipnow.com/leadershop/images/9781401975425.jpg,,False,True
BOOK01452,Breaking Bias,,,2024.0,https://www.leadershipnow.com/leadershop/images/9781401977313.jpg,,False,True
BOOK01453,Intentionality,,,2024.0,https://www.leadershipnow.com/leadershop/images/9781401977542.jpg,,False,True
BOOK01454,7 Rules of Self-Reliance,,,2024.0,https://www.leadershipnow.com/leadershop/images/9781401978662.jpg,,False,True
BOOK01455,Unicorn Team,,,2025.0,https://www.leadershipnow.com/leadershop/images/9781401980276.jpg,,False,True
BOOK01456,12 Notes,,,2022.0,https://www.leadershipnow.com/leadershop/images/9781419752568.jpg,,False,True
BOOK01457,Trust Matters More Than Ever,,,2024.0,https://www.leadershipnow.com/leadershop/images/9781424568918.jpg,,False,True
BOOK01458,The Compass Within,,,2025.0,https://www.leadershipnow.com/leadershop/images/9781464245190.jpg,,False,True
BOOK01459,Lying Numbers,,,2022.0,https://www.leadershipnow.com/leadershop/images/9781472143617.jpg,,False,True
BOOK01460,The Long View,,,2023.0,https://www.leadershipnow.com/leadershop/images/9781472285218.jpg,,False,True
BOOK01461,InCredible Communication,,,2022.0,https://www.leadershipnow.com/leadershop/images/9781472991720.jpg,,False,True
BOOK01462,The Awareness Code,,,2022.0,https://www.leadershipnow.com/leadershop/images/9781472992079.jpg,,False,True
BOOK01463,How to Be a Founder,,,2022.0,https://www.leadershipnow.com/leadershop/images/9781472994349.jpg,,False,True
BOOK01464,Leadership in Star Trek,,,2023.0,https://www.leadershipnow.com/leadershop/images/9781476690445.jpg,,False,True
BOOK01465,Wanamaker's Temple,,,2023.0,https://www.leadershipnow.com/leadershop/images/9781479835935.jpg,,False,True
BOOK01466,Intentional Leadership,,,2023.0,https://www.leadershipnow.com/leadershop/images/9781487508876.jpg,,False,True
BOOK01467,The Trials of Harry S. Truman,,,2022.0,https://www.leadershipnow.com/leadershop/images/9781501102899.jpg,,False,True
BOOK01468,How Countries Go Broke,,,2025.0,https://www.leadershipnow.com/leadershop/images/9781501124068.jpg,,False,True
BOOK01469,The Founders,,,2022.0,https://www.leadershipnow.com/leadershop/images/9781501197260.jpg,,False,True
BOOK01470,Chasing Automation,,,2022.0,https://www.leadershipnow.com/leadershop/images/9781501763991.jpg,,False,True
BOOK01471,Design Leadership Ignited,,,2022.0,https://www.leadershipnow.com/leadershop/images/9781503613966.jpg,,False,True
BOOK01472,Unleash Your Complexity Genius,,,2022.0,https://www.leadershipnow.com/leadershop/images/9781503630475.jpg,,False,True
BOOK01473,Venture Meets Mission,,,2024.0,https://www.leadershipnow.com/leadershop/images/9781503636286.jpg,,False,True
BOOK01474,Good Money Revolution,,,2022.0,https://www.leadershipnow.com/leadershop/images/9781510772915.jpg,,False,True
BOOK01475,The Datapreneurs,,,2023.0,https://www.leadershipnow.com/leadershop/images/9781510778412.jpg,,False,True
BOOK01476,Startup Story,,,2023.0,https://www.leadershipnow.com/leadershop/images/9781510778788.jpg,,False,True
BOOK01477,The Mentally Strong Leader,,,2024.0,https://www.leadershipnow.com/leadershop/images/9781510780583.jpg,,False,True
BOOK01478,Flying for Peanuts,,,2024.0,https://www.leadershipnow.com/leadershop/images/9781510781665.jpg,,False,True
BOOK01479,Risks and Returns,,,2024.0,https://www.leadershipnow.com/leadershop/images/9781510781719.jpg,,False,True
BOOK01480,The RevOps Advantage,,,2025.0,https://www.leadershipnow.com/leadershop/images/9781510783683.jpg,,False,True
BOOK01481,Healthy Calling,,,2025.0,https://www.leadershipnow.com/leadershop/images/9781514008409.jpg,,False,True
BOOK01482,Formed to Lead,,,2025.0,https://www.leadershipnow.com/leadershop/images/9781514009901.jpg,,False,True
BOOK01483,How Leaders Lose Their Way,,,2025.0,https://www.leadershipnow.com/leadershop/images/9781514013540.jpg,,False,True
BOOK01484,Understanding Organizations...Finally!,,,2023.0,https://www.leadershipnow.com/leadershop/images/9781523000050.jpg,,False,True
BOOK01485,Building Better Organizations,,,2022.0,https://www.leadershipnow.com/leadershop/images/9781523000449.jpg,,False,True
BOOK01486,Simple Truths of Leadership,,,2022.0,https://www.leadershipnow.com/leadershop/images/9781523000623.jpg,,False,True
BOOK01487,The Revelation Conversation,,,2022.0,https://www.leadershipnow.com/leadershop/images/9781523000678.jpg,,False,True
BOOK01488,From Conflict to Courage,,,2022.0,https://www.leadershipnow.com/leadershop/images/9781523000722.jpg,,False,True
BOOK01489,Reach,,,2022.0,https://www.leadershipnow.com/leadershop/images/9781523000876.jpg,,False,True
BOOK01490,I Wish I'd Known This,,,2022.0,https://www.leadershipnow.com/leadershop/images/9781523000975.jpg,,False,True
BOOK01491,Holding the Calm,,,2022.0,https://www.leadershipnow.com/leadershop/images/9781523001934.jpg,,False,True
BOOK01492,Show the Value of What You Do,,,2022.0,https://www.leadershipnow.com/leadershop/images/9781523002276.jpg,,False,True
BOOK01493,The Human Side of Innovation,,,2022.0,https://www.leadershipnow.com/leadershop/images/9781523002887.jpg,,False,True
BOOK01494,Communicate with Courage,,,2022.0,https://www.leadershipnow.com/leadershop/images/9781523003129.jpg,,False,True
BOOK01495,Leadership Two Words at a Time,,,2022.0,https://www.leadershipnow.com/leadershop/images/9781523003174.jpg,,False,True
BOOK01496,The Art of Conscious Conversations,,,2022.0,https://www.leadershipnow.com/leadershop/images/9781523003266.jpg,,False,True
BOOK01497,The Long-Distance Team,,,2023.0,https://www.leadershipnow.com/leadershop/images/9781523003419.jpg,,False,True
BOOK01498,Office Shock,,,2023.0,https://www.leadershipnow.com/leadershop/images/9781523003679.jpg,,False,True
BOOK01499,Revolutionizing Business Operations,,,2023.0,https://www.leadershipnow.com/leadershop/images/9781523003983.jpg,,False,True
BOOK01500,Why Motivating People Doesn't Work...and What Does,,,2023.0,https://www.leadershipnow.com/leadershop/images/9781523004126.jpg,,False,True
BOOK01501,Take Your Company Global,,,2023.0,https://www.leadershipnow.com/leadershop/images/9781523004430.jpg,,False,True
BOOK01502,Compassionate Accountability,,,2023.0,https://www.leadershipnow.com/leadershop/images/9781523004539.jpg,,False,True
BOOK01503,Breakthrough Coaching,,,2024.0,https://www.leadershipnow.com/leadershop/images/9781523004829.jpg,,False,True
BOOK01504,The Secret of Culture Change,,,2023.0,https://www.leadershipnow.com/leadershop/images/9781523004928.jpg,,False,True
BOOK01505,The Heart of Innovation,,,2023.0,https://www.leadershipnow.com/leadershop/images/9781523005703.jpg,,False,True
BOOK01506,The Possible Self,,,2024.0,https://www.leadershipnow.com/leadershop/images/9781523006014.jpg,,False,True
BOOK01507,Simple Truths of Leadership Playbook,,,2023.0,https://www.leadershipnow.com/leadershop/images/9781523006113.jpg,,False,True
BOOK01508,Head & Heart,,,2023.0,https://www.leadershipnow.com/leadershop/images/9781523006205.jpg,,False,True
BOOK01509,The Generous Leader,,,2024.0,https://www.leadershipnow.com/leadershop/images/9781523006618.jpg,,False,True
BOOK01510,Thinking at the Speed of Bias,,,2024.0,https://www.leadershipnow.com/leadershop/images/9781523006762.jpg,,False,True
BOOK01511,From Founder to Future,,,2025.0,https://www.leadershipnow.com/leadershop/images/9781523006816.jpg,,False,True
BOOK01512,"Human First, Leader Second",,,2024.0,https://www.leadershipnow.com/leadershop/images/9781523007059.jpg,,False,True
BOOK01513,Fierce Resilience,,,2024.0,https://www.leadershipnow.com/leadershop/images/9781523007141.jpg,,False,True
BOOK01514,Radical Listening,,,2025.0,https://www.leadershipnow.com/leadershop/images/9781523007196.jpg,,False,True
BOOK01515,The Courage Gap,,,2025.0,https://www.leadershipnow.com/leadershop/images/9781523007240.jpg,,False,True
BOOK01516,"Change Your Questions, Change Your Life:",,,2022.0,https://www.leadershipnow.com/leadershop/images/9781523091034.jpg,,False,True
BOOK01517,"Change Your Questions, Change Your Life Workbook:",,,2022.0,https://www.leadershipnow.com/leadershop/images/9781523091201.jpg,,False,True
BOOK01518,Smart Brevity,,,2022.0,https://www.leadershipnow.com/leadershop/images/9781523516971.jpg,,False,True
BOOK01519,Champion Mindset,,,2025.0,https://www.leadershipnow.com/leadershop/images/9781523527878.jpg,,False,True
BOOK01520,The Strategists,,,2024.0,https://www.leadershipnow.com/leadershop/images/9781524746483.jpg,,False,True
BOOK01521,Emotional,,,2022.0,https://www.leadershipnow.com/leadershop/images/9781524747596.jpg,,False,True
BOOK01522,The View from Ninety,,,2025.0,https://www.leadershipnow.com/leadershop/images/9781529154801.jpg,,False,True
BOOK01523,Inside Out,,,2022.0,https://www.leadershipnow.com/leadershop/images/9781529369779.jpg,,False,True
BOOK01524,The Brain-Friendly Workplace,,,2022.0,https://www.leadershipnow.com/leadershop/images/9781538159538.jpg,,False,True
BOOK01525,Positive Communication for Leaders,,,2023.0,https://www.leadershipnow.com/leadershop/images/9781538167618.jpg,,False,True
BOOK01526,Dancing with Disruption,,,2023.0,https://www.leadershipnow.com/leadershop/images/9781538169377.jpg,,False,True
BOOK01527,The A-Ha! Method,,,2023.0,https://www.leadershipnow.com/leadershop/images/9781538172216.jpg,,False,True
BOOK01528,Emotion By Design,,,2022.0,https://www.leadershipnow.com/leadershop/images/9781538705599.jpg,,False,True
BOOK01529,Becoming a Changemaker,,,2022.0,https://www.leadershipnow.com/leadershop/images/9781538707760.jpg,,False,True
BOOK01530,The Wisdom of the Bullfrog,,,2023.0,https://www.leadershipnow.com/leadershop/images/9781538707944.jpg,,False,True
BOOK01531,Mastering Community,,,2022.0,https://www.leadershipnow.com/leadershop/images/9781538736869.jpg,,False,True
BOOK01532,Seek,,,2023.0,https://www.leadershipnow.com/leadershop/images/9781538740804.jpg,,False,True
BOOK01533,Hope for Cynics,,,2024.0,https://www.leadershipnow.com/leadershop/images/9781538743065.jpg,,False,True
BOOK01534,Sideline CEO,,,2023.0,https://www.leadershipnow.com/leadershop/images/9781538758380.jpg,,False,True
BOOK01535,Conquering Crisis,,,2025.0,https://www.leadershipnow.com/leadershop/images/9781538771747.jpg,,False,True
BOOK01536,Leadership Not by the Book,,,2022.0,https://www.leadershipnow.com/leadershop/images/9781540902245.jpg,,False,True
BOOK01537,For Profit,,,2023.0,https://www.leadershipnow.com/leadershop/images/9781541601567.jpg,,False,True
BOOK01538,Nobody's Fool,,,2023.0,https://www.leadershipnow.com/leadershop/images/9781541602236.jpg,,False,True
BOOK01539,The Self Delusion,,,2022.0,https://www.leadershipnow.com/leadershop/images/9781541602298.jpg,,False,True
BOOK01540,How to Expect the Unexpected,,,2023.0,https://www.leadershipnow.com/leadershop/images/9781541604933.jpg,,False,True
BOOK01541,The Quest for Character,,,2022.0,https://www.leadershipnow.com/leadershop/images/9781541646971.jpg,,False,True
BOOK01542,Awaken Your Genius,,,2023.0,https://www.leadershipnow.com/leadershop/images/9781541700369.jpg,,False,True
BOOK01543,For the Culture,,,2023.0,https://www.leadershipnow.com/leadershop/images/9781541700963.jpg,,False,True
BOOK01544,The Crux,,,2022.0,https://www.leadershipnow.com/leadershop/images/9781541701243.jpg,,False,True
BOOK01545,How to Beat a Broken Game,,,2022.0,https://www.leadershipnow.com/leadershop/images/9781541701427.jpg,,False,True
BOOK01546,The Future Is Analog,,,2022.0,https://www.leadershipnow.com/leadershop/images/9781541701557.jpg,,False,True
BOOK01547,The Tao of Alibaba,,,2022.0,https://www.leadershipnow.com/leadershop/images/9781541701656.jpg,,False,True
BOOK01548,The Sound of the Future,,,2023.0,https://www.leadershipnow.com/leadershop/images/9781541702363.jpg,,False,True
BOOK01549,Credible,,,2023.0,https://www.leadershipnow.com/leadershop/images/9781541702509.jpg,,False,True
BOOK01550,The Life Cycle of a CEO,,,2024.0,https://www.leadershipnow.com/leadershop/images/9781541702820.jpg,,False,True
BOOK01551,A Leader's Destiny,,,2024.0,https://www.leadershipnow.com/leadershop/images/9781541703018.jpg,,False,True
BOOK01552,The Creativity Choice,,,2025.0,https://www.leadershipnow.com/leadershop/images/9781541704329.jpg,,False,True
BOOK01553,Pattern Breakers,,,2024.0,https://www.leadershipnow.com/leadershop/images/9781541704350B.jpg,,False,True
BOOK01554,Meaningful Work,,,2025.0,https://www.leadershipnow.com/leadershop/images/9781541704534.jpg,,False,True
BOOK01555,There's Got to Be a Better Way,,,2025.0,https://www.leadershipnow.com/leadershop/images/9781541704626.jpg,,False,True
BOOK01556,The Dark Pattern,,,2025.0,https://www.leadershipnow.com/leadershop/images/9781541705302.jpg,,False,True
BOOK01557,Manage Yourself to Lead Others,,,2025.0,https://www.leadershipnow.com/leadershop/images/9781541705685.jpg,,False,True
BOOK01558,Why Managers Matter,,,2022.0,https://www.leadershipnow.com/leadershop/images/9781541751040.jpg,,False,True
BOOK01559,"Warriors, Rebels, and Saints",,,2023.0,https://www.leadershipnow.com/leadershop/images/9781541758476.jpg,,False,True
BOOK01560,The Greatest Capitalist Who Ever Lived,,,2023.0,https://www.leadershipnow.com/leadershop/images/9781541768529.jpg,,False,True
BOOK01561,You Can Be Yourself Here,,,2022.0,https://www.leadershipnow.com/leadershop/images/9781544526546.jpg,,False,True
BOOK01562,End Game First,,,2023.0,https://www.leadershipnow.com/leadershop/images/9781544527567.jpg,,False,True
BOOK01563,The Learn-It-All Leader,,,2023.0,https://www.leadershipnow.com/leadershop/images/9781544541631.jpg,,False,True
BOOK01564,Best Team Ever,,,2023.0,https://www.leadershipnow.com/leadershop/images/9781544541747.jpg,,False,True
BOOK01565,Blindspots,,,2025.0,https://www.leadershipnow.com/leadershop/images/9781544547466.jpg,,False,True
BOOK01566,The Thinker's Edge,,,2022.0,https://www.leadershipnow.com/leadershop/images/9781546002482.jpg,,False,True
BOOK01567,Trust,,,2023.0,https://www.leadershipnow.com/leadershop/images/9781546003373.jpg,,False,True
BOOK01568,"Go Woke, Go Broke",,,2024.0,https://www.leadershipnow.com/leadershop/images/9781546007418.jpg,,False,True
BOOK01569,Nobody Is Coming to Save You,,,2024.0,https://www.leadershipnow.com/leadershop/images/9781546008286.jpg,,False,True
BOOK01570,The Relationship-Driven Leader,,,2025.0,https://www.leadershipnow.com/leadershop/images/9781572843509.jpg,,False,True
BOOK01571,Proactive Problem Solving,,,2024.0,https://www.leadershipnow.com/leadershop/images/9781578600021.jpg,,False,True
BOOK01572,Get Pay Right,,,2024.0,https://www.leadershipnow.com/leadershop/images/9781586446581.jpg,,False,True
BOOK01573,On the Edge,,,2024.0,https://www.leadershipnow.com/leadershop/images/9781594204128.jpg,,False,True
BOOK01574,Blind Spot,,,2022.0,https://www.leadershipnow.com/leadershop/images/9781595622457.jpg,,False,True
BOOK01575,Culture Shock,,,2023.0,https://www.leadershipnow.com/leadershop/images/9781595622471.jpg,,False,True
BOOK01576,The Ravens,,,2022.0,https://www.leadershipnow.com/leadershop/images/9781612681009.jpg,,False,True
BOOK01577,Lead Well,,,2025.0,https://www.leadershipnow.com/leadershop/images/9781613631898.jpg,,False,True
BOOK01578,In Praise of the Office,,,2025.0,https://www.leadershipnow.com/leadershop/images/9781613631935.jpg,,False,True
BOOK01579,An Unplanned Life,,,2022.0,https://www.leadershipnow.com/leadershop/images/9781620977576.jpg,,False,True
BOOK01580,How to Hold Power,,,2023.0,https://www.leadershipnow.com/leadershop/images/9781623179243.jpg,,False,True
BOOK01581,The Transformation Factor,,,2022.0,https://www.leadershipnow.com/leadershop/images/9781626348448.jpg,,False,True
BOOK01582,Leading Lightly,,,2022.0,https://www.leadershipnow.com/leadershop/images/9781626348998.jpg,,False,True
BOOK01583,Finding the Way,,,2023.0,https://www.leadershipnow.com/leadershop/images/9781626349117.jpg,,False,True
BOOK01584,Elite and True,,,2022.0,https://www.leadershipnow.com/leadershop/images/9781626349681.jpg,,False,True
BOOK01585,All the War They Want,,,2023.0,https://www.leadershipnow.com/leadershop/images/9781626349728.jpg,,False,True
BOOK01586,Perpetual Transformation,,,2022.0,https://www.leadershipnow.com/leadershop/images/9781628257564.jpg,,False,True
BOOK01587,The Peacemaker,,,2023.0,https://www.leadershipnow.com/leadershop/images/9781630062019.jpg,,False,True
BOOK01588,Becoming a Master Communicator,,,2022.0,https://www.leadershipnow.com/leadershop/images/9781631956003.jpg,,False,True
BOOK01589,Ignite a Shift,,,2022.0,https://www.leadershipnow.com/leadershop/images/9781631958052.jpg,,False,True
BOOK01590,The Leader’s Toolbox,,,2022.0,https://www.leadershipnow.com/leadershop/images/9781631959233.jpg,,False,True
BOOK01591,Leading to Succeed,,,2024.0,https://www.leadershipnow.com/leadershop/images/9781632261427.jpg,,False,True
BOOK01592,The Decisive Manager,,,2023.0,https://www.leadershipnow.com/leadershop/images/9781632652010.jpg,,False,True
BOOK01593,How to Win Friends and Manage Remotely,,,2022.0,https://www.leadershipnow.com/leadershop/images/9781632652027.jpg,,False,True
BOOK01594,Lead Boldly,,,2024.0,https://www.leadershipnow.com/leadershop/images/9781632652119.jpg,,False,True
BOOK01595,The Trifecta of Trust,,,2022.0,https://www.leadershipnow.com/leadershop/images/9781632995285.jpg,,False,True
BOOK01596,The Leader's Playlist,,,2022.0,https://www.leadershipnow.com/leadershop/images/9781632996015.jpg,,False,True
BOOK01597,The Unicorn Within,,,2022.0,https://www.leadershipnow.com/leadershop/images/9781633698680.jpg,,False,True
BOOK01598,Stage (Not Age),,,2022.0,https://www.leadershipnow.com/leadershop/images/9781633699472.jpg,,False,True
BOOK01599,Nothing Is Random,,,2025.0,https://www.leadershipnow.com/leadershop/images/9781635822342.jpg,,False,True
BOOK01600,Flawed Commanders and Strategy in the Battles for Italy,,,2023.0,https://www.leadershipnow.com/leadershop/images/9781636243122.jpg,,False,True
BOOK01601,Human Design For Business,,,2023.0,https://www.leadershipnow.com/leadershop/images/9781636981680.jpg,,False,True
BOOK01602,The Five Rules,,,2023.0,https://www.leadershipnow.com/leadershop/images/9781636982014.jpg,,False,True
BOOK01603,The Innovative Leader,,,2024.0,https://www.leadershipnow.com/leadershop/images/9781636983080.jpg,,False,True
BOOK01604,Impact,,,2025.0,https://www.leadershipnow.com/leadershop/images/9781636986555.jpg,,False,True
BOOK01605,One Move Makes All the Difference,,,2025.0,https://www.leadershipnow.com/leadershop/images/9781636987897.jpg,,False,True
BOOK01606,I Don’t Understand,,,2023.0,https://www.leadershipnow.com/leadershop/images/9781637424872.jpg,,False,True
BOOK01607,Lead With AI,,,2024.0,https://www.leadershipnow.com/leadershop/images/9781637425930.jpg,,False,True
BOOK01608,Ignite All,,,2024.0,https://www.leadershipnow.com/leadershop/images/9781637426142.jpg,,False,True
BOOK01609,The Open Culture Handbook,,,2023.0,https://www.leadershipnow.com/leadershop/images/9781637551172.jpg,,False,True
BOOK01610,The Risk Paradox,,,2022.0,https://www.leadershipnow.com/leadershop/images/9781637551530.jpg,,False,True
BOOK01611,Lead and Let Live,,,2023.0,https://www.leadershipnow.com/leadershop/images/9781637554937.jpg,,False,True
BOOK01612,Beyond High Performance,,,2023.0,https://www.leadershipnow.com/leadershop/images/9781637554968.jpg,,False,True
BOOK01613,Relationships at Work,,,2023.0,https://www.leadershipnow.com/leadershop/images/9781637555378.jpg,,False,True
BOOK01614,Prepare for Impact,,,2024.0,https://www.leadershipnow.com/leadershop/images/9781637556481.jpg,,False,True
BOOK01615,Mindstuck,,,2023.0,https://www.leadershipnow.com/leadershop/images/9781637557396.jpg,,False,True
BOOK01616,Becoming Coachable,,,2023.0,https://www.leadershipnow.com/leadershop/images/9781637557686.jpg,,False,True
BOOK01617,Modern Achievement,,,2024.0,https://www.leadershipnow.com/leadershop/images/9781637558256.jpg,,False,True
BOOK01618,Resilience@Work,,,2024.0,https://www.leadershipnow.com/leadershop/images/9781637559925.jpg,,False,True
BOOK01619,Hunting Discomfort,,,2022.0,https://www.leadershipnow.com/leadershop/images/9781637560143.jpg,,False,True
BOOK01620,Leaders Leap,,,2024.0,https://www.leadershipnow.com/leadershop/images/9781637560297.jpg,,False,True
BOOK01621,Angels and Entrepreneurs,,,2022.0,https://www.leadershipnow.com/leadershop/images/9781637581513.jpg,,False,True
BOOK01622,No Red Lights,,,2022.0,https://www.leadershipnow.com/leadershop/images/9781637582930.jpg,,False,True
BOOK01623,Stand Alone,,,2022.0,https://www.leadershipnow.com/leadershop/images/9781637582954.jpg,,False,True
BOOK01624,SLAY the Bully,,,2023.0,https://www.leadershipnow.com/leadershop/images/9781637586860.jpg,,False,True
BOOK01625,How the Best Did It,,,2025.0,https://www.leadershipnow.com/leadershop/images/9781637586976.jpg,,False,True
BOOK01626,Grace Under Pressure,,,2023.0,https://www.leadershipnow.com/leadershop/images/9781637587560.jpg,,False,True
BOOK01627,Building Trust,,,2022.0,https://www.leadershipnow.com/leadershop/images/9781637630792.jpg,,False,True
BOOK01628,Turning Small Talk into Big Talk,,,2023.0,https://www.leadershipnow.com/leadershop/images/9781637631195.jpg,,False,True
BOOK01629,Generosity Wins,,,2023.0,https://www.leadershipnow.com/leadershop/images/9781637631812.jpg,,False,True
BOOK01630,The Perfect 10,,,2024.0,https://www.leadershipnow.com/leadershop/images/9781637631836.jpg,,False,True
BOOK01631,Aliveness Mindset,,,2024.0,https://www.leadershipnow.com/leadershop/images/9781637632611.jpg,,False,True
BOOK01632,Awaken Your Potential,,,2024.0,https://www.leadershipnow.com/leadershop/images/9781637632796.jpg,,False,True
BOOK01633,Fire in the Hole!,,,2024.0,https://www.leadershipnow.com/leadershop/images/9781637632987.jpg,,False,True
BOOK01634,Aware,,,2025.0,https://www.leadershipnow.com/leadershop/images/9781637634585.jpg,,False,True
BOOK01635,The Public Relations Handbook,,,2022.0,https://www.leadershipnow.com/leadershop/images/9781637740613.jpg,,False,True
BOOK01636,Straight Talk,,,2022.0,https://www.leadershipnow.com/leadershop/images/9781637740651.jpg,,False,True
BOOK01637,The Art of Principled Entrepreneurship,,,2022.0,https://www.leadershipnow.com/leadershop/images/9781637740699.jpg,,False,True
BOOK01638,The Leadership Secrets of Nick Saban,,,2022.0,https://www.leadershipnow.com/leadershop/images/9781637740835.jpg,,False,True
BOOK01639,The New Roaring Twenties,,,2023.0,https://www.leadershipnow.com/leadershop/images/9781637740972.jpg,,False,True
BOOK01640,No Point B,,,2022.0,https://www.leadershipnow.com/leadershop/images/9781637740996.jpg,,False,True
BOOK01641,7 Rules of Power,,,2022.0,https://www.leadershipnow.com/leadershop/images/9781637741221.jpg,,False,True
BOOK01642,Unlock Your Potential,,,2022.0,https://www.leadershipnow.com/leadershop/images/9781637741740.jpg,,False,True
BOOK01643,There Is No Box,,,2022.0,https://www.leadershipnow.com/leadershop/images/9781637741948.jpg,,False,True
BOOK01644,"Fall in Love with the Problem, Not the Solution",,,2023.0,https://www.leadershipnow.com/leadershop/images/9781637741986.jpg,,False,True
BOOK01645,Experiential Intelligence,,,2023.0,https://www.leadershipnow.com/leadershop/images/9781637742020.jpg,,False,True
BOOK01646,Never Ride a Rollercoaster Upside Down,,,2022.0,https://www.leadershipnow.com/leadershop/images/9781637742228.jpg,,False,True
BOOK01647,Joy of Agility,,,2023.0,https://www.leadershipnow.com/leadershop/images/9781637742778.jpg,,False,True
BOOK01648,Culture Rules,,,2023.0,https://www.leadershipnow.com/leadershop/images/9781637742877.jpg,,False,True
BOOK01649,"Farther, Faster, and Far Less Drama",,,2023.0,https://www.leadershipnow.com/leadershop/images/9781637742891.jpg,,False,True
BOOK01650,The Ultimate Guide to Power & Influence,,,2023.0,https://www.leadershipnow.com/leadershop/images/9781637742938.jpg,,False,True
BOOK01651,The 6 Types of Working Genius,,,2022.0,https://www.leadershipnow.com/leadershop/images/9781637743294.jpg,,False,True
BOOK01652,Mastering Uncertainty,,,2023.0,https://www.leadershipnow.com/leadershop/images/9781637743621.jpg,,False,True
BOOK01653,The 32 Principles,,,2023.0,https://www.leadershipnow.com/leadershop/images/9781637743669.jpg,,False,True
BOOK01654,The Vagrant,,,2023.0,https://www.leadershipnow.com/leadershop/images/9781637743706.jpg,,False,True
BOOK01655,Fast Forward,,,2023.0,https://www.leadershipnow.com/leadershop/images/9781637744000.jpg,,False,True
BOOK01656,Belonging Rules,,,2023.0,https://www.leadershipnow.com/leadershop/images/9781637744024.jpg,,False,True
BOOK01657,The Idea Is the Easy Part,,,2023.0,https://www.leadershipnow.com/leadershop/images/9781637744048.jpg,,False,True
BOOK01658,Ask Like an Auctioneer,,,2023.0,https://www.leadershipnow.com/leadershop/images/9781637744123.jpg,,False,True
BOOK01659,Crossing the Desert,,,2024.0,https://www.leadershipnow.com/leadershop/images/9781637744604.jpg,,False,True
BOOK01660,Uncommon Greatness,,,2024.0,https://www.leadershipnow.com/leadershop/images/9781637744703.jpg,,False,True
BOOK01661,Irreplaceable,,,2024.0,https://www.leadershipnow.com/leadershop/images/9781637744741.jpg,,False,True
BOOK01662,Making Waves,,,2024.0,https://www.leadershipnow.com/leadershop/images/9781637744802.jpg,,False,True
BOOK01663,Unstoppable Mindset,,,2024.0,https://www.leadershipnow.com/leadershop/images/9781637744840.jpg,,False,True
BOOK01664,The Hacker Mindset,,,2024.0,https://www.leadershipnow.com/leadershop/images/9781637744864.jpg,,False,True
BOOK01665,Shine,,,2024.0,https://www.leadershipnow.com/leadershop/images/9781637745144.jpg,,False,True
BOOK01666,The Score That Matters,,,2024.0,https://www.leadershipnow.com/leadershop/images/9781637745236.jpg,,False,True
BOOK01667,Becoming a Self-Reliant Leader,,,2024.0,https://www.leadershipnow.com/leadershop/images/9781637745595.jpg,,False,True
BOOK01668,Elevate Your Excellence,,,2024.0,https://www.leadershipnow.com/leadershop/images/9781637745618.jpg,,False,True
BOOK01669,Rebel,,,2024.0,https://www.leadershipnow.com/leadershop/images/9781637745656.jpg,,False,True
BOOK01670,The Entrepreneurial Mindset Advantage,,,2024.0,https://www.leadershipnow.com/leadershop/images/9781637745779.jpg,,False,True
BOOK01671,Go One More,,,2025.0,https://www.leadershipnow.com/leadershop/images/9781637746219.jpg,,False,True
BOOK01672,Perseverance > Endurance,,,2025.0,https://www.leadershipnow.com/leadershop/images/9781637746271.jpg,,False,True
BOOK01673,Leading Giants,,,2025.0,https://www.leadershipnow.com/leadershop/images/9781637746332.jpg,,False,True
BOOK01674,Detach,,,2025.0,https://www.leadershipnow.com/leadershop/images/9781637746455.jpg,,False,True
BOOK01675,All Business Is Personal,,,2025.0,https://www.leadershipnow.com/leadershop/images/9781637746769.jpg,,False,True
BOOK01676,Reinventing the Leader,,,2025.0,https://www.leadershipnow.com/leadershop/images/9781637746806.jpg,,False,True
BOOK01677,Time to Get Real,,,2025.0,https://www.leadershipnow.com/leadershop/images/9781637746868.jpg,,False,True
BOOK01678,"Founders, Keepers",,,2025.0,https://www.leadershipnow.com/leadershop/images/9781637746905.jpg,,False,True
BOOK01679,Unruly,,,2025.0,https://www.leadershipnow.com/leadershop/images/9781637746967.jpg,,False,True
BOOK01680,Lead Every Day,,,2025.0,https://www.leadershipnow.com/leadershop/images/9781637747278.jpg,,False,True
BOOK01681,The Transformation Principles,,,2025.0,https://www.leadershipnow.com/leadershop/images/9781637747353.jpg,,False,True
BOOK01682,"Small Moves, Big Life",,,2025.0,https://www.leadershipnow.com/leadershop/images/9781637747452.jpg,,False,True
BOOK01683,You to the Power of Two,,,2025.0,https://www.leadershipnow.com/leadershop/images/9781637747841.jpg,,False,True
BOOK01684,Building Corporate Soul,,,2022.0,https://www.leadershipnow.com/leadershop/images/9781639080021.jpg,,False,True
BOOK01685,The Double Bottom Line,,,2022.0,https://www.leadershipnow.com/leadershop/images/9781639080045.jpg,,False,True
BOOK01686,The Culture Climb,,,2023.0,https://www.leadershipnow.com/leadershop/images/9781639080328.jpg,,False,True
BOOK01687,Don't Lead Alone,,,2023.0,https://www.leadershipnow.com/leadershop/images/9781639080403.jpg,,False,True
BOOK01688,The Growth Leader,,,2023.0,https://www.leadershipnow.com/leadershop/images/9781639080472.jpg,,False,True
BOOK01689,A Hidden Force,,,2023.0,https://www.leadershipnow.com/leadershop/images/9781639080588.jpg,,False,True
BOOK01690,Delivering the Wow,,,2025.0,https://www.leadershipnow.com/leadershop/images/9781639081592.jpg,,False,True
BOOK01691,Founded,,,2022.0,https://www.leadershipnow.com/leadershop/images/9781639090075.jpg,,False,True
BOOK01692,Grow,,,2023.0,https://www.leadershipnow.com/leadershop/images/9781639090105.jpg,,False,True
BOOK01693,When Grit Is Not Enough,,,2024.0,https://www.leadershipnow.com/leadershop/images/9781639090259.jpg,,False,True
BOOK01694,Brand ON!,,,2025.0,https://www.leadershipnow.com/leadershop/images/9781639090518.jpg,,False,True
BOOK01695,Running the Gauntlet,,,2025.0,https://www.leadershipnow.com/leadershop/images/9781639090563.jpg,,False,True
BOOK01696,The Power of Culture,,,2024.0,https://www.leadershipnow.com/leadershop/images/9781639367283.jpg,,False,True
BOOK01697,50 Ideas that Changed the World of Work,,,2025.0,https://www.leadershipnow.com/leadershop/images/9781639368495.jpg,,False,True
BOOK01698,Habits of a Peacemaker,,,2024.0,https://www.leadershipnow.com/leadershop/images/9781639932979.jpg,,False,True
BOOK01699,A Failure of Nerve in 52 Weeks,,,2023.0,https://www.leadershipnow.com/leadershop/images/9781640656529.jpg,,False,True
BOOK01700,Momentum,,,2024.0,https://www.leadershipnow.com/leadershop/images/9781640955523.jpg,,False,True
BOOK01701,"Mentally Fit, Powerfully Resilient, Competitively Strong",,,2024.0,https://www.leadershipnow.com/leadershop/images/9781640955561.jpg,,False,True
BOOK01702,Winning for Life,,,2024.0,https://www.leadershipnow.com/leadershop/images/9781640955677.jpg,,False,True
BOOK01703,Be Astonishing,,,2025.0,https://www.leadershipnow.com/leadershop/images/9781640955837.jpg,,False,True
BOOK01704,Positive Influence,,,2023.0,https://www.leadershipnow.com/leadershop/images/9781641467629.jpg,,False,True
BOOK01705,The Seven Tensions of Negotiation,,,2024.0,https://www.leadershipnow.com/leadershop/images/9781641468947.jpg,,False,True
BOOK01706,Winning Through Failure,,,2024.0,https://www.leadershipnow.com/leadershop/images/9781641469029.jpg,,False,True
BOOK01707,Stop the Shift Show,,,2024.0,https://www.leadershipnow.com/leadershop/images/9781642011623.jpg,,False,True
BOOK01708,Extreme Balance,,,2024.0,https://www.leadershipnow.com/leadershop/images/9781642011777.jpg,,False,True
BOOK01709,The Seismic Shift In Leadership,,,2022.0,https://www.leadershipnow.com/leadershop/images/9781642251425.jpg,,False,True
BOOK01710,Your Time With The Baton,,,2023.0,https://www.leadershipnow.com/leadershop/images/9781642254136.jpg,,False,True
BOOK01711,From Welfare To CEO,,,2024.0,https://www.leadershipnow.com/leadershop/images/9781642255942.jpg,,False,True
BOOK01712,The Farmer’s Code,,,2024.0,https://www.leadershipnow.com/leadershop/images/9781642256635.jpg,,False,True
BOOK01713,Leading for Impact,,,2024.0,https://www.leadershipnow.com/leadershop/images/9781642257625.jpg,,False,True
BOOK01714,Upheaval,,,2024.0,https://www.leadershipnow.com/leadershop/images/9781642257861.jpg,,False,True
BOOK01715,The Goodwill Jar,,,2024.0,https://www.leadershipnow.com/leadershop/images/9781642258561.jpg,,False,True
BOOK01716,From Tension to Transformation,,,2024.0,https://www.leadershipnow.com/leadershop/images/9781642259186.jpg,,False,True
BOOK01717,Leadership Shock,,,2024.0,https://www.leadershipnow.com/leadershop/images/9781642259377.jpg,,False,True
BOOK01718,"Dark, Dirty, Dangerous",,,2024.0,https://www.leadershipnow.com/leadershop/images/9781642259902.jpg,,False,True
BOOK01719,Change,,,2023.0,https://www.leadershipnow.com/leadershop/images/9781642507946.jpg,,False,True
BOOK01720,Shackleton,,,2022.0,https://www.leadershipnow.com/leadershop/images/9781643138794.jpg,,False,True
BOOK01721,Your Year of Wonders,,,2025.0,https://www.leadershipnow.com/leadershop/images/9781643435466.jpg,,False,True
BOOK01722,The Gift of Lift,,,2022.0,https://www.leadershipnow.com/leadershop/images/9781646636617.jpg,,False,True
BOOK01723,Take Charge of You,,,2022.0,https://www.leadershipnow.com/leadershop/images/9781646870615.jpg,,False,True
BOOK01724,Talent,,,2022.0,https://www.leadershipnow.com/leadershop/images/9781646870776.jpg,,False,True
BOOK01725,Irresistible,,,2022.0,https://www.leadershipnow.com/leadershop/images/9781646871100.jpg,,False,True
BOOK01726,Leading Through Inflation,,,2022.0,https://www.leadershipnow.com/leadershop/images/9781646871216.jpg,,False,True
BOOK01727,Wonderhell,,,2023.0,https://www.leadershipnow.com/leadershop/images/9781646871223.jpg,,False,True
BOOK01728,The Power of Conscious Connection,,,2023.0,https://www.leadershipnow.com/leadershop/images/9781646871353.jpg,,False,True
BOOK01729,Going on Offense,,,2023.0,https://www.leadershipnow.com/leadershop/images/9781646871377.jpg,,False,True
BOOK01730,The Illusion of Innovation,,,2024.0,https://www.leadershipnow.com/leadershop/images/9781646871544.jpg,,False,True
BOOK01731,Non-Obvious Thinking,,,2024.0,https://www.leadershipnow.com/leadershop/images/9781646871612.jpg,,False,True
BOOK01732,Unlimited Heart,,,2024.0,https://www.leadershipnow.com/leadershop/images/9781646871728.jpg,,False,True
BOOK01733,Beyond Eureka!,,,2024.0,https://www.leadershipnow.com/leadershop/images/9781647124229.jpg,,False,True
BOOK01734,The Arts of Leading,,,2024.0,https://www.leadershipnow.com/leadershop/images/9781647124830.jpg,,False,True
BOOK01735,The Flexibility Paradigm,,,2025.0,https://www.leadershipnow.com/leadershop/images/9781647125301.jpg,,False,True
BOOK01736,Resilience That Works,,,2022.0,https://www.leadershipnow.com/leadershop/images/9781647610159.jpg,,False,True
BOOK01737,The Digital Mindset,,,2022.0,https://www.leadershipnow.com/leadershop/images/9781647820107.jpg,,False,True
BOOK01738,The Synergy Solution,,,2022.0,https://www.leadershipnow.com/leadershop/images/9781647820428.jpg,,False,True
BOOK01739,"I, Human",,,2023.0,https://www.leadershipnow.com/leadershop/images/9781647820558.jpg,,False,True
BOOK01740,Compassionate Leadership,,,2022.0,https://www.leadershipnow.com/leadershop/images/9781647820732.jpg,,False,True
BOOK01741,Both/And Thinking,,,2022.0,https://www.leadershipnow.com/leadershop/images/9781647821043.jpg,,False,True
BOOK01742,Getting Along,,,2022.0,https://www.leadershipnow.com/leadershop/images/9781647821067.jpg,,False,True
BOOK01743,Radically Human,,,2022.0,https://www.leadershipnow.com/leadershop/images/9781647821081.jpg,,False,True
BOOK01744,Smart Growth,,,2022.0,https://www.leadershipnow.com/leadershop/images/9781647821159.jpg,,False,True
BOOK01745,Love + Work,,,2022.0,https://www.leadershipnow.com/leadershop/images/9781647821234.jpg,,False,True
BOOK01746,The Necessary Journey,,,2022.0,https://www.leadershipnow.com/leadershop/images/9781647821289.jpg,,False,True
BOOK01747,Beyond Disruption,,,2023.0,https://www.leadershipnow.com/leadershop/images/9781647821326.jpg,,False,True
BOOK01748,Results,,,2022.0,https://www.leadershipnow.com/leadershop/images/9781647821807.jpg,,False,True
BOOK01749,Competing in the New World of Work,,,2022.0,https://www.leadershipnow.com/leadershop/images/9781647821951.jpg,,False,True
BOOK01750,Beyond Digital,,,2022.0,https://www.leadershipnow.com/leadershop/images/9781647822323.jpg,,False,True
BOOK01751,The Anxious Achiever,,,2023.0,https://www.leadershipnow.com/leadershop/images/9781647822538.jpg,,False,True
BOOK01752,Smarter Collaboration,,,2022.0,https://www.leadershipnow.com/leadershop/images/9781647822743.jpg,,False,True
BOOK01753,Ethical Machines,,,2022.0,https://www.leadershipnow.com/leadershop/images/9781647822811.jpg,,False,True
BOOK01754,Move Fast and Fix Things,,,2023.0,https://www.leadershipnow.com/leadershop/images/9781647822873.jpg,,False,True
BOOK01755,The Upside of Uncertainty,,,2022.0,https://www.leadershipnow.com/leadershop/images/9781647823016.jpg,,False,True
BOOK01756,Good Power,,,2023.0,https://www.leadershipnow.com/leadershop/images/9781647823221.jpg,,False,True
BOOK01757,HBR at 100,,,2022.0,https://www.leadershipnow.com/leadershop/images/9781647823412.jpg,,False,True
BOOK01758,Higher Ground,,,2024.0,https://www.leadershipnow.com/leadershop/images/9781647823436.jpg,,False,True
BOOK01759,Energy Rising,,,2023.0,https://www.leadershipnow.com/leadershop/images/9781647823450.jpg,,False,True
BOOK01760,A New Way to Think,,,2022.0,https://www.leadershipnow.com/leadershop/images/9781647823511.jpg,,False,True
BOOK01761,Open Talent,,,2024.0,https://www.leadershipnow.com/leadershop/images/9781647823887.jpg,,False,True
BOOK01762,Real-Time Leadership,,,2023.0,https://www.leadershipnow.com/leadershop/images/9781647823931.jpg,,False,True
BOOK01763,Breaking Through,,,2023.0,https://www.leadershipnow.com/leadershop/images/9781647823955.jpg,,False,True
BOOK01764,The Microstress Effect,,,2023.0,https://www.leadershipnow.com/leadershop/images/9781647823979.jpg,,False,True
BOOK01765,The Case for Good Jobs,,,2023.0,https://www.leadershipnow.com/leadershop/images/9781647824174.jpg,,False,True
BOOK01766,Power and Prediction,,,2022.0,https://www.leadershipnow.com/leadershop/images/9781647824198.jpg,,False,True
BOOK01767,All-in On AI,,,2023.0,https://www.leadershipnow.com/leadershop/images/9781647824693.jpg,,False,True
BOOK01768,The World Is Your Office,,,2025.0,https://www.leadershipnow.com/leadershop/images/9781647824716.jpg,,False,True
BOOK01769,Power to the Middle,,,2023.0,https://www.leadershipnow.com/leadershop/images/9781647824853.jpg,,False,True
BOOK01770,The Emotionally Intelligent Team,,,2025.0,https://www.leadershipnow.com/leadershop/images/9781647824877.jpg,,False,True
BOOK01771,The Leap to Leader,,,2023.0,https://www.leadershipnow.com/leadershop/images/9781647824891.jpg,,False,True
BOOK01772,Never Not Working,,,2024.0,https://www.leadershipnow.com/leadershop/images/9781647825096.jpg,,False,True
BOOK01773,Bridgebuilders,,,2023.0,https://www.leadershipnow.com/leadershop/images/9781647825119.jpg,,False,True
BOOK01774,Know What Matters,,,2023.0,https://www.leadershipnow.com/leadershop/images/9781647825591.jpg,,False,True
BOOK01775,Smart Rivals,,,2024.0,https://www.leadershipnow.com/leadershop/images/9781647826048.jpg,,False,True
BOOK01776,Why Are We Here?,,,2025.0,https://www.leadershipnow.com/leadershop/images/9781647826130.jpg,,False,True
BOOK01777,The AI-Savvy Leader,,,2024.0,https://www.leadershipnow.com/leadershop/images/9781647826239.jpg,,False,True
BOOK01778,The Age of Outrage,,,2024.0,https://www.leadershipnow.com/leadershop/images/9781647826291.jpg,,False,True
BOOK01779,Mindmasters,,,2025.0,https://www.leadershipnow.com/leadershop/images/9781647826314.jpg,,False,True
BOOK01780,Employment Is Dead,,,2025.0,https://www.leadershipnow.com/leadershop/images/9781647826420.jpg,,False,True
BOOK01781,The Harvard Business Review Sales Management Handbook,,,2024.0,https://www.leadershipnow.com/leadershop/images/9781647826802.jpg,,False,True
BOOK01782,"Bosses, Coworkers, and Building Great Work Relationships",,,2024.0,https://www.leadershipnow.com/leadershop/images/9781647827137.jpg,,False,True
BOOK01783,Triple Fit Strategy,,,2024.0,https://www.leadershipnow.com/leadershop/images/9781647827144.jpg,,False,True
BOOK01784,Leadership Unblocked,,,2025.0,https://www.leadershipnow.com/leadershop/images/9781647827267.jpg,,False,True
BOOK01785,How Leaders Learn,,,2024.0,https://www.leadershipnow.com/leadershop/images/9781647827540.jpg,,False,True
BOOK01786,Leading Through,,,2024.0,https://www.leadershipnow.com/leadershop/images/9781647827618.jpg,,False,True
BOOK01787,The Growth Dilemma,,,2025.0,https://www.leadershipnow.com/leadershop/images/9781647829735.jpg,,False,True
BOOK01788,G.O.A.T. Wisdom,,,2025.0,https://www.leadershipnow.com/leadershop/images/9781647829773.jpg,,False,True
BOOK01789,HBR Daily Leader,,,2024.0,https://www.leadershipnow.com/leadershop/images/9781647829797.jpg,,False,True
BOOK01790,Don't Be Yourself,,,2025.0,https://www.leadershipnow.com/leadershop/images/9781647829834.jpg,,False,True
BOOK01791,Rebooting Tech Culture,,,2025.0,https://www.leadershipnow.com/leadershop/images/9781647829858.jpg,,False,True
BOOK01792,Where Leadership Begins,,,2023.0,https://www.leadershipnow.com/leadershop/images/9781657351241.jpg,,False,True
BOOK01793,Mighty,,,2023.0,https://www.leadershipnow.com/leadershop/images/9781662869495.jpg,,False,True
BOOK01794,Stay Sane in an Insane World,,,2023.0,https://www.leadershipnow.com/leadershop/images/9781665092418.jpg,,False,True
BOOK01795,Fluke,,,2024.0,https://www.leadershipnow.com/leadershop/images/9781668006528.jpg,,False,True
BOOK01796,Look Again,,,2024.0,https://www.leadershipnow.com/leadershop/images/9781668008201.jpg,,False,True
BOOK01797,Principles,,,2022.0,https://www.leadershipnow.com/leadershop/images/9781668010198.jpg,,False,True
BOOK01798,"Think Faster, Talk Smarter",,,2023.0,https://www.leadershipnow.com/leadershop/images/9781668010303.jpg,,False,True
BOOK01799,The Dealmaker,,,2023.0,https://www.leadershipnow.com/leadershop/images/9781668010648.jpg,,False,True
BOOK01800,Woodrow Wilson,,,2024.0,https://www.leadershipnow.com/leadershop/images/9781668010785.jpg,,False,True
BOOK01801,You're the Boss,,,2024.0,https://www.leadershipnow.com/leadershop/images/9781668023181.jpg,,False,True
BOOK01802,Lean Learning,,,2025.0,https://www.leadershipnow.com/leadershop/images/9781668027646.jpg,,False,True
BOOK01803,How to Get Along with Anyone,,,2025.0,https://www.leadershipnow.com/leadershop/images/9781668033074.jpg,,False,True
BOOK01804,The PARA Method,,,2023.0,https://www.leadershipnow.com/leadershop/images/9781668045565.jpg,,False,True
BOOK01805,Mastering AI,,,2024.0,https://www.leadershipnow.com/leadershop/images/9781668053324.jpg,,False,True
BOOK01806,Ping,,,2025.0,https://www.leadershipnow.com/leadershop/images/9781668055243.jpg,,False,True
BOOK01807,Reset,,,2025.0,https://www.leadershipnow.com/leadershop/images/9781668062098.jpg,,False,True
BOOK01808,Last Call for Bud Light,,,2025.0,https://www.leadershipnow.com/leadershop/images/9781668070901.jpg,,False,True
BOOK01809,Click,,,2025.0,https://www.leadershipnow.com/leadershop/images/9781668072110.jpg,,False,True
BOOK01810,Never Stop,,,2025.0,https://www.leadershipnow.com/leadershop/images/9781668095744.jpg,,False,True
BOOK01811,A CEO for All Seasons,,,2025.0,https://www.leadershipnow.com/leadershop/images/9781668098349.jpg,,False,True
BOOK01812,In the Arena,,,2025.0,https://www.leadershipnow.com/leadershop/images/9781668204191.jpg,,False,True
BOOK01813,Sailing Upwind,,,2023.0,https://www.leadershipnow.com/leadershop/images/9781682478745.jpg,,False,True
BOOK01814,The Servant Leadership from the Middle,,,2022.0,https://www.leadershipnow.com/leadershop/images/9781682753385.jpg,,False,True
BOOK01815,The Genius of Empathy,,,2024.0,https://www.leadershipnow.com/leadershop/images/9781683649717.jpg,,False,True
BOOK01816,Robert E. Lee on Leadership,,,2023.0,https://www.leadershipnow.com/leadershop/images/9781684514915.jpg,,False,True
BOOK01817,Adaptive Listening,,,2024.0,https://www.leadershipnow.com/leadershop/images/9781684812592.jpg,,False,True
BOOK01818,How to Untie a Balloon,,,2025.0,https://www.leadershipnow.com/leadershop/images/9781684817306.jpg,,False,True
BOOK01819,The Truth (And Lies!) Of Entrepreneurship,,,2024.0,https://www.leadershipnow.com/leadershop/images/9781722506841.jpg,,False,True
BOOK01820,"Right Leader, Right Time",,,2022.0,https://www.leadershipnow.com/leadershop/images/9781722510565.jpg,,False,True
BOOK01821,Elevate Your Team,,,2023.0,https://www.leadershipnow.com/leadershop/images/9781728238784.jpg,,False,True
BOOK01822,Who Does What By How Much?,,,2024.0,https://www.leadershipnow.com/leadershop/images/9781732818446.jpg,,False,True
BOOK01823,One Drop of Poison,,,2024.0,https://www.leadershipnow.com/leadershop/images/9781733004237.jpg,,False,True
BOOK01824,The 3.3 Rule,,,2024.0,https://www.leadershipnow.com/leadershop/images/9781733179027.jpg,,False,True
BOOK01825,Your Next Big Idea,,,2022.0,https://www.leadershipnow.com/leadershop/images/9781734913026.jpg,,False,True
BOOK01826,Turns,,,2023.0,https://www.leadershipnow.com/leadershop/images/9781735610931.jpg,,False,True
BOOK01827,The Visionary Leader,,,2025.0,https://www.leadershipnow.com/leadershop/images/9781737188124.jpg,,False,True
BOOK01828,The Unconquerable Game,,,2025.0,https://www.leadershipnow.com/leadershop/images/9781737205142.jpg,,False,True
BOOK01829,Leadership Starts with You,,,2023.0,https://www.leadershipnow.com/leadershop/images/9781737943976.jpg,,False,True
BOOK01830,Committed,,,2024.0,https://www.leadershipnow.com/leadershop/images/9781738396429.jpg,,False,True
BOOK01831,Developing Coaching Leaders,,,2023.0,https://www.leadershipnow.com/leadershop/images/9781738867707.jpg,,False,True
BOOK01832,Dancing with Disruption,,,2023.0,https://www.leadershipnow.com/leadershop/images/9781738903801.jpg,,False,True
BOOK01833,The Resilience Mindset,,,2025.0,https://www.leadershipnow.com/leadershop/images/9781770418561.jpg,,False,True
BOOK01834,The Emotionally Strong Leader,,,2022.0,https://www.leadershipnow.com/leadershop/images/9781773271682.jpg,,False,True
BOOK01835,Leading to Greatness,,,2022.0,https://www.leadershipnow.com/leadershop/images/9781773271712.jpg,,False,True
BOOK01836,Leading Inclusion,,,2022.0,https://www.leadershipnow.com/leadershop/images/9781774581797.jpg,,False,True
BOOK01837,How to Work with (Almost) Anyone,,,2023.0,https://www.leadershipnow.com/leadershop/images/9781774582657.jpg,,False,True
BOOK01838,Positive Chaos,,,2023.0,https://www.leadershipnow.com/leadershop/images/9781774582886.jpg,,False,True
BOOK01839,Say What They Can't Unhear,,,2024.0,https://www.leadershipnow.com/leadershop/images/9781774583531.jpg,,False,True
BOOK01840,Lean Marketing,,,2024.0,https://www.leadershipnow.com/leadershop/images/9781774583944.jpg,,False,True
BOOK01841,"Good Team, Bad Team",,,2024.0,https://www.leadershipnow.com/leadershop/images/9781774584217.jpg,,False,True
BOOK01842,We're Gonna Need Cake,,,2024.0,https://www.leadershipnow.com/leadershop/images/9781774584484.jpg,,False,True
BOOK01843,The Empathy Dilemma,,,2024.0,https://www.leadershipnow.com/leadershop/images/9781774584743.jpg,,False,True
BOOK01844,Exceptional Experiences,,,2025.0,https://www.leadershipnow.com/leadershop/images/9781774586259.jpg,,False,True
BOOK01845,Starting a StartUp,,,2025.0,https://www.leadershipnow.com/leadershop/images/9781774586396.jpg,,False,True
BOOK01846,The Success Complex,,,2024.0,https://www.leadershipnow.com/leadershop/images/9781788603799.jpg,,False,True
BOOK01847,Collabor(h)ate,,,2023.0,https://www.leadershipnow.com/leadershop/images/9781788603829.jpg,,False,True
BOOK01848,Top of Heart,,,2023.0,https://www.leadershipnow.com/leadershop/images/9781788605090.jpg,,False,True
BOOK01849,Move by Move,,,2024.0,https://www.leadershipnow.com/leadershop/images/9781797223650.jpg,,False,True
BOOK01850,"Why listen to, work with and follow you?",,,2023.0,https://www.leadershipnow.com/leadershop/images/9781800817517.jpg,,False,True
BOOK01851,Be Different,,,2024.0,https://www.leadershipnow.com/leadershop/images/9781803411330.jpg,,False,True
BOOK01852,Hidden Genius,,,2023.0,https://www.leadershipnow.com/leadershop/images/9781804090039.jpg,,False,True
BOOK01853,The Psychology of Leadership,,,2025.0,https://www.leadershipnow.com/leadershop/images/9781804090923.jpg,,False,True
BOOK01854,The Next Crisis,,,2025.0,https://www.leadershipnow.com/leadershop/images/9781804294345.jpg,,False,True
BOOK01855,Pitch,,,2025.0,https://www.leadershipnow.com/leadershop/images/9781805221043.jpg,,False,True
BOOK01856,The Not To Do List,,,2025.0,https://www.leadershipnow.com/leadershop/images/9781805463283.jpg,,False,True
BOOK01857,When Everyone Leads,,,2023.0,https://www.leadershipnow.com/leadershop/images/9781885167903.jpg,,False,True
BOOK01858,How Organizations Should Work,,,2022.0,https://www.leadershipnow.com/leadershop/images/9781892606334.jpg,,False,True
BOOK01859,You're the Leader. Now What?,,,2022.0,https://www.leadershipnow.com/leadershop/images/9781893005709.jpg,,False,True
BOOK01860,The Career Workbook,,,2023.0,https://www.leadershipnow.com/leadershop/images/9781915087058.jpg,,False,True
BOOK01861,De-Positioning,,,2025.0,https://www.leadershipnow.com/leadershop/images/9781917391184.jpg,,False,True
BOOK01862,Positive Influence,,,2023.0,https://www.leadershipnow.com/leadershop/images/9781944660567.jpg,,False,True
BOOK01863,Disruptable,,,2023.0,https://www.leadershipnow.com/leadershop/images/978194663316X.jpg,,False,True
BOOK01864,Get Off the X,,,2025.0,https://www.leadershipnow.com/leadershop/images/9781947297999.jpg,,False,True
BOOK01865,The Legacy Navigator,,,2024.0,https://www.leadershipnow.com/leadershop/images/9781950476787.jpg,,False,True
BOOK01866,Wiring the Winning Organization,,,2023.0,https://www.leadershipnow.com/leadershop/images/9781950508426.jpg,,False,True
BOOK01867,"Wrong Fit, Right Fit",,,2023.0,https://www.leadershipnow.com/leadershop/images/9781950508754.jpg,,False,True
BOOK01868,Civility Rules!,,,2022.0,https://www.leadershipnow.com/leadershop/images/9781950863402.jpg,,False,True
BOOK01869,Outfocus,,,2022.0,https://www.leadershipnow.com/leadershop/images/9781950863976.jpg,,False,True
BOOK01870,Leading with Light,,,2024.0,https://www.leadershipnow.com/leadershop/images/9781951692360.jpg,,False,True
BOOK01871,The Rules of Mentorship,,,2024.0,https://www.leadershipnow.com/leadershop/images/9781951963248.jpg,,False,True
BOOK01872,Promotions Are So Yesterday,,,2022.0,https://www.leadershipnow.com/leadershop/images/9781952157738.jpg,,False,True
BOOK01873,Smart Leadership,,,2022.0,https://www.leadershipnow.com/leadershop/images/9781953295750.jpg,,False,True
BOOK01874,Unconditional Power,,,2023.0,https://www.leadershipnow.com/leadershop/images/9781953943088.jpg,,False,True
BOOK01875,Scaling People,,,2023.0,https://www.leadershipnow.com/leadershop/images/9781953953216.jpg,,False,True
BOOK01876,Poor Charlie’s Almanack,,,2023.0,https://www.leadershipnow.com/leadershop/images/9781953953230.jpg,,False,True
BOOK01877,Imaginable,,,2022.0,https://www.leadershipnow.com/leadershop/images/9781954118096.jpg,,False,True
BOOK01878,Make It Count,,,2022.0,https://www.leadershipnow.com/leadershop/images/9781954759770.jpg,,False,True
BOOK01879,The Most Unlikely Leader,,,2022.0,https://www.leadershipnow.com/leadershop/images/9781955026130.jpg,,False,True
BOOK01880,Beyond the Sea,,,2024.0,https://www.leadershipnow.com/leadershop/images/9781955026208.jpg,,False,True
BOOK01881,The FUD Factor,,,2023.0,https://www.leadershipnow.com/leadershop/images/9781955884464.jpg,,False,True
BOOK01882,Start. Scale. Exit. Repeat.,,,2023.0,https://www.leadershipnow.com/leadershop/images/9781955884969.jpg,,False,True
BOOK01883,The Leadership Pause,,,2022.0,https://www.leadershipnow.com/leadershop/images/9781956072044.jpg,,False,True
BOOK01884,The #PACE Process for Early Career Success,,,2022.0,https://www.leadershipnow.com/leadershop/images/9781956450163.jpg,,False,True
BOOK01885,Hacking the Corporate Jungle,,,2025.0,https://www.leadershipnow.com/leadershop/images/9781957077796.jpg,,False,True
BOOK01886,Performance Feedback Strategies,,,2025.0,https://www.leadershipnow.com/leadershop/images/9781957157863.jpg,,False,True
BOOK01887,Ideas on a Deadline,,,2022.0,https://www.leadershipnow.com/leadershop/images/9781957369044.jpg,,False,True
BOOK01888,Leading With Care in a Tough World,,,2022.0,https://www.leadershipnow.com/leadershop/images/9781957588100.jpg,,False,True
BOOK01889,The Long Game,,,2025.0,https://www.leadershipnow.com/leadershop/images/9781957588322.jpg,,False,True
BOOK01890,Your Company Is Your Castle,,,2023.0,https://www.leadershipnow.com/leadershop/images/9781957616049.jpg,,False,True
BOOK01891,Settle for More,,,2024.0,https://www.leadershipnow.com/leadershop/images/9781957616858.jpg,,False,True
BOOK01892,Levi's Unbuttoned,,,2022.0,https://www.leadershipnow.com/leadershop/images/9781958682241.jpg,,False,True
BOOK01893,The Accidental Network,,,2025.0,https://www.leadershipnow.com/leadershop/images/9781959000600.jpg,,False,True
BOOK01894,Scaling Smart,,,2024.0,https://www.leadershipnow.com/leadershop/images/9781960178169.jpg,,False,True
BOOK01895,ReLeader,,,2024.0,https://www.leadershipnow.com/leadershop/images/9781960870100.jpg,,False,True
BOOK01896,The Steady Leader,,,2025.0,https://www.leadershipnow.com/leadershop/images/9781964934327.jpg,,False,True
BOOK01897,American Rascal,,,2022.0,https://www.leadershipnow.com/leadershop/images/9781982107406.jpg,,False,True
BOOK01898,The Wolves of K Street,,,2024.0,https://www.leadershipnow.com/leadershop/images/9781982120597.jpg,,False,True
BOOK01899,The Right Call,,,2023.0,https://www.leadershipnow.com/leadershop/images/9781982122553.jpg,,False,True
BOOK01900,Watergate,,,2022.0,https://www.leadershipnow.com/leadershop/images/9781982139162.jpg,,False,True
BOOK01901,A Man of Iron,,,2022.0,https://www.leadershipnow.com/leadershop/images/9781982140748.jpg,,False,True
BOOK01902,Trust and Inspire,,,2022.0,https://www.leadershipnow.com/leadershop/images/9781982143725.jpg,,False,True
BOOK01903,On Power,,,2025.0,https://www.leadershipnow.com/leadershop/images/9781982146191.jpg,,False,True
BOOK01904,Tomorrowmind,,,2023.0,https://www.leadershipnow.com/leadershop/images/9781982159764.jpg,,False,True
BOOK01905,The Winner's Curse,,,2025.0,https://www.leadershipnow.com/leadershop/images/9781982165116.jpg,,False,True
BOOK01906,Making Numbers Count,,,2022.0,https://www.leadershipnow.com/leadershop/images/9781982165444.jpg,,False,True
BOOK01907,The Power of Crisis,,,2022.0,https://www.leadershipnow.com/leadershop/images/9781982167509.jpg,,False,True
BOOK01908,When Women Lead,,,2022.0,https://www.leadershipnow.com/leadershop/images/9781982168216.jpg,,False,True
BOOK01909,Cultures of Growth,,,2024.0,https://www.leadershipnow.com/leadershop/images/9781982172749.jpg,,False,True
BOOK01910,Up Close and All In,,,2022.0,https://www.leadershipnow.com/leadershop/images/9781982174279.jpg,,False,True
BOOK01911,CEO Excellence,,,2022.0,https://www.leadershipnow.com/leadershop/images/9781982179670.jpg,,False,True
BOOK01912,Elon Musk,,,2023.0,https://www.leadershipnow.com/leadershop/images/9781982181284.jpg,,False,True
BOOK01913,Anatomy of a Breakthrough,,,2023.0,https://www.leadershipnow.com/leadershop/images/9781982182960.jpg,,False,True
BOOK01914,Surf When You Can,,,2023.0,https://www.leadershipnow.com/leadershop/images/9781982191009.jpg,,False,True
BOOK01915,Right Kind of Wrong,,,2023.0,https://www.leadershipnow.com/leadershop/images/9781982195069.jpg,,False,True
BOOK01916,Live Life in Crescendo,,,2022.0,https://www.leadershipnow.com/leadershop/images/9781982195472.jpg,,False,True
BOOK01917,Make No Small Plans,,,2022.0,https://www.leadershipnow.com/leadershop/images/9781984822642.jpg,,False,True
BOOK01918,Influence Is Your Superpower,,,2022.0,https://www.leadershipnow.com/leadershop/images/9781984854339.jpg,,False,True
BOOK01919,Strong Ground,,,2025.0,https://www.leadershipnow.com/leadershop/images/9781984855749.jpg,,False,True
BOOK01920,Make Possibilities Happen,,,2023.0,https://www.leadershipnow.com/leadershop/images/9781984858122.jpg,,False,True
BOOK01921,Assembling Tomorrow,,,2024.0,https://www.leadershipnow.com/leadershop/images/9781984858184.jpg,,False,True
BOOK01922,The New China Playbook,,,2023.0,https://www.leadershipnow.com/leadershop/images/9781984878281.jpg,,False,True
BOOK01923,Unscripted,,,2023.0,https://www.leadershipnow.com/leadershop/images/9781984879424.jpg,,False,True
BOOK01924,Stewards of the Future,,,2022.0,https://www.leadershipnow.com/leadershop/images/9781988025766.jpg,,False,True
BOOK01925,Collaborative Advantage,,,2023.0,https://www.leadershipnow.com/leadershop/images/9783031363054.jpg,,False,True
BOOK01926,Leading Organizational Transformation,,,2025.0,https://www.leadershipnow.com/leadershop/images/9783031897627.jpg,,False,True
BOOK01927,When McKinsey Comes to Town,,,2022.0,https://www.leadershipnow.com/leadershop/images/978385546232.jpg,,False,True
BOOK01928,"Remove, Replace, Restart",,,2023.0,https://www.leadershipnow.com/leadershop/images/9783967391763.jpg,,False,True
BOOK01929,The Art of Slicing Work,,,2024.0,https://www.leadershipnow.com/leadershop/images/9783982609225.jpg,,False,True
BOOK01930,Family Reins,,,2023.0,https://www.leadershipnow.com/leadershop/images/9788200798827.jpg,,False,True
BOOK01931,Areté,,,2023.0,https://www.leadershipnow.com/leadershop/images/9788212414074.jpg,,False,True
BOOK01932,Become a Super Leader,,,2024.0,https://www.leadershipnow.com/leadershop/images/9788218394301.jpg,,False,True
BOOK01933,Leadership Legacy,,,2024.0,https://www.leadershipnow.com/leadershop/images/9788350934663.jpg,,False,True
BOOK01934,Leadership by Example,,,2023.0,https://www.leadershipnow.com/leadershop/images/9788370856235.jpg,,False,True
BOOK01935,Profit with Presence,,,2023.0,https://www.leadershipnow.com/leadershop/images/9788886450101.jpg,,False,True
BOOK01936,Leading with Significance,,,2023.0,https://www.leadershipnow.com/leadershop/images/9788886450484.jpg,,False,True
BOOK01937,Fixing Work,,,2023.0,https://www.leadershipnow.com/leadershop/images/9788886450774.jpg,,False,True
BOOK01938,How to Make a Few Billion Dollars,,,2024.0,https://www.leadershipnow.com/leadershop/images/9788886451740.jpg,,False,True
BOOK01939,A New Kind of Diversity,,,2022.0,https://www.leadershipnow.com/leadershop/images/9788887100005.jpg,,False,True
BOOK01940,Becoming More,,,2023.0,https://www.leadershipnow.com/leadershop/images/9788887100067.jpg,,False,True
BOOK01941,The 16 Undeniable Laws of Communication,,,2023.0,https://www.leadershipnow.com/leadershop/images/9788887100081.jpg,,False,True
BOOK01942,Rebel Leadership,,,2023.0,https://www.leadershipnow.com/leadershop/images/9788887100128.jpg,,False,True
BOOK01943,High Road Leadership,,,2024.0,https://www.leadershipnow.com/leadershop/images/9788887100340.jpg,,False,True
BOOK01944,Knowledge Mindfulness,,,2023.0,https://www.leadershipnow.com/leadershop/images/9788887500249.jpg,,False,True
BOOK01945,"Results, Not Reports",,,2023.0,https://www.leadershipnow.com/leadershop/images/9788887500508.jpg,,False,True
BOOK01946,The Success Paradox,,,2023.0,https://www.leadershipnow.com/leadershop/images/9788887500522.jpg,,False,True
BOOK01947,Get It Together,,,2023.0,https://www.leadershipnow.com/leadershop/images/9788887501147.jpg,,False,True
BOOK01948,The CQ Edge,,,2024.0,https://www.leadershipnow.com/leadershop/images/9788887501567.jpg,,False,True
BOOK01949,Leading What Matters Most,,,2024.0,https://www.leadershipnow.com/leadershop/images/9788887502472.jpg,,False,True
BOOK01950,deComplify,,,2024.0,https://www.leadershipnow.com/leadershop/images/9788887503417.jpg,,False,True
BOOK01951,Self Less,,,2024.0,https://www.leadershipnow.com/leadershop/images/9788887504476.jpg,,False,True
BOOK01952,Get Clear Career Assessment,,,2024.0,https://www.leadershipnow.com/leadershop/images/9788887820231.jpg,,False,True
BOOK01953,The 80/20 CEO,,,2024.0,https://www.leadershipnow.com/leadershop/images/9788888242469.jpg,,False,True
BOOK01954,Passion Struck,,,2024.0,https://www.leadershipnow.com/leadershop/images/9788888451403.jpg,,False,True
BOOK01955,The Gouge!,,,2024.0,https://www.leadershipnow.com/leadershop/images/9788888453124.jpg,,False,True
BOOK01956,The Soil of Leadership,,,2024.0,https://www.leadershipnow.com/leadershop/images/9788891380554.jpg,,False,True
BOOK01957,The Virtue Proposition,,,2024.0,https://www.leadershipnow.com/leadershop/images/9788891380592.jpg,,False,True
BOOK01958,The Purposeful Decision Maker,,,2024.0,https://www.leadershipnow.com/leadershop/images/9788891381322.jpg,,False,True
BOOK01959,Brilliant Leadership,,,2024.0,https://www.leadershipnow.com/leadershop/images/9788891381346.jpg,,False,True
BOOK01960,The Reset Mindset,,,2024.0,https://www.leadershipnow.com/leadershop/images/9788891382299.jpg,,False,True
BOOK01961,The Turnaround Leader,,,2024.0,https://www.leadershipnow.com/leadershop/images/9788891880344.jpg,,False,True
BOOK01962,The Unconventional Entrepreneur,,,2022.0,https://www.leadershipnow.com/leadershop/images/9788985071313.jpg,,False,True
BOOK01963,The Nine,,,2023.0,https://www.leadershipnow.com/leadershop/images/9788985814767.jpg,,False,True
BOOK01964,Executive Presence,,,2022.0,https://www.leadershipnow.com/leadershop/images/9788985936605.jpg,,False,True
BOOK01965,The Conscious Workplace,,,2022.0,https://www.leadershipnow.com/leadershop/images/9788986128702.jpg,,False,True
BOOK01966,Life on the X,,,2023.0,https://www.leadershipnow.com/leadershop/images/9788986304502.jpg,,False,True
BOOK01967,The Shortcut,,,2022.0,https://www.leadershipnow.com/leadershop/images/9788986518800.jpg,,False,True
BOOK01968,Conquer Your Culture,,,2024.0,https://www.leadershipnow.com/leadershop/images/9788987216415.jpg,,False,True
BOOK01969,Strategy Realized - The Business Hierarchy of Needs,,,2023.0,https://www.leadershipnow.com/leadershop/images/9788987262603.jpg,,False,True
BOOK01970,The 9th Stratum,,,2023.0,https://www.leadershipnow.com/leadershop/images/9788988492818.jpg,,False,True
BOOK01971,Can't Tame a Mongoose,,,2024.0,https://www.leadershipnow.com/leadershop/images/9788988611202.jpg,,False,True
BOOK01972,Meta-Leadership,,,2023.0,https://www.leadershipnow.com/leadershop/images/9788988668404.jpg,,False,True
BOOK01973,Get Scalable,,,2023.0,https://www.leadershipnow.com/leadershop/images/9788988673729.jpg,,False,True
BOOK01974,Burned Out to Lit Up,,,2024.0,https://www.leadershipnow.com/leadershop/images/9788988925200.jpg,,False,True
BOOK01975,Tell Me My Story,,,2024.0,https://www.leadershipnow.com/leadershop/images/9788988958208.jpg,,False,True
BOOK01976,Synergea,,,2024.0,https://www.leadershipnow.com/leadershop/images/9788989865413.jpg,,False,True
BOOK01977,The Seven Frequencies of Communication,,,2024.0,https://www.leadershipnow.com/leadershop/images/9788991045612.jpg,,False,True
BOOK01978,Why Innovation Fails,,,2022.0,https://www.leadershipnow.com/leadershop/images/9789401478465.jpg,,False,True
BOOK01979,AI Snake Oil,,,2024.0,https://www.leadershipnow.com/leadershop/images/9790691249131.jpg,,False,True
BOOK01980,Front-Line Leadership,,,2024.0,https://www.leadershipnow.com/leadershop/images/9791394240753.jpg,,False,True
BOOK01981,The New Emotional Intelligence,,,2025.0,https://www.leadershipnow.com/leadershop/images/979218589660.jpg,,False,True
BOOK01982,Human Edge in the AI Age,,,2025.0,https://www.leadershipnow.com/leadershop/images/9798216391746.jpg,,False,True
BOOK01983,Read Your Mind,,,2025.0,https://www.leadershipnow.com/leadershop/images/9798217059041.jpg,,False,True
BOOK01984,Influence Elevated,,,2024.0,https://www.leadershipnow.com/leadershop/images/9798218491598.jpg,,False,True
BOOK01985,Creating Excellence,,,2024.0,https://www.leadershipnow.com/leadershop/images/9798218509224.jpg,,False,True
BOOK01986,Build Something,,,2025.0,https://www.leadershipnow.com/leadershop/images/9798218584894.jpg,,False,True
BOOK01987,Break The Mold,,,2025.0,https://www.leadershipnow.com/leadershop/images/9798218759681.jpg,,False,True
BOOK01988,Visualize,,,2025.0,https://www.leadershipnow.com/leadershop/images/9798318601132.jpg,,False,True
BOOK01989,Curative Culture,,,2025.0,https://www.leadershipnow.com/leadershop/images/9798319152701.jpg,,False,True
BOOK01990,Professional Careers by Design,,,2024.0,https://www.leadershipnow.com/leadershop/images/9798350922622.jpg,,False,True
BOOK01991,Always Squeezing Lemons,,,2024.0,https://www.leadershipnow.com/leadershop/images/9798350947748.jpg,,False,True
BOOK01992,Reflecting on History,,,2024.0,https://www.leadershipnow.com/leadershop/images/9798350959703.jpg,,False,True
BOOK01993,Team Lead Model of Self-Leadership,,,2022.0,https://www.leadershipnow.com/leadershop/images/9798842906161.jpg,,False,True
BOOK01994,Conflict Is an Opportunity,,,2025.0,https://www.leadershipnow.com/leadershop/images/9798881802691.jpg,,False,True
BOOK01995,The Journey To Reinvention,,,2022.0,https://www.leadershipnow.com/leadershop/images/9798885045261.jpg,,False,True
BOOK01996,I See You!,,,2024.0,https://www.leadershipnow.com/leadershop/images/9798886451467.jpg,,False,True
BOOK01997,The Bravery Effect,,,2025.0,https://www.leadershipnow.com/leadershop/images/9798886453966.jpg,,False,True
BOOK01998,Honing the Human Edge,,,2025.0,https://www.leadershipnow.com/leadershop/images/9798886454048.jpg,,False,True
BOOK01999,How to Make a Few More Billion Dollars,,,2025.0,https://www.leadershipnow.com/leadershop/images/9798886454659.jpg,,False,True
BOOK02000,A New Kind of Diversity,,,2023.0,https://www.leadershipnow.com/leadershop/images/9798887100005.jpg,,False,True
BOOK02001,Culture Matters,,,2025.0,https://www.leadershipnow.com/leadershop/images/9798887100364.jpg,,False,True
BOOK02002,How to Work with Complicated People,,,2025.0,https://www.leadershipnow.com/leadershop/images/9798887100432.jpg,,False,True
BOOK02003,Firm Feedback in a Fragile World,,,2025.0,https://www.leadershipnow.com/leadershop/images/9798887100470.jpg,,False,True
BOOK02004,Time is Now,,,2024.0,https://www.leadershipnow.com/leadershop/images/9798887502038.jpg,,False,True
BOOK02005,Seeing Around Corners,,,2024.0,https://www.leadershipnow.com/leadershop/images/9798887504087.jpg,,False,True
BOOK02006,Beyond the Hammer,,,2024.0,https://www.leadershipnow.com/leadershop/images/9798887504315.jpg,,False,True
BOOK02007,Undoing Urgency,,,2024.0,https://www.leadershipnow.com/leadershop/images/9798887505480.jpg,,False,True
BOOK02008,The AI Ecosystems Revolution,,,2025.0,https://www.leadershipnow.com/leadershop/images/9798887505664.jpg,,False,True
BOOK02009,Less than One Percent,,,2025.0,https://www.leadershipnow.com/leadershop/images/9798887506029.jpg,,False,True
BOOK02010,The Detour CEO,,,2025.0,https://www.leadershipnow.com/leadershop/images/9798887506524.jpg,,False,True
BOOK02011,Deep Future,,,2025.0,https://www.leadershipnow.com/leadershop/images/9798887507248.jpg,,False,True
BOOK02012,Sharp,,,2025.0,https://www.leadershipnow.com/leadershop/images/9798887702018.jpg,,False,True
BOOK02013,Build a Business You Love,,,2025.0,https://www.leadershipnow.com/leadershop/images/9798887820422.jpg,,False,True
BOOK02014,Outsmart the Learning Curve,,,2024.0,https://www.leadershipnow.com/leadershop/images/9798888245477.jpg,,False,True
BOOK02015,All the Presidents' Money,,,2024.0,https://www.leadershipnow.com/leadershop/images/9798888450802.jpg,,False,True
BOOK02016,Behind Closed Doors,,,2024.0,https://www.leadershipnow.com/leadershop/images/9798888452721.jpg,,False,True
BOOK02017,Creative Insecurity,,,2024.0,https://www.leadershipnow.com/leadershop/images/9798888455395.jpg,,False,True
BOOK02018,The Relatable Leader,,,2025.0,https://www.leadershipnow.com/leadershop/images/9798888458983.jpg,,False,True
BOOK02019,Walk Your Talk,,,2024.0,https://www.leadershipnow.com/leadershop/images/9798889262466.jpg,,False,True
BOOK02020,Question to Learn,,,2025.0,https://www.leadershipnow.com/leadershop/images/9798889264835.jpg,,False,True
BOOK02021,Presencing,,,2025.0,https://www.leadershipnow.com/leadershop/images/9798890570284.jpg,,False,True
BOOK02022,The Win-Win Workplace,,,2025.0,https://www.leadershipnow.com/leadershop/images/9798890570543.jpg,,False,True
BOOK02023,The Science of Leadership,,,2025.0,https://www.leadershipnow.com/leadershop/images/9798890570765.jpg,,False,True
BOOK02024,The Laughter Factor,,,2025.0,https://www.leadershipnow.com/leadershop/images/9798890570802.jpg,,False,True
BOOK02025,Humble Inquiry,,,2025.0,https://www.leadershipnow.com/leadershop/images/9798890570956.jpg,,False,True
BOOK02026,Trust at a Distance,,,2025.0,https://www.leadershipnow.com/leadershop/images/9798890571083.jpg,,False,True
BOOK02027,The Power of Employee Well-Being,,,2025.0,https://www.leadershipnow.com/leadershop/images/9798890571298.jpg,,False,True
BOOK02028,Think Your Way to the Top,,,2024.0,https://www.leadershipnow.com/leadershop/images/9798891382008.jpg,,False,True
BOOK02029,Lessons from the Admiral,,,2025.0,https://www.leadershipnow.com/leadershop/images/9798891382176.jpg,,False,True
BOOK02030,Shoveling $h!t,,,2025.0,https://www.leadershipnow.com/leadershop/images/9798891383517.jpg,,False,True
BOOK02031,Masters of Uncertainty,,,2025.0,https://www.leadershipnow.com/leadershop/images/9798891383999.jpg,,False,True
BOOK02032,The Secure Leader,,,2025.0,https://www.leadershipnow.com/leadershop/images/9798891384316.jpg,,False,True
BOOK02033,The Seismic Shift in You,,,2025.0,https://www.leadershipnow.com/leadershop/images/9798891386211.jpg,,False,True
BOOK02034,Next Play,,,2025.0,https://www.leadershipnow.com/leadershop/images/9798891386624.jpg,,False,True
BOOK02035,Relationship Currency,,,2025.0,https://www.leadershipnow.com/leadershop/images/9798891389663.jpg,,False,True
BOOK02036,Stay at Risk and Live Forever,,,2024.0,https://www.leadershipnow.com/leadershop/images/9798891881181.jpg,,False,True
BOOK02037,The Tao of Leadership,,,2025.0,https://www.leadershipnow.com/leadershop/images/9798891881716.jpg,,False,True
BOOK02038,"Believer, Bulldog, Coach",,,2025.0,https://www.leadershipnow.com/leadershop/images/9798891881730.jpg,,False,True
BOOK02039,The Power of Mattering,,,2025.0,https://www.leadershipnow.com/leadershop/images/9798892790123.jpg,,False,True
BOOK02040,There's Nothing Like This,,,2025.0,https://www.leadershipnow.com/leadershop/images/9798892790178.jpg,,False,True
BOOK02041,Blindspotting,,,2025.0,https://www.leadershipnow.com/leadershop/images/9798892790536.jpg,,False,True
BOOK02042,The Activator Advantage,,,2025.0,https://www.leadershipnow.com/leadershop/images/9798892790574.jpg,,False,True
BOOK02043,More Human,,,2025.0,https://www.leadershipnow.com/leadershop/images/9798892790628.jpg,,False,True
BOOK02044,Bag Man,,,2025.0,https://www.leadershipnow.com/leadershop/images/9798892790727.jpg,,False,True
BOOK02045,Culture Design,,,2025.0,https://www.leadershipnow.com/leadershop/images/9798892790772.jpg,,False,True
BOOK02046,Another Way,,,2025.0,https://www.leadershipnow.com/leadershop/images/9798892791137.jpg,,False,True
BOOK02047,The Octopus Organization,,,2025.0,https://www.leadershipnow.com/leadershop/images/9798892791403.jpg,,False,True
BOOK02048,The Happiness Files,,,2025.0,https://www.leadershipnow.com/leadershop/images/9798892792264.jpg,,False,True
BOOK02049,Superagency,,,2025.0,https://www.leadershipnow.com/leadershop/images/9798893310108.jpg,,False,True
BOOK02050,This Is Strategy,,,2024.0,https://www.leadershipnow.com/leadershop/images/9798893310160.jpg,,False,True
BOOK02051,The Overthinker's Guide to Making Decisions,,,2025.0,https://www.leadershipnow.com/leadershop/images/9798893310665.jpg,,False,True
BOOK02052,Transcend,,,2025.0,https://www.leadershipnow.com/leadershop/images/9798895650103.jpg,,False,True
BOOK02053,Seeing Around Corners,,,2025.0,https://www.leadershipnow.com/leadershop/images/9798895651384.jpg,,False,True
BOOK02054,Six Dimes and a Nickel,,,2025.0,https://www.leadershipnow.com/leadershop/images/9798895651896.jpg,,False,True
BOOK02055,Extraordinary Transformation,,,2024.0,https://www.leadershipnow.com/leadershop/images/9788986666303.jpg,,False,True
BOOK02056,Becoming a Leader Worth Following,,,2024.0,https://www.leadershipnow.com/leadershop/images/9798990085008.jpg,,False,True
BOOK02057,Always Learning,,,2024.0,https://www.leadershipnow.com/leadershop/images/9798990108509.jpg,,False,True
BOOK02058,Left and Right of the Boom,,,2024.0,https://www.leadershipnow.com/leadershop/images/9798990712607.jpg,,False,True
BOOK02059,Mega Thinking,,,2024.0,https://www.leadershipnow.com/leadershop/images/9798990768406.jpg,,False,True
BOOK02060,Ready to Win,,,2024.0,https://www.leadershipnow.com/leadershop/images/9798991554206.jpg,,False,True
BOOK02061,The Wellness Ethic,,,2025.0,https://www.leadershipnow.com/leadershop/images/9798991604901.jpg,,False,True
BOOK02062,A Platform Mindset,,,2025.0,https://www.leadershipnow.com/leadershop/images/9798991762328.jpg,,False,True
BOOK02063,The Most Powerful Sentence of All Time,,,2025.0,https://www.leadershipnow.com/leadershop/images/9798991824507.jpg,,False,True
BOOK02064,Soul Venture,,,2025.0,https://www.leadershipnow.com/leadershop/images/9798992188257.jpg,,False,True
BOOK02065,Soulgery,,,2025.0,https://www.leadershipnow.com/leadershop/images/9798998507205.jpg,,False,True
BOOK02066,I Can Fit That In,,,2025.0,https://www.leadershipnow.com/leadershop/images/9798998608100.jpg,,False,True
BOOK02067,Break The Bottle,,,2025.0,https://www.leadershipnow.com/leadershop/images/9798999366566.jpg,,False,True
