book_id,canonical_title,authors,description,subjects,first_publish_year,average_rating,ratings_count,edition_count,want_to_read_count,currently_reading_count,already_read_count,cover_url,openlibrary_key,source_openlibrary,source_leadershipnow,publication_year_observed,title_normalized
BOOK00001,Principle-Centered Leadership,['Stephen R. Covey'],"How do we as individuals and organizations survive and thrive amid tremendous change? Why are efforts to improve falling so short in real results despite the millions of dollars in time, capital, and human effort being spent on them? How do we unleash the creativity, talent, and energy within ourselves and others in the midst of pressure? Is it realistic to believe that balance among personal, family, and professional life is possible? The answer to these and other dilemmas is Principle-Centered Leadership, a long-term, inside-out approach to developing people and organizations. The key to dealing with the challenges that face us today is the recognition of a principle-centered core within both ourselves and our organizations. Dr. Covey offers insights and guidelines that can help you apply these principles both at work and at home -- leading not just to a new understanding of how to increase quality and productivity, but also to a new appreciation of the importance of building personal and professional relationships in order to enjoy a more balanced, more rewarding, more effective life.","['Leadership', 'Psychological aspects of Success', 'Success', 'Psychological aspects', 'Commerce', 'Success in business', 'Aptitude pour la direction', 'Achievement', 'Success--']",1989.0,4.5,2.0,21.0,145.0,15.0,6.0,https://covers.openlibrary.org/b/id/10858615-L.jpg,/works/OL2630041W,True,False,,principle-centered leadership
BOOK00002,Leadership in Organizations,['Gary A. Yukl'],,"['Organisation', 'Prise de décision', 'Entscheidungsfindung', 'Leadership', 'Organizational sociology', 'Organization', 'Decision making', 'Management', 'Entscheidungstheorie', 'Politische Wissenschaft', 'Economic development', 'Fu\x98hrung', 'Prise de decision', '85.08 organizational sociology and psychology', 'Führung', 'Organisationsverhalten', 'Leiderschap', 'Armies', 'Executive ability', 'Organizational Decision Making', 'Manuel', 'Organisation (organisme)', 'Ledarskap', 'Organisationssociologi', 'Organisationsteori', 'Organisationsutveckling', 'Beslutsfattande', 'Organization theory']",1981.0,5.0,1.0,26.0,110.0,12.0,0.0,https://covers.openlibrary.org/b/id/87719-L.jpg,/works/OL2731767W,True,False,,leadership in organizations
BOOK00003,Kepemimpinan =,['Karjadi M.'],,['Leadership'],1977.0,1.0,1.0,1.0,41.0,2.0,18.0,https://covers.openlibrary.org/b/id/14420782-L.jpg,/works/OL302757W,True,False,,kepemimpinan =
BOOK00004,Spiritual leadership,['J. Oswald Sanders'],,"['Christian leadership', 'Leadership', 'Spiritual directors']",1967.0,5.0,3.0,8.0,74.0,7.0,2.0,https://covers.openlibrary.org/b/id/570509-L.jpg,/works/OL450702W,True,False,,spiritual leadership
BOOK00005,Leadership,['Peter Guy Northouse'],,"['Cas, Études de', 'Leiderschap', 'Leadership', 'Case studies', 'Führung', 'Leadership--case studies', 'Hm141 .n67 1997', '303.3/4']",1997.0,3.6666667,3.0,5.0,67.0,4.0,3.0,https://covers.openlibrary.org/b/id/3859675-L.jpg,/works/OL94176W,True,False,,leadership
BOOK00006,The 21 Irrefutable Laws of Leadership,['John C. Maxwell'],,"['Leadership', 'Industrial management', 'Dirección y administración', 'Liderazgo', 'Industria', ""Gestion d'entreprise""]",1998.0,4.1666665,12.0,12.0,274.0,13.0,14.0,https://covers.openlibrary.org/b/id/1465659-L.jpg,/works/OL28124W,True,False,,the 21 irrefutable laws of leadership
BOOK00007,Leadership,['Peter G. Northouse'],"""The Third Edition of this bestselling text reviews and analyzes the foremost leadership theories, giving special attention to how each theoretical approach can be applied in real-world organizations. For anyone seeking to explore how an understanding of leadership theory can inform and direct the way leadership is practiced, Leadership: Theory and Practice is an indispensable tool. Adopted as a textbook at over 250 colleges and universities, this bestselling volume is equally useful for private-sector leadership development training programs.""--Jacket.","['Leadership', 'Case studies', 'Sociology', 'Führung', 'Leadership--case studies', 'Hm1261 .n67 2018', '303.3/4']",2000.0,5.0,3.0,8.0,50.0,2.0,2.0,https://covers.openlibrary.org/b/id/511761-L.jpg,/works/OL7956784W,True,False,,leadership
BOOK00008,Leadership and performance beyond expectations,['Bernard M. Bass'],,"['Leadership', 'Liderazgo']",1985.0,3.0,2.0,1.0,141.0,14.0,9.0,https://covers.openlibrary.org/b/id/18608-L.jpg,/works/OL2421691W,True,False,,leadership and performance beyond expectations
BOOK00009,A Higher Loyalty,"['James Comey', 'James B. Comey', 'James Comey']",The former FBI director shares his experiences over the past two decades working in the American government and explores ethical leadership and how it drives sound decision-making.,"['Politics and government', 'Officials and employees', 'United States. Federal Bureau of Investigation', 'United States', 'Leadership', 'Biography', 'Political leadership', 'Political ethics', 'War on Terrorism, 2001-2009', 'United States. Department of Justice', 'Election', 'Presidents', 'Large type books', 'Personal narratives', 'United states, federal bureau of investigation', 'United states, politics and government, 2009-2017', 'United states, politics and government, 2017-', 'United states, politics and government, 2001-2009', 'Lawyers, biography', 'United states, politics and government, biography', 'nyt:combined-print-and-e-book-nonfiction=2018-05-06', 'New York Times bestseller', 'New York Times reviewed', 'United states, politics and government, 2017-2021', 'BIOGRAPHY & AUTOBIOGRAPHY / Political', 'POLITICAL SCIENCE / American Government / National', 'HISTORY / United States / 21st Century', 'United States Federal Bureau of Investigation']",2018.0,4.3,10.0,9.0,20.0,0.0,14.0,https://covers.openlibrary.org/b/id/10597437-L.jpg,/works/OL18146967W,True,False,,a higher loyalty
BOOK00010,Leadership and Self Deception,"['The Arbinger Institute', 'Dick Ruhe']","This phenomenal bestseller * over 700,000 copies sold * changes readers? lives and helps them transform their organizations. In this new edition, the text has been updated and revised throughout to make it even more readable and powerful and a new section has been added that details the many different ways that people are using the book.","['Berrett Koehler', 'Business', 'Nonfiction', 'Leadership', 'Self-deception', 'Déception de soi', 'BUSINESS & ECONOMICS', 'Management', 'Management Styles & Communication', 'Economics']",2000.0,4.1666665,6.0,31.0,65.0,4.0,10.0,https://covers.openlibrary.org/b/id/831276-L.jpg,/works/OL8921343W,True,False,,leadership and self deception
BOOK00011,Leadership,['Elesa Zehndorfer'],,"['Leadership', 'Industrial management', ""Gestion d'entreprise"", 'BUSINESS & ECONOMICS / Industrial Management', 'BUSINESS & ECONOMICS / Management', 'BUSINESS & ECONOMICS / Management Science', 'BUSINESS & ECONOMICS / Organizational Behavior', 'BUSINESS & ECONOMICS / Leadership']",2013.0,5.0,1.0,12.0,32.0,3.0,1.0,https://covers.openlibrary.org/b/id/13806636-L.jpg,/works/OL19982874W,True,False,,leadership
BOOK00012,Leadership,"['Richard L. Hughes', 'Robert C. Ginnett', 'Gordon J Curphy', 'Richard Hughes', 'Robert Ginnett', 'Gordon Curphy', 'Gordon J. Curphy']",,"['Leadership', 'Management', 'Leiderschap', 'Management & management techniques', 'Industrial & Organizational Psychology', 'Business & Economics', 'Business / Economics / Finance', 'Psychology']",1993.0,,,11.0,37.0,6.0,2.0,https://covers.openlibrary.org/b/id/63396-L.jpg,/works/OL1947324W,True,False,,leadership
BOOK00013,Lincoln on Leadership,['Donald T. Phillips'],"A guide to business leadership based on the strategies of Abraham Lincoln focuses on the President's most difficult decisions during the Civil War, offering lessons based on his experiences for today's businessperson.","['Views on political leadership', 'Political leadership', 'Leadership', 'Politische Führung', 'Leiderschap', 'Politische Fu\x98hrung', 'Lincoln, abraham, 1809-1865']",1992.0,4.75,4.0,3.0,92.0,5.0,4.0,https://covers.openlibrary.org/b/id/285557-L.jpg,/works/OL1807678W,True,False,,lincoln on leadership
BOOK00014,Leadership,['James MacGregor Burns'],"A systematic study, ranging from the salons of eighteenth-century Paris to the revolutionary cadres of the present century, views leadership as dialectic, synthetic, collective, and consciousness-raising and scrutinizes its causes and effects.","['Leadership', 'Fu\x98hrungspsychologie', 'Fu\x98hrungseigenschaft', 'Politische Fu\x98hrung', 'Politieke aspecten', 'Führung', 'Pouvoir (sciences sociales)', 'Leiderschap', 'Ethische aspecten']",1978.0,5.0,1.0,4.0,59.0,3.0,0.0,https://covers.openlibrary.org/b/id/4448837-L.jpg,/works/OL30484W,True,False,,leadership
BOOK00015,Leadership,['Robert N. Lussier'],,"['Teams in the workplace', 'Leadership']",2000.0,4.5,4.0,5.0,48.0,4.0,1.0,https://covers.openlibrary.org/b/id/194497-L.jpg,/works/OL1815713W,True,False,,leadership
BOOK00016,The leadership challenge,"['James M. Kouzes', 'Barry Z. Posner', 'Elaine Biech', 'Barry Posner']","When it was initially written in 1987, few could have predicted that The Leadership Challenge would become one of the best-selling leadership books of all time. Now, faced with the new challenges of our unpredictable global business environment, Jim Kouzes and Barry Posner--two of the country's premier leadership experts--have completely revised and updated their classic book. Building on the knowledge base of their previous books, the third edition of The Leadership Challenge is grounded in extensive research and based on interviews with all kinds of leaders at all levels in public and private organizations from around the world. In this edition, the authors emphasize that the fundamentals of leadership are the same today as they were in the 1980s, and as they've probably been for centuries. In that sense, nothing's new. Leadership is not a fad. While the content of leadership has not changed, the context has-and in some cases, changed dramatically.","['Executive ability', 'Leadership', 'Management', 'Business', 'Nonfiction', 'Leiderschap', 'Aptitude pour la direction', 'Colección Gestión', 'Books and reading', 'Organization and Administration', 'Gestion', 'Sisters of St. Francis of Mary Immaculate', 'Administrative Personnel', 'Organizational Efficiency', 'Manuels', 'Autoformation', 'Ledarskap', 'Personnel Management', 'Führungsstil', 'Führung', 'Management, study and teaching', 'Executives, training of', 'Efficiency, organizational', 'Hd57.7 .k68 2007', 'Hd 57.7 k88l 2007', '658.4/092']",1987.0,5.0,1.0,40.0,33.0,3.0,1.0,https://covers.openlibrary.org/b/id/548022-L.jpg,/works/OL1974749W,True,True,,the leadership challenge
BOOK00017,ORGANIZATIONAL CULTURE AND LEADERSHIP,"['Schein, Edgar H.', 'Peter Schein']","Organizational culture refers to culture in any type of organization including that of schools, universities, not-for-profit groups, government agencies, or business entities. In business, terms such as corporate culture and company culture are often used to refer to a similar concept. The term corporate culture became widely known in the business world in the late 1980s and early 1990s.[28][29] Corporate culture was already used by managers, sociologists, and organizational theorists by the beginning of the 80s.[30][31] The related idea of organizational climate emerged in the 1960s and 70s, and the terms are now somewhat overlapping,[32][33] as climate is one aspect of culture that focuses primarily on the behaviors encouraged by the organization","['Corporate culture', 'Culture', 'Leadership', ""Culture d'entreprise"", 'PSYCHOLOGY', 'Social Psychology', 'Society', 'Hd58.7 .s33 2017', '302.3/5']",1991.0,5.0,1.0,10.0,41.0,1.0,2.0,https://covers.openlibrary.org/b/id/7905069-L.jpg,/works/OL17628850W,True,False,,organizational culture and leadership
BOOK00018,Leadership,['Richard L. Hughes'],,['Leadership'],2012.0,,,1.0,72.0,8.0,0.0,https://covers.openlibrary.org/b/id/9593539-L.jpg,/works/OL16296611W,True,False,,leadership
BOOK00019,Leadership In Turbulent Times,"['Doris Kearns Goodwin', 'Doris Kearns Goodwin']","In this culmination of five decades of acclaimed studies in presidential history, Pulitzer Prize-winning author Doris Kearns Goodwin offers an illuminating exploration into the early development, growth, and exercise of leadership. Are leaders born or made? Where does ambition come from? How does adversity affect the growth of leadership? Does the man make the times or do the times make the man? In Leadership in Turbulent Times, Goodwin draws upon four of the presidents she has studied most closely—Abraham Lincoln, Theodore Roosevelt, Franklin D. Roosevelt, and Lyndon B. Johnson (in civil rights)—to show how they first recognized leadership qualities within themselves, and were recognized by others as leaders. No common pattern describes the trajectory of leadership. Although set apart in background, abilities, and temperament, these men shared a fierce ambition and a deep-seated resilience that enabled them to surmount uncommon adversity. At their best, all four were guided by a sense of moral purpose. At moments of great challenge, they were able to summon their talents to enlarge the opportunities and lives of others. This seminal work provides an accessible and essential road map for aspiring and established leaders in every field. In today’s polarized world, these stories of authentic leadership in times of apprehension and fracture take on a singular urgency. ([source][1]) [1]: https://doriskearnsgoodwin.com/books/","['Politics and government', 'Political culture', 'Political leadership', 'Presidents', 'Character', 'Case studies', 'Crisis management', 'History', 'Business & economics', 'leadership', 'political science', 'government', 'executive branch', 'Case Reports', 'Biographies', 'biography', 'political process', 'biography & autobiography', 'presidents & heads of state', 'presidential leadership', 'Presidents, united states', 'United states, politics and government', 'Lincoln, abraham, 1809-1865', 'Roosevelt, theodore, 1858-1919', 'Roosevelt, franklin d. (franklin delano), 1882-1945', 'Johnson, lyndon b. (lyndon baines), 1908-1973', 'nyt:combined-print-and-e-book-nonfiction=2018-10-07', 'New York Times bestseller', 'New York Times reviewed', 'United states, history', 'POLITICAL SCIENCE / Political Process / Leadership', 'BIOGRAPHY & AUTOBIOGRAPHY / Presidents & Heads of State', 'Theodore Roosevelt']",2018.0,,,11.0,35.0,3.0,2.0,https://covers.openlibrary.org/b/id/12373708-L.jpg,/works/OL17934890W,True,False,,leadership in turbulent times
BOOK00020,Leadership,"['Michael Z. Hackman', 'Craig E. Johnson']",,"['Communication', 'Leadership', 'Politics - Current Events', 'Business & Economics / Management Science', 'Politics / Current Events', 'Business/Economics', 'Political Process - Leadership', 'Business & Economics', 'Management Science', 'Business & Economics / Leadership', 'Fu\x98hrung', 'Fu\x98hrungseigenschaft', 'Language arts', 'Business']",1991.0,4.0,1.0,7.0,32.0,3.0,1.0,https://covers.openlibrary.org/b/id/833338-L.jpg,/works/OL1693759W,True,False,,leadership
BOOK00021,Transformational Leadership,"['Bernard M. Bass', 'Ronald E. Riggio']","""Transformational Leadership, Second Edition is intended for both the scholars and serious students of leadership. It is a comprehensive review of theorizing and empirical research that can serve as a reference and starting point for additional research on the theory. It can be used as a supplementary textbook in an intense course on leadership - or as a primary text in a course or seminar focusing on transformational leadership.""--Publisher's website.","['Leadership', 'Organizational change']",2005.0,5.0,1.0,9.0,28.0,1.0,2.0,https://covers.openlibrary.org/b/id/1522594-L.jpg,/works/OL21002118W,True,False,,transformational leadership
BOOK00022,Tribal leadership,"['David Logan', 'Dave Logan', 'John King', 'Halee Fischer-Wright', 'King, John, III', 'John King (undifferentiated)']","It's a fact of life: birds flock, fish school, people ""tribe.""Every company, indeed every organization, is a tribe, or if it's large enough, a network of tribes—groups of 20 to 150 people in which everyone knows everyone else, or at least knows of everyone else. Tribes are more powerful than teams, companies, or even CEOs, and yet their key leverage points have not been mapped—until now. In Tribal Leadership, Dave Logan, John King, and Halee Fischer-Wright show leaders how to assess their organization's tribal culture on a scale from one to five and then implement specific tools to elevate the stage to the next. The result is unprecedented success.In a rigorous eight-year study of approximately 24,000 people in over two dozen corporations, Logan, King, and Fischer-Wright refine and define a common theme: the success of a company depends on its tribes, the strength of its tribes is determined by the tribal culture, and a thriving corporate culture can be established by an effective tribal leader. Tribal Leadership will show leaders how to employ their companies' tribes to maximize productivity and profit: the authors' research, backed up with interviews ranging from Brian France (CEO of NASCAR) to ""Dilbert"" creator Scott Adams, shows that over three quarters of the organizations they've studied have tribal cultures that are merely adequate, no better than the third of five tribal stages.Leaders, managers, and organizations that fail to understand, motivate, and grow their tribes will find it impossible to succeed in an increasingly fragmented world of business. The often counterintuitive findings of Tribal Leadership will help leaders at today's major corporations, small businesses, and nonprofits learn how to take the people in their organization from adequate to outstanding, to discover the secrets that have led the highest-level tribes (like the team at Apple that designed the iPod) to remarkable heights, and to find new ways to succeed where others have failed.","['Teams in the workplace', 'Leadership', 'Organizational behavior', 'Business', 'Management', 'Nonfiction', 'Gestion du personnel', 'Organisation du travail', 'Motivations', ""Travail d'équipe"", 'Associations, institutions', 'Workplace', 'nyt:paperback-advice=2011-06-26', 'New York Times bestseller']",2007.0,,,13.0,31.0,2.0,4.0,https://covers.openlibrary.org/b/id/5506671-L.jpg,/works/OL11659147W,True,False,,tribal leadership
BOOK00023,Tough Minded Leadership,['Joe D. Batten'],,"['Leadership', 'Management', 'Leadership, religious aspects']",1989.0,5.0,1.0,3.0,32.0,2.0,1.0,https://covers.openlibrary.org/b/id/4068570-L.jpg,/works/OL2649476W,True,False,,tough minded leadership
BOOK00024,Transforming Leadership,['James MacGregor Burns'],"The award-winning historian critically examines the role of leadership in the twenty-first century, outlining a program through which leaders can become agents of positive social change.","['Empowerment', 'Politieke leiding', 'Leadership', 'Geschichte', 'Führung', 'History', 'Leadership--history', 'Hm1261 .b87 2003', '303.3/4']",2003.0,1.0,1.0,6.0,28.0,2.0,1.0,https://covers.openlibrary.org/b/id/6635120-L.jpg,/works/OL30487W,True,False,,transforming leadership
BOOK00025,Leadership,['Rudolph W. Giuliani'],,"['Politics and government', 'September 11 Terrorist Attacks, 2001', 'Biographies', ""Hommes d'État"", 'New York (N.Y.)', 'Administration', 'Attentats du 11 septembre 2001, E tats-Unis', ""Hommes d'E tat"", 'Maires', 'Politicians', 'Leadership', 'Attentats du 11 septembre 2001, États-Unis', 'Mayors', 'Biography', 'Statesmen', 'New York City', 'Terrorist attack', 'September 11, 2001', 'September 11 terrorist attacks, 2001', ""Hommes d'état"", 'New york (n.y.)', 'Attentats du 11 septembre 2001, e tats-unis', ""Hommes d'e tat"", 'Attentats du 11 septembre 2001, états-unis', 'New york city']",2002.0,,,5.0,21.0,2.0,1.0,https://covers.openlibrary.org/b/id/545838-L.jpg,/works/OL694165W,True,False,,leadership
BOOK00026,Transformation leadership,"['Bernard M. Bass', 'Ronald E. Riggio']",,"['Leadership', 'Organizational change', 'Organizational Innovation', 'Changement organisationnel', 'BUSINESS & ECONOMICS']",2005.0,,,1.0,40.0,0.0,0.0,https://covers.openlibrary.org/b/id/1522595-L.jpg,/works/OL19907717W,True,False,,transformation leadership
BOOK00027,Las cinco disfunciones de un equipo,['Patrick Lencioni'],"In The Five Dysfunctions of a Team Patrick Lencioni once again offers a leadership fable that is as enthralling and instructive as his first two best-selling books, The Five Temptations of a CEO and The Four Obsessions of an Extraordinary Executive. This time, he turns his keen intellect and storytelling power to the fascinating, complex world of teams. Kathryn Petersen, Decision Tech's CEO, faces the ultimate leadership crisis: Uniting a team in such disarray that it threatens to bring down the entire company. Will she succeed? Will she be fired? Will the company fail? Lencioni's utterly gripping tale serves as a timeless reminder that leadership requires as much courage as it does insight. Throughout the story, Lencioni reveals the five dysfunctions which go to the very heart of why teams even the best ones-often struggle. He outlines a powerful model and actionable steps that can be used to overcome these common hurdles and build a cohesive, effective team. Just as with his other books, Lencioni has written a compelling fable with a powerful yet deceptively simple message for all those who strive to be exceptional team leaders.","['Management', 'Nonfiction', 'Business', 'Teams in the workplace', 'Industrial Psychology', 'Organization & administration', 'Travail de groupe', 'Leadership', 'Teamwork', 'Workplace', 'Institutional Management Teams', 'Équipes de travail', 'Personnel Management', 'Group Processes', 'Employees, training of', 'Self-actualization (psychology)', 'Comic books, strips', 'Teams in the workplace--comic books, strips, etc', 'Hd66 .l456 2008', '658.402', 'Institutional Mangement Teams']",2002.0,3.6,10.0,18.0,78.0,1.0,13.0,https://covers.openlibrary.org/b/id/10863273-L.jpg,/works/OL1835386W,True,False,,las cinco disfunciones de un equipo
BOOK00028,The Tao of leadership,['John Heider'],,"['Taoísmo', 'Psychological aspects of Leadership', 'Leadership', 'Psychological aspects', 'Taoism', 'Liderazgo', 'Dao de jing (Laozi)']",1985.0,5.0,1.0,14.0,42.0,5.0,1.0,https://covers.openlibrary.org/b/id/692190-L.jpg,/works/OL5367479W,True,False,,the tao of leadership
BOOK00029,The student leadership challenge,"['James M. Kouzes', 'Barry Z. Posner', 'Beth High', 'Gary M. Morgan', 'Martin Tan']","Derived from the classic leadership book The Leadership Challenge, Fourth Edition, this is a concise, focused primer on the Five Practices of Exemplary Leadership for students. Grounded in the same extensive research as the best selling The Leadership Challenge, this book uses examples and language to which students in higher education can relate. It also features reflective and critical thinking activities at the end of each chapter to help students engage in each of the Five Practices. -- Publisher description from http://www.josseybass.com (Oct. 3, 2011).","['Leadership', 'College student government', 'Interpersonal relations', 'Student government', 'Education - social & political aspects']",2000.0,,,39.0,12.0,1.0,0.0,https://covers.openlibrary.org/b/id/9250811-L.jpg,/works/OL1974738W,True,False,,the student leadership challenge
BOOK00030,Reframing Organizations,['Lee G. Bolman'],"In this third edition of their best-selling classic, authors Lee Bolman and Terrence Deal explain the powerful tool of ""reframing."" The authors have distilled the organizational literature into a comprehensive approach for looking at situations from more than one angle. Their four frames view organizations as factories, families, jungles, and theaters or temples: The Structural Frame: how to organize and structure groups and teams to get results The Human Resource Frame: how to tailor organizations to satisfy human needs, improve human resource management, and build positive interpersonal and group dynamics The Political Frame: how to cope with power and conflict, build coalitions, hone political skills, and deal with internal and external politics The Symbolic Frame: how to shape a culture that gives purpose and meaning to work, stage organizational drama for internal and external audiences, and build team spirit through ritual, ceremony, and story","['Leadership', 'Management', 'Organizational behavior', 'Business', 'Nonfiction', 'Comportement organisationnel', 'Gestion', ""Culture d'entreprise"", 'Management.', 'Organizational behavior.', 'Leadership.', 'Risk Management', 'Organization and Administration', 'Administracao', 'Prise de decision', 'Organisatie', 'Unternehmen', 'Theorie', 'Administracao De Empresas', 'Unternehmensorganisation', 'Prise de décision', 'Job Satisfaction', 'Personnel Management', 'Industrial Psychology', 'Führung', 'Organisationshandeln', 'Associations, institutions, etc.', 'Organizational change', 'BUSINESS & ECONOMICS', 'Structural Adjustment', 'Organisationssoziologie', 'Organisationsverhalten', 'Organisationsutveckling', 'Organisationsförändringar', 'Företagsorganisation', 'Management Service Organizations', 'Organisatiegedrag', 'Leiderschap', 'Organizational Culture', 'Organizational Innovation', 'Institutional Management Teams', 'Management Quality Circles', 'Hd31 .b6135 2003', '658.4/063', 'Hd31 .b6135 2008', 'Psychology, industrial', 'Hd31 .b6135 2013', 'Hd31 .b6135 2017']",1991.0,,,36.0,27.0,1.0,1.0,https://covers.openlibrary.org/b/id/549072-L.jpg,/works/OL3359455W,True,False,,reframing organizations
BOOK00031,Wooden on Leadership,['John Wooden'],"""Team spirit, loyalty, enthusiasm, determination...Acquire and keep these traits and success should follow."" --Coach John WoodenJohn Wooden is without question one of the most respected and honored sports coaches in our nations history. But it wasn't winning games that drove him; it was ensuring that, regardless of the final score, his players always put forth their utmost effort and performed to the best of their abilities.One of the lesser-known aspects of Wooden is the notebooks in which, beginning in 1948, he regularly recorded his thoughts, inspirations, and life lessons. In Wooden on Leadership, the legendary coach and his longtime collaborator Steve Jamison combine the best of those notebooks with Wooden's far-more-celebrated Pyramid of Success to create a leadership skills guide designed to help anyone develop character, conviction, and remarkable achievement.Whether discussing teamwork (""It takes 10 hands to score a basket"") and self-control (""Emotion is the enemy"") to concentration (""Don't look at the scoreboard"") and dealing with defeat (""Things turn out best for those who make the best of the way things turn out"").","['Business', 'Nonfiction', 'Leadership', 'Management']",2005.0,5.0,1.0,3.0,36.0,1.0,2.0,https://covers.openlibrary.org/b/id/60373-L.jpg,/works/OL7912826W,True,False,,wooden on leadership
BOOK00032,Brand leadership,"['David A. Aaker', 'Erich Joachimsthaler']",,"['Brand name products', 'Management', 'Sales & marketing', 'Product Management', 'Business & Economics', 'Business / Economics / Finance', 'Business/Economics', 'United States', 'Marketing - General', 'Advertising & Promotion', 'Business & Economics / Marketing / General', 'Marketing', 'Merken', 'Merkartikelen', 'Merknamen', 'Strategie', 'Marques de commerce']",2000.0,,,5.0,31.0,1.0,0.0,https://covers.openlibrary.org/b/id/7290666-L.jpg,/works/OL9947459W,True,False,,brand leadership
BOOK00033,SuperVision and Instructional Leadership,"['Carl D. Glickman', 'Stephen P. Gordon', 'Jovita M. Ross-Gordon']",,"['School supervision', 'Schulaufsicht', 'Educational leadership', 'Inspection des écoles']",2000.0,5.0,2.0,15.0,19.0,1.0,3.0,https://covers.openlibrary.org/b/id/1145869-L.jpg,/works/OL2631715W,True,False,,supervision and instructional leadership
BOOK00034,Leadership,['Simon Western'],,"['Leadership', 'Economics', 'Industrial management']",2007.0,,,13.0,13.0,0.0,0.0,https://covers.openlibrary.org/b/id/2771147-L.jpg,/works/OL9723833W,True,False,,leadership
BOOK00035,Leadership Strategy and Tactics,['Jocko Willink'],,"['Strategic planning', 'Leadership', 'Sociology', 'Economics', 'nyt:advice-how-to-and-miscellaneous=2020-02-02', 'New York Times bestseller', 'BUSINESS & ECONOMICS / Economics / General']",2020.0,4.0,1.0,7.0,26.0,0.0,2.0,https://covers.openlibrary.org/b/id/9380709-L.jpg,/works/OL20703991W,True,False,,leadership strategy and tactics
BOOK00036,Leadership,['Henry Kissinger'],,"['nyt:combined-print-and-e-book-nonfiction=2022-07-24', 'New York Times bestseller']",2022.0,,,10.0,26.0,0.0,1.0,https://covers.openlibrary.org/b/id/14249975-L.jpg,/works/OL25348188W,True,True,,leadership
BOOK00037,Improving organizational effectiveness through transformational leadership,"['Bernard M. Bass', 'Bruce J. Avolio']",,"['Leadership', 'Organizational effectiveness']",1994.0,5.0,2.0,2.0,37.0,2.0,3.0,https://covers.openlibrary.org/b/id/1516336-L.jpg,/works/OL18306659W,True,False,,improving organizational effectiveness through transformational leadership
BOOK00038,Introduction to Leadership,['Peter G. Northouse'],,['Leadership'],2011.0,,,5.0,28.0,0.0,0.0,https://covers.openlibrary.org/b/id/8872957-L.jpg,/works/OL20220610W,True,False,,introduction to leadership
BOOK00039,Teacher leadership,"['Ann Lieberman', 'Lynne Miller']",,"['Educational leadership', 'Professional relationships', 'Teacher participation in administration', 'Teachers']",1950.0,,,7.0,12.0,1.0,0.0,https://covers.openlibrary.org/b/id/1482285-L.jpg,/works/OL18785478W,True,False,,teacher leadership
BOOK00040,HR leadership,['Linda Holbeche'],"What is HR leadership and what difference can it make to business success? Who is demonstrating HR leadership now and what might HR leadership look like in the future? How can aspiring HR leaders gain the skills, behaviours and credibility to navigate new and complex career structures and move up the career ladder? These are just some of the questions addressed by Linda Holbeche in her latest book. HR leadership is a rapidly evolving concept. It is as much a mindset, philosophy and set of capabilities as a role. HR Leadership draws on the personal experiences of some of today's most talented HR professionals who, through their leadership, are making a real difference to their organisations, no matter what industry they work in. Holbeche looks at the experiences which shaped them and the values and priorities which drive them. The book contains: . Revealing interviews with Senior HR leaders from Google, McDonald's, the UK's National Policing Improvement Agency and other major organisations, offering insights into their own career development . An overview of the capabilities needed for success as an HR leader and suggestions about how to develop these . Practical illustrations from leading companies, demonstrate how effective HR leaders play a driving role in building healthy and effective organisations to offer competitive edge HR Leadership illustrates to business managers what effective HR looks like at its best. Its well-informed and practical advice make this book a must-read for anyone wanting to develop their career as an HR leader. . Revealing interviews with Senior HR leaders from Google, McDonald's, the UK's National Policing Improvement Agency and other major organisations, offering insights into their own career development . An overview of the capabilities needed for success as an HR leader and suggestions about how to develop these . Practical illustrations from leading companies, demonstrate how effective HR leaders play a driving role in building healthy and effective organisations to offer competitive edge.","['Human Resources & Personnel Management', 'Leadership', 'Business', 'Workplace Culture', 'Personnel management', 'BUSINESS & ECONOMICS', 'Personnel', 'Direction']",2010.0,,,8.0,12.0,0.0,0.0,https://covers.openlibrary.org/b/id/9270506-L.jpg,/works/OL16918034W,True,False,,hr leadership
BOOK00041,Leadership in health care,"['Jill Barr', 'Lesley L Dowding']",,"['Administration', 'Health services administration', 'Nursing services', 'Health systems & services', 'Nursing', 'Services infirmiers', 'Health Services Administration', 'Leadership', 'Santé, Services de', 'Interprofessional Relations', 'Nursing services, administration', 'Medical', 'Health care delivery']",2008.0,,,16.0,12.0,0.0,0.0,https://covers.openlibrary.org/b/id/2771103-L.jpg,/works/OL9454258W,True,False,,leadership in health care
BOOK00042,Organizational culture and leadership,"['Schein, Edgar H.']","Presents a comprehensive analysis of organizational culture - what it is, how it develops, and how it functions in relation to managerial style and organizational effectiveness.","['Culture', 'Leadership', 'Corporate culture', 'open_syllabus_project', 'Organizational behavior', 'Organizational sociology', 'Organization', 'Management']",1985.0,4.0,1.0,5.0,22.0,4.0,1.0,https://covers.openlibrary.org/b/id/774364-L.jpg,/works/OL1906630W,True,False,,organizational culture and leadership
BOOK00043,Leadership and the one minute manager,"['Kenneth H. Blanchard', 'Patricia Zigarmi', 'Drea Zigarmi']","Providing a guide to effective business leadership, three management consultants' important concepts and techniques of leadership, including flexibility, diagnosis, contracts, building skill, confidence, and autonomy in others. In clear, simple terms Leadership and the One Minute Manager® teaches managers the art of Situational Leadership®--a simple system that refutes the conventional management mandate of treating all employees equally. Here, you'll learn why tailoring management styles to individual employees is so important why knowing when to delegate, support, or direct is critical how to identify the leadership style suited to a particular person and how consistent use of the One Minute techniques will produce better management and enhanced motivation on all levels. This remarkable, easy-to-follow book is a priceless guide to creative, personalized leadership that elicits the best performance from your staff--and the best bottom line for any business. If your management motto is ""everyone should be treated equally,"" Leadership and the One Minute Manager. will show you why this style not only hinders workplace efficiency, but also frustrates your staff. In clear, simple terms, Ken Blanchard, co-author of the enormously popular The One Minute Manager., coupled with business gurus Patricia and Drea Zigarmi, teach managers the art of Situational Leadership. You'll learn why tailoring management styles to individual employees is so important when to delegate, support, or direct how to identify the leadership style suited to a particular person and how consistent use of the One Minute techniques will produce better management and enhanced motivation on all levels. This remarkable, easy-to-follow book is a priceless guide to creative, personalized leadership that elicits the best performance from your staff and the best bottom line for any business. -- Book jacket.","['Leadership', 'Management', 'Gestion']",1985.0,4.3333335,3.0,7.0,23.0,2.0,4.0,https://covers.openlibrary.org/b/id/6440265-L.jpg,/works/OL66047W,True,False,,leadership and the one minute manager
BOOK00044,School leadership and administration,"['Richard A. Gorton', 'Judy A. Alston', 'Petra E. Snowden']",,"['Case studies', 'Educational leadership', 'School management and organization', 'Administration scolaire', 'Educational administration', 'Administration - General', 'Leadership', 'Education / Administration', 'Education', 'Education / Teaching', 'Textbooks', 'United States']",1987.0,5.0,2.0,7.0,15.0,3.0,2.0,https://covers.openlibrary.org/b/id/8339443-L.jpg,/works/OL4138839W,True,False,,school leadership and administration
BOOK00045,Leadership Is an Art,['Max DePree'],"Provides advice on the ""art"" of leadership by the CEO of one of Fortune magazine's ten best managed companies.",['Leadership'],1989.0,,,7.0,14.0,1.0,1.0,https://covers.openlibrary.org/b/id/4610906-L.jpg,/works/OL8051336W,True,False,,leadership is an art
BOOK00046,Small unit leadership,['Dandridge M. Malone'],,"['Business', 'Command of troops', 'History', 'Leadership', 'Nonfiction', 'Military art and science']",1983.0,5.0,1.0,2.0,23.0,1.0,0.0,https://covers.openlibrary.org/b/id/689071-L.jpg,/works/OL5591010W,True,False,,small unit leadership
BOOK00047,Leadership Wisdom from the Monk Who Sold His Ferrari,['Robin S. Sharma'],,"['Exito en los negocios', 'Actualización de sí mismo (Psicología)', 'Leadership', 'Success in business', 'Self-actualization (Psychology)', 'Liderazgo', 'Management and leadership skills', 'Industrial management', 'Business']",1998.0,3.6666667,3.0,22.0,63.0,7.0,4.0,https://covers.openlibrary.org/b/id/1835-L.jpg,/works/OL1854816W,True,False,,leadership wisdom from the monk who sold his ferrari
BOOK00048,Monday morning leadership,['David Cottrell'],,"['Management', 'Leadership', 'Labor productivity', 'Employee motivation']",2002.0,3.5,2.0,1.0,102.0,5.0,5.0,https://covers.openlibrary.org/b/id/737408-L.jpg,/works/OL5698702W,True,False,,monday morning leadership
BOOK00049,Leadership for dummies,['Marshall Loeb'],,"['Executive ability', 'Leadership']",1999.0,,,3.0,17.0,2.0,0.0,https://covers.openlibrary.org/b/id/521724-L.jpg,/works/OL513860W,True,False,,leadership for dummies
BOOK00050,Leadership,['Peter Guy Northouse'],"""Used at more than 1500 institutions in 89 countries and translated into 12 different languages, this market-leading text successfully combines an academically robust account of the major theories and models of leadership with an accessible style and practical examples that help students apply what they learn. Peter G. Northouse uses a consistent format for each chapter, allowing students to compare the various theories. Each chapter includes three case studies that provide students with practical examples of the theories discussed. Adopted at more than 1,000 colleges, universities, and institutions worldwide, Leadership: Theory and Practice provides readers with a user-friendly account of a wide range of leadership research in a clear, concise, and interesting manner.""--Publisher's website.","['Leadership', 'Case studies', 'Leiderschap', 'BUSINESS & ECONOMICS', 'Führung', 'Fèuhrung', 'Ledarskap', 'Unternehmensführung', 'Leadership--case studies', 'Hm1261 .n67 2015', '303.3/4']",2010.0,,,2.0,15.0,2.0,1.0,https://covers.openlibrary.org/b/id/9280852-L.jpg,/works/OL18724331W,True,False,,leadership
BOOK00051,Curriculum leadership,"['Allan A. Glatthorn', 'Floyd Boschee', 'Bruce M. Whitehead']","""A one-of-a-kind resource written for teachers and administrators who want to sucessfully restructure and enhance school curriculum.""--Back cover.","['Curricula', 'Curriculum', 'Curriculum evaluation', 'Curriculum planning', 'Education, Elementary', 'Educational leadership', 'Elementary Education', 'Planification', ""Programmes d'etudes"", 'Leadership en education', 'Curriculum planning & development', 'Education', 'Education / Teaching', 'United States', 'Education / Curricula', 'Leadership', 'Education, united states']",1987.0,,,4.0,10.0,2.0,0.0,https://covers.openlibrary.org/b/id/4174269-L.jpg,/works/OL2631027W,True,False,,curriculum leadership
BOOK00052,Transformational leadership development,['Bernard M. Bass'],,"['Handbooks, manuals', 'Handbooks, manuals, etc..', 'Self-evaluation', 'Supervisors', 'Leadership', 'Questionnaires', 'Evaluation', 'Rating of']",1990.0,1.0,1.0,1.0,11.0,1.0,0.0,,/works/OL2421703W,True,False,,transformational leadership development
BOOK00053,Full range leadership development,['Bruce J. Avolio'],,['Leadership'],2010.0,,,4.0,5.0,1.0,0.0,https://covers.openlibrary.org/b/id/14380960-L.jpg,/works/OL15443861W,True,False,,full range leadership development
BOOK00054,Leadership Development in Balance,['Bruce J. Avolio'],,[],2004.0,,,7.0,2.0,0.0,0.0,https://covers.openlibrary.org/b/id/5370739-L.jpg,/works/OL2002372W,True,False,,leadership development in balance
BOOK00055,Full range leadership development,['John J. Sosik'],,"['Leadership', 'BUSINESS & ECONOMICS / Industrial Management', 'BUSINESS & ECONOMICS / Management', 'BUSINESS & ECONOMICS / Management Science', 'BUSINESS & ECONOMICS / Organizational Behavior']",2010.0,,,8.0,2.0,0.0,0.0,https://covers.openlibrary.org/b/id/9233648-L.jpg,/works/OL18564486W,True,False,,full range leadership development
BOOK00056,Leadership Development,['Kevin Flinn'],,"['Leadership', 'Career development', 'BUSINESS & ECONOMICS', 'Industrial Management', 'Management', 'Management Science', 'Organizational Behavior']",2018.0,,,6.0,1.0,0.0,0.0,https://covers.openlibrary.org/b/id/9234954-L.jpg,/works/OL20593977W,True,False,,leadership development
BOOK00057,Leadership development basics,['Karen Lawson'],,['Leadership'],2008.0,,,3.0,2.0,0.0,0.0,,/works/OL840850W,True,False,,leadership development basics
BOOK00058,Leadership development,['Rosemary Ryan'],,"['Executive ability', 'Leadership', 'Study and teaching', 'Aptitude pour la direction', 'Étude et enseignement', 'BUSINESS & ECONOMICS']",2008.0,,,8.0,,,,https://covers.openlibrary.org/b/id/5346473-L.jpg,/works/OL3419920W,True,False,,leadership development
BOOK00059,The Center for Creative Leadership handbook of leadership development,"['Cynthia D. McCauley', 'Ellen Van Velsor']",This second edition brings together the wealth of practical knowledge that CCL has gained from over three decades of research and experience.,"['Creative ability in business', 'Leadership']",2003.0,,,5.0,2.0,0.0,0.0,https://covers.openlibrary.org/b/id/10216345-L.jpg,/works/OL19124120W,True,False,,the center for creative leadership handbook of leadership development
BOOK00060,Applied leadership development,['Al Bolea'],,['Leadership'],2015.0,,,5.0,1.0,0.0,0.0,,/works/OL23199296W,True,False,,applied leadership development
BOOK00061,Full leadership development,['Bruce J. Avolio'],,"['Leadership', 'Fu\x98hrung', 'Leiderschap', 'Organizational behavior']",1999.0,,,1.0,4.0,0.0,0.0,https://covers.openlibrary.org/b/id/3740918-L.jpg,/works/OL2002371W,True,False,,full leadership development
BOOK00062,Implementing problem-based learning in leadership development,['Edwin M. Bridges'],,"['Problem solving', 'School administrators', 'School management and organization', 'School principals', 'Study and teaching', 'Training of', 'Étude et enseignement', 'Onderwijsvernieuwing', ""Directeurs d'école"", 'Problemlösen', 'Résolution de problème', 'Administration scolaire', 'Formation', 'Probleemgeoriënteerd onderwijs', 'Schulverwaltung', 'Führungskraft', 'Administrateurs scolaires', 'Onderwijsmanagement']",1995.0,,,2.0,3.0,0.0,0.0,https://covers.openlibrary.org/b/id/8141864-L.jpg,/works/OL3744961W,True,False,,implementing problem-based learning in leadership development
BOOK00063,Leadership Development Studies,"['Monika Byrd', 'Susan Edwards']",,"['Leadership', 'Management']",2014.0,,,1.0,2.0,1.0,0.0,https://covers.openlibrary.org/b/id/10478961-L.jpg,/works/OL22581744W,True,False,,leadership development studies
BOOK00064,The making of a leader,['J. Robert Clinton'],,['Christian leadership'],1988.0,5.0,1.0,2.0,5.0,1.0,3.0,https://covers.openlibrary.org/b/id/688500-L.jpg,/works/OL4655515W,True,False,,the making of a leader
BOOK00065,Accelerating Leadership Development,['Jocelyn Berard'],,"['Leadership', 'Evaluation', 'Organizational effectiveness', 'Executives', 'Training of', 'Executive ability', 'BUSINESS & ECONOMICS', 'Industrial Management', 'Management', 'Management Science', 'Organizational Behavior']",2013.0,2.0,1.0,4.0,0.0,0.0,1.0,https://covers.openlibrary.org/b/id/9042094-L.jpg,/works/OL20374782W,True,False,,accelerating leadership development
BOOK00066,Innovations in public leadership development,['Terry F. Buss'],,"['Leadership', 'Public administration', 'Political leadership', 'Organizational change', 'Administration publique (Science)', 'Changement organisationnel']",2008.0,,,8.0,,,,https://covers.openlibrary.org/b/id/8662994-L.jpg,/works/OL18787789W,True,False,,innovations in public leadership development
BOOK00067,College Student Leadership Development,['Valerie I. Sessa'],,"['College students', 'Leadership']",2017.0,,,4.0,1.0,0.0,0.0,,/works/OL26498430W,True,False,,college student leadership development
BOOK00068,The Center for Creative Leadership handbook of leadership development,['Ellen Van Velsor'],"""The third edition of the handbook has been thoroughly revised and expanded to include the most recent research from CCL and its best thinking in the field of leadership development. This important resource includes new chapters on leadership in terms, global leadership, and leading through transitions."" -- Inside Cover","['Creative ability in business', 'Leadership', 'Führungskräfteentwicklung', 'F?hrungskr?fteentwicklung']",2010.0,,,2.0,2.0,0.0,0.0,https://covers.openlibrary.org/b/id/9271912-L.jpg,/works/OL15452494W,True,False,,the center for creative leadership handbook of leadership development
BOOK00069,Leadership development program,['Frances A. Karnes'],,"['Leadership', 'Study and teaching']",2000.0,,,2.0,1.0,0.0,0.0,https://covers.openlibrary.org/b/id/1664894-L.jpg,/works/OL2656738W,True,False,,leadership development program
BOOK00070,Servant Leadership,"['Dirk van Dierendonck', 'K. Patterson']",,['Leadership'],2010.0,,,4.0,2.0,0.0,0.0,,/works/OL25704183W,True,False,,servant leadership
BOOK00071,Real time leadership development,['Paul R. Yost'],,"['Executive ability', 'Leadership']",2009.0,,,5.0,,,,https://covers.openlibrary.org/b/id/9500224-L.jpg,/works/OL9699269W,True,False,,real time leadership development
BOOK00072,Leading Small Business,"['Steve Kempster', 'Sue Smith']",,"['Small business', 'Management', 'Leadership', 'Petites et moyennes entreprises', 'Gestion', 'BUSINESS & ECONOMICS', 'Industrial Management', 'Management Science', 'Organizational Behavior']",2015.0,,,4.0,2.0,0.0,0.0,https://covers.openlibrary.org/b/id/13256671-L.jpg,/works/OL25180372W,True,False,,leading small business
BOOK00073,Women's Leadership Development,['Gelaye Debebe'],,"['Leadership', 'Businesswomen', 'Leadership in women', 'Study and teaching', 'Women executives', 'Women in the professions', 'Leadership chez la femme', 'Étude et enseignement', 'Femmes dans les professions libérales', 'BUSINESS & ECONOMICS / General', 'BUSINESS & ECONOMICS / Leadership', 'SOCIAL SCIENCE / Gender Studies']",2019.0,,,6.0,,,,,/works/OL21284859W,True,False,,women's leadership development
BOOK00074,Leadership Development,['Manuel London'],,"['Training of', 'Leadership', 'Executives', 'Executives, training of', 'BUSINESS & ECONOMICS', 'Workplace Culture', 'Corporate Governance', 'Organizational Development']",2001.0,,,4.0,2.0,0.0,0.0,https://covers.openlibrary.org/b/id/5363384-L.jpg,/works/OL59396W,True,False,,leadership development
BOOK00075,Accelerated Leadership Development,['Ines Wichert'],,['Leadership'],2018.0,,,2.0,2.0,0.0,0.0,https://covers.openlibrary.org/b/id/8842072-L.jpg,/works/OL20192611W,True,False,,accelerated leadership development
BOOK00076,Business Leadership Development in China,"['Shuang Ren', 'Robert Wood', 'Ying Zhu']",,"['Leadership', 'Management', 'China, social conditions', 'China, economic conditions', 'Gestion', 'BUSINESS & ECONOMICS', 'Industrial Management', 'Management Science', 'Organizational Behavior']",2015.0,,,7.0,,,,https://covers.openlibrary.org/b/id/8952359-L.jpg,/works/OL20293708W,True,False,,business leadership development in china
BOOK00077,Leadership for a Better World,"['Susan R. Komives', 'Wendy Wagner']",,"['Universities and colleges, administration', 'College administrators', 'Educational leadership', 'Social change', 'Universities and colleges--administration', 'College administrators--professional relationships', 'Lb2341 .k66 2017', '378.1/01', 'Universities and colleges', 'Administration', 'Professional relationships']",2012.0,,,6.0,3.0,0.0,0.0,,/works/OL21490762W,True,False,,leadership for a better world
BOOK00078,Future of Leadership Development,"['Susan Elaine Murphy', 'Ronald E. Riggio']",,['Leadership'],2003.0,,,6.0,,,,,/works/OL21047950W,True,False,,future of leadership development
BOOK00079,Curriculum Leadership Development,['Carol A. Mullen'],,"['Curriculum planning', 'Educational leadership']",2012.0,,,6.0,,,,,/works/OL25144317W,True,False,,curriculum leadership development
BOOK00080,The handbook for student leadership development,['Susan R. Komives'],"""This is a comprehensive handbook provides essential research, theoretical framing, and practical guidance to help higher education practitioners develop, advance, and sustain a student leadership program. This new and thoroughly revised edition introduces a model for designing and executing any student leadership program, which will serve as a framing device for the book. This model covers: Foundations of Leadership Education, Program Design, Program Context, and Program Delivery. In addition, the book includes a rich, organized array of further recommended resources that will be connected to elements in various chapters.""--","['Counseling in higher education', 'College student development programs', 'EDUCATION / Students & Student Life', 'Handbooks, manuals', 'Student affairs services', 'Students & Student Life', 'EDUCATION', 'College students', 'Social service, united states']",2011.0,,,1.0,3.0,0.0,0.0,https://covers.openlibrary.org/b/id/9296574-L.jpg,/works/OL16114022W,True,False,,the handbook for student leadership development
BOOK00081,Leadership Development,['Manuel London'],,[],2001.0,,,5.0,,,,,/works/OL25209587W,True,False,,leadership development
BOOK00082,Servant Leadership Development,['Janine Williams'],,[],2021.0,,,1.0,2.0,0.0,0.0,,/works/OL27542534W,True,False,,servant leadership development
BOOK00083,Full range leadership development,['Bruce J. Avolio'],,['Leadership'],2011.0,,,1.0,2.0,0.0,0.0,,/works/OL15508124W,True,False,,full range leadership development
BOOK00084,The Art of Christian Leadership,['Jon Byler'],,[],2009.0,,,3.0,4.0,0.0,0.0,https://covers.openlibrary.org/b/id/8918406-L.jpg,/works/OL20261418W,True,False,,the art of christian leadership
BOOK00085,Community Leadership Development,['Mark A. Brennan'],,['Community leadership'],2014.0,,,5.0,,,,,/works/OL21287613W,True,False,,community leadership development
BOOK00086,Ethical leadership,"['Stephen Connock', 'Ted Johns']",,"['Business ethics', 'Professional ethics', 'Social responsibility of business', 'Ethics', 'Leadership']",1995.0,,,1.0,2.0,0.0,0.0,https://covers.openlibrary.org/b/id/12689128-L.jpg,/works/OL27700028W,True,False,,ethical leadership
BOOK00087,Leadership development,['Lee Barr'],,"['Leadership', 'Teams in the workplace']",1994.0,,,1.0,1.0,0.0,0.0,https://covers.openlibrary.org/b/id/3944180-L.jpg,/works/OL3951054W,True,False,,leadership development
BOOK00088,Phi Theta Kappa leadership development program,['Carlene S. Feldman'],,"['Leadership', 'Study and teaching (Higher)']",1996.0,,,2.0,1.0,0.0,0.0,,/works/OL11019317W,True,False,,phi theta kappa leadership development program
BOOK00089,Best practices in leadership development and organization change,"['Louis Carter', 'David Ulrich', 'Marshall Goldsmith']","""Best Practices in Leadership Development and Organization Change contains a wide-variety of forms, instruments, case studies, research, methods, and guides that can be used to implement effective programs within any organization. Based on research from the Best Practices Institute, the book offers best practices from eighteen of the world's best organizations.""--BOOK JACKET.","['Leadership', 'Case studies', 'Organizational change']",2004.0,,,5.0,1.0,0.0,0.0,https://covers.openlibrary.org/b/id/8622823-L.jpg,/works/OL19124558W,True,False,,best practices in leadership development and organization change
BOOK00090,Collaborative leadership,['Hank Rubin'],,"['Community and school', 'Educational leadership', 'Education, united states', 'Gesellschaft', 'Schulleitung']",2002.0,,,5.0,1.0,0.0,0.0,https://covers.openlibrary.org/b/id/1431839-L.jpg,/works/OL1819729W,True,False,,collaborative leadership
BOOK00091,Transnational leadership development,['Beth Fisher-Yoshida'],,"['Cross-cultural studies', 'International business enterprises', 'Leadership', 'Corporate culture', 'Management', 'Intercultural communication', 'Kulturhoheit', 'Interkulturelles Management', 'Führung', 'Études transculturelles', 'Entreprises multinationales', 'Gestion', ""Culture d'entreprise"", 'BUSINESS & ECONOMICS']",2009.0,,,4.0,1.0,0.0,0.0,https://covers.openlibrary.org/b/id/9272865-L.jpg,/works/OL11929114W,True,False,,transnational leadership development
BOOK00092,Distributed School Leadership,['Alma Harris'],,"['Educational leadership', 'School improvement programs', 'Educational equalization', 'Skolledning', 'Skolledare', 'Skolutveckling', 'Schulleitung', 'Schulentwicklungsplanung']",2008.0,,,3.0,1.0,0.0,0.0,https://covers.openlibrary.org/b/id/12532970-L.jpg,/works/OL1923307W,True,False,,distributed school leadership
BOOK00093,Leadership Development,['Ideal Curtis'],,[],2011.0,,,3.0,,,,,/works/OL36466813W,True,False,,leadership development
BOOK00094,Management and leadership development,"['Christopher Mabey', 'Tim Finch Lees']",,"['Training of', 'Leadership', 'Führungskraft', 'Personalentwicklung', 'Executives', 'Educational leadership', 'Management']",2007.0,,,3.0,,,,https://covers.openlibrary.org/b/id/5156507-L.jpg,/works/OL19561785W,True,False,,management and leadership development
BOOK00095,The Pfeiffer book of successful leadership development tools,['Jack Gordon'],Resource added for the Leadership Development program 101961.,"['Executive ability', 'Problems, exercises', 'Leadership', 'Executives, training of', 'Performance standards']",2007.0,,,3.0,0.0,1.0,0.0,https://covers.openlibrary.org/b/id/2424171-L.jpg,/works/OL18845534W,True,False,,the pfeiffer book of successful leadership development tools
BOOK00096,Leadership development,['Abdullahi Sheikh Ali'],,[],1980.0,,,1.0,1.0,0.0,0.0,,/works/OL15805280W,True,False,,leadership development
BOOK00097,Foundations of Educational Leadership,['Jeffrey S. Brooks'],,['Educational leadership'],2017.0,,,6.0,1.0,0.0,0.0,https://covers.openlibrary.org/b/id/8874009-L.jpg,/works/OL20221499W,True,False,,foundations of educational leadership
BOOK00098,Strategic leadership development,['Jeff Stouffer'],,"['Command of troops', 'Leadership', 'Study and teaching', 'Commandement des troupes', 'Étude et enseignement']",2007.0,,,1.0,1.0,0.0,0.0,https://covers.openlibrary.org/b/id/11722014-L.jpg,/works/OL18640373W,True,False,,strategic leadership development
BOOK00099,Executive Leadership,['Albert Ellis'],,['Executives'],1972.0,5.0,1.0,3.0,8.0,2.0,2.0,https://covers.openlibrary.org/b/id/8481928-L.jpg,/works/OL73261W,True,False,,executive leadership
BOOK00100,Executive leadership,"['Elliott Jaques', 'Stephen D. Clement']",,"['Leadership', 'Executive ability', 'Management', 'Management & management techniques', 'Personnel & human resources management', 'Business / Economics / Finance', 'Führungskraft']",1991.0,,,5.0,3.0,0.0,0.0,https://covers.openlibrary.org/b/id/5171811-L.jpg,/works/OL2672537W,True,False,,executive leadership
BOOK00101,Executive leadership,['Chris Argyris'],,"['Industrial management', 'Leadership', 'Personnel management', 'Executives']",1953.0,,,6.0,1.0,0.0,0.0,https://covers.openlibrary.org/b/id/9852661-L.jpg,/works/OL4294411W,True,False,,executive leadership
BOOK00102,Executive Leadership,['Joseph Olmstead'],"This book provides a genuine understanding of practical leadership based upon years of research and development. It identifies the essential components of leadership, and supplies guidelines for developing and implementing those skills. Clear, straightforward explanations and examples direct executives on how to establish objectives, delegate authority, direct subordinates, and motivate the team. Executive Leadership supplies a comprehensive analysis of effective leadership at senior levels and presents a model for establishing an efficient and productive workplace. Joseph A. Olmstead, Ph.D., is vice-president for product development with the Vanguard Research Group. His experience includes 22 years as a senior staff scientist and a program director for the Human Resources Research Organization. Dr. Olmstead is the author of numerous books on leadership and organizational effectiveness","['Business', 'Nonfiction', 'Leadership', 'BUSINESS & ECONOMICS', 'Industrial Management', 'Management', 'Management Science', 'Organizational Behavior']",2010.0,,,6.0,,,,https://covers.openlibrary.org/b/id/6428266-L.jpg,/works/OL15170644W,True,False,,executive leadership
BOOK00103,Executive leadership,['Bureau of Business Practice.'],,"['Business', 'Industrial efficiency', 'Personnel management']",1940.0,,,1.0,1.0,0.0,0.0,,/works/OL6357706W,True,False,,executive leadership
BOOK00104,Effective Executive,"['Peter F. Drucker', 'Joseph A. Maciariello', 'Jim Collins', 'Tim Andres Pabon', 'Zachary First']","The measure of the executive, Peter Drucker reminds us, is the ability to ""get the right things done."" This usually involves doing what other people have overlooked as well as avoiding what is unproductive. Intelligence, imagination, and knowledge may all be wasted in an executive job without the acquired habits of mind that mold them into results.","['Decision making', 'Executives', 'Decision-making', 'Industrial management', 'Administrative Personnel', 'Industry', 'Organization & administration', 'Leadership', 'Executive ability', 'Management', 'Organizational effectiveness', 'United States', 'Decisiones', 'Teoría', ""Gestion d'entreprise"", 'Prise de décision', 'Cadres (personnel)', 'Prise de de cision', 'Economic development', 'Teori a.', 'Business', 'Decision (Psychology)', 'Decision processes', 'Nonfiction', 'U.S.', 'Organization and Administration', 'Qi ye guan li', 'Guan li xue', 'BUSINESS & ECONOMICS / Industrial Management', 'BUSINESS & ECONOMICS / Management', 'BUSINESS & ECONOMICS / Management Science', 'BUSINESS & ECONOMICS / Organizational Behavior']",1967.0,3.625,8.0,43.0,145.0,10.0,15.0,https://covers.openlibrary.org/b/id/4941284-L.jpg,/works/OL272920W,True,False,,effective executive
BOOK00105,Executive Leadership for Effective Administration,['M. Scott Norton'],,"['Executive ability', 'Leadership']",2004.0,,,2.0,1.0,0.0,0.0,https://covers.openlibrary.org/b/id/1145917-L.jpg,/works/OL2632000W,True,False,,executive leadership for effective administration
BOOK00106,Executive Leadership and Legislative Assemblies,['Nicholas D. J. Baldwin'],,"['Executive power', 'Legislative power']",2014.0,,,5.0,,,,,/works/OL21282293W,True,False,,executive leadership and legislative assemblies
BOOK00107,The Palestinian executive,['Farid A. Muna'],,"['Executive ability', 'Cross-cultural studies', 'Leadership', 'Executives', 'Palestine, social conditions']",2012.0,,,5.0,,,,https://covers.openlibrary.org/b/id/13154269-L.jpg,/works/OL16726909W,True,False,,the palestinian executive
BOOK00108,Executive Leadership Council Journal,"['The Executive Leadership Council', 'The Executive Leadership Council']",,['Business'],2020.0,,,4.0,0.0,0.0,0.0,,/works/OL20764205W,True,False,,executive leadership council journal
BOOK00109,The Development of Executive Leadership,['Marvin Bower'],,[],1949.0,,,3.0,,,,https://covers.openlibrary.org/b/id/9018164-L.jpg,/works/OL20352066W,True,False,,the development of executive leadership
BOOK00110,Executive Leadership,['Nathan Axelrod'],,"['Executives', 'Training of']",1969.0,,,3.0,0.0,0.0,0.0,,/works/OL9160155W,True,False,,executive leadership
BOOK00111,Legislative liaison; executive leadership in Congress,['abraham holtzman'],,[],1970.0,,,3.0,,,,,/works/OL31757099W,True,False,,legislative liaison; executive leadership in congress
BOOK00112,Principles and problems of executive leadership,['Joseph Leo Krieger'],,['Executives'],1956.0,,,2.0,0.0,0.0,0.0,,/works/OL178488W,True,False,,principles and problems of executive leadership
BOOK00113,The technique of executive leadership,['James Frederick Bender'],,"['Executive ability', 'Chefia E Direcao']",1950.0,,,2.0,,,,,/works/OL12555073W,True,False,,the technique of executive leadership
BOOK00114,The development of executive leadership,['Marvin Bower'],,"['Industrial management', 'Executives']",1949.0,,,2.0,,,,https://covers.openlibrary.org/b/id/14944235-L.jpg,/works/OL3346518W,True,False,,the development of executive leadership
BOOK00115,Executive leadership,['Phillip Donald Grub'],,"['Addresses, essays, lectures', 'Executives', 'Management']",1969.0,,,2.0,,,,https://covers.openlibrary.org/b/id/14957583-L.jpg,/works/OL4613019W,True,False,,executive leadership
BOOK00116,Chief nursing executives' leadership style and effectiveness,['Pamela R. Cronrath'],,"['Nurse administrators', 'Nursing services', 'Leadership', 'Administration']",1990.0,,,1.0,0.0,0.0,1.0,,/works/OL11150616W,True,False,,chief nursing executives' leadership style and effectiveness
BOOK00117,Navigate,"['Casey Kroll', 'Judi Williams', 'Rahul Dogra', 'Jacqui Malpass']",,[],2015.0,,,2.0,,,,,/works/OL40675189W,True,False,,navigate
BOOK00118,Executive leadership in a dynamic society,"['Ralph Currier Davis Management Symposium (1964 Ohio State University, Columbus)']",,['Management'],1964.0,,,2.0,,,,,/works/OL186153W,True,False,,executive leadership in a dynamic society
BOOK00119,Executive leadership in Anglo-American systems,"['Campbell, Colin', 'Margaret Jane Wyszomirski']",,"['Presidents', 'Comparative government', 'Cabinet system', 'Executive departments', 'Staff', 'Presidents, united states, staff']",1991.0,0.0,0.0,2.0,0.0,0.0,0.0,https://covers.openlibrary.org/b/id/11629350-L.jpg,/works/OL19506401W,True,False,,executive leadership in anglo-american systems
BOOK00120,The focused executive,['Virginia Mansell'],,"['Executives', 'Training of', 'Leadership', 'Management', 'Gestion']",2014.0,,,1.0,2.0,0.0,0.0,https://covers.openlibrary.org/b/id/12939448-L.jpg,/works/OL28958132W,True,False,,the focused executive
BOOK00121,Executive leadership,['William N. Egan'],,"['Leadership', 'Executives']",1960.0,,,1.0,0.0,0.0,0.0,,/works/OL37440322W,True,False,,executive leadership
BOOK00122,Executive Leadership,['Miles Garrett'],,"['Military art and science', 'Business']",2024.0,0.0,0.0,1.0,0.0,0.0,0.0,,/works/OL45919298W,True,False,,executive leadership
BOOK00123,Executive leadership.,[],,"['United States. -- Army -- Handbooks, manuals, etc.', 'Leadership -- Handbooks, manuals, etc.', 'Executive ability -- Handbooks, manuals, etc.']",1987.0,,,1.0,,,,,/works/OL17671901M,True,False,,executive leadership.
BOOK00124,Executive leadership,['Edutext.'],,[],1971.0,,,1.0,,,,,/works/OL10932218W,True,False,,executive leadership
BOOK00125,Executive Leadership,['Ph D. Joseph Olmstead'],,['Leadership'],2010.0,,,1.0,,,,,/works/OL34016806W,True,False,,executive leadership
BOOK00126,Executive leadership,['Joseph A. Olmstead'],,['Leadership'],2000.0,,,1.0,,,,https://covers.openlibrary.org/b/id/1629853-L.jpg,/works/OL18345228W,True,False,,executive leadership
BOOK00127,Executive Leadership in Nonprofit Organizations,"['Robert D. Herman & Associates', 'Richard D. Heimovics']",Presents strategies used by effective executives to position their organizations and offers guidance on how executives can work more productively with their boards.,"['Nonprofit organizations', 'Management']",1991.0,,,2.0,,,,,/works/OL25126597W,True,False,,executive leadership in nonprofit organizations
BOOK00128,Executive Leadership Series,['Alan C. Walter'],,[],1996.0,,,1.0,,,,https://covers.openlibrary.org/b/id/2927622-L.jpg,/works/OL8924498W,True,False,,executive leadership series
BOOK00129,Police Executive Leadership,['Donald G. Hanna'],,[],1990.0,,,1.0,,,,https://covers.openlibrary.org/b/id/1627049-L.jpg,/works/OL3703775W,True,False,,police executive leadership
BOOK00130,"Presidents, Prime Ministers and Chancellors",['Ludger Helms'],,"['Executive power', 'Political leadership', 'Heads of state', 'Democracy']",2004.0,,,3.0,1.0,0.0,0.0,https://covers.openlibrary.org/b/id/1744447-L.jpg,/works/OL8716894W,True,False,,"presidents, prime ministers and chancellors"
BOOK00131,Presidential Administration and the Environment,['David M. Shafie'],"""After the sweeping environmental legislation passed in the 1970s and 1980s, the 1990s ushered in an era where new legislation and reforms to existing laws were consistently gridlocked. In answer, environmental groups became more specialized and professional, learning how to affect policy change through the courts, states, and federal agencies rather than through grassroots movements. Without a significantly mobilized public and with a generally uncooperative Congress, presidents since the 1990s have been forced to step into a new role of increasing presidential dominance over environmental policies. Rather than working with Congress, instead presidents have employed unilateral actions such as executive orders to get environmental legislation passed. Presidential Administration and the Environment offers a detailed examination of the transformation of policy networks and the shift in strategies and tools used by US presidents to get environmental legislation passed. Using primary sources from presidential libraries such as speeches and staff communications, David M. Shafie is able to analyze how presidents such as Clinton and Bush have used alternative executive approaches to pass environmental policies. From there, Shafie uses a number of in-depth interviews with interest group leaders and agency personnel to form the basis of his case studies in land management, water policy, toxics, and climate change. He analyzes the roles that both executive leadership and environmental advocacy groups have played in passing policies within these four areas, explains how these roles have changed over time, and concludes by investigating how Obama's policies compare thus far with those of his predecessors. Shafie's combination of qualitative content analysis and topical case studies offers scholars and researchers alike important insights for understanding the interactions between environmental groups and the executive branch and its implications for future policy-making in the United States""--","['Environmental policy, united states', 'United states, politics and government', 'Public administration', 'Environmental law, united states', 'Environmental policy', 'History', 'Executive power', 'Executive-legislative relations', 'Environmental law', 'Environmentalism', 'Politics and government', 'POLITICAL SCIENCE / General', 'POLITICAL SCIENCE / Public Policy / Environmental Policy', 'POLITICAL SCIENCE / Public Affairs & Administration', 'Environnement', 'Politique gouvernementale', 'Histoire', 'Pouvoir exécutif', 'Relations exécutif-législatif', 'Environnementalisme', 'Aspect politique', 'Politique et gouvernement', 'POLITICAL SCIENCE', 'General', 'Public Policy', 'Public Affairs & Administration', 'BUSINESS & ECONOMICS', 'Infrastructure', 'SOCIAL SCIENCE', 'Political aspects']",2013.0,,,7.0,,,,https://covers.openlibrary.org/b/id/14340877-L.jpg,/works/OL21116860W,True,False,,presidential administration and the environment
BOOK00132,Executive leadership,['Mary E. Tramel'],,"['Leadership', 'Executives']",1981.0,,,1.0,,,,https://covers.openlibrary.org/b/id/9802610-L.jpg,/works/OL6336195W,True,False,,executive leadership
BOOK00133,Development of Executive Leadership,['Marvin Bower'],,"['Executives', 'Industrial management']",1949.0,,,1.0,,,,,/works/OL21519932W,True,False,,development of executive leadership
BOOK00134,Models and theories of executive leadership,['Stephen J. Zaccaro'],,"['Executive ability', 'Leadership']",1996.0,,,2.0,,,,,/works/OL2587520W,True,False,,models and theories of executive leadership
BOOK00135,Legislative liaison; executive leadership in Congress,['Abraham Holtzman'],,"['Executive departments', 'Lobbying', 'United States', 'United States. Congress']",1970.0,,,1.0,,,,https://covers.openlibrary.org/b/id/15002351-L.jpg,/works/OL5595907W,True,False,,legislative liaison; executive leadership in congress
BOOK00136,Reset Your Thinking Before Presenting to Executive Leadership,['P. J. Pierce'],,['Commerce'],2020.0,,,2.0,,,,,/works/OL20763513W,True,False,,reset your thinking before presenting to executive leadership
BOOK00137,Executive leadership through communication,['Barry Lenson'],,"['Business communication', 'Communication in management', 'Leadership']",1990.0,,,1.0,,,,,/works/OL4197287W,True,False,,executive leadership through communication
BOOK00138,Executive leadership in a dynamic society,['Ralph Currier Davis Management Symposium (1964 Ohio State University)'],,[],1966.0,,,1.0,,,,,/works/OL38711582W,True,False,,executive leadership in a dynamic society
BOOK00139,Executive leadership and organizational outcomes,['Elaine Romanelli'],,[],1983.0,,,1.0,,,,,/works/OL31882964W,True,False,,executive leadership and organizational outcomes
BOOK00140,Human nature and management,['Ordway Tead'],,"['Applied Psychology', 'Industrial Psychology', 'Personnel management']",1929.0,,,3.0,,,,https://covers.openlibrary.org/b/id/4419212-L.jpg,/works/OL6556608W,True,False,,human nature and management
BOOK00141,NURSE EXECUTIVES: LEADERSHIP/POWER MOTIVATION AND LEADERSHIP EFFECTIVENESS,['Melinda Crenshaw Henderson'],,"['Health Sciences, Nursing', 'Nursing Health Sciences']",1988.0,,,1.0,,,,,/works/OL12264306W,True,False,,nurse executives: leadership/power motivation and leadership effectiveness
BOOK00142,executive leadership course volume 3,[],,[],1963.0,,,1.0,,,,,/works/OL35415246W,True,False,,executive leadership course volume 3
BOOK00143,Dinosaur Tracks (Executive Leadership Series),['Ph. D. Keith Mathis'],,[],2004.0,,,1.0,,,,,/works/OL37251810W,True,False,,dinosaur tracks (executive leadership series)
BOOK00144,The Technique of Executive Leadership,['JAMES FREDERICK BENDER'],,[],1950.0,,,1.0,,,,,/works/OL31623052W,True,False,,the technique of executive leadership
BOOK00145,Applied team leadership,['United States. Department of the Army'],,"['Military cadets', 'Study and teaching', 'Leadership', 'Military education', ""United States. Army. Reserve Officers' Training Corps"", 'United States']",2009.0,,,1.0,1.0,0.0,1.0,https://covers.openlibrary.org/b/id/11412241-L.jpg,/works/OL24697310W,True,False,,applied team leadership
BOOK00146,Team leadership,['John Apps'],,[],1999.0,,,6.0,,,,,/works/OL12527724W,True,False,,team leadership
BOOK00147,Nursing team leadership,['Thora Kron'],,"['Nursing', 'Team nursing']",1961.0,,,4.0,,,,https://covers.openlibrary.org/b/id/7156260-L.jpg,/works/OL5276233W,True,False,,nursing team leadership
BOOK00148,Team leadership,"['Parker, Glenn M.']","In Volume 3 of The Parker Team Series we learn that ""Effective leadership is effective leadership. Some universal truths cut across all types of teams ... Effective leaders have a clear vision and are able to communicate that vision ... They develop a sense of urgency about the team's work, involve team members in goal-setting and decision-making, and foster a climate of openness and honesty. People want to work with them ..."" Everything you need to know to make you a better team leader is contained in this small book, from self-assessing your strengths and weaknesses to setting performance goals to tactfully influencing those on your team. There is no better value in team training materials than a Parker Team Series title!","['Teams in the workplace', 'Management', 'Leadership', 'Employees', 'Coaching of', 'Success in business', 'BUSINESS & ECONOMICS', 'Workplace Culture', 'Corporate Governance', 'Organizational Development']",2009.0,,,1.0,2.0,0.0,0.0,https://covers.openlibrary.org/b/id/12665446-L.jpg,/works/OL27684096W,True,False,,team leadership
BOOK00149,Team leadership,['Graham Kelly'],,"['Problems, exercises', 'Problems, exercises, etc', 'Teams in the workplace', 'Leadership', 'Decision making', 'Marketing', 'Management', 'Strategisch management', 'Gestion']",1998.0,,,2.0,1.0,0.0,0.0,https://covers.openlibrary.org/b/id/3791211-L.jpg,/works/OL2733067W,True,False,,team leadership
BOOK00150,Team of Rivals,['Doris Kearns Goodwin'],"Team of Rivals: The Political Genius of Abraham Lincoln is a 2005 book by Pulitzer Prize-winning American historian Doris Kearns Goodwin, published by Simon & Schuster. The book is a biographical portrait of U.S. President Abraham Lincoln and some of the men who served with him in his cabinet from 1861 to 1865. Three of his Cabinet members had previously run against Lincoln in the 1860 election: Attorney General Edward Bates, Secretary of the Treasury Salmon P. Chase and Secretary of State William H. Seward. The book focuses on Lincoln's mostly successful attempts to reconcile conflicting personalities and political factions on the path to abolition and victory in the American Civil War. Goodwin's sixth book, Team of Rivals was well received by critics and won the 2006 Lincoln Prize and the inaugural Book Prize for American History of the New-York Historical Society. US President Barack Obama cited it as one of his favorite books and was said to have used it as a model for constructing his own cabinet, although he later wrote this was not the reason he chose Hillary Clinton as his Secretary of State. In 2012, a Steven Spielberg film based on the book was released to critical acclaim.","['Union Army', 'Thirteenth Amendment', 'assassination of Abraham Lincoln', 'secretary of war', '1864 presidential election', 'Emancipation Proclamation', 'secretary of state', 'secretary of treasury', 'United States Attorney General', 'American Civil War', 'Lincoln-Douglas debates', 'Democratic Party', 'abolitionism in the United States', 'Republican Party', '1860 Republican National Convention', 'Case studies', 'Politics and government', 'Genius', 'Friends and associates', 'Political leadership', 'Presidents', 'Biography', 'Cas, Études de', 'Biographies', 'Génie (Aptitude)', 'Présidents', 'Leadership politique', 'Politique et gouvernement', 'Amis et relations', 'USA', 'Biografier (Form)', 'Freundeskreis', 'Politische Führung', 'Friendship', 'Presidenter', 'Lincoln, abraham, 1809-1865', 'United states, politics and government, 1861-1865', 'Large type books', 'nyt:combined-print-and-e-book-nonfiction=2012-11-25', 'New York Times bestseller']",2003.0,3.909091,11.0,14.0,161.0,6.0,14.0,https://covers.openlibrary.org/b/id/9286949-L.jpg,/works/OL1856010W,True,False,,team of rivals
BOOK00151,Interprofessional Health Care Team,"['Donna Weiss', 'Felice J. Tilin', 'Marlene J. Morgan']",,"['Health care teams', 'Leadership', 'Management', 'Patient Care Team', 'Organization & administration']",2016.0,,,2.0,3.0,0.0,0.0,,/works/OL21139445W,True,False,,interprofessional health care team
BOOK00152,Team leadership in Christian ministry,['Kenneth O. Gangel'],,"['Christian education', 'Group ministry', 'Christian leadership', 'Church management']",1997.0,,,1.0,3.0,0.0,0.0,https://covers.openlibrary.org/b/id/570683-L.jpg,/works/OL1959738W,True,False,,team leadership in christian ministry
BOOK00153,Leading self-directed work teams,['Kimball Fisher'],"A new edition of the book that lead the self-directed work teams revolution. Leading Self-Directed Work Teams is one of the best-selling books on teams ever published. Now, the perfect guide for any team leader has been revised and expanded to reflect the new realities of team-based organizations. By explaining how team leaders differ from conventional supervisors, this informative volume which is based on the author's successful seminars and workshops is especially useful for those managers who move from hierarchical to participatory structures. This edition feature more practical examples and techniques than in the previous edition, new research, dozens of tips and checklists, case studies, and valuable training exercises. It has been used and praised by experts at Motorola, M.I.T., AT&T and many other organizations.","['Leadership', 'Self-directed work teams', 'Business', 'Management', 'Nonfiction', 'Équipes autonomes (Sociologie du travail)', 'Teamwork', 'Teams in the workplace', 'BUSINESS & ECONOMICS', 'Decision-Making & Problem Solving', 'Organizational effectiveness', 'Organizational Innovation', 'Organizations']",1993.0,,,5.0,4.0,0.0,0.0,https://covers.openlibrary.org/b/id/53890-L.jpg,/works/OL2687121W,True,False,,leading self-directed work teams
BOOK00154,Team Leadership,['Charles J. Margerison'],,"['Teams in the workplace', 'Industrial management', 'Leadership', 'Group problem solving', 'Management']",2002.0,,,2.0,1.0,0.0,0.0,https://covers.openlibrary.org/b/id/917153-L.jpg,/works/OL4450508W,True,False,,team leadership
BOOK00155,Team leadership in the game industry,"['Spaulding, Seth II.']",,"['Teams in the workplace', 'Leadership', 'Electronic games industry', 'Project management', 'Computer games, programming']",2009.0,,,3.0,1.0,0.0,0.0,https://covers.openlibrary.org/b/id/9953222-L.jpg,/works/OL15325310W,True,False,,team leadership in the game industry
BOOK00156,Team leadership,['David C. Kolb'],,"['Teams in the workplace', 'Leadership', 'Social groups']",1996.0,,,1.0,1.0,0.0,0.0,https://covers.openlibrary.org/b/id/1932582-L.jpg,/works/OL2877876W,True,False,,team leadership
BOOK00157,Team Leadership,['Drikus Kriek'],,[],2018.0,,,1.0,1.0,0.0,0.0,,/works/OL21865071W,True,False,,team leadership
BOOK00158,The Team Leadership Practices Inventory,"['James M. Kouzes', 'Barry Z. Posner']",,"['Teams in the workplace', 'Executive ability', 'Leadership', 'Testing', 'Personnel & human resources management']",1992.0,,,2.0,1.0,0.0,0.0,,/works/OL1974742W,True,False,,the team leadership practices inventory
BOOK00159,Leading teams,['Paolo Guenzi'],,"['Teams in the workplace', 'Teamwork (Sports)', 'Success in business', 'Sports', 'Arbeitsgruppe', 'Coaching (Athletics)', 'Leadership', 'Teamwork', 'Führung']",2013.0,,,5.0,,,,,/works/OL19968836W,True,False,,leading teams
BOOK00160,Team Leadership in Community Colleges,"['George R. Boggs', 'Christine Johnson McPhail', 'Eloy Ortiz Oakley']",,"['Community colleges', 'School management and organization']",2019.0,,,4.0,,,,https://covers.openlibrary.org/b/id/12425091-L.jpg,/works/OL21877448W,True,False,,team leadership in community colleges
BOOK00161,Team Leadership in High-Hazard Environments,['Randy E. Cadieux'],,"['Teams in the workplace', 'Risk management', 'Industrial safety', 'Équipes de travail', 'Gestion du risque', 'Sécurité du travail', 'Occupational safety']",2014.0,,,6.0,,,,https://covers.openlibrary.org/b/id/14800665-L.jpg,/works/OL21271940W,True,False,,team leadership in high-hazard environments
BOOK00162,Effective Team Leadership,['Don Page'],,[],2008.0,,,1.0,1.0,0.0,0.0,https://covers.openlibrary.org/b/id/11938975-L.jpg,/works/OL24995476W,True,False,,effective team leadership
BOOK00163,Leadership Team Coaching,['Peter Hawkins'],,"['Teams in the workplace', 'Leadership', 'Employees, training of', 'Executives, training of', 'Management', 'Employees', 'Coaching of', 'Executive coaching', 'BUSINESS & ECONOMICS / Training', 'BUSINESS & ECONOMICS / Organizational Behavior', 'BUSINESS & ECONOMICS / Leadership', 'Economics']",2011.0,,,11.0,6.0,1.0,0.0,https://covers.openlibrary.org/b/id/11149215-L.jpg,/works/OL21058637W,True,False,,leadership team coaching
BOOK00164,Team leadership,['Michal K. Rosenberger'],,"['Educational leadership', 'School boards', 'Leadership']",1997.0,,,2.0,0.0,0.0,0.0,https://covers.openlibrary.org/b/id/12813162-L.jpg,/works/OL3363246W,True,False,,team leadership
BOOK00165,Remote Team Leadership,['Emanuela Giangregorio'],,[],2017.0,,,1.0,1.0,0.0,0.0,,/works/OL29567685W,True,False,,remote team leadership
BOOK00166,Operations Team Leadership (Leadership Guides),['Graham Little'],,"['Leadership', 'Teams in the workplace', 'Production management']",2000.0,,,1.0,1.0,0.0,0.0,https://covers.openlibrary.org/b/id/3001809-L.jpg,/works/OL3058217W,True,False,,operations team leadership (leadership guides)
BOOK00167,Leaders Eat Last,['Simon Sinek'],"Why do only a few people get to say “I love my job?” It seems unfair that finding fulfillment at work is like winning a lottery; that only a few lucky ones get to feel valued by their organizations, to feel like they belong. Imagine a world where almost everyone wakes up inspired to go to work, feels trusted and valued during the day, then returns home feeling fulfilled. This is not a crazy, idealized notion. Today, in many successful organizations, great leaders are creating environments in which people naturally work together to do remarkable things. In his travels around the world since the publication of his bestseller Start with Why, Simon Sinek noticed that some teams were able to trust each other so deeply that they would literally put their lives on the line for each other. Other teams, no matter what incentives were offered, were doomed to infighting, fragmentation and failure. Why? The answer became clear during a conversation with a Marine Corps general. “Officers eat last,” he said. Sinek watched as the most junior Marines ate first, while the most senior Marines took their place at the back of the line. What’s symbolic in the chow hall is deadly serious on the battlefield: great leaders sacrifice their own comfort—even their own survival—for the good of those in their care. This principle has been true since the earliest tribes of hunters and gatherers. It’s not a management theory; it’s biology. Our brains and bodies evolved to help us find food, shelter, mates and especially safety. We’ve always lived in a dangerous world, facing predators and enemies at every turn. We thrived only when we felt safe among our group. Our biology hasn’t changed in fifty thousand years, but our environment certainly has. Today’s workplaces tend to be full of cynicism, paranoia and self-interest. But the best organizations foster trust and cooperation because their leaders build what Sinek calls a Circle of Safety that separates the security inside the team from the challenges outside. The Circle of Safety leads to stable, adaptive, confident teams, where everyone feels they belong and all energies are devoted to facing the common enemy and seizing big opportunities. But without a Circle of Safety, we end up with office politics, silos and runaway self-interest. And the whole organization suffers. As he did in Start with Why, Sinek illustrates his ideas with fascinating true stories from a wide range of examples, from the military to manufacturing, from government to investment banking. The biology is clear: when it matters most, leaders who are willing to eat last are rewarded with deeply loyal colleagues who will stop at nothing to advance their leader’s vision and their organization’s interests. It’s amazing how well it works","['Leadership', 'Teams in the workplace', 'Corporate culture', 'Organizational change', 'nyt:business-books=2017-07-09', 'New York Times bestseller', 'Organizational Culture', 'Organizational Innovation', 'Trust', ""Culture d'entreprise"", 'Changement organisationnel', 'BUSINESS & ECONOMICS', 'Workplace Culture', 'General', ""Travail d'équipe"", 'Communication', ""Développement d'aptitudes"", 'BUSINESS & ECONOMICS / Workplace Culture', 'BUSINESS & ECONOMICS / Leadership', 'BUSINESS & ECONOMICS / General', 'nyt:advice-how-to-and-miscellaneous=2014-02-16', 'PSYCHOLOGY / Social Psychology', 'Corporations', 'Social aspects', 'Employee motivation', 'Hd57.7 .s5487 2014', 'Hd 57.7 s616l 2014', '658.4/092', 'Bus097000 bus071000 bus000000']",1900.0,4.117647,17.0,11.0,455.0,31.0,22.0,https://covers.openlibrary.org/b/id/8246311-L.jpg,/works/OL16821124W,True,False,,leaders eat last
BOOK00168,Sales Team Leadership,['Coach Joe Sasso'],,[],2012.0,,,2.0,,,,,/works/OL33715638W,True,False,,sales team leadership
BOOK00169,Tools for team leadership,['Gregory E. Huszczo'],"""Tools for Team Leadership introduces the critical ""X-factor"" in team success - leadership - and delivers an advanced set of tools and strategies to help anyone become an effective team leader. Grounded in the author's practical frontline experience with hundreds of teams and backed by solid research and instruments, it explores the essence of leadership in a team environment. Huszczo identifies the three chief responsibilities of every team leader - raise awareness, generate options, and plan for success - and presents a comprehensive toolbox for use in analyzing a team's strengths and weaknesses, creatively brainstorming strategies and tactics, generating options and facilitating consensus, and implementing action plans that help teams help themselves."" ""Jam-packed with questionnaires, checklists, needs assessments, organizational surveys, sample training modules, and exercises, Tools for Team Leadership covers teambuilding for both new and existing teams, with special help for teambuilding at the top, and includes a self-study review at the end of each chapter to help turn key learning concepts into a plan of action.""--Jacket.","['Teams in the workplace', 'Leadership', 'Management', 'Organizational Development', 'Workplace Culture', 'BUSINESS & ECONOMICS', 'Corporate Governance', 'Équipes de travail', 'Gestion']",2004.0,,,3.0,0.0,0.0,0.0,https://covers.openlibrary.org/b/id/1648435-L.jpg,/works/OL2971992W,True,False,,tools for team leadership
BOOK00170,Strategic Team Leadership,['Peter Saul'],,[],1992.0,,,2.0,,,,,/works/OL4406543W,True,False,,strategic team leadership
BOOK00171,Team leadership,"['Douglas A. Johnson', 'Susan T. Beyerlein']",,"['Teams in the workplace', 'Interdisciplinary approach in education']",1996.0,,,2.0,,,,https://covers.openlibrary.org/b/id/12760793-L.jpg,/works/OL19419475W,True,False,,team leadership
BOOK00172,Team Leadership,"['Geoff Ribbens', 'Mark Abraham', 'Alistair Cumming']",,[],2024.0,,,2.0,,,,,/works/OL39127787W,True,False,,team leadership
BOOK00173,The team leadership practices inventory,['James M. Kouzes'],,[],1992.0,,,2.0,,,,,/works/OL13399015W,True,False,,the team leadership practices inventory
BOOK00174,Executive Team Leadership in the Global Economic and Competitive Environment,['Richard L. Nolan'],,"['Organizational effectiveness', 'Organizational behavior', 'Leadership']",2014.0,,,5.0,,,,,/works/OL25172394W,True,False,,executive team leadership in the global economic and competitive environment
BOOK00175,Practical Remote Team Leadership,['Emanuela Giangregorio'],,[],2016.0,,,3.0,,,,,/works/OL29438046W,True,False,,practical remote team leadership
BOOK00176,Virtual team leadership and collaborative engineering advancements,['Ned F. Kock'],"""This book addresses a range of e-collaboration topics, with emphasis on two particularly challenging ones: virtual team leadership, and collaborative engineering""--Provided by publisher.","['Management', 'Virtual work teams', 'International cooperation', 'Research', 'Leadership', 'Intellectual cooperation', 'Academic-industrial collaboration', 'Virtual reality in management', 'Business and education']",2008.0,,,1.0,1.0,0.0,0.0,https://covers.openlibrary.org/b/id/8732716-L.jpg,/works/OL16938759W,True,False,,virtual team leadership and collaborative engineering advancements
BOOK00177,Effective Team Leadership for Engineers,"['Pat Wellington', 'Niall Foster']",,"['Engineers', 'Leadership', 'Führungslehre', 'Ingenieur', 'Teamentwicklung']",2009.0,,,2.0,,,,,/works/OL21024005W,True,False,,effective team leadership for engineers
BOOK00178,Art of Middle Management,"['Peter Fleming', 'Max Amesbury']",,"['Education, elementary, great britain', 'Executives, great britain']",2013.0,,,6.0,,,,,/works/OL21304733W,True,False,,art of middle management
BOOK00179,Team Leadership,"['Paul Newton', 'Helen Bristoll']",,"['Teams in the workplace', 'Leadership']",2013.0,,,1.0,,,,,/works/OL38266935W,True,False,,team leadership
BOOK00180,Adaptive team leadership,['United States. Department of the Army'],,"['Military cadets', 'Study and teaching', 'Leadership', 'Military education', ""United States. Army. Reserve Officers' Training Corps"", 'United States']",2008.0,,,1.0,,,,,/works/OL28205548W,True,False,,adaptive team leadership
BOOK00181,Team Leadership,['Rosenberger'],,"['School boards', 'Leadership']",1998.0,,,1.0,,,,,/works/OL29420795W,True,False,,team leadership
BOOK00182,Tim lidŏsip =,['Sŭng-gak Yi'],,"['Leadership', 'Social group work']",1996.0,,,1.0,,,,,/works/OL12107242W,True,False,,tim lidŏsip =
BOOK00183,Leading project teams,['Anthony T. Cobb'],"""Leading Project Teams is an ideal supplemental text for any class or training situation where the instructor wants to integrate basic project and team leadership skills into his or her instructional needs. It is designed for advanced undergraduate and graduate students studying organizational behavior; strategic management; and human resource management in Business, Education, Health Care, and Industrial/Organizational Psychology.""--Jacket.","['Project management', 'Teams in the workplace', 'Projektledning', 'Teamwork', 'Projektarbete', 'Projektmanagement', 'Arbetsgrupper']",2005.0,,,4.0,,,,https://covers.openlibrary.org/b/id/1771265-L.jpg,/works/OL5830316W,True,False,,leading project teams
BOOK00184,The Five Dysfunctions of a Team,['Patrick Lencioni'],,"['Teams in the workplace', 'Travail de groupe', 'Group processes', 'Leadership', 'Institutional management teams', 'Personnel management', 'Psychology, industrial', 'Workplace--organization & administration', 'Équipes de travail', 'Teamwork', 'Institutional mangement teams', 'Teamwork.', 'Organizational development.', 'Work teams.', 'Personnel.', 'Leadership.', 'Hd66 .l456 2002', 'Hd 66 l563f 2002', '658.4/036', '85.08', 'Qp 341']",2002.0,4.75,4.0,1.0,8.0,0.0,8.0,https://covers.openlibrary.org/b/id/14620714-L.jpg,/works/OL31272706W,True,False,,the five dysfunctions of a team
BOOK00185,Team leadership in action,['Laura Mae Douglass'],,"['Nursing services', 'Leadership', 'Administration', 'Team nursing', 'Team Nursing', 'Nursing Services', 'Organization & administration']",1970.0,,,2.0,,,,https://covers.openlibrary.org/b/id/11572449-L.jpg,/works/OL2924417W,True,False,,team leadership in action
BOOK00186,Effective team leadership,['David Parkes'],,[],1994.0,,,1.0,,,,,/works/OL8657209W,True,False,,effective team leadership
BOOK00187,Team Leadership Questionnaire,"['D. Kayes', 'Anna Kayes']",,['Leadership'],2011.0,,,1.0,,,,,/works/OL40036856W,True,False,,team leadership questionnaire
BOOK00188,Five Dysfunctions of a Team,['Patrick Lencioni'],,['Teams in the workplace'],2007.0,,,8.0,11.0,0.0,0.0,https://covers.openlibrary.org/b/id/13296514-L.jpg,/works/OL25020688W,True,False,,five dysfunctions of a team
BOOK00189,Team of Teams,"['Stanley A. McChrystal', 'Tantum Collins', 'David Silverman', 'Chris Fussell']","As commander of Joint Special Operations Command (JSOC), General Stanley McChrystal played a crucial role in the War on Terror. But when he took the helm in 2004, America was losing that war badly: despite vastly inferior resources and technology, Al Qaeda was outmaneuvering America's most elite warriors. McChrystal came to realize that today's faster, more interdependent world had overwhelmed the conventional, top-down hierarchy of the U.S. military. Al Qaeda had seen the future: a decentralized network that could move quickly and strike ruthlessly. To defeat such an enemy, JSOC would have to discard a century of management wisdom, and pivot from a pursuit of mechanical efficiency to organic adaptability. Under McChrystal's leadership, JSOC remade itself, in the midst of a grueling war, into something entirely new: a network that combined robust centralized communication with decentralized managerial authority. As a result, they beat back Al Qaeda. In this book, McChrystal shows not only how the military made that transition, but also how similar shifts are possible in all organizations, from large companies to startups to charities to governments. In a turbulent world, the best organizations think and act like a team of teams, embracing small groups that combine the freedom to experiment with a relentless drive to share what they've learned. Drawing on a wealth of evidence from his military career, the private sector, and sources as diverse as hospital emergency rooms and NASA's space program, McChrystal frames the existential challenge facing today's organizations, and proposes a compelling, effective solution.","['United States', 'Reorganization', 'Biography', 'Organizational behavior', 'Teams in the workplace', 'Decentralization in management', 'United States. Joint Special Operations Command', 'Organizational effectiveness', 'Military administration', 'City planning', 'Urban transportation', 'Local transit', 'Leadership', 'Organizational change', 'Generals', 'Case studies', 'nyt:advice-how-to-and-miscellaneous=2015-05-31', 'New York Times bestseller', 'Organization and Administration', 'Organizational Efficiency', 'Administrative agencies', 'Arbetsgrupper', 'Organisatorisk effektivitet', 'Organisationspsykologi', 'Militärväsen', 'Generaler', 'Mcchrystal, stanley a', 'Reorganizationunited states. joint special operations command', 'Military administration--united states--case studies', 'Generals--united states--biography', 'Efficiency, organizational', 'Hd66 .m38185 2015', '658']",2015.0,4.5,6.0,5.0,46.0,3.0,7.0,https://covers.openlibrary.org/b/id/10522497-L.jpg,/works/OL20000938W,True,False,,team of teams
BOOK00190,Executive Team Leadership for the 21st Century,['Richard L. Nolan'],,"['Leadership', 'Organizational effectiveness', 'Organizational behavior', 'BUSINESS & ECONOMICS / Leadership', 'BUSINESS & ECONOMICS / Organizational Behavior', 'Efficacité organisationnelle', 'Comportement organisationnel', 'BUSINESS & ECONOMICS', 'Industrial Management', 'Management', 'Management Science', 'Organizational Behavior']",2014.0,,,2.0,,,,https://covers.openlibrary.org/b/id/12708527-L.jpg,/works/OL21286448W,True,False,,executive team leadership for the 21st century
BOOK00191,Team Leadership Assessments,['LeaderTreks'],,[],2005.0,,,1.0,,,,,/works/OL9897459W,True,False,,team leadership assessments
BOOK00192,Legendary team leadership,['Wendy W. Peche'],,"['Teams in the workplace', 'Leadership', 'Management']",1994.0,,,1.0,,,,https://covers.openlibrary.org/b/id/12146910-L.jpg,/works/OL3033847W,True,False,,legendary team leadership
BOOK00193,Transformational Leadership,['Bernard M. Bass'],,"['Leadership', 'Organizational change']",1997.0,,,3.0,13.0,1.0,1.0,https://covers.openlibrary.org/b/id/1521636-L.jpg,/works/OL2421709W,True,False,,transformational leadership
BOOK00194,Transformational leadership,"['Stephen Hacker', 'Tammy Roberts']",,"['Leadership', 'Organizational change', 'Organizational effectiveness']",2003.0,,,3.0,3.0,1.0,1.0,https://covers.openlibrary.org/b/id/1624080-L.jpg,/works/OL23862631W,True,False,,transformational leadership
BOOK00195,Transformative leadership in education,['Carolyn M. Shields'],,"['Educational leadership', 'EDUCATION / Leadership', 'Educational change']",2012.0,0.0,0.0,9.0,3.0,0.0,0.0,https://covers.openlibrary.org/b/id/14579593-L.jpg,/works/OL16509538W,True,False,,transformative leadership in education
BOOK00196,Transforming leadership,['Leighton Ford'],,"['Leadership', 'Christian leadership', 'Earl H. Potter III Collection', 'Leadership of Jesus Christ', 'Person and offices']",1991.0,,,2.0,7.0,2.0,0.0,https://covers.openlibrary.org/b/id/3971202-L.jpg,/works/OL3476508W,True,False,,transforming leadership
BOOK00197,Transformational Leadership,['Glenn Walter'],,[],2018.0,,,4.0,1.0,0.0,0.0,,/works/OL29761359W,True,False,,transformational leadership
BOOK00198,Radical Transformational Leadership,['Monica Sharma'],"xxvii, 338 pages : 23 cm","['Leadership', 'Strategic planning', 'Social change', 'POLITICAL SCIENCE -- Political Process -- General', 'BODY, MIND & SPIRIT -- Inspiration & Personal Growth']",2017.0,,,2.0,3.0,0.0,0.0,https://covers.openlibrary.org/b/id/14510961-L.jpg,/works/OL21153306W,True,False,,radical transformational leadership
BOOK00199,Transformative Leadership Primer,['Carolyn M. Shields'],,['Leadership'],2015.0,,,5.0,1.0,0.0,0.0,,/works/OL21127180W,True,False,,transformative leadership primer
BOOK00200,The dark side of transformational leadership,['Dennis Tourish'],,"['Leadership', 'Transformational leadership', 'Case studies', 'BUSINESS & ECONOMICS', 'Psychology &amp; psychiatry', 'Industrial & organizational psychology']",2013.0,,,6.0,1.0,0.0,0.0,,/works/OL19968818W,True,False,,the dark side of transformational leadership
BOOK00201,Transformational leadership,['Charles B. Bugg'],,['Christian leadership'],2010.0,,,1.0,2.0,0.0,0.0,,/works/OL23259812W,True,False,,transformational leadership
BOOK00202,Transforming leadership: from vision to results,[],,"['Addresses, essays, lectures', 'Leadership', 'Management']",1986.0,,,1.0,4.0,0.0,0.0,https://covers.openlibrary.org/b/id/7145185-L.jpg,/works/OL16500699W,True,False,,transforming leadership: from vision to results
BOOK00203,Transforming leadership,['John D. Adams'],,"['Leadership', 'Management', 'Organizational change']",1998.0,,,1.0,2.0,0.0,0.0,https://covers.openlibrary.org/b/id/1669512-L.jpg,/works/OL18185438W,True,False,,transforming leadership
BOOK00204,Charismatic and transformational leadership,['Gary A. Yukl'],,[],1989.0,,,1.0,2.0,0.0,0.0,,/works/OL11651359W,True,False,,charismatic and transformational leadership
BOOK00205,Transformational Leadership,['Halima Kabara'],,[],2021.0,,,1.0,2.0,0.0,0.0,,/works/OL28735935W,True,False,,transformational leadership
BOOK00206,Transformative Leadership in Action,"['Jacklyn A. Bruce', 'Katherine E. McKee']",,[],2020.0,,,3.0,1.0,0.0,0.0,,/works/OL21710386W,True,False,,transformative leadership in action
BOOK00207,Transformational Leadership Styles for Global Leaders,['Darcia Ann-Marie Roache'],,[],2023.0,,,4.0,1.0,0.0,0.0,,/works/OL36733507W,True,False,,transformational leadership styles for global leaders
BOOK00208,7 principles of transformational leadership,['Hugh Blane'],"In the world of work, the single greatest asset of successful individuals, teams, and organizations is their mindset--what happens in between their ears. It's not the corporate strategy, the sales compensation plan, or the market segments they're pursuing. It is what each leader, team member, and employee chooses to focus on, to believe, and to create for themselves and others.The 7 Principles of Transformational Leadership presents the fundamental concepts whose implementation will result in dramatic revenue, performance, and relationship growth. Specifically, leaders will learn to:Live their professional and personal lives with unbridled purpose and passion.Execute strategic priorities more effectively and with accelerated results.Retain the brightest and best talent. Have employees, key stakeholders, and managers enthusiastically follow them. Be exemplars of innovation, growth, and positive mindsets. Cascade excellence throughout their organizations.You may have employees with all the talent in the world, but you'll never achieve remarkable results until you change your employees' mindset. The 7 Principles of Transformational Leadership will help you convert your human potential into accelerated business results.",['Leadership'],2017.0,,,2.0,2.0,0.0,0.0,https://covers.openlibrary.org/b/id/15220646-L.jpg,/works/OL19718601W,True,False,,7 principles of transformational leadership
BOOK00209,Uniting the Virtual Workforce,['Karen Sobel Lojeski'],"Praise for Uniting the Virtual Workforce ""Uniting the Virtual Workforce offers much-needed guidance on how to navigate the largely unmapped territory of virtual work environments in the global economy. The authors do an outstanding job of presenting how organizations should address the challenges of virtual workforces so as to reap the huge potential benefits of increased growth, productivity, and innovation."" -C. Warren Axelrod, PhD, Chief Privacy Officer and Business Information Security Officer, U.S. Trust, and author of Outsourcing Information Security ""Lojeski and Reilly bring us something that readers of business books so rarely get-no nonsense practical guidance on how to manage distance, especially where it most often serves as an impediment to working effectively.? If you interface with widely dispersed team members who rarely see one another and communicate by virtue of impersonal electronics, you may expect to find this book provocative, counterintuitive, and above all, exciting. It gives all of us who have to struggle, while working with talent stretched across distance, hope, that maybe there are ways to do this right!"" -Patrick J. McKenna, author of First Among Equals? ""A must-read for global corporate executives who manage geographically dispersed job sharing teams. Practical strategies for preventing productivity loss and optimizing innovation. The authors pull no punches in showing the real downsides to the virtual work phenomenon; they have done a great service for us all."" -Jeff Saperstein, author of Creating Regional Wealth in the Innovation Economy ""Uniting the Virtual Workforce charts the course for competing in the twenty-first century by tapping into the powers of virtual work. Any manager who ignores the virtual workforce is underperforming, and any company or organization that does not appreciate virtual work is already at a competitive disadvantage. Karen and Dick have tapped into a key ingredient in the recipe for global growth."" -Jerry MacArthur Hultin, President, Polytechnic University, and former Under Secretary of the Navy ""Authors Sobel Lojeski and Reilly have provided a useful primer for the harried executive striving for productivity improvements while seeing the workload expand and the workforce disperse. Using conceptual definitions of Physical, Operational, and Affinity Distance to describe the multifaceted dimensions of building teams of people to work effectively together, the authors construct a very powerful set of metrics for a manager to improve the capability of his or her workgroup, no matter where it resides or how it is composed. The book is rich in anecdotes and specific studies that illustrate the concepts in an engaging, pertinent, and easy-to-understand manner. In an age of outsourcing, offshoring, and decentralizing groups of people who have to get things done together, reading this small book will repay itself many times over."" -Charles House, Director, Media X Lab at Stanford University, and former Director of the Societal Impact of Technology, Intel Corporation","['Management', 'Virtual work teams', 'Communication', 'Employee motivation', 'Psychological aspects', 'Alienation (Social psychology)', 'Technological innovations', 'Organizational effectiveness', 'Alienation (social psychology)', 'Communication and technology']",2008.0,,,11.0,0.0,1.0,0.0,https://covers.openlibrary.org/b/id/6408181-L.jpg,/works/OL9372006W,True,False,,uniting the virtual workforce
BOOK00210,"Women, spirituality, and transformative leadership",['Kathe Schaaf'],"The world is in crisis and it seems that many are looking to women to heal the planet and our human family. Before women can step into our full potential as leaders and guides in this moment, we must individually reconnect with our deepest wisdom and with our spiritual roots; collectively heal the many dimensions of separation that keep us fragmented and ineffective as agents of social change; and globally reclaim our rightful place as spiritual leaders in service of a balanced and compassionate new paradigm. This empowering resource engages women in an interactive exploration of the challenges and opportunities on the frontier of women¿s spiritual leadership. Through the voices of North American women representing a matric of diversity¿ethnically, spiritually, religiously, generationally and geographically¿this book will inspire women to new expressions of their own personal leadership and invite them into powerful collaborative action.","['Religion and social problems', 'Religious aspects', 'Leadership', 'Leadership in women', 'Religious life', 'Women', 'Spirituality', 'Women, religious aspects', 'Leadership, religious aspects', 'Women, religious life', 'Church and social problems', 'Transformational leadership']",2011.0,,,3.0,1.0,0.0,0.0,https://covers.openlibrary.org/b/id/10416234-L.jpg,/works/OL16167822W,True,False,,"women, spirituality, and transformative leadership"
BOOK00211,Transformational leadership,['Mary K. Kohles'],,"['Leadership', 'Health services administration', 'Hospital Administration', 'Organizational Innovation', 'Organizational change']",1995.0,,,1.0,2.0,0.0,0.0,https://covers.openlibrary.org/b/id/6618397-L.jpg,/works/OL2953791W,True,False,,transformational leadership
BOOK00212,Transformative Leadership and Sustainable Innovation in Education,"['Sandra Baroudi', 'Miltiadis D. Lytras']",,[],2024.0,,,3.0,1.0,0.0,0.0,,/works/OL37836630W,True,False,,transformative leadership and sustainable innovation in education
BOOK00213,Transforming leadership,['Terry D. Anderson'],An updated text on improving business leadership. Provides self-assessment tools and covers coaching and mentoring. Also discusses how to identify opportunities to apply leadership skills.,"['Interpersonal communication', 'Leadership', 'Communication in management', 'Management', 'COMMUNICATION', 'INFORMATION MANAGEMENT', 'Führung', 'Leiderschap', 'PERSONNEL MANAGEMENT', 'HUMAN RELATIONS', 'BUSINESS & ECONOMICS', 'Industrial Management', 'Management Science', 'Organizational Behavior']",1992.0,,,2.0,1.0,0.0,0.0,https://covers.openlibrary.org/b/id/1925600-L.jpg,/works/OL2720383W,True,False,,transforming leadership
BOOK00214,Transforming Leadership,['John D. Adams'],,[],2005.0,,,1.0,1.0,0.0,0.0,https://covers.openlibrary.org/b/id/875707-L.jpg,/works/OL8994178W,True,False,,transforming leadership
BOOK00215,Transforming Leadership,['Terry Anderson'],,[],1999.0,,,1.0,1.0,0.0,0.0,,/works/OL5957923W,True,False,,transforming leadership
BOOK00216,Transformative Leadership,"['May Khadem', 'Joan Hernandez']",,['Business'],2014.0,,,1.0,1.0,0.0,0.0,,/works/OL21076591W,True,False,,transformative leadership
BOOK00217,The Transformational Leadership Compass,['Benny Ausmus'],,['Business'],2021.0,,,3.0,1.0,0.0,0.0,https://covers.openlibrary.org/b/id/10648832-L.jpg,/works/OL24205378W,True,False,,the transformational leadership compass
BOOK00218,Sustainability Mindset and Transformative Leadership,"['Aixa A. Ritz', 'Isabel Rimanoczy']",,"['Sustainability', 'Management', 'Sustainable development', 'Leadership']",2021.0,,,2.0,1.0,0.0,0.0,https://covers.openlibrary.org/b/id/13919457-L.jpg,/works/OL25326177W,True,False,,sustainability mindset and transformative leadership
BOOK00219,Transforming Leadership,['Richard Higginson'],,"['Leadership, religious aspects']",2002.0,,,1.0,1.0,0.0,0.0,https://covers.openlibrary.org/b/id/2350430-L.jpg,/works/OL4641084W,True,False,,transforming leadership
BOOK00220,Transformational leadership in East Africa,"['Eric Masinde Aseka', 'ERIC MASINDE ASEKA']","""This book of discusses the question of political power and the role of leadership in East African communities. Beginning with pre-colonial structures and continuing to the present day, it tells a saddening tale of African states in crisis, without a sustainable leadership culture, with badly managed political transitions and confused social policies.""--BOOK JACKET.","['Political leadership', 'Politics and government', 'History']",2005.0,,,2.0,0.0,1.0,0.0,https://covers.openlibrary.org/b/id/2304971-L.jpg,/works/OL2615445W,True,False,,transformational leadership in east africa
BOOK00221,Transformational leadership,['Randy Dobbs'],,"['Transformational leadership', 'Leadership', 'Organizational change']",2010.0,,,3.0,,,,https://covers.openlibrary.org/b/id/12477876-L.jpg,/works/OL23234902W,True,False,,transformational leadership
BOOK00222,Transforming leadership,['Girl Scouts of the United States of America.'],,"['Girl Scouts of the United States of America', 'Leadership']",2008.0,,,1.0,3.0,0.0,0.0,https://covers.openlibrary.org/b/id/12754296-L.jpg,/works/OL16144446W,True,False,,transforming leadership
BOOK00223,Reframing Transformational Leadership,"['Issa M. Saleh', 'Myint Swe Khine']",,[],2014.0,,,3.0,,,,,/works/OL21583154W,True,False,,reframing transformational leadership
BOOK00224,Action Inquiry,['William Torbert'],,[],2004.0,,,3.0,1.0,0.0,0.0,https://covers.openlibrary.org/b/id/11245620-L.jpg,/works/OL24587375W,True,False,,action inquiry
BOOK00225,Transforming Leadership,['Terry Anderson'],,[],2017.0,,,4.0,,,,,/works/OL27799464W,True,False,,transforming leadership
BOOK00226,Transformational leadership,['Annmarie Sanders'],"In 2009, the Leadership Conference of Women Religious (LCWR)--an organization representing 300 orders of sisters in the United States--suddenly gained wide attention following a critical doctrinal assessment issued by the Vatican's Congregation for the Doctrine of the Faith. Many became interested in the way the LCWR and its members exercised leadership. One of their members described it as ""transformational leadership""--a ""way-of-being-in-in-the-world."" To better understand this way of leadership, LCWR regularly conducts interviews with some of the most engaging and passionate of contemporary thinkers. In this volume of interviews, eighteen theologians, psychologists, educators, and religious leaders from various fields and disciplines share their wisdom about a way of leadership able to meet the deep challenges of today's world. Transformational Leadership offers the opportunity to learn from notables such as Walter Brueggemann, Judy Cannato, Joan Chittister, OSB, Constance FitzGerald, OCD, Donald Goergen, OP, Marty Linsky, and Margaret Wheatley. Transformational Leadership, although originally addressed to American Catholic sisters, provides thoughtful and practical suggestions for living a Gospel-centered life and its unique collection of personalities and insight makes it of interest to all men and women seeking to live and lead with purpose and depth. (Publisher).","['Christian leadership', 'Contemplation', 'Women clergy', 'Leadership chrétien', 'Clergé féminin', 'Leadership Conference of Women Religious of the United States', 'Monasticism and religious orders for women', 'Nuns']",2015.0,,,1.0,1.0,0.0,0.0,https://covers.openlibrary.org/b/id/12807462-L.jpg,/works/OL28172934W,True,False,,transformational leadership
BOOK00227,Advancing Inclusive Open Education Through Transformative Leadership,['Madikela Titus Lekalakala'],,[],2025.0,,,5.0,,,,,/works/OL44609028W,True,False,,advancing inclusive open education through transformative leadership
BOOK00228,Transformative Leadership,['Shana Burnett Ed.D'],,[],2024.0,,,1.0,1.0,0.0,0.0,,/works/OL39175195W,True,False,,transformative leadership
BOOK00229,Transformational leadership,['Phillip V. Lewis'],,"['Pastoral theology', 'Christian leadership']",1996.0,0.0,0.0,1.0,1.0,0.0,0.0,https://covers.openlibrary.org/b/id/582313-L.jpg,/works/OL3263681W,True,False,,transformational leadership
BOOK00230,Shared vision,"['John E. Roueche', 'George A. Baker', 'Robert R. Rose']",,"['Community college presidents', 'Administration', 'College administrators', 'United States', 'Leadership', 'Community colleges', 'Junior And Community College Administration', 'Education', 'Transformational leadership', 'School Restructuring']",1989.0,,,5.0,,,,https://covers.openlibrary.org/b/id/9764558-L.jpg,/works/OL2896803W,True,False,,shared vision
BOOK00231,Transformative Leadership,['Joshua P. Trout'],,['Business'],2024.0,,,2.0,,,,,/works/OL39200027W,True,False,,transformative leadership
BOOK00232,Transformational Leadership and Not for Profits and Social Enterprises,['Ken Wiltshire'],,"['Leadership', 'Organizational change', 'Nonprofit organizations, management', 'Nonprofit organizations', 'Management', 'Changement organisationnel', 'Associations sans but lucratif', 'Gestion', 'BUSINESS & ECONOMICS / Government & Business', 'BUSINESS & ECONOMICS / General', 'NGO Management', 'Non Profit Management', 'Not for profit Leadership', 'Public Management']",2018.0,,,6.0,,,,https://covers.openlibrary.org/b/id/9233881-L.jpg,/works/OL20592844W,True,False,,transformational leadership and not for profits and social enterprises
BOOK00233,Transformational Leadership Unleashed,['Ismael sanchez'],,"['Fiction, general']",2025.0,,,3.0,,,,,/works/OL44597810W,True,False,,transformational leadership unleashed
BOOK00234,Servant leadership,['Robert K. Greenleaf'],,"['Leadership', 'Organizational effectiveness', 'Associations, institutions', 'Management', 'Dienstbaarheid', 'Leiderschap', 'Servant leadership', 'Associations, institutions, etc.', 'Associations, institutions, etc--management', 'Organizations--organization & administration', 'Hm1261 .g74 2002', 'Hm 1261 g814s 2002', '303.3/4']",1977.0,,,4.0,30.0,1.0,1.0,https://covers.openlibrary.org/b/id/592685-L.jpg,/works/OL1903158W,True,False,,servant leadership
BOOK00235,The case for servant leadership,['Kent M. Keith'],,"['Servant leadership', 'Leadership', 'Moral and ethical aspects']",2008.0,,,3.0,3.0,4.0,1.0,https://covers.openlibrary.org/b/id/11419033-L.jpg,/works/OL24701696W,True,False,,the case for servant leadership
BOOK00236,The power of servant-leadership,['Robert K. Greenleaf'],"""A collection of eight of Greenleaf's most compelling essays on servant-leadership ... [an] approach to leadership ... which puts serving others, including employees, customers, and community, first.""--Back cover.","['Leadership', 'Associations, institutions', 'Service (Theology)', 'Christian leadership', 'Associations, institutions, etc.', 'Servant leadership', 'Christianity', 'Religious aspects', 'Organizations', 'Community-Institutional Relations', 'Religion']",1998.0,,,5.0,8.0,0.0,0.0,https://covers.openlibrary.org/b/id/831198-L.jpg,/works/OL1903148W,True,False,,the power of servant-leadership
BOOK00237,Servant leadership,[],,"['Leadership', 'Organizational effectiveness']",,,,1.0,17.0,0.0,1.0,https://covers.openlibrary.org/b/id/9698586-L.jpg,/works/OL16997792W,True,False,,servant leadership
BOOK00238,Servant leadership,['Efrain Agosto'],,"['Bible', 'Biblical teaching', 'Christian leadership', 'Leadership', 'Social scientific criticism', 'Servant leadership', 'Christianity', 'Leadership of Jesus Christ', 'Social scientific criticism of sacred works', 'Jesus christ', 'Paul, the apostle, saint', 'Bible, criticism, interpretation, etc., n. t. gospels', 'Bible, criticism, interpretation, etc., n. t. epistles']",2004.0,,,2.0,5.0,0.0,0.0,https://covers.openlibrary.org/b/id/1573933-L.jpg,/works/OL5816128W,True,False,,servant leadership
BOOK00239,Scrum Mastery,"['Geoff Watts', 'Rebecca Traeger', 'Ole Storksen', 'Mike Cohn', 'Esther Derby']",,[],2013.0,,,7.0,6.0,0.0,0.0,https://covers.openlibrary.org/b/id/10846720-L.jpg,/works/OL24326584W,True,False,,scrum mastery
BOOK00240,Servant-leadership across cultures,['Alfons Trompenaars'],"Manage cross-cultural workforces using the secrets of two international leadership gurus! As our economy globalizes at ever faster rates, managing employees from diverse cultures is becoming the norm -- and it can be an extraordinarily complex task. As a leader, how do you make sure everyone's values are recognized? How do you resolve grievances arising from value differences in the most pragmatic ways? The answer is servant-leadership. Grounded in the idea that business leaders exist to serve others while remaining focused on the bottom line, servant-leadership works for Starbucks and Southwest Airlines, and they're not alone. In fact, servant-leadership is practiced at a third of Fortune's 100 Best Companies to Work for. Servant-Leadership Across Cultures explains how to: Identify and fulfill the needs of employees from any cultural background; Reconcile apparent contradictions, even deep-seated or culturally based ones; Tend to both long- and short-term organizational needs; Build community, social capital, and loyalty through stewardship; Manage the difference between a fatal error and a chance for improvement. You'll also benefit from the lessons of key executives from Dell, Bang & Olufsen, Motorola, Shell, and others -- all of whom have used servant-leadership to raise not just their organizations' social stature, but also the bottom line. - Back cover. We are all under new pressure toproduce more for less money—andin less time. Ultimately, this cannot bedone unless bosses are able to—in serviceof their organization—bring out the bestin their people.That is the essence of servant-leadership,the management philosophy originallyoutlined by organizational expert RobertGreenleaf in the 1970s. It's a philosophywhose time has truly come.The mission statement of TDIndustries,a regular on Fortune's list of 100 BestCompanies to Work for in America,prioritizes ""intense 'people development'efforts, includingsubstantial training budgets.""When an error at Motorola caused$100,000 in damages to equipment, noheads rolled; instead, the responsibleemployee was encouraged to developa system based on what he'd learned;all told, Motorola saved more than amillion dollars.When Sematech, the InternationalInstitute for Semiconductors, joinedwith competitors like Intel, AMD,Siemens, and Sony, the result wassmarter and better business for all, viashared innovation and communication.For such progressive companies, mereinstitutional power is no longer enough.Their secret is the empowerment thatservant-leadership provides, and it canmake the difference between the successof your organization and its downfall.With Servant-Leadership Across Cultures,you'll come to understand how andwhy doing the right thing pays off foreveryone—not just for your business partners,but for the world.","['Business', 'Nonfiction', 'Servant leadership']",2009.0,,,2.0,4.0,0.0,0.0,https://covers.openlibrary.org/b/id/6420818-L.jpg,/works/OL2726376W,True,False,,servant-leadership across cultures
BOOK00241,Seven pillars of servant leadership,['James W. Sipe'],,['Servant leadership'],2009.0,,,1.0,5.0,1.0,0.0,https://covers.openlibrary.org/b/id/5731413-L.jpg,/works/OL9595789W,True,False,,seven pillars of servant leadership
BOOK00242,Servant leadership,['Jack Schaap'],,"['Leadership', 'Christianity']",2008.0,,,1.0,3.0,0.0,0.0,https://covers.openlibrary.org/b/id/11817558-L.jpg,/works/OL24912130W,True,False,,servant leadership
BOOK00243,Reflections on leadership,['Larry C. Spears'],"In the twenty-five years since Robert K. Greenleaf first articulated his vision of ""servant-leadership,"" the world has seen a steady expansion in the influence of the man and his ideas. Hailed as the ""grandfather"" of the modern empowerment movement in business leadership, Greenleaf described true leaders as those who lead by serving others - empowering them to reach their full potential. He saw the ideal leader as one who transforms and integrates an organization; a steward with a commitment to the growth of people and the building of a community.","['Organizational Efficiency', 'Organizational effectiveness', 'Leadership', 'Effectiviteit', 'Leiderschap']",1995.0,,,1.0,9.0,2.0,0.0,https://covers.openlibrary.org/b/id/300435-L.jpg,/works/OL18177476W,True,False,,reflections on leadership
BOOK00244,Strength in servant leadership,['Paul A. Cedar'],,"['Christian leadership', 'Servant leadership', 'Christianity', 'Bible, history']",1987.0,,,1.0,3.0,0.0,0.0,https://covers.openlibrary.org/b/id/8148071-L.jpg,/works/OL1861949W,True,False,,strength in servant leadership
BOOK00245,Servant leadership,[],,"['Leadership', 'Organizational effectiveness', 'Associations, institutions']",1977.0,,,1.0,3.0,0.0,0.0,https://covers.openlibrary.org/b/id/4700687-L.jpg,/works/OL16327340W,True,False,,servant leadership
BOOK00246,Servant leadership,['Dirk van Dierendonck'],,"['Servant leadership', 'Leadership']",2010.0,,,1.0,2.0,0.0,0.0,https://covers.openlibrary.org/b/id/9845502-L.jpg,/works/OL16295981W,True,False,,servant leadership
BOOK00247,Handbook for secular Franciscan servant leadership,[],,"['Secular Franciscan Order', 'Servant leadership', 'Handbooks, manuals', 'Christian leadership', 'Catholic Church']",1998.0,,,1.0,3.0,0.0,0.0,,/works/OL18637084W,True,False,,handbook for secular franciscan servant leadership
BOOK00248,Focus on Leadership,"['Larry C. Spears', 'Michele Lawrence', 'Ken Blanchard']",,[],2001.0,,,3.0,2.0,0.0,0.0,https://covers.openlibrary.org/b/id/304480-L.jpg,/works/OL14925607W,True,False,,focus on leadership
BOOK00249,Servant Leadership in Action,"['Ken Blanchard', 'Renee Broadwell']",,"['Leadership', 'Servant leadership', 'SOCIAL SCIENCE / Sociology / General']",2018.0,,,2.0,2.0,0.0,0.0,https://covers.openlibrary.org/b/id/8813082-L.jpg,/works/OL20167114W,True,False,,servant leadership in action
BOOK00250,Servant Leadership,"['Michael Rucker', 'Holly Spence']",,[],2019.0,,,1.0,1.0,0.0,0.0,,/works/OL30232477W,True,False,,servant leadership
BOOK00251,Servant leadership,['Jane Fryar'],,"['Christian Stewardship', 'Leadership', 'Religious aspects', 'Religious aspects of Leadership', 'Religious leaders', 'Stewardship, Christian', 'Servant leadership', 'Christianity', 'Christian stewardship', 'Leadership au service des autres', 'Aspect religieux', 'Christianisme', 'Chefs religieux', 'Service chrétien']",2001.0,,,1.0,1.0,0.0,0.0,https://covers.openlibrary.org/b/id/12897208-L.jpg,/works/OL2471245W,True,False,,servant leadership
BOOK00252,Servant leadership,['Rocky Wallace'],"""Servant Leadership: Leaving a Legacy is a heart-warming closure to the 'Principal to Principal' series. This fourth book finds John battling cancer that might be terminal, and his conversations with Brad and others he is mentoring provide a unique glimpse into the heart of a true servant leader. John's passion for life and caring for others is contagious, and leaves the reader clinging to the hope that he will beat his one last challenge. In an era of re-invention of schools on all levels, this story zeroes in on the critical need for integrity-driven leaders who understand how vision, innovative thinking, emotional intelligence and authentic relationship can transform a school's culture""--","['Educational leadership', 'School principals', 'EDUCATION / Leadership', 'School management and organization', 'School superintendents and principals', 'Education, united states']",2011.0,,,1.0,1.0,0.0,0.0,https://covers.openlibrary.org/b/id/14379882-L.jpg,/works/OL16191519W,True,False,,servant leadership
BOOK00253,Applying Servant Leadership in Today's Schools,['Mary Culver'],,"['Leadership', 'School management and organization']",2008.0,,,6.0,,,,,/works/OL25178288W,True,False,,applying servant leadership in today's schools
BOOK00254,Servant Leadership for Slow Learners,['J. David Lundy'],,[],2002.0,,,1.0,2.0,0.0,0.0,https://covers.openlibrary.org/b/id/898473-L.jpg,/works/OL9035377W,True,False,,servant leadership for slow learners
BOOK00255,Robert K. Greenleaf,['Don M Frick'],"""Meet the man whose work influenced some of the world's most prominent business leaders and spawned a worldwide movement that is still gaining strength today. Robert Greenleaf's landmark 1970 essay, The Servant as Leader, introduced the now common term ""servant leadership"" to the world. His work has been cited by leading writers and business people including Ken Blanchard, Stephen Covey, Peter Senge, Margaret Wheatley, and Peter Block, and led to the development of Centers for Servant Leadership around the world."" ""This biography of Robert Greenleaf, authorized by his surviving children, finally tells his story. Drawn from Greenleaf's personal papers, correspondence, and interviews with family and friends, it provides a look at the sources of Greenleaf's thought, his friendships with some of the most influential men and women of the twentieth century - including Eleanor Roosevelt, Peter Drucker, the Menninger brothers, Reinhold Niebuhr, Aldous Huxley, Alcoholics Anonymous co-founder Bill Wilson, and man others - and how he influenced business history well before his first book was published at the age of seventy-three.""--Jacket.","['Leadership', 'Management', 'Organizational effectiveness', 'Business consultants', 'Biography', 'Executives']",2004.0,,,1.0,3.0,1.0,0.0,https://covers.openlibrary.org/b/id/831331-L.jpg,/works/OL8925520W,True,False,,robert k. greenleaf
BOOK00256,The Servant Leadership Training Course,['James C. Hunter'],,[],2006.0,,,1.0,2.0,0.0,0.0,https://covers.openlibrary.org/b/id/865134-L.jpg,/works/OL1812464W,True,False,,the servant leadership training course
BOOK00257,The Model of Servant-Leadership,['Henry P. Hildebrand'],,"['Leadership', 'Christianity']",1990.0,,,2.0,1.0,0.0,0.0,https://covers.openlibrary.org/b/id/11681607-L.jpg,/works/OL16445928W,True,False,,the model of servant-leadership
BOOK00258,Cases on Servant Leadership and Equity,['Ursula Thomas'],,[],2022.0,,,5.0,,,,,/works/OL28715515W,True,False,,cases on servant leadership and equity
BOOK00259,Leader As Servant Leadership Model,['Sylvanus Wosu'],,"['Religion', 'Self-help techniques']",2022.0,,,2.0,1.0,0.0,0.0,,/works/OL28452071W,True,False,,leader as servant leadership model
BOOK00260,Servant Leadership,"['Stevens, David']",,"['Business', 'Religion']",2017.0,,,1.0,1.0,0.0,0.0,https://covers.openlibrary.org/b/id/13832027-L.jpg,/works/OL28668941W,True,False,,servant leadership
BOOK00261,Global Servant-Leadership,"['Philip Mathew', 'Jiying Song', 'Shann Ray Ferch']",,['Sociology'],2020.0,,,2.0,1.0,0.0,0.0,,/works/OL25763126W,True,False,,global servant-leadership
BOOK00262,Servant leadership in nursing,"[""Mary Elizabeth O'Brien""]",,"['Nursing Care', 'Religion and Medicine', 'Nursing services', 'Administration', 'Organization & administration', 'Christianity', 'Spirituality', 'Leadership', 'Nursing ethics', 'Nursing services, administration', 'Medicine, religious aspects']",2010.0,,,2.0,1.0,0.0,0.0,https://covers.openlibrary.org/b/id/9261771-L.jpg,/works/OL1851682W,True,False,,servant leadership in nursing
BOOK00263,Servant Leadership,"['Ralph Lewis', 'Noble, John']",,"['Leadership', 'Organizational effectiveness']",2008.0,,,1.0,1.0,0.0,0.0,https://covers.openlibrary.org/b/id/14393141-L.jpg,/works/OL24114452W,True,False,,servant leadership
BOOK00264,Servant Leadership Roadmap,['Cara H Bramlett'],,[],2018.0,,,1.0,2.0,0.0,0.0,https://covers.openlibrary.org/b/id/10328984-L.jpg,/works/OL21162868W,True,False,,servant leadership roadmap
BOOK00265,Using Servant Leadership,['Angelo J. Letizia'],,"['Educational leadership', 'Education, higher, aims and objectives', 'Educational accountability', 'Universities and colleges, administration', 'College teachers', 'College teaching', 'Teachers, professional ethics']",2018.0,,,4.0,,,,https://covers.openlibrary.org/b/id/8831412-L.jpg,/works/OL20183387W,True,False,,using servant leadership
BOOK00266,Servant Leadership,['Pastor Cecil Hollaway'],,['Religion'],2022.0,,,2.0,,,,,/works/OL34056020W,True,False,,servant leadership
BOOK00267,The servant,"['James C. Hunter', 'James Hunter']","In this absorbing tale, you watch the timeless principles of servant leadership unfold through the story of John Daily, a businessman whose outwardly successful life is spiraling out of control. He is failing miserably in each of his leadership roles as boss, husband, father, and coach. To get his life back on track, he reluctantly attends a weeklong leadership retreat at a remote Benedictine monastery.To John's surprise, the monk leading the seminar is a former business executive and Wall Street legend. Taking John under his wing, the monk guides him to a realization that is simple yet profound: The true foundation of leadership is not power, but authority, which is built upon relationships, love, service, and sacrifice.Along with John, you will learn that the principles in this book are neither new nor complex. They don't demand special talents; they are simply based on strengthening the bonds of respect, responsibility, and caring with the people around you. Perhaps this is why The Servant has touched readers from all walks of life--because its message can be applied by anyone, anywhere--at home or at work.If you are tired of books that lecture instead of teach; if you are searching for ways to improve your leadership skills; if you want to understand the timeless virtues that lead to lasting and meaningful success, then this book is one you cannot afford to miss.From the Hardcover edition.","['Business', 'Leadership', 'Management', 'Moral and ethical aspects', 'Moral and ethical aspects of Leadership', 'Nonfiction']",1998.0,3.0,1.0,4.0,16.0,1.0,2.0,https://covers.openlibrary.org/b/id/509274-L.jpg,/works/OL1812466W,True,False,,the servant
BOOK00268,A Woman's Guide to Servant Leadership,['Rhonda Kelley'],,"['Religious life', 'Christian women', 'Biblical teaching', 'Servant leadership', 'Christian leadership', 'Christianity']",2002.0,,,1.0,2.0,0.0,0.0,https://covers.openlibrary.org/b/id/12189032-L.jpg,/works/OL2259860W,True,False,,a woman's guide to servant leadership
BOOK00269,Servant Leadership for Higher Education,['Daniel W. Wheeler'],,"['Educational leadership', 'Education, higher, aims and objectives']",2011.0,,,3.0,,,,,/works/OL21466423W,True,False,,servant leadership for higher education
BOOK00270,Principal to Principal,['Rocky Wallace'],,"['School superintendents and principals', 'Educational leadership', 'School management and organization', 'School principals']",2008.0,,,5.0,,,,https://covers.openlibrary.org/b/id/2931776-L.jpg,/works/OL9878008W,True,False,,principal to principal
BOOK00271,Servant Leadership,['Samuel O. Enyia'],,['Self-help techniques'],2021.0,,,2.0,,,,,/works/OL26822665W,True,False,,servant leadership
BOOK00272,Personal and Organizational Excellence Through Servant Leadership,['Sen Sendjaya'],,['Leadership'],2015.0,,,3.0,0.0,1.0,0.0,,/works/OL26748521W,True,False,,personal and organizational excellence through servant leadership
BOOK00273,Understanding Servant Leadership,['Chad Audi'],,[],2017.0,,,1.0,,,,,/works/OL40442793W,True,False,,understanding servant leadership
BOOK00274,Servant Leadership Styles and Strategic Decision Making,"['Yasir Hayat Mughal', 'Shahid Kamal']","""This book explores how managers use autocratic styles in eastern organizations so there is need to bring servant leadership in order to promote new leadership because person have to be servant first and priorities of employees are first objective of servant to serve then he/she become the leader""--","['Leadership', 'Decision making', 'Servant leadership']",2018.0,,,4.0,,,,,/works/OL27394506W,True,False,,servant leadership styles and strategic decision making
BOOK00275,The spirit of servant-leadership,['Robert K. Greenleaf Center. International Conference on Servant-Leadership'],,"['Servant leadership', 'Leadership']",2011.0,,,1.0,1.0,0.0,0.0,,/works/OL15456995W,True,False,,the spirit of servant-leadership
BOOK00276,Idiot Guide to Servant Leadership,['Pierre Walter'],,"['Leadership', 'Managerial economics', 'Self-help techniques']",2010.0,,,1.0,1.0,0.0,0.0,,/works/OL39682345W,True,False,,idiot guide to servant leadership
BOOK00277,Servant Leadership in diakonischen Unternehmen,['Mathias Hartmann'],,"['Theology, practical']",2013.0,,,2.0,,,,,/works/OL22326207W,True,False,,servant leadership in diakonischen unternehmen
BOOK00278,Servant Leadership,['John Wallace Whitehead'],,[],2019.0,,,2.0,,,,,/works/OL38112557W,True,False,,servant leadership
BOOK00279,Developing Christian Servant Leadership,['G. Roberts'],,"['Leadership, religious aspects', 'Management', 'Servant leadership', 'Christianity', 'Leadership', 'Religious aspects']",2015.0,,,3.0,,,,https://covers.openlibrary.org/b/id/9406813-L.jpg,/works/OL20723198W,True,False,,developing christian servant leadership
BOOK00280,Paul on leadership,['C. Gene Wilkes'],,"['Church growth', 'Christian leadership', 'Biblical teaching', 'Servant leadership', 'Christianity', 'Criticism, interpretation', 'Bible']",2004.0,,,2.0,2.0,0.0,0.0,https://covers.openlibrary.org/b/id/12706269-L.jpg,/works/OL1903299W,True,False,,paul on leadership
BOOK00281,Marketing management,['Philip Kotler'],"Marketing Managementcollectively uses a managerial orientation, an analytical approach, a multidisciplinary perspective, universal applications, and balanced coverage to distinguish it from all other marketing management texts out there. Unsurpassed in its breadth, depth, and relevance, the 16th Edition features a streamlined organization of the content, updated material, and new examples that reflect the very latest market developments. After reading this landmark text, you'll have the knowledge and tools to succeed in the new market environment around you.","['Marketing', 'Management', 'Marketing management', 'Gestion', 'Marketingmanagement', 'Marketingmix', 'open_syllabus_project', 'Qi ye guan li', 'Shi chang ying xiao', 'Marketing, management', 'Case studies', 'Manuel', 'Stratégie de marketing', 'Étude de marché', 'Gestion du marketing', 'Theorie', 'Commerce', 'Public Relations', 'Organization and Administration']",1973.0,4.0555553,36.0,66.0,1351.0,125.0,73.0,https://covers.openlibrary.org/b/id/13673341-L.jpg,/works/OL1807518W,True,False,,marketing management
BOOK00282,Management information systems,"['Kenneth C. Laudon', 'Jane P. Laudon', 'Jane Price Laudon', 'Jane Laudon']","Laudon’s essential case-based text for the study of IS in business today. Management Information Systems: Managing the Digital Firm provides the most comprehensive overview of information systems, while drawing connections between MIS and business performance. The Laudons are known for their outstanding real-world case studies, which describe how well-known companies use IT to solve problems and achieve business objectives. You will develop sought-after skills, and be adept at leading IS-related management discussions and using IT to meet bottom-line results. Each chapter of the 17th edition has been thoroughly updated to cover the latest industry and technology changes.","['Information technology', 'Management', 'Management information systems', 'Management informatiesystemen', 'Managementinformationssystem', ""Systèmes d'information de gestion"", 'Computadores nos sistemas de suporte a decisoes', 'Gestion des connaissances', 'Entreprises', 'Entreprises virtuelles', 'Informationsmanagement', 'Informacio', ""Sistemes d'informacio per a la gestio ."", 'Gestio .', ""Sistemes d'emmagatzematge i recuperacio"", 'Sistemas de información en administración', 'Information systems', 'Ledningsinformationssystem', 'Information management', 'Informationssystem', 'MIS', 'Textbooks', 'Virtual corporations', 'Business enterprises', 'Knowledge management', 'Management, data processing', 'Business &amp; economics', 'Literary collections', 'T58.6 .l376 1998', '658.4/038', 'Management-Informationssystem', 'USA', 'Programmed instruction']",1945.0,4.1,10.0,95.0,686.0,59.0,30.0,https://covers.openlibrary.org/b/id/1104118-L.jpg,/works/OL58235W,True,False,,management information systems
BOOK00283,Marketing Management,"['Philip Kotler', 'Kevin Lane Keller']","For undergraduate and graduate courses in marketing management. The gold standard for today’s marketing management student. Stay on the cutting-edge with the gold standard text that reflects the latest in marketing theory and practice. The world of marketing is changing everyday–and in order for students to have a competitive edge, they need a textbook that reflects the best of today’s marketing theory and practices.Marketing Management is the gold standard marketing text because its content and organization consistently reflect the latest changes in today’s marketing theory and practice.","['Marketing, management', 'Marketing', 'Management', 'Textbooks']",2016.0,4.44,50.0,1.0,1087.0,87.0,154.0,https://covers.openlibrary.org/b/id/14426392-L.jpg,/works/OL17371073W,True,False,,marketing management
BOOK00284,Human Resource management,['Gary Dessler'],,['Personnel management'],1994.0,4.125,8.0,6.0,366.0,30.0,17.0,https://covers.openlibrary.org/b/id/9334439-L.jpg,/works/OL11789290W,True,False,,human resource management
BOOK00285,Operations management,"['Jay H. Heizer', 'Jay Heizer', 'Barry Render']",,"['Production management', 'Operations research', 'Management information systems', 'Productiemanagement', 'Logistiek', 'Planning', 'Managementtechnieken', 'Operationeel onderzoek', 'Management', 'Operations Management', 'Prozessmanagement', 'Nachhaltigkeit', 'Lieferkette', 'USA', 'Welt', 'Business and Management', 'Administración de la producción']",1999.0,4.111111,9.0,23.0,215.0,24.0,14.0,https://covers.openlibrary.org/b/id/4958593-L.jpg,/works/OL1887971W,True,False,,operations management
BOOK00286,Principles of management,['George Robert Terry'],,"['Industrial management', ""Gestion d'entreprise"", 'Management', 'Organisatiekunde']",1953.0,3.8333333,12.0,16.0,221.0,21.0,19.0,https://covers.openlibrary.org/b/id/4450295-L.jpg,/works/OL5506777W,True,False,,principles of management
BOOK00287,Strategic management,['Fred R. David'],"Designed in functional four-color, this book offers a popular practitioner-oriented perspective, focuses on skill-building in all major areas of strategy formation, implementation, and evaluation, and weaves three very contemporary themes throughout each chapter—globalization, the natural environment, and e-commerce. Forty-one Experiential exercises, and 41 cases are included. Coverage includes developing a mission statement, performing an external audit, conducting an internal assessment, and formulating, implementing, and evaluating strategies, as well as global issues and concerns. For anyone interested in the fields of Strategic Management, Strategy, and Business Policy. - Publisher.","['Case studies', 'Strategic planning', 'Industrial management', 'Management', 'Strategic planning -- Case studies']",1969.0,4.25,8.0,25.0,162.0,17.0,12.0,https://covers.openlibrary.org/b/id/84279-L.jpg,/works/OL1987799W,True,False,,strategic management
BOOK00288,Statistics for management,['Richard I. Levin & David S. Rubin'],"Statistics for Management, 8e, is a comprehensive textbook designed to help students understand the statistical concepts and applications used in business and management situations. In the manner of the earlier editions, this edition too omits complex notations in favor of graphic and verbal explanations and aims to explain the subject with a practical orientation. Examples from the real world are discussed to explain how the textbook principles work in professional practice. Written in a simple and lucid language, this book is an excellent resource for students pursuing management courses.","['Statistical methods', 'Management', 'Textbooks', 'Commercial statistics', 'Statistics textbooks', 'Statistics', 'Mathematics textbooks', 'Social sciences', 'Management-statistical methods', 'Social sciences-statistical methods', 'Social sciences, statistical methods']",1978.0,3.6923077,13.0,12.0,411.0,59.0,7.0,https://covers.openlibrary.org/b/id/14425600-L.jpg,/works/OL3266788W,True,False,,statistics for management
BOOK00289,The Night Manager,['John le Carré'],"Individual greed takes the place of old world rivalries of great nations. Inside look at the international cartel of illegal arms dealers, and drug smugglers. Lays forth an understanding of paradoxes in our unquestioning perceptions between evil and virtue! Heavy reading at best; smashing thoughts!","['Spies', 'Fiction', 'English Spy stories', 'Spies in fiction', 'Spy stories', 'Thrillers', 'Intelligence service', 'Illegal arms transfers', 'Great Britain', 'Large type books', 'Fiction, thrillers, espionage', 'Fiction, mystery & detective, general', 'Fiction, thrillers, general', 'England, fiction', 'London (england), fiction', 'Fiction, suspense', 'Switzerland, fiction', 'Murder', 'Fiction, espionage', 'Fiction, thrillers', 'Arms transfers', 'Drug traffic', 'Armes', 'Romans, nouvelles', 'Vente', 'Trafic', 'Service des renseignements', 'Drogues', 'Fiction, general']",1993.0,3.5714285,7.0,39.0,125.0,4.0,9.0,https://covers.openlibrary.org/b/id/2395136-L.jpg,/works/OL181821W,True,False,,the night manager
BOOK00290,Strategic management,"['Gregory G. Dess', 'G. T. Lumpkin', 'Alan B. Eisner', 'Gerry McNamara', 'Seung-Hyun Lee', 'Marilyn L. Taylor']",,"['Strategic planning', 'Case studies', 'Textbooks', 'Business strategy', 'Management & management techniques', 'Business/Economics', 'Economics, Finance, Business and Industry', 'Management - General', 'Business / Economics / Finance', 'Strategisches Management', 'Planification stratégique', ""Manuels d'enseignement supérieur"", 'Management', 'Business &amp; economics', 'General', 'Economics']",1992.0,4.2,5.0,55.0,253.0,14.0,3.0,https://covers.openlibrary.org/b/id/12464587-L.jpg,/works/OL16002869W,True,False,,strategic management
BOOK00291,Management,['Stephen P. Robbins'],,"['Management', 'Canada', 'Case studies', 'ADMINISTRACION', 'Gestion', 'MANAGEMENT', 'OPERATIONS RESEARCH', 'TOTAL QUALITY MANAGEMENT', 'CONTRACT MANAGEMENT', 'ENVIRONMENT MANAGEMENT']",1984.0,4.0,4.0,28.0,135.0,11.0,8.0,https://covers.openlibrary.org/b/id/92596-L.jpg,/works/OL510772W,True,False,,management
BOOK00292,High Output Management,['Andrew S. Grove'],,"['Industrial management', 'Industrial productivity', ""Gestion d'entreprise"", 'Management', 'New York Times reviewed']",1983.0,4.2,15.0,7.0,152.0,8.0,19.0,https://covers.openlibrary.org/b/id/421244-L.jpg,/works/OL2355834W,True,False,,high output management
BOOK00293,Financial Management,"['Eugene F. Brigham', 'Michael C. Ehrhardt']",,"['Business enterprises', 'Corporations', 'Finance', 'Management', 'Finanças das empresas', 'Problems, exercises', 'Financieel management', 'Corporations, finance', 'Financial management', 'Business enterprises, finance', 'Investments']",1977.0,4.75,4.0,29.0,199.0,15.0,8.0,https://covers.openlibrary.org/b/id/5425961-L.jpg,/works/OL2024238W,True,False,,financial management
BOOK00294,Human resource management,"['R. Wayne Mondy', 'Robert M. Noe', 'Shane R. Premeaux', 'Ronald Knowles', 'Joseph J. Martocchio']","""Human Resource Management addresses the study of HR in a realistic, practical, and stimulating manner. Examples of how HR management is practiced in the real world and the relationship between various HR topics are interwoven throughout the text, giving students a thorough introduction to the field based on sound theoretical concepts and practice. The Fourteenth Edition reveals HR's strategic importance to management and the overall health of an organization. The text also addresses the ongoing shrinkage of internal HR departments as many companies shift towards HR outsourcing, HR shared service centers, and professional employer organizations. Students should walk away with an appreciation for how the HR profession continues to shed its administrative image and while focusing on mission-oriented activities""--Publisher's website.","['Personnel management', 'Personnel', 'Direction']",1990.0,4.8333335,6.0,43.0,128.0,9.0,7.0,https://covers.openlibrary.org/b/id/1108254-L.jpg,/works/OL1850195W,True,False,,human resource management
BOOK00295,"Mind Management, Not Time Management",['David Kadavy'],,['Commerce'],2020.0,4.625,8.0,2.0,263.0,17.0,6.0,https://covers.openlibrary.org/b/id/10496171-L.jpg,/works/OL22785378W,True,False,,"mind management, not time management"
BOOK00296,Strategic management and business policy,"['Thomas L. Wheelen', 'J. David Hunger', 'Tom Wheelen']",,"['Bedrijfsbeleid', 'Strategic planning', 'Sustainability', 'Case studies', 'Strategisch management', 'Planification strategique', 'Fallstudiensammlung', 'Strategisches Management', 'Planification stratégique', 'Industrial management', 'Management', 'Commercial policy', 'Business planning', 'Cas, Études de', 'Fallstudie', 'Nachhaltigkeit', 'Strategische Planung', 'Unternehmenspolitik', 'Bedrijfsplanning', 'Duurzame ontwikkeling', 'Strategische Unternehmensplanung', 'Theorie', 'Literary collections']",1983.0,4.8,5.0,45.0,169.0,16.0,7.0,https://covers.openlibrary.org/b/id/1104183-L.jpg,/works/OL467494W,True,False,,strategic management and business policy
BOOK00297,The Practice of Management,['Peter F. Drucker'],"""This classic volume achieves a remarkable width of appeal without sacrificing scientific accuracy or depth of analysis. It is a valuable contribution to the study of business efficiency which should be read by anyone wanting information about the developments and place of management, and it is as relevant today as when it was first written. This is a practical book, written out of many years of experience in working with managements of small, medium and large corporations. It aims to be a management guide, enabling readers to examine their own work and performance, to diagnose their weaknesses and to improve their own effectiveness as well as the results of the enterprise they are responsible for.""--Publisher's description.","['Business', 'Nonfiction', 'Industrial management', 'Management science', 'Industrial management, united states', 'United States', 'Management', ""Gestion d'entreprise"", 'Organization and Administration', 'U.S.', 'Decision making', 'Executives', 'Gestion', 'BUSINESS & ECONOMICS', 'Organizational Behavior', 'Business and Management']",1954.0,5.0,2.0,37.0,130.0,10.0,4.0,https://covers.openlibrary.org/b/id/6418448-L.jpg,/works/OL274337W,True,False,,the practice of management
BOOK00298,Human Resource Management,['Gary Dessler'],,"['Personnel management', 'Direction', 'Personeelsmanagement', 'Personalentwicklung', 'Personnel', 'Humanvermo\x98gen', 'Humanvermögen', 'Personaladministration', 'Fu\x98hrung', 'Management', 'Personalwesen', 'Human resources - personnel management']",1994.0,4.0,4.0,11.0,168.0,11.0,5.0,https://covers.openlibrary.org/b/id/84029-L.jpg,/works/OL1982791W,True,False,,human resource management
BOOK00299,Project management,['Dennis Lock'],"""Project Management covers the full range of issues of vital concern to IT managers working in today's hurry-up, budget-conscious business environment. Whether you are employed in a high-tech, low-tech, financial, manufacturing, or service organization, you'll find valuable advice and guidance on how to get your projects finished on-time, within budget, and to the complete satisfaction of your end users.""--BOOK JACKET.","['Project management', 'Projektmanagement', 'Work breakdown structure', 'Projectmanagement', 'Exécution de projets', 'Lehrbuch', 'Gestion de projets', 'Elaboration de projets', 'Projets industriels', 'T56.8 .l6 2000', '658.4/04']",1968.0,5.0,1.0,13.0,109.0,10.0,1.0,https://covers.openlibrary.org/b/id/3853636-L.jpg,/works/OL2950077W,True,False,,project management
BOOK00300,Introduction to management accounting,['Charles T. Horngren'],,"['Managerial accounting', 'Cost accounting', 'Management Accounting']",1978.0,5.0,3.0,20.0,100.0,11.0,4.0,https://covers.openlibrary.org/b/id/1111306-L.jpg,/works/OL1826745W,True,False,,introduction to management accounting
BOOK00301,The Principles of Scientific Management,['Frederick Winslow Taylor'],"This is a management classic that is actually a short booklet. It is Taylor's key statement of his approach to developing standards for work performance on the basis of study and observation as opposed to a reliance on standard ""rules of thumb.""","['Industrial management', 'Industrial efficiency', 'Industrial engineering', 'Machine shops', 'Genie industriel', ""Gestion d'entreprise"", 'Management science', 'A Industrial management', 'A Management science']",1911.0,3.6666667,3.0,37.0,87.0,4.0,4.0,https://covers.openlibrary.org/b/id/8235250-L.jpg,/works/OL1866671W,True,False,,the principles of scientific management
BOOK00302,Management of organizational behavior,"['Paul Hersey', 'Blanchard Hersey']",,"['Industrial Psychology', 'Leadership', 'Management', 'Organizational behavior', 'Personnel management', 'Comportement organisationnel', 'Gestion', 'Organization and Administration', 'Direction', 'Behavior', 'Personnel', 'Organisation', 'Organisationssoziologie', 'Organisationsverhalten', 'Führung', 'Organizational Culture', 'Fu\x98hrung', 'Organisatiegedrag', 'Organizational Innovation', 'Psychology, industrial', 'Industrial management', 'Psychologie du travail']",1969.0,4.6,5.0,21.0,138.0,9.0,9.0,https://covers.openlibrary.org/b/id/1102753-L.jpg,/works/OL3232991W,True,False,,management of organizational behavior
BOOK00303,Retailing management,['Michael Levy'],,"['Management', 'Retail trade', 'Retail trade, management']",1992.0,4.0,3.0,5.0,102.0,10.0,6.0,https://covers.openlibrary.org/b/id/5364645-L.jpg,/works/OL2689914W,True,False,,retailing management
BOOK00304,Strategic management,"['Arthur A. Thompson', 'Alonzo J. Strickland', 'Arthur A., Jr. Thompson', 'A. J. Strickland', 'Alonzo J., III Strickland']",,"['Case studies', 'Strategic planning', 'Strategisch management', 'E tudes de cas', 'Planification strate gique', 'Planification stratégique', 'Études de cas', 'Business strategy', 'Management & management techniques', 'Business / Economics / Finance', 'Business Decision Making', 'Business & Economics', 'Business/Economics', 'Entrepreneurship', 'Decision Making & Problem Solving', 'Management', 'Cas, Études de', 'Fallstudiensammlung', 'Strategisches Management', 'Industrial management', 'Strategic planning--case studies', 'Hd30.28 .t53 2003', '658.4/012']",1984.0,4.5,2.0,17.0,130.0,13.0,2.0,https://covers.openlibrary.org/b/id/5045789-L.jpg,/works/OL2000302W,True,False,,strategic management
BOOK00305,Operations Management,['Lee J. Krajewski'],,"['Production management', 'Productiemanagement', 'Management', 'Gestion', 'Produktion', 'Production', 'Cd-roms', 'Operations research', 'Business logistics', 'Administración de la producción', 'Operations Management']",1987.0,4.0,2.0,34.0,118.0,9.0,4.0,https://covers.openlibrary.org/b/id/4087919-L.jpg,/works/OL1874172W,True,False,,operations management
BOOK00306,Contemporary management,"['Gareth R. Jones', 'Jennifer M. George']",,['Management'],1998.0,3.0,1.0,11.0,70.0,8.0,2.0,https://covers.openlibrary.org/b/id/3782349-L.jpg,/works/OL2669571W,True,False,,contemporary management
BOOK00307,Developing mangement skills,"['David A. Whetten', 'Kim S. Cameron', 'Whetten', 'David A. Whetten', 'DAVID A. WHETTEN', 'David Whetten', 'Kim Cameron']",,"['Industrial Psychology', 'Management', 'Problems, exercises', 'Self-perception', 'Study and teaching', 'Communication in management', 'Conflict management', 'Employee motivation', 'Job stress', 'Motivation (Psychology)', 'Role playing', 'Stress management', 'Textbooks', 'Problèmes et exercices', 'Étude et enseignement', 'Gestion', 'Problemes et exercices', 'Organization and Administration', 'Etude et enseignement', 'Management, study and teaching', 'Problems, exercises, etc', 'Führung', 'Führungskräfteentwicklung', 'Managementschule', 'Management development', 'Many-body problem', 'Leadership']",1984.0,4.0,3.0,39.0,89.0,7.0,2.0,https://covers.openlibrary.org/b/id/10710449-L.jpg,/works/OL452404W,True,False,,developing mangement skills
BOOK00308,Essentials of management,['Harold Koontz'],,"['Management', 'Index 00', 'Industrial management', 'Gestion', 'Business &amp; economics', 'General']",1974.0,3.6666667,3.0,8.0,218.0,18.0,2.0,https://covers.openlibrary.org/b/id/4507368-L.jpg,/works/OL5616271W,True,False,,essentials of management
BOOK00309,A Guide to the Project Management Body of Knowledge (PMBOK® Guide),['Project Management Institute'],"Presents the fundamental processes of project management that drive the design and implementation of business changes for any organization —local, regional or global—, updated to reflect the most current industry knowledge and practices.","['Project management', 'Standards', 'Gestion de projet', 'Normes', 'Business & Economics', 'Technology & Engineering', 'Methodology', 'Administração de projetos', 'Gestion de projets', 'Projet industriel', 'Projektmanagement', 'Projectmanagement', 'Project Management (PM)', 'Literary collections']",1996.0,5.0,2.0,15.0,109.0,10.0,5.0,https://covers.openlibrary.org/b/id/926642-L.jpg,/works/OL102817W,True,False,,a guide to the project management body of knowledge (pmbok® guide)
BOOK00310,Analysis for financial management,['Robert C. Higgins'],fantastic,"['Corporations', 'Finance', 'Analyse financière', 'Analytische Methode', 'Finances', 'Sociétés', 'Finanzmanagement', 'Entreprises', 'Corporations -- Finance.', 'Financieel management', 'Maliye', 'Financiële analyse', 'Finanzanalyse', 'Bedrijfsfinanciering', 'Şirketler', 'Societes', 'Corporations, finance', 'Administração financeira', 'Finanças das empresas', ""Finances de l'entreprise"", 'Performance financière', 'Investissement', 'Gestion financière', 'Analyse', 'Financiele analyse', 'Administracao financeira', 'Financas das empresas', 'Corporations--finance', 'Financial management', 'Hg4026 .h496 2016', '658.15/1']",1983.0,3.5,4.0,18.0,108.0,9.0,4.0,https://covers.openlibrary.org/b/id/63951-L.jpg,/works/OL2667692W,True,False,,analysis for financial management
BOOK00311,Strategic market management,['David A. Aaker'],,"['Management', 'Marketing', 'Marketingmanagement', 'Strategisches Management', 'Strategisch management', 'Marknadsfo\x98ring', 'Strategisk planering', 'Marketing, management', 'Strategic planning', 'Marketing research']",1984.0,4.8,5.0,14.0,107.0,7.0,2.0,https://covers.openlibrary.org/b/id/2425957-L.jpg,/works/OL1839162W,True,False,,strategic market management
BOOK00312,Strategic management,"['Pearce, John A.', 'John A. Pearce', 'Richard B. Robinson']",,"['Strategic planning', 'Case studies', 'Strategisch management', 'Administracʹao estrategica (gerenciamento)', 'Business strategy', 'Management & management techniques', 'Corporate Planning', 'Business / Economics / Finance', 'Strategic Planning', 'Reference', 'Management', 'Business planning', 'Corporate planning', 'Business / economics / finance']",1982.0,3.0,6.0,15.0,86.0,9.0,4.0,https://covers.openlibrary.org/b/id/1082674-L.jpg,/works/OL37971W,True,False,,strategic management
BOOK00313,Retailing management,"['Michael Levy', 'Michael Levy', 'Barton A. Weitz']",1 volume (various pagings) : 28 cm,"['Management', 'Retail trade', 'open_syllabus_project', 'Retail trade, management', 'Comercio minorista', 'Administración', 'Einzelhandel', 'Detailhandel', 'Detaljhandel', 'Retail trade -- Management -- Textbooks', 'Retail trade -- Canada -- Textbooks', ""Commerce de détail -- Gestion -- Manuels d'enseignement supérieur"", ""Commerce de détail -- Canada -- Manuels d'enseignement supérieur"", 'Retail trade -- Management', 'Canada', 'Open_syllabus_project']",2000.0,,,18.0,61.0,4.0,3.0,https://covers.openlibrary.org/b/id/5420019-L.jpg,/works/OL12420780W,True,False,,retailing management
BOOK00314,Supply chain logistics management,['Donald J. Bowersox'],,"['Business logistics', 'Supply Chain Management', 'Logistique (Organisation)', ""Gestion de l'approvisionnement"", ""Chaîne d'approvisionnement"", 'Logistique', 'Ketenbeheer']",2002.0,3.8,5.0,4.0,145.0,17.0,7.0,https://covers.openlibrary.org/b/id/8341095-L.jpg,/works/OL2967291W,True,False,,supply chain logistics management
BOOK00315,The one minute manager,"['Kenneth H. Blanchard', 'Spencer Johnson', 'Kenneth Blanchard']","Details a simple, yet effective management system based on three fundamental strategies for earning raises, promotions, and power in business.","['Management', 'Administración', 'Direction', 'Gestion', 'Personnel', ""Gestion d'entreprise"", 'Administracao', 'Employe s.', 'Motivations', 'Manuels', 'Organization and Administration', 'Ressources humaines', 'Gestion du personnel', 'Employés', 'Personnel management']",1981.0,4.0,11.0,15.0,100.0,7.0,16.0,https://covers.openlibrary.org/b/id/5288277-L.jpg,/works/OL66049W,True,False,,the one minute manager
BOOK00316,Entrepreneurship,['Robert D. Hisrich'],where we give id to open document,"['New business enterprises', 'Entrepreneurship', 'Business enterprises', 'Business planning', 'Finance', 'Success in business', 'Management', 'Nieuwe ondernemingen', 'Ondernemerschap', 'Unternehmensentwicklung', 'Business enterprises, finance', 'Unternehmensgründung', 'Aufsatzsammlung', 'New business enterprises -- Management']",1989.0,4.5454545,11.0,14.0,268.0,31.0,11.0,https://covers.openlibrary.org/b/id/8231771-L.jpg,/works/OL2688120W,True,False,,entrepreneurship
BOOK00317,Fundamentals of financial management,"['Eugene F. Brigham', 'Joel F. Houston']","When [the book] was first published more than 20 years ago, our intent was to write an introductory finance text that students could understand. Today, [the book] has become the leading undergraduate finance text ... [The book] is intended for use in the introductory finance course. The key chapters can be covered in a one-term course, or supplemented with cases and some outside readings, used in a two-term course.-Pref.","['Business enterprises', 'Corporations', 'Finance', 'Problems, exercises', 'Management', 'Entreprises', 'Financiering', 'Finances', 'Finanzmanagement', 'Budgeting & financial management', 'Business & Economics', 'Business / Economics / Finance', 'Textbooks', 'Business/Economics', 'Corporate Finance', 'Management - General', 'Business & Economics / Corporate Finance', 'Societes', 'Finanzwirtschaft', 'Problèmes et exercices', 'Prise de décision', 'Investissements de capitaux', 'Corporations, finance', 'Business enterprises, finance']",1978.0,5.0,2.0,20.0,188.0,12.0,4.0,https://covers.openlibrary.org/b/id/4937950-L.jpg,/works/OL2024237W,True,False,,fundamentals of financial management
BOOK00318,Fundamentals of financial management,['James C. Van Horne'],,"['Corporations', 'Business enterprises', 'Finance', 'Societes', 'Finances', 'Finanzmanagement', 'Entreprises', 'Corporations, finance', 'Business enterprises, finance', 'Domestic Architecture', 'Colonial Architecture', 'Gardens']",1971.0,5.0,1.0,25.0,48.0,10.0,5.0,https://covers.openlibrary.org/b/id/92304-L.jpg,/works/OL2634165W,True,False,,fundamentals of financial management
BOOK00319,Management information systems,"[""James A. O'Brien""]","Note on front cover- ""This International Student Edition is for use outside of the U.S."" Attached to inside back cover is one ""MISource 2007"" CD from ""Triad Interactive"" stating requirements as Windows 98, 2000, or XP.","['Business', 'Computer networks', 'Data processing', 'Electronic commerce', 'Information technology', 'Management', 'Management information systems', 'Textbooks', 'Informatietechnologie', 'Management informatiesystemen', ""Systèmes d'information de gestion"", 'Managementinformationssystem', 'Sistemas de informação gerencial', 'Informationsmanagement', 'Redes de computadores', ""Réseaux d'ordinateurs"", 'Tecnologia da informação', ""Manuels d'enseignement supérieur"", ""Technologie de l'information"", 'Gestion', 'Commerce électronique', 'Informatique', 'Computers &amp; the internet', 'T58.6 .o26 2009', '658.4/038011', 'T58.6 .o26 2008b']",1990.0,5.0,2.0,14.0,80.0,8.0,4.0,https://covers.openlibrary.org/b/id/65041-L.jpg,/works/OL28972W,True,False,,management information systems
BOOK00320,Retail management,"['Barry Berman', 'Joel R. Evans']",,"['Management', 'Retail trade', 'Detailhandel', 'Strategisch management', 'Distributive industries', 'Franchises', 'Management & management techniques', 'Retail trade, management', 'Retail trade, study and teaching', 'Einzelhandelsbetrieb', 'Einzelhandelsbetriebslehre', 'Strategisches Management', 'Commerce de détail', 'Manuel', ""Gestion d'entreprise"", ""Stratégie de l'entreprise"", 'Case studies', 'Retail trade--management', 'Hf5429 .b45 2018', '658.8/7']",1979.0,3.0,1.0,21.0,58.0,5.0,4.0,https://covers.openlibrary.org/b/id/85979-L.jpg,/works/OL2722532W,True,False,,retail management
BOOK00321,Principles and Practice of Management,"['L. M. Prasad', 'L.M. Prasad']",,[],2019.0,2.8333333,6.0,3.0,262.0,28.0,2.0,https://covers.openlibrary.org/b/id/11942031-L.jpg,/works/OL24999187W,True,False,,principles and practice of management
BOOK00322,Comprehensive stress management,"['Jerrold S. Greenberg', 'Jerrold Greenberg', 'Jerrold S Greenberg', 'Gerrold Greenberg']","""Comprehensive Stress Management helps students identify, understand, and manage the stressors that most affect their lives. Written in an informal, anecdotal style, the text presents the latest research findings on the physical, psychological, sociological, and spiritual aspects of stress. The text also provides an in-depth discussion of a wide variety of coping skills, including relaxation techniques, behavior change interventions, and strategies for defusing physiological arousal. This engaging, easy-to-read text gives students the tools they need to cope with stress in an increasingly stressful world. Accompanying the text are instructor and student resources on the Online Learning Center""--","['Stress (Psychology)', 'Stress (Physiology)', 'Prevention', 'Stress management', 'Prevention & control', 'Psychological Stress', 'Stress (physiology)', 'Stress (psychology)']",1983.0,,,28.0,52.0,2.0,3.0,https://covers.openlibrary.org/b/id/9724353-L.jpg,/works/OL484345W,True,False,,comprehensive stress management
BOOK00323,Principles of management,"['Harold Koontz', ""Cyril O'Donnell""]",,"['Industrial management', 'Management', 'Gestion', ""Gestion d'entreprise"", 'Organization and Administration']",1955.0,4.75,4.0,12.0,176.0,10.0,5.0,https://covers.openlibrary.org/b/id/6902961-L.jpg,/works/OL5616272W,True,False,,principles of management
BOOK00324,Operations Management,['William J. Stevenson'],"The Eleventh Edition of Stevenson's Operations Management features integrated, up-to-date coverage of current topics and industry trends, while preserving the core concepts that have made the text the market leader in this course for over a decade. Stevenson's careful explanations and approachable format support students in understanding the important operations management concepts as well as applying tools and methods with an emphasis on problem solving. Through detailed examples and solved problems, short cases and readings on current issues facing businesses, and auto-gradable end of chapter problems and application-oriented assignments available in Connect Operations Management, students learn by doing, and the Eleventh Edition continues to offer more support for 'doing Operations' than any other.","['Production management', 'BUSINESS & ECONOMICS / Operations Research', 'Business & economics / operations research']",2004.0,5.0,1.0,12.0,78.0,5.0,1.0,https://covers.openlibrary.org/b/id/1853099-L.jpg,/works/OL1906115W,True,False,,operations management
BOOK00325,Marketing management,"['Philip Kotler', 'Mairead Brady', 'Malcolm Goodman', 'Torben Hansen', 'Kevin Lane Keller']",,"['Marketing', 'Management', 'Marketing, management', 'Gestion', 'Literary collections']",2008.0,5.0,2.0,7.0,63.0,3.0,4.0,https://covers.openlibrary.org/b/id/6458398-L.jpg,/works/OL16962242W,True,False,,marketing management
BOOK00326,Intermediate financial management,['Eugene F. Brigham'],,"['Business enterprises', 'Corporations', 'Finance', 'Financieel management', 'Corporations, finance', 'Business enterprises, finance', 'Gestion financière', 'Study and teaching', 'Handbooks, manuals']",1985.0,5.0,1.0,28.0,41.0,7.0,3.0,https://covers.openlibrary.org/b/id/4936955-L.jpg,/works/OL2024236W,True,False,,intermediate financial management
BOOK00327,Sales management,"['Douglas J. Dalrymple', 'William Cron', 'William L. Cron', 'Thomas E. DeCarlo']",,"['Case studies', 'Sales management', 'Verkooporganisatie', 'Cas, Études de', 'Gestion', 'Ventes', 'Business &amp; economics', 'Management']",1982.0,5.0,1.0,19.0,48.0,4.0,4.0,https://covers.openlibrary.org/b/id/1246148-L.jpg,/works/OL2701563W,True,False,,sales management
BOOK00328,Strategic Management,['Charles W. L. Hill'],,"['Case studies', 'Management', 'Business planning', 'Strategic planning', 'Strategisch management', 'Management -- United States -- Case studies.', 'Strategisches Management']",1989.0,5.0,2.0,21.0,50.0,8.0,3.0,https://covers.openlibrary.org/b/id/392886-L.jpg,/works/OL1873586W,True,False,,strategic management
BOOK00329,Production & inventory management,"['Donald W. Fogarty', 'Thomas R. Hoffmann']",,"['collectionID:Inv', 'Inventory control', 'Production planning', 'Production', 'Fertigung', 'Management', 'Gestion des stocks', 'Planification', 'Management - General', 'Business & Economics', 'Business / Economics / Finance', 'Productiemanagement', 'Voorraadbeheer', 'Administracao Da Producao', 'Production management']",1983.0,4.6666665,3.0,6.0,71.0,4.0,5.0,https://covers.openlibrary.org/b/id/5349162-L.jpg,/works/OL4467653W,True,False,,production & inventory management
BOOK00330,Project management,['Harold Kerzner'],,"['Case studies', 'Project management', 'Gestion de projet', 'Études de cas', 'TECHNOLOGY & ENGINEERING', 'Industrial Engineering', 'BUSINESS & ECONOMICS', 'Industrial Management', 'Management', 'Management Science', 'Organizational Behavior', 'Industrial engineering', 'Trades & technology -> industrial engineering -> industrial engineering', 'Ie10', 'Ba31', 'Ee92']",2003.0,,,25.0,61.0,6.0,2.0,https://covers.openlibrary.org/b/id/11699597-L.jpg,/works/OL19964945W,True,False,,project management
BOOK00331,Unraveling the mystery of health,['Aaron Antonovsky'],,"['Health behavior', 'Psychology', 'Stress (Psychology)', 'Adjustment (Psychology)', 'Psychological Stress', 'Sick', 'Stress management', 'Attitude', 'Medicine and psychology']",1987.0,3.75,4.0,1.0,131.0,9.0,4.0,https://covers.openlibrary.org/b/id/10273295-L.jpg,/works/OL5274538W,True,False,,unraveling the mystery of health
BOOK00332,Mary Kay on people management,['Mary Kay Ash'],,"['Cosmetics industry', 'Mary Kay Cosmetics', 'Personnel management']",1984.0,,,6.0,6.0,0.0,0.0,https://covers.openlibrary.org/b/id/6632431-L.jpg,/works/OL2906189W,True,False,,mary kay on people management
BOOK00333,The 7 Habits of Highly Effective People,['Stephen R. Covey'],"*New York Times bestseller—over 40 million copies sold* *The #1 Most Influential Business Book of the Twentieth Century* One of the most inspiring and impactful books ever written, The 7 Habits of Highly Effective People has captivated readers for nearly three decades. It has transformed the lives of presidents and CEOs, educators and parents—millions of people of all ages and occupations. Now, this 30th anniversary edition of the timeless classic commemorates the wisdom of the 7 Habits with modern additions from Sean Covey. The 7 Habits have become famous and are integrated into everyday thinking by millions and millions of people. Why? Because they work! With Sean Covey’s added takeaways on how the habits can be used in our modern age, the wisdom of the 7 Habits will be refreshed for a new generation of leaders.","['Success- Psychological aspects', 'Character', 'Success', 'Psychological aspects', 'Aspectos psicológicos', 'Carácter', 'Exito', 'Psychological aspects of Success', 'Self-actualization', 'Self-management', 'Éxito', 'Achievement', 'Reading Level-Grade 11', 'Reading Level-Grade 12', 'Miniature books', 'Specimens', 'Success, psychological aspects', 'Motivational', 'Cheng gong fa', 'Self-actualization (Psychology)', 'Psychologie du travail', 'Ethique', 'Déontologie professionnelle', 'Développement personnel', 'Successful people', 'Logro', 'Exito en los negocios', 'Autoadministración (Psicología)', 'Leadership', 'Personality', 'Self-evaluation', 'Efficiency', 'Comportement social', 'Aspects psychologiques', 'Compétences', 'Attitudes', 'Ontwikkelingspsychologie', 'Management', 'Leidinggeven', 'Zelfontwikkeling', 'Effectiviteit', 'Psychology', 'Erfolg', 'Führungskraft', 'Karriereplanung', 'Lebensführung', 'Ratgeber', 'Selbsterziehung', 'Caractère', 'Succès', 'Guides, manuels', 'Success--psychological aspects', 'Bf637.s8 c68 1989', 'Bf 637.s8 c873 1989', '158', 'Family', 'Child rearing', 'Conduct of life', 'Business']",1989.0,4.028777,278.0,78.0,6754.0,643.0,328.0,https://covers.openlibrary.org/b/id/10079937-L.jpg,/works/OL2629977W,True,False,,the 7 habits of highly effective people
BOOK00334,Armstrong's Handbook of Human Resource Management Practice,"['Michael Armstrong', 'Taylor, Stephen']",,['Personnel management'],2017.0,,,4.0,19.0,0.0,0.0,https://covers.openlibrary.org/b/id/13932803-L.jpg,/works/OL25203336W,True,False,,armstrong's handbook of human resource management practice
BOOK00335,"People, Management and Organizations",['Anna Sutton'],,"['Personnel management', 'Organizational behavior']",2018.0,5.0,1.0,1.0,4.0,0.0,1.0,https://covers.openlibrary.org/b/id/9233595-L.jpg,/works/OL20592553W,True,False,,"people, management and organizations"
BOOK00336,Human resource management at work,"['Mick Marchington', 'Mick Marchington', 'Adrian Wilkinson']","Written by the CIPD's chief examiner, this textbook is closely aligned to the CIPD standards and useful to anyone seeking a critical look at human resource management (HRM) theory and practice. It combines the latest academic research with practical approaches to managing HRM in the workplace.","['Law and legislation', 'Personnel management', 'Personnel & human resources management', 'Direction', 'Droit', 'Ressources humaines', 'Personnel', 'Gestion du personnel', 'Commerce']",2005.0,,,9.0,9.0,0.0,0.0,https://covers.openlibrary.org/b/id/2027583-L.jpg,/works/OL11274839W,True,False,,human resource management at work
BOOK00337,Supervisory management,"['Donald C. Mosley', 'Jr., Donald C. Mosley', 'Paul H. Pietri', 'Leon C. Megginson', 'Paul H., Jr. Pietri']","xxii, 565 pages : 26 cm","['Supervision of employees', 'Personnel management', 'Management', 'Supervision', 'Business & Economics', 'Business / Economics / Finance', 'Textbooks', 'Business/Economics', 'Human Resources & Personnel Management', 'Management - General', 'Business & Economics / Human Resources & Personnel Management', 'Personnel & human resources management', 'Industrial management']",1985.0,,,17.0,51.0,1.0,1.0,https://covers.openlibrary.org/b/id/4993867-L.jpg,/works/OL3278791W,True,False,,supervisory management
BOOK00338,People Management and Performance,['John Purcell'],,"['Corporate culture', 'Social networks', 'Performance', 'Employees', 'Employee motivation', 'Personnel management', 'Organizational effectiveness', 'Arbeitsmotivation', 'Humanvermögen', 'Personalentwicklung', 'Personaladministration', 'Kompetens', 'Arbetstagare', 'Organizational performance', 'Personnel Management', 'Task Performance and Analysis', 'Organizational Culture', 'Personnel', 'Direction', 'Rendement au travail', 'Motivation', ""Culture d'entreprise"", 'BUSINESS & ECONOMICS', 'Workplace Culture', 'Human Resources & Personnel Management']",2007.0,,,5.0,,,,https://covers.openlibrary.org/b/id/11789102-L.jpg,/works/OL8510585W,True,False,,people management and performance
BOOK00339,Armstrong's Handbook of Strategic Human Resource Management,['Michael Armstrong'],,"['Personnel management', 'Commerce']",2015.0,,,4.0,6.0,0.0,0.0,https://covers.openlibrary.org/b/id/9137982-L.jpg,/works/OL20473221W,True,False,,armstrong's handbook of strategic human resource management
BOOK00340,Corporate Reputations Branding and People Management,['Susan Hetrick'],,[],2006.0,,,6.0,,,,,/works/OL25222591W,True,False,,corporate reputations branding and people management
BOOK00341,Hotel Management,"['Charalampos Giousmpasoglou', 'Evangelia Marinakou']",,[],2024.0,,,1.0,3.0,0.0,0.0,https://covers.openlibrary.org/b/id/14751071-L.jpg,/works/OL37590164W,True,False,,hotel management
BOOK00342,People Managing Forests,"['Carol J. P. Colfer', 'Yvonne Byron']",,['Forest policy'],2010.0,,,7.0,,,,,/works/OL25202283W,True,False,,people managing forests
BOOK00343,Strategic People Management and Development,"['Gary Rees', 'Raymond French']",,[],2022.0,0.0,0.0,3.0,1.0,0.0,0.0,,/works/OL27936407W,True,False,,strategic people management and development
BOOK00344,Short Guide to People Management,['Antonios Panagiotakopoulos'],,"['Personnel management', 'Communication in organizations', 'Organizational change', 'BUSINESS & ECONOMICS', 'Industrial Management', 'Management', 'Management Science', 'Organizational Behavior']",2016.0,,,6.0,,,,,/works/OL21279220W,True,False,,short guide to people management
BOOK00345,People management,"['David Rees', 'Richard McBain']",,['Personnel management'],2003.0,,,3.0,,,,https://covers.openlibrary.org/b/id/2392407-L.jpg,/works/OL19294801W,True,False,,people management
BOOK00346,People management and development,"['David Farnham', 'Paul Smith CIPD']",,"['Examinations', 'Personnel management', 'Study guides', 'Personnel management, examinations, questions, etc.', 'Employees, training of']",2003.0,,,2.0,1.0,0.0,0.0,https://covers.openlibrary.org/b/id/5330098-L.jpg,/works/OL3071557W,True,False,,people management and development
BOOK00347,VOL.2.NO.13.27th JUNE 1998,['PEOPLE MANAGEMENT.'],,[],,,,1.0,,,,,/works/OL12180403W,True,False,,vol.2.no.13.27th june 1998
BOOK00348,People Management and Performance,"['John Purcell', 'Nicholas Kinnie', 'Juani Swart', 'Bruce Rayton', 'Susan Hutchinson']",,"['Personnel management', 'Performance', 'Organizational effectiveness']",2008.0,,,4.0,,,,,/works/OL28011786W,True,False,,people management and performance
BOOK00349,The changing face of people management in India,['Pawan S. Budhwar'],,"['Corporate culture', 'Management', 'Personnel management', 'Human capital', 'Corporations, india']",2008.0,,,5.0,,,,https://covers.openlibrary.org/b/id/8531092-L.jpg,/works/OL19591590W,True,False,,the changing face of people management in india
BOOK00350,Organizational Behavior,"['Ricky W. Griffin', 'Jean M. Phillips', 'Stanley M. Gully']",,"['Organizational behavior', 'Personnel management', 'Industrial management']",2012.0,,,6.0,20.0,1.0,1.0,https://covers.openlibrary.org/b/id/10327454-L.jpg,/works/OL21103191W,True,False,,organizational behavior
BOOK00351,The People of the Abyss,['Jack London'],"Book of Jack London about life in the East End of London in 1902. He wrote the experiences of living in the East End for months, staying in workhouses or sleeping on the streets. The conditions he experienced and wrote would be the same as would have supported an estimated 500,000 poor in London at the time.","['Poor', 'history of London', 'British history', 'Pauvres', 'Poor, england, london', 'Social life and customs', 'Agriculture', 'History', 'Social conditions', 'London (england), social conditions', 'Slums', 'American fiction (fictional works by one author)']",1900.0,4.0,5.0,72.0,37.0,5.0,9.0,https://covers.openlibrary.org/b/id/9383200-L.jpg,/works/OL144815W,True,False,,the people of the abyss
BOOK00352,Olson People Management Skills Set,['OLSON *PEOPLE*'],,[],1986.0,,,1.0,1.0,0.0,0.0,,/works/OL9386810W,True,False,,olson people management skills set
BOOK00353,Professional HR,['Paul Kearns'],,"['Personnel management', 'Personnel', 'Direction']",2013.0,,,5.0,,,,,/works/OL19968825W,True,False,,professional hr
BOOK00354,Armstrong's Handbook of Human Resource Management Practice,"['Michael Armstrong', 'Taylor, Stephen']",,[],2014.0,,,3.0,5.0,0.0,0.0,,/works/OL34028320W,True,False,,armstrong's handbook of human resource management practice
BOOK00355,How to Be a Super-Effective Manager,['Clive T. Goodworth'],,['Management'],1984.0,,,3.0,1.0,1.0,0.0,https://covers.openlibrary.org/b/id/10593774-L.jpg,/works/OL4167373W,True,False,,how to be a super-effective manager
BOOK00356,Other People Manage,['Ellen Hawley'],,['American literature'],2022.0,,,1.0,1.0,0.0,0.0,https://covers.openlibrary.org/b/id/14775296-L.jpg,/works/OL28350609W,True,False,,other people manage
BOOK00357,Team play,['Shirley McKinnon'],,"['Administration and management', 'Business and economics', 'Labour and industrial relations', 'Psychology', 'Teams in the workplace', 'Organizational behavior']",1998.0,,,2.0,1.0,0.0,0.0,https://covers.openlibrary.org/b/id/12287759-L.jpg,/works/OL12928780W,True,False,,team play
BOOK00358,People Management,['Rus Slater'],,['Personnel management'],2010.0,,,2.0,,,,https://covers.openlibrary.org/b/id/9113400-L.jpg,/works/OL20447285W,True,False,,people management
BOOK00359,The people manager's pocketbook,['Ian Fleming'],,"['Personnel management', 'Gestion du personnel']",1993.0,,,1.0,1.0,0.0,0.0,https://covers.openlibrary.org/b/id/11931441-L.jpg,/works/OL11446124W,True,False,,the people manager's pocketbook
BOOK00360,Business Models and People Management in the Indian IT Industry,"['Ashish Malik', 'Chris Rowley']",,"['Information technology, management', 'Project management, software', 'India, economic conditions', 'Information technology', 'Management', 'High technology industries', ""Technologie de l'information"", 'Gestion', 'Industries de pointe', 'COMPUTERS', 'Computer Literacy', 'Computer Science', 'Data Processing', 'Hardware', 'General', 'Information Technology', 'Machine Theory', 'Reference']",2015.0,,,6.0,,,,,/works/OL21263541W,True,False,,business models and people management in the indian it industry
BOOK00361,Armstrong's Handbook of Strategic Human Resource Management,['Michael Armstrong'],,['Personnel management'],2011.0,,,5.0,2.0,0.0,0.0,,/works/OL37556783W,True,False,,armstrong's handbook of strategic human resource management
BOOK00362,Successful People Management,"['David W. Griffiths', 'JAMES RICHARDSON']",,['Personnel management'],2017.0,,,2.0,,,,https://covers.openlibrary.org/b/id/14575311-L.jpg,/works/OL25703356W,True,False,,successful people management
BOOK00363,Mastering people management,"['Thomas, Mark']",,"['Teams in the workplace', 'Supervision of employees', 'Leadership', 'Employee motivation', 'Employee empowerment']",1997.0,,,1.0,1.0,0.0,0.0,https://covers.openlibrary.org/b/id/12286172-L.jpg,/works/OL2171777W,True,False,,mastering people management
BOOK00364,People management for small business,['William Laird Siegel'],,"['Personnel management', 'Small business', 'Small business, management']",1978.0,,,1.0,1.0,0.0,0.0,https://covers.openlibrary.org/b/id/8445577-L.jpg,/works/OL5911772W,True,False,,people management for small business
BOOK00365,Perspectives in People Management,['Satish Bendigiri'],,[],2019.0,,,1.0,1.0,0.0,0.0,,/works/OL29508738W,True,False,,perspectives in people management
BOOK00366,People Management (Management Papers: 4),['Great Britain. Audit Commission for Local Authorities in England and Wales.'],,[],1989.0,,,2.0,,,,,/works/OL7932670W,True,False,,people management (management papers: 4)
BOOK00367,CMO of People,"['David Creelman', 'Peter Navin']",,"['Employee motivation', 'Personnel management']",2018.0,,,6.0,,,,,/works/OL21625234W,True,False,,cmo of people
BOOK00368,Mastering People Management,['PAGE'],,[],2024.0,,,1.0,,,,,/works/OL38123881W,True,False,,mastering people management
BOOK00369,Successful People Management in a Week,['Norma Barry'],,['Management'],2013.0,,,3.0,,,,,/works/OL27788517W,True,False,,successful people management in a week
BOOK00370,People Manager's Tool Kit,['Karen Gately'],,"['Creative ability in business', 'Employee motivation', 'Leadership', 'Management', 'Success in business']",2013.0,,,3.0,,,,,/works/OL21508054W,True,False,,people manager's tool kit
BOOK00371,International human resource management,"['Peter Dowling', 'Peter J. Dowling', 'Denice E. Welch', 'Randall S. Schuler']",,"['International business enterprises', 'Personnel management', 'Internationale ondernemingen', 'Direction', 'Personeelsmanagement', 'Personnel', 'Entreprises multinationales', 'Personalpolitik', 'Multinationales Unternehmen', 'Multinationals', 'Personnel & human resources management', 'International - General', 'International Business Administration', 'Personnel And Human Resources Management', 'Business & Economics', 'Business / Economics / Finance', 'Business/Economics', 'Human Resources & Personnel Management', 'International business enterpr']",1998.0,5.0,1.0,7.0,9.0,4.0,0.0,https://covers.openlibrary.org/b/id/1178600-L.jpg,/works/OL1921779W,True,False,,international human resource management
BOOK00372,Sustainable People Management,['Morgan Orioha'],,[],2021.0,,,1.0,,,,,/works/OL36822686W,True,False,,sustainable people management
BOOK00373,Effective People Management,['Richard Blackmon'],,[],2013.0,,,1.0,,,,,/works/OL39713124W,True,False,,effective people management
BOOK00374,Management,['Peter F. Drucker'],"Management: Tasks, Responsibilities, PracticesManagement is an organized body of knowledge. ""This book,"" in Peter Drucker's words, ""tries to equip the manager with the understanding, the thinking, the knowledge and the skills for today's and also tomorrow's jobs."" This management classic has been developed and tested during more than thirty years of teaching management in universities, in executive programs and seminars and through the author's close work with managers as a consultant for large and small businesses, government agencies, hospitals and schools. Drucker discusses the tools and techniques of successful management practice that have been proven effective, and he makes them meaningful and easily accessible.","['Business', 'Nonfiction', 'Management', 'Gestion', 'Hd31 .d773 2008', '658']",1973.0,3.0,1.0,14.0,40.0,3.0,3.0,https://covers.openlibrary.org/b/id/684170-L.jpg,/works/OL274335W,True,False,,management
BOOK00375,People Management,"['Diana Dias', 'Carla Magalhães']",,['Commerce'],2023.0,,,1.0,,,,,/works/OL35719331W,True,False,,people management
BOOK00376,Effective people management,['Patricia Wellington'],,['Personnel management'],2011.0,,,1.0,,,,,/works/OL16132710W,True,False,,effective people management
BOOK00377,People Management,['Gerardus Blokdyk'],,[],2018.0,,,1.0,,,,,/works/OL41318514W,True,False,,people management
BOOK00378,Developing Excellent People Managers,"['Gerrit, Ph.D. Knodt']",,[],2003.0,,,2.0,,,,https://covers.openlibrary.org/b/id/2737111-L.jpg,/works/OL9681386W,True,False,,developing excellent people managers
BOOK00379,Benchmarking for People Managers,['John Bramham'],,[],2000.0,,,2.0,,,,https://covers.openlibrary.org/b/id/14672164-L.jpg,/works/OL6466418W,True,False,,benchmarking for people managers
BOOK00380,People managing forests,['Carol J. Pierce Colfer'],,"['Forest management', 'Forestry and community', 'Sustainable forestry', 'Forest policy', 'Forêts', 'Gestion', 'Aspect social', 'Villes forestières', 'Foresterie durable', 'NATURE', 'Natural Resources', 'BUSINESS & ECONOMICS', 'Environmental Economics', 'Green Business', 'Social aspects', 'Forstwirtschaft', 'Administração florestal', 'Administração florestal (aspectos sociais)', 'Áreas de conservação', 'Silvicultura sustentável']",2001.0,,,3.0,,,,https://covers.openlibrary.org/b/id/10370380-L.jpg,/works/OL18489926W,True,False,,people managing forests
BOOK00381,Strategic management,"['Michael A. Hitt', 'Robert E. Hoskisson', 'R. Duane Ireland, Robert E. Hoskisson Michael A.  Hitt', 'Duane Ireland', 'R. Duane Ireland']",,"['Case studies', 'Industrial management', 'Strategic planning', 'Administración industrial', 'Strategisch management', 'Planificación estratégica', 'Business strategy', 'Management decision making', 'Corporate Planning', 'Business & Economics', 'Business / Economics / Finance', 'Business/Economics', 'Forecasting', 'Industrial management, case studies']",1995.0,1.0,1.0,24.0,48.0,4.0,2.0,https://covers.openlibrary.org/b/id/4312445-L.jpg,/works/OL1886462W,True,False,,strategic management
BOOK00382,Strategic management,['Frank T. Rothaermel'],,"['Management', 'Strategic planning', 'Strategic Planning']",2012.0,1.0,1.0,9.0,30.0,3.0,1.0,https://covers.openlibrary.org/b/id/12653650-L.jpg,/works/OL16152798W,True,False,,strategic management
BOOK00383,Strategic management,['R. Edward Freeman'],,"['Business planning', 'Unternehmensplanung', 'Management', 'Entreprises', 'Strategische Planung', 'Planification', 'Planification stratégique', 'Strategisches Management', 'Hd30.28 .f73 1984']",1984.0,5.0,3.0,1.0,95.0,5.0,6.0,https://covers.openlibrary.org/b/id/7142898-L.jpg,/works/OL4980191W,True,False,,strategic management
BOOK00384,Strategic management,['Fred R. David'],,"['Strategic planning', 'Case studies', 'Business planning', 'Industrial management']",1994.0,5.0,1.0,32.0,26.0,2.0,0.0,https://covers.openlibrary.org/b/id/10155829-L.jpg,/works/OL18795115W,True,False,,strategic management
BOOK00385,Strategic Management,['Fred David'],,"['Strategic planning', 'Case studies', 'Industrial management', 'Business planning']",2001.0,4.0,1.0,30.0,18.0,1.0,1.0,https://covers.openlibrary.org/b/id/87789-L.jpg,/works/OL7951839W,True,False,,strategic management
BOOK00386,Implanting strategic management,"['H. Igor Ansoff', 'Edward McDonnell']",,"['Management', 'Strategic planning', 'Unternehmensplanung', 'Strategische Planung', 'Strategisch management', 'Business planning', 'Hd30.28 .a534 1990', '658.4/012']",1984.0,5.0,1.0,6.0,13.0,2.0,1.0,https://covers.openlibrary.org/b/id/8018422-L.jpg,/works/OL4799792W,True,False,,implanting strategic management
BOOK00387,Strategic management and competitive advantage,"['Jay B. Barney', 'Jay Barney', 'William S Hesterly']",,"['Case studies', 'Industrial management', 'Business planning', 'Strategic planning', 'Competition', 'Wettbewerbsvorteil', 'Strategisk planering', 'Strategisches Management', 'Business strategy', 'Corporate Planning', 'Industrial Economics (General)', 'Business & Economics', 'Business / Economics / Finance', 'Business/Economics', 'Business & Economics / Systems & Planning', 'Industries - General', 'Strategisch management']",2007.0,,,29.0,24.0,0.0,0.0,https://covers.openlibrary.org/b/id/8313536-L.jpg,/works/OL3243279W,True,False,,strategic management and competitive advantage
BOOK00388,Strategic Management,"['Jeffrey H. Dyer', 'Paul Godfrey', 'Robert Jensen', 'David Bryce']",,"['Strategic planning', 'Economics']",2013.0,,,62.0,15.0,1.0,0.0,https://covers.openlibrary.org/b/id/12554586-L.jpg,/works/OL20761206W,True,False,,strategic management
BOOK00389,Strategic management,"['Samuel C. Certo', 'J.Paul Peter']",,"['Business planning', 'Case studies', 'Strategic planning', 'Business strategy', 'Business & Management']",1988.0,,,9.0,13.0,0.0,0.0,https://covers.openlibrary.org/b/id/4004709-L.jpg,/works/OL64472W,True,False,,strategic management
BOOK00390,Strategic Management Theory,['Gareth R. Jones'],,"['Case studies', 'Management', 'Corporate planning', 'Strategic planning']",1992.0,,,13.0,13.0,1.0,0.0,https://covers.openlibrary.org/b/id/4980059-L.jpg,/works/OL15058505W,True,False,,strategic management theory
BOOK00391,Concepts of strategic management,['Fred R. David'],,"['Entreprises', 'Strategic planning', 'Planification', 'Case studies', 'Planification stratégique', 'Gestion', 'Strategisches Management', 'Strategisch management', 'Management', ""Gestion d'entreprise""]",1987.0,,,7.0,8.0,0.0,1.0,https://covers.openlibrary.org/b/id/3860100-L.jpg,/works/OL1987798W,True,False,,concepts of strategic management
BOOK00392,Strategic management of technological innovation,['Melissa A. Schilling'],,"['Technological innovations', 'Management', 'New products', 'Strategic planning']",2007.0,0.0,0.0,6.0,14.0,2.0,0.0,https://covers.openlibrary.org/b/id/11702784-L.jpg,/works/OL18682718W,True,False,,strategic management of technological innovation
BOOK00393,Strategic management,"['Pearce, John A.', 'John A. Pearce', 'Richard B. Robinson']",,"['Planificación estratégica', 'Administração estratégica (gerenciamento)', 'Strategic planning', 'Management - General', 'Business & Economics', 'Business / Economics / Finance', 'Strategic Planning', 'Business/Economics', 'Strategisches Management']",2005.0,5.0,1.0,2.0,24.0,4.0,0.0,https://covers.openlibrary.org/b/id/6566195-L.jpg,/works/OL15153155W,True,False,,strategic management
BOOK00394,Strategic Management,"['Garth Saloner', 'Andrea Shepard', 'Joel Podolny']",,"['Strategic planning', 'Management science']",2000.0,,,8.0,7.0,0.0,0.0,https://covers.openlibrary.org/b/id/303982-L.jpg,/works/OL8229244W,True,False,,strategic management
BOOK00395,Strategic management,['Garth Saloner'],"""This new book presents practical frameworks and concepts to help managers think strategically. The book draws on current economics and organization theory to create a package of conceptual tools for managers who are responsible for setting their company's direction."". ""These tools help them understand how their company's performance is affected by its competitive environment, its position in its value chain, its capabilities, its organization design, and its ability to change. The concepts presented in this book build a foundation for creating business strategies to guide decision-making within the firm toward its longterm goals.""--BOOK JACKET.","['Strategic planning', 'Administração estratégica', 'Planejamento estratégico', 'STRATEGY', 'MANAGEMENT PLANNING', 'MANAGEMENT METHODS']",2001.0,,,1.0,20.0,0.0,0.0,https://covers.openlibrary.org/b/id/6934692-L.jpg,/works/OL16069259W,True,False,,strategic management
BOOK00396,International business,"['Alan M. Rugman', 'Richard M. Hodgetts']","""This second edition of an already well-established international business text maintains its unique strategic focus and the use of the triad (US/Europe/Far East) as a framework within which international business is explored. There is an emphasis on economic and multinational approaches throughout. The major strength of this book lies in the use of relevant case material, much of which has how been revised or replaced to include more European examples. Each chapter has common pedagogy, which includes objectives, active learning cases, international business strategy in action, key points, key terms, review and discussion questions, and real cases.""--BOOK JACKET.","['International business enterprises', 'Management', 'Strategic planning', 'Internationale ondernemingen', 'Strategisch management', 'Economics']",1985.0,3.0,1.0,19.0,19.0,1.0,2.0,https://covers.openlibrary.org/b/id/1156276-L.jpg,/works/OL90612W,True,False,,international business
BOOK00397,Creating public value,['Mark Harrison Moore'],"A seminal figure in the field of public management, Mark Moore presents his summation of fifteen years of research, observation, and teaching about what public sector executives should do to improve the performance of public enterprises. Useful for both practicing public executives and those who teach them, this book explicates some of the richest of several hundred cases used at Harvard's Kennedy School and illuminates their broader lessons for government managers. Moore addresses four questions that have long bedeviled public administration: What should citizens and their representatives expect and demand from public executives? What sources can public managers consult to learn what is valuable for them to produce? How should public managers cope with inconsistent and fickle political mandates? How can public managers find room to innovate?","['Civil service ethics', 'Public administration', 'Government executives', 'Strategic planning', 'Civil service', 'Ethics', 'MORAL ASPECTS', 'Ejecutivos del estado', 'Overheidsmanagement', 'Ambtenaren', 'Strategisch management', 'Öffentliches unternehmen', 'Management', 'Governmentfinance', 'United states', 'Jf1525.e8 m66 1995', '353.007/2', '352.34', '88.20', '85.10', 'Unog 350 m823']",1995.0,5.0,1.0,3.0,21.0,2.0,2.0,https://covers.openlibrary.org/b/id/3792411-L.jpg,/works/OL2740772W,True,False,,creating public value
BOOK00398,Strategic Management,['Tienie Ehlers'],4th edition strategic management southern African concepts and cases by T Ehlers gives detailed description abt strategic mgt,"['Strategic', 'environmental management', 'Threats']",2004.0,,,2.0,18.0,0.0,0.0,https://covers.openlibrary.org/b/id/4640924-L.jpg,/works/OL8222822W,True,False,,strategic management
BOOK00399,Global Strategic Management,['Philippe Lasserre'],"""The text provides a comprehensive overview of the subject area using chapter introductions, summaries, key points, key terms, suggested reading and mini-examples to illustrate and guide the student through the text.""--Jacket.","['Economic aspects', 'Economic aspects of Globalization', 'Globalization', 'International business enterprises', 'Management', 'Strategic planning', 'Entreprises multinationales', 'Gestion', 'Planification stratégique', 'Mondialisation', 'Globalisierung', 'Internationales Management', 'Multinationales Unternehmen', 'Strategisches Management']",2002.0,,,8.0,7.0,0.0,0.0,https://covers.openlibrary.org/b/id/1180773-L.jpg,/works/OL2945036W,True,False,,global strategic management
BOOK00400,Strategic Management : Theory & Cases,"['Charles W. L. Hill', 'Gareth R. Jones', 'Melissa A. Schilling']",,"['Strategic planning', 'Management', 'Case studies', 'Business planning']",2013.0,,,6.0,13.0,1.0,0.0,https://covers.openlibrary.org/b/id/8992475-L.jpg,/works/OL20329916W,True,False,,strategic management : theory & cases
BOOK00401,Strategic Management,['John Parnell'],,['Business'],2020.0,,,10.0,7.0,0.0,0.0,,/works/OL20762244W,True,False,,strategic management
BOOK00402,Strategic management of health care organizations,"['Peter M. Ginter', 'Linda E. Swayne', 'W. Jack Duncan']",,"['Health facilities', 'Administration', 'Strategic planning', 'Health services administration', 'Health Planning', 'Organization & administration', 'Organizational Innovation', 'Mission statements', 'Health facilities--administration', 'Health planning--organization & administration', 'Ra971 .d78 2013', '2013 d-645', 'W 84.1', '362.1068', 'Family & general practice', 'Internal medicine', 'Urology', 'Med029000', 'Cs.hlth.genrl_hlth', 'Cs.med.genmed', 'Allied health & medical -> medical -> urology']",2002.0,5.0,1.0,13.0,5.0,0.0,1.0,https://covers.openlibrary.org/b/id/396941-L.jpg,/works/OL18405950W,True,False,,strategic management of health care organizations
BOOK00403,Strategic management and business analysis,"['Cooke, Peter', 'David Williamson', 'Wyn Jenkins', 'Keith Michael Moreton']",,"['Business planning', 'Business enterprises', 'Case studies', 'Evaluation', 'Strategic planning', 'Management']",2003.0,5.0,1.0,7.0,8.0,0.0,0.0,https://covers.openlibrary.org/b/id/493458-L.jpg,/works/OL18330208W,True,False,,strategic management and business analysis
BOOK00404,Strategic management,"['Miller, Alex']",,"['Case studies', 'Strategic planning']",1996.0,,,3.0,7.0,3.0,0.0,https://covers.openlibrary.org/b/id/54780-L.jpg,/works/OL2682770W,True,False,,strategic management
BOOK00405,Strategic management,['Allen C. Amason'],,"['Management', 'Strategic planning', 'Management science', 'BUSINESS & ECONOMICS', 'Strategic Planning']",2011.0,,,8.0,3.0,0.0,1.0,https://covers.openlibrary.org/b/id/12713229-L.jpg,/works/OL15457028W,True,False,,strategic management
BOOK00406,Strategic management,"['John L. Thompson', 'Frank Martin']",,"['Företagsledning', 'Industrial management', 'Strategisk planering', 'Strategisches Management', 'Strategisch management', 'Strategic planning']",2005.0,,,1.0,12.0,1.0,0.0,https://covers.openlibrary.org/b/id/2994681-L.jpg,/works/OL16961460W,True,False,,strategic management
BOOK00407,Sustainable strategic management,"['W. Edward Stead', 'Jean Garner Stead', 'Mark Starik']",,"['Management', 'Strategic planning', 'Sustainable development', 'Business strategy', 'Management & management techniques', 'Sustainability', 'Management - General', 'Business / Economics / Finance', 'Business & Economics', 'Business/Economics', 'Nachhaltigkeit', 'Umweltbezogenes Management', 'Bedrijfsinterne milieuzorg', 'Strategische planning', 'Social responsibility of business']",2003.0,,,8.0,4.0,0.0,0.0,https://covers.openlibrary.org/b/id/1444090-L.jpg,/works/OL2982899W,True,False,,sustainable strategic management
BOOK00408,Strategic management in action,['Mary K. Coulter'],"Strategic Management in Action presents current strategic management theories and practice in an engaging and easy-to-read format. Coulter effectively blends theory with plenty of opportunity to practice throughout the text, providing readers with the ideologies, ethical dilemmas, and unique strategies of today's real managers and organizations in action. For undergraduate and graduate courses in strategic management, this book clearly illustrates the most current strategic management practices today by presenting theories, ethical dilemmas and unique strategies of real managers and organizations in action. - Publisher.","['Strategic planning', 'Management']",1998.0,,,5.0,5.0,2.0,1.0,https://covers.openlibrary.org/b/id/1114659-L.jpg,/works/OL2719480W,True,False,,strategic management in action
BOOK00409,Strategize!,"['C. Gopinath', 'Julie I. Siciliano']",,"['Problems, exercises', 'Strategic planning', 'Business strategy', 'Business & Economics', 'Business / Economics / Finance', 'Textbooks', 'Business/Economics', 'Management - General', 'Business & Economics / Management', 'Problems, exercises, etc', 'Business planning']",2004.0,,,5.0,5.0,1.0,0.0,https://covers.openlibrary.org/b/id/194699-L.jpg,/works/OL6039557W,True,False,,strategize!
BOOK00410,Strategy safari,['Henry Mintzberg'],"Strategy making is considered the high point of managerial activity. But bombarded by fads and fixes, most managers have been groping blindly to get their arms around the proverbial elephant. Now Henry Mintzberg has teamed up with Bruce Ahlstrand and Joseph Lampel to create a powerful antidote: a comprehensive and illuminating - as well as colorful - tour through the fields of strategic management. Mintzberg, Ahlstrand, and Lampel have shaped each of ten different approaches into a coherent school of strategy formation. In the process, the authors clarify the enormous amount of confusion that exists. The authors provide a thorough critique of the contributions and limitations of each school - from the design, planning, positioning, entrepreneurial, and cognitive schools to the learning, power, cultural, environmental, and configurational schools - culminating in how they might combine to reveal that elephant.","['Strategic planning', 'Business planning', 'Management', 'Strategisches Management', 'Strategisch management']",1998.0,,,6.0,15.0,1.0,0.0,https://covers.openlibrary.org/b/id/427277-L.jpg,/works/OL1837477W,True,False,,strategy safari
BOOK00411,Strategic management,"['Mason Andrew Carpenter', 'Mason A. Carpenter', 'William Gerard Sanders']",,"['Industrial management', 'Strategic planning']",2006.0,,,9.0,4.0,0.0,0.0,https://covers.openlibrary.org/b/id/1108354-L.jpg,/works/OL5843169W,True,False,,strategic management
BOOK00412,Strategic Management,['Frank Rothaermel'],,"['Strategic planning', 'Management']",2012.0,,,3.0,7.0,1.0,0.0,https://covers.openlibrary.org/b/id/10415276-L.jpg,/works/OL22018998W,True,False,,strategic management
BOOK00413,Understanding Strategic Management,['Anthony Henry'],,"['Strategic planning', 'Management']",2008.0,,,2.0,8.0,0.0,1.0,https://covers.openlibrary.org/b/id/2334282-L.jpg,/works/OL9332478W,True,False,,understanding strategic management
BOOK00414,Sustainable Strategic Management,"['W. Edward Stead', 'Jean Garner Stead', 'Mark Starik']",,['Management'],2003.0,,,9.0,1.0,1.0,0.0,https://covers.openlibrary.org/b/id/525598-L.jpg,/works/OL25093552W,True,False,,sustainable strategic management
BOOK00415,Strategic management,['Fred R. David'],,"['Case studies', 'Strategic planning']",2011.0,,,1.0,7.0,2.0,0.0,https://covers.openlibrary.org/b/id/9719082-L.jpg,/works/OL15640360W,True,False,,strategic management
BOOK00416,The Strategic Manager,['Harry Sminia'],,"['Strategic planning', 'BUSINESS & ECONOMICS / General', 'BUSINESS & ECONOMICS / Strategic Planning', 'Planification stratégique', 'BUSINESS & ECONOMICS', 'General', 'Strategic Planning']",2014.0,,,16.0,1.0,0.0,0.0,https://covers.openlibrary.org/b/id/8873999-L.jpg,/works/OL20221492W,True,False,,the strategic manager
BOOK00417,Strategic management,['Fred R. David'],,"['Case studies', 'Strategisches Management', 'Strategisch management', 'Strategic planning']",2001.0,,,1.0,8.0,0.0,0.0,https://covers.openlibrary.org/b/id/8017426-L.jpg,/works/OL17737757W,True,False,,strategic management
BOOK00418,Strategic Management,['Lester A. Digman'],,"['Case studies', 'Strategic planning', 'Management']",1986.0,,,13.0,2.0,0.0,0.0,https://covers.openlibrary.org/b/id/4994414-L.jpg,/works/OL4799374W,True,False,,strategic management
BOOK00419,Strategic Management,['R. Edward Freeman'],,['Business planning'],2010.0,,,2.0,7.0,0.0,0.0,,/works/OL21025505W,True,False,,strategic management
BOOK00420,Strategic Management Accounting,['Zahirul Hoque'],,[],2003.0,5.0,1.0,3.0,7.0,0.0,1.0,https://covers.openlibrary.org/b/id/3046930-L.jpg,/works/OL8938308W,True,False,,strategic management accounting
BOOK00421,Essentials of strategic management,"['J. David Hunger', 'Thomas L. Wheelen']",,"['CASE method', 'Strategic planning', 'Case method', 'Strategische Unternehmensführung']",2003.0,,,7.0,4.0,0.0,0.0,https://covers.openlibrary.org/b/id/9847286-L.jpg,/works/OL16987860W,True,False,,essentials of strategic management
BOOK00422,Global strategic management,"['Kamel Mellahi', 'Jedrzej George Frynas', 'Paul Finlay']",,"['International business enterprises', 'Management', 'International economic relations', 'Case studies', 'Strategic planning']",2005.0,,,2.0,5.0,1.0,0.0,https://covers.openlibrary.org/b/id/1139671-L.jpg,/works/OL18567140W,True,False,,global strategic management
BOOK00423,Strategic management,['Richard L. Lynch'],,"['Business planning', 'Strategic planning']",2008.0,,,2.0,5.0,0.0,0.0,https://covers.openlibrary.org/b/id/12292192-L.jpg,/works/OL3598963W,True,False,,strategic management
BOOK00424,Change management,"['Jeffrey M. Hiatt', 'Timothy J. Creasey']",,"['Organizational change', 'Management']",2003.0,,,1.0,13.0,0.0,0.0,https://covers.openlibrary.org/b/id/955409-L.jpg,/works/OL23875189W,True,False,,change management
BOOK00425,Managing Change/Changing Managers,['Julian Randall'],,"['Industrial management', 'Organizational change']",2004.0,,,6.0,7.0,0.0,0.0,,/works/OL25143471W,True,False,,managing change/changing managers
BOOK00426,Change management,"['Robert Sullivan', 'Stephen Lytton']",,"['Organizational change', 'Case studies', 'Veranderingsprocessen', 'Organisatieverandering', 'Strategische planning', 'Bedrijfsprocessen', 'Sellotape Company', 'Sellotape Industrial']",2000.0,,,1.0,8.0,0.0,0.0,https://covers.openlibrary.org/b/id/2045878-L.jpg,/works/OL24816764W,True,False,,change management
BOOK00427,Change Management,['Thomas Lauer'],"Wandel in Unternehmen stellt in Zeiten zunehmender Marktdynamik eher die Regel, denn die Ausnahme dar. Ihn erfolgreich zu gestalten, ist aber erfahrungsgema © alles andere als einfach. Das vorliegende Buch dient als umfassender und zugleich praxisnaher Leitfaden des dazu erforderlichen Change Managements. Eine versta ndliche Einfu hrung zu den Grundlagen organisatorischen Wandels mu ndet in die praxisnahe Vermittlung der wichtigsten Erfolgsfaktoren. Aktuelle Fallbeispiele illustrieren die Aussagen und helfen, ein tieferes Versta ndnis zu erlangen. Tipps und Checklisten zum Abschluss jedes Kapitels bilden die Bru cke zur erfolgreichen Umsetzung in der Praxis.","['Change Management', 'Erfolgsfaktor']",2010.0,,,6.0,5.0,0.0,0.0,https://covers.openlibrary.org/b/id/10144143-L.jpg,/works/OL16927893W,True,False,,change management
BOOK00428,"Managing change, changing managers",['Julian Randall'],"The topic of change management presents students with many challenges. One of the most difficult is making sense of the plethora of guru and hero-manager literature.Managing Change/Changing Managers is an innovative textbook that encourages readers to rigorously question popular management theory, presenting a challenging review of existing literature in the change management field. The author brings together an overarching perspective on the most influential writings in the area, but unlike other textbooks, provides a much-needed criritque of the material and its implications for management practice.Arguing that the majority of management guru literature makes the art of managing change appear simple and foolproof when it is not, this text is refreshingly critical, guiding and enhancing the reader's own criticality. The book also draws the best practice out of the traditional theory, using cases to illuminate the practical side to change management.","['Business', 'Industrial management', 'Management', 'Nonfiction', 'Organizational change', 'Changement organisationnel', ""Gestion d'entreprise"", 'BUSINESS & ECONOMICS', 'Structural Adjustment']",2004.0,,,2.0,6.0,1.0,0.0,https://covers.openlibrary.org/b/id/1216161-L.jpg,/works/OL6031518W,True,False,,"managing change, changing managers"
BOOK00429,Change management in information services,['Lyndon Pugh'],,"['Administration', 'Information services', 'Libraries', 'Management', 'Organizational change', 'Technological innovations', 'Library administration', 'Information resources management', 'Bibliothèques', 'Changement organisationnel', ""Services d'information"", 'Innovations', 'Gestion', 'LANGUAGE ARTS & DISCIPLINES', 'Library & Information Science', 'General', 'Information services management', 'Information services management (Title)', 'Library science']",2000.0,,,13.0,2.0,0.0,0.0,https://covers.openlibrary.org/b/id/1285170-L.jpg,/works/OL6212087W,True,False,,change management in information services
BOOK00430,Making sense of change management,"['Esther Cameron', 'Mike Green']",,"['Teams in the workplace', 'Management', 'Organizational change', 'Reengineering (Management)', 'Information technology', 'Information technology, management', 'Business and Management']",2004.0,,,12.0,7.0,0.0,0.0,https://covers.openlibrary.org/b/id/491122-L.jpg,/works/OL16925746W,True,False,,making sense of change management
BOOK00431,Changing Change Management,['Darren McCabe'],,"['Economics', 'Organizational change', 'Public administration, case studies', 'Business enterprises, great britain', 'Organizational behavior', 'Personnel management', 'Management', 'Public administration', 'Case studies', 'Changement organisationnel', 'Administration publique (Science)', 'Études de cas', 'BUSINESS & ECONOMICS', 'Leadership', 'Organizational Behavior']",2020.0,,,6.0,3.0,0.0,0.0,https://covers.openlibrary.org/b/id/12409337-L.jpg,/works/OL20748091W,True,False,,changing change management
BOOK00432,Change Management,"['Klaus Doppler', 'Christoph Lauterburg']",,[],2014.0,,,2.0,6.0,0.0,0.0,https://covers.openlibrary.org/b/id/10129545-L.jpg,/works/OL20825706W,True,False,,change management
BOOK00433,Making sense of change management,['Esther Cameron'],"Written for students and professionals alike, Making Sense of Change Management is the classic text in the field of change management. It is aimed at anyone who wants to understand why change happens, how it happens and what needs to be done to make change a welcome rather than a dreaded concept. It offers considered insights into the many frameworks, models and ways of approaching change and helps the reader to apply the right approach to each unique situation.This fully updated, new edition includes new chapters on recent and emerging research in the area of change management and guidance on how to manage complex change.","['Management', 'Nonfiction', 'Teams in the workplace', 'Organizational change', 'Reengineering (Management)', 'Information technology', 'Reengineering (management)', 'Information technology, management']",2008.0,,,2.0,9.0,0.0,0.0,https://covers.openlibrary.org/b/id/9728846-L.jpg,/works/OL5824174W,True,False,,making sense of change management
BOOK00434,The Theory and Practice of Change Management,['John Hayes'],,"['Organizational change', 'Organizational effectiveness']",2014.0,,,6.0,4.0,0.0,0.0,https://covers.openlibrary.org/b/id/8763618-L.jpg,/works/OL20101876W,True,False,,the theory and practice of change management
BOOK00435,Effective Change Manager,['The Change Management Institute'],,[],2014.0,,,1.0,5.0,0.0,0.0,https://covers.openlibrary.org/b/id/13350126-L.jpg,/works/OL28001531W,True,False,,effective change manager
BOOK00436,Making sense of change management,['Esther Cameron'],"""The world we live in continues to change at an intense rate. In order to succeed over the next few years, organizations must adapt to tough market conditions by changing their strategies, their structures, their boundaries and of course their expectations of staff and managers. Ideal reading for anyone who is currently part of or leading a change initiative, Making Sense of Change Management, 4th edition, is the definitive text in the field of change management. Aimed at students and professionals alike, it provides comprehensive coverage of the models, tools and techniques of successful change management with a focus on individual, team and organizational change to help the reader apply each concept to unique situations. Now with a new chapter exploring the integration of change management with project management, it also contains a completely revised and updated chapter on culture change that takes into account emerging thinking and practice""--","['Teams in the workplace', 'Management', 'Organizational change', 'Reengineering (Management)', 'Information technology', 'BUSINESS & ECONOMICS / Management', 'BUSINESS & ECONOMICS / Human Resources & Personnel Management', 'BUSINESS & ECONOMICS / Organizational Behavior', 'BUSINESS & ECONOMICS / Leadership', 'PSYCHOLOGY / Industrial & Organizational Psychology']",2015.0,,,2.0,10.0,1.0,0.0,https://covers.openlibrary.org/b/id/9138139-L.jpg,/works/OL20004872W,True,False,,making sense of change management
BOOK00437,Managing change,"['Todd Jick', 'Maury Peiperl', 'Todd D. Jick']",,"['Case studies', 'Organizational change', 'Casestudies', 'Organisatieverandering', 'Leiderschap', 'Business & Management', 'Business & Economics', 'Business / Economics / Finance', 'Textbooks', 'Business/Economics', 'Human Resources & Personnel Management', 'Leadership', 'Organizational Behavior', 'Business & Economics / Organizational Behavior', 'Development - Business Development', 'Management - General']",1993.0,3.5,2.0,6.0,49.0,5.0,2.0,https://covers.openlibrary.org/b/id/1153520-L.jpg,/works/OL4296663W,True,False,,managing change
BOOK00438,Change Management,['Jeff Hiatt'],"""This book is a solid, research-based introduction to the discipline of change management, and a primer to catalyze change leadership and competency in managers and executives. Change Management is a practical look at what it means to manage the people side of change, and gives More...the reader insight into best practices in this area."" --Publisher description.",[],2003.0,,,2.0,4.0,0.0,0.0,https://covers.openlibrary.org/b/id/12197006-L.jpg,/works/OL9170797W,True,False,,change management
BOOK00439,Lean Change Management,['Jason Little'],,[],2014.0,,,1.0,8.0,0.0,0.0,https://covers.openlibrary.org/b/id/7386130-L.jpg,/works/OL17306701W,True,False,,lean change management
BOOK00440,Change Management,['James McCalman'],,"['Organizational change', 'Management', 'Organizational Innovation', 'Changement organisationnel', 'Organisatieverandering', 'Organisatieontwikkeling', 'Organisationsentwicklung', 'Organisationswandel', 'Einführung']",1992.0,,,8.0,1.0,0.0,0.0,https://covers.openlibrary.org/b/id/11601919-L.jpg,/works/OL3841010W,True,False,,change management
BOOK00441,Strategic Change Management Strategic Change Management,['Djamel Eddine Laouisset'],,[],2008.0,,,2.0,2.0,0.0,0.0,,/works/OL13761120W,True,False,,strategic change management strategic change management
BOOK00442,Organizational Behaviour and Change Management,"['Cornell Vernooij', 'Judith Stuijt', 'Maarten Hendriks', 'Wouter ten Have', 'Steven ten Have']",,"['Organizational behavior', 'Change (Psychology)', 'Social psychology', 'BUSINESS & ECONOMICS / Management', 'PSYCHOLOGY / Industrial & Organizational Psychology']",2022.0,,,5.0,3.0,0.0,0.0,https://covers.openlibrary.org/b/id/14770890-L.jpg,/works/OL27812812W,True,False,,organizational behaviour and change management
BOOK00443,The Manager's Path,['Camille Fournier'],"Managing people is difficult wherever you work. But in the tech industry, where management is also a technical discipline, the learning curve can be brutal—especially when there are few tools, texts, and frameworks to help you. In this practical guide, author Camille Fournier (tech lead turned CTO) takes you through each stage in the journey from engineer to technical manager. From mentoring interns to working with senior staff, you’ll get actionable advice for approaching various obstacles in your path. This book is ideal whether you’re a new manager, a mentor, or a more experienced leader looking for fresh advice. Pick up this book and learn how to become a better manager and leader in your organization. - Begin by exploring what you expect from a manager - Understand what it takes to be a good mentor, and a good tech lead - Learn how to manage individual members while remaining focused on the entire team - Understand how to manage yourself and avoid common pitfalls that challenge many leaders - Manage multiple teams and learn how to manage managers - Learn how to build and bootstrap a unifying culture in teams","['Management', 'Business', 'Software Development', 'Professional employees', 'Personnel management', 'Handbooks, manuals', 'Leadership', 'Industrial management', 'Management -- Handbooks, manuals, etc', 'Wirtschaftsingenieur', 'BUSINESS & ECONOMICS / Leadership', 'COMPUTERS / Software Development & Engineering / General', 'TECHNOLOGY & ENGINEERING / Project Management']",2017.0,4.3333335,21.0,1.0,86.0,6.0,26.0,https://covers.openlibrary.org/b/id/8667291-L.jpg,/works/OL19860807W,True,False,,the manager's path
BOOK00444,Agile Change Management,['Melanie Franklin'],,"['Organizational change', 'Management', 'BUSINESS & ECONOMICS / Organizational Development', 'BUSINESS & ECONOMICS / Management', 'BUSINESS & ECONOMICS / Leadership', 'BUSINESS & ECONOMICS / Human Resources & Personnel Management', 'BUSINESS & ECONOMICS / Project Management']",2014.0,,,6.0,2.0,0.0,0.0,https://covers.openlibrary.org/b/id/13912355-L.jpg,/works/OL21064078W,True,False,,agile change management
BOOK00445,The Effective Change Manager's Handbook,['APMG'],,"['Organizational change', 'Management', 'BUSINESS & ECONOMICS / Management', 'BUSINESS & ECONOMICS / Organizational Development', 'REFERENCE / Handbooks & Manuals', 'Economics']",2014.0,5.0,1.0,3.0,1.0,0.0,1.0,https://covers.openlibrary.org/b/id/8999352-L.jpg,/works/OL20335690W,True,False,,the effective change manager's handbook
BOOK00446,Breakthrough IT Change Management,"['Bennet Lientz', 'Kathryn Rea']",,"['Organizational change', 'Information technology, management']",2004.0,,,8.0,,,,,/works/OL25198624W,True,False,,breakthrough it change management
BOOK00447,Beyond change management,['Dean Anderson'],,"['Leadership', 'Organizational change', 'Changement organisationnel', 'Management', 'Structural Adjustment', 'BUSINESS & ECONOMICS', 'Organizational Innovation']",2001.0,,,1.0,4.0,0.0,0.0,https://covers.openlibrary.org/b/id/10343568-L.jpg,/works/OL12388844W,True,False,,beyond change management
BOOK00448,Managing Change,['Bernard Burnes'],"xiv, 322 pages ; 24 cm","['Organizational change', 'Management', 'Strategic planning', 'Organisatieverandering', 'Strategisch management', 'Organization', 'Changement organisationnel', 'Organisationsentwicklung', 'Organisationswandel', 'Unternehmen', 'Unternehmensentwicklung', 'Management and Business Administration']",1992.0,,,7.0,30.0,2.0,1.0,https://covers.openlibrary.org/b/id/2346403-L.jpg,/works/OL4776184W,True,False,,managing change
BOOK00449,Business process change management,['August-Wilhelm Scheer'],,"['Organizational change', 'Management', 'Data processing', 'Business', 'ARIS (Computer file)', 'Reengineering (Management)', 'Information technology', 'Computer files', 'Business, data processing', 'Information technology, management']",2003.0,,,2.0,1.0,0.0,1.0,https://covers.openlibrary.org/b/id/2216865-L.jpg,/works/OL18231622W,True,False,,business process change management
BOOK00450,Change Management,"['Frank Voehl', 'H. James Harrington']",,"['Organizational change', 'Strategic planning', 'Management', 'Organizational Innovation', 'Changement organisationnel', 'Planification stratégique']",2017.0,,,2.0,2.0,0.0,0.0,,/works/OL25695551W,True,False,,change management
BOOK00451,Change Management Für Dummies,['Alexandra Schichtel'],,[],2010.0,,,6.0,,,,,/works/OL25139548W,True,False,,change management für dummies
BOOK00452,Reconsidering Change Management,"['Steven ten Have', 'ten Have Wouter', 'Anne-Bregj Huijsmans']",,"['Organizational change', 'Management', 'Changement organisationnel', 'Gestion', 'BUSINESS & ECONOMICS', 'Industrial Management', 'Management Science', 'Organizational Behavior', 'Organisatieontwikkeling', 'Organisatieverandering', 'Veranderingsprocessen']",2016.0,,,6.0,,,,,/works/OL21279212W,True,False,,reconsidering change management
BOOK00453,Correctional administration and change management,['Martha Henderson Hurley'],,"['Correctional institutions', 'Management', 'Administration', 'Établissements de correction', 'Gestion', 'SOCIAL SCIENCE', 'Penology']",2010.0,,,7.0,,,,,/works/OL15092871W,True,False,,correctional administration and change management
BOOK00454,Change management,['Marcus Gonçalves'],,"['Management', 'Knowledge management', 'Organizational change', 'Information technology']",2007.0,,,1.0,2.0,0.0,0.0,https://covers.openlibrary.org/b/id/12166697-L.jpg,/works/OL1824488W,True,False,,change management
BOOK00455,The Theory and Practice of Change Management,['John Hayes'],,"['Organizational change', 'Organizational effectiveness']",2010.0,,,1.0,4.0,0.0,0.0,https://covers.openlibrary.org/b/id/6303147-L.jpg,/works/OL14996251W,True,False,,the theory and practice of change management
BOOK00456,Appreciative inquiry for change management,['Sarah Lewis'],"""Appreciative Inquiry (AI) is one of the most exciting and increasingly recognized concepts being used to facilitate organizational change. This book studies AI in depth, illustrating the method of asking particular questions and envisioning the future, encouraging staff to consider both the positive and negative systems in place and to recognize the need to implement change. It demonstrates how AI can be practically applied by combining the skills, perspectives and approaches presented here into a practical conversational approach to organizational challenges. It also takes a look at other techniques used to create change through conversation. Case studies from organizations that have already integrated conversational methods into their change management practice show why the processes are valuable, why they are effective, and how to generate such conversations yourself. Written in jargon-free language, this is an excellent resource for discovering the benefits that conversational techniques can have on an organization and its performance""--","['Management', 'Organizational change', 'Organizational effectiveness', 'Employee participation', 'Appreciative inquiry', 'Management, employee participation']",2011.0,,,1.0,3.0,1.0,0.0,https://covers.openlibrary.org/b/id/12628827-L.jpg,/works/OL15901685W,True,False,,appreciative inquiry for change management
BOOK00457,Leadership and change management,['Annabel C. Beerel'],,"['Leadership', 'Management', 'Case studies', 'Organizational change']",2009.0,,,1.0,3.0,0.0,0.0,https://covers.openlibrary.org/b/id/14111653-L.jpg,/works/OL15517574W,True,False,,leadership and change management
BOOK00458,Changing managers and managing change,"['Mahmoud Ezzamel', 'Simon Lilley', 'Hugh Wilmott', 'Chris Green']",,"['Organizational change', 'Management', 'Managerial accounting', 'Changement organisationnel', 'Comptabilité de gestion']",1995.0,,,1.0,2.0,0.0,0.0,https://covers.openlibrary.org/b/id/13019822-L.jpg,/works/OL31211688W,True,False,,changing managers and managing change
BOOK00459,Managing innovation,"['Joseph Tidd', 'Joe Tidd', 'John Bessant', 'Keith Pavitt']",,"['Industrial management', 'Technological innovations', 'Organizational change', 'Management', 'Changement organisationnel', ""Gestion d'entreprises"", 'Organisatieverandering', 'Innovations technologiques', 'Innovations', 'Technische vernieuwing', ""Gestion d'entreprise"", 'Technische Innovation', 'Organisationswandel', 'Innovationsmanagement', 'Markt', 'Success in business', 'Organizational Innovation', 'TECHNOLOGIES', 'TECHNOLOGY ASSESSMENT', 'ORGANIZATIONS', 'TOTAL QUALITY MANAGEMENT', 'Economics', 'Commerce', 'Business &amp; economics', 'General', 'Business & economics -> business -> business studies']",1997.0,5.0,1.0,26.0,27.0,7.0,1.0,https://covers.openlibrary.org/b/id/307559-L.jpg,/works/OL2618251W,True,False,,managing innovation
BOOK00460,Change Management During Unprecedented Times,['Kyla Latrice Tennin'],,[],2023.0,,,5.0,1.0,0.0,0.0,,/works/OL34030965W,True,False,,change management during unprecedented times
BOOK00461,"Change Management in schwierigen Zeiten, m. CD-ROM",['Dietmar Vahs'],,[],2003.0,,,1.0,5.0,0.0,0.0,https://covers.openlibrary.org/b/id/1030804-L.jpg,/works/OL14988063W,True,False,,"change management in schwierigen zeiten, m. cd-rom"
BOOK00462,Leadership and Change Management,"['Daphne Halkias', 'Joseph C. Santora', 'Nicholas Harkiolakis', 'Paul W. Thurman']",,[],2017.0,,,4.0,1.0,0.0,0.0,,/works/OL26331086W,True,False,,leadership and change management
BOOK00463,The complete idiot's guide to change management,['Jeffrey P. Davidson'],,"['Organizational change', 'Management']",2002.0,,,1.0,2.0,0.0,0.0,https://covers.openlibrary.org/b/id/12821961-L.jpg,/works/OL1913698W,True,False,,the complete idiot's guide to change management
BOOK00464,Additive Manufacturing Change Management,"['David M. Dietrich', 'Michael Kenworthy', 'Elizabeth A. Cudney']",,"['Three-dimensional printing', 'Manufacturing processes', 'Additive manufacturing', 'Automation', 'Printing, Three-Dimensional', 'Fabrication additive', 'Impression tridimensionnelle', 'Fabrication', 'Automatisation', '3-D printing', 'TECHNOLOGY & ENGINEERING', 'Mechanical', 'TECHNOLOGY', 'Industrial Design', 'General', 'Manufacturing']",2019.0,,,6.0,,,,https://covers.openlibrary.org/b/id/10443163-L.jpg,/works/OL22125837W,True,False,,additive manufacturing change management
BOOK00465,Enterprise Change Management,"['David Miller', 'Audra Proctor']",,"['Organizational change', 'Leadership']",2016.0,,,2.0,2.0,0.0,0.0,https://covers.openlibrary.org/b/id/9138055-L.jpg,/works/OL20473299W,True,False,,enterprise change management
BOOK00466,Switch,"['Chip Heath', 'Chip; Heath, Dan Heath']","Why is it so hard to make lasting changes in our companies, in our communities, and in our own lives? The primary obstacle is a conflict that's built into our brains, say Chip and Dan Heath, authors of the critically acclaimed bestseller Made to Stick. Psychologists have discovered that our minds are ruled by two different systems--the rational mind and the emotional mind--that compete for control. The rational mind wants a great beach body; the emotional mind wants that Oreo cookie. The rational mind wants to change something at work; the emotional mind loves the comfort of the existing routine. This tension can doom a change effort--but if it is overcome, change can come quickly.In Switch, the Heaths show how everyday people--employees and managers, parents and nurses--have united both minds and, as a result, achieved dramatic results: ● The lowly medical interns who managed to defeat an entrenched, decades-old medical practice that was endangering patients.● The home-organizing guru who developed a simple technique for overcoming the dread of housekeeping.● The manager who transformed a lackadaisical customer-support team into service zealots by removing a standard tool of customer service In a compelling, story-driven narrative, the Heaths bring together decades of counterintuitive research in psychology, sociology, and other fields to shed new light on how we can effect transformative change. Switch shows that successful changes follow a pattern, a pattern you can use to make the changes that matter to you, whether your interest is in changing the world or changing your waistline.From the Hardcover edition.","['Business', 'Nonfiction', 'New York Times bestseller', 'nyt:hardcover_business_books=2012-02-25', 'Change (Psychology)', 'Self-actualization (Psychology)', 'Cambio (Psicología)', 'Actualización de sí mismo (Psicología)', 'Change Management', 'Psychischer Konflikt', 'Aspects sociaux', 'Business Development', 'Change strategies', 'Aspects psychologiques', 'Development', 'Decision-Making & Problem Solving', 'Développement personnel', 'Änderung', 'Affektive Bindung', 'Leadership', 'Psychological Adaptation', 'BUSINESS & ECONOMICS', 'Anpassung', 'Adaptation au changement', 'Change', 'Organizational change', 'Attitude change', 'nyt:hardcover-advice=2010-03-07', 'Psychology']",1999.0,4.4,10.0,13.0,126.0,5.0,16.0,https://covers.openlibrary.org/b/id/6968365-L.jpg,/works/OL8423529W,True,False,,switch
BOOK00467,Leading Change,['John P. Kotter'],"What will it take to bring your organization successfully into the twenty-first century? The world's foremost expert on business leadership distills twenty-five years of experience and wisdom based on lessons he has learned from scores of organizations and businesses to write this visionary guide. The result is a very personal book that is at once inspiring, clear-headed, and filled with important implications for the future. The pressures on organizations to change will only increase over the next decades. Yet the methods managers have used in the attempt to transform their companies into stronger competitors -- total quality management, reengineering, right sizing, restructuring, cultural change, and turnarounds -- routinely fall short, says Kotter, because they fail to alter behavior. Emphasizing again and again the critical need for leadership to make change happen, Leading Change provides the vicarious experience and positive role models for leaders to emulate. The book identifies an eight-step process that every company must go through to achieve its goal, and shows where and how people -- good people -- often derail. Reading this highly personal book is like spending a day with John Kotter. It reveals what he has seen, heard, experienced, and concluded in many years of working with companies to create lasting transformation. The book is an inspirational yet practical resource for everyone who has a stake in orchestrating changes in their organization. In Leading Change we have unprecedented access to our generation's master of leadership. - Jacket flap.","['Leadership', 'Strategic planning', 'Organizational change', 'Industrial organization', 'Management', 'Changement organisationnel', 'Planning Techniques', 'Organisatieverandering', 'Organizational Innovation', 'Organization and Administration', 'Planification stratégique', 'Organisation, contrôle', 'Industrie', 'Leiderschap', 'Strategisch management', 'Führungsstil', 'Organisatorischer Wandel', '85.10 strategic management', 'Ressources humaines', 'Organisation du travail', 'Strategisches Management', 'Verhalten in Organisationen', 'Formation', ""Direction d'entreprise"", ""Gestion d'entreprises"", 'Organizations']",1996.0,4.6666665,6.0,4.0,188.0,9.0,8.0,https://covers.openlibrary.org/b/id/668100-L.jpg,/works/OL1932148W,True,False,,leading change
BOOK00468,Employee Empowerment,['Daniel Bloom'],,"['Economics', 'Quality control', 'Management', 'Employee empowerment', 'Industrial management', 'Employee participation', 'Organizational effectiveness', 'Personnel', 'Habilitation', ""Gestion d'entreprise"", 'Participation du personnel', 'Efficacité organisationnelle']",2020.0,,,6.0,2.0,0.0,0.0,https://covers.openlibrary.org/b/id/13279880-L.jpg,/works/OL20753927W,True,False,,employee empowerment
BOOK00469,Change Management Masterclass,['Mike Green'],"Change management, handled badly, can create enormous problems for business. A recent McKinsey survey suggested that only 6% of change management projects are completed successfully, with the process of change causing feelings of anxiety and confusion in the changing organization. There is obviously a great need for support during any transition. Change Management Masterclass explains the whole process in accessible terms. It looks at why organizations need to change, the different ways change can be approached and what makes a process of change management successful.","['Business', 'Management', 'Nonfiction', 'Organizational change', 'Case studies']",2007.0,,,2.0,1.0,0.0,0.0,https://covers.openlibrary.org/b/id/1394937-L.jpg,/works/OL8463818W,True,False,,change management masterclass
BOOK00470,Change Manager,['Tracey Torble'],,['Information technology'],2019.0,,,4.0,,,,,/works/OL25782829W,True,False,,change manager
BOOK00471,Rework,"['Jason Fried', 'David Heinemeier Hansson']","Most business books give you the same old advice: Write a business plan, study the competition, seek investors, yadda yadda. If you're looking for a book like that, put this one back on the shelf.Rework shows you a better, faster, easier way to succeed in business. Read it and you'll know why plans are actually harmful, why you don't need outside investors, and why you're better off ignoring the competition. The truth is, you need less than you think. You don't need to be a workaholic. You don't need to staff up. You don't need to waste time on paperwork or meetings. You don't even need an office. Those are all just excuses. What you really need to do is stop talking and start working. This book shows you the way. You'll learn how to be more productive, how to get exposure without breaking the bank, and tons more counterintuitive ideas that will inspire and provoke you.With its straightforward language and easy-is-better approach, Rework is the perfect playbook for anyone who's ever dreamed of doing it on their own. Hardcore entrepreneurs, small-business owners, people stuck in day jobs they hate, victims of ""downsizing,"" and artists who don't want to starve anymore will all find valuable guidance in these pages.From the Hardcover edition.","['Business', 'Nonfiction', 'New York Times bestseller', 'nyt:hardcover_business_books=2011-07-30', 'Industrial management', 'Commerce', 'Företagsetablering', 'Softwarehaus', 'Unternehmenskultur', 'Organizational Decision Making', 'Organization & administration', 'Klein- und Mittelbetrieb', 'Management', 'Småföretag', 'Small Business', 'Entrepreneurship', 'Industry', 'Organizational Innovation', 'New business enterprises', 'Success in business', 'Small business, management', 'Technological innovations', 'Data processing', 'Nouvelles entreprises', 'Petites et moyennes entreprises', 'Innovations', 'Petites entreprises', 'Organisation du travail', 'Satisfaction au travail', 'Conciliation de la vie professionnelle et familiale', 'Business and Management', 'Arbeids- en organisatiepsychologie', 'Self-Improvement', 'Small business, data processing', 'Entreprises individuelles', 'Réussite dans les affaires', 'Succès dans les affaires', 'Sole proprietorship', 'Gestion', 'Entreprise individuelle', ""Gestion d'entreprise""]",2010.0,3.8333333,48.0,15.0,483.0,53.0,59.0,https://covers.openlibrary.org/b/id/6679955-L.jpg,/works/OL15168112W,True,False,,rework
BOOK00472,Production and operations management,"['Everett E. Adam', 'Ronald J. Ebert']",,"['Production management', 'Productiemanagement', 'Management', 'Gestion', 'Produktion', 'Production', 'Periodicals', 'Geology', 'Congresses', 'Wyoming Historical and Geological Society', 'History', 'Administração da produção']",1978.0,4.5,2.0,14.0,95.0,18.0,1.0,https://covers.openlibrary.org/b/id/4065062-L.jpg,/works/OL4643074W,True,False,,production and operations management
BOOK00473,Production and operations management,['Richard B. Chase'],,"['Gestion', 'Production', 'Production management', 'Productiemanagement', 'Produktion', 'Management', 'Lehrbuch', 'Organization and Administration']",1973.0,4.0,2.0,13.0,51.0,7.0,2.0,https://covers.openlibrary.org/b/id/3789079-L.jpg,/works/OL2719657W,True,False,,production and operations management
BOOK00474,Operations management,['Roger G. Schroeder'],,"['Decision making', 'Decision-making', 'Production management']",1981.0,,,22.0,36.0,4.0,0.0,https://covers.openlibrary.org/b/id/4001404-L.jpg,/works/OL82234W,True,False,,operations management
BOOK00475,Operations management,['William J. Stevenson'],,"['Production management', 'Case studies', 'Production', 'Gestion de la production', 'Gestion', '[manuel]']",2004.0,5.0,1.0,5.0,27.0,4.0,0.0,https://covers.openlibrary.org/b/id/1075744-L.jpg,/works/OL1906131W,True,False,,operations management
BOOK00476,Operations management,['Joseph G. Monks'],,"['Production management', 'Fertigung', 'Management', 'Produktion']",1977.0,1.5,2.0,5.0,46.0,6.0,0.0,https://covers.openlibrary.org/b/id/1074431-L.jpg,/works/OL3518226W,True,False,,operations management
BOOK00477,Production/operations management,['William J. Stevenson'],"v, 277 pages ; 26 cm","['Production management', 'Productiemanagement', 'Business & Management', 'Management', 'Entscheidungsprozess', 'Gestion', 'Produktion', 'Production', 'Administracʹao da producʹao']",1982.0,3.5,2.0,15.0,25.0,3.0,2.0,https://covers.openlibrary.org/b/id/4088133-L.jpg,/works/OL1906132W,True,False,,production/operations management
BOOK00478,Production and operations management,['Norman Gaither'],,"['Gestion', 'Production', 'Production management', 'Productiemanagement', 'Management', 'Entscheidungsprozess', 'Produktion']",1980.0,5.0,1.0,15.0,33.0,3.0,1.0,https://covers.openlibrary.org/b/id/4167539-L.jpg,/works/OL1898033W,True,False,,production and operations management
BOOK00479,Operations Management,"['Norman Gaither', 'Gregory Frazier']",,"['Production management', 'Education', 'Production & quality control management', 'Business & Economics', 'Business / Economics / Finance', 'Textbooks', 'Business/Economics', 'Entrepreneurship', 'Management - General', 'Production & Operations Management', 'Business & Economics / Production & Operations Management']",2001.0,4.5,2.0,4.0,19.0,1.0,3.0,https://covers.openlibrary.org/b/id/1178025-L.jpg,/works/OL1898032W,True,False,,operations management
BOOK00480,Operations management for MBAs,"['Jack R. Meredith', 'Scott M. Shafer']",,"['Production management', 'Production', 'Gestion', 'Productiemanagement']",1999.0,0.0,0.0,11.0,13.0,1.0,0.0,https://covers.openlibrary.org/b/id/1245011-L.jpg,/works/OL1965631W,True,False,,operations management for mbas
BOOK00481,Operations management,['William J. Stevenson'],,"['Administración de la producción', 'Productiemanagement', 'Production management', 'Kwantitatieve methoden']",2001.0,,,3.0,23.0,0.0,0.0,https://covers.openlibrary.org/b/id/6547803-L.jpg,/works/OL15148396W,True,False,,operations management
BOOK00482,Operations management,['Andrew Greasley'],,"['Examinations', 'Production management', 'Study guides', 'Business logistics', 'Project management', 'Process control', 'Management', 'Operations Management', 'Produktion', 'Driftsorganisation', 'Processtyrning']",2005.0,,,9.0,9.0,1.0,0.0,https://covers.openlibrary.org/b/id/1237924-L.jpg,/works/OL2686231W,True,False,,operations management
BOOK00483,Operations Management,['Jay Heizer'],,[],2004.0,,,12.0,14.0,1.0,1.0,,/works/OL29362199W,True,False,,operations management
BOOK00484,Principles of operations management,"['Barry Render', 'Jay Heizer']",,"['Production management', 'Operations research', 'Management', 'Produktion', 'Operations Management', 'Production & operations management', 'Business & economics -> decision sciences -> production/operations management']",1993.0,,,11.0,10.0,1.0,0.0,https://covers.openlibrary.org/b/id/89865-L.jpg,/works/OL2985199W,True,False,,principles of operations management
BOOK00485,Operations management,['Jay Heizer'],,['Production management'],1999.0,,,5.0,10.0,3.0,0.0,https://covers.openlibrary.org/b/id/2323632-L.jpg,/works/OL7942382W,True,False,,operations management
BOOK00486,Slack,"['Nigel Slack', 'Alistair Brandon-Jones', 'Robert Johnston']",,['Production management'],2013.0,4.0,1.0,3.0,26.0,2.0,1.0,https://covers.openlibrary.org/b/id/10531271-L.jpg,/works/OL24135072W,True,False,,slack
BOOK00487,Operations management,"['Roberta S. Russell', 'Bernard W. Taylor', 'Roberta (Robin) Russell']",,"['Production management', 'Quality control', 'Management & management techniques', 'Business & Economics', 'Business / Economics / Finance', 'Business/Economics', 'Management - General', 'Production & Operations Management', 'Business & Economics / Production & Operations Management', 'Productiesystemen', 'Production', 'Gestion', 'Qualite?', 'Controle', 'Administracao da producao', 'Controle da qualidade']",1997.0,,,15.0,9.0,1.0,0.0,https://covers.openlibrary.org/b/id/306350-L.jpg,/works/OL2618948W,True,False,,operations management
BOOK00488,Production and Operations Management,['Kanishka Bedi'],,"['Production management', 'Production control']",2004.0,4.5,2.0,3.0,14.0,1.0,2.0,https://covers.openlibrary.org/b/id/2330452-L.jpg,/works/OL9330504W,True,False,,production and operations management
BOOK00489,Production and operations management,['Raymond R. Mayer'],,['Production management'],1975.0,,,3.0,14.0,0.0,0.0,https://covers.openlibrary.org/b/id/4468138-L.jpg,/works/OL6443514W,True,False,,production and operations management
BOOK00490,Operations Management,['Lee Krajewski'],,[],2015.0,,,21.0,7.0,0.0,0.0,https://covers.openlibrary.org/b/id/13182601-L.jpg,/works/OL20665880W,True,False,,operations management
BOOK00491,Production and Operations Management,['R. Panneerselvam'],,[],2004.0,1.0,1.0,3.0,13.0,1.0,1.0,https://covers.openlibrary.org/b/id/4884288-L.jpg,/works/OL6997063W,True,False,,production and operations management
BOOK00492,Schaum's outline of theory and problems of operations management,['Joseph G. Monks'],,"['Industrial engineering', 'Production management']",1985.0,,,2.0,11.0,2.0,0.0,https://covers.openlibrary.org/b/id/1074428-L.jpg,/works/OL3518224W,True,False,,schaum's outline of theory and problems of operations management
BOOK00493,Principles of operations management,['Jay Heizer'],,"['Production management', 'Operations research']",1999.0,,,4.0,9.0,1.0,0.0,https://covers.openlibrary.org/b/id/9580425-L.jpg,/works/OL7942381W,True,False,,principles of operations management
BOOK00494,Modern production/operations management,['Elwood Spencer Buffa'],,"['Production management', 'Produktionsplanung', 'Production', 'Gestion', 'Production engineering']",1980.0,,,4.0,8.0,2.0,0.0,https://covers.openlibrary.org/b/id/4398047-L.jpg,/works/OL5274183W,True,False,,modern production/operations management
BOOK00495,Restaurant operations management,"['Jack D. Ninemeier', 'David K. Hayes']",,"['Restaurant management', 'Restaurants', 'Production management']",2005.0,,,3.0,10.0,1.0,0.0,https://covers.openlibrary.org/b/id/1106477-L.jpg,/works/OL2743449W,True,False,,restaurant operations management
BOOK00496,Production and operations management,['Ray Wild'],"viii, 919 p. : 24 cm","['Industrial management', 'Production management', 'Problems, exercises', 'Operations research']",1979.0,1.0,1.0,10.0,6.0,0.0,0.0,https://covers.openlibrary.org/b/id/2356029-L.jpg,/works/OL3952119W,True,False,,production and operations management
BOOK00497,Fundamentals of operations management,"['Mark M. Davis', 'Nicholas J. Aquilano', 'Richard B. Chase']",,"['Production management', 'Operations Management', 'Management', 'Produktion', 'Lehrbuch']",1999.0,5.0,1.0,5.0,7.0,1.0,0.0,https://covers.openlibrary.org/b/id/10768136-L.jpg,/works/OL1964872W,True,False,,fundamentals of operations management
BOOK00498,Hotel operations management,['David K. Hayes'],,['Hotel management'],2004.0,,,2.0,11.0,2.0,0.0,https://covers.openlibrary.org/b/id/1109467-L.jpg,/works/OL3375090W,True,False,,hotel operations management
BOOK00499,Operations management,['James B. Dilworth'],,"['Production control', 'Production management', 'Management', 'Strategische planning', 'Produktion', 'Productieplanning', 'Administracao da producao', 'Production', 'Gestion']",1992.0,,,7.0,9.0,0.0,0.0,https://covers.openlibrary.org/b/id/5403291-L.jpg,/works/OL537975W,True,False,,operations management
BOOK00500,Strategic Operations Management,"['Steve Brown', 'John Bessant', 'Fu Jia']",,"['Production management', 'Strategic planning']",2005.0,,,9.0,6.0,0.0,0.0,https://covers.openlibrary.org/b/id/8447846-L.jpg,/works/OL19336277W,True,False,,strategic operations management
BOOK00501,Operations management,"['Richard J. Schonberger', 'Edward M. Knod']",,"['Production management', 'Operations Research', 'Qualita\x98tsmanagement', 'Production', 'Gestion', 'Fertigung', 'Management']",1981.0,5.0,1.0,11.0,2.0,0.0,1.0,https://covers.openlibrary.org/b/id/8336407-L.jpg,/works/OL269936W,True,False,,operations management
BOOK00502,Principles of operations management,['Jay H. Heizer'],,"['Production management', 'Operations research']",1999.0,,,4.0,8.0,1.0,1.0,https://covers.openlibrary.org/b/id/1110284-L.jpg,/works/OL1887969W,True,False,,principles of operations management
BOOK00503,Operations management,"['John O. McClain', 'L. Joseph Thomas', 'Joseph B. Mazzola']",,"['Industrial management', 'Mathematical models', 'Operations research', 'Production management', 'Problèmes et exercices', 'Contrôle', 'Gestion', 'Production', 'Industrial management, mathematical models']",1980.0,,,6.0,7.0,0.0,0.0,https://covers.openlibrary.org/b/id/1115031-L.jpg,/works/OL4115535W,True,False,,operations management
BOOK00504,Operations Management,"['Lee J. Krajewski', 'Larry P. Ritzman', 'Manoj K. Malhotra']",,"['Production management', 'Business logistics', 'Product management', 'Ts155', '658.7']",2005.0,,,16.0,4.0,1.0,0.0,https://covers.openlibrary.org/b/id/13241551-L.jpg,/works/OL21485225W,True,False,,operations management
BOOK00505,Operations management,"['Robert D. Reid', 'R. Dan Reid', 'Nada R. Sanders']",,"['Production management', 'Management science']",2003.0,,,12.0,4.0,0.0,0.0,https://covers.openlibrary.org/b/id/1245509-L.jpg,/works/OL4807195W,True,False,,operations management
BOOK00506,Operations management,['David Barnes'],,['Project management'],1996.0,,,3.0,6.0,0.0,0.0,https://covers.openlibrary.org/b/id/2994698-L.jpg,/works/OL5830986W,True,False,,operations management
BOOK00507,Operations Management,"['Heizer, Render, Munson']",,['Industrial management'],2017.0,,,1.0,13.0,0.0,0.0,https://covers.openlibrary.org/b/id/10173512-L.jpg,/works/OL20858704W,True,False,,operations management
BOOK00508,Operations Management,"['Jay Heizer', 'Barry Render', 'Chuck Munson']",,[],2012.0,,,10.0,6.0,0.0,0.0,,/works/OL37570667W,True,False,,operations management
BOOK00509,Operations management,['William J. Stevenson'],,"['Production management', 'Case studies', 'Productiemanagement', 'Management', 'Entscheidungsprozess', 'CD-ROM', 'Produktion', 'Kwantitatieve methoden']",2007.0,1.0,1.0,2.0,7.0,0.0,1.0,https://covers.openlibrary.org/b/id/6547806-L.jpg,/works/OL15148397W,True,False,,operations management
BOOK00510,Essentials of Operations Management,"['Nigel Slack', 'Alistair Brandon-Jones', 'Robert Johnston']",,"['Production management', 'Manufacturing processes', 'Industrial management']",2018.0,,,4.0,8.0,1.0,0.0,,/works/OL22542437W,True,False,,essentials of operations management
BOOK00511,Production and operations management,['James B. Dilworth'],"xxii,770p","['Production management', 'Management', 'Produktion', 'Production & operations management']",1979.0,,,10.0,4.0,0.0,0.0,https://covers.openlibrary.org/b/id/4437516-L.jpg,/works/OL537976W,True,False,,production and operations management
BOOK00512,Production and operations management,['Jay Heizer'],,['Production management'],1988.0,5.0,1.0,8.0,4.0,0.0,1.0,https://covers.openlibrary.org/b/id/7109780-L.jpg,/works/OL7942383W,True,False,,production and operations management
BOOK00513,Operations Management,['Terry Hill'],,['Production management'],2000.0,,,5.0,4.0,0.0,0.0,https://covers.openlibrary.org/b/id/1180585-L.jpg,/works/OL521436W,True,False,,operations management
BOOK00514,Casino operations management,"['Jim Kilby', 'Jim Fox', 'Anthony F. Lucas']","Complete guidance to the ins and outs of gaming operations Management personnel need a thorough understanding of the business side of the casino industry to ensure profits???and to avoid losses. It's a sure bet that Casino Operations Management, Second Edition will help current and future gaming management professionals better serve any casino. Written by experts with over 65 years of combined experience in the field, this Second Edition offers all the critical skills and know-how to equip gaming and casino operators with the knowledge needed for the management office, cage operations, and table game and slot operations. This updated edition features detailed coverage of: Current high-roller marketing tactics and their effect on profitability The effect of popular money management systems on casino profits The initial development process of an Indian casino S...","['Casinos', 'Management', 'Business', 'Nonfiction', 'Travel']",1998.0,,,7.0,3.0,0.0,0.0,https://covers.openlibrary.org/b/id/1242656-L.jpg,/works/OL2676528W,True,False,,casino operations management
BOOK00515,"Foundations of Operations Management, Fourth Canadian Edition, 4/e","['Lee J. Krajewski (Author), Manoj K. Malhotra (Author) Larry P. Ritzman (Author)']",,[],2015.0,,,1.0,23.0,0.0,0.0,https://covers.openlibrary.org/b/id/9151985-L.jpg,/works/OL20493840W,True,False,,"foundations of operations management, fourth canadian edition, 4/e"
BOOK00516,Modern Hotel Operations Management,"['Michael Chibili', 'Shane de Bruyn', 'Latifa Benhadda', 'Conrad Lashley', 'Saskia Penninga']",,"['Hospitality industry', 'Hotel management', 'BUSINESS & ECONOMICS / Operations Research', 'BUSINESS & ECONOMICS / Industries / Service Industries']",2017.0,,,8.0,5.0,0.0,0.0,https://covers.openlibrary.org/b/id/13912863-L.jpg,/works/OL21321449W,True,False,,modern hotel operations management
BOOK00517,Cruise Operations Management,['Philip Gibson'],,"['Ocean travel', 'Cruise ships']",2006.0,,,18.0,1.0,0.0,0.0,,/works/OL21298467W,True,False,,cruise operations management
BOOK00518,Operations management for competitive advantage,['Richard B. Chase'],,['Production management'],2004.0,,,1.0,10.0,0.0,0.0,https://covers.openlibrary.org/b/id/10768142-L.jpg,/works/OL24272744W,True,False,,operations management for competitive advantage
BOOK00519,Project management for dummies,['Stanley E. Portny'],"In today's business world, tight project deadlines and stringent expectations are the norm. This hands-on guide introduces you to the principles of project management and show you how to put them to use so you can successfully manage a project from start to finish.","['Project management', 'Gestion de projet', 'BUSINESS & ECONOMICS -- Project Management', 'Business & economics / project management']",2008.0,,,21.0,56.0,2.0,0.0,https://covers.openlibrary.org/b/id/10188899-L.jpg,/works/OL19977897W,True,False,,project management for dummies
BOOK00520,Project Management,['Harvey Maylor'],,"['Project management', 'Gestion de projets', 'Projektmanagement', 'Projectmanagement', 'PROJECT MANAGEMENT']",1996.0,5.0,1.0,11.0,24.0,2.0,3.0,https://covers.openlibrary.org/b/id/2346354-L.jpg,/works/OL8467110W,True,False,,project management
BOOK00521,Project management,['Harold Kerzner'],,"['Management', 'Project Management (PM)', 'Business', 'Gestion de projets', 'Nonfiction', 'Industrial projectmanagement', 'Industrial project management', 'Administración de proyectos', 'Project management', 'Case studies', 'Projectmanagement', 'Projektmanagement', 'Proje yönetimi', 'Examinations, questions', 'Gestion des projets', 'Gestion de projet', 'TECHNOLOGY & ENGINEERING', 'BUSINESS & ECONOMICS']",1979.0,,,26.0,62.0,4.0,2.0,https://covers.openlibrary.org/b/id/3974912-L.jpg,/works/OL2673378W,True,False,,project management
BOOK00522,Software project management,['Bob Hughes'],,"['Software engineering', 'Project management']",1999.0,3.0,1.0,2.0,61.0,4.0,1.0,https://covers.openlibrary.org/b/id/8720847-L.jpg,/works/OL12422165W,True,False,,software project management
BOOK00523,Project management,"['Jack R. Meredith', 'Samuel J. Mantel']",The book is primarily intended for use as a college textbook for teaching project management at the advanced undergraduate or master's level. The book is also intended for current and prospective project managers who wish to share insights and ideas about the field.,"['Industrial project management', 'Project management', 'Gestion de projets', 'Projectmanagement', 'Project Management (PM)', 'Projektmanagement', 'Gestion de projet', 'Comic books, strips', 'Humor, form, comic strips & cartoons', 'Medical', 'Nursing', 'Planning techniques [mesh]', 'Organization and administration [mesh]', 'Hd69.p75 m47 2000', 'Wx212 mer', '658.4/04']",1985.0,,,19.0,25.0,3.0,0.0,https://covers.openlibrary.org/b/id/303127-L.jpg,/works/OL1965633W,True,False,,project management
BOOK00524,Project Management,['Erik W. Larson'],,"['Risk management', 'Project management', 'Time management']",2011.0,,,1.0,55.0,7.0,0.0,https://covers.openlibrary.org/b/id/9633304-L.jpg,/works/OL15997478W,True,False,,project management
BOOK00525,PMBOK Guide,['Project Management Institute'],,"['Business', 'Education']",2021.0,5.0,1.0,1.0,64.0,1.0,2.0,,/works/OL26604122W,True,False,,pmbok guide
BOOK00526,Construction project management,"['Frederick E. Gould', 'Nancy Joyce']",,"['Building', 'Superintendence', 'Project management', 'Building construction & materials', 'Civil Engineering, Surveying & Building', 'Building Construction', 'Engineering Construction Management', 'Technology & Engineering', 'Home Improvement / Construction', 'Science/Mathematics', 'Design & Construction', 'House & Home / Design & Construction', 'Civil', 'Construction - General', 'Industrial Engineering', 'Building, superintendence', 'Construction & building trades - general & miscellaneous', 'Industrial management', 'Real estate management', 'Industrial project management']",1999.0,0.0,0.0,14.0,22.0,0.0,0.0,https://covers.openlibrary.org/b/id/1101327-L.jpg,/works/OL3274094W,True,False,,construction project management
BOOK00527,Information Technology Project Management,['Kathy Schwalbe'],,"['Information storage and retrieval systems', 'Information technology', 'Management', 'Microsoft Project', 'Project management', 'Gestion de projets', 'Gestion', ""Technologie de l'information"", 'Information technology, management', 'Information technology projects', ""Systèmes d'information"", 'Projektmanagement', 'Computers &amp; the internet']",1999.0,5.0,1.0,6.0,32.0,2.0,0.0,https://covers.openlibrary.org/b/id/5451502-L.jpg,/works/OL5769975W,True,False,,information technology project management
BOOK00528,Construction project management,['Peter Fewings'],,"['Building', 'Construction industry', 'Management', 'Project management', 'Superintendence', 'Construction industry, management']",2005.0,,,19.0,15.0,1.0,0.0,https://covers.openlibrary.org/b/id/1218401-L.jpg,/works/OL5815454W,True,False,,construction project management
BOOK00529,A Guide to the Project Management Body of Knowledge (PMBOK® Guide),['Project Management Institute'],,['Project management'],2017.0,,,4.0,42.0,2.0,0.0,https://covers.openlibrary.org/b/id/10329916-L.jpg,/works/OL19868723W,True,False,,a guide to the project management body of knowledge (pmbok® guide)
BOOK00530,Agile Project Management For Dummies,['Mark C. Layton'],,"['Development', 'Agile software development', 'Management', 'Software engineering', 'Computer software', 'Projektmanagement', 'Mathematics', 'Project management', 'Agile software development--management']",2012.0,5.0,1.0,13.0,19.0,1.0,2.0,https://covers.openlibrary.org/b/id/7774239-L.jpg,/works/OL17536293W,True,False,,agile project management for dummies
BOOK00531,Project Management for the Unofficial Project Manager,"['Kory Kogon', 'Suzette Blakemore']","No project management training? No problem! In today’s workplace, employees are routinely expected to coordinate and manage projects. Yet, chances are, you aren’t formally trained in managing projects—you’re an unofficial project manager. FranklinCovey experts Kory Kogon, Suzette Blakemore, and James Wood understand the importance of leadership in project completion and explain that people are crucial in the formula for success. Project Management for the Unofficial Project Manager offers practical, real-world insights for effective project management and guides you through the essentials of the people and project management process: Initiate Plan Execute Monitor/Control Close Unofficial project managers in any arena will benefit from the accessible, engaging real-life anecdotes, memorable “Project Management Proverbs,” and quick reviews at the end of each chapter. If you’re struggling to keep your projects organized, this book is for you. If you manage projects without the benefit of a team, this book is also for you. Change the way you think about project management—""project manager"" may not be your official title or necessarily your dream job, but with the right strategies, you can excel.","['Project management', 'BUSINESS & ECONOMICS / Project Management', 'BUSINESS & ECONOMICS', 'Project Management']",2015.0,4.0,1.0,4.0,26.0,1.0,1.0,https://covers.openlibrary.org/b/id/7394254-L.jpg,/works/OL17315874W,True,False,,project management for the unofficial project manager
BOOK00532,Project Management,['Jeffrey K. Pinto'],,['Project management'],2006.0,,,6.0,28.0,1.0,0.0,https://covers.openlibrary.org/b/id/14424212-L.jpg,/works/OL59388W,True,False,,project management
BOOK00533,Effective project management,['Robert K. Wysocki'],,"['Project management', 'Organizational effectiveness']",2003.0,,,23.0,13.0,0.0,0.0,https://covers.openlibrary.org/b/id/10317792-L.jpg,/works/OL19959036W,True,False,,effective project management
BOOK00534,TOTAL PROJECT MANAGEMENT The Indian Context,['P. K. Joy'],"A total book on all aspects of formulating, evaluating, planning, procurement and total implementation of all kinds of projects. *The Business Standard* has described it as ""**A mine of experience to explore**"". ""*The Hindustan Times*"" has called it ""**The first of its kind in the world"".** Thus said *THE WORLD BANK's Operational Policy Department:* ""**Dr. Joy's book on Total Project Management is a considerable achievement""**","['Counseling', 'Psychotherapy', 'Philosophical counseling']",1993.0,5.0,1.0,1.0,35.0,5.0,3.0,https://covers.openlibrary.org/b/id/6949269-L.jpg,/works/OL16110494W,True,False,,total project management the indian context
BOOK00535,Project Management,"['Samuel E. Portny', 'Samuel J. Mantel', 'Jack R. Meredith', 'Scott M. Shafer', 'Margaret M. Sutton', 'Brian E. Kramer']","This title offers readers an insight into human behaviour, knowledge of organisational issues and quantitative methods needed to do project management. He emphasises the challenges they'll face including planning, negotiating, budgeting, communicating and scheduling.","['Project management', 'Business & economics -> mis -> project management']",2002.0,,,30.0,15.0,1.0,0.0,https://covers.openlibrary.org/b/id/1239594-L.jpg,/works/OL20104000W,True,False,,project management
BOOK00536,Successful project management,"['Jack Gido', 'James P. Clements']","""Successful Project Management: A Practical Guide for Managers offers new, innovative advice and techniques for those challenged by project management assignments. In clear, non-technical language Jack Gido and James P. Clements provide everything you need to effectively approach and complete projects from start to finish.""--BOOK JACKET. ""With an emphasis on the practical, using real-world examples, Successful Project Management gives readers the expert knowledge and skills needed to complete projects on time, within budget, and to complete satisfaction.""--BOOK JACKET.","['Project management', 'Gestion de projets', 'Projektmanagement', 'Project Management (PM)', 'Management - General', 'Business & Economics / Management', 'Business & Economics', 'Business / Economics / Finance', 'Textbooks', 'Business/Economics']",1999.0,,,5.0,25.0,4.0,0.0,https://covers.openlibrary.org/b/id/1276150-L.jpg,/works/OL2715488W,True,False,,successful project management
BOOK00537,Project management,"['Avraham Shtub', 'Jonathan F. Bard', 'Shlomo Globerson']",,"['Engineering', 'Management', 'Project management', 'Engineering, management', 'Industrial project management']",1994.0,5.0,1.0,9.0,16.0,0.0,1.0,https://covers.openlibrary.org/b/id/90915-L.jpg,/works/OL3941855W,True,False,,project management
BOOK00538,Information technology project management,"['Jack T. Marchewka', 'Jack R. Meredith', 'Samuel J. Mantel']","Explains how to create measurable organization value through information technology projects, emphasizing the importance of making decisions throughout the process and integrating project management and IT concepts, tools, and techniques. Includes a CD.","['Computer programs', 'Information technology', 'Management', 'Microsoft Project', 'Project management', 'Management information systems', 'Information technology, management']",2002.0,5.0,1.0,10.0,15.0,1.0,1.0,https://covers.openlibrary.org/b/id/4641793-L.jpg,/works/OL5853546W,True,False,,information technology project management
BOOK00539,Successful Project Management,"['Jack Gido', 'Jim Clements', 'Rose Baker']",,['Project management'],2008.0,,,4.0,15.0,1.0,0.0,https://covers.openlibrary.org/b/id/10101745-L.jpg,/works/OL20803749W,True,False,,successful project management
BOOK00540,Project management,['Jeffrey K. Pinto'],,['Project management'],2007.0,,,7.0,11.0,1.0,0.0,https://covers.openlibrary.org/b/id/10125165-L.jpg,/works/OL18738779W,True,False,,project management
BOOK00541,Process Groups,['Project Management Institute'],,[],2022.0,,,11.0,13.0,0.0,0.0,https://covers.openlibrary.org/b/id/15225520-L.jpg,/works/OL29198625W,True,False,,process groups
BOOK00542,The Fast Forward MBA in Project Management,['Eric Verzuh'],,"['Gestion de projets', 'Projectmanagement', 'Project management', 'BUSINESS & ECONOMICS / Project Management', 'Economics', 'Business & economics -> mis -> project management', 'Business & economics / project management', 'Management', 'Business & economics -> management -> principles of management', 'Trades & technology -> technical trades -> project management', 'Ba31', 'Ee92']",2005.0,,,18.0,19.0,2.0,0.0,https://covers.openlibrary.org/b/id/306359-L.jpg,/works/OL8227958W,True,False,,the fast forward mba in project management
BOOK00543,Project Management in Perspective,['Theuns Oosthuizen'],,['Project management'],2018.0,5.0,1.0,1.0,22.0,3.0,3.0,https://covers.openlibrary.org/b/id/8832283-L.jpg,/works/OL20184101W,True,False,,project management in perspective
BOOK00544,Project Management Techniques,['Rory Burke'],,['Project management'],2013.0,,,3.0,15.0,2.0,0.0,https://covers.openlibrary.org/b/id/13198460-L.jpg,/works/OL21057781W,True,False,,project management techniques
BOOK00545,Project Management,"['Erik W. Larson', 'Clifford F. Gray']",,"['Projectmanagement', 'Administracion del tiempo', 'Risk management', 'Lehrbuch', 'Time management', 'Administracion de riesgos', 'Administracion de proyectos industriales', 'Projektmanagement', 'Project management', 'Budgets temps', 'Gestion de projets', 'Gestion', 'Gestion du risque', 'Projets de développement industriel']",2000.0,,,6.0,16.0,2.0,1.0,https://covers.openlibrary.org/b/id/66184-L.jpg,/works/OL284162W,True,False,,project management
BOOK00546,Project Management in Practice,"['Samuel J. Mantel', 'Jack R. Meredith', 'Scott M. Shafer', 'Margaret M. Sutton']",,['Project management'],2000.0,,,15.0,6.0,0.0,0.0,https://covers.openlibrary.org/b/id/303902-L.jpg,/works/OL29017502W,True,False,,project management in practice
BOOK00547,Construction project management,['Alison Dykstra'],,"['Construction industry', 'Management', 'Project management']",2011.0,,,3.0,16.0,1.0,0.0,https://covers.openlibrary.org/b/id/10637615-L.jpg,/works/OL16166720W,True,False,,construction project management
BOOK00548,Project management,"['Clifford F. Gray', 'Erik W. Larson']",,"['Risk management', 'Project management', 'Time management']",2002.0,,,4.0,9.0,2.0,0.0,https://covers.openlibrary.org/b/id/1084915-L.jpg,/works/OL18176761W,True,False,,project management
BOOK00549,Contemporary Project Management,"['Timothy Kloppenborg', 'Kathryn Wells', 'Vittal S. Anantatmula']",,['Project management'],2012.0,,,3.0,15.0,2.0,0.0,https://covers.openlibrary.org/b/id/13464227-L.jpg,/works/OL22534454W,True,False,,contemporary project management
BOOK00550,The Fast Forward MBA in Project Management,['Eric Verzuh'],"This is one of the bestselling books ever published on the topic of project management. Now in a revised new third edition, it presents you with a wealth of proven techniques for managing projects?from establishing project objectives to building schedules to projecting costs. It includes all the basics on defining, planning, and tracking a project, as well as building stronger project teams. This new edition includes new chapters on Agile Project Management, PMI exam prep, and more.","['Business', 'Nonfiction', 'Project management', 'Reference', 'Gestion de projets', 'Projectmanagement', 'Master of business administration degree', 'Hd69.p75 v475 2008', 'Hd69.p75 v475 2005', '658.4/04']",1999.0,,,7.0,11.0,0.0,0.0,https://covers.openlibrary.org/b/id/303394-L.jpg,/works/OL8227960W,True,False,,the fast forward mba in project management
BOOK00551,"Project Management for Engineering, Business and Technology","['John M. Nicholas', 'Herman Steyn']",,['Project management'],2012.0,,,14.0,8.0,0.0,1.0,https://covers.openlibrary.org/b/id/13190692-L.jpg,/works/OL20754488W,True,False,,"project management for engineering, business and technology"
BOOK00552,Project Management,"['Clifford F. Gray', 'Erik W. Larson']",,['Project management'],2002.0,,,5.0,9.0,0.0,1.0,https://covers.openlibrary.org/b/id/57500-L.jpg,/works/OL20991263W,True,False,,project management
BOOK00553,Project management for healthcare,['David Shirley'],"""A growing number of healthcare organizations are implementing project management principles to improve cost and service efficiencies. They are in desperate need of resources that clearly illustrate the project management needs of todays healthcare professional. Project Management for Healthcare fills this need. Using easy-to-follow language, it explains how the time-tested principles of project management can help maximize limited resources and ensure the highest possible quality of care. Exploring the discipline of project management from the perspective of the healthcare environment, the book dissects the project process and provides the tools and techniques required to successfully plan, execute, and control any healthcare-based project. From identifying stakeholders to constructing a project plan, this book covers the complete spectrum of project planning activities. Complete with chapter summaries, exercises, hints, review questions, and case studies, it illustrates applications across a range of healthcare settings. Explains how to utilize the project plan to execute projects within budget, schedule, and quality objectives Covers program management as it relates to healthcare Addresses the interaction between healthcare and information technology Presents best practices from the pharmaceutical and medical equipment industries that can easily be adapted to any helthcare setting Because most healthcare personnel will inevitably have to work with program management and need to interact with pharmaceutical companies and medical device manufacturers, the book provides an inside look at the processes and best practices used to bring products to market in these industries. Explaining how to adapt these processes to drive down costs and improve the quality of care in any healthcare setting, the book includes a case study of a fictitious medical facility that illustrates the proper application of the tools and techniques needed to manage healthcare projects effectively and efficiently""--Provided by publisher. ""Preface I was a healthcare professional. My first ""real"" job after graduating from college was as a licensed health inspector, then as a licensed health officer, and finally as a health administrator for a small town with a population of about 15,000 people. It was there that I became an accidental or incidental project manager. Until recently, project management was an ""accidental profession."" Few started out as project managers. They were usually something else and either were handed a project to undertake, or suggested an enhancement to an existing process, procedure, or product, and were told to ""run with it."" Either way, their primary job was doing something else. As the health administrator, I was responsible for the animal control program in my town. Because I had a full-time animal control warden and an animal control van, the town suggested I offer those services to other local municipalities to generate income to be able to expand my program. Two of the abutting towns agreed and signed a contract with our Board of Health. Part of that agreement was to pick up stray dogs and cats. It immediately became clear that we needed a place to house the animals""--Provided by publisher.","['Health services administration', 'Organizational Innovation', 'Management Information Systems', 'Project management', 'Delivery of Health Care', 'Organization & administration', 'Services de santé', 'Administration', 'Gestion de projet', 'BUSINESS & ECONOMICS', 'Industries', 'Service Industries', 'COMPUTERS', 'Information Technology', 'MEDICAL', 'Practice Management & Reimbursement']",2011.0,,,15.0,5.0,0.0,0.0,https://covers.openlibrary.org/b/id/9683101-L.jpg,/works/OL15980319W,True,False,,project management for healthcare
BOOK00554,"Project management metrics, KPIs, and dashboards",['Harold Kerzner'],,"['Quality control', 'Performance standards', 'Project management', 'Work measurement', 'BUSINESS & ECONOMICS', 'Project Management', 'TECHNOLOGY & ENGINEERING', 'Projektmanagement']",2011.0,,,14.0,12.0,0.0,0.0,https://covers.openlibrary.org/b/id/8879443-L.jpg,/works/OL19708270W,True,False,,"project management metrics, kpis, and dashboards"
BOOK00555,Project management,"['David L. Cleland', 'Lewis R. Ireland']",,"['Project management', 'Projectmanagement', 'Projektmanagement']",2006.0,,,2.0,10.0,0.0,0.0,https://covers.openlibrary.org/b/id/1080813-L.jpg,/works/OL16642422W,True,False,,project management
BOOK00556,Project Management,"['Erik W. Larson', 'Clifford Gray']",,"['Project management', 'Time management', 'Risk management']",2013.0,,,3.0,8.0,1.0,1.0,https://covers.openlibrary.org/b/id/9155443-L.jpg,/works/OL20498139W,True,False,,project management
BOOK00557,Agile Project Management with Scrum (Microsoft Professional),['Ken Schwaber'],"Apply the principles of Scrum to software project management with guidance from one of the leaders in the agile process movement. Case studies and project examples demonstrate Scrum concepts in practice and emphasize driving projects for maximum ROI. The rules and practices for Scrum—a simple process for managing complex projects—are few, straightforward, and easy to learn. But Scrum's simplicity itself—its lack of prescription—can be disarming, and new practitioners often find themselves reverting to old project management habits and tools and yielding lesser results. In this illuminating series of case studies, Scrum co-creator and evangelist Ken Schwaber identifies the real-world lessons—the successes and failures—culled from his years of experience coaching companies in agile project management. Through them, you'll understand how to use Scrum to solve complex problems and drive better results—delivering more valuable software faster.Gain the foundation in Scrum theory—and practice—you need to:Rein in even the most complex, unwieldy projects Effectively manage unknown or changing product requirements Simplify the chain of command with self-managing development teams Receive clearer specifications—and feedback—from customers Greatly reduce project planning time and required tools Build—and release—products in 30-day cycles so clients get deliverables earlierAvoid missteps by regularly inspecting, reporting on, and fine-tuning projects Support multiple teams working on a large-scale project from many geographic locations Maximize return on investment!","['Computer Technology', 'Nonfiction', 'Development', 'Scrum (Computer software development)', 'Project management', 'Computer software', 'Agile software development', 'Computer software--development', 'Qa76.76.d47 s318 2004', '005.1']",2004.0,3.0,1.0,2.0,15.0,1.0,1.0,https://covers.openlibrary.org/b/id/461518-L.jpg,/works/OL7947520W,True,False,,agile project management with scrum (microsoft professional)
BOOK00558,The art of project management,['Scott Berkun'],,"['Leadership', 'Project management', 'Hd69.p75 b47 2005']",2005.0,1.0,1.0,3.0,7.0,1.0,2.0,https://covers.openlibrary.org/b/id/389008-L.jpg,/works/OL5857852W,True,False,,the art of project management
BOOK00559,A guide to the project management body of knowledge (PMBOK guide),['Project Management Institute'],,"['Project management', 'General', 'Business & Economics', 'Business / Economics / Finance', 'Business/Economics', 'Reference - General', 'Standards']",2000.0,,,2.0,13.0,1.0,0.0,https://covers.openlibrary.org/b/id/955085-L.jpg,/works/OL19130377W,True,False,,a guide to the project management body of knowledge (pmbok guide)
BOOK00560,The Deadline,['Tom DeMarco'],,"['Project management', 'Fiction']",1997.0,3.5,2.0,2.0,11.0,0.0,3.0,https://covers.openlibrary.org/b/id/711889-L.jpg,/works/OL38235W,True,False,,the deadline
BOOK00561,Project Management Absolute Beginner's Guide,['Greg Horine'],,['Project management'],2012.0,,,8.0,9.0,2.0,0.0,https://covers.openlibrary.org/b/id/10097024-L.jpg,/works/OL20800373W,True,False,,project management absolute beginner's guide
BOOK00562,Project management in construction,['Sidney M. Levy'],,"['Construction industry', 'Management', 'Project management', 'Building', 'Gestion de projets', 'Construction', 'Gestion', 'Industrie', 'Superintendence', 'Construction industry, management']",1987.0,,,7.0,6.0,0.0,0.0,https://covers.openlibrary.org/b/id/4165081-L.jpg,/works/OL1965152W,True,False,,project management in construction
BOOK00563,Project management,['Paul C. Tinnirello'],,"['Management', 'Information resources management', 'Handbooks, manuals', 'Information technology', 'Information technology, management', ""Gestion de l'information"", 'Guides, manuels', ""Technologie de l'information"", 'Gestion', 'COMPUTERS / Information Technology', 'BUSINESS & ECONOMICS / Project Management']",2000.0,,,6.0,4.0,1.0,0.0,https://covers.openlibrary.org/b/id/13089392-L.jpg,/works/OL18798198W,True,False,,project management
BOOK00564,Project management for dummies,['Stanley E. Portny'],"More than two thirds of American companies use teams to execute their most important projects, making project management a highly valuable skill for advancing your career. Project Management For Dummies, Second Edition introduces you to the principles of successful project management and shows you how to motivate any team to gain maximum productivity. You'll find out how to: Define your project and what you intend to accomplish Identify project stakeholders and their expectations Develop a project plan Establish project schedules and timetables Determine which skill sets and resources the project requires Choose team members and define their roles Launch you project and track its progress Encourage peak performance Conclude your project successfully Complete with helpful tips on delegating, shortening schedules, and optimizing your own performance Project Management for Dummies, help you get your project, and your career, off the ground in no time.","['Management', 'Business', 'Nonfiction', 'Project management', 'Hd69.p75 p63 2007', 'Medical', 'Nursing']",2000.0,,,4.0,8.0,0.0,0.0,https://covers.openlibrary.org/b/id/521795-L.jpg,/works/OL8205117W,True,False,,project management for dummies
BOOK00565,Making Things Happen,['Scott Berkun'],,"['Leadership', 'Project management', 'Softwareentwicklung', 'Projektmanagement', 'Project Management (PM)']",2008.0,,,5.0,13.0,0.0,1.0,https://covers.openlibrary.org/b/id/5076316-L.jpg,/works/OL5857853W,True,False,,making things happen
BOOK00566,Performance management,['Michael Armstrong'],"Managing staff performance is an effective mechanism for developing both staff and organizational growth. By clarifying an organization’s objectives, translating these into clear individual goals, and reviewing these goals regularly, performance management provides a well-structured and effective management tool. In this revised and updated third edition, Armstrong incorporates the findings of two major research projects on performance management and illustrates the results with numerous case studies, providing invaluable advice from experienced practitioners. Performance Management provides the ideal action plan for any manager wanting to get the best from his or her employees. It is packed with detailed, practical advice.","['Business', 'Employee motivation', 'Employees', 'Nonfiction', 'Performance', 'Performance standards', 'Personnel management', 'Rating of', 'Employees, rating of', 'Management by objectives', 'Organizational behavior', 'Personalentwicklung', 'Performance technology', 'Personnel', 'Direction', 'Rendement au travail', 'BUSINESS & ECONOMICS', 'Workplace Culture', 'Human Resources & Personnel Management', 'Management']",1994.0,4.5,2.0,8.0,21.0,2.0,2.0,https://covers.openlibrary.org/b/id/1394206-L.jpg,/works/OL3944650W,True,False,,performance management
BOOK00567,Performance Management,['Linda Ashdown'],,"['Employees, rating of', 'Personnel management', 'Performance', 'Management', 'Employees', 'Rating of', 'BUSINESS & ECONOMICS / Management', 'BUSINESS & ECONOMICS / Human Resources & Personnel Management']",2014.0,4.0,1.0,4.0,6.0,3.0,1.0,https://covers.openlibrary.org/b/id/8842352-L.jpg,/works/OL20192826W,True,False,,performance management
BOOK00568,Performance Management,"['Aubrey C. Daniels', 'Jon S. Bailey']",,"['Employees', 'Supervision of employees', 'Organizational effectiveness', 'Reinforcement (Psychology)', 'Rating of']",2014.0,5.0,1.0,1.0,20.0,1.0,0.0,https://covers.openlibrary.org/b/id/9362407-L.jpg,/works/OL20688948W,True,False,,performance management
BOOK00569,Performance management systems,['Arup Varma'],,"['Performance', 'Management', 'Performance technology']",2008.0,5.0,1.0,13.0,3.0,1.0,0.0,https://covers.openlibrary.org/b/id/10226628-L.jpg,/works/OL15431388W,True,False,,performance management systems
BOOK00570,Performance management,['Herman Aguinis'],,"['Employees', 'Management', 'Performance', 'Rating of', 'Performance standards', 'Employees, rating of', 'Personeelsmanagement', 'Leistungsbewertung', 'Personalpolitik', 'Personalwesen', 'Rendement au travail', 'Gestion']",2005.0,,,3.0,5.0,1.0,1.0,https://covers.openlibrary.org/b/id/1110295-L.jpg,/works/OL5851871W,True,False,,performance management
BOOK00571,Financial planning & analysis and performance management,['Jack Alexander'],"""This book is the essential desk reference for CFOs, FP&A professionals, investment banking professionals, and equity research analysts. With thought-provoking discussion and refreshing perspective, this book provides insightful reference for critical areas that directly impact an organization's effectiveness. From budgeting and forecasting, analysis, and performance management, to financial communication, metrics, and benchmarking, these insights delve into the cornerstones of business and value drivers. Dashboards, graphs, and other visual aids illustrate complex concepts and provide reference at a glance, while the author's experience as a CFO, educator, and general manager leads to comprehensive and practical analytical techniques for real world application""--","['Corporations', 'Business enterprises', 'Investment banking', 'Finance', 'Handbooks, manuals', 'Business enterprises, finance', 'Corporations, finance']",2018.0,,,1.0,15.0,1.0,0.0,https://covers.openlibrary.org/b/id/13526323-L.jpg,/works/OL19751735W,True,False,,financial planning & analysis and performance management
BOOK00572,Performance management,['Jacky Holloway'],,"['Organizational effectiveness', 'Management', 'Evaluation', 'Personnel management', 'Performance']",2008.0,,,2.0,6.0,0.0,0.0,https://covers.openlibrary.org/b/id/8609107-L.jpg,/works/OL19816272W,True,False,,performance management
BOOK00573,Managing performance,"['Michael Armstrong', 'Angela Baron']",,"['Management', 'Performance', 'Management & management techniques', 'Business/Economics', 'Performance standards', 'Employees', 'Rating of']",2005.0,,,2.0,9.0,0.0,1.0,https://covers.openlibrary.org/b/id/2027589-L.jpg,/works/OL3944625W,True,False,,managing performance
BOOK00574,Handbook of corporate performance management,['Mike Bourne'],"""A thorough and comprehensive guide to measuring and managing the performance of businesses, understanding where you are, communicating where you want to be and managing towards your longer term strategic goals. Measuring performance in a way which is linked to strategy and measures the right activities is a process which few organizations undertake, but those which do reap substantial benefits in terms of increased success. Even fewer organizations can maintain and use their measurement system effectively, engaging the workforce in delivering success. This book will show readers how to do just that, using relevant examples from a variety of organizations including: Tesco's 'steering wheel'- a means of displaying what is important to the organization from boardroom to store - Terry Leahy has attributed much of Tesco's success to their performance management approach EDF Energy's highly innovative approach to cascading their 'success maps' down the organization, winning them a high degree of ownership and commitment to the organizational goals by involving people at all levels in the process Taking a practical approach, and including details of processes and tools that can be adopted and customized by any organization, the authors also include guiding principles to help readers avoid the pitfalls of inappropriate performance management. The book, uniquely, combines guidance on the practical use of frameworks such as the Balanced Scorecard, with the application of measures to manage performance""-- ""A thorough and comprehensive guide to measuring and managing the performance of businesses, understanding where you are, communicating where you want to be and managing towards your longer term strategic goals. Measuring performance in a way which is linked to strategy and measures the right activities is a process which few organizations undertake, but those which do reap substantial benefits in terms of increased success""--","['Performance', 'Measurement', 'Management', 'Organizational effectiveness', 'BUSINESS & ECONOMICS / Personal Finance / General', 'Industrial efficiency']",2011.0,5.0,1.0,6.0,3.0,0.0,1.0,https://covers.openlibrary.org/b/id/13210937-L.jpg,/works/OL16486195W,True,False,,handbook of corporate performance management
BOOK00575,Strategic Performance Management,['Ralph W. Adler'],,"['Organizational effectiveness', 'Performance', 'Organizational behavior', 'Strategic planning', 'Managerial accounting', 'Management audit', 'BUSINESS & ECONOMICS', 'Industrial Management', 'Management', 'Management Science', 'Organizational Behavior']",2018.0,,,8.0,3.0,0.0,0.0,https://covers.openlibrary.org/b/id/13826923-L.jpg,/works/OL21305493W,True,False,,strategic performance management
BOOK00576,Performance management,['A. S. Kohli'],,"['Employees,', 'Personnel management', 'Rating of', 'Employees, rating of']",2008.0,,,1.0,6.0,1.0,0.0,https://covers.openlibrary.org/b/id/13912220-L.jpg,/works/OL16452029W,True,False,,performance management
BOOK00577,Employee engagement through effective performance management,['Edward M. Mone'],,"['Achievement motivation', 'Employee motivation', 'Career development', 'Arbetsmotivation', 'Psychology', 'Career Mobility', ""Motivation d'accomplissement"", 'Plan de carrière', 'Personnel', 'Motivation']",2010.0,,,12.0,2.0,1.0,0.0,https://covers.openlibrary.org/b/id/9271843-L.jpg,/works/OL8936327W,True,False,,employee engagement through effective performance management
BOOK00578,Performance Management,['T. V. Rao'],,"['Personnel management', 'Employees, rating of', 'Performance', 'Employees', 'Management', 'Rating of']",2016.0,,,4.0,3.0,0.0,0.0,https://covers.openlibrary.org/b/id/13188768-L.jpg,/works/OL21125427W,True,False,,performance management
BOOK00579,Performance management,['Ralph R Smith'],,"['Performance standards', 'Goal setting in personnel management']",1996.0,,,3.0,2.0,1.0,0.0,https://covers.openlibrary.org/b/id/12745583-L.jpg,/works/OL8951194W,True,False,,performance management
BOOK00580,ACCA Performance Management,['BPP Learning Media'],,[],2022.0,,,2.0,4.0,0.0,0.0,https://covers.openlibrary.org/b/id/13311798-L.jpg,/works/OL26513767W,True,False,,acca performance management
BOOK00581,Armstrong's Handbook of Performance Management,['Michael Armstrong'],,"['Employees, rating of', 'Performance standards', 'Performance', 'Employees', 'Rating of', 'Commerce']",2014.0,,,5.0,5.0,0.0,0.0,https://covers.openlibrary.org/b/id/11675584-L.jpg,/works/OL21082287W,True,False,,armstrong's handbook of performance management
BOOK00582,Enterprise Performance Management Done Right,['Ron Dimon'],,"['Performance', 'Management', 'Information technology', 'Management information systems', 'Information technology, management', 'Business, data processing']",2013.0,,,6.0,4.0,0.0,0.0,https://covers.openlibrary.org/b/id/7811376-L.jpg,/works/OL17554879W,True,False,,enterprise performance management done right
BOOK00583,Armstrong's handbook of performance management,['Michael Armstrong'],"This new edition of Armstrong's Handbook of Performance Management looks at the results of major research in this area. Armstrong considers how evidence-based material can inform one's understanding of performance management, and he provides practical guidance on how this evidence can be interpreted and applied.","['Business', 'Nonfiction', 'Employees, rating of', 'Performance standards', 'Performance', 'Employees', 'Rating of']",2009.0,1.0,1.0,2.0,2.0,1.0,1.0,https://covers.openlibrary.org/b/id/12291277-L.jpg,/works/OL3944599W,True,False,,armstrong's handbook of performance management
BOOK00584,Performance Management,"['Madhu Arora', 'Poonam Khurana', 'Sonam Choiden']",,"['Commerce', 'Performance', 'Management', 'Employees', 'Rating of', 'Personnel management', 'Technological innovations', 'Rendement au travail', 'Gestion', 'Personnel', 'Direction', 'Innovations', 'TECHNOLOGY / Manufacturing']",2020.0,,,5.0,2.0,0.0,0.0,https://covers.openlibrary.org/b/id/14664609-L.jpg,/works/OL22144070W,True,False,,performance management
BOOK00585,IT performance management,['Peter Wiggers'],,"['Business enterprises', 'Management', 'Information technology', 'Data processing', ""Technologie de l'information"", 'Gestion', 'Entreprises', 'Informatique', 'BUSINESS & ECONOMICS', 'Information Management', 'Knowledge Capital', 'ICT']",2004.0,,,8.0,,,,https://covers.openlibrary.org/b/id/9504289-L.jpg,/works/OL16920005W,True,False,,it performance management
BOOK00586,Intranet performance management,['Kornel Terplan'],,"['Management', 'Intranets (Computer networks)', 'Intranets (computer networks)', 'Intranets', 'Gestion', 'COMPUTERS / Information Technology', 'COMPUTERS / Networking / General']",2000.0,,,5.0,1.0,0.0,0.0,https://covers.openlibrary.org/b/id/11877474-L.jpg,/works/OL1808174W,True,False,,intranet performance management
BOOK00587,Performance management,['Robert Bacal'],,"['Employees', 'Performance standards', 'Rating of', 'Industrial management']",1999.0,,,1.0,4.0,0.0,0.0,https://covers.openlibrary.org/b/id/55960-L.jpg,/works/OL1969032W,True,False,,performance management
BOOK00588,ACCA P5 Advanced Performance Management,['BPP Learning Media'],"1 online resource (xii, 647 pages) :","['Association of Chartered Certified Accountants (Great Britain) -- Examinations -- Study guides', 'Association of Chartered Certified Accountants (Great Britain)', 'Accounting -- Great Britain -- Examinations -- Study guides', 'Accountants -- Certification -- Great Britain -- Examinations -- Study guides', ""Comptabilité -- Grande-Bretagne -- Examens -- Guides de l'étudiant"", 'BUSINESS & ECONOMICS / Accounting / Financial', 'Accounting -- Examinations', 'Examinations', 'Great Britain']",2017.0,,,2.0,5.0,0.0,0.0,https://covers.openlibrary.org/b/id/14437608-L.jpg,/works/OL25718745W,True,False,,acca p5 advanced performance management
BOOK00589,Performance management,['Michael D. McMaster'],,"['Management by objectives', 'Performance']",1986.0,,,2.0,2.0,0.0,0.0,https://covers.openlibrary.org/b/id/6983118-L.jpg,/works/OL16056611W,True,False,,performance management
BOOK00590,Performance Management in Nonprofit Organizations,"['Zahirul Hoque', 'Lee Parker']",,"['Nonprofit organizations, management', 'Performance', 'Nonprofit organizations', 'Management', 'BUSINESS & ECONOMICS / Nonprofit Organizations & Charities', 'BUSINESS & ECONOMICS / Human Resources & Personnel Management', 'BUSINESS & ECONOMICS / Accounting / Managerial', 'Associations sans but lucratif', 'Gestion', 'Rendement au travail', 'BUSINESS & ECONOMICS', 'Nonprofit Organizations & Charities', 'Human Resources & Personnel Management', 'Accounting', 'Managerial', 'Industrial Management', 'Management Science', 'Organizational Behavior']",2014.0,,,7.0,1.0,0.0,0.0,https://covers.openlibrary.org/b/id/14384566-L.jpg,/works/OL21260269W,True,False,,performance management in nonprofit organizations
BOOK00591,Performance Management in the Public Sector,"['Van Dooren Wouter', 'Wouter Van Dooren', 'Geert Bouckaert', 'John Halligan']",,"['Government productivity', 'Performance', 'Public administration', 'Political science']",2015.0,,,6.0,2.0,0.0,0.0,,/works/OL25174740W,True,False,,performance management in the public sector
BOOK00592,Performance Management,['Susan Hutchinson'],,[],2013.0,,,2.0,2.0,0.0,0.0,https://covers.openlibrary.org/b/id/13736661-L.jpg,/works/OL21035273W,True,False,,performance management
BOOK00593,Performance management,['Robert Bacal'],,"['Employees', 'Performance standards', 'Rating of', 'Performance', 'Employees, rating of']",2012.0,,,1.0,3.0,0.0,0.0,https://covers.openlibrary.org/b/id/11030412-L.jpg,/works/OL16191214W,True,False,,performance management
BOOK00594,Performance management,"['Brian J. Hall', 'Richard Luecke']",,"['Personnel management', 'Performance standards', 'Personnel & human resources management', 'Performance Appraisal', 'Business & Economics', 'Business / Economics / Finance', 'Business/Economics', 'Human Resources & Personnel Management', 'Management - General', 'Employees, rating of']",2006.0,,,3.0,3.0,0.0,0.0,https://covers.openlibrary.org/b/id/864085-L.jpg,/works/OL18715129W,True,False,,performance management
BOOK00595,HBR guide to performance management,['HBR'],"Are your employees meeting their goals? Is their work improving over time? Understanding where your employees are succeeding--and falling short--is a pivotal part of ensuring you have the right talent to meet organizational objectives. In order to work with your people and effectively monitor their progress, you need a system in place. The HBR Guide to Performance Management provides a new multi-step, cyclical process to help you keep track of your employees' work, identify where they need to improve, and ensure they're growing with the organization. You'll learn to: Set clear employee goals that align with company objectives. Monitor progress and check in regularly. Close performance gaps. Understand when to use performance analytics. Create opportunities for growth, tailored to the individual. Overcome and avoid burnout on your team--","['Performance', 'Employees', 'Management', 'Rating of', 'Employees, rating of']",2017.0,,,1.0,3.0,0.0,0.0,https://covers.openlibrary.org/b/id/14341579-L.jpg,/works/OL19718665W,True,False,,hbr guide to performance management
BOOK00596,Performance Management,['Michael Armstrong'],"Managing staff performance is an effective mechanism for developing both staff and organizational growth. By clarifying an organization's objectives, translating these into clear individual goals, and reviewing these goals regularly, performance management provides a well-structured and effective management tool. In this fully revised new edition, Armstrong incorporates the findings of two major research projects on performance management (CIPD and e-reward) and illustrates the results with a number of pertinent case studies providing great advice from experienced practitioners. The concept and practice of performance management have been completely updated in the light of current best practice. Performance Management provides the ideal action plan for any manager wanting to get the best from their employees. It is packed with detailed and practical advice and this third edition is complete with fully up-to-date chapters on the basis, process and practice of performance management and on performance management roles.",[],2006.0,,,1.0,2.0,0.0,0.0,https://covers.openlibrary.org/b/id/7347962-L.jpg,/works/OL3944628W,True,False,,performance management
BOOK00597,Strategic Planning and Performance Management,['Graham Kenny'],"Strategic Planning and Performance Measurement: Develop & Measure a Winning Strategy, provides a clear and concise roadmap for designing, implementing and measuring strategy. The focus is on strategic factors, which are defined in a unique way as the criteria on which an organization or business unit has to do well in order to succeed. For organizations to be successful, they must take a stakeholder perspective of their performance - stakeholders such as customers, suppliers, employees and owners. The book cites many case studies including: 7-El.","['United States. Dept. of Education -- Planning', 'United States. Government Performance and Results Act of 1993', 'Strategic planning']",2012.0,,,7.0,1.0,0.0,0.0,https://covers.openlibrary.org/b/id/8723502-L.jpg,/works/OL19904336W,True,False,,strategic planning and performance management
BOOK00598,Organizational behaviour,['Richard Pettinger'],,"['Leadership', 'Industrial management', 'Organizational behavior', 'Comportement organisationnel', ""Gestion d'entreprise"", 'BUSINESS & ECONOMICS', 'Human Resources & Personnel Management', 'Workplace Culture', 'Organisationsverhalten']",2009.0,,,7.0,1.0,0.0,0.0,https://covers.openlibrary.org/b/id/13852388-L.jpg,/works/OL15530645W,True,False,,organizational behaviour
BOOK00599,Global Performance Management (Global HRM),['Arup; Bu Varma'],,"['Performance', 'Management', 'Performance technology', 'Personnel management', 'Administration of Criminal justice', 'Cross-cultural studies', '86.43 criminal procedure law, criminal law sanctions', 'Strafprocesrecht', 'Strafrechtspraak', 'Criminal justice', 'Administration of justice', 'Criminal procedure', 'Comparative criminal law', 'Rendement au travail', 'Gestion', 'BUSINESS & ECONOMICS', 'Workplace Culture', 'Human Resources & Personnel Management', 'Humanvermögen', 'Interkulturelles Management', 'Internationaler Vergleich', 'Leistungsbewertung', 'Multinationales Unternehmen', 'Personalbeurteilung', 'Unternehmen']",2007.0,,,3.0,1.0,1.0,0.0,https://covers.openlibrary.org/b/id/5725771-L.jpg,/works/OL9353543W,True,False,,global performance management (global hrm)
BOOK00600,ACCA F5 Performance Management,['BPP Learning Media'],,"['Accounting, examinations, questions, etc.', 'Accountants', 'Examinations, great britain']",2015.0,,,3.0,2.0,0.0,0.0,,/works/OL25351280W,True,False,,acca f5 performance management
BOOK00601,ACCA F5 Performance Management,['BPP Learning Media'],1 online resource,"['Association of Chartered Certified Accountants (Great Britain) -- Examinations -- Study guides', 'Association of Chartered Certified Accountants (Great Britain)', 'Accounting -- Great Britain -- Examinations -- Study guides', 'Industrial management -- Examinations -- Study guides', 'BUSINESS & ECONOMICS / Accounting / Financial', 'Accounting -- Examinations', 'Examinations', 'Industrial management -- Examinations', 'Great Britain']",2017.0,,,2.0,2.0,1.0,0.0,https://covers.openlibrary.org/b/id/14437610-L.jpg,/works/OL25718743W,True,False,,acca f5 performance management
BOOK00602,Case Studies in Performance Management,['Tony C. Adkins'],"Praise for Case Studies in Performance Management ""With this book, Tony Adkins has made an important contribution to the body of knowledge of managerial accounting."" --From the Foreword by Gary Cokins, lead strategist, Business Performance Management Solutions group with SAS Institute and internationally recognized expert in advanced cost management and performance improvement systems ""If you want to achieve direction, traction, and speed in business, Case Studies in Performance Management: A Guide from the Experts is a must-read . . . jam-packed with golden nuggets you can put to work immediately."" --Jason Jennings, bestselling author of Think Big, Act Small, Less Is More and It's Not the Big That Eat the Small . . . It's the Fast That Eat the Slow ""Tony has the insight found only from actual implementations of ABC/PM.Using this as lens, he has brought the collective experience of experts into focus."" --Mohan Nair, author of Essentials of Balanced Scorecard and Activity-Based Information Systems ""Tony Adkins has lived the life of a true ABC/PM road warrior. His collection of case studies reaches beyond the theory to capture the harsh reality of what it takes to successfully implement performance management. A must-read for anyone wise enough to learn from those who have gone before."" --Chris M. Pieper, CEO, FormRouter, Inc. (former founder and CEO of ABC Technologies) ""Everyone who reads this book will gain a solid appreciation of the substance and value of performance management in varied industry settings and applications."" --Dr. Peter B. B. Turney, President and Chief Executive Officer of Cost Technology, Inc. and author of Common Cents If you're looking for a way to dramatically improve your company's performance and get back its competitive edge, Case Studies in Performance Management: A Guide from the Experts will show you how other businesses, driven to remain competitive by changes in their industries, learned to work smarter using ABC/PM in today's tough business environment. Noteworthy commentary from experts in the field including Ashok Vadgama and Alan Stratton helps you understand ABC/PM and how to execute its sound strategies in your own business.","['Business', 'Management', 'Nonfiction', 'Industrial management', 'Cost accounting', 'Activity-based costing', 'Managerial accounting', 'Performance', 'Cost effectiveness', 'Case studies']",2006.0,,,6.0,2.0,0.0,0.0,https://covers.openlibrary.org/b/id/1250817-L.jpg,/works/OL8232406W,True,False,,case studies in performance management
BOOK00603,Performance management,['Michael D. McMaster'],,"['Management by objectives', 'Performance', 'Handbooks, manuals', 'Personnel management', 'Performance standards']",1983.0,,,6.0,1.0,0.0,0.0,https://covers.openlibrary.org/b/id/1871974-L.jpg,/works/OL2979457W,True,False,,performance management
BOOK00604,ACCA Performance Management,['BPP Learning Media'],,[],2024.0,1.0,1.0,1.0,1.0,0.0,1.0,,/works/OL38616422W,True,False,,acca performance management
BOOK00605,Performance Management for Dummies,"['Dummies Staff', 'Herman Aguinis']",,"['Performance', 'Performance standards', 'Personnel management']",2019.0,,,3.0,2.0,0.0,0.0,https://covers.openlibrary.org/b/id/13208839-L.jpg,/works/OL21196875W,True,False,,performance management for dummies
BOOK00606,Performance Management (Acca),['Kaplan Publishing'],,[],2006.0,,,1.0,2.0,1.0,0.0,,/works/OL8364055W,True,False,,performance management (acca)
BOOK00607,Performance Management,['Gary Cokins'],"Praise for Performance Management ""We are witnessing a convergence among advanced management concepts and practices. Performance management is a means to pull it all together, to understand the strengths and limitations of each management practice and leverage it for competitive advantage. Cokins' book walks us through all this in a manner that makes something confusing much less so. There is no one right answer for any situation. The answer lies in a balance of concepts and the integration of them. Performance Management is the glue that holds them all together. This book helps the reader understand the breadth of PM. It's not just about measuring!"" --John F. Morrow, CPA, AICPA Vice President, The New Finance ""Gary Cokins has articulated the '411' of performance management. His combination of personal anecdotes with fundamental cost and performance management theories provides business leaders at all levels, in any industry or profession, a solid resource for practicing their work. This book is not only an invaluable resource for those new to performance management but provides guidance, wisdom, support, and insight to all industry leaders and managers. Cokins has organized and simplified the many complex performance management theories, associated tools, and infrastructure for the reader. Buy it, read it, and give it to your colleagues--then celebrate your successes!"" --Sue Swertfeger, Senior Manager, Owens & Minor","['Business', 'Finance', 'Nonfiction', 'Organizational effectiveness', 'Performance', 'Industrial productivity', 'Measurement', 'BUSINESS & ECONOMICS', 'Strategic Planning', 'Risk management']",2004.0,,,11.0,,,,https://covers.openlibrary.org/b/id/305762-L.jpg,/works/OL2979729W,True,False,,performance management
BOOK00608,Strategic Performance Management,"['Bernard Marr', 'Dina Gray']",,[],2012.0,,,7.0,,,,,/works/OL25194931W,True,False,,strategic performance management
BOOK00609,Performance management,['Aubrey C. Daniels'],,"['Administracao De Pessoal', 'Employees', 'Reinforcement (Psychology)', 'Psicologia Industrial', 'Administradores', 'Comportamento Organizacional', 'Supervision of employees', 'Administracao De Empresas', 'Rating of', 'Performance standards', 'Productivity accounting']",1989.0,,,2.0,2.0,0.0,0.0,https://covers.openlibrary.org/b/id/6630679-L.jpg,/works/OL16477264W,True,False,,performance management
BOOK00610,Teach Yourself Performance Management,['Phil Baguley'],,"['Performance', 'Employee rights']",2003.0,,,1.0,3.0,0.0,0.0,https://covers.openlibrary.org/b/id/2403253-L.jpg,/works/OL3501574W,True,False,,teach yourself performance management
BOOK00611,Innovative Corporate Performance Management,['Bob Paladino'],,"['Organizational effectiveness', 'Management', 'Performance']",2010.0,,,5.0,1.0,0.0,0.0,,/works/OL21456114W,True,False,,innovative corporate performance management
BOOK00612,HR networking,['Lisa R. Franke'],,"['Leadership', 'Management', 'Work environment', 'Personnel management']",2004.0,,,1.0,2.0,0.0,0.0,https://covers.openlibrary.org/b/id/1529386-L.jpg,/works/OL5757509W,True,False,,hr networking
BOOK00613,Reengineering performance management,['Tracey Bernstein Weiss'],,"['Performance', 'Reengineering (Management)', 'Personnel management', 'Reengineering (management)']",1997.0,5.0,1.0,1.0,1.0,1.0,0.0,https://covers.openlibrary.org/b/id/1925549-L.jpg,/works/OL1686521W,True,False,,reengineering performance management
BOOK00614,Implementing Performance Management,['Joan Dean'],,"['School management and organization', 'Teacher effectiveness']",2003.0,,,6.0,,,,,/works/OL25742435W,True,False,,implementing performance management
BOOK00615,Human resource management,"['H. John Bernardin', 'Joyce E. A. Russell']",,"['Personnel management', 'Personalwesen', 'Personnel', 'Direction']",1992.0,5.0,3.0,12.0,76.0,6.0,2.0,https://covers.openlibrary.org/b/id/4001936-L.jpg,/works/OL2707715W,True,False,,human resource management
BOOK00616,Human resource management,"['Robert L. Mathis', 'John Harold Jackson']",,"['Personnel management', 'Personnel management, study and teaching']",1999.0,5.0,1.0,8.0,44.0,4.0,3.0,https://covers.openlibrary.org/b/id/5061491-L.jpg,/works/OL19437656W,True,False,,human resource management
BOOK00617,Fundamentals of human resource management,['David A. DeCenzo'],,"['Personnel management', 'Personnel', 'Direction', 'Personeelsmanagement', 'Personalpolitik']",2005.0,,,14.0,40.0,6.0,0.0,https://covers.openlibrary.org/b/id/9503846-L.jpg,/works/OL1965131W,True,False,,fundamentals of human resource management
BOOK00618,Human Resource Management,['Gary Dessler'],,['Personnel management'],1999.0,,,12.0,33.0,2.0,0.0,https://covers.openlibrary.org/b/id/14158324-L.jpg,/works/OL21393709W,True,False,,human resource management
BOOK00619,Human resource management,"['Greg L. Stewart', 'Kenneth G. Brown']",,"['Personnel & human resources management', 'Business & Economics', 'Business / Economics / Finance', 'Business/Economics', 'Human Resources & Personnel Management', 'Management - General', 'Business & Economics / Management', 'Personnel management', 'Personalpolitik', 'Humanvermo\x98gen', 'Personeelsmanagement']",2008.0,,,16.0,19.0,2.0,1.0,https://covers.openlibrary.org/b/id/2426095-L.jpg,/works/OL1918475W,True,False,,human resource management
BOOK00620,Human resource management,"['John Bratton', 'Jeffrey Gold']",,"['Personnel management', 'Direction', 'Personeelsmanagement', 'Gestion', 'Ressources humaines', 'Personnel', ""Manuels d'enseignement supérieur"", 'Leermiddelen (vorm)', 'Human resources & personnel management', 'Business & economics -> management -> human resource management']",1994.0,,,17.0,18.0,1.0,1.0,https://covers.openlibrary.org/b/id/1522009-L.jpg,/works/OL3026340W,True,False,,human resource management
BOOK00621,Human resources management,['Wendell L. French'],,['Personnel management'],1986.0,5.0,2.0,6.0,19.0,2.0,2.0,https://covers.openlibrary.org/b/id/4346714-L.jpg,/works/OL1984512W,True,False,,human resources management
BOOK00622,Human resource management,['Gary Dessler'],,"['Personeelsmanagement', 'Humanvermögen', 'Personalentwicklung', 'Personnel management']",2003.0,5.0,1.0,2.0,42.0,0.0,1.0,https://covers.openlibrary.org/b/id/6821245-L.jpg,/works/OL15643306W,True,False,,human resource management
BOOK00623,Human resource management,['Lloyd L. Byars'],,"['Personnel management', 'Personalmanagement', 'Theorie', 'USA', 'Administración de personal']",1987.0,5.0,1.0,7.0,31.0,0.0,0.0,https://covers.openlibrary.org/b/id/149179-L.jpg,/works/OL2959662W,True,False,,human resource management
BOOK00624,Human resource management,['John M. Ivancevich'],,"['Personnel management', 'Case studies', 'Personalwesen', 'Personalpolitik', 'Personalentwicklung', 'Personal', '0 Gesamtdarstellung', 'Humanvermo\x98gen', 'Humanvermögen']",1992.0,3.0,2.0,6.0,21.0,3.0,2.0,https://covers.openlibrary.org/b/id/1087146-L.jpg,/works/OL1870276W,True,False,,human resource management
BOOK00625,Strategic Human Resource Management,['Jeffrey A. Mello'],,"['Organizational effectiveness', 'Case studies', 'Strategic planning', 'Human capital', 'Labor productivity', 'Personnel management']",2005.0,3.0,2.0,1.0,49.0,2.0,2.0,https://covers.openlibrary.org/b/id/1178487-L.jpg,/works/OL3500981W,True,False,,strategic human resource management
BOOK00626,Human resource management,['Gary Dessler'],,"['Personeelsmanagement', 'Personnel management']",2005.0,1.0,1.0,2.0,27.0,3.0,1.0,https://covers.openlibrary.org/b/id/6800882-L.jpg,/works/OL15711892W,True,False,,human resource management
BOOK00627,Understanding Human Resources Management,"['Melanie Peacock', 'Monica Belcourt', 'Eileen B. Stewart']",,['Personnel management'],2019.0,,,1.0,49.0,1.0,0.0,https://covers.openlibrary.org/b/id/13842322-L.jpg,/works/OL21342333W,True,False,,understanding human resources management
BOOK00628,Human Resource Management,"['Pieter Nel', 'Amanda Werner', 'Christoff Botha', 'Osmond Ngalo', 'Paul Poisat']",,"['Personnel management', 'Australia, economic conditions']",2018.0,5.0,1.0,1.0,32.0,4.0,2.0,https://covers.openlibrary.org/b/id/13720150-L.jpg,/works/OL21358315W,True,False,,human resource management
BOOK00629,Human Resource Management,['Raymond J. Stone'],,"['Personnel management', 'Personnel', 'Direction', 'Personalpolitik', 'Management']",1995.0,,,11.0,14.0,0.0,0.0,https://covers.openlibrary.org/b/id/1245443-L.jpg,/works/OL8208029W,True,False,,human resource management
BOOK00630,Human resource management,"['William P. Anthony', 'Pamela L. Perrewe', 'K. Michele Kacmar', 'K. Michelle Kacmar']",,['Personnel management'],1998.0,,,5.0,25.0,0.0,1.0,https://covers.openlibrary.org/b/id/1063920-L.jpg,/works/OL2038891W,True,False,,human resource management
BOOK00631,Human resource management,['Melva M. Diamante'],,['Manpower planning'],2007.0,5.0,1.0,1.0,31.0,3.0,1.0,,/works/OL15589903W,True,False,,human resource management
BOOK00632,Human resource management,['David A. DeCenzo'],,"['Personal', 'Administración', 'Personnel management']",1994.0,5.0,1.0,7.0,11.0,3.0,1.0,https://covers.openlibrary.org/b/id/303141-L.jpg,/works/OL1965132W,True,False,,human resource management
BOOK00633,Fundamentals of Human Resource Management,['Gary Dessler'],,['Personnel management'],2008.0,,,6.0,22.0,0.0,1.0,https://covers.openlibrary.org/b/id/10257614-L.jpg,/works/OL20811346W,True,False,,fundamentals of human resource management
BOOK00634,Human resource management,['Cynthia D. Fisher'],,"['Personnel management', 'Personnel management.', 'Personnel', 'Direction']",1990.0,5.0,1.0,7.0,15.0,0.0,2.0,https://covers.openlibrary.org/b/id/4346662-L.jpg,/works/OL2025031W,True,False,,human resource management
BOOK00635,Human Resource Management,"['Robert N. Lussier', 'John R. Hendon']",,"['Personnel management', 'Commerce', 'Personnel', 'Direction']",2013.0,,,10.0,15.0,0.0,1.0,https://covers.openlibrary.org/b/id/8825755-L.jpg,/works/OL20178427W,True,False,,human resource management
BOOK00636,Human Resource Management,['K. Aswathappa'],,"['Human resources & personnel management', 'Business & economics -> management -> human resource management']",2012.0,1.0,1.0,1.0,27.0,4.0,1.0,,/works/OL37481193W,True,False,,human resource management
BOOK00637,Human resource management,['Lloyd L. Byars'],,"['Humanvermo gen', 'Personnel management', 'Personalentwicklung']",2000.0,,,3.0,15.0,2.0,0.0,https://covers.openlibrary.org/b/id/8018383-L.jpg,/works/OL17738599W,True,False,,human resource management
BOOK00638,Personnel and human resources management,['Perfecto S. Sison'],,['Personnel management'],1981.0,4.5,2.0,2.0,35.0,2.0,0.0,,/works/OL5317495W,True,False,,personnel and human resources management
BOOK00639,Human resources management,['H. T. Graham'],,"['Industrial Psychology', 'Personnel management', 'Psychology, Industrial', 'Gestion', 'Führung']",1974.0,,,8.0,11.0,3.0,0.0,https://covers.openlibrary.org/b/id/10617091-L.jpg,/works/OL13577175W,True,False,,human resources management
BOOK00640,Human resource management,"['Julie Beardwell', 'Tim Claydon']","xxiv, 659 pages : 25 cm","['Textbooks', 'Personnel management', 'Personeelsmanagement', 'Business and Management', 'Personnel Management', 'Humanvermögen', 'Personalentwicklung', 'Personalwesen']",2009.0,,,6.0,11.0,1.0,0.0,https://covers.openlibrary.org/b/id/10334369-L.jpg,/works/OL18626138W,True,False,,human resource management
BOOK00641,Armstrong's handbook of human resource management practice,['Michael Armstrong'],"xxxii, 738 pages ; 25 cm","['Personnel management', 'Handbooks, manuals', 'Personnel', 'Guides, manuels', 'Direction', 'Personnel management -- Handbooks, manuals, etc', 'Personnel -- Direction -- Guides, manuels, etc', 'Business and Management']",2009.0,,,5.0,24.0,0.0,0.0,https://covers.openlibrary.org/b/id/8435427-L.jpg,/works/OL16981036W,True,False,,armstrong's handbook of human resource management practice
BOOK00642,Fundamentals of human resource management,['Raymond A. Noe'],,['Personnel management'],2006.0,,,4.0,18.0,0.0,0.0,https://covers.openlibrary.org/b/id/9504084-L.jpg,/works/OL16992316W,True,False,,fundamentals of human resource management
BOOK00643,Strategic Human Resource Management,"['Gary Rees', 'Paul E Smith']",,['Personnel management'],2014.0,4.0,1.0,8.0,11.0,0.0,1.0,https://covers.openlibrary.org/b/id/10300084-L.jpg,/works/OL20926424W,True,False,,strategic human resource management
BOOK00644,International Human Resource Management,"['Chris Brewster', 'Paul Sparrow', 'Guy Vernon']","Suitable for modules in International Human Resource Management or for international students studying HRM, this book presents a comprehensive treatment of comparative and international HRM. It includes teaching notes, case studies, teaching/learning questions and a bibliography to each chapter.",['International business enterprises'],2001.0,,,13.0,7.0,0.0,1.0,https://covers.openlibrary.org/b/id/2027593-L.jpg,/works/OL21406978W,True,False,,international human resource management
BOOK00645,"Human Resource Management, 16th edition",['Gary Dessler'],,[],2015.0,,,1.0,32.0,1.0,1.0,,/works/OL28214958W,True,False,,"human resource management, 16th edition"
BOOK00646,Strategic human resource management,['Michael Armstrong'],"Strategic human resource management has been taken up by academics, consultants and practitioners alike. However, the integration of human resource strategy with overall business strategy is often easier in theory than in practice. Strategic Human Resource Management provides a bridge between theory and practice and offers a guide to both formulating human resource strategies and implementing them. This new edition has been fully updated and revised to incorporate the latest thinking, research and practice in this important field, using case studies, checklists and practical examples. Human resource strategies are only as good as the effective action they produce. Formulating them is the easy part. The difficulties begin when they have to be implemented. This book is an invaluable aid in converting rhetoric into reality.","['Business', 'Nonfiction', 'Personnel management', 'Direction', 'Personeelsmanagement', 'Management', 'Personnel', 'Humanvermögen']",2000.0,5.0,1.0,5.0,13.0,1.0,1.0,https://covers.openlibrary.org/b/id/1394941-L.jpg,/works/OL3944649W,True,False,,strategic human resource management
BOOK00647,Human Resource Management,"['Ronan Carbery', 'Christine Cross']",,['Personnel management'],2013.0,,,4.0,12.0,0.0,1.0,https://covers.openlibrary.org/b/id/9172088-L.jpg,/works/OL20521593W,True,False,,human resource management
BOOK00648,A Handbook of Human Resource Management Practice,['Michael Armstrong'],"Now in its tenth edition, this internationally best-selling text has been fully updated to incorporate new developments in human resource management policy and research. Based on the latest HRM theory, A Handbook of Human Resource Management Practice considers the HR function in relation to the needs of the business as a whole. Thoroughly updated in the light of current best practice and drawing on new research, the handbook now includes sections on human capital management, the role of the front-line manager, developing and implementing HR strategies, and learning and development. Recognizing HRM as a strategic process, Michael Armstrong provides practical advice on how companies can maximize the effectiveness of the HRM function and ensure that it makes a major contribution to organizational success. This comprehensive handbook is also essential reading for HRM students at both undergraduate and postgraduate level.Note: CD-ROM/DVD and other supplementary materials are not included as part of the eBook file.*The CD-ROM is not included with the digital version of this book.*The DVD is not included with the digital version of this book.","['Business', 'Handbooks, manuals', 'Nonfiction', 'Personnel management', '85.62 personnel management', 'Formation', 'Ressources humaines', 'Manuels', 'Gestion du personnel', 'Personeelsmanagement', 'Personnel', 'Guides, manuels', 'Direction', 'BUSINESS & ECONOMICS', 'Workplace Culture', 'Human Resources & Personnel Management']",1999.0,,,5.0,15.0,3.0,0.0,https://covers.openlibrary.org/b/id/6419374-L.jpg,/works/OL3944648W,True,False,,a handbook of human resource management practice
BOOK00649,Human resource management,['Robert L. Mathis'],,['Personnel management'],1994.0,,,4.0,10.0,2.0,0.0,https://covers.openlibrary.org/b/id/3853271-L.jpg,/works/OL3280702W,True,False,,human resource management
BOOK00650,Human Resource Management,['Raymond A. Noe'],,['Personnel management'],1999.0,,,7.0,9.0,1.0,0.0,https://covers.openlibrary.org/b/id/5027729-L.jpg,/works/OL1806192W,True,False,,human resource management
BOOK00651,Healthcare human resource management,"['Walter J. Flynn', 'Robert L. Mathis', 'John Harold Jackson']",,"['Administration', 'Health Manpower', 'Health Personnel', 'Health facilities', 'Health services administration', 'Methods', 'Organization & administration', 'Personnel management', 'Health systems & services', 'Business & Economics', 'Business / Economics / Finance', 'Textbooks', 'Business/Economics', 'Human Resources & Personnel Management', 'Business & Economics / Human Resources & Personnel Management', 'United States', 'Hospital Personnel Administration', 'Health Workforce', 'Equipements sanitaires', 'Personnel', 'Direction', 'Personnel medical', 'Sante?, Services de']",2006.0,,,4.0,11.0,0.0,0.0,https://covers.openlibrary.org/b/id/1178593-L.jpg,/works/OL9218737W,True,False,,healthcare human resource management
BOOK00652,Human resource management,['Gary Dessler'],,['Personnel management'],2006.0,,,2.0,14.0,0.0,1.0,https://covers.openlibrary.org/b/id/9264184-L.jpg,/works/OL20643067W,True,False,,human resource management
BOOK00653,Human Resource Management,"['Jonathan Crawshaw', 'Pawan Budhwar', 'Ann Davis']",,"['Personnel management', 'Business and Management']",2014.0,,,11.0,7.0,0.0,0.0,https://covers.openlibrary.org/b/id/12212831-L.jpg,/works/OL20750977W,True,False,,human resource management
BOOK00654,Human Resource Management,['Aswathappa'],,[],2013.0,,,1.0,17.0,1.0,0.0,https://covers.openlibrary.org/b/id/10479512-L.jpg,/works/OL22585097W,True,False,,human resource management
BOOK00655,Human resource management,"['Raymond A. Noe', 'John R. Hollenbeck']",,"['Personnel management', 'Textbooks']",1994.0,,,5.0,9.0,0.0,0.0,https://covers.openlibrary.org/b/id/8328566-L.jpg,/works/OL18163946W,True,False,,human resource management
BOOK00656,Fundamentals of Human Resource Management,"['Raymond A. Noe', 'John R. Hollenbeck', 'Barry Gerhart', 'Patrick M. Wright']",,"['Personnel management', 'Personnel Management', 'Personnel', 'Direction', 'Humanvermögen', 'Personalpolitik', 'Personalentwicklung']",2011.0,,,5.0,13.0,1.0,0.0,https://covers.openlibrary.org/b/id/8356750-L.jpg,/works/OL18361705W,True,False,,fundamentals of human resource management
BOOK00657,Introduction to Human Resource Management,['Nick Wilton'],,"['Personnel management', 'Commerce', 'Personalpolitik']",2011.0,,,18.0,6.0,0.0,0.0,https://covers.openlibrary.org/b/id/12652359-L.jpg,/works/OL21035434W,True,False,,introduction to human resource management
BOOK00658,Human resource management,['Laura Portolese Dias'],,['Personnel management'],2011.0,,,2.0,9.0,1.0,0.0,https://covers.openlibrary.org/b/id/11963556-L.jpg,/works/OL25072985W,True,False,,human resource management
BOOK00659,Strategic compensation,['Joseph J. Martocchio'],,"['Compensation management', 'Personnel management']",2008.0,,,9.0,11.0,1.0,0.0,https://covers.openlibrary.org/b/id/7427182-L.jpg,/works/OL18748808W,True,False,,strategic compensation
BOOK00660,Organizational Behavior,['Stephen P. Robbins'],"'Organizational Behavior' contains new material on responding to global and cultural diversity with discussions of globalization, workforce diversity and ethics. There is an additional chapter on leadership and expanded coverage of interpersonal and behavioral skills.","['Organizational behavior', 'Comportement organisationnel', 'Organisatiekunde', 'Management', 'Organisatiegedrag', 'Organization and Administration', 'Industrial Psychology', 'Organisationspsychologie', 'OrganizatŁsionno povedenie', 'Organisationsverhalten', 'Hairdressing', 'Organizat͡sionno povedenie', '85.08 organizational sociology and psychology', 'O rgu tsel davran♯łs ʹ', 'Textbooks', 'Personnel management', 'BUSINESS & ECONOMICS', 'Industrial Management', 'Management Science', 'Business &amp; economics', 'Hd58.7 .r62 2015', '658.3', 'Organizational culture', 'Hd58.7 .r62 2017', 'Behavior', 'Group Processes', 'Organizations', 'Corporate culture', 'Organizational effectiveness']",1979.0,4.25,12.0,77.0,512.0,41.0,26.0,https://covers.openlibrary.org/b/id/88925-L.jpg,/works/OL510735W,True,False,,organizational behavior
BOOK00661,Organizational behavior,['Fred Luthans'],,"['Management', 'Organizational behavior', 'Industrial Psychology', 'Organization', 'Organisationsverhalten', 'Comportamiento organizacional', 'Organisatiegedrag', 'Organisatiesociologie', 'Gestion', 'Organisation', 'Psychologie du travail']",1973.0,4.6,5.0,17.0,51.0,7.0,4.0,https://covers.openlibrary.org/b/id/6792039-L.jpg,/works/OL15827705W,True,False,,organizational behavior
BOOK00662,Essentials of Organizational Behavior,['Stephen P. Robbins'],"""Essentials of Organizational Behavior, Sixth Edition provides a reality-based review of organizational behavior in an abbreviated format. Stephen P. Robbins integrates timely topics throughout the book, such as diversity, globalization, and ethics.""--Jacket.","['Organizational behavior', 'Comportement organisationnel', 'Organisatiegedrag', 'Organisationsverhalten', 'Organizational theory & behaviour']",1984.0,3.0,3.0,17.0,51.0,9.0,4.0,https://covers.openlibrary.org/b/id/87316-L.jpg,/works/OL510771W,True,False,,essentials of organizational behavior
BOOK00663,Organizational behavior,"['Robert Kreitner', 'Angelo Kinicki']","This edition (3rd) provides ""new or significantly improved coverage of the following topics: the downside of downsizing, profile of the 21st-century manaer, principles of total quality management (TQM), the Deming legacy, global skills for global managers, managing the foreign assignment cycle, managing cultural diversity, the Big Five personality dimensions, three ethical criteria for managers, general moral principles for global managers, trait/genetic components of job satisfaction, goal commitment, Covey's seven habits of highly effective people as an agenda for self-improvement, stepladder technique for avoiding social loafing, women politicians and socialized power, computer-aided decision making, collaborative computing, evolution of a team, research evidence of what self-managed teams actually do, videoconferencing and communication, common trouble signs for feedback systems, 360-degree performance reviews, managerial credibility, gender and leadership, charismatic leadership, organizational reengineering, new-style versus old-style organizations, the shape of tomorrow's organizations (hourglass, cluster, network), adaptive cultures, corporate vision and values, developing high-performance cultures, readiness for change, and learning organizations.""--P. ix.","['Organizational behavior', 'Psicologia organizacional', 'Comportamento organizacional', 'Organisatiesociologie', 'Comportamiento organizacional', 'Behavior', 'Decision Making', 'Organisatiegedrag', 'Einfu\x98hrung', 'Organisationsverhalten', 'Comportement organisationnel', 'Business &amp; economics', 'Management']",1989.0,,,12.0,59.0,3.0,0.0,https://covers.openlibrary.org/b/id/1084358-L.jpg,/works/OL547477W,True,False,,organizational behavior
BOOK00664,Organizational behavior,"['Don Hellriegel', 'Hellriegel', 'John W. Slocum']",,"['Management', 'Organizational behavior', 'Case studies', 'Organization', 'Management - General', 'Business / Economics / Finance', 'Organizational Behavior In Business', 'Business & Economics', 'Business/Economics', 'Business & Economics / Organizational Behavior', 'Comportement organisationnel', 'Organisatiegedrag', 'Gestion', 'Organisationsverhalten', 'Organisation', ""Gestion d'entreprise""]",1976.0,,,13.0,42.0,2.0,2.0,https://covers.openlibrary.org/b/id/4292860-L.jpg,/works/OL1897916W,True,False,,organizational behavior
BOOK00665,Organizational behavior,['Steven Lattimore McShane'],,"['Organizational behavior', 'Organisationsverhalten', 'Organisationsforschung', 'Organisationssoziologie']",2000.0,,,14.0,14.0,4.0,0.0,https://covers.openlibrary.org/b/id/3698163-L.jpg,/works/OL47375W,True,False,,organizational behavior
BOOK00666,International dimensions of organizational behavior,['Nancy J. Adler'],"International Dimensions of Organizational Behavior presents the behavior of managers, employees, and organizations from a global perspective. Unlike many other books in the field that simply compare managers working at home in their various cultures, International Dimensions of Organizational Behavior describes the approaches of successful managers in interacting with people from a wide range of cultures, including from Asia, Africa, Eastern and Western Europe, the Middle East, and people from both North and South America. This compact volume takes international management to a new level, integrating new research and examples of women in the roles of international managers and global leaders; more case studies, examples, and exercises; and completely up-to-date content, providing historical perspective for today's developments in global business.","['Cross-cultural studies', 'Organizational behavior', 'Management', 'Organisaties', 'Organisation', 'Culturele verschillen', 'Kulturvergleich', 'Comportement organisationnel', 'Études transculturelles', 'Multinationales Unternehmen', 'Kulturelle Identität', 'Gestion interculturelle', 'Organisationsverhalten', 'open_syllabus_project']",1986.0,,,5.0,24.0,3.0,0.0,https://covers.openlibrary.org/b/id/4145231-L.jpg,/works/OL3118214W,True,False,,international dimensions of organizational behavior
BOOK00667,Organizational behavior,"['John W. Newstrom', 'Keith Davis']",,"['Industrial sociology', 'Organizational behavior', 'Comportement organisationnel', 'Organisatiegedrag', 'Sociologie du travail', 'Psychologie du travail', 'Business &amp; economics']",1993.0,,,8.0,16.0,3.0,1.0,https://covers.openlibrary.org/b/id/4945038-L.jpg,/works/OL2714552W,True,False,,organizational behavior
BOOK00668,Human behavior at work,['Keith Davis'],,"['Industrial sociology', 'Organizational behavior', 'Comportement organisationnel', 'Arbeids- en organisatiepsychologie', 'Organisatiegedrag', 'Sociologie industrielle', 'Industrial Psychology', 'Work', 'Social Psychology', 'Personnel Management', 'Organisationsverhalten', 'Arbeitspsychologie', 'Betriebspsychologie']",1971.0,,,9.0,44.0,3.0,0.0,https://covers.openlibrary.org/b/id/6629016-L.jpg,/works/OL1267343W,True,False,,human behavior at work
BOOK00669,Organizational behavior and management,"['John M. Ivancevich', 'Robert Konopaske', 'Michael T. Matteson']","Students in the 21st Century will face an unprecedented rate of change in employee diversity, global competition, and legal requirements. Organizational Behavior and Management (OBM), 6th edition, by Ivancevich and Matteson is intended for that precise student. OBM 6/e provides those students with a...","['Organizational behavior', 'Management', 'Compensation management']",1987.0,,,13.0,11.0,3.0,0.0,https://covers.openlibrary.org/b/id/2341273-L.jpg,/works/OL1870277W,True,False,,organizational behavior and management
BOOK00670,Managing organizational behavior,['John R. Schermerhorn'],,"['Management', 'Organizational behavior', 'Comportement organisationnel', 'Arbeids- en organisatiepsychologie', 'Gestion', 'Organization', 'Organisationsverhalten', 'Leadership']",1982.0,,,14.0,6.0,4.0,0.0,https://covers.openlibrary.org/b/id/6700843-L.jpg,/works/OL1904624W,True,False,,managing organizational behavior
BOOK00671,Organizational behavior,['Jason Colquitt'],,"['Consumer satisfaction', 'Job satisfaction', 'Organizational Culture', 'Organizational behavior', 'Personnel management', 'Strategic planning', 'Corporate culture', 'Comportement organisationnel', 'Personnel', 'Direction', 'Planification stratégique', 'Consommateurs', 'Satisfaction', 'Satisfaction au travail', 'Economics']",2009.0,5.0,1.0,9.0,27.0,1.0,2.0,https://covers.openlibrary.org/b/id/10393089-L.jpg,/works/OL12388822W,True,False,,organizational behavior
BOOK00672,Organizational behavior,"['John R. Schermerhorn', 'James G. Hunt', 'Richard N. Osborn']",,"['Management', 'Organizational behavior', ""Manuels d'enseignement superieur"", 'Comportement organisationnel', 'Gestion', 'Textbooks', 'Organisatiegedrag', 'Medical', 'Nursing']",1997.0,,,9.0,14.0,0.0,1.0,https://covers.openlibrary.org/b/id/3855980-L.jpg,/works/OL1904621W,True,False,,organizational behavior
BOOK00673,Organizational behavior,"['Nelson, Debra L.', 'Debra L. Nelson', 'James Campbell Quick']",,"['Organizational behavior', 'Organizational theory & behaviour', 'Business & Economics', 'Business / Economics / Finance', 'Textbooks', 'Business/Economics', 'Human Resources & Personnel Management', 'Business & Economics / Organizational Behavior']",1994.0,,,7.0,17.0,0.0,0.0,https://covers.openlibrary.org/b/id/1178314-L.jpg,/works/OL5744652W,True,False,,organizational behavior
BOOK00674,Organizational Behavior,"['Christopher P. Neck', 'Jeffery D. Houghton', 'Emma L. Murray']",,['Organizational behavior'],2015.0,,,9.0,14.0,0.0,0.0,https://covers.openlibrary.org/b/id/8904889-L.jpg,/works/OL20249063W,True,False,,organizational behavior
BOOK00675,Introduction to organizational behavior,['Richard M. Steers'],,"['Industrial Psychology', 'Industrial management', 'Organizational behavior', 'Psychology, Industrial']",1981.0,,,6.0,8.0,2.0,1.0,https://covers.openlibrary.org/b/id/6970091-L.jpg,/works/OL1926491W,True,False,,introduction to organizational behavior
BOOK00676,Understanding and Managing Organizational Behavior,"['Jennifer M. George', 'Gareth R. Jones']",,"['Organizational effectiveness', 'Organizational behavior', 'Personnel management']",2002.0,5.0,1.0,7.0,15.0,0.0,0.0,https://covers.openlibrary.org/b/id/6966178-L.jpg,/works/OL16279375W,True,False,,understanding and managing organizational behavior
BOOK00677,Organizational behavior in education,"['Robert G. Owens', 'Thomas Valesky']",,"['Organizational behavior', 'School management and organization', 'Schoolorganisatie', 'Schulorganisation', 'Organisationspsychologie', 'Schule', 'Organisationsverhalten', 'Bildungswesen', 'Administration scolaire', 'Comportement organisationnel', 'Schulverwaltung', '81.40 educational organization on meso-level: general', 'Skoladministration', 'Educational evaluation']",1981.0,,,16.0,12.0,0.0,0.0,https://covers.openlibrary.org/b/id/1145350-L.jpg,/works/OL2683677W,True,False,,organizational behavior in education
BOOK00678,Organizational behavior,"['Steven McShane', 'Mary Ann Von Glinow']",,"['Organizational behavior', 'Comportamento organizacional', 'Organisatiegedrag']",2006.0,3.0,1.0,3.0,8.0,0.0,1.0,https://covers.openlibrary.org/b/id/1086847-L.jpg,/works/OL18175444W,True,False,,organizational behavior
BOOK00679,Organizational behavior,"['Angelo Kinicki', 'Robert Kreitner']",,['Organizational behavior'],2003.0,,,6.0,9.0,1.0,0.0,https://covers.openlibrary.org/b/id/8271863-L.jpg,/works/OL5964563W,True,False,,organizational behavior
BOOK00680,Organizational behavior,"['Dorothy Marcic', 'Hai', 'Joe Seltzer', 'Peter Vaill', 'Marcic']",,"['Organizational behavior', 'Problems, exercises', 'Problems, exercises, etc', 'Comportement organisationnel', 'Problemes et exercices', 'Leadership', 'Business / Economics / Finance']",1986.0,,,13.0,5.0,0.0,0.0,https://covers.openlibrary.org/b/id/5022596-L.jpg,/works/OL2622210W,True,False,,organizational behavior
BOOK00681,Organizational Behavior,"['Stephen P. Robbins', 'Tim Judge']",,['Economics'],2013.0,,,3.0,12.0,1.0,0.0,https://covers.openlibrary.org/b/id/13171067-L.jpg,/works/OL25347140W,True,False,,organizational behavior
BOOK00682,Organizational behavior,['Gregory Moorhead'],,"['Organizational behavior', 'Comportement organisationnel', 'Arbeids- en organisatiepsychologie', 'Psicologia organizacional', 'Comportamento organizacional', 'Direction', 'Psychologie du travail', 'Personnel', 'Ressources humaines']",1989.0,,,8.0,6.0,0.0,0.0,https://covers.openlibrary.org/b/id/1324377-L.jpg,/works/OL2768785W,True,False,,organizational behavior
BOOK00683,Managing organizational behavior,['Timothy T. Baldwin'],,"['Executive ability', 'Management', 'Study and teaching', 'Organizational behavior', 'Management, study and teaching']",2013.0,5.0,2.0,1.0,15.0,8.0,0.0,https://covers.openlibrary.org/b/id/11675878-L.jpg,/works/OL16191159W,True,False,,managing organizational behavior
BOOK00684,Organizational behavior,['Joyce Osland'],,"['Industrial Psychology', 'Organizational behavior', 'Psicologia', 'Administração de empresas', 'Organisatiegedrag']",2001.0,,,3.0,9.0,2.0,0.0,https://covers.openlibrary.org/b/id/6796505-L.jpg,/works/OL15689712W,True,False,,organizational behavior
BOOK00685,Organizational behavior,['Judith R. Gordon'],,"['Personnel management', 'Organizational behavior', 'Comportement organisationnel', 'Organisatiegedrag', 'Organisationsverhalten']",1996.0,,,10.0,7.0,0.0,0.0,https://covers.openlibrary.org/b/id/1116476-L.jpg,/works/OL1841367W,True,False,,organizational behavior
BOOK00686,Organizational behavior,['Fred Luthans'],,"['Organizational behavior', 'Economics']",1997.0,,,10.0,5.0,1.0,0.0,https://covers.openlibrary.org/b/id/9942363-L.jpg,/works/OL16943613W,True,False,,organizational behavior
BOOK00687,Organizational behavior in health care,['Nancy Borkowski'],,"['Organizational Culture', 'Group Processes', 'Industrial Psychology', 'Organizational behavior', 'Health facilities', 'Health services administration', 'Health Personnel', 'Personnel management', 'Psychology']",2009.0,5.0,1.0,6.0,6.0,0.0,1.0,https://covers.openlibrary.org/b/id/13638956-L.jpg,/works/OL15452291W,True,False,,organizational behavior in health care
BOOK00688,Organizational Behavior,['Ricky W. Griffin'],,['Organizational behavior'],1986.0,,,6.0,7.0,0.0,0.0,https://covers.openlibrary.org/b/id/1325242-L.jpg,/works/OL1866343W,True,False,,organizational behavior
BOOK00689,Organizational behavior,['Gregory B. Northcraft'],,"['Management', 'Organizational behavior', 'Study and teaching']",1990.0,,,3.0,6.0,1.0,0.0,https://covers.openlibrary.org/b/id/7106770-L.jpg,/works/OL3967162W,True,False,,organizational behavior
BOOK00690,Organizational behavior,"['John A. Wagner', 'John A. Wagner', 'John R. Hollenbeck']",,"['Organizational behaviour', 'Case studies', 'Organizational behavior']",1997.0,,,15.0,2.0,0.0,0.0,https://covers.openlibrary.org/b/id/1116163-L.jpg,/works/OL2659998W,True,False,,organizational behavior
BOOK00691,Organizational behavior,['Robert Kreitner'],,"['Organizational behavior', 'Business &amp; economics']",2010.0,5.0,2.0,1.0,11.0,1.0,0.0,https://covers.openlibrary.org/b/id/9278394-L.jpg,/works/OL18648685W,True,False,,organizational behavior
BOOK00692,"Work Motivation in Organizational Behavior, 2nd ed",['Craig C. Pinder'],,"['Employee motivation', 'Organizational behavior', 'Motivation', 'Personnel', 'Arbeitsverhalten', 'Comportement organisationnel', 'Arbeitsmotivation', 'Organisationsverhalten']",2008.0,,,2.0,12.0,1.0,0.0,https://covers.openlibrary.org/b/id/9287590-L.jpg,/works/OL2703555W,True,False,,"work motivation in organizational behavior, 2nd ed"
BOOK00693,Organizational behavior,['Joseph E. Champoux'],,"['Organizational behavior', 'Economics']",2002.0,,,13.0,2.0,0.0,0.0,https://covers.openlibrary.org/b/id/8703330-L.jpg,/works/OL18710643W,True,False,,organizational behavior
BOOK00694,Management of Organizational Behavior,['Kenneth H. Blanchard'],"Instructor's Manual with tests. This item is located at the Instructor Resource Center (IRC) located at Room #285 O'Neil Hall. Only for IRC Use, not for general checkout or ILL.","['Leadership', 'Organization and Administration', 'Management', 'Organisatiegedrag', 'Organizational behavior', 'Personeelsmanagement', 'Leiderschap', 'Organizational Culture', 'Social Behavior']",2000.0,5.0,1.0,4.0,8.0,1.0,0.0,https://covers.openlibrary.org/b/id/81382-L.jpg,/works/OL15076937W,True,False,,management of organizational behavior
BOOK00695,International Organizational Behavior,"['Dean McFarlin', 'Paul Sweeney']",,"['Organizational behavior', 'International business enterprises', 'Management', 'Comportement organisationnel', 'Entreprises multinationales', 'Gestion', 'BUSINESS & ECONOMICS', 'Industrial Management', 'Management Science', 'Organizational Behavior']",2012.0,5.0,1.0,8.0,2.0,1.0,1.0,https://covers.openlibrary.org/b/id/13247674-L.jpg,/works/OL21313745W,True,False,,international organizational behavior
BOOK00696,Essentials of Organizational Behavior,['Terri A. Scandura'],,"['Organizational behavior', 'Organizational change']",2015.0,,,5.0,7.0,0.0,0.0,https://covers.openlibrary.org/b/id/8825543-L.jpg,/works/OL20178252W,True,False,,essentials of organizational behavior
BOOK00697,Organizational behavior,['Keith Davis'],,"['Industrial sociology', 'Personnel management', 'Organizational behavior']",1974.0,,,5.0,4.0,0.0,0.0,https://covers.openlibrary.org/b/id/4456335-L.jpg,/works/OL1267341W,True,False,,organizational behavior
BOOK00698,Organizational Behaviour,"['Karlene H. Roberts', 'Hunt']",,"['Management - General', 'Business / Economics / Finance']",1991.0,,,3.0,9.0,1.0,1.0,https://covers.openlibrary.org/b/id/13227342-L.jpg,/works/OL4295201W,True,False,,organizational behaviour
BOOK00699,Organizational behavior,['Linda K. Stroh'],,"['Management Science', 'Management', 'Industrial Management', 'Organizational Behavior', 'BUSINESS & ECONOMICS', 'Organisatiegedrag', 'Hd58.7 .n68 2002', '658']",2001.0,,,11.0,2.0,0.0,0.0,https://covers.openlibrary.org/b/id/4695139-L.jpg,/works/OL16933372W,True,False,,organizational behavior
BOOK00700,Essentials of Organizational Behavior,"['John J. Wild', 'Kenneth L. Wild', 'Alverne Ball', 'Timothy A. Judge', 'Stephen P. Robbins']",,"['International business enterprises', 'International trade', 'Organizational behavior', 'Organisationsverhalten']",2007.0,,,10.0,3.0,0.0,0.0,https://covers.openlibrary.org/b/id/10990677-L.jpg,/works/OL21282788W,True,False,,essentials of organizational behavior
BOOK00701,Loose Leaf Organizational Behavior,"['Jason Colquitt', 'Jeffery LePine', 'Michael Wesson']",,"['Organizational behavior', 'Personnel management', 'Strategic planning', 'Consumer satisfaction', 'Job satisfaction']",2010.0,,,4.0,6.0,0.0,0.0,https://covers.openlibrary.org/b/id/9235233-L.jpg,/works/OL20594227W,True,False,,loose leaf organizational behavior
BOOK00702,Managing organizational behavior,['Henry L. Tosi'],,"['Organizational behavior', 'Management']",1986.0,,,3.0,7.0,0.0,0.0,https://covers.openlibrary.org/b/id/9731745-L.jpg,/works/OL3948912W,True,False,,managing organizational behavior
BOOK00703,Organizational behavior,"['Afsaneh Nahavandi', 'Ali R. Malekzadeh']",,['Organizational behavior'],1998.0,,,6.0,3.0,0.0,0.0,https://covers.openlibrary.org/b/id/90010-L.jpg,/works/OL49758W,True,False,,organizational behavior
BOOK00704,Organizational Behavior,['Newstrom'],,"['Organizational behavior', 'Industrial sociology']",2014.0,,,2.0,6.0,0.0,0.0,https://covers.openlibrary.org/b/id/10857586-L.jpg,/works/OL21517399W,True,False,,organizational behavior
BOOK00705,Organizational behavior,"['Nelson, Debra L.', 'Debra L. Nelson', 'James Campbell Quick']",,"['Organizational behavior', 'Organizational theory & behaviour', 'Organizational Behavior In Business', 'Business/Economics']",1994.0,,,6.0,2.0,1.0,0.0,https://covers.openlibrary.org/b/id/3856510-L.jpg,/works/OL2935038W,True,False,,organizational behavior
BOOK00706,Organizational Behavior,"['Mary Uhl-Bien', 'Ronald F. Piccolo', 'Schermerhorn, John R., Jr.']",,[],2013.0,,,7.0,2.0,1.0,0.0,https://covers.openlibrary.org/b/id/13985922-L.jpg,/works/OL21871334W,True,False,,organizational behavior
BOOK00707,International organizational behavior,"['Anne Marie Francesco', 'Barry Allen Gold']",,"['International business enterprises', 'Organizational behavior', 'Organizational behavior.', 'International & foreign business enterprises - general & miscellaneous', 'Organizational behavior - general & miscellaneous']",1997.0,5.0,1.0,6.0,4.0,0.0,0.0,https://covers.openlibrary.org/b/id/1106267-L.jpg,/works/OL2668074W,True,False,,international organizational behavior
BOOK00708,Managerial Economics & Business Strategy,"['Michael R. Baye', 'Michael Baye']",,"['Managerial economics', 'Strategic planning', 'Planificacio n estrate gica', 'Strategie', 'Economi a gerencial', 'Besluitvorming', 'Planification strate gique', 'Strategisches Management', 'Bedrijfseconomie', 'Wirtschaftswissenschaften', 'Business economics', ""E conomie d'entreprise"", 'Business strategy', 'Microeconomics', 'Business & Economics', 'Business / Economics / Finance', 'Business/Economics', 'Economics - Microeconomics', 'Business & Economics / Economics / General', 'Economic History']",1994.0,1.0,1.0,22.0,48.0,7.0,3.0,https://covers.openlibrary.org/b/id/3849733-L.jpg,/works/OL3266746W,True,False,,managerial economics & business strategy
BOOK00709,Your Next Five Moves,"['Patrick Bet-David', 'Greg Dinkin']",,['Economics'],2020.0,3.0769231,13.0,4.0,516.0,21.0,12.0,https://covers.openlibrary.org/b/id/10961423-L.jpg,/works/OL21679891W,True,False,,your next five moves
BOOK00710,The brand gap,['Marty Neumeier'],"""Using the visual language of the boardroom, Marty Neumeier presents the first unified theory of branding - a set of five disciplines to help companies bridge the gap between brand strategy and brand execution. Those with a grasp of branding will be inspired by what they find here, and those who would like to understand it better will suddenly ""get it.""""--BOOK JACKET","['Brand name products', 'Marketing', 'Planning', 'Branding (Marketing)', 'Internet marketing']",2003.0,3.8,5.0,4.0,194.0,7.0,7.0,https://covers.openlibrary.org/b/id/193786-L.jpg,/works/OL120747W,True,False,,the brand gap
BOOK00711,Developing business strategies,['David A. Aaker'],"Using vivid case studies, Developing Business Strategies helps you to move beyond reactive problem solving toward the development and realization of sound strategic objectives for your company. Providing both the framework and the tools necessary to make strategy development and strategy review efforts effective, this book shows you how to: conduct a structured external and internal analysis of a business with confidence; develop sustainable competitive advantages by creating assets, competencies, and strategies; make strategic investment decisions to generate growth; organize to support strategies; and compete strategically in hostile, growth, and global contexts.","['Strategic planning', 'Marketing', 'Management', 'Planification stratégique', 'Strategisch management', 'Marketing, management', 'Corporate planning', 'Business planning', 'Industrial management']",1984.0,,,6.0,18.0,0.0,1.0,https://covers.openlibrary.org/b/id/3885918-L.jpg,/works/OL1839160W,True,False,,developing business strategies
BOOK00712,Business strategy,['John Grieve Smith'],,"['Business planning', 'Management', 'Strategic planning', 'Corporate planning', 'Business']",1985.0,,,3.0,11.0,1.0,0.0,https://covers.openlibrary.org/b/id/10617588-L.jpg,/works/OL3983591W,True,False,,business strategy
BOOK00713,International business strategy,['Alain Verbeke'],"How can you best extend your knowledge of how multinational enterprises (MNEs) function? What does globalization mean for today's managers? How do students turn the message from academic literature into effective business strategies within an MNE? This practical textbook shows how the key concepts from business strategy literature can be applied to multinational enterprise. MBA and Masters students will gain the practical knowledge and skills needed to succeed as effective managers in multinational companies through a critical study of mainstream strategy models and the analysis of forty-five key journal articles. More than twenty CfUhalf-length' case studies from leading firms including Honda, IKEA and Danone show globalization in practice at the firm level. The book also Identifies seven central themes from the literature for successful global strategies and unifies them into a clear framework that can be applied to real businesses worldwide.","['Business', 'Nonfiction', 'International business enterprises', 'Management', 'Case studies', 'Strategic planning', 'International business', 'Strategisches Management', 'Internationales Management', 'Business strategy', 'Strategische Planung', 'Multinationales Unternehmen', 'Strategische Unternehmensführung', 'Multinational companies', 'Industrial management', 'Industrial management, case studies', 'BUSINESS & ECONOMICS / International / General']",2008.0,,,5.0,9.0,0.0,0.0,https://covers.openlibrary.org/b/id/9266870-L.jpg,/works/OL3122537W,True,False,,international business strategy
BOOK00714,Your Next Five Moves,[],,[],,3.0,1.0,1.0,58.0,6.0,0.0,https://covers.openlibrary.org/b/id/13227022-L.jpg,/works/OL31660670W,True,False,,your next five moves
BOOK00715,Corporate identity,['Wally Olins'],,"['Industrial design coordination', 'Organizational behavior', 'Corporate image', 'Corporations', 'Industrial design', 'Entreprises', 'Image', 'Marques de commerce', 'Communication visuelle', 'Art publicitaire', 'Logotypes']",1989.0,,,6.0,17.0,0.0,0.0,https://covers.openlibrary.org/b/id/11610800-L.jpg,/works/OL4442929W,True,False,,corporate identity
BOOK00716,Creating valuable business strategies,"['Shiv Sahai Mathur', 'Shiv S Mathur', 'Alfred Kenyon']",,"['Business planning', 'Strategic planning', 'Management & management techniques', 'Business & Economics', 'Business / Economics / Finance', 'Business/Economics', 'Management - General', 'Business & Investing', 'Business & Economics / Management', 'Success in business', 'Planification stratégique', 'BUSINESS & ECONOMICS', 'Strategic Planning']",2007.0,,,11.0,4.0,0.0,0.0,https://covers.openlibrary.org/b/id/2592545-L.jpg,/works/OL2871275W,True,False,,creating valuable business strategies
BOOK00717,7 Powers,['Hamilton Helmer'],,[],2016.0,,,2.0,17.0,2.0,0.0,https://covers.openlibrary.org/b/id/10208801-L.jpg,/works/OL20883142W,True,False,,7 powers
BOOK00718,International Business Strategy,['Alain Verbeke'],,"['International business enterprises', 'Industrial management', 'Strategic planning']",2009.0,,,8.0,5.0,0.0,0.0,https://covers.openlibrary.org/b/id/13977719-L.jpg,/works/OL21496797W,True,False,,international business strategy
BOOK00719,Aligning human resources and business strategy,['Linda Holbeche'],,"['Manpower planning', 'Human capital', 'Organizational learning', 'Organizational change', 'Personnel management', 'Strategic planning', 'Business planning', 'Organizational Innovation', 'Personnel Management', ""Main-d'œuvre"", 'Planification', 'Planification stratégique', 'Changement organisationnel', 'Apprentissage organisationnel', 'Personnel', 'Direction', 'BUSINESS & ECONOMICS / General', 'BUSINESS & ECONOMICS / Human Resources & Personnel Management']",2001.0,,,16.0,2.0,0.0,0.0,https://covers.openlibrary.org/b/id/8616594-L.jpg,/works/OL19825636W,True,False,,aligning human resources and business strategy
BOOK00720,Business strategy,['Jeremy Kourdi'],,"['Business planning', 'Strategic planning', 'Decision making']",2003.0,,,7.0,3.0,0.0,0.0,https://covers.openlibrary.org/b/id/11599484-L.jpg,/works/OL18606296W,True,False,,business strategy
BOOK00721,Acting as a business,"[""Brian O'Neil""]",,"['Acting', 'Vocational guidance', 'Acting, vocational guidance']",1993.0,3.0,1.0,4.0,6.0,1.0,1.0,https://covers.openlibrary.org/b/id/274700-L.jpg,/works/OL1977039W,True,False,,acting as a business
BOOK00722,Opening Digital Markets,['Walid Mougayar'],,"['Planning', 'Business enterprises', 'Internet marketing', 'Electronic commerce', 'Computer networks', 'Strategic planning']",1997.0,,,3.0,13.0,1.0,1.0,https://covers.openlibrary.org/b/id/54830-L.jpg,/works/OL2730810W,True,False,,opening digital markets
BOOK00723,International Business Strategy,"['Peter J. Buckley', 'Pervez Ghauri']",,"['International business enterprises', 'Cross-cultural studies', 'Case studies', 'Management', 'International trade', 'BUSINESS & ECONOMICS / General', 'BUSINESS & ECONOMICS / International / General', 'BUSINESS & ECONOMICS / Strategic Planning', 'Entreprises multinationales', 'Études transculturelles', 'Études de cas', 'Gestion', 'Commerce international', 'BUSINESS & ECONOMICS', 'General', 'International', 'Strategic Planning', 'Business and Management', 'Industrial Management', 'Management Science', 'Organizational Behavior']",2015.0,0.0,0.0,6.0,2.0,1.0,0.0,https://covers.openlibrary.org/b/id/8952164-L.jpg,/works/OL20293545W,True,False,,international business strategy
BOOK00724,Swipe to Unlock,"['Neel Mehta', 'Aditya Agashe', 'Parth Detroja']",,[],2017.0,4.0,2.0,1.0,19.0,0.0,2.0,https://covers.openlibrary.org/b/id/10215881-L.jpg,/works/OL20887444W,True,False,,swipe to unlock
BOOK00725,Media Telecommunications And Business Strategy,['Richard A. Gershon'],,"['Telecommunication', 'Strategic planning', 'Communication and traffic', 'LANGUAGE ARTS & DISCIPLINES / Communication Studies', 'Management', 'Mass media', 'SOCIAL SCIENCE / Media Studies', 'Télécommunications', 'Gestion', 'Médias', 'LANGUAGE ARTS & DISCIPLINES', 'Communication Studies', 'SOCIAL SCIENCE', 'Media Studies', 'BUSINESS & ECONOMICS', 'Industries', 'Media & Communications', 'TECHNOLOGY & ENGINEERING', 'Telecommunications', 'LANGUAGE ARTS & DISCIPLINES / Communication']",2013.0,,,13.0,1.0,0.0,0.0,https://covers.openlibrary.org/b/id/7620423-L.jpg,/works/OL17459093W,True,False,,media telecommunications and business strategy
BOOK00726,Business strategy,['David Campbell'],"""Business Strategy: An introduction"" is an accessible textbook that provides a straightforward guide for those with little or no knowledge of the subject. It presents complex issues and concepts in a clear and compact manner, so that readers gain a clear understanding of the topics addressed. The following features are included: a comprehensive introduction to the subjects of business strategy and strategic management; complex issues explained in a straightforward way for students new to this topic; student friendly learning features throughout; case studies of varying lengths with questions included for assignment and seminar work; and a discussion of both traditional theory and the most recent research in the field. This second edition features new and updated case studies as well as more depth having been added to the material in the book. New chapters on business ethics, types and levels of strategy, and how to use case studies have been incorporated. A range of pedagogical features such as learning objectives, review and discussion questions, chapter summaries and further reading are included in the text resulting in it being a user-friendly, definitive guide for those new to the subject. A web-based Tutor Resource Site accompanies the book. Now a stronger emphasis is placed on learning objectives, chapter summaries and review and discussion questions to consolidate learning. Comprehensive but clear coverage of the topic area provides concise study route for modular students. New chapters on business ethics, and types/levels of strategy are added to enable closer link in with course structure and content.","['Business planning', 'Strategic planning', 'BUSINESS & ECONOMICS', 'Business, handbooks, manuals, etc.', 'Planification stratégique']",2002.0,,,1.0,5.0,0.0,0.0,https://covers.openlibrary.org/b/id/10161431-L.jpg,/works/OL12041358W,True,False,,business strategy
BOOK00727,Taxes and business strategy,"['Myron S. Scholes', 'Mark A. Wolfson', 'Merle M. Erickson', 'Edward L. Maydew', 'Terry J. Shevlin', 'Edward Maydew', 'Terry Shevlin']",,"['Belastingen', 'Steuerbelastung', 'Taxation', 'Law and legislation', 'Impuestos', 'Business enterprises', 'Empresas', 'Steuerplanung', 'Unternehmen', 'Strategische planning', 'Tax planning', 'Business enterprises, taxation']",2001.0,,,3.0,5.0,0.0,0.0,https://covers.openlibrary.org/b/id/81901-L.jpg,/works/OL17734373W,True,False,,taxes and business strategy
BOOK00728,Global Business Strategy,['Robin John'],,"['International business enterprises', 'Management', 'Business planning', 'Internationaal bedrijfsleven', 'Strategische planning', 'Internationales Management', 'Relations économiques internationales']",1997.0,,,2.0,2.0,0.0,1.0,https://covers.openlibrary.org/b/id/2414131-L.jpg,/works/OL9346457W,True,False,,global business strategy
BOOK00729,The New Positioning,['Jack Trout'],"Positioning-which has sold 390,000 copies in the English language-has defined marketing since it was published 15 years ago. Now, in an era when the battle for the consumer's mind is fiercer than ever, coauthor of the all time classic, Jack Trout has taken positioning to the next level-in a path-breaking volume that will be THE marketing treatise for the '90s. In the same right-to-the-point, no-nonsense style that was a hallmark of Positioning, this sequel squares off against critical marketing challenges such as how to: overcome ""communication"" caused by the explosion of cable television channels, the information highway, and computers in every home; make sure the message gets through in an era of information overload; maintain position simplicity in an increasingly complex world; create powerful ""bandwagon"" effects that sway consumers; reclaim old new ideas that work and make them new again; avoid losing focus in the attempt to win over too many markets; ""reposition"" a company to reclaim a lost audience.","['Positioning (Advertising)', 'Business', 'Nonfiction', 'Produktpositionierung', 'Business planning', 'Strategic planning', 'Positionnement (Publicité)', 'BUSINESS & ECONOMICS', 'Advertising & Promotion', 'Business, handbooks, manuals, etc.', 'Advertising', 'Case studies']",1995.0,5.0,1.0,5.0,8.0,0.0,0.0,https://covers.openlibrary.org/b/id/55747-L.jpg,/works/OL2931103W,True,False,,the new positioning
BOOK00730,Managerial Economics and Business Strategy,"['Michael R. Baye', 'Jeff Prince']",,['Economics'],2008.0,,,2.0,6.0,0.0,0.0,https://covers.openlibrary.org/b/id/13549007-L.jpg,/works/OL25770439W,True,False,,managerial economics and business strategy
BOOK00731,Business Strategy,['J. -C Spender'],"Emphasizing that firms face uncertainties and unknowns (knowledge gaps) [the author] argues that the core of strategic thinking and processes rests on the organization's leaders developing newly imagined solutions to the opportunities that these uncertainties open up. Drawing on a wide range of ideas from strategy, economics, entrepreneurship and philosophy he stresses the importance of judgment in strategy, and argues that a key element of the entrepreneur and executive's task is to engage chosen uncertainties, develop a language to express and explain the firm's particular business model for dealing with these, and thus create innovation and value. At the same time he shows how the language the strategist creates to do this gives the firm identity and purpose, and communicates this to its members, stakeholders, and customers.","['Strategic planning', 'Business planning', 'Uncertainty', 'Strategisches Management']",2014.0,,,2.0,4.0,0.0,0.0,https://covers.openlibrary.org/b/id/14375190-L.jpg,/works/OL21064231W,True,False,,business strategy
BOOK00732,Business strategy and policy,['Garry D. Smith'],,"['Case studies', 'Strategic planning']",1985.0,,,5.0,2.0,0.0,0.0,https://covers.openlibrary.org/b/id/8270398-L.jpg,/works/OL4491240W,True,False,,business strategy and policy
BOOK00733,Demand-Driven Business Strategy,['Cor Molenaar'],,"['Organizational change', 'Management', 'Technological innovations', 'Business planning', 'Organizational Innovation', 'Changement organisationnel', 'Gestion', 'Innovations', 'BUSINESS & ECONOMICS / Strategic Planning', 'BUSINESS & ECONOMICS / E-Commerce / Internet Marketing']",2022.0,,,5.0,3.0,0.0,0.0,https://covers.openlibrary.org/b/id/13829904-L.jpg,/works/OL25808971W,True,False,,demand-driven business strategy
BOOK00734,The 33 Strategies of War,"['Robert Greene', 'Don Leslie']","New in the bestselling amoral series—a brilliant distillation of the strategies of war that can help us gain mastery in the modern worldRobert Greene's groundbreaking guides, The 48 Laws of Power and The Art of Seduction, espouse profound, timeless less","['Business', 'Nonfiction', 'Psychology', 'Control (Psychology)', 'Interpersonal conflict', 'Military art and science', 'Conduct of life', 'Strategy', 'Leadership', 'Life skills', 'Handbooks, manuals', 'Success']",1998.0,3.9130435,23.0,15.0,759.0,40.0,28.0,https://covers.openlibrary.org/b/id/1119676-L.jpg,/works/OL9290241W,True,False,,the 33 strategies of war
BOOK00735,Taxes and business strategy,"['Myron S. Scholes', 'Myron Scholes', 'Mark Wolfson']",,"['Business enterprises', 'Tax planning', 'Taxation', 'Business enterprises, taxation', 'Business enterprises, united states', 'Law and legislation', 'Steuerplanung', 'Steuerrecht', 'Steuervermeidung', 'Strategisches Management', 'Unternehmen', 'Strategische planning', 'Strategisch management', 'Belastingen', 'Fiscale aspecten']",1991.0,,,4.0,2.0,0.0,0.0,https://covers.openlibrary.org/b/id/1116248-L.jpg,/works/OL3877923W,True,False,,taxes and business strategy
BOOK00736,Harvard business review on green business strategy,['Harvard Business School'],,"['Industrial management', 'Umweltschutz', 'Environmental aspects', 'Strategic planning', 'Business enterprises', 'Social responsibility of business', 'Unternehmen', 'Strategisches Management']",2007.0,,,2.0,5.0,0.0,0.0,https://covers.openlibrary.org/b/id/2815147-L.jpg,/works/OL18063780W,True,False,,harvard business review on green business strategy
BOOK00737,Business strategy,['Jeremy Kourdi'],,"['Business planning', 'Strategic planning']",2003.0,,,4.0,3.0,0.0,0.0,https://covers.openlibrary.org/b/id/917762-L.jpg,/works/OL6223851W,True,False,,business strategy
BOOK00738,Developing Business Strategies,['David A. Aaker'],,[],2001.0,,,1.0,4.0,0.0,0.0,https://covers.openlibrary.org/b/id/300553-L.jpg,/works/OL1839137W,True,False,,developing business strategies
BOOK00739,International business,"['S. Tamer Cavusgil', 'Tamer Cavusgil', 'Gary Knight', 'John Riesenberger']",,"['International business enterprises', 'Management', 'International business', 'International Business Administration', 'Business & Economics', 'Business / Economics / Finance', 'Business/Economics', 'International - General', 'Business & Economics / International', 'Strategic planning', 'Industrial management', 'International trade', 'Entreprises multinationales', 'Commerce international', 'Business and Management', 'Internasjonale bedrifter', 'Ledelse', 'Internasjonal handel', 'Business &amp; economics']",2007.0,,,19.0,11.0,0.0,0.0,https://covers.openlibrary.org/b/id/2322370-L.jpg,/works/OL4273402W,True,False,,international business
BOOK00740,International Business Strategy and Cross-Cultural Management,"['Nicole F. Richter', 'Jesper Strandskov', 'Sven Hauff', 'Vasyl Taras']",,[],2022.0,,,2.0,5.0,0.0,0.0,,/works/OL26510589W,True,False,,international business strategy and cross-cultural management
BOOK00741,Think Like a UX Researcher,"['David Travis', 'Philip Hodgson']",,['User interfaces (computer systems)'],2019.0,,,8.0,11.0,0.0,0.0,https://covers.openlibrary.org/b/id/10522091-L.jpg,/works/OL23686363W,True,False,,think like a ux researcher
BOOK00742,Love As a Business Strategy,"['Mohammad F. Anwar', 'Frank E. Danna', 'Jeffrey F. Ma', 'Christopher J. Pitre']",,['Business'],2021.0,5.0,1.0,2.0,2.0,0.0,1.0,https://covers.openlibrary.org/b/id/14675849-L.jpg,/works/OL34357864W,True,False,,love as a business strategy
BOOK00743,Business Strategy,['Patrick J. Stroh'],,"['Leadership', 'Management', 'BUSINESS & ECONOMICS', 'Strategic planning', 'BUSINESS & ECONOMICS / Management']",2014.0,,,2.0,2.0,0.0,0.0,https://covers.openlibrary.org/b/id/10132750-L.jpg,/works/OL20828251W,True,False,,business strategy
BOOK00744,Understanding business strategy,['R. Duane Ireland'],,"['Case studies', 'Business planning', 'Strategic planning']",2012.0,,,1.0,3.0,0.0,0.0,https://covers.openlibrary.org/b/id/13820645-L.jpg,/works/OL16464742W,True,False,,understanding business strategy
BOOK00745,Digital Business,['Annmarie Hanlon'],,[],2024.0,,,2.0,3.0,0.0,1.0,https://covers.openlibrary.org/b/id/14854645-L.jpg,/works/OL37565561W,True,False,,digital business
BOOK00746,Corporate strategy,['H. Igor Ansoff'],,"['Business planning', 'Industrial management', 'Strategic planning', 'Corporate planning', 'Social responsibility of business', 'Corporations, finance', 'Gestion']",1965.0,1.0,1.0,15.0,63.0,3.0,1.0,https://covers.openlibrary.org/b/id/12585743-L.jpg,/works/OL4799795W,True,False,,corporate strategy
BOOK00747,Business Strategy,"['George Stonehouse', 'Bill Houston']",,[],2003.0,,,7.0,,,,,/works/OL25230171W,True,False,,business strategy
BOOK00748,Designing Identity,['Marc English'],,"['Graphic design', 'Graphic design (Typography)', 'Commercial art', 'Advertising', 'Corporate image', 'Graphic arts', 'Printing', 'House organs', 'Pamphlets', 'Design']",1998.0,,,2.0,6.0,0.0,0.0,https://covers.openlibrary.org/b/id/801839-L.jpg,/works/OL8883934W,True,False,,designing identity
BOOK00749,Managerial economics and business strategy,['Michael R. Baye'],,"['collectionID:HSECO', 'Managerial economics', 'Strategic planning']",2003.0,,,1.0,4.0,0.0,0.0,https://covers.openlibrary.org/b/id/6807154-L.jpg,/works/OL15843963W,True,False,,managerial economics and business strategy
BOOK00750,e-Business strategies for virtual organizations,['Janice Burn'],,"['Electronic commerce', 'Virtual corporations', 'Commerce électronique', 'Entreprises virtuelles', 'BUSINESS & ECONOMICS', 'Management Science', 'Organizational Behavior', 'Industrial Management', 'Management']",2002.0,,,9.0,,,,https://covers.openlibrary.org/b/id/1400676-L.jpg,/works/OL5039661W,True,False,,e-business strategies for virtual organizations
BOOK00751,Managing Health Care Business Strategy,['George B. Moseley III'],,"['Medical care', 'Health facilities', 'Business management', 'Finance', 'Strategic planning', 'Financial Management', 'Methods', 'Health Facilities', 'Economics', 'Health Services Administration']",2016.0,,,2.0,3.0,0.0,0.0,,/works/OL21130799W,True,False,,managing health care business strategy
BOOK00752,Business strategies for the next-generation network,['Nigel Seel'],,"['Business planning', 'Computer networks', 'Strategic planning', 'Industrial management', ""Réseaux d'ordinateurs"", 'Planification stratégique', 'COMPUTERS', 'Networking', 'Vendor Specific', 'Data Transmission Systems', 'General']",2006.0,,,6.0,1.0,0.0,0.0,https://covers.openlibrary.org/b/id/13259519-L.jpg,/works/OL8637973W,True,False,,business strategies for the next-generation network
BOOK00753,European Business Strategy,['Terry Garrison'],,"['Business planning', 'Case studies', 'Strategic planning', 'Discworld (imaginary place), fiction', 'Death (fictitious character : pratchett), fiction', 'Fiction, fantasy, general']",1993.0,0.0,0.0,6.0,0.0,0.0,0.0,https://covers.openlibrary.org/b/id/13112052-L.jpg,/works/OL4571477W,True,False,,european business strategy
BOOK00754,Business strategy,"['Campbell, David J.']","""Business Strategy: An Introduction is an accessible textbook providing a straightforward and comprehensive guide to strategic management for undergraduate students of business and management. It presents complex issues and concepts in a clear and concise manner and is a definitive guide for those new to the subject""--","['BUSINESS & ECONOMICS / Strategic Planning', 'Business planning', 'BUSINESS & ECONOMICS / Business Ethics', 'BUSINESS & ECONOMICS / Management', 'Strategic planning']",2011.0,,,1.0,2.0,0.0,0.0,https://covers.openlibrary.org/b/id/12410051-L.jpg,/works/OL15916763W,True,False,,business strategy
BOOK00755,Learning Domain-Driven Design,['Vladik Khononov'],,[],2021.0,,,1.0,9.0,1.0,0.0,https://covers.openlibrary.org/b/id/12422655-L.jpg,/works/OL25321896W,True,False,,learning domain-driven design
BOOK00756,International Business and Global Strategy,['Peter Zámborský'],"This eBook provides a simple and relevant resource on international business and global strategy for undergraduate, (post)graduate and MBA students around the world. You can download the book for free via the link below.",[],2016.0,3.0,2.0,1.0,71.0,15.0,1.0,https://covers.openlibrary.org/b/id/7391824-L.jpg,/works/OL17313012W,True,False,,international business and global strategy
BOOK00757,Instagram Business - Sell on Instagram Customer Psychology : How to Use Instagram for Business : Instagram Business Strategy : Start Business - Instagram,['Sobia Publication'],,[],2022.0,,,1.0,7.0,0.0,1.0,,/works/OL28862283W,True,False,,instagram business - sell on instagram customer psychology : how to use instagram for business : instagram business strategy : start business - instagram
BOOK00758,Financial Accounting,['Paul D. Kimmel'],,"['Accounting', 'Finanzbuchhaltung', 'Finance']",1998.0,4.285714,7.0,65.0,253.0,32.0,14.0,https://covers.openlibrary.org/b/id/304562-L.jpg,/works/OL2746901W,True,False,,financial accounting
BOOK00759,Managerial Accounting,['Jerry J. Weygandt'],,"['Rechnungslegung', 'Comptabilité de gestion', 'Managerial accounting', 'Bilanz', 'Management accounting', 'Lotus 1-2-3 (computer program)', 'Microsoft excel (computer program)']",1999.0,3.8333333,6.0,80.0,250.0,22.0,6.0,https://covers.openlibrary.org/b/id/6938153-L.jpg,/works/OL1881227W,True,False,,managerial accounting
BOOK00760,Business Statistics,['Ken Black'],,"['Statistical decision', 'Textbooks', 'Commercial statistics', 'Statistics textbooks', 'Mathematics textbooks', 'Bedrijfsstatistiek', 'Business, statistical methods']",1991.0,4.2,5.0,29.0,157.0,18.0,2.0,https://covers.openlibrary.org/b/id/304694-L.jpg,/works/OL2838069W,True,False,,business statistics
BOOK00761,Statistical analysis for decision making,['Morris Hamburg'],,"['Statistical methods', 'Statistics', 'Statistical decision', 'Textbooks', 'Decision-making', 'Statistics textbooks', 'Mathematics textbooks', 'Social sciences', 'Decision making', 'Multivariate analysis']",1970.0,4.0,4.0,8.0,33.0,2.0,1.0,https://covers.openlibrary.org/b/id/14621917-L.jpg,/works/OL1418653W,True,False,,statistical analysis for decision making
BOOK00762,The managerial decision-making process,['E. Frank Harrison'],,"['Decision making', 'Management']",1975.0,,,7.0,41.0,4.0,0.0,https://covers.openlibrary.org/b/id/1197022-L.jpg,/works/OL2025063W,True,False,,the managerial decision-making process
BOOK00763,Judgment in managerial decision making,['Max H. Bazerman'],"""Judgment in Managerial Decision Making provides training to students by creating an awareness of the decision-making process, by allowing students to change their decision-making processes, and by offering strategies for improving these processes so that they become part of the reader's permanent behavior."" ""Re-written as a result of feedback from both colleagues and students, the fourth edition of this classic book provides even more interesting and contemporary examples of real-world decisions. This edition includes a new chapter on motivational biases (chapter 6), which examines how our motivations affect the rationality of our thoughts, and examines managerial decision-making from both individual and multi-party perspectives. By making use of these chapters, the individual can make permanent improvements to future decisions.""--BOOK JACKET.","['Management', 'Judgment', 'Decision making', 'Besluitvorming', 'Entscheidungsfindung', 'Entscheidungsprozess', 'Hd30.23 .b38 2009', '658.4/03', 'Business &amp; economics', 'Decision-making & problem solving']",1986.0,,,9.0,21.0,0.0,0.0,https://covers.openlibrary.org/b/id/304343-L.jpg,/works/OL1965645W,True,False,,judgment in managerial decision making
BOOK00764,Administrative behavior,['Herbert Alexander Simon'],,"['Management', 'Organizational behavior', 'Decision making', 'Decision-making', 'Hd31 .s55 1997', '658.4', 'Administracao', 'Organization and Administration']",1947.0,,,8.0,40.0,6.0,1.0,https://covers.openlibrary.org/b/id/426557-L.jpg,/works/OL1205037W,True,False,,administrative behavior
BOOK00765,Business ethics,"['O. C. Ferrell', 'John Fraedrich', 'Linda Ferrell']",,"['Case studies', 'Business ethics', 'Bedrijfsethiek', 'Business ethics--case studies', 'Hf5387 .f45 2002', '174/.4']",1991.0,2.0,1.0,9.0,26.0,3.0,0.0,https://covers.openlibrary.org/b/id/4640012-L.jpg,/works/OL531096W,True,False,,business ethics
BOOK00766,Business Analytics,"['S. Christian Albright', 'Wayne L. Winston']",,"['Industrial management', 'Decision making', 'Microsoft excel (computer program)', 'Computer programs', 'Statistical methods', 'Betriebsanalyse', 'Datenanalyse', 'Entscheidungsfindung', 'Gestion', 'Informatique', 'Statistique', 'Logiciels', 'Prise de décision', 'Microsoft Excel (Computer file)', 'Icrosoft Excel (logiciel)']",2014.0,1.0,1.0,6.0,29.0,2.0,0.0,https://covers.openlibrary.org/b/id/10237948-L.jpg,/works/OL20900488W,True,False,,business analytics
BOOK00767,Judgment and decision making,"['Peter Juslin', 'Henry Montgomery']","""This volume summarizes current Swedish research on judgment and decision making, covering topics such as dynamic decision making, confidence research, the search for dominance structures and differentiation, and social decision making. It ends with a commentary by Kenneth R. Hammond and Baruch Fischoff.""--BOOK JACKET.","['Judgment', 'Decision making', 'Prise de décision', 'Jugement', 'SELF-HELP', 'Motivational & Inspirational']",1999.0,,,9.0,19.0,0.0,0.0,https://covers.openlibrary.org/b/id/4696115-L.jpg,/works/OL18509261W,True,False,,judgment and decision making
BOOK00768,Curriculum improvement,['Ronald C. Doll'],,"['Curricula', 'Curriculum change', 'Education', 'Curriculum planning', ""Programmes d'études"", 'Curriculum', 'Curriculumreform', 'Curriculumplanung']",1964.0,,,13.0,12.0,1.0,0.0,https://covers.openlibrary.org/b/id/136835-L.jpg,/works/OL3528675W,True,False,,curriculum improvement
BOOK00769,The psychology of judgment and decision making,['Scott Plous'],"Americans are faced with a bewildering array of choices. In this lively introduction to psychological research on how people make decisions, Scott Plous focuses on the social aspects of decision making and includes everyday examples from medicine, law, business, education, and nuclear arms control, among other areas. Intended for nonspecialists, this book highlights experimental findings rather than psychological theory and presents information in descriptive prose rather than through mathematics. A unique feature of the volume is the ""Reader Survey"" that precedes the first chapter. Readers are asked to answer questions that are taken from studies discussed later in the book. This brief (and entertaining) exercise allows readers to compare their answers with the responses people gave in the original studies and to better understand their own processes of choosing. In a comprehensive yet nontechnical presentation, Plous explores the building blocks of judgment and decision making: perception, memory, context, and question format. He contrasts historical models of decision making with recent models that take into account various biases in judgment. In addition, the author examines judgments made by and about groups and discusses common traps in judgment and decision making. Not only does he suggest ways to improve decision making, but he offers the following pledge to readers not yet familiar with research on judgment and decision making: ""By judiciously applying the results described in this book, you should be better able to avoid decision biases, errors, and traps, and you will better understand the decisions made by other people.""","['Decision making', 'Judgment', 'Urteilen', 'Psychologie', 'Entscheidungsprozess', 'Décision', 'Comportement', 'Psychology', 'Cours de formation', 'Gestion du personnel', 'Prise de décision', 'Aspects psychologiques', 'Besluitvorming', 'Meningsvorming', 'Personnalité', 'Jugement', 'Decision making [mesh]', 'Psychology [mesh]', 'Bf448 .p56 1993', '153.8/3']",1993.0,,,2.0,40.0,5.0,0.0,https://covers.openlibrary.org/b/id/55087-L.jpg,/works/OL4304697W,True,False,,the psychology of judgment and decision making
BOOK00770,Financial accounting,['Jerry J. Weygandt'],,"['Accounting', 'Accounting.', 'Aufgabensammlung', 'Finanzbuchhaltung', 'Financial statements', 'Finance', 'Accounting, auditing']",1995.0,,,20.0,15.0,0.0,1.0,https://covers.openlibrary.org/b/id/300560-L.jpg,/works/OL1881222W,True,False,,financial accounting
BOOK00771,Financial decision making,['John J. Hampton'],,"['Finance', 'Sociétés', 'Corporations', 'Finances', 'Corporations, finance']",1976.0,,,5.0,12.0,0.0,1.0,https://covers.openlibrary.org/b/id/4484608-L.jpg,/works/OL4299578W,True,False,,financial decision making
BOOK00772,Executive decision making,['Manley Howe Jones'],,"['Industrial management', 'Executives']",1957.0,,,8.0,7.0,0.0,0.0,https://covers.openlibrary.org/b/id/13023038-L.jpg,/works/OL192981W,True,False,,executive decision making
BOOK00773,Policy paradox,['Deborah Stone'],"Policy making is a political struggle over values and ideas. By exposing the paradoxes that underlie even seemingly straightforward policy decisions, Policy Paradox shows students that politics cannot be cleansed from the process in favor of ""rationality."" Author Deborah Stone has fully revised and updated this popular text, which now includes many paradoxes that have arisen since September 11. Examples throughout the book have been updated, and the prose has been streamlined to make a great read even better.","['Policy sciences', 'Economic aspects', 'Political planning', 'Beleidsvorming', 'Economics', 'Policyanalys', 'Public Policy', 'Politieke besluitvorming', 'Policy sciences--economic aspects', 'Political planning--economic aspects', 'Public policy--economics', 'H97 .s83 2012', 'H 97 s76 2012', '320.6']",2012.0,4.5,2.0,1.0,56.0,4.0,1.0,https://covers.openlibrary.org/b/id/10691979-L.jpg,/works/OL16308281W,True,False,,policy paradox
BOOK00774,Career decision making,"['W. Bruce Walsh', 'Samuel H. Osipow']",,"['Career development', 'Decision making', 'Career changes', 'Psychology', 'Vocational guidance', 'Plan de carrière', 'Prise de décision', 'Secondes carrières']",1988.0,,,6.0,7.0,1.0,0.0,https://covers.openlibrary.org/b/id/4140210-L.jpg,/works/OL19191895W,True,False,,career decision making
BOOK00775,An introduction to management science,['David Ray Anderson'],,"['Linear programming', 'Management', 'Management science', 'Mathematical models', 'Operations research', 'Recherche operationnelle', 'Programmation lineaire', 'Gestion', 'Modeles mathematiques', 'Operations Research', 'DECISION THEORY', 'MANAGEMENT METHODS', 'OPERATIONS RESEARCH', 'LINEAR PROGRAMMING', 'DECISION MAKING', 'Kwantitatieve methoden', 'Besliskunde', 'Administração', 'Valor (administração)', 'Programação linear']",1976.0,5.0,1.0,13.0,21.0,1.0,2.0,https://covers.openlibrary.org/b/id/4963712-L.jpg,/works/OL892915W,True,False,,an introduction to management science
BOOK00776,Argumentation and debate,"['Austin J. Freeley', 'David L. Steinberg']",,"['Critical thinking', 'Debates and debating', 'Decision making', 'Decision-making', 'Persuasion (Rhetoric)', 'Reasoning', 'Besluitvorming', 'Debatten', 'Communication Studies', 'Language Arts / Linguistics / Literacy', 'General', 'Language Arts & Disciplines', 'Textbooks', 'Theater - General', 'Language', 'Speech', 'Language Arts & Disciplines / Speech', 'Public Speaking']",1961.0,,,20.0,11.0,1.0,1.0,https://covers.openlibrary.org/b/id/364188-L.jpg,/works/OL491346W,True,False,,argumentation and debate
BOOK00777,Sales management,"['Thomas N. Ingram', 'Raymond W. Laforge', 'Ramon A. Avila', 'Charles H., Jr Schwepker', 'Michael R. Williams']",,"['Sales management', 'Sales & marketing', 'Business & Economics', 'Business / Economics / Finance', 'Textbooks', 'Business/Economics', 'Management - General', 'Sales & Selling - Management', 'Business & Economics / Management', 'BUSINESS & ECONOMICS', 'Sales & Selling', 'Marketing', 'General']",2005.0,,,8.0,10.0,0.0,1.0,https://covers.openlibrary.org/b/id/1178627-L.jpg,/works/OL19573983W,True,False,,sales management
BOOK00778,Financial Accounting,['Paul D. Kimmel'],,[],2008.0,0.0,0.0,58.0,10.0,0.0,0.0,,/works/OL29071479W,True,False,,financial accounting
BOOK00779,Decision making,['Irving Lester Janis'],,"['Commitment (Psychology)', 'Stress (Psychology)', 'Decision making', 'Conflict (Psychology)', 'Stress', 'Prise de décision', 'Engagement (Psychologie)', 'Psychological Stress', 'Conflit (Psychologie)', 'Psychological aspects']",1977.0,,,1.0,18.0,0.0,1.0,https://covers.openlibrary.org/b/id/4451869-L.jpg,/works/OL1282010W,True,False,,decision making
BOOK00780,Data analysis & decision making with Microsoft Excel,"['S. Christian Albright', 'Wayne Winston', 'Christopher J. Zappe']",,"['Statistical methods', 'Industrial management', 'Microsoft Excel (Computer file)', 'Computer programs', 'Decision making', 'Economics, Finance, Business and Industry', 'Management decision making', 'Business & Economics', 'Mathematics', 'Textbooks', 'Business/Economics', 'Applied', 'Probability & Statistics - General', 'Statistics', 'Mathematics / Applied', 'Decision Making & Problem Solving']",1999.0,,,7.0,16.0,0.0,0.0,https://covers.openlibrary.org/b/id/4294335-L.jpg,/works/OL1993484W,True,False,,data analysis & decision making with microsoft excel
BOOK00781,Financial Accounting,"['Paul D. Kimmel', 'Donald E. Kieso']",,"['Accounting', 'Accounting, standards', 'International business enterprises, accounting', 'Decision making, data processing', 'Managerial accounting', 'Accounting, problems, exercises, etc.']",2008.0,0.0,0.0,13.0,13.0,1.0,0.0,https://covers.openlibrary.org/b/id/9104986-L.jpg,/works/OL20438832W,True,False,,financial accounting
BOOK00782,A primer on decision making,['James G. March'],,"['Decision making', 'Hd30.23 .m368 1994', '658.4/03']",1994.0,,,3.0,7.0,2.0,0.0,https://covers.openlibrary.org/b/id/18971-L.jpg,/works/OL1952345W,True,False,,a primer on decision making
BOOK00783,"Management Decision-Making, Big Data and Analytics","['Simone Gressel', 'David J. Pauleen', 'Nazim Taskin']",,['Economics'],2020.0,,,4.0,17.0,0.0,0.0,https://covers.openlibrary.org/b/id/13192001-L.jpg,/works/OL21691722W,True,False,,"management decision-making, big data and analytics"
BOOK00784,Business ethics,"['Laura Pincus Hartman', 'Laura P. Hartman', 'Joseph R. DesJardins']",,['Business ethics'],2007.0,5.0,1.0,6.0,13.0,1.0,0.0,https://covers.openlibrary.org/b/id/1087141-L.jpg,/works/OL2682213W,True,False,,business ethics
BOOK00785,DECISION MAKING,['Irving L. Janis'],,[],1979.0,,,2.0,9.0,0.0,0.0,https://covers.openlibrary.org/b/id/18888-L.jpg,/works/OL269836W,True,False,,decision making
BOOK00786,Data Analytics and Decision Making,['Ali AbdulHussein'],"Data analytics is a rapidly evolving field. In today's labour market, knowing how to acquire, process, and interpret large amounts of data to make optimal decisions is crucial for many professionals, especially those in business and engineering. This open textbook, ""a new online course"" if you will, focuses on three key concept areas: data acquisition, data processing, and decision-making models. In this course, students will be able to develop advanced knowledge and skills to acquire related data for operations of business or projects; apply quantitative literacy skills such as statistics and machine learning; and use predictive or prescriptive modeling to make timely, actionable, and meaningful decisions.","['Data science and analysis: general', 'Business and management', 'Engineering: general', 'Probability and statistics', 'Data analytics']",2022.0,,,2.0,14.0,0.0,0.0,https://covers.openlibrary.org/b/id/12751824-L.jpg,/works/OL27777710W,True,False,,data analytics and decision making
BOOK00787,Multiple criteria decision making,['Milan Zeleny'],,"['Mathematical models', 'Decision making', 'Décision, prise', 'Modèles mathématiques', 'Prise de décision', 'Entscheidungsfindung']",1982.0,,,1.0,14.0,0.0,0.0,https://covers.openlibrary.org/b/id/8197589-L.jpg,/works/OL5847440W,True,False,,multiple criteria decision making
BOOK00788,Nursing Fundamentals,['Rick Daniels'],,"['Nursing assessment', 'Nursing', 'Nursing Care', 'Nursing Assessment']",2003.0,5.0,1.0,9.0,4.0,1.0,1.0,https://covers.openlibrary.org/b/id/1453858-L.jpg,/works/OL8525813W,True,False,,nursing fundamentals
BOOK00789,Fear of Missing Out,['Patrick J. McGinnis'],,['Psychology'],2020.0,4.0,1.0,1.0,42.0,2.0,5.0,https://covers.openlibrary.org/b/id/10304457-L.jpg,/works/OL20936305W,True,False,,fear of missing out
BOOK00790,Accounting for Decision Making and Control,"['Jerold L. Zimmerman', 'Zimmerman', 'Will Yancey']",,"['Managerial accounting', 'Management', 'Decision making', 'Accounting']",1995.0,,,21.0,2.0,0.0,0.0,https://covers.openlibrary.org/b/id/63780-L.jpg,/works/OL283284W,True,False,,accounting for decision making and control
BOOK00791,Accounting for managers,['Paul M. Collier'],,['Managerial accounting'],2009.0,,,13.0,4.0,1.0,1.0,https://covers.openlibrary.org/b/id/12880806-L.jpg,/works/OL20010511W,True,False,,accounting for managers
BOOK00792,Radical Uncertainty,"['Mervyn King', 'John Kay']","""In a changing world, forecasts and numbers usually represent bogus quantification. Kay and King tell us how to think smarter. Radical uncertainty changes the way we should think about decision-making. For over half a century economics has assumed that people behave rationally by optimizing among well-defined choices. Behavioral economics questioned how far people are rational, pointing to the cognitive biases that seem to describe actual behavior. Radical Uncertainty is a bold, paradigm-shifting book that takes us past standard and behavioral economics, completely shifting our understanding of the role economics can play in decision-making. We can never have the information required to optimize. But the failure to come to terms with this reality has led us to build our largest financial organizations, develop major policy decisions, and create business structures on shifting sands-the false belief that the numbers provided by economic models give us the answer. They don't. The best managers in the public and private sectors rely on narratives, not numbers""--","['Economics', 'Economics, psychological aspects', 'Consumer behavior', 'Decision making', 'Psychological aspects', 'Economic aspects', 'BUSINESS & ECONOMICS / Economics / General']",2019.0,4.0,1.0,6.0,8.0,0.0,1.0,,/works/OL20743458W,True,False,,radical uncertainty
BOOK00793,Managerial Accounting,"['Jerry J. Weygandt', 'Ibrahim M. Aly', 'Donald E. Kieso', 'Paul D. Kimmel']",,['Managerial accounting'],2010.0,5.0,1.0,19.0,6.0,0.0,0.0,,/works/OL29071821W,True,False,,managerial accounting
BOOK00794,Business ethics,['O. C. Ferrell'],,"['Business ethics', 'Case studies']",2011.0,3.0,1.0,1.0,19.0,2.0,1.0,https://covers.openlibrary.org/b/id/8625694-L.jpg,/works/OL15519981W,True,False,,business ethics
BOOK00795,Judgment and Decision-Making,['Nancy S. Kim'],,"['Judgment', 'Decision making']",2017.0,,,2.0,12.0,0.0,0.0,https://covers.openlibrary.org/b/id/9684575-L.jpg,/works/OL20770307W,True,False,,judgment and decision-making
BOOK00796,Holistic management,"['Allan Savory', 'Jody Butterfield']",,"['Environmental economics', 'Human ecology', 'Management', 'Natural resources', 'Sustainable development', 'Management & management techniques', 'Life Sciences - Ecology', 'Environmental Studies', 'Science', 'Nature/Ecology', 'Environmental Conservation & Protection - General', 'Environmental Science', 'Philosophy / Ethics & Moral Philosophy', 'Holismus', 'Entscheidungsfindung', 'Natural resources, management']",1998.0,4.0,1.0,4.0,7.0,1.0,2.0,https://covers.openlibrary.org/b/id/1884534-L.jpg,/works/OL1971019W,True,False,,holistic management
BOOK00797,Creative decision making,['H. B. Gelatt'],,"['Decision making', 'Uncertainty', 'Prise de decision', 'Industrial management']",1991.0,,,4.0,4.0,2.0,0.0,https://covers.openlibrary.org/b/id/1889121-L.jpg,/works/OL4492622W,True,False,,creative decision making
BOOK00798,Economics,['George Leland Bach'],,"['Economic policy', 'Economics', 'Macroeconomics', 'Microeconomics', 'Politique economique', 'Wirtschaftspolitik', 'Economie politique', 'Computers']",1954.0,5.0,1.0,17.0,6.0,1.0,1.0,https://covers.openlibrary.org/b/id/7152477-L.jpg,/works/OL1186200W,True,False,,economics
BOOK00799,The ethical decision-making manual for helping professionals,['Sarah O. Steinman'],,"['Counselors', 'Decision making', 'Moral and ethical aspects', 'Moral and ethical aspects of Decision making', 'Moral and ethical aspects of Social service', 'Problems, exercises', 'Problems, exercises, etc', 'Professional ethics', 'Social service']",1998.0,,,1.0,20.0,0.0,0.0,https://covers.openlibrary.org/b/id/3786326-L.jpg,/works/OL2702468W,True,False,,the ethical decision-making manual for helping professionals
BOOK00800,AN INTRODUCTION TO MANAGEMENT SCIENCE,"['David Ray Anderson', 'Dennis J. Sweeney', 'Thomas Arthur Williams', 'Jeffrey D. Camm', 'James J. Cochran']",,"['Management science', 'Operations research']",2019.0,,,1.0,18.0,2.0,0.0,https://covers.openlibrary.org/b/id/8302146-L.jpg,/works/OL18083815W,True,False,,an introduction to management science
BOOK00801,Financial Accounting,"['Paul D. Kimmel', 'Donald E. Kieso']",,['Accounting'],2010.0,0.0,0.0,13.0,6.0,0.0,0.0,,/works/OL29026357W,True,False,,financial accounting
BOOK00802,Accounting,"['Jacqueline Birt', 'Keryn Chalmers', 'Suzanne Byrne', 'Albie Brooks', 'Judy Oliver']",,['Accounting'],2005.0,,,17.0,5.0,1.0,0.0,https://covers.openlibrary.org/b/id/10503797-L.jpg,/works/OL21216950W,True,False,,accounting
BOOK00803,Decision making and problem solving strategies,['John Adair'],"Decision Making and Problem Solving Strategies helps readers master the processes of practical thinking which lie behind effective decision making, problem solving, and creative thinking. Using checklists, exercises and case studies, it explains key concepts such as: principles of effective thinking, how to develop a framework for decision making, how to use a simple model for making decisions and solving problems, how to sharpen up creative thinking skills, and how to develop thinking skills in the future.","['Business', 'Careers', 'Nonfiction', 'Decision-Making & Problem Solving', 'Decision making', 'Thought and thinking', 'Problem solving', 'BUSINESS & ECONOMICS']",2010.0,,,2.0,9.0,0.0,0.0,https://covers.openlibrary.org/b/id/9593806-L.jpg,/works/OL8202449W,True,False,,decision making and problem solving strategies
BOOK00804,Managerial accounting,"['Ray H. Garrison', 'Eric W., Phd Noreen', 'Eric Noreen', 'Peter C. Brewer']",,"['Managerial accounting', 'Contabilidad administrativa', 'Comptabilité de gestion', 'Management', 'Rechnungswesen', 'Accountancy', 'open_syllabus_project', 'Unternehmensplanung', 'Management-Informationssystem', 'Management accounting', 'Kostenmanagement', 'Betriebliches Rechnungswesen', 'Theorie']",1976.0,3.0,2.0,29.0,59.0,10.0,0.0,https://covers.openlibrary.org/b/id/3851505-L.jpg,/works/OL3273363W,True,False,,managerial accounting
BOOK00805,An Introduction to Management Science,['David Ray Anderson'],"Provide your students with a sound conceptual understanding of the role that management science plays in the decision-making process with the latest edition of the book that has defined today's management science course: Anderson/Sweeney/Williams/Camm/Martin's An Introduction to Management Science: Quantitative Approaches to Decision Making, Revised 13th Edition. The trusted market leader for more than two decades, the new edition of this text now reflects the latest developments in Microsoft Office Excel 2010. All data sets, applications and screen visuals throughout this REVISED 13th Edition reflect the details of Excel 2010 to accurately prepare your students to work with today's latest spreadsheet tools. The authors continue to provide unwavering accuracy with the book's proven applications-oriented approach and timely, powerful examples. The book's hallmark problem-scenario approach introduces each quantitative technique within an applications setting. Students must apply the management science model to generate solutions and recommendations for management. A comprehensive support package offers all the written and online time-saving support you need with trusted solutions written by the text authors to ensure accuracy. Students gain an understanding of today's most useful software applications with premium online content, including online chapters, LINGO software and Excel add-ins. Student even receive a copy of the popular Microsoft Project Professional 2010 on the text's accompanying CD. Trust the world leader An Introduction to Management Science: Quantitative Approaches to Decision Making, Revised 13th Edition to provide the support your course and today's students need. The Student Essential Site PAC (Printed Access Card) that comes with the new book includes: Case Files, Example Files, Problem Files, Tutorials, Solvertable, Palisade DecisionTools (StatTools), Excel Tutorial. - Publisher.","['Management science', 'Linear programming', 'Management', 'Operations research', 'Mathematical models']",1982.0,,,4.0,12.0,1.0,0.0,https://covers.openlibrary.org/b/id/6900127-L.jpg,/works/OL13342723W,True,False,,an introduction to management science
BOOK00806,Improve Your Communication Skills,['Alan Barker'],"Improve Your Communication Skills shows how to improve conversations and build rapport with colleagues; hold interviews and staff appraisals; learn the skills of persuasion; give effective presentations; write emails, letters and reports; and write for the web.","['Business', 'Careers', 'Nonfiction', 'Business communication', 'BUSINESS & ECONOMICS', 'General', 'SELF-HELP', 'Personal Growth', 'Communication in management']",2010.0,3.4,5.0,15.0,204.0,16.0,14.0,https://covers.openlibrary.org/b/id/6441309-L.jpg,/works/OL15184542W,True,False,,improve your communication skills
BOOK00807,Effective business communications,['Herta A. Murphy'],"This text now includes a prologue on the high-technology office of today and tomorrow, including international and intercultural examples. Over 400 business examples show how and how not to express ideas, and there are over 300 end-of-chapter exercises and problems, including detailed cases. There is a greatly enlarged chapter on global communications to show how international and intercultural communications affect business, and new boxed examples of written communication throughout the text. Coverage of new technology, employment-related communication topics, business reports, and oral communications has also been expanded.","['Commercial correspondence', 'Business communication', 'Business report writing', 'Communication in management']",1972.0,3.9166667,12.0,11.0,243.0,37.0,6.0,https://covers.openlibrary.org/b/id/9834516-L.jpg,/works/OL15830350W,True,False,,effective business communications
BOOK00808,Theories of human communication,"['Stephen W. Littlejohn', 'Karen A. Foss']",,"['Communication', 'Philosophy', 'Communicatietheorie', 'Kommunikation', 'Sprache', 'Communication Studies', 'Social, group or collective psychology', 'Language', 'Language Arts & Disciplines', 'Language Arts / Linguistics / Literacy', 'Textbooks', 'Speech', 'General', 'Theater - General', 'Language Arts & Disciplines / Speech', 'Soziologie', 'Philosophie']",1978.0,4.285714,7.0,14.0,129.0,10.0,6.0,https://covers.openlibrary.org/b/id/3973862-L.jpg,/works/OL1828885W,True,False,,theories of human communication
BOOK00809,Nonviolent Communication,"['Marshall B. Rosenberg', 'Deepak Chopra', 'Magiarí Díaz Díaz', 'Alan Rafael Seid Llamas', 'Rosenberg']","An enlighting look at how peaceful communication can create compassionate connections with family, friends, and other acquaintances, this book uses stories, examples, and sample dialogues to provide solutions to communication problems both at home and in the workplace. Guidance is provided on identifying and articulating feelings and needs, expressing anger fully, and exploring the power of empathy in order to speak honestly without creating hostility, break patterns of thinking that lead to anger and depression, and communicate compassionately. These nonviolent communication skills are fully explained and can be applied to personal, professional, and political differences. Included in the new edition is information on how to compassionately connect with oneself.","['Nonviolence', 'Psychological aspects of Communication', 'Family & Relationships', 'Self-Improvement', 'Communication', 'Interpersonal relations', 'Interpersonal communication', 'Nonfiction', 'Psychological aspects', 'Relations humaines', 'Communication interpersonnelle', 'Conflict resolution', 'Communication Barriers', 'Conflict management', 'Non-violence', 'Aspect psychologique', 'Gestion des conflits', 'PSYCHOLOGY', 'Cognitive Psychology', 'SCIENCE', 'Cognitive Science', 'Icke-våld', 'Kommunikationssociologi']",1999.0,4.45,20.0,38.0,336.0,28.0,30.0,https://covers.openlibrary.org/b/id/940686-L.jpg,/works/OL2018966W,True,False,,nonviolent communication
BOOK00810,Introduction to communicative disorders,['M. N. Hegde'],,"['Communication Disorders', 'Communicative disorders', 'Speech-Language Pathology', 'Fonoaudiologia', 'Transtornos da comunicação', 'Percepção auditiva', 'Fissura lábiopalatina']",1991.0,3.75,8.0,5.0,141.0,15.0,7.0,https://covers.openlibrary.org/b/id/5022224-L.jpg,/works/OL1891943W,True,False,,introduction to communicative disorders
BOOK00811,Wireless communications,"['Theodore S. Rappaport', 'Rappaport']","As cellular telephones become commonplace business tools, interest in wireless technology is booming. This book responds to that demand with a comprehensive survey of the field, suitable for educational or technical use. Materials are drawn from academic and business sources, numerous journals, and an IEEE professional reader. Extensively illustrated, Wireless Communications is filled with examples and problems, solved step by step and clearly explained.Wireless Communications covers the design fundamentals of cellular systems, including issues of frequency reuse, channel assignments, radio propagation, and both analog and digital modulation techniques. Speech coding, channel coding, diversity, spread spectrum, and multiple access are also discussed. A separate chapter is devoted to wireless networking, including SS7 and ISDN.Beyond theory,Wireless Communications offers practical reference sections, including: * Complete technical standards for cellular, cordless telephone, and personal communications systems * International standards for Europe, the Americas, and the Asia-Pacific region * Noise figure calculations and Gaussian approximations of spread spectrum CDMA interference * Mathematical tables, identities, and the Q, erf, and erf functions * Glossary of abbreviations and acronyms * Full list of references This book is designed for use in graduate and undergraduate classrooms, but is also suitable for use by professional engineers and technicians. It can be used for both teaching and reference, and is also appropriate for the interested cellular phone consumer who wants to understand the technology.","['Wireless communication systems', 'Mobile communication systems', 'Telecommunication systems', 'Wireless communication systems--united states', 'Mobile communication systems--united states', 'Telecommunication systems--united states', 'Tk5103.2 .r37 1995']",1995.0,5.0,3.0,10.0,131.0,6.0,2.0,https://covers.openlibrary.org/b/id/83070-L.jpg,/works/OL2462469W,True,False,,wireless communications
BOOK00812,Data Communications and Networking,"['Behrouz A. Forouzan', 'Catherine Ann Coombs', 'Sophia Chung Fegan']",,"['Computer networks', 'Data transmission systems', 'Donne es', 'Transmission', ""Re seaux d'ordinateurs"", 'Transmission des données', 'Sistemas de transmisión de datos', 'Téléinformatique', 'Redes de computadoras', 'Données', ""Réseaux d'ordinateurs"", 'Internet', ""Réseau d'ordinateurs"", 'Sistemas de transmisión de datos', 'Données', ""Réseaux d'ordinateurs"", 'Computernetwerken', 'Datatransmissie']",2000.0,3.0,2.0,10.0,109.0,11.0,3.0,https://covers.openlibrary.org/b/id/1084050-L.jpg,/works/OL35531W,True,False,,data communications and networking
BOOK00813,Corporate communication,['Paul A. Argenti'],,"['Communication in organizations', 'Communication in management']",1994.0,5.0,1.0,15.0,55.0,3.0,2.0,https://covers.openlibrary.org/b/id/65390-L.jpg,/works/OL2718906W,True,False,,corporate communication
BOOK00814,Electronic communication,['Robert L. Shrader'],,"['Electronics', 'Examinations, questions', 'Radio', 'Telecommunication', 'Telecommunications', 'Electronique']",1959.0,5.0,1.0,11.0,59.0,5.0,1.0,https://covers.openlibrary.org/b/id/55367-L.jpg,/works/OL3362445W,True,False,,electronic communication
BOOK00815,Introducing communication theory,"['Richard L. West', 'Lynn H. Turner', 'Richard West', 'Lynn Turner']",,"['Information theory', 'Communication', 'Communication studies', 'Language', 'Language Arts / Linguistics / Literacy', 'Textbooks', 'Speech', 'Language Arts & Disciplines / Speech', ""Théorie de l'information"", 'Science']",2000.0,,,8.0,124.0,16.0,0.0,https://covers.openlibrary.org/b/id/527160-L.jpg,/works/OL60364W,True,False,,introducing communication theory
BOOK00816,An introduction to communication studies,['Sheila Steinberg'],"This revised edition of a now classic text includes a new introduction by Henry Jenkins, explaining ‘Why Fiske Still Matters’ for today’s students, followed by a discussion between former Fiske students Ron Becker, Elana Levine, Darrell Newton and Pamela Wilson on the theme of ‘Structuralism and Semiotics, Fiske-Style’. Both underline the continuing relevance of this foundational text in communication studies. How can we study communication? What are the main theories and methods of approach? This classic text provides a lucid, accessible introduction to the main authorities in the field of communication studies, aimed at students coming to the subject for the first time. It outlines a range of methods of analysing examples of communication, and describes the theories underpinning them. Thus armed, the reader will be able to tease out the latent cultural meanings in such apparently simple communications as news photos or popular TV programmes, and to see them with new eyes.","['Communication', 'Handbooks, manuals', 'Handbooks, manuals, etc', 'Study and teaching (Higher)']",2007.0,2.8888888,9.0,2.0,267.0,29.0,6.0,https://covers.openlibrary.org/b/id/14428316-L.jpg,/works/OL12465170W,True,False,,an introduction to communication studies
BOOK00817,Communication Skills,"['Sanjay Kumar', 'Pushp Lata']",,[],2011.0,2.3333333,3.0,2.0,109.0,9.0,2.0,https://covers.openlibrary.org/b/id/15205368-L.jpg,/works/OL21034805W,True,False,,communication skills
BOOK00818,Looking out/looking in,"['Ronald B. Adler', 'Ronald Adler', 'MARY O WIEMAN', 'Ronald Adler', 'Ron Adler', 'RONALD ADLER', 'Ronald B. Adler', 'Ronald B. Adler', 'Russell F. Proctor II', 'Proctor, Russell F., II', 'Neil Towne']","Used by more than a million students, LOOKING OUT, LOOKING IN, Twelfth Edition, continues its outstanding tradition of combining current information with a fun, reader-friendly voice that links course topics to your everyday life. You'll discover the reasons to improve your interpersonal skills and sharpen your critical understanding of the communication process through diverse and compelling examples that illustrate how communication skills can affect both the world around us and our own lives. Improve your relationships and your future career success, with the only text that offers the tools that have been proven to build better communication skills for almost 30 years!","['Interpersonal communication', 'Textbooks', 'Communication', 'Kommunikation', 'Psychology', 'Interpersonal relations', 'Emotions', 'Sociological aspects', 'Nonverbal communication', 'Communication interpersonnelle', 'Émotions', 'Aspect sociologique', 'Communication non verbale', 'Education', 'General']",1974.0,2.9,10.0,47.0,417.0,28.0,12.0,https://covers.openlibrary.org/b/id/7126821-L.jpg,/works/OL72511W,True,False,,looking out/looking in
BOOK00819,Electronic communications systems,['Wayne Tomasi'],"about AM,FM,PM","['Telecommunication systems', 'Telecommunication']",1988.0,3.0,2.0,7.0,159.0,13.0,2.0,https://covers.openlibrary.org/b/id/1115599-L.jpg,/works/OL891212W,True,False,,electronic communications systems
BOOK00820,The slave community,"['John W. Blassingame', 'John W. Blassingame']","This volume is one of the first historical studies of slavery in the United States to be presented from the perspective of the enslaved. This work contradicted those historians who had interpreted history to suggest that African American slaves were docile and submissive who enjoyed the benefits of a paternalistic master-slave relationship on Southern plantations. Using psychology, the author analyzes fugitive slave narratives published in the 19th century to conclude that an independent culture developed among the enslaved and that there were a variety of personality types exhibited by slaves. He asserts that by concentrating on the slave owner, historians have presented a distorted view of plantation life that ""strips the slave of any meaningful and distinctive culture, family life, religion, or manhood."" ""The plantation was a battlefield where slaves fought masters for physical and psychological survival. Although unlettered, unarmed, and outnumbered, slaves fought in various ways to preserve their manhood."" This impressive and original study views the institution of slavery from a new perspective- that of the slaves themselves. The author challenges the timeworn stereotype of the slave as a passive and docile creature who lacked drive, purpose, and responsibility. He traces the development of the slave's personality traits, analyzes the patterns of resistance within the slave community, and proves conclusively that the slave had a rich cultural and family life that was deliberately kept hidden from the eyes of his white masters. Unlike the many accounts that deal with slavery from the outside, this book ventures inside the slave quarters to re-capture the slave's family life, music, religion, and folklore. Using a variety of sources, including the memoirs of former slaves, the author examines the ways that blacks became enslaved, their process of acculturation in the American South, and their deep ties to their African heritage. He shows how the slave was able to control parts of his own life while often wearing the mask of submissiveness required by the harsh realities of the plantation regime. The author draws upon psychological and sociological insights to reinterpret master-slave relationships. He includes the planter's viewpoint and the traveler's impression to create a dimensional portrait of plantation life that effectively separates mythology from historical reality. -- from Book Jacket. The personality and culture of the plantation slave are investigated from black autobiographies and other historical sources.","['Afro-Americans', 'History', 'Plantation life', 'Slavery', 'Slaves', 'Social life and customs', 'Southern States', 'United States', 'Südstaaten', 'Sklaverei', 'Plantations', 'Conditions sociales', 'Slavery and bondage', 'African American Studies', 'Esclavage', 'SOCIAL SCIENCE', 'Histoire', 'Noirs', 'Ethnic Studies', 'Vie dans les plantations', 'Minorities', 'African Americans', '19th Century', 'Slavery, united states', 'Plantages', 'Dagelijks leven', 'Historia Geral (Escravidao)', 'Slavernij']",1972.0,2.0,1.0,7.0,176.0,9.0,1.0,https://covers.openlibrary.org/b/id/120872-L.jpg,/works/OL6808599W,True,False,,the slave community
BOOK00821,Human communication,['Stewart L. Tubbs'],,"['Communication', 'Psychological aspects of Communication', 'Psychological aspects', 'Communication interpersonnelle', 'Aspect psychologique', 'Interpersonal communication', 'Social interaction', 'Communication, psychological aspects']",1974.0,4.5,2.0,19.0,48.0,6.0,1.0,https://covers.openlibrary.org/b/id/4508955-L.jpg,/works/OL137703W,True,False,,human communication
BOOK00822,Business Communication,['Mary Ellen Guffey'],,"['Business English', 'Business communication', 'English language', 'Business writing', ""Communication dans l'entreprise"", 'Style commercial', 'Anglais (Langue)', 'Anglais commercial', 'Communication', 'Manuel', ""Gestion d'entreprise"", 'Business english']",1993.0,5.0,1.0,17.0,52.0,6.0,2.0,https://covers.openlibrary.org/b/id/6716431-L.jpg,/works/OL1826023W,True,False,,business communication
BOOK00823,Communicating effectively,['Saundra Hybels'],,"['Oral communication', 'LANGUAGE ARTS & DISCIPLINES / Speech', 'Communication orale', 'Communication in education', 'Teacher-student relationships']",1986.0,5.0,1.0,14.0,37.0,3.0,1.0,https://covers.openlibrary.org/b/id/4060869-L.jpg,/works/OL2649638W,True,False,,communicating effectively
BOOK00824,Communication between cultures,"['Larry A. Samovar', 'Portar McDaniel Samovar', 'Richard E. Porter']",,"['Communication and culture', 'Intercultural communication', 'Interpersonal communication', 'Cultural studies', 'International business', 'Language Arts & Disciplines', 'Language', 'Communication', 'Communication et culture', 'Interpersonale Kommunikation', 'Kulturkontakt', 'Interculturele communicatie', 'Drama', 'General']",1991.0,3.5,2.0,15.0,37.0,3.0,2.0,https://covers.openlibrary.org/b/id/4036878-L.jpg,/works/OL30296W,True,False,,communication between cultures
BOOK00825,Imagined communities,['Benedict Anderson'],315 p,"['Nationalism', 'History', 'Nationalisme', 'Nacionalismo', 'Histoire', 'Imperialismo', 'Nationalbewusstsein', 'Nationalismus', 'Nation', 'Politics and Government', 'Nationalism--history', 'Nationalismhistory', 'Jc311 .a656 1991', '320.5/4', 'Jc311 .a53 2016', '320.54', 'Jc311 .a656 2006']",1983.0,4.25,4.0,20.0,114.0,3.0,15.0,https://covers.openlibrary.org/b/id/652236-L.jpg,/works/OL1702855W,True,False,,imagined communities
BOOK00826,A First Look at Communication Theory,['Emory A. Griffin'],,"['Communication', 'Philosophy', 'Theorie', 'Kommunikation', 'Philosophie']",1991.0,2.0,1.0,14.0,41.0,1.0,3.0,https://covers.openlibrary.org/b/id/7897816-L.jpg,/works/OL34013W,True,False,,a first look at communication theory
BOOK00827,Today's isms,"['Alan O. Ebenstein', 'Alan Ebenstein', 'William Ebenstein', 'EBENSTEIN FOGE', 'W. Ebenstein', 'Ebenstein & Fogelman', 'William Ebenstein']","Discusses the historical background, psychological roots, strengths, weaknesses, practices, evolution, and future of these political systems.","['Communism', 'Capitalism', 'Comparative economics', 'Fascism', 'Comparative government', 'Socialism', 'Socialisme', 'Communisme', 'Capitalisme', 'Fascisme', 'Political science', 'Faschismus', 'Kapitalismus', 'Kommunismus', 'Sozialismus', 'Institutions politiques comparées', 'Économie comparée', 'Dictatuur', 'Fascismo', 'Capitalismo', 'Politieke bewegingen', 'Democratie', 'Socialismo', 'Idées politiques', 'Sociologie', 'Histoire', 'Économie politique comparée', 'Comparative politics']",1954.0,3.0,1.0,44.0,52.0,3.0,1.0,https://covers.openlibrary.org/b/id/12727201-L.jpg,/works/OL59775W,True,False,,today's isms
BOOK00828,Interplay,['Ronald B. Adler'],1 v. (various pagings) : 26 cm,"['Interpersonal communication', 'Psychological aspects', 'Psychological aspects of Interpersonal communication', 'Communication', 'Interpersonal Relations']",1980.0,3.0,1.0,21.0,72.0,2.0,1.0,https://covers.openlibrary.org/b/id/3967691-L.jpg,/works/OL15287239W,True,False,,interplay
BOOK00829,Interpersonal communication,"['Sarah Trenholm', 'Arthur Jensen']",,"['Interpersonal communication', 'Psychologie', 'Interpersonale Kommunikation', 'Interpersonal Relations', 'Communication', 'History']",1988.0,4.0,2.0,11.0,36.0,2.0,2.0,https://covers.openlibrary.org/b/id/3695239-L.jpg,/works/OL66051W,True,False,,interpersonal communication
BOOK00830,Business communication today,['Courtland L. Bovée'],"Teaches business communication, focusing on essential communication skills and practical, realistic assignments; also show students the reasons for effective business communication through real-world company examples and real-life business situations.","['Case studies', 'Business communication', 'Communication in organizations', 'Communication dans les organisations', 'Management', ""Communication dans l'entreprise"", 'Kommunikation', 'Unternehmen', 'Business writing', 'Etudes de Cas', 'Communicatie', 'Handelscorrespondentie', 'Communication in management']",1989.0,4.0,4.0,5.0,70.0,7.0,1.0,https://covers.openlibrary.org/b/id/7134604-L.jpg,/works/OL7946239W,True,False,,business communication today
BOOK00831,Fashion as communication,['Malcolm Barnard'],"What kinds of things do fashion and clothing say about us? If we wear Donna Karan, Moschino, Gaultier or Westwood, what statements do we make? Are there any real differences between Punk and the New Look? In Fashion as Communication Malcolm Barnard introduces fashion and clothing as a way of communicating class, gender, sexuality and social identities. This interdisciplinary work clearly analyses how fashion and clothing have been understood as modern and postmodern phenomena. Drawing on the theoretical approaches to culture, in particular those of Simmel, Derrida, Baudrillard and Jameson, the author assesses the consequences of postmodernism for fashion as a mode of communication. Concepts such as class, gender, reproduction and resistance are explored in a clear and concise manner and further reading on each subject is detailed.","['Social aspects of Costume', 'Fashion', 'Social aspects', 'Psychological aspects', 'Social aspects of Fashion', 'Clothing and dress', 'Costume', 'Psychological aspects of Clothing and dress', 'Psychological aspects of Costume', 'Sex differences', 'Social aspects of Clothing and dress', 'Clothing and dress, social aspects', 'Costume, psychological aspects', 'RELIGION', 'Biblical Studies', 'Prophets', 'Mode', 'Sociala aspekter', 'Kläder']",1996.0,,,4.0,73.0,2.0,2.0,https://covers.openlibrary.org/b/id/3815923-L.jpg,/works/OL1891342W,True,False,,fashion as communication
BOOK00832,Communication,"['William J. Seiler', 'Melissa L. Beall']",,"['Communication', 'Oral communication']",1995.0,,,23.0,27.0,4.0,1.0,https://covers.openlibrary.org/b/id/6822321-L.jpg,/works/OL15859698W,True,False,,communication
BOOK00833,Visual Communication,['Paul Martin Lester'],"Visual communication is just as important as verbal communication, if not more important. VISUAL COMMUNICATION: IMAGES WITH MESSAGES shows you how visual perception is used in all forms of communication, whether it's graphic design, photography, television, video, or interactive media. And because it's packed with study and review tools, this communications textbook not only clearly explains the theories you need to know, it helps you prepare for tests and will help you succeed in the class.",['Visual communication'],1995.0,5.0,2.0,8.0,59.0,7.0,1.0,https://covers.openlibrary.org/b/id/365063-L.jpg,/works/OL2972446W,True,False,,visual communication
BOOK00834,Electronic communication systems,['Roy Blake'],,['Telecommunication'],2002.0,3.6666667,6.0,1.0,146.0,10.0,3.0,https://covers.openlibrary.org/b/id/1453722-L.jpg,/works/OL3339807W,True,False,,electronic communication systems
BOOK00835,Digital communications,['John G. Proakis'],,"['Digital communications', 'open_syllabus_project', 'Tk5103.7 .p76 2000', '621.382']",1983.0,3.0,2.0,9.0,34.0,5.0,2.0,https://covers.openlibrary.org/b/id/56245-L.jpg,/works/OL2706143W,True,False,,digital communications
BOOK00836,"Communication Skills, Second Edition","['Sanjay Kumar', 'Pushp Lata']",,"['Interpersonal communication', 'English language, grammar', 'English language, textbooks for foreign speakers']",2015.0,3.75,4.0,2.0,130.0,14.0,4.0,https://covers.openlibrary.org/b/id/13709732-L.jpg,/works/OL21287977W,True,False,,"communication skills, second edition"
BOOK00837,Digital and analog communication systems,['Leon W. Couch'],,"['Digital communications', 'Telecommunication systems', 'Nachrichtenübertragungstechnik', 'Analog electronic systems', 'Télécommunications, Systèmes de', 'Transmission numérique', 'Telecommunicatie', 'Digitale systemen']",1983.0,4.75,4.0,14.0,59.0,6.0,2.0,https://covers.openlibrary.org/b/id/1108044-L.jpg,/works/OL3282137W,True,False,,digital and analog communication systems
BOOK00838,Technical Communication,['John M. Lannon'],"*Technical Communication* offers complete coverage of technical communication, business communication, and professional writing in a user-friendly writing style. The topics move from basic foundational concepts, to chapters on research, visuals, style, document design, usability, and finally to specific documents (basic workplace correspondence to more complex documents, technologies, and oral presentations). The appendix includes thorough coverage of MLA, APA, and CSE (Council of Science Editors) documentation styles, and a handbook of grammar, mechanics, and usage. All descriptions of and instructions for creating technical documents are accompanied by clear, annotated model documents. In addition, graphic illustrations appear throughout the book to make abstract concepts easy to understand. Checklists and Projects provide plentiful opportunities to learn and reinforce chapter topics.","['Technical writing', 'open_syllabus_project', 'Communication of technical information', 'TECHNICAL WRITING', 'INFORMATION SYSTEMS', 'PUBLIC SPEAKING', 'COMMUNICATION', 'Textbooks', 'Rédaction technique', ""Manuels d'enseignement supérieur"", 'Information technique']",2000.0,4.5,2.0,14.0,30.0,2.0,2.0,https://covers.openlibrary.org/b/id/2382521-L.jpg,/works/OL2659167W,True,False,,technical communication
BOOK00839,Communicating with strangers,"['William B. Gudykunst', 'Young Yun Kim', 'William Gudykunst']",,"['Intercultural communication', 'Intergroup relations', 'Intercultural communication.', 'Communication', 'Culture', 'Interpersonal Relations', 'Cross-Cultural Comparison', 'Cultural Characteristics', 'Ethnopsychology', 'Prejudice', '77.63 social interaction and relations', 'Kulturkontakt', 'Interculturele communicatie', 'Interpersoonlijke communicatie', 'Comunicación intercultural']",1984.0,5.0,2.0,12.0,24.0,4.0,2.0,https://covers.openlibrary.org/b/id/4945892-L.jpg,/works/OL1834976W,True,False,,communicating with strangers
BOOK00840,Communication Theories,['Katherine Miller'],,"['Communication', 'Philosophy']",2001.0,4.75,4.0,5.0,56.0,3.0,3.0,https://covers.openlibrary.org/b/id/14415653-L.jpg,/works/OL1867753W,True,False,,communication theories
BOOK00841,Nonverbal communication in human interaction,"['Mark L. Knapp', 'Judith A. Hall']",,"['Body language', 'Communication non-verbale', 'Nonverbal communication (Psychology)', 'Gestik', 'Mimik', 'Interaktion', 'Nichtverbale Kommunikation', 'Nonverbal communication', 'Kinesics', 'Langage du corps', 'Non-verbale communicatie', 'Textbooks']",1972.0,5.0,1.0,16.0,37.0,7.0,1.0,https://covers.openlibrary.org/b/id/1274942-L.jpg,/works/OL2921027W,True,False,,nonverbal communication in human interaction
BOOK00842,Business and administrative communication,"['Kitty O. Locker', 'Donna S. Kienzler', 'Locker']",,"['Communication en gestion', 'Business communication', 'Communication in management', ""Communication dans l'entreprise"", 'Kommunikation', 'Unternehmen', 'Business communication & presentation', 'Business & Economics', 'Business / Economics / Finance', 'Business/Economics', 'Business & Economics / Business Communication', 'Business Communication - General', 'Business & Management', 'Komunikacja w zarządzaniu', 'Podręczniki akademickie', 'Komunikacja w organizacjach']",1989.0,5.0,1.0,22.0,21.0,2.0,1.0,https://covers.openlibrary.org/b/id/5445247-L.jpg,/works/OL2647816W,True,False,,business and administrative communication
BOOK00843,The media of mass communication 11th edition,['John Vivian'],,"['Mass media', 'Communication', 'Problems, exercises']",1991.0,,,18.0,67.0,0.0,0.0,https://covers.openlibrary.org/b/id/138233-L.jpg,/works/OL1918254W,True,False,,the media of mass communication 11th edition
BOOK00844,Nonverbal Communication,['Albert Mehrabian'],,"['Body language', 'Nonverbal communication (Psychology)', 'Nonverbal communication', 'Interpersonal communication', 'Communication', 'Psychological aspects', 'Kinesics', 'Communication non verbale', 'Langage du corps', 'Communication interpersonnelle', 'Aspect psychologique', 'SOCIAL SCIENCE', 'Body Language & Nonverbal Communication']",1972.0,,,5.0,38.0,4.0,1.0,https://covers.openlibrary.org/b/id/4607668-L.jpg,/works/OL4450656W,True,False,,nonverbal communication
BOOK00845,Modern digital and analogue communication systems,"['B. P. Lathi', 'Zhi Ding']",ABOUT SIGNALS,"['Digital communications', 'Statistical communication theory', 'Telecommunication systems', 'Nachrichtenu\x98bertragungssystem', 'Telecommunicatie', 'Digitale technieken', 'Analog-to-digital converters', 'Informationstheorie', 'Kommunikationssystem', 'Telekommunikation', 'Systèmes de télécommunications', 'Transmission numérique', 'Traitement du signal', 'Mathématiques', 'Telecommunications', 'Electrical', 'Tec009030', 'Cs.eng.elect_elect_eng']",1983.0,5.0,1.0,11.0,57.0,4.0,1.0,https://covers.openlibrary.org/b/id/123570-L.jpg,/works/OL1841854W,True,False,,modern digital and analogue communication systems
BOOK00846,Business communication,"['Kitty O. Locker', 'Stephen Kyo Kaczmarek', 'Kitty Locker']",,"['Business communication', 'Communication in organizations', 'Business writing', 'Comunicación en administración', 'Communication', 'Entreprise']",2001.0,3.0,2.0,16.0,30.0,0.0,3.0,https://covers.openlibrary.org/b/id/1084633-L.jpg,/works/OL2647815W,True,False,,business communication
BOOK00847,Gendered Lives,['Julia T. Wood'],,"['Communication', 'Sex differences', 'Sex role', 'Gender identity']",1993.0,5.0,2.0,13.0,30.0,5.0,5.0,https://covers.openlibrary.org/b/id/365050-L.jpg,/works/OL37777W,True,False,,gendered lives
BOOK00848,The dynamics of mass communication,['Joseph R. Dominick'],,"['Mass media', 'Médias', 'Mâedias']",1983.0,4.0,1.0,22.0,61.0,5.0,2.0,https://covers.openlibrary.org/b/id/4173899-L.jpg,/works/OL25943W,True,False,,the dynamics of mass communication
BOOK00849,History Of Communication Study,['Everett M. Rogers'],,"['Communication', 'History', 'Communicatiewetenschap', 'Histoire', 'Geschichte', 'Kommunikationsforschung', 'Kommunikation', 'Theorie', 'Communication, study and teaching']",1994.0,4.8333335,6.0,3.0,70.0,4.0,6.0,https://covers.openlibrary.org/b/id/19118-L.jpg,/works/OL718009W,True,False,,history of communication study
BOOK00850,Satellite communications,"['Timothy Pratt', 'Charles W. Bostian', 'Jeremy E. Allnutt']",,"['Artificial satellites in telecommunication', 'Technology', 'Telecommunications']",1986.0,5.0,2.0,9.0,20.0,4.0,3.0,https://covers.openlibrary.org/b/id/4143467-L.jpg,/works/OL5097833W,True,False,,satellite communications
BOOK00851,Communication 2000,['Agency for Instructional Technology'],,[],2001.0,,,20.0,14.0,2.0,0.0,https://covers.openlibrary.org/b/id/5062974-L.jpg,/works/OL8346455W,True,False,,communication 2000
BOOK00852,The changing face of western communism,[],,[],1980.0,4.714286,7.0,1.0,146.0,15.0,6.0,,/works/OL20690760M,True,False,,the changing face of western communism
BOOK00853,Communicating at work,"['Ronald B. Adler', 'Adler; Elmhorst', 'Ronald B. Adler', 'Jeanne Marquardt Elmhorst', 'Kristen Lucas Assistant Professor Ph.D.']","Highly regarded for its clarity, wealth of examples, and practical suggestions, this successful text offers a comprehensive look at oral communication in business and professional settings -- from preparing and delivering presentations to interviewing, from group problem-solving to interpersonal communication in the workplace. This fifth edition includes streamlined chapters on negotiating, interviewing, and running effective meetings. In addition, special attention has been given to gender issues in the workplace, including recent research on the different approaches men and women take to dealing with conflict. - Back cover.","['Interpersonal communication', 'Business communication', 'Communication in management', 'Presentatie', 'Communicatieve vaardigheden', 'Communication en gestion', 'Communication interpersonnelle']",1983.0,5.0,2.0,30.0,70.0,4.0,1.0,https://covers.openlibrary.org/b/id/10934171-L.jpg,/works/OL72508W,True,False,,communicating at work
BOOK00854,Multimedia communications,['Fred Halsall'],,"['Multimedia systems', 'Communicatie', 'Multimedia', 'Computernetwerken', 'Multimedias', 'Telecommunication systems']",2000.0,5.0,4.0,3.0,58.0,8.0,4.0,https://covers.openlibrary.org/b/id/1141865-L.jpg,/works/OL2960008W,True,False,,multimedia communications
BOOK00855,Mass communication theory,"['Stanley J. Baran', 'Dennis K. Davis']",,"['Mass media', 'Philosophy', 'Massacommunicatie', 'Theoriee\x98n', 'Medias', 'Philosophie', 'Media Studies', 'Sociology', 'Mass Communication', 'Cinema/Film: Book', 'Science/Mathematics', 'Performing Arts', 'Mass Media - General', 'Mass medias', 'Medios de comunicacion de masas', 'Language and languages']",1994.0,1.0,1.0,12.0,44.0,5.0,1.0,https://covers.openlibrary.org/b/id/4664431-L.jpg,/works/OL470061W,True,False,,mass communication theory
BOOK00856,Emotional Intelligence,['Daniel Goleman'],"¿Por qué algunas personas parecen dotadas de un don especial que les permite vivir bien, aunque no sean las que más se destacan por su inteligencia? ¿Por qué no siempre el alumno más inteligente termina siendo el más exitoso? ¿Por qué unos son más capaces que otros para enfrentar contratiempos, superar obstáculos y ver las dificultades bajo una óptica distinta? El libro demuestra cómo la inteligencia emocional puede ser fomentada y fortalecida en todos nosotros, y cómo la falta de la misma puede influir en el intelecto o arruinar una carrera. La inteligencia emocional nos permite tomar conciencia de nuestras emociones, comprender los sentimientos de los demás, tolerar las presiones y frustraciones que soportamos en el trabajo, acentuar nuestra capacidad de trabajar en equipo y adoptar una actitud empática y social, que nos brindará mayores posibilidades de desarrollo personal.","['Emotions and cognition', 'Intellect', 'Success, psychological aspects', 'Self-actualization (psychology)', 'Emotions', 'Social aspects', 'Emociones', 'Emociones y cognición', 'Aspectos sociales', 'Emociones y percepción', 'Business', 'Cognition', 'Emotional intelligence', 'Nonfiction', 'Psychological aspects', 'Psychological aspects of Success', 'Self-Improvement', 'Social aspects of Emotions', 'Success', 'open_syllabus_project', 'Emotionele intelligentie', 'Émotions', 'Intelligence émotionnelle', 'Intelligence', 'Émotions et cognition', 'Sociological aspects', 'Psychology &amp; psychiatry', 'Cognitive psychology', 'Psychological self-help', 'Personal growth', 'Children with special needs', 'Intel·ligència emocional', 'Cognició', 'Emocions', 'Emotion', 'Self Concept', 'Empathy', 'Social Behavior']",1995.0,3.942029,69.0,39.0,2335.0,200.0,106.0,https://covers.openlibrary.org/b/id/1359485-L.jpg,/works/OL1878267W,True,False,,emotional intelligence
BOOK00857,Emotional Intelligence 2.0,"['Travis Bradberry', 'Jean Greaves', 'Jean Greaves Travis Bradberry', 'Tom Parks']","In today's fast-paced world of competitive workplaces and turbulent economic conditions, each of us is searching for effective tools that can help us to manage, adapt, and strike out ahead of the pack. By now, emotional intelligence (EQ) needs little introduction—it's no secret that EQ is critical to your success. But knowing what EQ is and knowing how to use it to improve your life are two very different things. Emotional Intelligence 2.0 delivers a step-by-step program for increasing your EQ via four core EQ skills that enable you to achieve your fullest potential:1) Self-Awareness2) Self-Management3) Social Awareness4) Relationship ManagementYour purchase of Emotional Intelligence 2.0 includes online access to the Emotional Intelligence Appraisal test.To take the test:1) Go to www.TalentSmart.com/supportform and request your unique code2) Visit www.TalentSmart.com/test 3) Click on the ""I'M READY"" button, then sign in using your unique passcode","['Nonfiction', 'Self-Improvement', 'EQ skill', 'self-awareness', 'self-management', 'social awareness', 'and relationship management', 'Emotional intelligence', 'BUSINESS & ECONOMICS / Skills', 'SELF-HELP / Personal Growth / Success', 'BUSINESS & ECONOMICS / Motivational', 'Intelligence émotionnelle', ""Développement d'aptitudes"", 'BUSINESS & ECONOMICS / Leadership', 'Relations humaines', 'Aspects psychologiques', 'Développement personnel', 'Inteligencia emocional', 'Bf576 .b73 2009', 'Bf 576 b798 2009', '152.4 bra', 'B842.6']",2009.0,3.8888888,9.0,7.0,499.0,29.0,18.0,https://covers.openlibrary.org/b/id/11123603-L.jpg,/works/OL15189300W,True,False,,emotional intelligence 2.0
BOOK00858,Emotional Intelligence,['Daniela GOLEMAN'],,[],2019.0,4.3333335,3.0,1.0,141.0,13.0,4.0,https://covers.openlibrary.org/b/id/13262112-L.jpg,/works/OL29984714W,True,False,,emotional intelligence
BOOK00859,Working with Emotional Intelligence,['Daniel Goleman'],Do you want to be more successful at work? Do you want to improve your chances of promotion? Do you want to get on better with your colleagues? Daniel Goleman draws on unparalleled access to business leaders around the world and the thorough research that is his trademark. He demonstrates that emotional intelligence at work matters twice as much as cognitive abilities such as IQ or technical expertise in this inspiring sequel.,"['Management', 'Emotions', 'Développement de la personnalité', 'Intelligenz', 'Self-Improvement', 'Psychological aspects', 'Emotionele intelligentie', 'Business', 'Personality Development', 'Psychological aspects of Management', 'Organization and Administration', 'Émotion', 'Gefühl', 'Emotions and cognition', 'Cognition', 'Aspect psychologique', 'open_syllabus_project', 'Gestion', 'Executive ability', 'Emotional intelligence', 'Intelligence émotionnelle', 'Aptitude pour la direction', 'Interpersonal Relations', 'Nonfiction', 'Unternehmen', 'Employees', 'Attitudes', 'Psychology', 'Industrial Psychology', 'Personal development', 'Psychology, industrial', 'Organizational behavior', 'Management--psychological aspects', 'Hd38.2 .g647 1998', 'Bf 531 g625 1998', '658.4/09/019', 'Ratgeber', 'Erfolg', 'Développement', 'Personnalité', 'Emotionales Verhalten', 'Physiology', 'Aspekt społeczny', 'Poznanie', 'Emocje', 'Poradniki', 'Inteligencja emocjonalna', 'Psychologia pracy', 'Desarrollo', 'Aspectos psicológicos', 'Aptitudes de mando', 'Dirección y administración', 'Inteligencia emocional', 'Cambio de personalidad', 'Emociones y cognición', 'Lavoro', 'Aspetti psicologici', 'Emozione', 'Psicologia']",1998.0,4.25,4.0,20.0,174.0,14.0,5.0,https://covers.openlibrary.org/b/id/6426034-L.jpg,/works/OL1878297W,True,False,,working with emotional intelligence
BOOK00860,Emotional Intelligence,['Christine Wilding'],"Christine Wilding offers a guide to emotional intelligence for all areas of your life, from personal awareness to social and personal relationships. She takes Daniel Goleman's revolutionary psychological theory and transforms it into practical self-help to aid readers in boosting their emotional awareness.","['Emotional intelligence', 'Emotions', 'Intellect', 'Social perception', 'Intelligence', 'Social Perception', 'Emotional Intelligence', 'Intelligence émotionnelle', 'Émotions', 'Perception sociale', 'Emotion']",2007.0,5.0,1.0,3.0,72.0,7.0,2.0,https://covers.openlibrary.org/b/id/11437149-L.jpg,/works/OL21146285W,True,False,,emotional intelligence
BOOK00861,Emotional development and emotional intelligence,['Peter Salovey'],"With this groundbreaking volume, invited contributors present cutting-edge research on emotions and emotional development in a manner useful to educators, psychologists, and anyone interested in the unfolding of emotions during childhood. In recent years, innovative schools have developed courses in ""emotional literacy"" that focus on conflict resolution, social problem solving, and decision making; these classes teach children how to understand and manage their feelings and how to get along with one another. This unique book links theory and practice by juxtaposing scientific explanations of emotion with short commentaries from educators who elaborate on how these advances can be put to use in the classroom. Accessible and enlightening, Emotional Development and Emotional Intelligence provides ample evidence about emotional intelligence as well as sound information on the potential efficacy of educational programs based on this idea.","['Emotions in children', 'Child development', 'Affective education', 'Emotional maturity', 'Emotions and cognition']",1997.0,4.0,4.0,2.0,70.0,5.0,3.0,https://covers.openlibrary.org/b/id/1237779-L.jpg,/works/OL18242646W,True,False,,emotional development and emotional intelligence
BOOK00862,Emotional Intelligence : How to Improve Emotional Intelligence,['Kati Haylock'],,[],2021.0,,,1.0,29.0,0.0,1.0,,/works/OL30933400W,True,False,,emotional intelligence : how to improve emotional intelligence
BOOK00863,Great emotional intelligence,['Christine Wilding'],"""The books in this bite-sized new series contain no complicated techniques or tricky materials, making them ideal for the busy, the time-pressured or the merely curious. Great Emotional Intelligence is a short, simple and to-the-point guide to changing your life by understanding your feelings and their impact on those around you."" --Publisher description.",['Emotional intelligence'],2011.0,,,3.0,19.0,2.0,2.0,https://covers.openlibrary.org/b/id/12291731-L.jpg,/works/OL26285688W,True,False,,great emotional intelligence
BOOK00864,Emotional intelligence,"['Walton, David (Psychologist)']","A guide that how you can improve your personal and professional relationships, your health, your children's prospects and more. Includes exercises, case studies and useful tips.","['Emotional intelligence', 'Psychology']",2012.0,3.0,2.0,1.0,23.0,3.0,2.0,https://covers.openlibrary.org/b/id/10431006-L.jpg,/works/OL22063067W,True,False,,emotional intelligence
BOOK00865,The brain and emotional intelligence,['Daniel Goleman'],,"['Brain', 'Research', 'Emotional intelligence', 'Neuropsychology']",2011.0,,,1.0,36.0,3.0,1.0,,/works/OL32221205W,True,False,,the brain and emotional intelligence
BOOK00866,Emotional Intelligence Habits,['Travis Bradberry'],,"['Business', 'Interpersonal relations']",2023.0,,,1.0,32.0,0.0,0.0,https://covers.openlibrary.org/b/id/15100928-L.jpg,/works/OL35744456W,True,True,,emotional intelligence habits
BOOK00867,Raising your emotional intelligence,['Jeanne Segal'],,"['Problems, exercises', 'Social aspects', 'Emotions', 'Social aspects of Emotions', 'Emotions and cognition', 'Intellect', 'Self-culture', 'Emotional intelligence']",1997.0,,,2.0,19.0,1.0,0.0,https://covers.openlibrary.org/b/id/579893-L.jpg,/works/OL2639523W,True,False,,raising your emotional intelligence
BOOK00868,Building emotional intelligence,['Linda Lantieri'],"""What's the most important piece of your child's educational experience? If you think it's math, science or reading you might be overlooking an element that is fast becoming essential in today's stressful world - the capacity known as inner resilience. In Building Emotional Intelligence, pioneering educator Linda Lantieri joins forces with renowned psychologist Daniel Goleman to help children respond to and rebound from the challenges unique to the 21st century. How? Through a breakthrough, step-by-step guide that teaches children how to quiet their minds, calm their bodies and manage their emotions more skilfully.""--BOOK JACKET.","['Emotions in children', 'Study and teaching', 'Emotional intelligence']",2008.0,0.0,0.0,3.0,15.0,2.0,1.0,https://covers.openlibrary.org/b/id/7394129-L.jpg,/works/OL3257453W,True,False,,building emotional intelligence
BOOK00869,Emotional intelligence 101,['Gerald Matthews'],"As the first science-based introduction to the topic, this latest addition to The Psych 101 Series discusses one of the most pivotal new psychological concepts of the 21st century: emotional intelligence (El). The text provides an even-handed appraisal of those aspects of El that have been substantiated by scientific evidence and those areas that require more rigorous scrutiny. It explores the promise of El regarding the treatment of mental illness and the enhancement of normal functioning while examining conceptual and empirical tests that must be satisfied before El can be accepted as a major new aspect of individual differences. The text identifies two different pathways of research-one concerned with El as a true ability, the other viewing El as more akin to a personality trait. It examines the role of personality traits in emotional functioning and considers strategies for assessing El as an ability using objectively scored tests, along with potential pitfalls to conducting valid research, The implications and consequences of both high and low El regarding functioning in real life are discussed, including the relationship of El to psychopathology. The book also surveys and evaluates training programs directed toward improving emotional functioning in the classroom and the workplace, and assesses those improvements in research methods that are needed. Discusses how El can improve learning in school and enhance important work skills such as communication and teamwork. Covers key research issues, including methods for measuring El, its overlap with conventional ability and personality traits, and the validity of testing for El. Reviews applied studies and the contributions that research on El may make to address real-world personal and societal problems. Examines the main conceptual, measurement, and research issues identified in various lines of research, most conducted within the last 10 years. Designed for use by both students and practitioners --Book Jacket.",['Emotional intelligence'],2011.0,,,2.0,11.0,0.0,1.0,https://covers.openlibrary.org/b/id/12741458-L.jpg,/works/OL16176740W,True,False,,emotional intelligence 101
BOOK00870,Emotional Intelligence : 3 Books in 1,['Emotional Pathway'],,[],2019.0,,,1.0,31.0,2.0,1.0,https://covers.openlibrary.org/b/id/13252600-L.jpg,/works/OL30109045W,True,False,,emotional intelligence : 3 books in 1
BOOK00871,Primal leadership : realizing the power of emotional intelligence,"['Daniel Goleman', 'Annie McKee', 'Richard E. Boyatzis']",Annotation.,"['Leadership', 'Executive ability', 'Management', 'Emotional intelligence', 'Psychological aspects', 'Ratgeber', 'Interpersonale Kompetenz', 'Psychology', 'Organisatieontwikkeling', 'Emotions', 'Aspect psychologique', 'Gestion', 'Aspects psychologiques', 'Emotionele intelligentie', 'Sozialkompetenz', 'Intelligence émotionnelle', 'Leiderschap', 'Aptitude pour la direction', 'Interpersonal Relations', 'Cognition', 'Emotionales Verhalten', 'Führung', ""Gestion d'entreprise"", '[manuel]', 'Travail', 'Psychologie du travail', 'Gestionnaire', 'Leader', 'Manuel', 'Business &amp; economics']",2002.0,3.5,2.0,1.0,17.0,0.0,4.0,https://covers.openlibrary.org/b/id/834766-L.jpg,/works/OL18169182W,True,False,,primal leadership : realizing the power of emotional intelligence
BOOK00872,Emotional intelligence,['Jill Dann'],,"['Emotional intelligence', 'Success in business']",2007.0,,,1.0,12.0,1.0,0.0,https://covers.openlibrary.org/b/id/11323145-L.jpg,/works/OL9449984W,True,False,,emotional intelligence
BOOK00873,Emotional Intelligence,['Tanvir Shakil'],,[],2019.0,,,1.0,8.0,1.0,0.0,,/works/OL29879455W,True,False,,emotional intelligence
BOOK00874,Emotional intelligence,"['Ralf Schulze', 'Richard D. Roberts']",,"['Emotional intelligence', 'Intelligence émotionnelle', 'Emotions', 'Cognition']",2005.0,,,3.0,8.0,0.0,0.0,https://covers.openlibrary.org/b/id/686449-L.jpg,/works/OL19386837W,True,False,,emotional intelligence
BOOK00875,Who's Talking?,['Chris Hinton'],,"['Self-help techniques', 'Psychology']",2025.0,,,2.0,26.0,0.0,0.0,https://covers.openlibrary.org/b/id/15101163-L.jpg,/works/OL42452378W,True,False,,who's talking?
BOOK00876,Emotional Intelligence,['Modern Psychology Publishing'],,[],2019.0,,,6.0,6.0,0.0,0.0,https://covers.openlibrary.org/b/id/13893546-L.jpg,/works/OL29915337W,True,False,,emotional intelligence
BOOK00877,Emotional Intelligence for Dummies,['Steven J. Stein'],Annotation,['Emotional intelligence'],2009.0,,,4.0,14.0,0.0,0.0,https://covers.openlibrary.org/b/id/8644416-L.jpg,/works/OL17000415W,True,False,,emotional intelligence for dummies
BOOK00878,Emotional Intelligence at Work,"['Singh, Dalip']",,"['Emotional intelligence', 'Industrial Psychology', 'Psychology, industrial']",2000.0,,,7.0,6.0,0.0,0.0,https://covers.openlibrary.org/b/id/1432215-L.jpg,/works/OL5969315W,True,False,,emotional intelligence at work
BOOK00879,The emotional intelligence quick book,['Travis Bradberry'],,"['Emotional intelligence', 'Intelligence', 'Emotions', 'Social Behavior', 'Industrial management', 'Business communication']",2005.0,5.0,1.0,2.0,17.0,0.0,2.0,https://covers.openlibrary.org/b/id/474880-L.jpg,/works/OL5844673W,True,False,,the emotional intelligence quick book
BOOK00880,Emotional intelligence at work,['Hendrie Weisinger'],"""If you think analytical skills, company loyalty, or even competence is the key to success in the workplace, it's time to think again. Most experts now agree that those who climb the corporate ladder most quickly are those who possess a high degree of emotional intelligence. Simply put, emotional intelligence (EI) is the ability to make your emotions work for you by using them in ways that produce the results you want. And the good news is that, unlike IQ and other traditional measures of intelligence, EI can be developed and dramatically increased."" ""Aside from showing individuals how they can get ahead by applying emotional intelligence in the workplace, Dr. Weisinger also explains how businesses can benefit through the application of EI on a company-wide basis.""--BOOK JACKET.","['Emotional intelligence', 'Emotions', 'Industrial Psychology', 'Interpersonal relations', 'Self-perception', 'Interpersoonlijke communicatie', 'Emoties', 'Self Concept', 'Zelfbeeld', 'Motivation (psychology)', 'Psychology, industrial', 'Methods', 'Physiology', 'Success in business']",1998.0,,,2.0,8.0,1.0,0.0,https://covers.openlibrary.org/b/id/548268-L.jpg,/works/OL468928W,True,False,,emotional intelligence at work
BOOK00881,The language of emotional intelligence,['Jeanne Segal'],"Groundbreaking strategies to improve your relationships and build rapport by tapping into the secrets of emotional intelligenceMany communication books rely on right-brain thinking to help you improve your relationships. But this method fails in the heat of the moment, when your emotions take over and feelings end up being hurt. In this book, expert Jeanne Segal, Ph.D., marries emotional intelligence with healthy communication skills to help you interact more effectively with family, friends, and coworkers. She offers groundbreaking tools for remaining calm and focused during heated discussions, as well as tips and exercises on raising your own emotional intelligence, reading others' emotional intelligence, and how to use non-verbal cues wisely.","['Attachment behavior', 'Interpersonal communication', 'Emotional intelligence', 'Nonfiction', 'Self-Improvement']",2008.0,,,2.0,11.0,2.0,0.0,https://covers.openlibrary.org/b/id/5345130-L.jpg,/works/OL2639519W,True,False,,the language of emotional intelligence
BOOK00882,HBR's 10 must reads on emotional intelligence,['Harvard Business Review Press'],"In his defining work on emotional intelligence, Dan Goleman has found that it is twice as important as other competencies in determining outstanding leadership. If you read nothing else on emotional intelligence, read these 10 articles. We've combed through hundreds of articles in the Harvard Business Review archive and selected the most important ones to help you monitor and manage your emotions - and boost your success.","['Emotional intelligence', 'Work', 'Psychological aspects', 'Work, psychological aspects', 'Work--psychological aspects', 'Bf576 .h394 2015', '152.4', 'Intelligence émotionnelle', 'Aspects psychologiques', 'Relations humaines', 'Règlement de différends', 'Développement personnel', 'Leadership', 'Gefühl', 'Intelligenz']",2015.0,,,1.0,7.0,1.0,1.0,https://covers.openlibrary.org/b/id/13048365-L.jpg,/works/OL20032966W,True,False,,hbr's 10 must reads on emotional intelligence
BOOK00883,Selling with emotional intelligence,['Mitch Anthony'],,"['Emotional intelligence', 'Psychological aspects', 'Psychological aspects of Selling', 'Selling', 'Vente', 'Aspect psychologique', 'Intelligence émotionnelle', 'BUSINESS & ECONOMICS', 'Marketing', 'General', 'Distribution']",2003.0,,,3.0,7.0,1.0,0.0,https://covers.openlibrary.org/b/id/558740-L.jpg,/works/OL5827035W,True,False,,selling with emotional intelligence
BOOK00884,Teaching with emotional intelligence,['Alan Mortiboys'],,"['Adult education', 'Affective education', 'College teaching', 'Emotional intelligence', 'Emotions and cognition', 'EDUCATION / Professional Development', 'EDUCATION / Teaching Methods & Materials / General', 'EDUCATION / General']",2005.0,1.0,1.0,12.0,7.0,0.0,0.0,https://covers.openlibrary.org/b/id/1217842-L.jpg,/works/OL5816970W,True,False,,teaching with emotional intelligence
BOOK00885,Emotional intelligence,['Helen C. Bryant'],"""Emotional Intelligence: An Educator's Guide features a study on the Relationship Between Emotional Intelligence and Reading Comprehension in High School Students with Learning Disabilities, and resources that can be used in the classroom. Written for administrators, teachers, and resource professionals, this book is designed for anyone who works with children or who may serve in an administrative capacity. This book is designed to assist in enhancing or developing an understanding of emotional intelligence and its implications for the classroom, the workplace and church. Additionally, this book is designed to help us gain insight into our own emotions as we strive to make a difference in our own lives as well as others. Join me as we explore the Relationship Between Emotional Intelligence and Reading Comprehension in High School Students with Learning Disabilities and consider various strategies that can be implemented in the classroom as well outside of the classroom."" from ""About the Book"" before the Introduction.","['Emotional intelligence', 'Learning disabilities', 'Learning disabled youth', 'Reading comprehension']",2011.0,,,1.0,7.0,1.0,0.0,https://covers.openlibrary.org/b/id/10983319-L.jpg,/works/OL24424813W,True,False,,emotional intelligence
BOOK00886,Achieving emotional literacy,"['Claude Steiner', 'Paul Perry']",,"['Self-actualization (Psychology)', 'Emotional intelligence', 'Interpersonal relations', 'Emotions', 'Self-actualization (psychology)']",1997.0,,,4.0,13.0,2.0,0.0,https://covers.openlibrary.org/b/id/1189847-L.jpg,/works/OL2682877W,True,False,,achieving emotional literacy
BOOK00887,HBR Guide to Emotional Intelligence,['HBR'],,"['Emotional intelligence', 'Work', 'Psychological aspects', 'Industrial Psychology', 'Intelligence émotionnelle', 'Travail', 'Aspect psychologique', 'Psychologie du travail', 'BUSINESS & ECONOMICS', 'Industrial Management', 'Management', 'Management Science', 'Organizational Behavior']",2017.0,,,2.0,10.0,1.0,0.0,https://covers.openlibrary.org/b/id/8850497-L.jpg,/works/OL20200501W,True,False,,hbr guide to emotional intelligence
BOOK00888,Manipulation Techniques,['Daniel Brain'],,[],2020.0,,,1.0,80.0,5.0,0.0,,/works/OL21979366W,True,False,,manipulation techniques
BOOK00889,Emotional Intelligence,['James W. Williams'],,[],2019.0,4.0,1.0,6.0,10.0,1.0,1.0,https://covers.openlibrary.org/b/id/10490525-L.jpg,/works/OL22707381W,True,False,,emotional intelligence
BOOK00890,Emotional Intelligence (Life Balance),['Linda Wasmer Andrews'],"Provides information that allows readers to judge how well they handle their emotions, and presents a set of interpersonal skills that may be developed and applied to everyday situations.","['emotional intelligence', 'non fiction', 'Emotional intelligence', 'Juvenile literature', 'Emotions']",2004.0,,,2.0,6.0,1.0,1.0,https://covers.openlibrary.org/b/id/1271635-L.jpg,/works/OL8005018W,True,False,,emotional intelligence (life balance)
BOOK00891,Bedtime Stories For Kids,['Emotional Intelligence Guided'],,[],2020.0,,,5.0,3.0,0.0,0.0,https://covers.openlibrary.org/b/id/11242941-L.jpg,/works/OL24585420W,True,False,,bedtime stories for kids
BOOK00892,What we know about emotional intelligence,['Moshe Zeidner'],"Emotional intelligence (or E.I.) is the ability to perceive, regulate, and communicate emotions, to understand emotions in ourselves and others. It has been the subject of best-selling books, magazine cover stories, and countless media mentions. It has been touted as a solution for problems ranging from relationship issues to the inadequacies of local schools. But the media hype has far outpaced the scientific research on emotional intelligence. In this book about emotional intelligence, three experts who are actively involved in research into E.I. offer a state of the art account of E.I. in theory and practice. They tell us what we know about E.I. based not on anecdote or wishful thinking but on science. E.I. promises a new means for achieving success and personal happiness. Coaches and consultants offer E.I. training and administer E.Q. tests, despite the lack of any agreement on how to measure E.I., the usefulness of testing for E.I., and even how to define E.I. This book looks at current knowledge about E.I. with the goal of translating it into practical recommendations in work, school, social, and psychological contexts. The authors discuss what is (and what isn't) E.I., why the concept has such appeal today, how E.I. develops, and the usefulness of E.I. in the real world, in school curricula, the workplace, and treating psychological dysfunction.","['Emotional Intelligence', 'Intelligenz', 'Emotionales Verhalten', 'Gefühl', 'Auswirkung', 'Death, Grief, Bereavement', 'PSYCHOLOGY', 'Emotions', 'FAMILY & RELATIONSHIPS']",2009.0,,,5.0,10.0,1.0,1.0,https://covers.openlibrary.org/b/id/6808936-L.jpg,/works/OL15845896W,True,False,,what we know about emotional intelligence
BOOK00893,Applying emotional intelligence,"['Joseph Ciarrochi', 'Mayer, John D.']","Providing information on emotional intelligence (EI) and its application, using rigorous, scientific findings by leading researchers in the field, this book will be of interest to a wide variety of practitioners, including those interested in developing EI in organizations, health areas, and school-age populations.","['Emotional intelligence', 'Emotions', 'Intellect', 'Intelligence', 'Intelligence émotionnelle', 'Émotions', 'Emotion', 'PSYCHOLOGY', 'Physiological Psychology', 'Gefühl', 'Intelligenz', 'Emotionele intelligentie', 'Toepassingen']",2007.0,,,5.0,4.0,0.0,0.0,https://covers.openlibrary.org/b/id/12787064-L.jpg,/works/OL18208464W,True,False,,applying emotional intelligence
BOOK00894,Change Your Life With Emotional Intelligence,['Christine Wilding'],,['Emotional intelligence'],2010.0,,,4.0,6.0,0.0,0.0,https://covers.openlibrary.org/b/id/7655196-L.jpg,/works/OL17476520W,True,False,,change your life with emotional intelligence
BOOK00895,Emotional Intelligence Mastery 2. 0,['Emotional Intelligence Academy'],,[],2019.0,,,1.0,6.0,0.0,0.0,https://covers.openlibrary.org/b/id/13495399-L.jpg,/works/OL29966293W,True,False,,emotional intelligence mastery 2. 0
BOOK00896,La iInteligencia emocional,['Daniel Goleman'],,['Emotional intelligence'],2013.0,,,1.0,9.0,2.0,0.0,https://covers.openlibrary.org/b/id/12483254-L.jpg,/works/OL19968778W,True,False,,la iinteligencia emocional
BOOK00897,Emotional Intelligence,['Daniel Coleman'],,[],1998.0,,,1.0,7.0,0.0,0.0,,/works/OL26457481W,True,False,,emotional intelligence
BOOK00898,Emotional Intelligence,['Margaret Chapman'],,"['Emotional intelligence', 'Handbooks, manuals', 'Management', 'Personnel management', 'Emotions and cognition', 'Personality development', 'Psychological aspects']",2001.0,,,1.0,7.0,0.0,0.0,https://covers.openlibrary.org/b/id/2072166-L.jpg,/works/OL4792964W,True,False,,emotional intelligence
BOOK00899,Emotional Intelligence,['Ryan James'],,['Psychology'],2019.0,,,11.0,3.0,0.0,0.0,,/works/OL26797363W,True,False,,emotional intelligence
BOOK00900,Master Your Emotions,['Eric Robertson'],,[],2019.0,5.0,1.0,1.0,33.0,2.0,1.0,https://covers.openlibrary.org/b/id/13938169-L.jpg,/works/OL30180717W,True,False,,master your emotions
BOOK00901,Emotional Intelligence,"['Darwin B. Nelson', 'Gary R. Low']",,"['College students', 'College student orientation', 'Life skills guides', 'Emotional intelligence', 'Interpersonal relations']",2002.0,,,1.0,7.0,0.0,0.0,https://covers.openlibrary.org/b/id/1105668-L.jpg,/works/OL21376425W,True,False,,emotional intelligence
BOOK00902,Communicate with emotional intelligence,"['John Eaton', 'Roy Johnson']",,"['Emotional intelligence', 'Communication in management']",2001.0,,,1.0,7.0,0.0,0.0,https://covers.openlibrary.org/b/id/2056066-L.jpg,/works/OL20865064W,True,False,,communicate with emotional intelligence
BOOK00903,Emotional Intelligence Secrets,['Tyler Dawson'],,[],2019.0,,,1.0,5.0,0.0,0.0,,/works/OL30341441W,True,False,,emotional intelligence secrets
BOOK00904,The Science of Self Talk,['Ian Tuhovsky'],,[],2018.0,5.0,3.0,1.0,46.0,4.0,3.0,https://covers.openlibrary.org/b/id/11940340-L.jpg,/works/OL24996453W,True,False,,the science of self talk
BOOK00905,Primal Leadership,"['Daniel Goleman', 'Richard E. Boyatzis', 'Annie McKee']","Examines the role of emotional intelligence in leadership, presenting actual CEOs and managers as examples and describing a process that helps leaders inspire and motivate, increase performance, and lead resonantly.","['Executive ability', 'Leadership', 'Management', 'Emotional intelligence', 'Psychological aspects', 'Success in business', 'Psychology, industrial', 'Aspect psychologique', 'Gestion', 'Aptitude pour la direction', 'Intelligence émotionnelle', 'BUSINESS & ECONOMICS', 'Industrial Management', 'Management Science', 'Organizational Behavior', 'Emotionele intelligentie', 'Leiderschap', 'Organisatieontwikkeling', 'Emotions', 'Intelligence']",2004.0,,,1.0,13.0,0.0,1.0,https://covers.openlibrary.org/b/id/863982-L.jpg,/works/OL17050165W,True,False,,primal leadership
BOOK00906,Innovation Management,['Allan Afuah'],,"['Industrial management', 'Finance', 'Strategic planning', 'Organizational change', 'Product management', 'Corporations', 'Corporations, finance']",1997.0,,,4.0,9.0,1.0,1.0,https://covers.openlibrary.org/b/id/125315-L.jpg,/works/OL2645903W,True,False,,innovation management
BOOK00907,Innovation Management and New Product Development,['Paul Trott'],,"['Product management', 'Industrial management', 'Management', 'Innovation', 'Innovationsmanagement', 'Technological innovations', 'Productontwikkeling', 'Innovations', 'Gestion', 'Produits commerciaux', 'Technische vernieuwing', ""Gestion d'entreprise"", 'New products', 'Production management', 'Produktentwicklung']",1998.0,,,8.0,11.0,0.0,1.0,https://covers.openlibrary.org/b/id/154383-L.jpg,/works/OL8925397W,True,False,,innovation management and new product development
BOOK00908,Strategic Innovation Management,"['Joe Tidd', 'John R. Bessant']",,"['Technological innovations', 'Management', 'Strategic planning']",2014.0,5.0,1.0,4.0,8.0,2.0,1.0,https://covers.openlibrary.org/b/id/9013017-L.jpg,/works/OL20347506W,True,False,,strategic innovation management
BOOK00909,Innovation Management,"['Keith Goffin', 'Mitchell, Rick']",,"['Organizational change', 'Industrial management', 'Strategic planning', 'Corporations, finance', 'Product management']",2010.0,,,2.0,10.0,0.0,0.0,https://covers.openlibrary.org/b/id/9353756-L.jpg,/works/OL20682093W,True,False,,innovation management
BOOK00910,Creativity and strategic innovation management,['Malcolm Goodman'],,"['Creative ability in business', 'Diffusion of innovations', 'Technological innovations', 'Management', 'Organizational change', 'Strategic planning', 'Créativité dans les affaires', 'Innovations', 'Diffusion', 'Gestion', 'Changement organisationnel']",2012.0,,,9.0,4.0,1.0,0.0,,/works/OL16499568W,True,False,,creativity and strategic innovation management
BOOK00911,Innovation Management,['Mark Dodgson'],"""Innovation is the means by which organizations survive and thrive in uncertain and turbulent conditions. Innovation management has become a well-established field of research, teaching and practice, with a substantial literature. As a broad-based research field, contributions stem from an array of perspectives including science, economics, engineering and psychology. Innovation is crucial for economic and social progress, and it needs to be managed in order to be beneficial. Innovation Management: A Research Overview provides a concise introduction to the best research on innovation management. It covers four main themes: foundational studies, key concepts and frameworks, important empirical studies, and current and emerging themes. The research discussed includes classic studies, with core insights in the field, key thinking on strategies and processes for innovation, well-established and novel research methods, and issues of greatest contemporary importance. This shortform book provides direction through the maze of research on the nature, processes and outcomes of innovation management, and provides an invaluable introduction to the literature on innovation management for students and professionals.""--Provided by publisher",['Organizational change'],2016.0,,,7.0,3.0,0.0,0.0,,/works/OL21329984W,True,False,,innovation management
BOOK00912,The Oxford Handbook Of Innovation Management,['Mark Dodgson'],,"['Organizational change', 'Technological innovations', 'Management', 'Organizational change--management', 'Technological innovations--management', 'Social sciences -- industries. land use. labor -- management. industrial management -- organizational change. organizational development. corporate turnarounds', 'Hd58.8 .o94 2014', '658.406']",2013.0,,,1.0,5.0,0.0,1.0,https://covers.openlibrary.org/b/id/7850006-L.jpg,/works/OL17574516W,True,False,,the oxford handbook of innovation management
BOOK00913,Innovation management,"['Keith Goffin', 'Rick Mitchell']",,"['Technological innovations', 'Management', 'Industrial management', 'Organizational change', 'Corporations, finance', 'Product management', 'Strategic planning', 'Economics']",2005.0,,,2.0,1.0,0.0,1.0,https://covers.openlibrary.org/b/id/1743550-L.jpg,/works/OL23935457W,True,False,,innovation management
BOOK00914,Best Practice,['Mohamed Zairi'],"Bringing together practitioners and researchers in this field, this book highlights best practice in business innovation. The book uses real-life examples from major companies such as Kodak, Nissan, Exxon, Lever Brothers and Ford Motors.","['Organizational effectiveness', 'Technological innovations', 'Industrial management', 'Management', 'Innovations', 'Gestion', ""Gestion d'entreprise"", 'Efficacité organisationnelle', 'BUSINESS & ECONOMICS', 'Strategic Planning', 'Aufsatzsammlung', 'Technische Innovation', 'Vernieuwing', 'Procesbeheersing']",1999.0,,,9.0,,,,https://covers.openlibrary.org/b/id/1400254-L.jpg,/works/OL465452W,True,False,,best practice
BOOK00915,The Innovator's Dilemma,"['Clayton M. Christensen', 'L J Ganser', 'Don Leslie']","In his book, The Innovator's Dilemma [3], Professor Clayton Christensen of Harvard Business School describes a theory about how large, outstanding firms can fail ""by doing everything right."" The Innovator's Dilemma, according to Christensen, describes companies whose successes and capabilities can actually become obstacles in the face of changing markets and technologies. ([Source][1]) This book takes the radical position that great companies can fail precisely because they do everything right. It demonstrates why outstanding companies that had their competitive antennae up, listened astutely to customers, and invested aggressively in new technologies still lost their market leadership when confronted with disruptive changes in technology and market structure. And it tells how to avoid a similar fate. Using the lessons of successes and failures of leading companies, The Innovator's Dilemma presents a set of rules for capitalizing on the phenomenon of disruptive innovation. These principles will help managers determine when it is right not to listen to customers, when to invest in developing lower-performance products that promise lower margins, and when to pursue small markets at the expense of seemingly larger and more lucrative ones. - Jacket flap. [1]: http://web.mit.edu/6.933/www/Fall2000/teradyne/clay.html","['Industrial management', 'Disruptive technologies', 'Success in business', 'Customer services', 'innovation', 'Service à la clientèle', 'Succès dans les affaires', 'Creative ability in business', ""Gestion d'entreprise"", 'Créativité dans les affaires', 'Creative ability', 'Success', 'Erfolgsanalyse', 'Innovations technologiques', 'Gestion industrielle', 'Management', 'Unternehmen', 'Affaires', 'BUSINESS & ECONOMICS / Decision-Making & Problem Solving', 'BUSINESS & ECONOMICS / Leadership', 'BUSINESS & ECONOMICS / Strategic Planning', 'BUSINESS & ECONOMICS', 'Decision-Making & Problem Solving', 'Leadership', 'Strategic Planning', 'Business economics', 'Produktutveckling', 'Framgångsrikt företagande', 'Kreativitet i arbetslivet', 'Kundorientering', 'Hd53 .c49 1997', '658', 'Hd53 .c49 2016', 'Commerce', 'Organization & administration', 'Methods', 'Customer Satisfaction', 'Consumer Behavior']",1997.0,4.0,17.0,20.0,303.0,14.0,22.0,https://covers.openlibrary.org/b/id/9274687-L.jpg,/works/OL1999873W,True,False,,the innovator's dilemma
BOOK00916,SAP Billing and Revenue Innovation Management,"['Chaitanaya Desai', 'Sheikna Kulam', 'Chun Wei Ooi', 'Clement Sanjivi', 'Andreas Tan']",,"['Collecting of accounts', 'Electronic funds transfers']",2019.0,,,2.0,3.0,0.0,0.0,https://covers.openlibrary.org/b/id/13248171-L.jpg,/works/OL26506232W,True,False,,sap billing and revenue innovation management
BOOK00917,Innovation Management:,['Jan van den Ende'],,['Economics'],2021.0,3.0,1.0,2.0,0.0,0.0,1.0,,/works/OL25771500W,True,False,,innovation management:
BOOK00918,Creativity for innovation management,['Ina Goller'],,"['Creative ability in business', 'Technological innovations', 'Management', 'Organizational behavior', 'Organizational change', 'Creative ability', 'Innovations', 'Gestion', 'Changement organisationnel', 'Créativité', 'Creativity', 'BUSINESS & ECONOMICS', 'Industrial Management', 'Management Science', 'Organizational Behavior']",2017.0,,,7.0,,,,,/works/OL19720864W,True,False,,creativity for innovation management
BOOK00919,Innovation management,"['Shlomo Maital', 'D V R Seshadri']",,"['Management', 'Priročniki', 'Innovation management', 'Profit', 'Globalna strategija', 'Inovacijski management', 'Determinante', 'Organizacijske spremembe', 'Tehnološke inovacije', 'Technological innovations', 'Inovativno mišljenje', 'Organizational change', 'Merjenje učinkovitosti', 'Inovacije', 'Inovativnost', 'Strategic planning', 'Strateški management', 'Case studies', 'Industrijski management', 'Znanje vodenja', 'Študije primerov', 'Vloga', 'Poslovna strategija']",2007.0,5.0,1.0,3.0,2.0,0.0,0.0,https://covers.openlibrary.org/b/id/1429604-L.jpg,/works/OL19810431W,True,False,,innovation management
BOOK00920,Innovation Management,"['Pervaiz Ahmed', 'Pervaiz K. Ahmed']",,"['Knowledge management', 'Technological innovations', 'Industrial management', 'Management', 'Technological innovations -- Management', 'Organizational change']",2007.0,,,2.0,0.0,0.0,1.0,https://covers.openlibrary.org/b/id/2346991-L.jpg,/works/OL9370066W,True,False,,innovation management
BOOK00921,Revolution of Innovation Management,"['Alexander Brem', 'Eric Viardot']",,['Technological innovations'],2016.0,,,7.0,,,,https://covers.openlibrary.org/b/id/10091640-L.jpg,/works/OL20796447W,True,False,,revolution of innovation management
BOOK00922,Innovation management and new product development,['Paul Trott'],,"['Product management', 'Technological innovations', 'Industrial management', 'Management']",2011.0,,,1.0,3.0,0.0,0.0,,/works/OL15992120W,True,False,,innovation management and new product development
BOOK00923,Global innovation management,['J. Christopher Westland'],,"['Technological innovations', 'Management', 'New products', 'International business enterprises']",2008.0,,,2.0,1.0,0.0,0.0,https://covers.openlibrary.org/b/id/10217384-L.jpg,/works/OL9159422W,True,False,,global innovation management
BOOK00924,Product Innovation Management,"['Stefano Biazzo', 'Roberto Filippini']",,[],2021.0,,,2.0,1.0,0.0,0.0,https://covers.openlibrary.org/b/id/12444923-L.jpg,/works/OL25323500W,True,False,,product innovation management
BOOK00925,Innovation Management,"['Carolina Machado', 'J. Paulo Davim']",,"['Technological innovations', 'Industrial management']",2015.0,,,4.0,,,,,/works/OL37605766W,True,False,,innovation management
BOOK00926,Contextual Innovation Management,"['Patrick van der Duin', 'Roland Ortt']",,"['Management', 'Technological innovations', 'Economic aspects', 'Gestion', 'Innovations', 'Aspect économique', 'BUSINESS & ECONOMICS', 'General', 'Project Management']",2020.0,,,5.0,,,,https://covers.openlibrary.org/b/id/12439491-L.jpg,/works/OL20735054W,True,False,,contextual innovation management
BOOK00927,Routledge Companion to Innovation Management,"['Jin Chen', 'Poh Kam Wong', 'Eric Viardot', 'Alexander Brem']",,"['Technological innovations', 'Organizational change', 'Management', 'Economics, finance, business & management', 'BUSINESS & ECONOMICS', 'Industrial Management', 'Management Science', 'Organizational Behavior', 'General', 'Project Management', 'Entrepreneurship']",2019.0,,,6.0,,,,,/works/OL21313457W,True,False,,routledge companion to innovation management
BOOK00928,Corporate Foresight and Innovation Management,"['David Sarpong', 'Dirk Meissner']",,"['Technological innovations', 'Management', 'Organizational change', 'Reengineering (Management)', 'Creative ability in business']",2019.0,,,6.0,,,,https://covers.openlibrary.org/b/id/12398056-L.jpg,/works/OL22146172W,True,False,,corporate foresight and innovation management
BOOK00929,Technology and Innovation Management,['Sanjiva Shankar Dubey'],,[],2020.0,,,1.0,2.0,0.0,0.0,,/works/OL27417013W,True,False,,technology and innovation management
BOOK00930,Encyclopedia of technology and innovation management,['V. K. Narayanan'],"This volume focuses on the relatively young field of technology and innovation management, which is of growing interest to academics, students and practitioners as they engage more in questions surrounding the origin of innovation and the impact of changing technologies.","['Technological innovations', 'Management', 'Encyclopedias', 'Organizational change', 'Encyclopedias and dictionaries', 'Technology, management']",2010.0,,,2.0,1.0,0.0,0.0,,/works/OL15999566W,True,False,,encyclopedia of technology and innovation management
BOOK00931,Information for Innovation,['Stuart Macdonald'],,"['Management', 'Information resources management', 'Organizational change', 'Technological innovations', 'Information technology', 'Information technology, management', 'Organizational Innovation']",1998.0,,,4.0,1.0,0.0,0.0,https://covers.openlibrary.org/b/id/130253-L.jpg,/works/OL2670129W,True,False,,information for innovation
BOOK00932,Innovation and Entrepreneurship,['Peter F. Drucker'],"The first book to present innovation and entrepreneurship as purposeful and systematic discipline which explains and analyzes the challenges and opportunities of America's new entrepreneurial economy. A superbly practical book that explains what established businesses, public survey institutions, and new yentures have to know, have to learn, and have to do in today's economy and marketplace.","['Empreses', 'Emprenedoria', 'Empreses petites i mitjanes', 'Creacio', 'Creació', 'Small business', 'New business enterprises', 'Entrepreneurship', 'Small business, united states', 'Business', 'Nonfiction', 'Commerce', 'Petites et moyennes entreprises', 'Nuevas empresas comerciales', 'Microempresas', 'Empresarios', 'Nieuwe ondernemingen', 'Entrepreneuriat', 'Kleinbedrijf', 'Nouvelles entreprises', 'Ondernemerschap', 'Organizational Innovation', 'Entreprises', 'Innovationsmanagement', 'Création', 'Entrepreneurs (économie politique)', 'Innovation', 'Unternehmer', 'Vernieuwing', 'Empresas de negocios nuevos', 'Management', 'Entrepreneur', 'Innovations technologiques', 'Psychology']",1985.0,4.0,3.0,33.0,68.0,5.0,7.0,https://covers.openlibrary.org/b/id/5397438-L.jpg,/works/OL272925W,True,False,,innovation and entrepreneurship
BOOK00933,Innovative management of atrial fibrillation,['David Schwartzman'],,"['Atrial fibrillation', 'Therapy', 'Treatment', 'Atrial Fibrillation', 'Cardiovascular system, diseases, nursing']",2005.0,,,4.0,,,,https://covers.openlibrary.org/b/id/1752329-L.jpg,/works/OL16960017W,True,False,,innovative management of atrial fibrillation
BOOK00934,Crest of the Innovation Management Research Wave,['Marcus Tynnhammar'],,"['Business', 'Economics']",2020.0,,,3.0,1.0,0.0,0.0,https://covers.openlibrary.org/b/id/13236816-L.jpg,/works/OL20750027W,True,False,,crest of the innovation management research wave
BOOK00935,Innovation Management,['Rasmus Koss Hartmann'],,[],2025.0,,,3.0,0.0,0.0,0.0,,/works/OL42405771W,True,False,,innovation management
BOOK00936,Intellectual property and innovation management in small firms,['Robert Blackburn'],,"['Management', 'Intellectual property', 'Marketing', 'Research & Development', 'Research', 'Small business', 'Technological innovations', 'BUSINESS & ECONOMICS', 'Creative ability in business', 'Managerial economics', 'Innovations', 'Gestion', 'Petites et moyennes entreprises', 'Propriété intellectuelle']",2003.0,,,7.0,,,,https://covers.openlibrary.org/b/id/9736648-L.jpg,/works/OL16955755W,True,False,,intellectual property and innovation management in small firms
BOOK00937,Total Innovative Management Excellence,"['H. James Harrington', 'Frank Voehl']",,[],2020.0,,,4.0,,,,,/works/OL20752266W,True,False,,total innovative management excellence
BOOK00938,"Managing research, development and innovation","['Ravi Jain', 'Harry C. Triandis']",,"['Industrial Research', 'Management', 'Research, industrial, management']",2010.0,,,7.0,,,,https://covers.openlibrary.org/b/id/9630272-L.jpg,/works/OL16960645W,True,False,,"managing research, development and innovation"
BOOK00939,Innovation Management in Robot Society,['Kristian Wasén'],,"['Technological innovations', 'Robotics']",2015.0,,,5.0,,,,,/works/OL25741807W,True,False,,innovation management in robot society
BOOK00940,Innovative Management Education Ecosystem,"['Jordi Diaz', 'Daphne Halkias', 'Paul W. Thurman']",,"['Management', 'Study and teaching', 'Industry 4.0.', 'Business schools', 'Public-private sector cooperation', 'BUSINESS & ECONOMICS / Leadership', 'BUSINESS & ECONOMICS / Management', 'BUSINESS & ECONOMICS / Education']",2022.0,,,5.0,,,,https://covers.openlibrary.org/b/id/14790417-L.jpg,/works/OL28345937W,True,False,,innovative management education ecosystem
BOOK00941,Evolution of Innovation Management,"['A. Brem', 'E. Viardot']",,[],2013.0,,,2.0,1.0,0.0,0.0,https://covers.openlibrary.org/b/id/14252085-L.jpg,/works/OL25702678W,True,False,,evolution of innovation management
BOOK00942,Collaborative Leadership and Innovation,['Elis Carlström'],,"['Leadership', 'Creative ability in business', 'Teams in the workplace', 'Management', 'Communication in management', 'Project management', 'BUSINESS & ECONOMICS / Management', 'BUSINESS & ECONOMICS / Leadership']",2022.0,,,5.0,1.0,0.0,0.0,,/works/OL27805541W,True,False,,collaborative leadership and innovation
BOOK00943,The management of innovation,"['Tom R. Burns', 'G. M. Stalker']","The Management of Innovation is one of the most influential books on organization theory and industrial sociology ever written. The main question it addresses - the relationship between an organization and its market and the technological environment - continues to preoccupy researchers and managers as innovation has even greater impact on organizational structures and competitiveness. Engagingly written and wearing its scholarship lightly, the book presents the authors' now famous binary classification of 'mechanistic' or 'organic' systems. For this it has become justly famous, but the book is also a penetrating study of social systems within organizations and of organizational dynamics, covering such issues as organizational politics, the role of the chief executive and the relationship between technical staff and general managers. For this new edition, Tom Burns has written an overview of developments in organization theory and situated the book in that context.","['Electronic industries', 'Technological innovations', 'Industrial management', 'Great Britain', 'Management', 'Industries', 'Organization and Administration']",1961.0,,,9.0,18.0,2.0,0.0,https://covers.openlibrary.org/b/id/1133951-L.jpg,/works/OL3060283W,True,False,,the management of innovation
BOOK00944,Open Labs and Innovation Management,"['Valérie Mérindol', 'David W. Versailles']",,"['Industrial Research', 'Laboratories', 'Technological innovations', 'New products', 'BUSINESS & ECONOMICS / Management Science', 'BUSINESS & ECONOMICS / Development / Business Development', 'BUSINESS & ECONOMICS / Entrepreneurship']",2022.0,,,5.0,,,,,/works/OL28024985W,True,False,,open labs and innovation management
BOOK00945,Critical Perspectives on Innovation Management,['Patryk Dziurski'],,"['Economics', 'Management', 'Technological innovations', 'Business enterprises', 'Gestion', 'Innovations', 'Entreprises', 'BUSINESS & ECONOMICS / Management', 'BUSINESS & ECONOMICS / Strategic Planning', 'BUSINESS & ECONOMICS / Development / Business Development']",2021.0,,,5.0,,,,https://covers.openlibrary.org/b/id/11569606-L.jpg,/works/OL24803317W,True,False,,critical perspectives on innovation management
BOOK00946,"Innovation Management and New Product Development for Engineers, Volume I",['Rob Dekkers'],,['Science'],2018.0,,,2.0,2.0,0.0,0.0,https://covers.openlibrary.org/b/id/9195954-L.jpg,/works/OL20553598W,True,False,,"innovation management and new product development for engineers, volume i"
BOOK00947,Sustained Innovation Management,['Gaston Trauffler'],,"['Technological innovations', 'Management', 'Diffusion of innovations']",2007.0,,,2.0,,,,https://covers.openlibrary.org/b/id/2336379-L.jpg,/works/OL9348378W,True,False,,sustained innovation management
BOOK00948,Innovative Management and Business Practices in Asia,"['Patricia Ordoñez de', 'Xi Zhang', 'Kwok Tai Chui']",,"['Entrepreneurship', 'Management', 'Technological innovations, asia']",2019.0,,,5.0,,,,,/works/OL26504568W,True,False,,innovative management and business practices in asia
BOOK00949,Innovation Management and Growth in Emerging Economies,"['Heather C. Webb', 'Wendy Wu', 'Hussain Al Numairy']",,"['Economic development', 'Corporations, growth', 'Developing countries']",2020.0,,,5.0,,,,,/works/OL26598779W,True,False,,innovation management and growth in emerging economies
BOOK00950,Innovation Management for a Resilient Digital Economy,"['Miltiadis D. Lytras', 'Patricia Ordonez', 'Afnan Alkhaldi', 'Andreea Claudia Serban']",,[],2024.0,,,5.0,,,,,/works/OL42447221W,True,False,,innovation management for a resilient digital economy
BOOK00951,Crisis Capable,['Fabiana Lacerca-Allen'],,[],,,,,,,,https://www.leadershipnow.com/leadershop/images/9708891880115.jpg,,False,True,2024.0,crisis capable
BOOK00952,An Ordinary Man,['Richard Norton Smith'],,[],,,,,,,,https://www.leadershipnow.com/leadershop/images/9780062684165.jpg,,False,True,2023.0,an ordinary man
BOOK00953,Don't Trust Your Gut,['Seth Stephens-Davidowitz'],,[],,,,,,,,https://www.leadershipnow.com/leadershop/images/9780062880918.jpg,,False,True,2022.0,don't trust your gut
BOOK00954,Inventor of the Future,['Alec Nevala-Lee'],,[],,,,,,,,https://www.leadershipnow.com/leadershop/images/9780062947222.jpg,,False,True,2022.0,inventor of the future
BOOK00955,The Way Forward,"[""Robert O'Neill and Dakota Meyer""]",,[],,,,,,,,https://www.leadershipnow.com/leadershop/images/9780062994073.jpg,,False,True,2022.0,the way forward
BOOK00956,Jump,['Larry Miller with Laila Lacy'],,[],,,,,,,,https://www.leadershipnow.com/leadershop/images/9780062999818.jpg,,False,True,2022.0,jump
BOOK00957,After Steve,['Tripp Mickle'],,[],,,,,,,,https://www.leadershipnow.com/leadershop/images/9780063009813.jpg,,False,True,2022.0,after steve
BOOK00958,The Kingdom of Prep,['Maggie Bullock'],,[],,,,,,,,https://www.leadershipnow.com/leadershop/images/9780063042643.jpg,,False,True,2023.0,the kingdom of prep
BOOK00959,Build,['Tony Fadell'],,[],,,,,,,,https://www.leadershipnow.com/leadershop/images/9780063046061.jpg,,False,True,2022.0,build
BOOK00960,Leading with Heart,['John Baird and Edward Sullivan'],,[],,,,,,,,https://www.leadershipnow.com/leadershop/images/9780063052932.jpg,,False,True,2022.0,leading with heart
BOOK00961,Future Tense,['Tracy Dennis-Tiwary'],,[],,,,,,,,https://www.leadershipnow.com/leadershop/images/9780063062108.jpg,,False,True,2022.0,future tense
BOOK00962,Longpath,['Ari Wallach'],,[],,,,,,,,https://www.leadershipnow.com/leadershop/images/9780063068735.jpg,,False,True,2022.0,longpath
BOOK00963,Next!,['Joanne Lipman'],,[],,,,,,,,https://www.leadershipnow.com/leadershop/images/9780063073487.jpg,,False,True,2023.0,next!
BOOK00964,The President's Man,['Dwight Chapin'],,[],,,,,,,,https://www.leadershipnow.com/leadershop/images/9780063074774.jpg,,False,True,2022.0,the president's man
BOOK00965,Burn the Boats,['Matt Higgins'],,[],,,,,,,,https://www.leadershipnow.com/leadershop/images/9780063088863.jpg,,False,True,2023.0,burn the boats
BOOK00966,Deep Purpose,['Ranjay Gulati'],,[],,,,,,,,https://www.leadershipnow.com/leadershop/images/9780063088917.jpg,,False,True,2022.0,deep purpose
BOOK00967,Do Hard Things,['Steve Magness'],,[],,,,,,,,https://www.leadershipnow.com/leadershop/images/9780063098619.jpg,,False,True,2022.0,do hard things
BOOK00968,Getting to Neutral,['Trevor Moawad and Andy Staples'],,[],,,,,,,,https://www.leadershipnow.com/leadershop/images/9780063111905.jpg,,False,True,2022.0,getting to neutral
BOOK00969,The Power of Conflict,['Jon Taffer'],,[],,,,,,,,https://www.leadershipnow.com/leadershop/images/9780063141094.jpg,,False,True,2022.0,the power of conflict
BOOK00970,Reunion,['Jerry Colonna'],,[],,,,,,,,https://www.leadershipnow.com/leadershop/images/9780063142138.jpg,,False,True,2023.0,reunion
BOOK00971,Magic Words,['Jonah Berger'],,[],,,,,,,,https://www.leadershipnow.com/leadershop/images/9780063204935.jpg,,False,True,2023.0,magic words
BOOK00972,Deliberate Calm,"['Jacqueline Brassey, Aaron De Smet and Michiel Kruyt']",,[],,,,,,,,https://www.leadershipnow.com/leadershop/images/9780063208964.jpg,,False,True,2022.0,deliberate calm
BOOK00973,Leadership Is Overrated,['Kyle Buckett and Chris Mefford'],,[],,,,,,,,https://www.leadershipnow.com/leadershop/images/9780063209909.jpg,,False,True,2023.0,leadership is overrated
BOOK00974,Unlocked,['George Mumford'],,[],,,,,,,,https://www.leadershipnow.com/leadershop/images/9780063210097.jpg,,False,True,2023.0,unlocked
BOOK00975,How Work Works,['Michelle P. King'],,[],,,,,,,,https://www.leadershipnow.com/leadershop/images/9780063224575.jpg,,False,True,2023.0,how work works
BOOK00976,MoneyZen,['Manisha Thakor with Lisa Sweetingham'],,[],,,,,,,,https://www.leadershipnow.com/leadershop/images/9780063247963.jpg,,False,True,2023.0,moneyzen
BOOK00977,Master of Change,['Brad Stulberg'],,[],,,,,,,,https://www.leadershipnow.com/leadershop/images/9780063253162.jpg,,False,True,2023.0,master of change
BOOK00978,The LEGO Story,['Jens Andersen'],,[],,,,,,,,https://www.leadershipnow.com/leadershop/images/9780063258020.jpg,,False,True,2022.0,the lego story
BOOK00979,Lead Like a Marine,['Daniel Simons and Christopher Chabris'],,[],,,,,,,,https://www.leadershipnow.com/leadershop/images/9780063264373.jpg,,False,True,2023.0,lead like a marine
BOOK00980,Conflict Resilience,['Robert Bordone and Joel Salinas M.D.'],,[],,,,,,,,https://www.leadershipnow.com/leadershop/images/9780063278332.jpg,,False,True,2025.0,conflict resilience
BOOK00981,Optimal,['Daniel Goleman and Cary Cherniss'],,[],,,,,,,,https://www.leadershipnow.com/leadershop/images/9780063279766.jpg,,False,True,2024.0,optimal
BOOK00982,Job Moves,"['Ethan Bernstein, Michael B. Horn and Bob Moesta']",,[],,,,,,,,https://www.leadershipnow.com/leadershop/images/9780063283589.jpg,,False,True,2024.0,job moves
BOOK00983,Turnaround Time,['Oscar Munoz and Brian DeSplinter'],,[],,,,,,,,https://www.leadershipnow.com/leadershop/images/9780063284289.jpg,,False,True,2023.0,turnaround time
BOOK00984,Possible,['William Ury'],,[],,,,,,,,https://www.leadershipnow.com/leadershop/images/9780063286900.jpg,,False,True,2024.0,possible
BOOK00985,Good Judgment,['Richard Davis'],,[],,,,,,,,https://www.leadershipnow.com/leadershop/images/9780063293670.jpg,,False,True,2024.0,good judgment
BOOK00986,Inspire,['Adam Galinsky'],,[],,,,,,,,https://www.leadershipnow.com/leadershop/images/9780063294677.jpg,,False,True,2025.0,inspire
BOOK00987,What's Next Is Now,['Frederik Pferdt'],,[],,,,,,,,https://www.leadershipnow.com/leadershop/images/9780063294868.jpg,,False,True,2024.0,what's next is now
BOOK00988,Learned Excellence,['Eric Potterat and Alan Eagle'],,[],,,,,,,,https://www.leadershipnow.com/leadershop/images/9780063316164.jpg,,False,True,2024.0,learned excellence
BOOK00989,Uptime,['Laura Mae Martin'],,[],,,,,,,,https://www.leadershipnow.com/leadershop/images/9780063317444.jpg,,False,True,2024.0,uptime
BOOK00990,Day Trading Attention,['Gary Vaynerchuk'],,[],,,,,,,,https://www.leadershipnow.com/leadershop/images/9780063317598.jpg,,False,True,2024.0,day trading attention
BOOK00991,How to Walk into a Room,['Emily P. Freeman'],,[],,,,,,,,https://www.leadershipnow.com/leadershop/images/9780063328822.jpg,,False,True,2024.0,how to walk into a room
BOOK00992,The Skill Code,['Matt Beane'],,[],,,,,,,,https://www.leadershipnow.com/leadershop/images/9780063337794.jpg,,False,True,2024.0,the skill code
BOOK00993,Win the Inside Game,['Steve Magness'],,[],,,,,,,,https://www.leadershipnow.com/leadershop/images/9780063339927.jpg,,False,True,2025.0,win the inside game
BOOK00994,The Stress Paradox,['Sharon Horesh Bergquist'],,[],,,,,,,,https://www.leadershipnow.com/leadershop/images/9780063345966.jpg,,False,True,2025.0,the stress paradox
BOOK00995,The Six Disciplines of Strategic Thinking,['Michael D. Watkins'],,[],,,,,,,,https://www.leadershipnow.com/leadershop/images/9780063357969.jpg,,False,True,2024.0,the six disciplines of strategic thinking
BOOK00996,Pivot or Die,['Gary Shapiro'],,[],,,,,,,,https://www.leadershipnow.com/leadershop/images/9780063374775.jpg,,False,True,2024.0,pivot or die
BOOK00997,The Sweaty Startup,['Nick Huber'],,[],,,,,,,,https://www.leadershipnow.com/leadershop/images/9780063387621.jpg,,False,True,2025.0,the sweaty startup
BOOK00998,Team Intelligence,['Jon Levy'],,[],,,,,,,,https://www.leadershipnow.com/leadershop/images/9780063399570.jpg,,False,True,2025.0,team intelligence
BOOK00999,Never Lead Alone,['Keith Ferrazzi'],,[],,,,,,,,https://www.leadershipnow.com/leadershop/images/9780063412576.jpg,,False,True,2024.0,never lead alone
BOOK01000,"Speak, Memorably",['Bill McGowan and Juliana Silva'],,[],,,,,,,,https://www.leadershipnow.com/leadershop/images/9780063415195.jpg,,False,True,2025.0,"speak, memorably"
BOOK01001,The AI Con,['Emily M. Bender and Alex Hanna'],,[],,,,,,,,https://www.leadershipnow.com/leadershop/images/9780063418561.jpg,,False,True,2025.0,the ai con
BOOK01002,Unfiltered,['Ana Lueneburger and Saurabh Mukherjea'],,[],,,,,,,,https://www.leadershipnow.com/leadershop/images/9780143461494.jpg,,False,True,2023.0,unfiltered
BOOK01003,The CEO Mindset,['Shiv Shivakumar'],,[],,,,,,,,https://www.leadershipnow.com/leadershop/images/9780143477259.jpg,,False,True,2025.0,the ceo mindset
BOOK01004,Nimitz at War,['Craig L. Symonds'],,[],,,,,,,,https://www.leadershipnow.com/leadershop/images/9780190062361.jpg,,False,True,2022.0,nimitz at war
BOOK01005,Our Least Important Asset,['Peter Cappelli'],,[],,,,,,,,https://www.leadershipnow.com/leadershop/images/9780197629802.jpg,,False,True,2023.0,our least important asset
BOOK01006,Glad We Met,['Steven G. Rogelberg'],,[],,,,,,,,https://www.leadershipnow.com/leadershop/images/9780197641873.jpg,,False,True,2024.0,glad we met
BOOK01007,Innovators,['David W. Galenson'],,[],,,,,,,,https://www.leadershipnow.com/leadershop/images/9780197745618.jpg,,False,True,2024.0,innovators
BOOK01008,Emotionally Charged,['Dina Denham Smith and Alicia A. Grandey'],,[],,,,,,,,https://www.leadershipnow.com/leadershop/images/9780197750155.jpg,,False,True,2025.0,emotionally charged
BOOK01009,Leadership from Bad to Worse,['Barbara Kellerman'],,[],,,,,,,,https://www.leadershipnow.com/leadershop/images/9780197759271.jpg,,False,True,2024.0,leadership from bad to worse
BOOK01010,Liberalism's Last Man,['Vikash Yadav'],,[],,,,,,,,https://www.leadershipnow.com/leadershop/images/9780226821474.jpg,,False,True,2023.0,liberalism's last man
BOOK01011,More Than Pretty Boxes,['Carrie M. Lane'],,[],,,,,,,,https://www.leadershipnow.com/leadershop/images/9780226832777.jpg,,False,True,2024.0,more than pretty boxes
BOOK01012,The Means of Prediction,['Maximilian Kasy'],,[],,,,,,,,https://www.leadershipnow.com/leadershop/images/9780226839530.jpg,,False,True,2025.0,the means of prediction
BOOK01013,The Unaccountability Machine,['Dan Davies'],,[],,,,,,,,https://www.leadershipnow.com/leadershop/images/9780226843087.jpg,,False,True,2025.0,the unaccountability machine
BOOK01014,Doing Meritocracy Right,['Thomas A. Cole'],,[],,,,,,,,https://www.leadershipnow.com/leadershop/images/9780226844596.jpg,,False,True,2025.0,doing meritocracy right
BOOK01015,Generation Why,['Karl Moore'],,[],,,,,,,,https://www.leadershipnow.com/leadershop/images/9780228016878.jpg,,False,True,2023.0,generation why
BOOK01016,The Entrepreneurs,['Derek Lidow'],,[],,,,,,,,https://www.leadershipnow.com/leadershop/images/9780231199148.jpg,,False,True,2022.0,the entrepreneurs
BOOK01017,Win from Within,['James Heskett'],,[],,,,,,,,https://www.leadershipnow.com/leadershop/images/9780231203005.jpg,,False,True,2022.0,win from within
BOOK01018,Pause to Think,['Jaime Lester'],,[],,,,,,,,https://www.leadershipnow.com/leadershop/images/9780231212984.jpg,,False,True,2024.0,pause to think
BOOK01019,Inside IBM,['James W. Cortada'],,[],,,,,,,,https://www.leadershipnow.com/leadershop/images/9780231213004.jpg,,False,True,2023.0,inside ibm
BOOK01020,Energize,['Simon Alexander Ong'],,[],,,,,,,,https://www.leadershipnow.com/leadershop/images/9780241502761.jpg,,False,True,2025.0,energize
BOOK01021,Everyday Superhero,"[""Tony O'Driscoll""]",,[],,,,,,,,https://www.leadershipnow.com/leadershop/images/9780241502785.jpg,,False,True,2022.0,everyday superhero
BOOK01022,The Digital Multinational,['Satish Nambisan and Yadong Luo'],,[],,,,,,,,https://www.leadershipnow.com/leadershop/images/9780262046329.jpg,,False,True,2022.0,the digital multinational
BOOK01023,The Work of the Future,"['David H. Autor, David A. Mindell and Elisabeth Reynolds']",,[],,,,,,,,https://www.leadershipnow.com/leadershop/images/9780262046367.jpg,,False,True,2022.0,the work of the future
BOOK01024,Work without Jobs,['Ravin Jesuthasanand John W. Boudreau'],,[],,,,,,,,https://www.leadershipnow.com/leadershop/images/9780262046411.jpg,,False,True,2022.0,work without jobs
BOOK01025,Productive Tensions,['Christopher B. Bingham and Rory M. McDonald'],,[],,,,,,,,https://www.leadershipnow.com/leadershop/images/9780262046930.jpg,,False,True,2022.0,productive tensions
BOOK01026,Workforce Ecosystems,"['Elizabeth J. Altman, David Kiron, Jeff Schwartz and Robin Jones']",,[],,,,,,,,https://www.leadershipnow.com/leadershop/images/9780262047777.jpg,,False,True,2023.0,workforce ecosystems
BOOK01027,Inside the Competitor's Mindset,['John Horn'],,[],,,,,,,,https://www.leadershipnow.com/leadershop/images/9780262047883.jpg,,False,True,2023.0,inside the competitor's mindset
BOOK01028,The Leaders You Need,['Karen Brown'],,[],,,,,,,,https://www.leadershipnow.com/leadershop/images/9780262049085.jpg,,False,True,2024.0,the leaders you need
BOOK01029,The Skills-Powered Organization,['Ravin Jesuthasan and Tanuj Kapilashrami'],,[],,,,,,,,https://www.leadershipnow.com/leadershop/images/9780262049238.jpg,,False,True,2024.0,the skills-powered organization
BOOK01030,Nudging,['Riccardo Viale'],,[],,,,,,,,https://www.leadershipnow.com/leadershop/images/9780262544443.jpg,,False,True,2022.0,nudging
BOOK01031,Taming Silicon Valley,['Gary F. Marcus'],,[],,,,,,,,https://www.leadershipnow.com/leadershop/images/9780262551069.jpg,,False,True,2024.0,taming silicon valley
BOOK01032,Campaign of the Century,['Irwin F. Gellman'],,[],,,,,,,,https://www.leadershipnow.com/leadershop/images/9780300218268.jpg,,False,True,2022.0,campaign of the century
BOOK01033,Thomas Jefferson,['Thomas S. Kidd'],,[],,,,,,,,https://www.leadershipnow.com/leadershop/images/9780300250060.jpg,,False,True,2022.0,thomas jefferson
BOOK01034,Adventurers,['David Howarth'],,[],,,,,,,,https://www.leadershipnow.com/leadershop/images/9780300250725.jpg,,False,True,2023.0,adventurers
BOOK01035,Mixed Signals,['Uri Gneezy'],,[],,,,,,,,https://www.leadershipnow.com/leadershop/images/9780300255539.jpg,,False,True,2023.0,mixed signals
BOOK01036,Decision Leadership,['Don A. Moore and Max H. Bazerman'],,[],,,,,,,,https://www.leadershipnow.com/leadershop/images/9780300259698.jpg,,False,True,2022.0,decision leadership
BOOK01037,Vienna,['Richard Cockett'],,[],,,,,,,,https://www.leadershipnow.com/leadershop/images/9780300266535.jpg,,False,True,2023.0,vienna
BOOK01038,We Need to Talk About Inflation,['Stephen D. King'],,[],,,,,,,,https://www.leadershipnow.com/leadershop/images/9780300270471.jpg,,False,True,2023.0,we need to talk about inflation
BOOK01039,Making Sense of Chaos,['J. Doyne Farmer'],,[],,,,,,,,https://www.leadershipnow.com/leadershop/images/9780300273779.jpg,,False,True,2024.0,making sense of chaos
BOOK01040,The Corporation in the Twenty-First Century,['John Kay'],,[],,,,,,,,https://www.leadershipnow.com/leadershop/images/9780300280197.jpg,,False,True,2025.0,the corporation in the twenty-first century
BOOK01041,"Inner Mastery, Outer Impact",['Hitendra Wadhwaa'],,[],,,,,,,,https://www.leadershipnow.com/leadershop/images/9780306827860.jpg,,False,True,2022.0,"inner mastery, outer impact"
BOOK01042,Rising Together,['Sally Helgesen'],,[],,,,,,,,https://www.leadershipnow.com/leadershop/images/9780306828300.jpg,,False,True,2023.0,rising together
BOOK01043,Team Habits,['Charlie Gilkey'],,[],,,,,,,,https://www.leadershipnow.com/leadershop/images/9780306828331.jpg,,False,True,2023.0,team habits
BOOK01044,"Bigger, Better, Bolder",['Jennifer Cohen'],,[],,,,,,,,https://www.leadershipnow.com/leadershop/images/9780306829581.jpg,,False,True,2022.0,"bigger, better, bolder"
BOOK01045,The Choice Point,['Joanna Grover and Jonathan Rhodes'],,[],,,,,,,,https://www.leadershipnow.com/leadershop/images/9780306830273.jpg,,False,True,2023.0,the choice point
BOOK01046,Flip Your Life,['Tarek El Moussa'],,[],,,,,,,,https://www.leadershipnow.com/leadershop/images/9780306830877.jpg,,False,True,2024.0,flip your life
BOOK01047,The 12-Week MBA,['Bjorn Billhardt and Nathan Kracklauer'],,[],,,,,,,,https://www.leadershipnow.com/leadershop/images/9780306832369.jpg,,False,True,2024.0,the 12-week mba
BOOK01048,Moonshot,['Mike Massimino'],,[],,,,,,,,https://www.leadershipnow.com/leadershop/images/9780306832642.jpg,,False,True,2023.0,moonshot
BOOK01049,Ask,['Jeff Wetzler'],,[],,,,,,,,https://www.leadershipnow.com/leadershop/images/9780306832697.jpg,,False,True,2024.0,ask
BOOK01050,The Five Talents That Really Matter,['Barry Conchie and Sarah Dalton'],,[],,,,,,,,https://www.leadershipnow.com/leadershop/images/9780306833403.jpg,,False,True,2024.0,the five talents that really matter
BOOK01051,Dynamic Drive,['Molly Fletcher'],,[],,,,,,,,https://www.leadershipnow.com/leadershop/images/9780306834196.jpg,,False,True,2024.0,dynamic drive
BOOK01052,Don't Say Um,['Michael Chad Hoeppner'],,[],,,,,,,,https://www.leadershipnow.com/leadershop/images/9780306834509.jpg,,False,True,2025.0,don't say um
BOOK01053,Purposeful Curiosity,['Constantine Andriopoulos'],,[],,,,,,,,https://www.leadershipnow.com/leadershop/images/9780306847363.jpg,,False,True,2022.0,purposeful curiosity
BOOK01054,Hangry,['Mike Evans'],,[],,,,,,,,https://www.leadershipnow.com/leadershop/images/9780306925535.jpg,,False,True,2022.0,hangry
BOOK01055,The Aspiring Leader's Guide to the Future,['Clay Scroggins'],,[],,,,,,,,https://www.leadershipnow.com/leadershop/images/9780310124450.jpg,,False,True,2022.0,the aspiring leader's guide to the future
BOOK01056,The Power to Change,['Craig Groeschel'],,[],,,,,,,,https://www.leadershipnow.com/leadershop/images/9780310362777.jpg,,False,True,2023.0,the power to change
BOOK01057,What to Do Next,['Jeff Henderson'],,[],,,,,,,,https://www.leadershipnow.com/leadershop/images/9780310366072.jpg,,False,True,2022.0,what to do next
BOOK01058,Your Future Self,['Hal Hershfield'],,[],,,,,,,,https://www.leadershipnow.com/leadershop/images/9780316421256.jpg,,False,True,2023.0,your future self
BOOK01059,The Geek Way,['Andrew McAfee'],,[],,,,,,,,https://www.leadershipnow.com/leadershop/images/9780316436700.jpg,,False,True,2023.0,the geek way
BOOK01060,The Revolutionary,['Stacy Schiff'],,[],,,,,,,,https://www.leadershipnow.com/leadershop/images/9780316441117.jpg,,False,True,2022.0,the revolutionary
BOOK01061,Blood in the Machine,['Brian Merchant'],,[],,,,,,,,https://www.leadershipnow.com/leadershop/images/9780316487740.jpg,,False,True,2023.0,blood in the machine
BOOK01062,Get It Done,['Ayelet Fishbach'],,[],,,,,,,,https://www.leadershipnow.com/leadershop/images/9780316538343.jpg,,False,True,2022.0,get it done
BOOK01063,The Problem with Change,['Ashley Goodall'],,[],,,,,,,,https://www.leadershipnow.com/leadershop/images/9780316560276.jpg,,False,True,2024.0,the problem with change
BOOK01064,Revenge of the Tipping Point,['Malcolm Gladwell'],,[],,,,,,,,https://www.leadershipnow.com/leadershop/images/9780316575805.jpg,,False,True,2024.0,revenge of the tipping point
BOOK01065,Disrupt Everything-and Win,['James Patterson and Patrick Leddin PhD'],,[],,,,,,,,https://www.leadershipnow.com/leadershop/images/9780316593946.jpg,,False,True,2025.0,disrupt everything-and win
BOOK01066,The Chaos Machine,['Max Fisher'],,[],,,,,,,,https://www.leadershipnow.com/leadershop/images/9780316703321.jpg,,False,True,2023.0,the chaos machine
BOOK01067,A Story is a Deal,['Will Storr'],,[],,,,,,,,https://www.leadershipnow.com/leadershop/images/9780349437231.jpg,,False,True,2025.0,a story is a deal
BOOK01068,Excessively Obsessed,['Natasha Oakley'],,[],,,,,,,,https://www.leadershipnow.com/leadershop/images/9780349437927.jpg,,False,True,2024.0,excessively obsessed
BOOK01069,Coach K,"[""Ian O'Connor""]",,[],,,,,,,,https://www.leadershipnow.com/leadershop/images/9780358345404.jpg,,False,True,2022.0,coach k
BOOK01070,King,['Jonathan Eig'],,[],,,,,,,,https://www.leadershipnow.com/leadershop/images/9780374279295.jpg,,False,True,2023.0,king
BOOK01071,This Is for Everyone,['Tim Berners-Lee'],,[],,,,,,,,https://www.leadershipnow.com/leadershop/images/9780374612467.jpg,,False,True,2025.0,this is for everyone
BOOK01072,Enshittification,['Cory Doctorow'],,[],,,,,,,,https://www.leadershipnow.com/leadershop/images/9780374619329.jpg,,False,True,2025.0,enshittification
BOOK01073,The Extinction of Experience,['Christine Rosen'],,[],,,,,,,,https://www.leadershipnow.com/leadershop/images/9780393241716.jpg,,False,True,2024.0,the extinction of experience
BOOK01074,The End of Burnout,['Jonathan Malesic'],,[],,,,,,,,https://www.leadershipnow.com/leadershop/images/9780520344075.jpg,,False,True,2022.0,the end of burnout
BOOK01075,The Random Factor,['Prof. Mark Robert Rank'],,[],,,,,,,,https://www.leadershipnow.com/leadershop/images/9780520390966.jpg,,False,True,2024.0,the random factor
BOOK01076,May Contain Lies,['Alex Edmans'],,[],,,,,,,,https://www.leadershipnow.com/leadershop/images/9780520405851.jpg,,False,True,2024.0,may contain lies
BOOK01077,The Power Law,['Sebastian Mallaby'],,[],,,,,,,,https://www.leadershipnow.com/leadershop/images/9780525559993.jpg,,False,True,2022.0,the power law
BOOK01078,The Bill of Obligations,['Richard Haass'],,[],,,,,,,,https://www.leadershipnow.com/leadershop/images/9780525560654.jpg,,False,True,2023.0,the bill of obligations
BOOK01079,Mark Twain,['Ron Chernow'],,[],,,,,,,,https://www.leadershipnow.com/leadershop/images/9780525561729.jpg,,False,True,2025.0,mark twain
BOOK01080,The Secret to Transformational Leadership,['Quintin Shepherd with Sarah Williamson'],,[],,,,,,,,https://www.leadershipnow.com/leadershop/images/9780578376943.jpg,,False,True,2022.0,the secret to transformational leadership
BOOK01081,Power Failure,['William D. Cohan'],,[],,,,,,,,https://www.leadershipnow.com/leadershop/images/9780593084168.jpg,,False,True,2022.0,power failure
BOOK01082,Clear Thinking,['Shane Parrish'],,[],,,,,,,,https://www.leadershipnow.com/leadershop/images/9780593086117.jpg,,False,True,2023.0,clear thinking
BOOK01083,Mind Shift,['Erwin Raphael McManus'],,[],,,,,,,,https://www.leadershipnow.com/leadershop/images/9780593137413.jpg,,False,True,2023.0,mind shift
BOOK01084,The Gift of Influence,['Tommy Spaulding'],,[],,,,,,,,https://www.leadershipnow.com/leadershop/images/9780593138632.jpg,,False,True,2022.0,the gift of influence
BOOK01085,Presidents at War,['Steven M. Gillon'],,[],,,,,,,,https://www.leadershipnow.com/leadershop/images/9780593183137.jpg,,False,True,2025.0,presidents at war
BOOK01086,John Quincy Adams,['Randall Woods'],,[],,,,,,,,https://www.leadershipnow.com/leadershop/images/9780593187241.jpg,,False,True,2024.0,john quincy adams
BOOK01087,Partnering,['Jean Oelwang'],,[],,,,,,,,https://www.leadershipnow.com/leadershop/images/9780593189542.jpg,,False,True,2022.0,partnering
BOOK01088,How Minds Change,['David McRaney'],,[],,,,,,,,https://www.leadershipnow.com/leadershop/images/9780593190296.jpg,,False,True,2022.0,how minds change
BOOK01089,From Strength to Strength,['Arthur C. Brooks'],,[],,,,,,,,https://www.leadershipnow.com/leadershop/images/9780593191484.jpg,,False,True,2022.0,from strength to strength
BOOK01090,"Right Thing, Right Now",['Ryan Holiday'],,[],,,,,,,,https://www.leadershipnow.com/leadershop/images/9780593191712.jpg,,False,True,2024.0,"right thing, right now"
BOOK01091,Wisdom Takes Work,['Ryan Holiday'],,[],,,,,,,,https://www.leadershipnow.com/leadershop/images/9780593191736.jpg,,False,True,2025.0,wisdom takes work
BOOK01092,Never Enough,['Jennifer Breheny Wallace'],,[],,,,,,,,https://www.leadershipnow.com/leadershop/images/9780593191866.jpg,,False,True,2023.0,never enough
BOOK01093,How Basketball Can Save the World,['David Hollander'],,[],,,,,,,,https://www.leadershipnow.com/leadershop/images/9780593234907.jpg,,False,True,2023.0,how basketball can save the world
BOOK01094,You Owe You,['Eric Thomas PhD'],,[],,,,,,,,https://www.leadershipnow.com/leadershop/images/9780593234983.jpg,,False,True,2022.0,you owe you
BOOK01095,Build for Tomorrow,['Jason Feifer'],,[],,,,,,,,https://www.leadershipnow.com/leadershop/images/9780593235386.jpg,,False,True,2022.0,build for tomorrow
BOOK01096,Mindreader,['David J. Lieberman'],,[],,,,,,,,https://www.leadershipnow.com/leadershop/images/9780593236185.jpg,,False,True,2022.0,mindreader
BOOK01097,The Earned Life,['Marshall Goldsmith and Mark Reiter'],,[],,,,,,,,https://www.leadershipnow.com/leadershop/images/9780593237274.jpg,,False,True,2022.0,the earned life
BOOK01098,Burn Rate,['Andy Dunn'],,[],,,,,,,,https://www.leadershipnow.com/leadershop/images/9780593238264.jpg,,False,True,2022.0,burn rate
BOOK01099,Crash Landing,['Liz Hoffman'],,[],,,,,,,,https://www.leadershipnow.com/leadershop/images/9780593239018.jpg,,False,True,2023.0,crash landing
BOOK01100,When We Are Seen,['Denise Young'],,[],,,,,,,,https://www.leadershipnow.com/leadershop/images/9780593239292.jpg,,False,True,2024.0,when we are seen
BOOK01101,The Voltage Effect,['John A. List'],,[],,,,,,,,https://www.leadershipnow.com/leadershop/images/9780593239483.jpg,,False,True,2022.0,the voltage effect
BOOK01102,How Big Things Get Done,['Bent Flyvbjerg and Dan Gardner'],,[],,,,,,,,https://www.leadershipnow.com/leadershop/images/9780593239513.jpg,,False,True,2023.0,how big things get done
BOOK01103,The New Megatrends,['Marian Salzman'],,[],,,,,,,,https://www.leadershipnow.com/leadershop/images/9780593239704.jpg,,False,True,2022.0,the new megatrends
BOOK01104,Virtual Society,['Herman Narula'],,[],,,,,,,,https://www.leadershipnow.com/leadershop/images/9780593239971.jpg,,False,True,2022.0,virtual society
BOOK01105,Supercommunicators,['Charles Duhigg'],,[],,,,,,,,https://www.leadershipnow.com/leadershop/images/9780593243916.jpg,,False,True,2024.0,supercommunicators
BOOK01106,It's Not TV,['Felix Gillette and John Koblin'],,[],,,,,,,,https://www.leadershipnow.com/leadershop/images/9780593296196.jpg,,False,True,2022.0,it's not tv
BOOK01107,1929,['Andrew Ross Sorkin'],,[],,,,,,,,https://www.leadershipnow.com/leadershop/images/9780593296967.jpg,,False,True,2025.0,1929
BOOK01108,Battle of Ink and Ice,['Darrell Hartman'],,[],,,,,,,,https://www.leadershipnow.com/leadershop/images/9780593297162.jpg,,False,True,2023.0,battle of ink and ice
BOOK01109,To Risk It All,['Admiral James Stavridis USN'],,[],,,,,,,,https://www.leadershipnow.com/leadershop/images/9780593297742.jpg,,False,True,2022.0,to risk it all
BOOK01110,How to Calm Your Mind,['Chris Bailey'],,[],,,,,,,,https://www.leadershipnow.com/leadershop/images/9780593298510.jpg,,False,True,2022.0,how to calm your mind
BOOK01111,The Search,['Bruce Feiler'],,[],,,,,,,,https://www.leadershipnow.com/leadershop/images/9780593298916.jpg,,False,True,2023.0,the search
BOOK01112,Good Arguments,['Bo Seo'],,[],,,,,,,,https://www.leadershipnow.com/leadershop/images/9780593299517.jpg,,False,True,2022.0,good arguments
BOOK01113,How Not to Be a Politician,['Rory Stewart'],,[],,,,,,,,https://www.leadershipnow.com/leadershop/images/9780593300329.jpg,,False,True,2023.0,how not to be a politician
BOOK01114,Optimal Illusions,['Coco Krumme'],,[],,,,,,,,https://www.leadershipnow.com/leadershop/images/9780593331118.jpg,,False,True,2023.0,optimal illusions
BOOK01115,Same as Ever,['Morgan Housel'],,[],,,,,,,,https://www.leadershipnow.com/leadershop/images/9780593332702.jpg,,False,True,2023.0,same as ever
BOOK01116,The Performance Paradox,['Eduardo Briceño'],,[],,,,,,,,https://www.leadershipnow.com/leadershop/images/9780593356906.jpg,,False,True,2023.0,the performance paradox
BOOK01117,Wild Problems,['Russ Roberts'],,[],,,,,,,,https://www.leadershipnow.com/leadershop/images/9780593418253.jpg,,False,True,2022.0,wild problems
BOOK01118,Unreasonable Hospitality,['Will Guidara'],,[],,,,,,,,https://www.leadershipnow.com/leadershop/images/9780593418574.jpg,,False,True,2022.0,unreasonable hospitality
BOOK01119,Ideaflow,['Jeremy Utley and Perry Klebahn'],,[],,,,,,,,https://www.leadershipnow.com/leadershop/images/9780593420584.jpg,,False,True,2022.0,ideaflow
BOOK01120,Lead to Win,['Carla A. Harris'],,[],,,,,,,,https://www.leadershipnow.com/leadershop/images/9780593421680.jpg,,False,True,2022.0,lead to win
BOOK01121,Buy Back Your Time,['Dan Martell'],,[],,,,,,,,https://www.leadershipnow.com/leadershop/images/978059342297X.jpg,,False,True,2023.0,buy back your time
BOOK01122,Quit,['Annie Duke'],,[],,,,,,,,https://www.leadershipnow.com/leadershop/images/9780593422991.jpg,,False,True,2022.0,quit
BOOK01123,Shift,['Ethan Kross'],,[],,,,,,,,https://www.leadershipnow.com/leadershop/images/9780593444412.jpg,,False,True,2025.0,shift
BOOK01124,Managing Up,['Melody Wilding'],,[],,,,,,,,https://www.leadershipnow.com/leadershop/images/9780593444658.jpg,,False,True,2024.0,managing up
BOOK01125,The Book of Boundaries,['Melissa Urban'],,[],,,,,,,,https://www.leadershipnow.com/leadershop/images/9780593448700.jpg,,False,True,2022.0,the book of boundaries
BOOK01126,It's On Me,['Sara Kuburic'],,[],,,,,,,,https://www.leadershipnow.com/leadershop/images/9780593449264.jpg,,False,True,2023.0,it's on me
BOOK01127,World Eaters,['Catherine Bracy'],,[],,,,,,,,https://www.leadershipnow.com/leadershop/images/9780593473481.jpg,,False,True,2025.0,world eaters
BOOK01128,Life Worth Living,"['Miroslav Volf, Matthew Croasmun and Ryan McAnnally-Linz']",,[],,,,,,,,https://www.leadershipnow.com/leadershop/images/9780593489307.jpg,,False,True,2023.0,life worth living
BOOK01129,Untold Power,['Rebecca Boggs Roberts'],,[],,,,,,,,https://www.leadershipnow.com/leadershop/images/9780593489994.jpg,,False,True,2023.0,untold power
BOOK01130,The Yellow Pad,['Robert E. Rubin'],,[],,,,,,,,https://www.leadershipnow.com/leadershop/images/9780593491393.jpg,,False,True,2023.0,the yellow pad
BOOK01131,The Big Con,['Mariana Mazzucato and Rosie Collington'],,[],,,,,,,,https://www.leadershipnow.com/leadershop/images/9780593492673.jpg,,False,True,2023.0,the big con
BOOK01132,Million Dollar Weekend,['Noah Kagan with Tahl Raz'],,[],,,,,,,,https://www.leadershipnow.com/leadershop/images/9780593539774.jpg,,False,True,2024.0,million dollar weekend
BOOK01133,Look,['Christian Madsbjerg'],,[],,,,,,,,https://www.leadershipnow.com/leadershop/images/9780593542217.jpg,,False,True,2023.0,look
BOOK01134,The Experience Mindset,['Tiffani Bova'],,[],,,,,,,,https://www.leadershipnow.com/leadershop/images/9780593542699.jpg,,False,True,2023.0,the experience mindset
BOOK01135,All In,['Mike Michalowicz'],,[],,,,,,,,https://www.leadershipnow.com/leadershop/images/9780593544501.jpg,,False,True,2024.0,all in
BOOK01136,Slow Productivity,['Cal Newport'],,[],,,,,,,,https://www.leadershipnow.com/leadershop/images/9780593544853.jpg,,False,True,2024.0,slow productivity
BOOK01137,The Way of the Champion,['Paul Rabil / Foreword by Bill Belichick'],,[],,,,,,,,https://www.leadershipnow.com/leadershop/images/9780593545492.jpg,,False,True,2024.0,the way of the champion
BOOK01138,The Essentialism Planner,['Greg McKeown'],,[],,,,,,,,https://www.leadershipnow.com/leadershop/images/9780593578414.jpg,,False,True,2024.0,the essentialism planner
BOOK01139,Henry V,['Dan Jones'],,[],,,,,,,,https://www.leadershipnow.com/leadershop/images/9780593652732.jpg,,False,True,2024.0,henry v
BOOK01140,The Creative Act,['Rick Rubin'],,[],,,,,,,,https://www.leadershipnow.com/leadershop/images/9780593652886.jpg,,False,True,2023.0,the creative act
BOOK01141,Team,['David Allen and Edward Lamont'],,[],,,,,,,,https://www.leadershipnow.com/leadershop/images/9780593652909.jpg,,False,True,2024.0,team
BOOK01142,Hidden Potential,['Adam Grant'],,[],,,,,,,,https://www.leadershipnow.com/leadershop/images/9780593653142.jpg,,False,True,2023.0,hidden potential
BOOK01143,Lead Like You Mean It,['Laysha Ward'],,[],,,,,,,,https://www.leadershipnow.com/leadershop/images/9780593653937.jpg,,False,True,2025.0,lead like you mean it
BOOK01144,Excellent Advice for Living,['Kevin Kelly'],,[],,,,,,,,https://www.leadershipnow.com/leadershop/images/9780593654521.jpg,,False,True,2023.0,excellent advice for living
BOOK01145,Choose Your Enemies Wisely,['Patrick Bet-David with Greg Dinkin'],,[],,,,,,,,https://www.leadershipnow.com/leadershop/images/9780593712849.jpg,,False,True,2023.0,choose your enemies wisely
BOOK01146,Distancing,['L. David Marquet and Michael A. Gillespie'],,[],,,,,,,,https://www.leadershipnow.com/leadershop/images/9780593713105.jpg,,False,True,2025.0,distancing
BOOK01147,Playful,['Cas Holman with Lydia Denworth'],,[],,,,,,,,https://www.leadershipnow.com/leadershop/images/9780593713402.jpg,,False,True,2025.0,playful
BOOK01148,The Journey of Leadership,"['Dana Maor, Hans-Werner Kaas, Kurt Strovink and Ramesh Srinivasan']",,[],,,,,,,,https://www.leadershipnow.com/leadershop/images/9780593714218.jpg,,False,True,2024.0,the journey of leadership
BOOK01149,The Venture Mindset,['Ilya Strebulaev and Alex Dang'],,[],,,,,,,,https://www.leadershipnow.com/leadershop/images/9780593714232.jpg,,False,True,2024.0,the venture mindset
BOOK01150,You Already Know,['Laura Huang'],,[],,,,,,,,https://www.leadershipnow.com/leadershop/images/9780593714768.jpg,,False,True,2025.0,you already know
BOOK01151,Tiny Experiments,['Anne-Laure Le Cunff'],,[],,,,,,,,https://www.leadershipnow.com/leadershop/images/9780593715130.jpg,,False,True,2025.0,tiny experiments
BOOK01152,Primal Intelligence,['Angus Fletcher'],,[],,,,,,,,https://www.leadershipnow.com/leadershop/images/9780593715307.jpg,,False,True,2025.0,primal intelligence
BOOK01153,The Collective Edge,['Colin M. Fisher'],,[],,,,,,,,https://www.leadershipnow.com/leadershop/images/9780593715345.jpg,,False,True,2025.0,the collective edge
BOOK01154,The Song of Significance,['Seth Godin'],,[],,,,,,,,https://www.leadershipnow.com/leadershop/images/9780593715543.jpg,,False,True,2023.0,the song of significance
BOOK01155,The Diary of a CEO,['Steven Bartlett'],,[],,,,,,,,https://www.leadershipnow.com/leadershop/images/9780593715833.jpg,,False,True,2023.0,the diary of a ceo
BOOK01156,Co-Intelligence,['Ethan Mollick'],,[],,,,,,,,https://www.leadershipnow.com/leadershop/images/9780593716717.jpg,,False,True,2024.0,co-intelligence
BOOK01157,"Smart, Not Loud",['Jessica Chen'],,[],,,,,,,,https://www.leadershipnow.com/leadershop/images/9780593717684.jpg,,False,True,2024.0,"smart, not loud"
BOOK01158,The Next Conversation,['Jefferson Fisher'],,[],,,,,,,,https://www.leadershipnow.com/leadershop/images/9780593718728.jpg,,False,True,2025.0,the next conversation
BOOK01159,The 5 Types of Wealth,['Sahil Bloom'],,[],,,,,,,,https://www.leadershipnow.com/leadershop/images/9780593723180.jpg,,False,True,2025.0,the 5 types of wealth
BOOK01160,Confident by Choice,['Juan Bendaña'],,[],,,,,,,,https://www.leadershipnow.com/leadershop/images/9780593725610.jpg,,False,True,2025.0,confident by choice
BOOK01161,Infectious Generosity,['Chris Anderson'],,[],,,,,,,,https://www.leadershipnow.com/leadershop/images/9780593727553.jpg,,False,True,2024.0,infectious generosity
BOOK01162,Just the Good Stuff,['Jim VandeHei'],,[],,,,,,,,https://www.leadershipnow.com/leadershop/images/9780593796375.jpg,,False,True,2024.0,just the good stuff
BOOK01163,The Wealth Money Can't Buy,['Robin Sharma'],,[],,,,,,,,https://www.leadershipnow.com/leadershop/images/9780593798492.jpg,,False,True,2024.0,the wealth money can't buy
BOOK01164,On Leadership,['Tony Blair'],,[],,,,,,,,https://www.leadershipnow.com/leadershop/images/9780593799796.jpg,,False,True,2024.0,on leadership
BOOK01165,The Systems Leader,['Robert E. Siegel'],,[],,,,,,,,https://www.leadershipnow.com/leadershop/images/9780593800041.jpg,,False,True,2025.0,the systems leader
BOOK01166,These Strange New Minds,['Christopher Summerfield'],,[],,,,,,,,https://www.leadershipnow.com/leadershop/images/9780593831717.jpg,,False,True,2025.0,these strange new minds
BOOK01167,Fired Up,['Shannon Watts'],,[],,,,,,,,https://www.leadershipnow.com/leadershop/images/9780593831939.jpg,,False,True,2025.0,fired up
BOOK01168,Uncompete,['Ruchika T. Malhotra'],,[],,,,,,,,https://www.leadershipnow.com/leadershop/images/9780593832158.jpg,,False,True,2025.0,uncompete
BOOK01169,The Thinking Machine,['Stephen Witt'],,[],,,,,,,,https://www.leadershipnow.com/leadershop/images/9780593832691.jpg,,False,True,2025.0,the thinking machine
BOOK01170,Resurface,['Cassidy Krug'],,[],,,,,,,,https://www.leadershipnow.com/leadershop/images/9780593833117.jpg,,False,True,2025.0,resurface
BOOK01171,On Character,['General Stanley McChrystal'],,[],,,,,,,,https://www.leadershipnow.com/leadershop/images/9780593852958.jpg,,False,True,2025.0,on character
BOOK01172,What You're Made For,['George Raveling and Ryan Holiday -\x97 Foreword by Michael Jordan'],,[],,,,,,,,https://www.leadershipnow.com/leadershop/images/9780593852972.jpg,,False,True,2025.0,what you're made for
BOOK01173,G-Man,['Beverly Gage'],,[],,,,,,,,https://www.leadershipnow.com/leadershop/images/9780670025374.jpg,,False,True,2022.0,g-man
BOOK01174,The Burnout Challenge,['Christina Maslach and Michael P. Leiter'],,[],,,,,,,,https://www.leadershipnow.com/leadershop/images/9780674251014.jpg,,False,True,2022.0,the burnout challenge
BOOK01175,Deeply Responsible Business,['Geoffrey Jones'],,[],,,,,,,,https://www.leadershipnow.com/leadershop/images/9780674916531.jpg,,False,True,2023.0,deeply responsible business
BOOK01176,Capitalism,['Michael Sonenscher'],,[],,,,,,,,https://www.leadershipnow.com/leadershop/images/9780691237206.jpg,,False,True,2022.0,capitalism
BOOK01177,The Corporation and the Twentieth Century,['Richard N. Langlois'],,[],,,,,,,,https://www.leadershipnow.com/leadershop/images/9780691246987.jpg,,False,True,2023.0,the corporation and the twentieth century
BOOK01178,The Power of Regret,['Daniel H. Pink'],,[],,,,,,,,https://www.leadershipnow.com/leadershop/images/9780735210653.jpg,,False,True,2022.0,the power of regret
BOOK01179,The Nineties,['Chuck Klosterman'],,[],,,,,,,,https://www.leadershipnow.com/leadershop/images/9780735217959.jpg,,False,True,2022.0,the nineties
BOOK01180,In the Shadow of the Gods,['Dominic Lieven'],,[],,,,,,,,https://www.leadershipnow.com/leadershop/images/9780735222199.jpg,,False,True,2022.0,in the shadow of the gods
BOOK01181,The Crisis of Democratic Capitalism,['Martin Wolf'],,[],,,,,,,,https://www.leadershipnow.com/leadershop/images/9780735224216.jpg,,False,True,2023.0,the crisis of democratic capitalism
BOOK01182,Sir Henry Royce,['Ryan Leak'],,[],,,,,,,,https://www.leadershipnow.com/leadershop/images/9780750999004.jpg,,False,True,2022.0,sir henry royce
BOOK01183,The Conviction to Lead,['Albert Mohler'],,[],,,,,,,,https://www.leadershipnow.com/leadershop/images/9780764237706.jpg,,False,True,2023.0,the conviction to lead
BOOK01184,Leveling Up,['Ryan Leak'],,[],,,,,,,,https://www.leadershipnow.com/leadershop/images/9780785261629.jpg,,False,True,2022.0,leveling up
BOOK01185,The Commanders,['Lloyd Clark'],,[],,,,,,,,https://www.leadershipnow.com/leadershop/images/9780802160225.jpg,,False,True,2022.0,the commanders
BOOK01186,The Wise Leader,['Uli Chi'],,[],,,,,,,,https://www.leadershipnow.com/leadershop/images/9780802884046.jpg,,False,True,2024.0,the wise leader
BOOK01187,Character,['Robert L. Dilenschneider'],,[],,,,,,,,https://www.leadershipnow.com/leadershop/images/9780806543123.jpg,,False,True,2025.0,character
BOOK01188,Reagan,['Max Boot'],,[],,,,,,,,https://www.leadershipnow.com/leadershop/images/9780871409447.jpg,,False,True,2024.0,reagan
BOOK01189,Team Emotional Intelligence 2.0,['Jean Greaves and Evan Watkins'],,[],,,,,,,,https://www.leadershipnow.com/leadershop/images/9780974719344.jpg,,False,True,2022.0,team emotional intelligence 2.0
BOOK01190,Focused As A Bee,['Jones Loflin and Sydney Loflin'],,[],,,,,,,,https://www.leadershipnow.com/leadershop/images/9780976688266.jpg,,False,True,2025.0,focused as a bee
BOOK01191,Network Leadership,['Jeffrey Beeson'],,[],,,,,,,,https://www.leadershipnow.com/leadershop/images/9781009392235.jpg,,False,True,2025.0,network leadership
BOOK01192,Decisions about Decisions,['Cass R. Sunstein'],,[],,,,,,,,https://www.leadershipnow.com/leadershop/images/9781009400466.jpg,,False,True,2023.0,decisions about decisions
BOOK01193,Redemption,['Peter R. Mansoor'],,[],,,,,,,,https://www.leadershipnow.com/leadershop/images/9781009541190.jpg,,False,True,2025.0,redemption
BOOK01194,Determining Leadership Potential,['Kimberly Janson and Melody Rawlings'],,[],,,,,,,,https://www.leadershipnow.com/leadershop/images/9781032220338.jpg,,False,True,2022.0,determining leadership potential
BOOK01195,The Next Leadership Team,['Thomas Keil and Marianna Zangrillo'],,[],,,,,,,,https://www.leadershipnow.com/leadershop/images/9781032349404.jpg,,False,True,2023.0,the next leadership team
BOOK01196,The Character Compass,"['Mary Crossan, Gerard Seijts and Bill Furlong (Aut']",,[],,,,,,,,https://www.leadershipnow.com/leadershop/images/9781032376486.jpg,,False,True,2023.0,the character compass
BOOK01197,The Practice of Ethical Leadership,['Claas Florian Engelke and Richard B. Swegan'],,[],,,,,,,,https://www.leadershipnow.com/leadershop/images/9781032397191.jpg,,False,True,2024.0,the practice of ethical leadership
BOOK01198,Sentient Strategy,['Alan Weiss'],,[],,,,,,,,https://www.leadershipnow.com/leadershop/images/9781032412634.jpg,,False,True,2023.0,sentient strategy
BOOK01199,Everyday Leadership,['Ross Blankenship'],,[],,,,,,,,https://www.leadershipnow.com/leadershop/images/9781032607856.jpg,,False,True,2024.0,everyday leadership
BOOK01200,Redefining Networking,['Monique Kelley'],,[],,,,,,,,https://www.leadershipnow.com/leadershop/images/9781032933863.jpg,,False,True,2025.0,redefining networking
BOOK01201,Franklin D. Roosevelt and the Art of Leadership,['William Nester'],,[],,,,,,,,https://www.leadershipnow.com/leadershop/images/9781036110901.jpg,,False,True,2024.0,franklin d. roosevelt and the art of leadership
BOOK01202,ThinkBlink Manifesto,['Ryan Dunlap'],,[],,,,,,,,https://www.leadershipnow.com/leadershop/images/9781038337979.jpg,,False,True,2025.0,thinkblink manifesto
BOOK01203,We Are Ambiverts Now,['Karl Moore and Gabriele Hartshorne-Mehl'],,[],,,,,,,,https://www.leadershipnow.com/leadershop/images/9781041009108.jpg,,False,True,2025.0,we are ambiverts now
BOOK01204,The Presence Principle,['Alexa Chilcutt and Carl DuPont'],,[],,,,,,,,https://www.leadershipnow.com/leadershop/images/9781041021964.jpg,,False,True,2025.0,the presence principle
BOOK01205,Leading With Values,['Neil Malhotra and Ken Shotts'],,[],,,,,,,,https://www.leadershipnow.com/leadershop/images/9781108841191.jpg,,False,True,2022.0,leading with values
BOOK01206,How to be a Coffee Bean,['Jon Gordon and Damon West'],,[],,,,,,,,https://www.leadershipnow.com/leadershop/images/9781119430283.jpg,,False,True,2023.0,how to be a coffee bean
BOOK01207,The Power of a Positive You,['Jon Gordon'],,[],,,,,,,,https://www.leadershipnow.com/leadershop/images/9781119430285.jpg,,False,True,2022.0,the power of a positive you
BOOK01208,Scaling Innovation,['Madhavan Ramanujam and Eddie Hartman'],,[],,,,,,,,https://www.leadershipnow.com/leadershop/images/9781119633068.jpg,,False,True,2025.0,scaling innovation
BOOK01209,Leading in a Non-Linear World,['Jean Gomes'],,[],,,,,,,,https://www.leadershipnow.com/leadershop/images/9781119672722.jpg,,False,True,2023.0,leading in a non-linear world
BOOK01210,The One Truth,['Jon Gordon'],,[],,,,,,,,https://www.leadershipnow.com/leadershop/images/9781119757351.jpg,,False,True,2023.0,the one truth
BOOK01211,The 7 Commitments of a Great Team,['Jon Gordon'],,[],,,,,,,,https://www.leadershipnow.com/leadershop/images/9781119757382.jpg,,False,True,2025.0,the 7 commitments of a great team
BOOK01212,The Sale,['Jon Gordon and Alex Demczak'],,[],,,,,,,,https://www.leadershipnow.com/leadershop/images/9781119762690.jpg,,False,True,2022.0,the sale
BOOK01213,The Neutrality Trap,['Bernard S. Mayer and Jacqueline N. Font-Guzmán'],,[],,,,,,,,https://www.leadershipnow.com/leadershop/images/9781119793243.jpg,,False,True,2022.0,the neutrality trap
BOOK01214,Human-Driven Experience,['Robert Harles'],,[],,,,,,,,https://www.leadershipnow.com/leadershop/images/9781119812982.jpg,,False,True,2022.0,human-driven experience
BOOK01215,The Power of One More,['Ed Mylett'],,[],,,,,,,,https://www.leadershipnow.com/leadershop/images/9781119815365.jpg,,False,True,2022.0,the power of one more
BOOK01216,Difficult Decisions,['Eric Pliner'],,[],,,,,,,,https://www.leadershipnow.com/leadershop/images/9781119817048.jpg,,False,True,2022.0,difficult decisions
BOOK01217,Driving Results,['Gary A. Garfield'],,[],,,,,,,,https://www.leadershipnow.com/leadershop/images/9781119822479.jpg,,False,True,2022.0,driving results
BOOK01218,The Imperfectionists,['Robert McLean and Charles Conn'],,[],,,,,,,,https://www.leadershipnow.com/leadershop/images/9781119835660.jpg,,False,True,2023.0,the imperfectionists
BOOK01219,Amp It Up,['Frank Slootman'],,[],,,,,,,,https://www.leadershipnow.com/leadershop/images/9781119836117.jpg,,False,True,2022.0,amp it up
BOOK01220,The Mentor's Guide,['Lois J. Zachary and Lisa Fain'],,[],,,,,,,,https://www.leadershipnow.com/leadershop/images/9781119838180.jpg,,False,True,2022.0,the mentor's guide
BOOK01221,Say More About That,['Amber Cabral'],,[],,,,,,,,https://www.leadershipnow.com/leadershop/images/9781119839323.jpg,,False,True,2022.0,say more about that
BOOK01222,"Move to the Edge, Declare it Center",['Everett Harper'],,[],,,,,,,,https://www.leadershipnow.com/leadershop/images/9781119849889.jpg,,False,True,2022.0,"move to the edge, declare it center"
BOOK01223,Do It,['David Nurse'],,[],,,,,,,,https://www.leadershipnow.com/leadershop/images/9781119853701.jpg,,False,True,2023.0,do it
BOOK01224,Amplify Your Influence,['Rene Rodriguez'],,[],,,,,,,,https://www.leadershipnow.com/leadershop/images/9781119858683.jpg,,False,True,2022.0,amplify your influence
BOOK01225,Leading Wisely,['Manfred F. R. Kets de Vries'],,[],,,,,,,,https://www.leadershipnow.com/leadershop/images/9781119860396.jpg,,False,True,2022.0,leading wisely
BOOK01226,Trustworthy AI,['Beena Ammanath'],,[],,,,,,,,https://www.leadershipnow.com/leadershop/images/9781119867920.jpg,,False,True,2022.0,trustworthy ai
BOOK01227,How the Future Works,"['Brian Elliott, Sheela Subramanian and Helen Kupp']",,[],,,,,,,,https://www.leadershipnow.com/leadershop/images/9781119870951.jpg,,False,True,2022.0,how the future works
BOOK01228,Sustainable Leadership:,['Clarke Murphy'],,[],,,,,,,,https://www.leadershipnow.com/leadershop/images/9781119872153.jpg,,False,True,2022.0,sustainable leadership:
BOOK01229,The Unexpected Leader,['Jacqueline M. Baker'],,[],,,,,,,,https://www.leadershipnow.com/leadershop/images/9781119877677.jpg,,False,True,2022.0,the unexpected leader
BOOK01230,The Soul of Startups,['Sophie Theen'],,[],,,,,,,,https://www.leadershipnow.com/leadershop/images/9781119885590.jpg,,False,True,2022.0,the soul of startups
BOOK01231,Principal in Balance,['Jessica Cabeen'],,[],,,,,,,,https://www.leadershipnow.com/leadershop/images/9781119885764.jpg,,False,True,2023.0,principal in balance
BOOK01232,True North,['Bill George and Zach Clayton'],,[],,,,,,,,https://www.leadershipnow.com/leadershop/images/9781119886105.jpg,,False,True,2022.0,true north
BOOK01233,Step into the Metaverse,['Mark van Rijmenam'],,[],,,,,,,,https://www.leadershipnow.com/leadershop/images/9781119887577.jpg,,False,True,2022.0,step into the metaverse
BOOK01234,The Metaverse Handbook,"['QuHarrison Terry and Scott ""DJ Skee"" Keeney']",,[],,,,,,,,https://www.leadershipnow.com/leadershop/images/9781119892526.jpg,,False,True,2022.0,the metaverse handbook
BOOK01235,Digital Transformation Payday,['Tim Bottke'],,[],,,,,,,,https://www.leadershipnow.com/leadershop/images/9781119894179.jpg,,False,True,2022.0,digital transformation payday
BOOK01236,Leading with Vulnerability,['Jacob Morgan'],,[],,,,,,,,https://www.leadershipnow.com/leadershop/images/9781119895244.jpg,,False,True,2023.0,leading with vulnerability
BOOK01237,Work Here Now,['Melissa Swift'],,[],,,,,,,,https://www.leadershipnow.com/leadershop/images/9781119895275.jpg,,False,True,2023.0,work here now
BOOK01238,The Locker Room,['Stephen Mackey and Damon West'],,[],,,,,,,,https://www.leadershipnow.com/leadershop/images/9781119897842.jpg,,False,True,2022.0,the locker room
BOOK01239,Adaptive Resilience,['Maria Santacaterina'],,[],,,,,,,,https://www.leadershipnow.com/leadershop/images/9781119898184.jpg,,False,True,2023.0,adaptive resilience
BOOK01240,Decisions Over Decimals,"['Paul F. Magnone, Christopher J. Frank and Oded Netzer']",,[],,,,,,,,https://www.leadershipnow.com/leadershop/images/9781119898481.jpg,,False,True,2022.0,decisions over decimals
BOOK01241,Navigating the Metaverse,"['Cathy Hackl, Dirk Lueth and Tommaso Di Bartol']",,[],,,,,,,,https://www.leadershipnow.com/leadershop/images/9781119898993.jpg,,False,True,2022.0,navigating the metaverse
BOOK01242,Energy Leadership,['Bruce D. Schneider'],,[],,,,,,,,https://www.leadershipnow.com/leadershop/images/9781119899549.jpg,,False,True,2022.0,energy leadership
BOOK01243,A Cure for the Common Company,['Richard Safeer'],,[],,,,,,,,https://www.leadershipnow.com/leadershop/images/9781119899969.jpg,,False,True,2023.0,a cure for the common company
BOOK01244,The Digital Leader,['Ram Charan and Raj B. Vattikuti'],,[],,,,,,,,https://www.leadershipnow.com/leadershop/images/9781119900085.jpg,,False,True,2022.0,the digital leader
BOOK01245,Culture Is the Way,['Matt Mayberry'],,[],,,,,,,,https://www.leadershipnow.com/leadershop/images/9781119913658.jpg,,False,True,2023.0,culture is the way
BOOK01246,Wise Decisions,['Sheila Ohlsson and James E. Loehr'],,[],,,,,,,,https://www.leadershipnow.com/leadershop/images/9781119931409.jpg,,False,True,2022.0,wise decisions
BOOK01247,The Ecosystem Economy,['Venkat Atluri and Miklós Dietz'],,[],,,,,,,,https://www.leadershipnow.com/leadershop/images/9781119984788.jpg,,False,True,2022.0,the ecosystem economy
BOOK01248,Autonomous Transformation,['Brian Evergreen'],,[],,,,,,,,https://www.leadershipnow.com/leadershop/images/9781119985297.jpg,,False,True,2023.0,autonomous transformation
BOOK01249,The Negativity Fast,['Anthony Iannarino'],,[],,,,,,,,https://www.leadershipnow.com/leadershop/images/9781119985884.jpg,,False,True,2023.0,the negativity fast
BOOK01250,To the Top,['Jenna C. Fisher'],,[],,,,,,,,https://www.leadershipnow.com/leadershop/images/9781119988083.jpg,,False,True,2023.0,to the top
BOOK01251,The Energy of Success,['Rebecca Ahmed'],,[],,,,,,,,https://www.leadershipnow.com/leadershop/images/97811394245475.jpg,,False,True,2024.0,the energy of success
BOOK01252,The Jeffersonians,['Kevin R. C. Gutzman'],,[],,,,,,,,https://www.leadershipnow.com/leadershop/images/9781250135452.jpg,,False,True,2022.0,the jeffersonians
BOOK01253,"See, Solve, Scale",['Danny Warshay'],,[],,,,,,,,https://www.leadershipnow.com/leadershop/images/9781250272317.jpg,,False,True,2022.0,"see, solve, scale"
BOOK01254,Unlikely Heroes,['Derek Leebaert'],,[],,,,,,,,https://www.leadershipnow.com/leadershop/images/9781250274694.jpg,,False,True,2023.0,unlikely heroes
BOOK01255,Talent,['Tyler Cowen and Daniel Gross'],,[],,,,,,,,https://www.leadershipnow.com/leadershop/images/9781250275813.jpg,,False,True,2022.0,talent
BOOK01256,The Fund,['Rob Copeland'],,[],,,,,,,,https://www.leadershipnow.com/leadershop/images/9781250276933.jpg,,False,True,2023.0,the fund
BOOK01257,Intrinsic Motivation,['Stefan Falk'],,[],,,,,,,,https://www.leadershipnow.com/leadershop/images/9781250277695.jpg,,False,True,2023.0,intrinsic motivation
BOOK01258,The Bezos Blueprint,['Carmine Gallo'],,[],,,,,,,,https://www.leadershipnow.com/leadershop/images/9781250278333.jpg,,False,True,2022.0,the bezos blueprint
BOOK01259,Endure,['Cameron Hanes / Foreword by Joe Rogan'],,[],,,,,,,,https://www.leadershipnow.com/leadershop/images/9781250279293.jpg,,False,True,2022.0,endure
BOOK01260,"When They Win, You Win",['Russ Laraway'],,[],,,,,,,,https://www.leadershipnow.com/leadershop/images/9781250279668.jpg,,False,True,2022.0,"when they win, you win"
BOOK01261,The Unfair Advantage,['Ash Ali and Hasan Kubba'],,[],,,,,,,,https://www.leadershipnow.com/leadershop/images/9781250280527.jpg,,False,True,2022.0,the unfair advantage
BOOK01262,The Perennials,['Mauro F. Guillén'],,[],,,,,,,,https://www.leadershipnow.com/leadershop/images/9781250281340.jpg,,False,True,2023.0,the perennials
BOOK01263,The Art of Clear Thinking,['Hasard Lee'],,[],,,,,,,,https://www.leadershipnow.com/leadershop/images/9781250281449.jpg,,False,True,2023.0,the art of clear thinking
BOOK01264,The Friction Project,['Robert I. Sutton and Huggy Rao'],,[],,,,,,,,https://www.leadershipnow.com/leadershop/images/9781250284419.jpg,,False,True,2024.0,the friction project
BOOK01265,If You Want Something Done,['Nikki R. Haley'],,[],,,,,,,,https://www.leadershipnow.com/leadershop/images/9781250284976.jpg,,False,True,2022.0,if you want something done
BOOK01266,Hard Truths,['Michael Waltz'],,[],,,,,,,,https://www.leadershipnow.com/leadershop/images/9781250286185.jpg,,False,True,2024.0,hard truths
BOOK01267,Your Big Leap Year,['Gay Hendricks PH.D.'],,[],,,,,,,,https://www.leadershipnow.com/leadershop/images/9781250292797.jpg,,False,True,2024.0,your big leap year
BOOK01268,Nobody Cares About Your Career,['Erika Ayers Badan'],,[],,,,,,,,https://www.leadershipnow.com/leadershop/images/9781250320582.jpg,,False,True,2024.0,nobody cares about your career
BOOK01269,Uncommon,['Mark Divine'],,[],,,,,,,,https://www.leadershipnow.com/leadershop/images/9781250331908.jpg,,False,True,2024.0,uncommon
BOOK01270,Supremacy,['Parmy Olson'],,[],,,,,,,,https://www.leadershipnow.com/leadershop/images/9781250337740.jpg,,False,True,2024.0,supremacy
BOOK01271,The Difference That Makes the Difference,['Josh Davis and Greg Prosmushkin'],,[],,,,,,,,https://www.leadershipnow.com/leadershop/images/9781250349088.jpg,,False,True,2025.0,the difference that makes the difference
BOOK01272,The Need to Lead,['Dave Berke / Foreword by Jocko Willink'],,[],,,,,,,,https://www.leadershipnow.com/leadershop/images/9781250361639.jpg,,False,True,2025.0,the need to lead
BOOK01273,Master of Me,['Keke Palmer'],,[],,,,,,,,https://www.leadershipnow.com/leadershop/images/9781250372512.jpg,,False,True,2024.0,master of me
BOOK01274,The History of Money,['David McWilliamswith a Forewod by Michael Lewis'],,[],,,,,,,,https://www.leadershipnow.com/leadershop/images/9781250408181.jpg,,False,True,2025.0,the history of money
BOOK01275,Radical Respect,['Kim Scott'],,[],,,,,,,,https://www.leadershipnow.com/leadershop/images/9781250623768.jpg,,False,True,2024.0,radical respect
BOOK01276,The Four Workarounds,['Paulo Savaget'],,[],,,,,,,,https://www.leadershipnow.com/leadershop/images/9781250789400.jpg,,False,True,2023.0,the four workarounds
BOOK01277,Upshift,['Ben Ramalingam'],,[],,,,,,,,https://www.leadershipnow.com/leadershop/images/9781250792952.jpg,,False,True,2023.0,upshift
BOOK01278,Over Work,['Brigid Schulte'],,[],,,,,,,,https://www.leadershipnow.com/leadershop/images/9781250801722.jpg,,False,True,2024.0,over work
BOOK01279,Thinking 101,['Woo-kyoung Ahn'],,[],,,,,,,,https://www.leadershipnow.com/leadershop/images/9781250805959.jpg,,False,True,2022.0,thinking 101
BOOK01280,How Trust Works,['Peter H. Kim'],,[],,,,,,,,https://www.leadershipnow.com/leadershop/images/9781250838155.jpg,,False,True,2023.0,how trust works
BOOK01281,STFU,['Dan Lyons'],,[],,,,,,,,https://www.leadershipnow.com/leadershop/images/9781250850347.jpg,,False,True,2023.0,stfu
BOOK01282,Activate Your Greatness,['Alex Toussaint'],,[],,,,,,,,https://www.leadershipnow.com/leadershop/images/9781250852038.jpg,,False,True,2023.0,activate your greatness
BOOK01283,Win Every Argument,['Mehdi Hasan'],,[],,,,,,,,https://www.leadershipnow.com/leadershop/images/9781250853479.jpg,,False,True,2022.0,win every argument
BOOK01284,Startup Program Design,['Paolo Lombardi and Adam Berk'],,[],,,,,,,,https://www.leadershipnow.com/leadershop/images/9781260463255.jpg,,False,True,2022.0,startup program design
BOOK01285,We the Leader,['Jeffrey Spahn'],,[],,,,,,,,https://www.leadershipnow.com/leadershop/images/9781260474978.jpg,,False,True,2022.0,we the leader
BOOK01286,Change Proof,['Adam Markel'],,[],,,,,,,,https://www.leadershipnow.com/leadershop/images/9781264258987.jpg,,False,True,2022.0,change proof
BOOK01287,Pitch Like Hollywood,['Peter Desberg and Jeffrey Davis'],,[],,,,,,,,https://www.leadershipnow.com/leadershop/images/9781264268566.jpg,,False,True,2022.0,pitch like hollywood
BOOK01288,The Pursuit of Excellence,['Ryan Hawk'],,[],,,,,,,,https://www.leadershipnow.com/leadershop/images/9781264269099.jpg,,False,True,2022.0,the pursuit of excellence
BOOK01289,Bridge the Gap,['Jennifer Edwards and Katie McCleary'],,[],,,,,,,,https://www.leadershipnow.com/leadershop/images/9781264269112.jpg,,False,True,2022.0,bridge the gap
BOOK01290,Flip the Switch,['Coach Micheal Burt'],,[],,,,,,,,https://www.leadershipnow.com/leadershop/images/9781264269228.jpg,,False,True,2023.0,flip the switch
BOOK01291,All Are Welcome,['Cynthia Owyoung'],,[],,,,,,,,https://www.leadershipnow.com/leadershop/images/9781264269785.jpg,,False,True,2022.0,all are welcome
BOOK01292,Connectable,['Ryan Jenkins and Steven Van Cohen'],,[],,,,,,,,https://www.leadershipnow.com/leadershop/images/9781264277506.jpg,,False,True,2022.0,connectable
BOOK01293,Win When They Say You Won't,['Daphne Jones'],,[],,,,,,,,https://www.leadershipnow.com/leadershop/images/9781264277995.jpg,,False,True,2022.0,win when they say you won't
BOOK01294,"Better Humans, Better Performance","['Peter Rea, James Stoller, and Alan Kolp']",,[],,,,,,,,https://www.leadershipnow.com/leadershop/images/9781264278152.jpg,,False,True,2022.0,"better humans, better performance"
BOOK01295,Thriving on Overload,['Ross Dawson'],,[],,,,,,,,https://www.leadershipnow.com/leadershop/images/9781264285402.jpg,,False,True,2022.0,thriving on overload
BOOK01296,Arrive and Thrive,"['Susan MacKenty Brady, Janet Foutty and Lynn Perry Wooten']",,[],,,,,,,,https://www.leadershipnow.com/leadershop/images/9781264286355.jpg,,False,True,2022.0,arrive and thrive
BOOK01297,Coaching Essentials for Managers,['Sara Canaday'],,[],,,,,,,,https://www.leadershipnow.com/leadershop/images/9781264573585.jpg,,False,True,2022.0,coaching essentials for managers
BOOK01298,Decision Sprint,['Atif Rafiq'],,[],,,,,,,,https://www.leadershipnow.com/leadershop/images/9781264609598.jpg,,False,True,2023.0,decision sprint
BOOK01299,The Bold Ones,['Shawn Kanungo'],,[],,,,,,,,https://www.leadershipnow.com/leadershop/images/9781264669158.jpg,,False,True,2022.0,the bold ones
BOOK01300,3 Hours a Day,['Knolly Williams'],,[],,,,,,,,https://www.leadershipnow.com/leadershop/images/9781265086947.jpg,,False,True,2023.0,3 hours a day
BOOK01301,Brave Together,['Chris Deaver and Ian Clawson'],,[],,,,,,,,https://www.leadershipnow.com/leadershop/images/9781265386672.jpg,,False,True,2023.0,brave together
BOOK01302,Lead Through Anything,['Dustin Seale and Ed Manfre'],,[],,,,,,,,https://www.leadershipnow.com/leadershop/images/9781265506391.jpg,,False,True,2023.0,lead through anything
BOOK01303,The Spinach King,['John Seabrook'],,[],,,,,,,,https://www.leadershipnow.com/leadershop/images/9781324003526.jpg,,False,True,2025.0,the spinach king
BOOK01304,Peacemaker,['Thant Myint-U'],,[],,,,,,,,https://www.leadershipnow.com/leadershop/images/9781324051978.jpg,,False,True,2025.0,peacemaker
BOOK01305,Going Infinite,['Michael Lewis'],,[],,,,,,,,https://www.leadershipnow.com/leadershop/images/9781324074335.jpg,,False,True,2023.0,going infinite
BOOK01306,The Optimist,['Keach Hagey'],,[],,,,,,,,https://www.leadershipnow.com/leadershop/images/9781324075967.jpg,,False,True,2025.0,the optimist
BOOK01307,The Mind's Mirror,['Daniela Rus and Gregory Mone'],,[],,,,,,,,https://www.leadershipnow.com/leadershop/images/9781324079323.jpg,,False,True,2024.0,the mind's mirror
BOOK01308,The Nvidia Way,['Tae Kim'],,[],,,,,,,,https://www.leadershipnow.com/leadershop/images/9781324086710.jpg,,False,True,2024.0,the nvidia way
BOOK01309,The Metaverse,['Matthew Ball'],,[],,,,,,,,https://www.leadershipnow.com/leadershop/images/9781324092032.jpg,,False,True,2022.0,the metaverse
BOOK01310,The Art of Uncertainty,['David Spiegelhalter'],,[],,,,,,,,https://www.leadershipnow.com/leadershop/images/9781324106111.jpg,,False,True,2025.0,the art of uncertainty
BOOK01311,The Busy Brain Cure,['Romie Mushtaq'],,[],,,,,,,,https://www.leadershipnow.com/leadershop/images/9781335007117.jpg,,False,True,2024.0,the busy brain cure
BOOK01312,Winston and the Windsors,['Andrew Morton'],,[],,,,,,,,https://www.leadershipnow.com/leadershop/images/9781335250995.jpg,,False,True,2025.0,winston and the windsors
BOOK01313,Dream Chasing,['Bob Weis / Bob Iger (Foreword)'],,[],,,,,,,,https://www.leadershipnow.com/leadershop/images/9781368101035.jpg,,False,True,2024.0,dream chasing
BOOK01314,The Communication Code,['Jeremie Kubicek and Steve Cockram'],,[],,,,,,,,https://www.leadershipnow.com/leadershop/images/9781394150533.jpg,,False,True,2023.0,the communication code
BOOK01315,Flying in the Face of Fear,['Kim Campbell'],,[],,,,,,,,https://www.leadershipnow.com/leadershop/images/9781394152353.jpg,,False,True,2023.0,flying in the face of fear
BOOK01316,The Unlocked Leader,['Hortense le Gentil'],,[],,,,,,,,https://www.leadershipnow.com/leadershop/images/9781394152933.jpg,,False,True,2023.0,the unlocked leader
BOOK01317,Break the Rules!,['John Mullins'],,[],,,,,,,,https://www.leadershipnow.com/leadershop/images/9781394153015.jpg,,False,True,2023.0,break the rules!
BOOK01318,Rebooting Your Brain,['David Naylor'],,[],,,,,,,,https://www.leadershipnow.com/leadershop/images/9781394157853.jpg,,False,True,2023.0,rebooting your brain
BOOK01319,Built to Beat Chaos,['Gary Harpst'],,[],,,,,,,,https://www.leadershipnow.com/leadershop/images/9781394158409.jpg,,False,True,2023.0,built to beat chaos
BOOK01320,Speak with Confidence,['Mike Acker'],,[],,,,,,,,https://www.leadershipnow.com/leadershop/images/9781394159741.jpg,,False,True,2022.0,speak with confidence
BOOK01321,Quick Confidence,['Selena Rezvani'],,[],,,,,,,,https://www.leadershipnow.com/leadershop/images/9781394160945.jpg,,False,True,2023.0,quick confidence
BOOK01322,Getting Over Ourselves,['Christina Congleton'],,[],,,,,,,,https://www.leadershipnow.com/leadershop/images/9781394169856.jpg,,False,True,2023.0,getting over ourselves
BOOK01323,The Seven Crucibles,['Alec Ingold'],,[],,,,,,,,https://www.leadershipnow.com/leadershop/images/9781394171385.jpg,,False,True,2023.0,the seven crucibles
BOOK01324,The End of Leadership as We Know It,['Steve Garcia and Dan Fisher'],,[],,,,,,,,https://www.leadershipnow.com/leadershop/images/9781394171736.jpg,,False,True,2023.0,the end of leadership as we know it
BOOK01325,Boundless,['Vala Afshar and Henry King'],,[],,,,,,,,https://www.leadershipnow.com/leadershop/images/9781394171798.jpg,,False,True,2023.0,boundless
BOOK01326,Leadership Revolution,['Lori Mazan'],,[],,,,,,,,https://www.leadershipnow.com/leadershop/images/9781394171828.jpg,,False,True,2023.0,leadership revolution
BOOK01327,The Manager's Handbook,['David Dodson'],,[],,,,,,,,https://www.leadershipnow.com/leadershop/images/9781394174072.jpg,,False,True,2023.0,the manager's handbook
BOOK01328,Reimagine Inclusion,['Mita Mallick'],,[],,,,,,,,https://www.leadershipnow.com/leadershop/images/9781394177097.jpg,,False,True,2023.0,reimagine inclusion
BOOK01329,Work Different,"['Kate Bravery, Ilya Bonic and Kai Anderson']",,[],,,,,,,,https://www.leadershipnow.com/leadershop/images/9781394181292.jpg,,False,True,2023.0,work different
BOOK01330,The Reinvention Formula,['Craig Siegel'],,[],,,,,,,,https://www.leadershipnow.com/leadershop/images/9781394182107.jpg,,False,True,2023.0,the reinvention formula
BOOK01331,The House that Cheese Built,['Miguel A. Leal'],,[],,,,,,,,https://www.leadershipnow.com/leadershop/images/9781394184026.jpg,,False,True,2023.0,the house that cheese built
BOOK01332,Secrets of Next-Level Entrepreneurs,['Alex Brueckmann'],,[],,,,,,,,https://www.leadershipnow.com/leadershop/images/9781394185382.jpg,,False,True,2023.0,secrets of next-level entrepreneurs
BOOK01333,Difficult Conversations Don't Have to Be Difficult,['Jon Gordon and Amy P. Kelly'],,[],,,,,,,,https://www.leadershipnow.com/leadershop/images/9781394187171.jpg,,False,True,2024.0,difficult conversations don't have to be difficult
BOOK01334,The Upside of Disruption,['Terence Mauri'],,[],,,,,,,,https://www.leadershipnow.com/leadershop/images/9781394192601.jpg,,False,True,2024.0,the upside of disruption
BOOK01335,The Power of Going All-In,['Brandon Bornancin'],,[],,,,,,,,https://www.leadershipnow.com/leadershop/images/9781394196180.jpg,,False,True,2024.0,the power of going all-in
BOOK01336,From Conflict to Convergence,['Robert Fersh and Mariah Levison'],,[],,,,,,,,https://www.leadershipnow.com/leadershop/images/9781394198566.jpg,,False,True,2024.0,from conflict to convergence
BOOK01337,Mindshift,['Brian Solis'],,[],,,,,,,,https://www.leadershipnow.com/leadershop/images/9781394198597.jpg,,False,True,2024.0,mindshift
BOOK01338,Rewired,"['Eric Lamarre, Kate Smaje and Rodney Zemmel']",,[],,,,,,,,https://www.leadershipnow.com/leadershop/images/9781394207114.jpg,,False,True,2023.0,rewired
BOOK01339,Toolkit for Turbulence,['Graham Winter and Martin Bean'],,[],,,,,,,,https://www.leadershipnow.com/leadershop/images/9781394208654.jpg,,False,True,2023.0,toolkit for turbulence
BOOK01340,Heal to Lead,['Kelly L. Campbell'],,[],,,,,,,,https://www.leadershipnow.com/leadershop/images/9781394213153.jpg,,False,True,2024.0,heal to lead
BOOK01341,Career Confidence,['Robynn Storey'],,[],,,,,,,,https://www.leadershipnow.com/leadershop/images/9781394219988.jpg,,False,True,2024.0,career confidence
BOOK01342,Productive Failure,['Manu Kapur'],,[],,,,,,,,https://www.leadershipnow.com/leadershop/images/9781394219995.jpg,,False,True,2024.0,productive failure
BOOK01343,Digital Mavericks,['Debbie Soon'],,[],,,,,,,,https://www.leadershipnow.com/leadershop/images/9781394220892.jpg,,False,True,2025.0,digital mavericks
BOOK01344,UnLeadership,['Scott Stratten and Alison Stratten'],,[],,,,,,,,https://www.leadershipnow.com/leadershop/images/9781394223381.jpg,,False,True,2024.0,unleadership
BOOK01345,The Power of Ownership,['Justin Roethlingshoefer'],,[],,,,,,,,https://www.leadershipnow.com/leadershop/images/9781394230020.jpg,,False,True,2024.0,the power of ownership
BOOK01346,The Art of Encouragement,['Jordan Montgomery / Foreword by John C. Maxwell'],,[],,,,,,,,https://www.leadershipnow.com/leadershop/images/9781394234479.jpg,,False,True,2024.0,the art of encouragement
BOOK01347,Leading Yourself,['Elizabeth Lotardo'],,[],,,,,,,,https://www.leadershipnow.com/leadershop/images/9781394238705.jpg,,False,True,2024.0,leading yourself
BOOK01348,Ice Cold Leader,['Errol Doebler'],,[],,,,,,,,https://www.leadershipnow.com/leadershop/images/9781394239276.jpg,,False,True,2023.0,ice cold leader
BOOK01349,Mentorship Unlocked,['Janice Omadeke'],,[],,,,,,,,https://www.leadershipnow.com/leadershop/images/9781394243228.jpg,,False,True,2024.0,mentorship unlocked
BOOK01350,The New CEO,['Ty Wiggins'],,[],,,,,,,,https://www.leadershipnow.com/leadershop/images/9781394244348.jpg,,False,True,2024.0,the new ceo
BOOK01351,Think Remarkable,['Guy Kawasaki with Madisun Nuismer'],,[],,,,,,,,https://www.leadershipnow.com/leadershop/images/9781394245222.jpg,,False,True,2024.0,think remarkable
BOOK01352,The Art of Changing Course,['Chris Ruden'],,[],,,,,,,,https://www.leadershipnow.com/leadershop/images/9781394247660.jpg,,False,True,2024.0,the art of changing course
BOOK01353,Microwins,['Daron K. Roberts'],,[],,,,,,,,https://www.leadershipnow.com/leadershop/images/9781394248162.jpg,,False,True,2024.0,microwins
BOOK01354,The Elements of Negotiation,['Keld Jensen'],,[],,,,,,,,https://www.leadershipnow.com/leadershop/images/9781394248285.jpg,,False,True,2024.0,the elements of negotiation
BOOK01355,Five Generations at Work,['Rebecca Robins and Patrick Dunne'],,[],,,,,,,,https://www.leadershipnow.com/leadershop/images/9781394252206.jpg,,False,True,2024.0,five generations at work
BOOK01356,How to Create Innovation,"['Stefan F. Dieffenbacher, Caroline Hüttinger, Suzanne M. Zaninelli, Douglas Lines and Andreas Rein']",,[],,,,,,,,https://www.leadershipnow.com/leadershop/images/9781394254262.jpg,,False,True,2024.0,how to create innovation
BOOK01357,The Super Upside Factor,['Daniel Kang'],,[],,,,,,,,https://www.leadershipnow.com/leadershop/images/9781394254910.jpg,,False,True,2025.0,the super upside factor
BOOK01358,IRREPLACEABLE,['Pascal Bornet'],,[],,,,,,,,https://www.leadershipnow.com/leadershop/images/9781394264407.jpg,,False,True,2024.0,irreplaceable
BOOK01359,Unlock Your Leadership Story,['Pat Wadors'],,[],,,,,,,,https://www.leadershipnow.com/leadershop/images/9781394264469.jpg,,False,True,2024.0,unlock your leadership story
BOOK01360,Analytics the Right Way,['Tim Wilson and Joe Sutherland'],,[],,,,,,,,https://www.leadershipnow.com/leadershop/images/9781394264490.jpg,,False,True,2025.0,analytics the right way
BOOK01361,What Lights You Up?,['Mary Olson-Menzel'],,[],,,,,,,,https://www.leadershipnow.com/leadershop/images/9781394267026.jpg,,False,True,2024.0,what lights you up?
BOOK01362,The Mentorship Edge,['Deborah Heiser'],,[],,,,,,,,https://www.leadershipnow.com/leadershop/images/9781394267118.jpg,,False,True,2024.0,the mentorship edge
BOOK01363,Your Values-Based Legacy,['Harry M. Jansen Kraemer Jr.'],,[],,,,,,,,https://www.leadershipnow.com/leadershop/images/9781394271320.jpg,,False,True,2024.0,your values-based legacy
BOOK01364,The Ethical Imperative,['Andrew Cooper'],,[],,,,,,,,https://www.leadershipnow.com/leadershop/images/9781394274833.jpg,,False,True,2024.0,the ethical imperative
BOOK01365,Essential,['Christie Smith and Kelly Monahan'],,[],,,,,,,,https://www.leadershipnow.com/leadershop/images/9781394276585.jpg,,False,True,2025.0,essential
BOOK01366,SHIFTS,['Sam Adeyemi'],,[],,,,,,,,https://www.leadershipnow.com/leadershop/images/9781394277728.jpg,,False,True,2025.0,shifts
BOOK01367,Still Standing,['Cherry Rose Tan'],,[],,,,,,,,https://www.leadershipnow.com/leadershop/images/9781394279029.jpg,,False,True,2024.0,still standing
BOOK01368,Unforgettable Presence,['Lorraine K Lee'],,[],,,,,,,,https://www.leadershipnow.com/leadershop/images/9781394281725.jpg,,False,True,2025.0,unforgettable presence
BOOK01369,Endless Customers,['Marcus Sheridan'],,[],,,,,,,,https://www.leadershipnow.com/leadershop/images/9781394282784.jpg,,False,True,2025.0,endless customers
BOOK01370,The Art of Self-Leadership,['Heather Younger'],,[],,,,,,,,https://www.leadershipnow.com/leadershop/images/9781394283378.jpg,,False,True,2025.0,the art of self-leadership
BOOK01371,The Pause Principle,['Cynthia Kane'],,[],,,,,,,,https://www.leadershipnow.com/leadershop/images/9781394283408.jpg,,False,True,2025.0,the pause principle
BOOK01372,Connectedness,['Des Dearlove and Lisa Humphries'],,[],,,,,,,,https://www.leadershipnow.com/leadershop/images/9781394285778.jpg,,False,True,2024.0,connectedness
BOOK01373,The Viking Code,['Anders Indset'],,[],,,,,,,,https://www.leadershipnow.com/leadershop/images/9781394288762.jpg,,False,True,2024.0,the viking code
BOOK01374,Leading Relationships,['Steve McClatchy'],,[],,,,,,,,https://www.leadershipnow.com/leadershop/images/9781394289387.jpg,,False,True,2025.0,leading relationships
BOOK01375,Leading for Wellness,['Patricia Grabarek and Katina Sawyer'],,[],,,,,,,,https://www.leadershipnow.com/leadershop/images/9781394292011.jpg,,False,True,2025.0,leading for wellness
BOOK01376,The Archetype Effect,['James Root'],,[],,,,,,,,https://www.leadershipnow.com/leadershop/images/9781394295210.jpg,,False,True,2025.0,the archetype effect
BOOK01377,What Matters Next,"[""Kate O'Neill""]",,[],,,,,,,,https://www.leadershipnow.com/leadershop/images/9781394296422.jpg,,False,True,2025.0,what matters next
BOOK01378,Hone,['Geoff Tuff and Steven Goldbach'],,[],,,,,,,,https://www.leadershipnow.com/leadershop/images/9781394304530.jpg,,False,True,2025.0,hone
BOOK01379,Generation AI,['Matt Britton'],,[],,,,,,,,https://www.leadershipnow.com/leadershop/images/9781394308859.jpg,,False,True,2025.0,generation ai
BOOK01380,The Insight-Driven Leader,['Jenny Dearborn and Kelly Rider'],,[],,,,,,,,https://www.leadershipnow.com/leadershop/images/9781394308880.jpg,,False,True,2025.0,the insight-driven leader
BOOK01381,The ROI of Thought Leadership,['Cindy Anderson and Anthony Marshall'],,[],,,,,,,,https://www.leadershipnow.com/leadershop/images/9781394308910.jpg,,False,True,2025.0,the roi of thought leadership
BOOK01382,Monster Transformation,"['Ari Lightman, Rafeh Masood and Gary Hirsch']",,[],,,,,,,,https://www.leadershipnow.com/leadershop/images/9781394313709.jpg,,False,True,2025.0,monster transformation
BOOK01383,The Devil Emails at Midnight,['Mita Mallick'],,[],,,,,,,,https://www.leadershipnow.com/leadershop/images/9781394316489.jpg,,False,True,2025.0,the devil emails at midnight
BOOK01384,Master Your Mindset,['Michael Pilarczyk'],,[],,,,,,,,https://www.leadershipnow.com/leadershop/images/9781394320127.jpg,,False,True,2025.0,master your mindset
BOOK01385,The CEO's Guide to the Investment Galaxy,['Sarah Keohane Williamson'],,[],,,,,,,,https://www.leadershipnow.com/leadershop/images/9781394326730.jpg,,False,True,2025.0,the ceo's guide to the investment galaxy
BOOK01386,From Panic to Profit,['Bill Canady'],,[],,,,,,,,https://www.leadershipnow.com/leadershop/images/9781394331581.jpg,,False,True,2025.0,from panic to profit
BOOK01387,It's Not Magic,['John Amaechi'],,[],,,,,,,,https://www.leadershipnow.com/leadershop/images/9781394338276.jpg,,False,True,2025.0,it's not magic
BOOK01388,Quick Leadership,['Selena Rezvani'],,[],,,,,,,,https://www.leadershipnow.com/leadershop/images/9781394339792.jpg,,False,True,2025.0,quick leadership
BOOK01389,Respect,['Robert Dilenschneider'],,[],,,,,,,,https://www.leadershipnow.com/leadershop/images/9781394340965.jpg,,False,True,2025.0,respect
BOOK01390,Flow Leadership,['Gaelle Devins'],,[],,,,,,,,https://www.leadershipnow.com/leadershop/images/9781394344864.jpg,,False,True,2025.0,flow leadership
BOOK01391,Biohacking Leadership,['Scott Hutcheson with Matthew D. Jones'],,[],,,,,,,,https://www.leadershipnow.com/leadershop/images/9781394351510.jpg,,False,True,2025.0,biohacking leadership
BOOK01392,Irresistible Change,['Phil Gilbert'],,[],,,,,,,,https://www.leadershipnow.com/leadershop/images/9781394367757.jpg,,False,True,2025.0,irresistible change
BOOK01393,Stress Nation,['Justin Hai'],,[],,,,,,,,https://www.leadershipnow.com/leadershop/images/9781394374991.jpg,,False,True,2025.0,stress nation
BOOK01394,Perseverance Principles,['J. J. Mazzo'],,[],,,,,,,,https://www.leadershipnow.com/leadershop/images/9781394377527.jpg,,False,True,2025.0,perseverance principles
BOOK01395,How to be a Friend (In an Unfriendly World),['Barnet Bain'],,[],,,,,,,,https://www.leadershipnow.com/leadershop/images/9781394388868.jpg,,False,True,2025.0,how to be a friend (in an unfriendly world)
BOOK01396,The Success Factor,['Ruth Gotian'],,[],,,,,,,,https://www.leadershipnow.com/leadershop/images/9781398602298.jpg,,False,True,2022.0,the success factor
BOOK01397,The Change Mindset,['Andy Craggs'],,[],,,,,,,,https://www.leadershipnow.com/leadershop/images/9781398604926.jpg,,False,True,2022.0,the change mindset
BOOK01398,"Survive, Reset, Thrive",['Rebecca Homkes'],,[],,,,,,,,https://www.leadershipnow.com/leadershop/images/9781398607866.jpg,,False,True,2024.0,"survive, reset, thrive"
BOOK01399,The Solutionists,['Solitaire Townsend'],,[],,,,,,,,https://www.leadershipnow.com/leadershop/images/9781398609341.jpg,,False,True,2023.0,the solutionists
BOOK01400,Confident AI,['Andy Pardoe'],,[],,,,,,,,https://www.leadershipnow.com/leadershop/images/9781398615724.jpg,,False,True,2024.0,confident ai
BOOK01401,The Resilient Culture,"['Liane Stephan, Silke Rupprecht, Chris Tamdjidi and Michael Mackay Richards']",,[],,,,,,,,https://www.leadershipnow.com/leadershop/images/9781398618329.jpg,,False,True,2024.0,the resilient culture
BOOK01402,Engaging Teams,['Nick Smallman and Dan Parry'],,[],,,,,,,,https://www.leadershipnow.com/leadershop/images/9781398619722.jpg,,False,True,2025.0,engaging teams
BOOK01403,Into the Metaverse,['Cathy Hackl'],,[],,,,,,,,https://www.leadershipnow.com/leadershop/images/9781399401807.jpg,,False,True,2023.0,into the metaverse
BOOK01404,Where Is My Office?,['Chris Kane and Eugenia Anastassiou'],,[],,,,,,,,https://www.leadershipnow.com/leadershop/images/9781399405171.jpg,,False,True,2023.0,where is my office?
BOOK01405,The Seven Games of Leadership,['Paolo Gallo'],,[],,,,,,,,https://www.leadershipnow.com/leadershop/images/9781399405478.jpg,,False,True,2023.0,the seven games of leadership
BOOK01406,How to Think Like a Philosopher,['Peter Cave'],,[],,,,,,,,https://www.leadershipnow.com/leadershop/images/9781399405911.jpg,,False,True,2023.0,how to think like a philosopher
BOOK01407,How to Think Like an Economist,['Robbie Mochrie'],,[],,,,,,,,https://www.leadershipnow.com/leadershop/images/9781399408646.jpg,,False,True,2024.0,how to think like an economist
BOOK01408,The World of Work to 2030,['Russell Beck'],,[],,,,,,,,https://www.leadershipnow.com/leadershop/images/9781399412711.jpg,,False,True,2024.0,the world of work to 2030
BOOK01409,A Year of Creativity,['Kathryn Jacob and Sue Unerman'],,[],,,,,,,,https://www.leadershipnow.com/leadershop/images/9781399413251.jpg,,False,True,2024.0,a year of creativity
BOOK01410,KIND,['Graham Allcott'],,[],,,,,,,,https://www.leadershipnow.com/leadershop/images/9781399417402.jpg,,False,True,2025.0,kind
BOOK01411,The Stoic Capitalist,['Robert Rosenkranz'],,[],,,,,,,,https://www.leadershipnow.com/leadershop/images/9781399423236.jpg,,False,True,2025.0,the stoic capitalist
BOOK01412,The Flexible Method,['James Burstall'],,[],,,,,,,,https://www.leadershipnow.com/leadershop/images/9781399806527.jpg,,False,True,2023.0,the flexible method
BOOK01413,How To Be A CEO,['Ben Renshaw'],,[],,,,,,,,https://www.leadershipnow.com/leadershop/images/9781399809795.jpg,,False,True,2024.0,how to be a ceo
BOOK01414,Our Next Reality,['Alvin Wang Graylin and Louis Rosenberg - Foreword by Neal Stephenson'],,[],,,,,,,,https://www.leadershipnow.com/leadershop/images/9781399812245.jpg,,False,True,2024.0,our next reality
BOOK01415,The Power to Change,['Chuck Chakrapani'],,[],,,,,,,,https://www.leadershipnow.com/leadershop/images/9781399825993.jpg,,False,True,2025.0,the power to change
BOOK01416,Becoming FDR,['Jonathan Darman'],,[],,,,,,,,https://www.leadershipnow.com/leadershop/images/9781400067077.jpg,,False,True,2022.0,becoming fdr
BOOK01417,Balancing Acts,['Daniel Lamarre'],,[],,,,,,,,https://www.leadershipnow.com/leadershop/images/9781400223022.jpg,,False,True,2022.0,balancing acts
BOOK01418,Get What You Want,['Julie Solomon'],,[],,,,,,,,https://www.leadershipnow.com/leadershop/images/9781400226177.jpg,,False,True,2022.0,get what you want
BOOK01419,Disrupting the Game,['Reggie Fils-Aimé'],,[],,,,,,,,https://www.leadershipnow.com/leadershop/images/9781400226672.jpg,,False,True,2022.0,disrupting the game
BOOK01420,Hero on a Mission,['Donald Miller'],,[],,,,,,,,https://www.leadershipnow.com/leadershop/images/9781400226948.jpg,,False,True,2022.0,hero on a mission
BOOK01421,How to Grow Your Small Business,['Donald Miller'],,[],,,,,,,,https://www.leadershipnow.com/leadershop/images/9781400226955.jpg,,False,True,2023.0,how to grow your small business
BOOK01422,Coach Builder,['Donald Miller'],,[],,,,,,,,https://www.leadershipnow.com/leadershop/images/9781400226962.jpg,,False,True,2024.0,coach builder
BOOK01423,Undistracted,['Bob Goff'],,[],,,,,,,,https://www.leadershipnow.com/leadershop/images/9781400226979.jpg,,False,True,2022.0,undistracted
BOOK01424,"Choose Your Story, Change Your Life",['Kindra Hall'],,[],,,,,,,,https://www.leadershipnow.com/leadershop/images/9781400228409.jpg,,False,True,2022.0,"choose your story, change your life"
BOOK01425,The Power of Potential,"[""Tom D'Eri""]",,[],,,,,,,,https://www.leadershipnow.com/leadershop/images/9781400228850.jpg,,False,True,2023.0,the power of potential
BOOK01426,The Secret Society of Success,['Tim Schurrer'],,[],,,,,,,,https://www.leadershipnow.com/leadershop/images/9781400229420.jpg,,False,True,2022.0,the secret society of success
BOOK01427,The Art of the Tale,['Steven James and Tom Morrisey'],,[],,,,,,,,https://www.leadershipnow.com/leadershop/images/9781400233113.jpg,,False,True,2022.0,the art of the tale
BOOK01428,Leading through Disruption,['Andrew Liveris'],,[],,,,,,,,https://www.leadershipnow.com/leadershop/images/9781400233830.jpg,,False,True,2023.0,leading through disruption
BOOK01429,Come Up for Air,['Nick Sonnenberg'],,[],,,,,,,,https://www.leadershipnow.com/leadershop/images/9781400236725.jpg,,False,True,2023.0,come up for air
BOOK01430,Overcoming Impossible,['Robert Irvine'],,[],,,,,,,,https://www.leadershipnow.com/leadershop/images/9781400238330.jpg,,False,True,2023.0,overcoming impossible
BOOK01431,The Leader's Guide to Managing Risk,['K. Scott Griffith'],,[],,,,,,,,https://www.leadershipnow.com/leadershop/images/9781400243785.jpg,,False,True,2023.0,the leader's guide to managing risk
BOOK01432,The Ultimate Guide to Developing Leaders,['John C. Maxwell'],,[],,,,,,,,https://www.leadershipnow.com/leadershop/images/9781400246212.jpg,,False,True,2023.0,the ultimate guide to developing leaders
BOOK01433,The Hive Mind at Work,['Siobhan McHale'],,[],,,,,,,,https://www.leadershipnow.com/leadershop/images/9781400246229.jpg,,False,True,2024.0,the hive mind at work
BOOK01434,Powerful Phrases for Dealing with Workplace Conflict,['Karin Hurt and David Dye'],,[],,,,,,,,https://www.leadershipnow.com/leadershop/images/9781400246274.jpg,,False,True,2024.0,powerful phrases for dealing with workplace conflict
BOOK01435,Be the Unicorn,['William Vanderbloemen / Foreword by John C. Maxwell'],,[],,,,,,,,https://www.leadershipnow.com/leadershop/images/9781400247103.jpg,,False,True,2023.0,be the unicorn
BOOK01436,Building a StoryBrand 2.0,['Donald Miller'],,[],,,,,,,,https://www.leadershipnow.com/leadershop/images/9781400248872.jpg,,False,True,2025.0,building a storybrand 2.0
BOOK01437,Rethinking Work,['Rishad Tobaccowala'],,[],,,,,,,,https://www.leadershipnow.com/leadershop/images/9781400249305.jpg,,False,True,2025.0,rethinking work
BOOK01438,Darkhorse,['Amatangelo \x93AJ\x94 Pasciuti with Neil McGinness'],,[],,,,,,,,https://www.leadershipnow.com/leadershop/images/9781400254972.jpg,,False,True,2025.0,darkhorse
BOOK01439,The Future Begins with Z,['Tim Elmore'],,[],,,,,,,,https://www.leadershipnow.com/leadershop/images/9781400256044.jpg,,False,True,2025.0,the future begins with z
BOOK01440,The Perfect Story,['Karen Eber'],,[],,,,,,,,https://www.leadershipnow.com/leadershop/images/9781400333837.jpg,,False,True,2023.0,the perfect story
BOOK01441,"Think This, Not That",['Josh Axe'],,[],,,,,,,,https://www.leadershipnow.com/leadershop/images/9781400337842.jpg,,False,True,2024.0,"think this, not that"
BOOK01442,The Charismatic Leader,['John C. Maxwell'],,[],,,,,,,,https://www.leadershipnow.com/leadershop/images/9781400346929.jpg,,False,True,2025.0,the charismatic leader
BOOK01443,What's in It for Them?,['Joe Polish'],,[],,,,,,,,https://www.leadershipnow.com/leadershop/images/9781401960100.jpg,,False,True,2022.0,what's in it for them?
BOOK01444,Be Your Future Self Now,['Dr. Benjamin Hardy'],,[],,,,,,,,https://www.leadershipnow.com/leadershop/images/9781401967574.jpg,,False,True,2022.0,be your future self now
BOOK01445,The Science of Scaling,['Benjamin Hardy and Blake Erickson'],,[],,,,,,,,https://www.leadershipnow.com/leadershop/images/9781401967635.jpg,,False,True,2025.0,the science of scaling
BOOK01446,Be the Calm or Be the Storm,['Captain Sandy Yawn'],,[],,,,,,,,https://www.leadershipnow.com/leadershop/images/9781401967680.jpg,,False,True,2023.0,be the calm or be the storm
BOOK01447,Limitless Expanded Edition,['Jim Kwik'],,[],,,,,,,,https://www.leadershipnow.com/leadershop/images/9781401968717.jpg,,False,True,2023.0,limitless expanded edition
BOOK01448,10x Is Easier Than 2x,['Dan Sullivan with Dr. Benjamin Hardy'],,[],,,,,,,,https://www.leadershipnow.com/leadershop/images/9781401969950.jpg,,False,True,2023.0,10x is easier than 2x
BOOK01449,Gravitas,['Lisa Sun'],,[],,,,,,,,https://www.leadershipnow.com/leadershop/images/9781401972530.jpg,,False,True,2023.0,gravitas
BOOK01450,Protect Your Peace,['Trent Shelton'],,[],,,,,,,,https://www.leadershipnow.com/leadershop/images/9781401973162.jpg,,False,True,2024.0,protect your peace
BOOK01451,Success Is a Numbers Game,['Kyle Austin Young'],,[],,,,,,,,https://www.leadershipnow.com/leadershop/images/9781401975425.jpg,,False,True,2025.0,success is a numbers game
BOOK01452,Breaking Bias,['Anu Gupta'],,[],,,,,,,,https://www.leadershipnow.com/leadershop/images/9781401977313.jpg,,False,True,2024.0,breaking bias
BOOK01453,Intentionality,['Finnian Kelly'],,[],,,,,,,,https://www.leadershipnow.com/leadershop/images/9781401977542.jpg,,False,True,2024.0,intentionality
BOOK01454,7 Rules of Self-Reliance,['Maha Abouelenein'],,[],,,,,,,,https://www.leadershipnow.com/leadershop/images/9781401978662.jpg,,False,True,2024.0,7 rules of self-reliance
BOOK01455,Unicorn Team,['Jen Kem'],,[],,,,,,,,https://www.leadershipnow.com/leadershop/images/9781401980276.jpg,,False,True,2025.0,unicorn team
BOOK01456,12 Notes,['Quincy Jones'],,[],,,,,,,,https://www.leadershipnow.com/leadershop/images/9781419752568.jpg,,False,True,2022.0,12 notes
BOOK01457,Trust Matters More Than Ever,['David Horsager'],,[],,,,,,,,https://www.leadershipnow.com/leadershop/images/9781424568918.jpg,,False,True,2024.0,trust matters more than ever
BOOK01458,The Compass Within,['Robert Glazer'],,[],,,,,,,,https://www.leadershipnow.com/leadershop/images/9781464245190.jpg,,False,True,2025.0,the compass within
BOOK01459,Lying Numbers,['Hugh Barker'],,[],,,,,,,,https://www.leadershipnow.com/leadershop/images/9781472143617.jpg,,False,True,2022.0,lying numbers
BOOK01460,The Long View,['Richard Fisher'],,[],,,,,,,,https://www.leadershipnow.com/leadershop/images/9781472285218.jpg,,False,True,2023.0,the long view
BOOK01461,InCredible Communication,['Steven Lewis and Rebecca Weintraub'],,[],,,,,,,,https://www.leadershipnow.com/leadershop/images/9781472991720.jpg,,False,True,2022.0,incredible communication
BOOK01462,The Awareness Code,['Wayne Linton and Steve Tappin'],,[],,,,,,,,https://www.leadershipnow.com/leadershop/images/9781472992079.jpg,,False,True,2022.0,the awareness code
BOOK01463,How to Be a Founder,['Alice Bentinck and Matt Clifford'],,[],,,,,,,,https://www.leadershipnow.com/leadershop/images/9781472994349.jpg,,False,True,2022.0,how to be a founder
BOOK01464,Leadership in Star Trek,['Jason A. Kaufman and Aaron M. Peterson'],,[],,,,,,,,https://www.leadershipnow.com/leadershop/images/9781476690445.jpg,,False,True,2023.0,leadership in star trek
BOOK01465,Wanamaker's Temple,['Nicole C. Kirk'],,[],,,,,,,,https://www.leadershipnow.com/leadershop/images/9781479835935.jpg,,False,True,2023.0,wanamaker's temple
BOOK01466,Intentional Leadership,['Rose M. Patten'],,[],,,,,,,,https://www.leadershipnow.com/leadershop/images/9781487508876.jpg,,False,True,2023.0,intentional leadership
BOOK01467,The Trials of Harry S. Truman,['Jeffrey Frank'],,[],,,,,,,,https://www.leadershipnow.com/leadershop/images/9781501102899.jpg,,False,True,2022.0,the trials of harry s. truman
BOOK01468,How Countries Go Broke,['Ray Dalio'],,[],,,,,,,,https://www.leadershipnow.com/leadershop/images/9781501124068.jpg,,False,True,2025.0,how countries go broke
BOOK01469,The Founders,['Jimmy Soni'],,[],,,,,,,,https://www.leadershipnow.com/leadershop/images/9781501197260.jpg,,False,True,2022.0,the founders
BOOK01470,Chasing Automation,['Jerry Prout'],,[],,,,,,,,https://www.leadershipnow.com/leadershop/images/9781501763991.jpg,,False,True,2022.0,chasing automation
BOOK01471,Design Leadership Ignited,"['Eric Quint, Gerda Gemser and Giulia Calabretta']",,[],,,,,,,,https://www.leadershipnow.com/leadershop/images/9781503613966.jpg,,False,True,2022.0,design leadership ignited
BOOK01472,Unleash Your Complexity Genius,['Jennifer Garvey Berger and Carolyn Coughlin'],,[],,,,,,,,https://www.leadershipnow.com/leadershop/images/9781503630475.jpg,,False,True,2022.0,unleash your complexity genius
BOOK01473,Venture Meets Mission,"['Arun Gupta, Gerard George and Thomas Fewer']",,[],,,,,,,,https://www.leadershipnow.com/leadershop/images/9781503636286.jpg,,False,True,2024.0,venture meets mission
BOOK01474,Good Money Revolution,['Derrick Kinney'],,[],,,,,,,,https://www.leadershipnow.com/leadershop/images/9781510772915.jpg,,False,True,2022.0,good money revolution
BOOK01475,The Datapreneurs,['Bob Muglia with Steve Hamm'],,[],,,,,,,,https://www.leadershipnow.com/leadershop/images/9781510778412.jpg,,False,True,2023.0,the datapreneurs
BOOK01476,Startup Story,['Martin Warner'],,[],,,,,,,,https://www.leadershipnow.com/leadershop/images/9781510778788.jpg,,False,True,2023.0,startup story
BOOK01477,The Mentally Strong Leader,['Scott Mautz'],,[],,,,,,,,https://www.leadershipnow.com/leadershop/images/9781510780583.jpg,,False,True,2024.0,the mentally strong leader
BOOK01478,Flying for Peanuts,['Frank Lorenzo'],,[],,,,,,,,https://www.leadershipnow.com/leadershop/images/9781510781665.jpg,,False,True,2024.0,flying for peanuts
BOOK01479,Risks and Returns,['Wilbur Ross'],,[],,,,,,,,https://www.leadershipnow.com/leadershop/images/9781510781719.jpg,,False,True,2024.0,risks and returns
BOOK01480,The RevOps Advantage,"['Amy Osmond Cook, Ryan Westwood and Bala Balabaskaran']",,[],,,,,,,,https://www.leadershipnow.com/leadershop/images/9781510783683.jpg,,False,True,2025.0,the revops advantage
BOOK01481,Healthy Calling,['Arianna Molloy'],,[],,,,,,,,https://www.leadershipnow.com/leadershop/images/9781514008409.jpg,,False,True,2025.0,healthy calling
BOOK01482,Formed to Lead,['Jason Jensen'],,[],,,,,,,,https://www.leadershipnow.com/leadershop/images/9781514009901.jpg,,False,True,2025.0,formed to lead
BOOK01483,How Leaders Lose Their Way,['Peter Greer and Jill Heisey'],,[],,,,,,,,https://www.leadershipnow.com/leadershop/images/9781514013540.jpg,,False,True,2025.0,how leaders lose their way
BOOK01484,Understanding Organizations...Finally!,['Henry Mintzberg'],,[],,,,,,,,https://www.leadershipnow.com/leadershop/images/9781523000050.jpg,,False,True,2023.0,understanding organizations...finally!
BOOK01485,Building Better Organizations,['Claudy Jules'],,[],,,,,,,,https://www.leadershipnow.com/leadershop/images/9781523000449.jpg,,False,True,2022.0,building better organizations
BOOK01486,Simple Truths of Leadership,['Ken Blanchard and Randy Conley'],,[],,,,,,,,https://www.leadershipnow.com/leadershop/images/9781523000623.jpg,,False,True,2022.0,simple truths of leadership
BOOK01487,The Revelation Conversation,['Steve Curtin'],,[],,,,,,,,https://www.leadershipnow.com/leadershop/images/9781523000678.jpg,,False,True,2022.0,the revelation conversation
BOOK01488,From Conflict to Courage,['Marlene Chism'],,[],,,,,,,,https://www.leadershipnow.com/leadershop/images/9781523000722.jpg,,False,True,2022.0,from conflict to courage
BOOK01489,Reach,['Becky Robinson'],,[],,,,,,,,https://www.leadershipnow.com/leadershop/images/9781523000876.jpg,,False,True,2022.0,reach
BOOK01490,I Wish I'd Known This,['Brenda Wensil and Kathryn Heath'],,[],,,,,,,,https://www.leadershipnow.com/leadershop/images/9781523000975.jpg,,False,True,2022.0,i wish i'd known this
BOOK01491,Holding the Calm,['Hesha Abrams'],,[],,,,,,,,https://www.leadershipnow.com/leadershop/images/9781523001934.jpg,,False,True,2022.0,holding the calm
BOOK01492,Show the Value of What You Do,['Patricia Pulliam Phillips and Jack J. Phillips'],,[],,,,,,,,https://www.leadershipnow.com/leadershop/images/9781523002276.jpg,,False,True,2022.0,show the value of what you do
BOOK01493,The Human Side of Innovation,['Mauro Porcini'],,[],,,,,,,,https://www.leadershipnow.com/leadershop/images/9781523002887.jpg,,False,True,2022.0,the human side of innovation
BOOK01494,Communicate with Courage,['Michelle D. Gladieux'],,[],,,,,,,,https://www.leadershipnow.com/leadershop/images/9781523003129.jpg,,False,True,2022.0,communicate with courage
BOOK01495,Leadership Two Words at a Time,['Bill Treasurer'],,[],,,,,,,,https://www.leadershipnow.com/leadershop/images/9781523003174.jpg,,False,True,2022.0,leadership two words at a time
BOOK01496,The Art of Conscious Conversations,['Chuck Wisner'],,[],,,,,,,,https://www.leadershipnow.com/leadershop/images/9781523003266.jpg,,False,True,2022.0,the art of conscious conversations
BOOK01497,The Long-Distance Team,['Kevin Eikenberry and Wayne Turmel'],,[],,,,,,,,https://www.leadershipnow.com/leadershop/images/9781523003419.jpg,,False,True,2023.0,the long-distance team
BOOK01498,Office Shock,"['Bob Johansen, Joseph Press and Christine Bullen']",,[],,,,,,,,https://www.leadershipnow.com/leadershop/images/9781523003679.jpg,,False,True,2023.0,office shock
BOOK01499,Revolutionizing Business Operations,['Tony Saldanha and Filippo Passerini'],,[],,,,,,,,https://www.leadershipnow.com/leadershop/images/9781523003983.jpg,,False,True,2023.0,revolutionizing business operations
BOOK01500,Why Motivating People Doesn't Work...and What Does,['Susan Fowler'],,[],,,,,,,,https://www.leadershipnow.com/leadershop/images/9781523004126.jpg,,False,True,2023.0,why motivating people doesn't work...and what does
BOOK01501,Take Your Company Global,['Nataly Kelly'],,[],,,,,,,,https://www.leadershipnow.com/leadershop/images/9781523004430.jpg,,False,True,2023.0,take your company global
BOOK01502,Compassionate Accountability,['Nate Regier'],,[],,,,,,,,https://www.leadershipnow.com/leadershop/images/9781523004539.jpg,,False,True,2023.0,compassionate accountability
BOOK01503,Breakthrough Coaching,['Marcia Reynolds'],,[],,,,,,,,https://www.leadershipnow.com/leadershop/images/9781523004829.jpg,,False,True,2024.0,breakthrough coaching
BOOK01504,The Secret of Culture Change,"['Manoel Amorim, Jay B. Barney and Carlos Julio']",,[],,,,,,,,https://www.leadershipnow.com/leadershop/images/9781523004928.jpg,,False,True,2023.0,the secret of culture change
BOOK01505,The Heart of Innovation,"['Matt Chanoff, Merrick Furst, Daniel Sabbah and Mark Wegman']",,[],,,,,,,,https://www.leadershipnow.com/leadershop/images/9781523005703.jpg,,False,True,2023.0,the heart of innovation
BOOK01506,The Possible Self,['Maja Djikic'],,[],,,,,,,,https://www.leadershipnow.com/leadershop/images/9781523006014.jpg,,False,True,2024.0,the possible self
BOOK01507,Simple Truths of Leadership Playbook,"['Ken Blanchard, Randy Conley and Renee Broadwell']",,[],,,,,,,,https://www.leadershipnow.com/leadershop/images/9781523006113.jpg,,False,True,2023.0,simple truths of leadership playbook
BOOK01508,Head & Heart,['Kirstin Ferguson'],,[],,,,,,,,https://www.leadershipnow.com/leadershop/images/9781523006205.jpg,,False,True,2023.0,head & heart
BOOK01509,The Generous Leader,['Joe Davis'],,[],,,,,,,,https://www.leadershipnow.com/leadershop/images/9781523006618.jpg,,False,True,2024.0,the generous leader
BOOK01510,Thinking at the Speed of Bias,['Sara Taylor'],,[],,,,,,,,https://www.leadershipnow.com/leadershop/images/9781523006762.jpg,,False,True,2024.0,thinking at the speed of bias
BOOK01511,From Founder to Future,['John Abrams'],,[],,,,,,,,https://www.leadershipnow.com/leadershop/images/9781523006816.jpg,,False,True,2025.0,from founder to future
BOOK01512,"Human First, Leader Second",['Massimo Backus'],,[],,,,,,,,https://www.leadershipnow.com/leadershop/images/9781523007059.jpg,,False,True,2024.0,"human first, leader second"
BOOK01513,Fierce Resilience,['Edward Beltran / Foreword by Susan Scott'],,[],,,,,,,,https://www.leadershipnow.com/leadershop/images/9781523007141.jpg,,False,True,2024.0,fierce resilience
BOOK01514,Radical Listening,['Christian van Nieuwerburgh and Robert Biswas-Diener'],,[],,,,,,,,https://www.leadershipnow.com/leadershop/images/9781523007196.jpg,,False,True,2025.0,radical listening
BOOK01515,The Courage Gap,['Margie Warrell'],,[],,,,,,,,https://www.leadershipnow.com/leadershop/images/9781523007240.jpg,,False,True,2025.0,the courage gap
BOOK01516,"Change Your Questions, Change Your Life:",['Marilee Adams'],,[],,,,,,,,https://www.leadershipnow.com/leadershop/images/9781523091034.jpg,,False,True,2022.0,"change your questions, change your life:"
BOOK01517,"Change Your Questions, Change Your Life Workbook:",['Marilee Adams with Andrea F. Lipton'],,[],,,,,,,,https://www.leadershipnow.com/leadershop/images/9781523091201.jpg,,False,True,2022.0,"change your questions, change your life workbook:"
BOOK01518,Smart Brevity,"['Jim VandeHei, Mike Allen and Roy Schwartz']",,[],,,,,,,,https://www.leadershipnow.com/leadershop/images/9781523516971.jpg,,False,True,2022.0,smart brevity
BOOK01519,Champion Mindset,['Patrick Mouratoglou'],,[],,,,,,,,https://www.leadershipnow.com/leadershop/images/9781523527878.jpg,,False,True,2025.0,champion mindset
BOOK01520,The Strategists,"[""Phillips Payson O'Brien""]",,[],,,,,,,,https://www.leadershipnow.com/leadershop/images/9781524746483.jpg,,False,True,2024.0,the strategists
BOOK01521,Emotional,['Leonard Mlodinow'],,[],,,,,,,,https://www.leadershipnow.com/leadershop/images/9781524747596.jpg,,False,True,2022.0,emotional
BOOK01522,The View from Ninety,['Charles Handy'],,[],,,,,,,,https://www.leadershipnow.com/leadershop/images/9781529154801.jpg,,False,True,2025.0,the view from ninety
BOOK01523,Inside Out,['Charlie Unwin'],,[],,,,,,,,https://www.leadershipnow.com/leadershop/images/9781529369779.jpg,,False,True,2022.0,inside out
BOOK01524,The Brain-Friendly Workplace,['Friederike Fabritius'],,[],,,,,,,,https://www.leadershipnow.com/leadershop/images/9781538159538.jpg,,False,True,2022.0,the brain-friendly workplace
BOOK01525,Positive Communication for Leaders,['Julien C. Mirivel And Alexander Lyon'],,[],,,,,,,,https://www.leadershipnow.com/leadershop/images/9781538167618.jpg,,False,True,2023.0,positive communication for leaders
BOOK01526,Dancing with Disruption,['Linda Rossetti'],,[],,,,,,,,https://www.leadershipnow.com/leadershop/images/9781538169377.jpg,,False,True,2023.0,dancing with disruption
BOOK01527,The A-Ha! Method,['Gabe Zichermann'],,[],,,,,,,,https://www.leadershipnow.com/leadershop/images/9781538172216.jpg,,False,True,2023.0,the a-ha! method
BOOK01528,Emotion By Design,['Greg Hoffman'],,[],,,,,,,,https://www.leadershipnow.com/leadershop/images/9781538705599.jpg,,False,True,2022.0,emotion by design
BOOK01529,Becoming a Changemaker,['Alex Budak'],,[],,,,,,,,https://www.leadershipnow.com/leadershop/images/9781538707760.jpg,,False,True,2022.0,becoming a changemaker
BOOK01530,The Wisdom of the Bullfrog,['Admiral William H. McRaven'],,[],,,,,,,,https://www.leadershipnow.com/leadershop/images/9781538707944.jpg,,False,True,2023.0,the wisdom of the bullfrog
BOOK01531,Mastering Community,['Christine Porath'],,[],,,,,,,,https://www.leadershipnow.com/leadershop/images/9781538736869.jpg,,False,True,2022.0,mastering community
BOOK01532,Seek,['Scott Shigeoka'],,[],,,,,,,,https://www.leadershipnow.com/leadershop/images/9781538740804.jpg,,False,True,2023.0,seek
BOOK01533,Hope for Cynics,['Jamil Zaki'],,[],,,,,,,,https://www.leadershipnow.com/leadershop/images/9781538743065.jpg,,False,True,2024.0,hope for cynics
BOOK01534,Sideline CEO,['Marty Smith / Foreword by Tim Tebow'],,[],,,,,,,,https://www.leadershipnow.com/leadershop/images/9781538758380.jpg,,False,True,2023.0,sideline ceo
BOOK01535,Conquering Crisis,['Admiral William H. McRaven'],,[],,,,,,,,https://www.leadershipnow.com/leadershop/images/9781538771747.jpg,,False,True,2025.0,conquering crisis
BOOK01536,Leadership Not by the Book,['David Green with Bill High'],,[],,,,,,,,https://www.leadershipnow.com/leadershop/images/9781540902245.jpg,,False,True,2022.0,leadership not by the book
BOOK01537,For Profit,['William Magnuson'],,[],,,,,,,,https://www.leadershipnow.com/leadershop/images/9781541601567.jpg,,False,True,2023.0,for profit
BOOK01538,Nobody's Fool,['Daniel Simons and Christopher Chabris'],,[],,,,,,,,https://www.leadershipnow.com/leadershop/images/9781541602236.jpg,,False,True,2023.0,nobody's fool
BOOK01539,The Self Delusion,['Gregory Berns'],,[],,,,,,,,https://www.leadershipnow.com/leadershop/images/9781541602298.jpg,,False,True,2022.0,the self delusion
BOOK01540,How to Expect the Unexpected,['Kit Yates'],,[],,,,,,,,https://www.leadershipnow.com/leadershop/images/9781541604933.jpg,,False,True,2023.0,how to expect the unexpected
BOOK01541,The Quest for Character,['Massimo Pigliucci'],,[],,,,,,,,https://www.leadershipnow.com/leadershop/images/9781541646971.jpg,,False,True,2022.0,the quest for character
BOOK01542,Awaken Your Genius,['Ozan Varol'],,[],,,,,,,,https://www.leadershipnow.com/leadershop/images/9781541700369.jpg,,False,True,2023.0,awaken your genius
BOOK01543,For the Culture,['Marcus Collins'],,[],,,,,,,,https://www.leadershipnow.com/leadershop/images/9781541700963.jpg,,False,True,2023.0,for the culture
BOOK01544,The Crux,['Richard P. Rumelt'],,[],,,,,,,,https://www.leadershipnow.com/leadershop/images/9781541701243.jpg,,False,True,2022.0,the crux
BOOK01545,How to Beat a Broken Game,['Pedro Moura'],,[],,,,,,,,https://www.leadershipnow.com/leadershop/images/9781541701427.jpg,,False,True,2022.0,how to beat a broken game
BOOK01546,The Future Is Analog,['David Sax'],,[],,,,,,,,https://www.leadershipnow.com/leadershop/images/9781541701557.jpg,,False,True,2022.0,the future is analog
BOOK01547,The Tao of Alibaba,['Brian A Wong'],,[],,,,,,,,https://www.leadershipnow.com/leadershop/images/9781541701656.jpg,,False,True,2022.0,the tao of alibaba
BOOK01548,The Sound of the Future,['Tobias Dengel with Karl Weber'],,[],,,,,,,,https://www.leadershipnow.com/leadershop/images/9781541702363.jpg,,False,True,2023.0,the sound of the future
BOOK01549,Credible,['Amanda Goodall'],,[],,,,,,,,https://www.leadershipnow.com/leadershop/images/9781541702509.jpg,,False,True,2023.0,credible
BOOK01550,The Life Cycle of a CEO,['Claudius A Hildebrand and Robert J Stark'],,[],,,,,,,,https://www.leadershipnow.com/leadershop/images/9781541702820.jpg,,False,True,2024.0,the life cycle of a ceo
BOOK01551,A Leader's Destiny,['Elias Aboujaoude'],,[],,,,,,,,https://www.leadershipnow.com/leadershop/images/9781541703018.jpg,,False,True,2024.0,a leader's destiny
BOOK01552,The Creativity Choice,['Zorana Ivcevic Pringle'],,[],,,,,,,,https://www.leadershipnow.com/leadershop/images/9781541704329.jpg,,False,True,2025.0,the creativity choice
BOOK01553,Pattern Breakers,['Mike Maples Jr and Peter Ziebelman'],,[],,,,,,,,https://www.leadershipnow.com/leadershop/images/9781541704350B.jpg,,False,True,2024.0,pattern breakers
BOOK01554,Meaningful Work,['Wes Adams and Tamara Myles'],,[],,,,,,,,https://www.leadershipnow.com/leadershop/images/9781541704534.jpg,,False,True,2025.0,meaningful work
BOOK01555,There's Got to Be a Better Way,['Nelson P. Repenning and Donald C. Kieffer'],,[],,,,,,,,https://www.leadershipnow.com/leadershop/images/9781541704626.jpg,,False,True,2025.0,there's got to be a better way
BOOK01556,The Dark Pattern,['Guido Palazzo and Ulrich Hoffrage'],,[],,,,,,,,https://www.leadershipnow.com/leadershop/images/9781541705302.jpg,,False,True,2025.0,the dark pattern
BOOK01557,Manage Yourself to Lead Others,['Margaret C. Andrews'],,[],,,,,,,,https://www.leadershipnow.com/leadershop/images/9781541705685.jpg,,False,True,2025.0,manage yourself to lead others
BOOK01558,Why Managers Matter,['Nicolai J Foss and Peter G Klein'],,[],,,,,,,,https://www.leadershipnow.com/leadershop/images/9781541751040.jpg,,False,True,2022.0,why managers matter
BOOK01559,"Warriors, Rebels, and Saints",['Moshik Temkin'],,[],,,,,,,,https://www.leadershipnow.com/leadershop/images/9781541758476.jpg,,False,True,2023.0,"warriors, rebels, and saints"
BOOK01560,The Greatest Capitalist Who Ever Lived,['Ralph Watson McElvenny and Marc Wortman'],,[],,,,,,,,https://www.leadershipnow.com/leadershop/images/9781541768529.jpg,,False,True,2023.0,the greatest capitalist who ever lived
BOOK01561,You Can Be Yourself Here,['DDS Dobson-Smith'],,[],,,,,,,,https://www.leadershipnow.com/leadershop/images/9781544526546.jpg,,False,True,2022.0,you can be yourself here
BOOK01562,End Game First,['Mike Lefever and Roderick Jones'],,[],,,,,,,,https://www.leadershipnow.com/leadershop/images/9781544527567.jpg,,False,True,2023.0,end game first
BOOK01563,The Learn-It-All Leader,['Damon Lembi'],,[],,,,,,,,https://www.leadershipnow.com/leadershop/images/9781544541631.jpg,,False,True,2023.0,the learn-it-all leader
BOOK01564,Best Team Ever,['David Burkus'],,[],,,,,,,,https://www.leadershipnow.com/leadershop/images/9781544541747.jpg,,False,True,2023.0,best team ever
BOOK01565,Blindspots,['Ryan Sorley'],,[],,,,,,,,https://www.leadershipnow.com/leadershop/images/9781544547466.jpg,,False,True,2025.0,blindspots
BOOK01566,The Thinker's Edge,['John C. Maxwell'],,[],,,,,,,,https://www.leadershipnow.com/leadershop/images/9781546002482.jpg,,False,True,2022.0,the thinker's edge
BOOK01567,Trust,['Henry Cloud'],,[],,,,,,,,https://www.leadershipnow.com/leadershop/images/9781546003373.jpg,,False,True,2023.0,trust
BOOK01568,"Go Woke, Go Broke",['Charles Gasparino'],,[],,,,,,,,https://www.leadershipnow.com/leadershop/images/9781546007418.jpg,,False,True,2024.0,"go woke, go broke"
BOOK01569,Nobody Is Coming to Save You,['Scott Mann'],,[],,,,,,,,https://www.leadershipnow.com/leadershop/images/9781546008286.jpg,,False,True,2024.0,nobody is coming to save you
BOOK01570,The Relationship-Driven Leader,['Karen Bridbord'],,[],,,,,,,,https://www.leadershipnow.com/leadershop/images/9781572843509.jpg,,False,True,2025.0,the relationship-driven leader
BOOK01571,Proactive Problem Solving,['Doug Hall'],,[],,,,,,,,https://www.leadershipnow.com/leadershop/images/9781578600021.jpg,,False,True,2024.0,proactive problem solving
BOOK01572,Get Pay Right,['Kent Plunkett and Heather Bussing'],,[],,,,,,,,https://www.leadershipnow.com/leadershop/images/9781586446581.jpg,,False,True,2024.0,get pay right
BOOK01573,On the Edge,['Nate Silver'],,[],,,,,,,,https://www.leadershipnow.com/leadershop/images/9781594204128.jpg,,False,True,2024.0,on the edge
BOOK01574,Blind Spot,['Jon Clifton'],,[],,,,,,,,https://www.leadershipnow.com/leadershop/images/9781595622457.jpg,,False,True,2022.0,blind spot
BOOK01575,Culture Shock,['Jim Clifton and Jim Harter'],,[],,,,,,,,https://www.leadershipnow.com/leadershop/images/9781595622471.jpg,,False,True,2023.0,culture shock
BOOK01576,The Ravens,['Robert Kiyosaki and James Rickards'],,[],,,,,,,,https://www.leadershipnow.com/leadershop/images/9781612681009.jpg,,False,True,2022.0,the ravens
BOOK01577,Lead Well,['Paula Davis'],,[],,,,,,,,https://www.leadershipnow.com/leadershop/images/9781613631898.jpg,,False,True,2025.0,lead well
BOOK01578,In Praise of the Office,['Peter Cappelli and Ranya Nehmeh'],,[],,,,,,,,https://www.leadershipnow.com/leadershop/images/9781613631935.jpg,,False,True,2025.0,in praise of the office
BOOK01579,An Unplanned Life,['Franklin A. Thomas'],,[],,,,,,,,https://www.leadershipnow.com/leadershop/images/9781620977576.jpg,,False,True,2022.0,an unplanned life
BOOK01580,How to Hold Power,['Pavini Moray'],,[],,,,,,,,https://www.leadershipnow.com/leadershop/images/9781623179243.jpg,,False,True,2023.0,how to hold power
BOOK01581,The Transformation Factor,['J. Frank Harrison III'],,[],,,,,,,,https://www.leadershipnow.com/leadershop/images/9781626348448.jpg,,False,True,2022.0,the transformation factor
BOOK01582,Leading Lightly,['Jody Michael'],,[],,,,,,,,https://www.leadershipnow.com/leadershop/images/9781626348998.jpg,,False,True,2022.0,leading lightly
BOOK01583,Finding the Way,['Cap Treeger'],,[],,,,,,,,https://www.leadershipnow.com/leadershop/images/9781626349117.jpg,,False,True,2023.0,finding the way
BOOK01584,Elite and True,['James L. Barnhart'],,[],,,,,,,,https://www.leadershipnow.com/leadershop/images/9781626349681.jpg,,False,True,2022.0,elite and true
BOOK01585,All the War They Want,['Jeffrey J. Engle'],,[],,,,,,,,https://www.leadershipnow.com/leadershop/images/9781626349728.jpg,,False,True,2023.0,all the war they want
BOOK01586,Perpetual Transformation,['PMI Project Management Institute'],,[],,,,,,,,https://www.leadershipnow.com/leadershop/images/9781628257564.jpg,,False,True,2022.0,perpetual transformation
BOOK01587,The Peacemaker,['Ben Stein'],,[],,,,,,,,https://www.leadershipnow.com/leadershop/images/9781630062019.jpg,,False,True,2023.0,the peacemaker
BOOK01588,Becoming a Master Communicator,['Renée Marino'],,[],,,,,,,,https://www.leadershipnow.com/leadershop/images/9781631956003.jpg,,False,True,2022.0,becoming a master communicator
BOOK01589,Ignite a Shift,['Stephen McGarvey'],,[],,,,,,,,https://www.leadershipnow.com/leadershop/images/9781631958052.jpg,,False,True,2022.0,ignite a shift
BOOK01590,The Leader’s Toolbox,['Andre Young'],,[],,,,,,,,https://www.leadershipnow.com/leadershop/images/9781631959233.jpg,,False,True,2022.0,the leader’s toolbox
BOOK01591,Leading to Succeed,['Wagner Denuzzo'],,[],,,,,,,,https://www.leadershipnow.com/leadershop/images/9781632261427.jpg,,False,True,2024.0,leading to succeed
BOOK01592,The Decisive Manager,['Barbara Mitchell and Cornelia Gamlem'],,[],,,,,,,,https://www.leadershipnow.com/leadershop/images/9781632652010.jpg,,False,True,2023.0,the decisive manager
BOOK01593,How to Win Friends and Manage Remotely,['McKenna Sweazey'],,[],,,,,,,,https://www.leadershipnow.com/leadershop/images/9781632652027.jpg,,False,True,2022.0,how to win friends and manage remotely
BOOK01594,Lead Boldly,['Hugh Blane'],,[],,,,,,,,https://www.leadershipnow.com/leadershop/images/9781632652119.jpg,,False,True,2024.0,lead boldly
BOOK01595,The Trifecta of Trust,['Joseph R. Folkman'],,[],,,,,,,,https://www.leadershipnow.com/leadershop/images/9781632995285.jpg,,False,True,2022.0,the trifecta of trust
BOOK01596,The Leader's Playlist,['Susan Drumm'],,[],,,,,,,,https://www.leadershipnow.com/leadershop/images/9781632996015.jpg,,False,True,2022.0,the leader's playlist
BOOK01597,The Unicorn Within,['Linda K. Yates'],,[],,,,,,,,https://www.leadershipnow.com/leadershop/images/9781633698680.jpg,,False,True,2022.0,the unicorn within
BOOK01598,Stage (Not Age),['Susan Wilner Golden'],,[],,,,,,,,https://www.leadershipnow.com/leadershop/images/9781633699472.jpg,,False,True,2022.0,stage (not age)
BOOK01599,Nothing Is Random,['Matthew Kelly'],,[],,,,,,,,https://www.leadershipnow.com/leadershop/images/9781635822342.jpg,,False,True,2025.0,nothing is random
BOOK01600,Flawed Commanders and Strategy in the Battles for Italy,['Andrew Sangster and Pier Paolo Battistelli'],,[],,,,,,,,https://www.leadershipnow.com/leadershop/images/9781636243122.jpg,,False,True,2023.0,flawed commanders and strategy in the battles for italy
BOOK01601,Human Design For Business,['Jamie L. Palmer'],,[],,,,,,,,https://www.leadershipnow.com/leadershop/images/9781636981680.jpg,,False,True,2023.0,human design for business
BOOK01602,The Five Rules,['Stephen D. Black'],,[],,,,,,,,https://www.leadershipnow.com/leadershop/images/9781636982014.jpg,,False,True,2023.0,the five rules
BOOK01603,The Innovative Leader,"['Stephen Wunker, Jennifer Luo Law and Hari Nair']",,[],,,,,,,,https://www.leadershipnow.com/leadershop/images/9781636983080.jpg,,False,True,2024.0,the innovative leader
BOOK01604,Impact,['Keith V. Lucas'],,[],,,,,,,,https://www.leadershipnow.com/leadershop/images/9781636986555.jpg,,False,True,2025.0,impact
BOOK01605,One Move Makes All the Difference,['Martin R. Mendelson'],,[],,,,,,,,https://www.leadershipnow.com/leadershop/images/9781636987897.jpg,,False,True,2025.0,one move makes all the difference
BOOK01606,I Don’t Understand,['Buki Mosaku'],,[],,,,,,,,https://www.leadershipnow.com/leadershop/images/9781637424872.jpg,,False,True,2023.0,i don’t understand
BOOK01607,Lead With AI,['Amir Elkabir'],,[],,,,,,,,https://www.leadershipnow.com/leadershop/images/9781637425930.jpg,,False,True,2024.0,lead with ai
BOOK01608,Ignite All,['The Fusion Team'],,[],,,,,,,,https://www.leadershipnow.com/leadershop/images/9781637426142.jpg,,False,True,2024.0,ignite all
BOOK01609,The Open Culture Handbook,['Drew Jones'],,[],,,,,,,,https://www.leadershipnow.com/leadershop/images/9781637551172.jpg,,False,True,2023.0,the open culture handbook
BOOK01610,The Risk Paradox,['Alan Ying and Doug Schneider'],,[],,,,,,,,https://www.leadershipnow.com/leadershop/images/9781637551530.jpg,,False,True,2022.0,the risk paradox
BOOK01611,Lead and Let Live,['Barbie Brewer'],,[],,,,,,,,https://www.leadershipnow.com/leadershop/images/9781637554937.jpg,,False,True,2023.0,lead and let live
BOOK01612,Beyond High Performance,['Jason Jaggard'],,[],,,,,,,,https://www.leadershipnow.com/leadershop/images/9781637554968.jpg,,False,True,2023.0,beyond high performance
BOOK01613,Relationships at Work,['Rachel B. Simon'],,[],,,,,,,,https://www.leadershipnow.com/leadershop/images/9781637555378.jpg,,False,True,2023.0,relationships at work
BOOK01614,Prepare for Impact,['Ryan Estis and Chad Estis'],,[],,,,,,,,https://www.leadershipnow.com/leadershop/images/9781637556481.jpg,,False,True,2024.0,prepare for impact
BOOK01615,Mindstuck,['Michael McQueen'],,[],,,,,,,,https://www.leadershipnow.com/leadershop/images/9781637557396.jpg,,False,True,2023.0,mindstuck
BOOK01616,Becoming Coachable,"['Scott Osman, Jacquelyn Lane and Marshall Goldsmith']",,[],,,,,,,,https://www.leadershipnow.com/leadershop/images/9781637557686.jpg,,False,True,2023.0,becoming coachable
BOOK01617,Modern Achievement,['Asheesh Advani and Marshall Goldsmith'],,[],,,,,,,,https://www.leadershipnow.com/leadershop/images/9781637558256.jpg,,False,True,2024.0,modern achievement
BOOK01618,Resilience@Work,['Simon T. Bailey'],,[],,,,,,,,https://www.leadershipnow.com/leadershop/images/9781637559925.jpg,,False,True,2024.0,resilience@work
BOOK01619,Hunting Discomfort,['Sterling Hawkins'],,[],,,,,,,,https://www.leadershipnow.com/leadershop/images/9781637560143.jpg,,False,True,2022.0,hunting discomfort
BOOK01620,Leaders Leap,['Steve Dennis'],,[],,,,,,,,https://www.leadershipnow.com/leadershop/images/9781637560297.jpg,,False,True,2024.0,leaders leap
BOOK01621,Angels and Entrepreneurs,['Bob Schlegel'],,[],,,,,,,,https://www.leadershipnow.com/leadershop/images/9781637581513.jpg,,False,True,2022.0,angels and entrepreneurs
BOOK01622,No Red Lights,['Alan J. Patricof'],,[],,,,,,,,https://www.leadershipnow.com/leadershop/images/9781637582930.jpg,,False,True,2022.0,no red lights
BOOK01623,Stand Alone,['Sabrina Lloyd'],,[],,,,,,,,https://www.leadershipnow.com/leadershop/images/9781637582954.jpg,,False,True,2022.0,stand alone
BOOK01624,SLAY the Bully,['Rebecca Zung'],,[],,,,,,,,https://www.leadershipnow.com/leadershop/images/9781637586860.jpg,,False,True,2023.0,slay the bully
BOOK01625,How the Best Did It,['Talmage Boston'],,[],,,,,,,,https://www.leadershipnow.com/leadershop/images/9781637586976.jpg,,False,True,2025.0,how the best did it
BOOK01626,Grace Under Pressure,['John Baldoni'],,[],,,,,,,,https://www.leadershipnow.com/leadershop/images/9781637587560.jpg,,False,True,2023.0,grace under pressure
BOOK01627,Building Trust,['Darryl Stickel'],,[],,,,,,,,https://www.leadershipnow.com/leadershop/images/9781637630792.jpg,,False,True,2022.0,building trust
BOOK01628,Turning Small Talk into Big Talk,['Jan Janura'],,[],,,,,,,,https://www.leadershipnow.com/leadershop/images/9781637631195.jpg,,False,True,2023.0,turning small talk into big talk
BOOK01629,Generosity Wins,['Monte Wood and Nicole F. Roberts'],,[],,,,,,,,https://www.leadershipnow.com/leadershop/images/9781637631812.jpg,,False,True,2023.0,generosity wins
BOOK01630,The Perfect 10,['Dave Liniger with Laura Morton'],,[],,,,,,,,https://www.leadershipnow.com/leadershop/images/9781637631836.jpg,,False,True,2024.0,the perfect 10
BOOK01631,Aliveness Mindset,['Jack Craven'],,[],,,,,,,,https://www.leadershipnow.com/leadershop/images/9781637632611.jpg,,False,True,2024.0,aliveness mindset
BOOK01632,Awaken Your Potential,['Chad L. Reyes'],,[],,,,,,,,https://www.leadershipnow.com/leadershop/images/9781637632796.jpg,,False,True,2024.0,awaken your potential
BOOK01633,Fire in the Hole!,['Bob Parsons with Laura Morton'],,[],,,,,,,,https://www.leadershipnow.com/leadershop/images/9781637632987.jpg,,False,True,2024.0,fire in the hole!
BOOK01634,Aware,['Les Csorba'],,[],,,,,,,,https://www.leadershipnow.com/leadershop/images/9781637634585.jpg,,False,True,2025.0,aware
BOOK01635,The Public Relations Handbook,['Edited by Robert L. Dilenschneider'],,[],,,,,,,,https://www.leadershipnow.com/leadershop/images/9781637740613.jpg,,False,True,2022.0,the public relations handbook
BOOK01636,Straight Talk,['Rick Brandon'],,[],,,,,,,,https://www.leadershipnow.com/leadershop/images/9781637740651.jpg,,False,True,2022.0,straight talk
BOOK01637,The Art of Principled Entrepreneurship,['Andreas Widmer'],,[],,,,,,,,https://www.leadershipnow.com/leadershop/images/9781637740699.jpg,,False,True,2022.0,the art of principled entrepreneurship
BOOK01638,The Leadership Secrets of Nick Saban,['John Talty'],,[],,,,,,,,https://www.leadershipnow.com/leadershop/images/9781637740835.jpg,,False,True,2022.0,the leadership secrets of nick saban
BOOK01639,The New Roaring Twenties,['Paul Zane Pilzer'],,[],,,,,,,,https://www.leadershipnow.com/leadershop/images/9781637740972.jpg,,False,True,2023.0,the new roaring twenties
BOOK01640,No Point B,['Caleb Gardner'],,[],,,,,,,,https://www.leadershipnow.com/leadershop/images/9781637740996.jpg,,False,True,2022.0,no point b
BOOK01641,7 Rules of Power,['Jeffrey Pfeffer'],,[],,,,,,,,https://www.leadershipnow.com/leadershop/images/9781637741221.jpg,,False,True,2022.0,7 rules of power
BOOK01642,Unlock Your Potential,['Jeff Lerner'],,[],,,,,,,,https://www.leadershipnow.com/leadershop/images/9781637741740.jpg,,False,True,2022.0,unlock your potential
BOOK01643,There Is No Box,['Simon Cleveland and Marisa Cleveland'],,[],,,,,,,,https://www.leadershipnow.com/leadershop/images/9781637741948.jpg,,False,True,2022.0,there is no box
BOOK01644,"Fall in Love with the Problem, Not the Solution",['Uri Levine'],,[],,,,,,,,https://www.leadershipnow.com/leadershop/images/9781637741986.jpg,,False,True,2023.0,"fall in love with the problem, not the solution"
BOOK01645,Experiential Intelligence,['Soren Kaplan'],,[],,,,,,,,https://www.leadershipnow.com/leadershop/images/9781637742020.jpg,,False,True,2023.0,experiential intelligence
BOOK01646,Never Ride a Rollercoaster Upside Down,['Jeff Smulyan'],,[],,,,,,,,https://www.leadershipnow.com/leadershop/images/9781637742228.jpg,,False,True,2022.0,never ride a rollercoaster upside down
BOOK01647,Joy of Agility,['Joshua Kerievsky'],,[],,,,,,,,https://www.leadershipnow.com/leadershop/images/9781637742778.jpg,,False,True,2023.0,joy of agility
BOOK01648,Culture Rules,['Mark Miller'],,[],,,,,,,,https://www.leadershipnow.com/leadershop/images/9781637742877.jpg,,False,True,2023.0,culture rules
BOOK01649,"Farther, Faster, and Far Less Drama",['Janice Fraser and Jason Fraser'],,[],,,,,,,,https://www.leadershipnow.com/leadershop/images/9781637742891.jpg,,False,True,2023.0,"farther, faster, and far less drama"
BOOK01650,The Ultimate Guide to Power & Influence,['Robert L. Dilenschneider'],,[],,,,,,,,https://www.leadershipnow.com/leadershop/images/9781637742938.jpg,,False,True,2023.0,the ultimate guide to power & influence
BOOK01651,The 6 Types of Working Genius,['Patrick M. Lencioni'],,[],,,,,,,,https://www.leadershipnow.com/leadershop/images/9781637743294.jpg,,False,True,2022.0,the 6 types of working genius
BOOK01652,Mastering Uncertainty,['Matt Watkinson and Csaba Konkoly'],,[],,,,,,,,https://www.leadershipnow.com/leadershop/images/9781637743621.jpg,,False,True,2023.0,mastering uncertainty
BOOK01653,The 32 Principles,['Rener Gracie with Paul Volponi / Foreword by Jocko Willink'],,[],,,,,,,,https://www.leadershipnow.com/leadershop/images/9781637743669.jpg,,False,True,2023.0,the 32 principles
BOOK01654,The Vagrant,['Dan Rockwell and John David Mann'],,[],,,,,,,,https://www.leadershipnow.com/leadershop/images/9781637743706.jpg,,False,True,2023.0,the vagrant
BOOK01655,Fast Forward,['Wendy Leshgold and Lisa McCarthy'],,[],,,,,,,,https://www.leadershipnow.com/leadershop/images/9781637744000.jpg,,False,True,2023.0,fast forward
BOOK01656,Belonging Rules,['Brad Deutser'],,[],,,,,,,,https://www.leadershipnow.com/leadershop/images/9781637744024.jpg,,False,True,2023.0,belonging rules
BOOK01657,The Idea Is the Easy Part,['Brian Dovey'],,[],,,,,,,,https://www.leadershipnow.com/leadershop/images/9781637744048.jpg,,False,True,2023.0,the idea is the easy part
BOOK01658,Ask Like an Auctioneer,['Dia Bondi'],,[],,,,,,,,https://www.leadershipnow.com/leadershop/images/9781637744123.jpg,,False,True,2023.0,ask like an auctioneer
BOOK01659,Crossing the Desert,['Payam Zamani'],,[],,,,,,,,https://www.leadershipnow.com/leadershop/images/9781637744604.jpg,,False,True,2024.0,crossing the desert
BOOK01660,Uncommon Greatness,['Mark Miller'],,[],,,,,,,,https://www.leadershipnow.com/leadershop/images/9781637744703.jpg,,False,True,2024.0,uncommon greatness
BOOK01661,Irreplaceable,['Kevin Ervin Kelley'],,[],,,,,,,,https://www.leadershipnow.com/leadershop/images/9781637744741.jpg,,False,True,2024.0,irreplaceable
BOOK01662,Making Waves,['Lisa Lutoff-Perlo with Sarah McArthur'],,[],,,,,,,,https://www.leadershipnow.com/leadershop/images/9781637744802.jpg,,False,True,2024.0,making waves
BOOK01663,Unstoppable Mindset,['Alden Mills'],,[],,,,,,,,https://www.leadershipnow.com/leadershop/images/9781637744840.jpg,,False,True,2024.0,unstoppable mindset
BOOK01664,The Hacker Mindset,['Garrett Gee'],,[],,,,,,,,https://www.leadershipnow.com/leadershop/images/9781637744864.jpg,,False,True,2024.0,the hacker mindset
BOOK01665,Shine,['Gino Wickman and Rob Dube'],,[],,,,,,,,https://www.leadershipnow.com/leadershop/images/9781637745144.jpg,,False,True,2024.0,shine
BOOK01666,The Score That Matters,['Ryan Hawk and Brook Cupps'],,[],,,,,,,,https://www.leadershipnow.com/leadershop/images/9781637745236.jpg,,False,True,2024.0,the score that matters
BOOK01667,Becoming a Self-Reliant Leader,['Jan Rutherford and Jacquie Jordan'],,[],,,,,,,,https://www.leadershipnow.com/leadershop/images/9781637745595.jpg,,False,True,2024.0,becoming a self-reliant leader
BOOK01668,Elevate Your Excellence,['Dave Anderson'],,[],,,,,,,,https://www.leadershipnow.com/leadershop/images/9781637745618.jpg,,False,True,2024.0,elevate your excellence
BOOK01669,Rebel,['Graham Cochrane / Jon Gordon\x97Foreword'],,[],,,,,,,,https://www.leadershipnow.com/leadershop/images/9781637745656.jpg,,False,True,2024.0,rebel
BOOK01670,The Entrepreneurial Mindset Advantage,['Gary G. Schoeniger'],,[],,,,,,,,https://www.leadershipnow.com/leadershop/images/9781637745779.jpg,,False,True,2024.0,the entrepreneurial mindset advantage
BOOK01671,Go One More,['Nick Bare'],,[],,,,,,,,https://www.leadershipnow.com/leadershop/images/9781637746219.jpg,,False,True,2025.0,go one more
BOOK01672,Perseverance > Endurance,['Blayne Smith and Brandon Young'],,[],,,,,,,,https://www.leadershipnow.com/leadershop/images/9781637746271.jpg,,False,True,2025.0,perseverance > endurance
BOOK01673,Leading Giants,['Dave Durand'],,[],,,,,,,,https://www.leadershipnow.com/leadershop/images/9781637746332.jpg,,False,True,2025.0,leading giants
BOOK01674,Detach,['Bob Rosen'],,[],,,,,,,,https://www.leadershipnow.com/leadershop/images/9781637746455.jpg,,False,True,2025.0,detach
BOOK01675,All Business Is Personal,['Joseph A. Michelli'],,[],,,,,,,,https://www.leadershipnow.com/leadershop/images/9781637746769.jpg,,False,True,2025.0,all business is personal
BOOK01676,Reinventing the Leader,['Gui Loureiro and Carlos E. Marin'],,[],,,,,,,,https://www.leadershipnow.com/leadershop/images/9781637746806.jpg,,False,True,2025.0,reinventing the leader
BOOK01677,Time to Get Real,['Julie Wainwright'],,[],,,,,,,,https://www.leadershipnow.com/leadershop/images/9781637746868.jpg,,False,True,2025.0,time to get real
BOOK01678,"Founders, Keepers",['Richard Hagberg and Tien Tzuo with Gabe Weisert'],,[],,,,,,,,https://www.leadershipnow.com/leadershop/images/9781637746905.jpg,,False,True,2025.0,"founders, keepers"
BOOK01679,Unruly,['Lauren Wittenberg Weiner - Foreword by General Stanley McChrystal'],,[],,,,,,,,https://www.leadershipnow.com/leadershop/images/9781637746967.jpg,,False,True,2025.0,unruly
BOOK01680,Lead Every Day,['Mark Miller and Randy Gravitt'],,[],,,,,,,,https://www.leadershipnow.com/leadershop/images/9781637747278.jpg,,False,True,2025.0,lead every day
BOOK01681,The Transformation Principles,['Hemant Taneja with Kevin Maney'],,[],,,,,,,,https://www.leadershipnow.com/leadershop/images/9781637747353.jpg,,False,True,2025.0,the transformation principles
BOOK01682,"Small Moves, Big Life",['Andrea Leigh Rogers'],,[],,,,,,,,https://www.leadershipnow.com/leadershop/images/9781637747452.jpg,,False,True,2025.0,"small moves, big life"
BOOK01683,You to the Power of Two,['Joseph Bradley and Don Tapscott'],,[],,,,,,,,https://www.leadershipnow.com/leadershop/images/9781637747841.jpg,,False,True,2025.0,you to the power of two
BOOK01684,Building Corporate Soul,['Ralf Specht'],,[],,,,,,,,https://www.leadershipnow.com/leadershop/images/9781639080021.jpg,,False,True,2022.0,building corporate soul
BOOK01685,The Double Bottom Line,['Donato Tramuto and Tami Booth Corwin'],,[],,,,,,,,https://www.leadershipnow.com/leadershop/images/9781639080045.jpg,,False,True,2022.0,the double bottom line
BOOK01686,The Culture Climb,['Jaime Taets with Chelsey Paulson'],,[],,,,,,,,https://www.leadershipnow.com/leadershop/images/9781639080328.jpg,,False,True,2023.0,the culture climb
BOOK01687,Don't Lead Alone,['Cleveland Justis and Daniel Student'],,[],,,,,,,,https://www.leadershipnow.com/leadershop/images/9781639080403.jpg,,False,True,2023.0,don't lead alone
BOOK01688,The Growth Leader,['Scott K. Edinger'],,[],,,,,,,,https://www.leadershipnow.com/leadershop/images/9781639080472.jpg,,False,True,2023.0,the growth leader
BOOK01689,A Hidden Force,['Ed Thompson'],,[],,,,,,,,https://www.leadershipnow.com/leadershop/images/9781639080588.jpg,,False,True,2023.0,a hidden force
BOOK01690,Delivering the Wow,['Richard Fain'],,[],,,,,,,,https://www.leadershipnow.com/leadershop/images/9781639081592.jpg,,False,True,2025.0,delivering the wow
BOOK01691,Founded,['Melissa Kaufman and Mike Raab'],,[],,,,,,,,https://www.leadershipnow.com/leadershop/images/9781639090075.jpg,,False,True,2022.0,founded
BOOK01692,Grow,['Michael McFall'],,[],,,,,,,,https://www.leadershipnow.com/leadershop/images/9781639090105.jpg,,False,True,2023.0,grow
BOOK01693,When Grit Is Not Enough,['Dean Guida'],,[],,,,,,,,https://www.leadershipnow.com/leadershop/images/9781639090259.jpg,,False,True,2024.0,when grit is not enough
BOOK01694,Brand ON!,['Brandon Coleman Jr'],,[],,,,,,,,https://www.leadershipnow.com/leadershop/images/9781639090518.jpg,,False,True,2025.0,brand on!
BOOK01695,Running the Gauntlet,['Meg Thomas Crosby and Howard Cleveland'],,[],,,,,,,,https://www.leadershipnow.com/leadershop/images/9781639090563.jpg,,False,True,2025.0,running the gauntlet
BOOK01696,The Power of Culture,['Laura Hamill'],,[],,,,,,,,https://www.leadershipnow.com/leadershop/images/9781639367283.jpg,,False,True,2024.0,the power of culture
BOOK01697,50 Ideas that Changed the World of Work,['Jeremy Kourdi and Jonathan Besser'],,[],,,,,,,,https://www.leadershipnow.com/leadershop/images/9781639368495.jpg,,False,True,2025.0,50 ideas that changed the world of work
BOOK01698,Habits of a Peacemaker,['Steven T. Collis'],,[],,,,,,,,https://www.leadershipnow.com/leadershop/images/9781639932979.jpg,,False,True,2024.0,habits of a peacemaker
BOOK01699,A Failure of Nerve in 52 Weeks,['Edwin H. Friedman'],,[],,,,,,,,https://www.leadershipnow.com/leadershop/images/9781640656529.jpg,,False,True,2023.0,a failure of nerve in 52 weeks
BOOK01700,Momentum,['Sam Silverstein'],,[],,,,,,,,https://www.leadershipnow.com/leadershop/images/9781640955523.jpg,,False,True,2024.0,momentum
BOOK01701,"Mentally Fit, Powerfully Resilient, Competitively Strong",['Meridith Elliott Powell'],,[],,,,,,,,https://www.leadershipnow.com/leadershop/images/9781640955561.jpg,,False,True,2024.0,"mentally fit, powerfully resilient, competitively strong"
BOOK01702,Winning for Life,['Denis Waitley'],,[],,,,,,,,https://www.leadershipnow.com/leadershop/images/9781640955677.jpg,,False,True,2024.0,winning for life
BOOK01703,Be Astonishing,['Sam Silverstein and Allison Silverstein'],,[],,,,,,,,https://www.leadershipnow.com/leadershop/images/9781640955837.jpg,,False,True,2025.0,be astonishing
BOOK01704,Positive Influence,['Brian Smith and Mary Griffin'],,[],,,,,,,,https://www.leadershipnow.com/leadershop/images/9781641467629.jpg,,False,True,2023.0,positive influence
BOOK01705,The Seven Tensions of Negotiation,['Cash Nickerson'],,[],,,,,,,,https://www.leadershipnow.com/leadershop/images/9781641468947.jpg,,False,True,2024.0,the seven tensions of negotiation
BOOK01706,Winning Through Failure,['C. Robert Banovac'],,[],,,,,,,,https://www.leadershipnow.com/leadershop/images/9781641469029.jpg,,False,True,2024.0,winning through failure
BOOK01707,Stop the Shift Show,['Scott Greenberg'],,[],,,,,,,,https://www.leadershipnow.com/leadershop/images/9781642011623.jpg,,False,True,2024.0,stop the shift show
BOOK01708,Extreme Balance,"['Joe De Sena, Ben Askren and David Sacks']",,[],,,,,,,,https://www.leadershipnow.com/leadershop/images/9781642011777.jpg,,False,True,2024.0,extreme balance
BOOK01709,The Seismic Shift In Leadership,['Michelle K. Johnston PhD'],,[],,,,,,,,https://www.leadershipnow.com/leadershop/images/9781642251425.jpg,,False,True,2022.0,the seismic shift in leadership
BOOK01710,Your Time With The Baton,['Steve Braverman'],,[],,,,,,,,https://www.leadershipnow.com/leadershop/images/9781642254136.jpg,,False,True,2023.0,your time with the baton
BOOK01711,From Welfare To CEO,['Korena Keys'],,[],,,,,,,,https://www.leadershipnow.com/leadershop/images/9781642255942.jpg,,False,True,2024.0,from welfare to ceo
BOOK01712,The Farmer’s Code,['Mike C. Young'],,[],,,,,,,,https://www.leadershipnow.com/leadershop/images/9781642256635.jpg,,False,True,2024.0,the farmer’s code
BOOK01713,Leading for Impact,['Jennifer Schielke'],,[],,,,,,,,https://www.leadershipnow.com/leadershop/images/9781642257625.jpg,,False,True,2024.0,leading for impact
BOOK01714,Upheaval,['Paul Hiltz and Amanda Lucey'],,[],,,,,,,,https://www.leadershipnow.com/leadershop/images/9781642257861.jpg,,False,True,2024.0,upheaval
BOOK01715,The Goodwill Jar,['Nick O. Rowe'],,[],,,,,,,,https://www.leadershipnow.com/leadershop/images/9781642258561.jpg,,False,True,2024.0,the goodwill jar
BOOK01716,From Tension to Transformation,['Janet M. Harvey'],,[],,,,,,,,https://www.leadershipnow.com/leadershop/images/9781642259186.jpg,,False,True,2024.0,from tension to transformation
BOOK01717,Leadership Shock,['Pete Steinberg'],,[],,,,,,,,https://www.leadershipnow.com/leadershop/images/9781642259377.jpg,,False,True,2024.0,leadership shock
BOOK01718,"Dark, Dirty, Dangerous",['Karla Trotman'],,[],,,,,,,,https://www.leadershipnow.com/leadershop/images/9781642259902.jpg,,False,True,2024.0,"dark, dirty, dangerous"
BOOK01719,Change,"['Curtis Bateman, Marche Pleshette, Andy Cindrich and Christi Phillips']",,[],,,,,,,,https://www.leadershipnow.com/leadershop/images/9781642507946.jpg,,False,True,2023.0,change
BOOK01720,Shackleton,['Ranulph Fiennes'],,[],,,,,,,,https://www.leadershipnow.com/leadershop/images/9781643138794.jpg,,False,True,2022.0,shackleton
BOOK01721,Your Year of Wonders,['Nick Tasler'],,[],,,,,,,,https://www.leadershipnow.com/leadershop/images/9781643435466.jpg,,False,True,2025.0,your year of wonders
BOOK01722,The Gift of Lift,['David R York'],,[],,,,,,,,https://www.leadershipnow.com/leadershop/images/9781646636617.jpg,,False,True,2022.0,the gift of lift
BOOK01723,Take Charge of You,['David Novak and Jason Goldsmith'],,[],,,,,,,,https://www.leadershipnow.com/leadershop/images/9781646870615.jpg,,False,True,2022.0,take charge of you
BOOK01724,Talent,['Ram Charan and Anish Batlaw'],,[],,,,,,,,https://www.leadershipnow.com/leadershop/images/9781646870776.jpg,,False,True,2022.0,talent
BOOK01725,Irresistible,['Josh Bersin'],,[],,,,,,,,https://www.leadershipnow.com/leadershop/images/9781646871100.jpg,,False,True,2022.0,irresistible
BOOK01726,Leading Through Inflation,['Ram Charan and Geri Willigan'],,[],,,,,,,,https://www.leadershipnow.com/leadershop/images/9781646871216.jpg,,False,True,2022.0,leading through inflation
BOOK01727,Wonderhell,['Laura Gassner Otting'],,[],,,,,,,,https://www.leadershipnow.com/leadershop/images/9781646871223.jpg,,False,True,2023.0,wonderhell
BOOK01728,The Power of Conscious Connection,['Talia Fox'],,[],,,,,,,,https://www.leadershipnow.com/leadershop/images/9781646871353.jpg,,False,True,2023.0,the power of conscious connection
BOOK01729,Going on Offense,['Behnam Tabrizi'],,[],,,,,,,,https://www.leadershipnow.com/leadershop/images/9781646871377.jpg,,False,True,2023.0,going on offense
BOOK01730,The Illusion of Innovation,['Elliott Parker'],,[],,,,,,,,https://www.leadershipnow.com/leadershop/images/9781646871544.jpg,,False,True,2024.0,the illusion of innovation
BOOK01731,Non-Obvious Thinking,['Rohit Bhargava and Ben duPont'],,[],,,,,,,,https://www.leadershipnow.com/leadershop/images/9781646871612.jpg,,False,True,2024.0,non-obvious thinking
BOOK01732,Unlimited Heart,['Jim Kaveney'],,[],,,,,,,,https://www.leadershipnow.com/leadershop/images/9781646871728.jpg,,False,True,2024.0,unlimited heart
BOOK01733,Beyond Eureka!,['Marylene Delbourg-Delphis'],,[],,,,,,,,https://www.leadershipnow.com/leadershop/images/9781647124229.jpg,,False,True,2024.0,beyond eureka!
BOOK01734,The Arts of Leading,['Editied by Edward Brooks and Michael Lamb'],,[],,,,,,,,https://www.leadershipnow.com/leadershop/images/9781647124830.jpg,,False,True,2024.0,the arts of leading
BOOK01735,The Flexibility Paradigm,['Manar Sweillam Morales'],,[],,,,,,,,https://www.leadershipnow.com/leadershop/images/9781647125301.jpg,,False,True,2025.0,the flexibility paradigm
BOOK01736,Resilience That Works,"['Marian N Ruderman, Cathleen Clerkin and Katya C Fernande']",,[],,,,,,,,https://www.leadershipnow.com/leadershop/images/9781647610159.jpg,,False,True,2022.0,resilience that works
BOOK01737,The Digital Mindset,['Paul Leonardi and Tsedal Neeley'],,[],,,,,,,,https://www.leadershipnow.com/leadershop/images/9781647820107.jpg,,False,True,2022.0,the digital mindset
BOOK01738,The Synergy Solution,['Mark Sirower and Jeff Weirens'],,[],,,,,,,,https://www.leadershipnow.com/leadershop/images/9781647820428.jpg,,False,True,2022.0,the synergy solution
BOOK01739,"I, Human",['David Hollander'],,[],,,,,,,,https://www.leadershipnow.com/leadershop/images/9781647820558.jpg,,False,True,2023.0,"i, human"
BOOK01740,Compassionate Leadership,['Rasmus Hougaard and Jacqueline Carter with Marissa Afton and Moses Mohan'],,[],,,,,,,,https://www.leadershipnow.com/leadershop/images/9781647820732.jpg,,False,True,2022.0,compassionate leadership
BOOK01741,Both/And Thinking,['Wendy Smith and Marianne Lewis'],,[],,,,,,,,https://www.leadershipnow.com/leadershop/images/9781647821043.jpg,,False,True,2022.0,both/and thinking
BOOK01742,Getting Along,['Amy Gallo'],,[],,,,,,,,https://www.leadershipnow.com/leadershop/images/9781647821067.jpg,,False,True,2022.0,getting along
BOOK01743,Radically Human,['Paul Daugherty and H. James Wilson'],,[],,,,,,,,https://www.leadershipnow.com/leadershop/images/9781647821081.jpg,,False,True,2022.0,radically human
BOOK01744,Smart Growth,['Whitney Johnson'],,[],,,,,,,,https://www.leadershipnow.com/leadershop/images/9781647821159.jpg,,False,True,2022.0,smart growth
BOOK01745,Love + Work,['Marcus Buckingham'],,[],,,,,,,,https://www.leadershipnow.com/leadershop/images/9781647821234.jpg,,False,True,2022.0,love + work
BOOK01746,The Necessary Journey,['Ella F. Washington'],,[],,,,,,,,https://www.leadershipnow.com/leadershop/images/9781647821289.jpg,,False,True,2022.0,the necessary journey
BOOK01747,Beyond Disruption,['W. Chan Kim and Renée A. Mauborgne'],,[],,,,,,,,https://www.leadershipnow.com/leadershop/images/9781647821326.jpg,,False,True,2023.0,beyond disruption
BOOK01748,Results,['Charlie Baker and Steve Kadish'],,[],,,,,,,,https://www.leadershipnow.com/leadershop/images/9781647821807.jpg,,False,True,2022.0,results
BOOK01749,Competing in the New World of Work,"['Keith Ferrazzi, Kian Gohar and Noel Weyrich']",,[],,,,,,,,https://www.leadershipnow.com/leadershop/images/9781647821951.jpg,,False,True,2022.0,competing in the new world of work
BOOK01750,Beyond Digital,['Paul Leinwand and Mahadeva Matt Mani'],,[],,,,,,,,https://www.leadershipnow.com/leadershop/images/9781647822323.jpg,,False,True,2022.0,beyond digital
BOOK01751,The Anxious Achiever,['Morra Aarons-Mele'],,[],,,,,,,,https://www.leadershipnow.com/leadershop/images/9781647822538.jpg,,False,True,2023.0,the anxious achiever
BOOK01752,Smarter Collaboration,['Heidi K. Gardner and Ivan A. Matviak'],,[],,,,,,,,https://www.leadershipnow.com/leadershop/images/9781647822743.jpg,,False,True,2022.0,smarter collaboration
BOOK01753,Ethical Machines,['Reid Blackman'],,[],,,,,,,,https://www.leadershipnow.com/leadershop/images/9781647822811.jpg,,False,True,2022.0,ethical machines
BOOK01754,Move Fast and Fix Things,['Frances Frei and Anne Morriss'],,[],,,,,,,,https://www.leadershipnow.com/leadershop/images/9781647822873.jpg,,False,True,2023.0,move fast and fix things
BOOK01755,The Upside of Uncertainty,['Nathan Furr and Susannah Harmon Furr'],,[],,,,,,,,https://www.leadershipnow.com/leadershop/images/9781647823016.jpg,,False,True,2022.0,the upside of uncertainty
BOOK01756,Good Power,['Ginni Rometty'],,[],,,,,,,,https://www.leadershipnow.com/leadershop/images/9781647823221.jpg,,False,True,2023.0,good power
BOOK01757,HBR at 100,['Harvard Business Review'],,[],,,,,,,,https://www.leadershipnow.com/leadershop/images/9781647823412.jpg,,False,True,2022.0,hbr at 100
BOOK01758,Higher Ground,['Alison Taylor'],,[],,,,,,,,https://www.leadershipnow.com/leadershop/images/9781647823436.jpg,,False,True,2024.0,higher ground
BOOK01759,Energy Rising,['Julia DiGangi'],,[],,,,,,,,https://www.leadershipnow.com/leadershop/images/9781647823450.jpg,,False,True,2023.0,energy rising
BOOK01760,A New Way to Think,['Roger L. Martin'],,[],,,,,,,,https://www.leadershipnow.com/leadershop/images/9781647823511.jpg,,False,True,2022.0,a new way to think
BOOK01761,Open Talent,['John Winsor and Jin H. Paik'],,[],,,,,,,,https://www.leadershipnow.com/leadershop/images/9781647823887.jpg,,False,True,2024.0,open talent
BOOK01762,Real-Time Leadership,['David Noble and Carol Kauffman'],,[],,,,,,,,https://www.leadershipnow.com/leadershop/images/9781647823931.jpg,,False,True,2023.0,real-time leadership
BOOK01763,Breaking Through,['Sally Susman'],,[],,,,,,,,https://www.leadershipnow.com/leadershop/images/9781647823955.jpg,,False,True,2023.0,breaking through
BOOK01764,The Microstress Effect,['Rob Cross and Karen Dillon'],,[],,,,,,,,https://www.leadershipnow.com/leadershop/images/9781647823979.jpg,,False,True,2023.0,the microstress effect
BOOK01765,The Case for Good Jobs,['Zeynep Ton'],,[],,,,,,,,https://www.leadershipnow.com/leadershop/images/9781647824174.jpg,,False,True,2023.0,the case for good jobs
BOOK01766,Power and Prediction,"['Ajay Agrawal, Joshua Gans and Avi Goldfarb']",,[],,,,,,,,https://www.leadershipnow.com/leadershop/images/9781647824198.jpg,,False,True,2022.0,power and prediction
BOOK01767,All-in On AI,['Tom Davenport and Nitin Mittal'],,[],,,,,,,,https://www.leadershipnow.com/leadershop/images/9781647824693.jpg,,False,True,2023.0,all-in on ai
BOOK01768,The World Is Your Office,['Prithwiraj Choudhury'],,[],,,,,,,,https://www.leadershipnow.com/leadershop/images/9781647824716.jpg,,False,True,2025.0,the world is your office
BOOK01769,Power to the Middle,"['Bill Schaninger, Bryan Hancock and Emily Field']",,[],,,,,,,,https://www.leadershipnow.com/leadershop/images/9781647824853.jpg,,False,True,2023.0,power to the middle
BOOK01770,The Emotionally Intelligent Team,['Vanessa Urch Druskat'],,[],,,,,,,,https://www.leadershipnow.com/leadershop/images/9781647824877.jpg,,False,True,2025.0,the emotionally intelligent team
BOOK01771,The Leap to Leader,['Adam Bryant'],,[],,,,,,,,https://www.leadershipnow.com/leadershop/images/9781647824891.jpg,,False,True,2023.0,the leap to leader
BOOK01772,Never Not Working,['Malissa Clark'],,[],,,,,,,,https://www.leadershipnow.com/leadershop/images/9781647825096.jpg,,False,True,2024.0,never not working
BOOK01773,Bridgebuilders,['William D. Eggers and Donald F. Kettl'],,[],,,,,,,,https://www.leadershipnow.com/leadershop/images/9781647825119.jpg,,False,True,2023.0,bridgebuilders
BOOK01774,Know What Matters,['Ron Shaich'],,[],,,,,,,,https://www.leadershipnow.com/leadershop/images/9781647825591.jpg,,False,True,2023.0,know what matters
BOOK01775,Smart Rivals,['Feng Zhu and Bonnie Yining Cao'],,[],,,,,,,,https://www.leadershipnow.com/leadershop/images/9781647826048.jpg,,False,True,2024.0,smart rivals
BOOK01776,Why Are We Here?,['Jennifer Moss'],,[],,,,,,,,https://www.leadershipnow.com/leadershop/images/9781647826130.jpg,,False,True,2025.0,why are we here?
BOOK01777,The AI-Savvy Leader,['David De Cremer'],,[],,,,,,,,https://www.leadershipnow.com/leadershop/images/9781647826239.jpg,,False,True,2024.0,the ai-savvy leader
BOOK01778,The Age of Outrage,['Karthik Ramanna'],,[],,,,,,,,https://www.leadershipnow.com/leadershop/images/9781647826291.jpg,,False,True,2024.0,the age of outrage
BOOK01779,Mindmasters,['Sandra Matz'],,[],,,,,,,,https://www.leadershipnow.com/leadershop/images/9781647826314.jpg,,False,True,2025.0,mindmasters
BOOK01780,Employment Is Dead,['Deborah Perry Piscione and Josh Drean'],,[],,,,,,,,https://www.leadershipnow.com/leadershop/images/9781647826420.jpg,,False,True,2025.0,employment is dead
BOOK01781,The Harvard Business Review Sales Management Handbook,"['Prabhakant Sinha, Arun Shastri and Sally E. Lorimer']",,[],,,,,,,,https://www.leadershipnow.com/leadershop/images/9781647826802.jpg,,False,True,2024.0,the harvard business review sales management handbook
BOOK01782,"Bosses, Coworkers, and Building Great Work Relationships",['Harvard Business Review'],,[],,,,,,,,https://www.leadershipnow.com/leadershop/images/9781647827137.jpg,,False,True,2024.0,"bosses, coworkers, and building great work relationships"
BOOK01783,Triple Fit Strategy,['Christoph Senn and Mehak Gandhi'],,[],,,,,,,,https://www.leadershipnow.com/leadershop/images/9781647827144.jpg,,False,True,2024.0,triple fit strategy
BOOK01784,Leadership Unblocked,['Muriel M. Wilkins'],,[],,,,,,,,https://www.leadershipnow.com/leadershop/images/9781647827267.jpg,,False,True,2025.0,leadership unblocked
BOOK01785,How Leaders Learn,['David Novak with Lari Bishop'],,[],,,,,,,,https://www.leadershipnow.com/leadershop/images/9781647827540.jpg,,False,True,2024.0,how leaders learn
BOOK01786,Leading Through,"['Kim B. Clark, Jonathan R. Clark and Erin E. Clark']",,[],,,,,,,,https://www.leadershipnow.com/leadershop/images/9781647827618.jpg,,False,True,2024.0,leading through
BOOK01787,The Growth Dilemma,['Annie Wilson and Ryan Hamilton'],,[],,,,,,,,https://www.leadershipnow.com/leadershop/images/9781647829735.jpg,,False,True,2025.0,the growth dilemma
BOOK01788,G.O.A.T. Wisdom,['Dr. Brent Ridge and Josh Kilmer-Purcell'],,[],,,,,,,,https://www.leadershipnow.com/leadershop/images/9781647829773.jpg,,False,True,2025.0,g.o.a.t. wisdom
BOOK01789,HBR Daily Leader,['Harvard Business Review'],,[],,,,,,,,https://www.leadershipnow.com/leadershop/images/9781647829797.jpg,,False,True,2024.0,hbr daily leader
BOOK01790,Don't Be Yourself,['Tomas Chamorro-Premuzic'],,[],,,,,,,,https://www.leadershipnow.com/leadershop/images/9781647829834.jpg,,False,True,2025.0,don't be yourself
BOOK01791,Rebooting Tech Culture,['Telle Whitney'],,[],,,,,,,,https://www.leadershipnow.com/leadershop/images/9781647829858.jpg,,False,True,2025.0,rebooting tech culture
BOOK01792,Where Leadership Begins,['Dan Freschi'],,[],,,,,,,,https://www.leadershipnow.com/leadershop/images/9781657351241.jpg,,False,True,2023.0,where leadership begins
BOOK01793,Mighty,['Brian Dodd'],,[],,,,,,,,https://www.leadershipnow.com/leadershop/images/9781662869495.jpg,,False,True,2023.0,mighty
BOOK01794,Stay Sane in an Insane World,['Greg Harden'],,[],,,,,,,,https://www.leadershipnow.com/leadershop/images/9781665092418.jpg,,False,True,2023.0,stay sane in an insane world
BOOK01795,Fluke,['Brian Klaas'],,[],,,,,,,,https://www.leadershipnow.com/leadershop/images/9781668006528.jpg,,False,True,2024.0,fluke
BOOK01796,Look Again,['Tali Sharot and Cass R. Sunstein'],,[],,,,,,,,https://www.leadershipnow.com/leadershop/images/9781668008201.jpg,,False,True,2024.0,look again
BOOK01797,Principles,['Ray Dalio'],,[],,,,,,,,https://www.leadershipnow.com/leadershop/images/9781668010198.jpg,,False,True,2022.0,principles
BOOK01798,"Think Faster, Talk Smarter",['Matt Abrahams'],,[],,,,,,,,https://www.leadershipnow.com/leadershop/images/9781668010303.jpg,,False,True,2023.0,"think faster, talk smarter"
BOOK01799,The Dealmaker,['Mauricio Umansky'],,[],,,,,,,,https://www.leadershipnow.com/leadershop/images/9781668010648.jpg,,False,True,2023.0,the dealmaker
BOOK01800,Woodrow Wilson,['Christopher Cox'],,[],,,,,,,,https://www.leadershipnow.com/leadershop/images/9781668010785.jpg,,False,True,2024.0,woodrow wilson
BOOK01801,You're the Boss,['Sabina Nawaz'],,[],,,,,,,,https://www.leadershipnow.com/leadershop/images/9781668023181.jpg,,False,True,2024.0,you're the boss
BOOK01802,Lean Learning,['Pat Flynn'],,[],,,,,,,,https://www.leadershipnow.com/leadershop/images/9781668027646.jpg,,False,True,2025.0,lean learning
BOOK01803,How to Get Along with Anyone,['John Eliot and Jim Guinn'],,[],,,,,,,,https://www.leadershipnow.com/leadershop/images/9781668033074.jpg,,False,True,2025.0,how to get along with anyone
BOOK01804,The PARA Method,['Tiago Forte'],,[],,,,,,,,https://www.leadershipnow.com/leadershop/images/9781668045565.jpg,,False,True,2023.0,the para method
BOOK01805,Mastering AI,['Jeremy Kahn'],,[],,,,,,,,https://www.leadershipnow.com/leadershop/images/9781668053324.jpg,,False,True,2024.0,mastering ai
BOOK01806,Ping,['Andrew Brodsky'],,[],,,,,,,,https://www.leadershipnow.com/leadershop/images/9781668055243.jpg,,False,True,2025.0,ping
BOOK01807,Reset,['Dan Heath'],,[],,,,,,,,https://www.leadershipnow.com/leadershop/images/9781668062098.jpg,,False,True,2025.0,reset
BOOK01808,Last Call for Bud Light,['Anson Frericks'],,[],,,,,,,,https://www.leadershipnow.com/leadershop/images/9781668070901.jpg,,False,True,2025.0,last call for bud light
BOOK01809,Click,['Jake Knapp with John Zeratsky'],,[],,,,,,,,https://www.leadershipnow.com/leadershop/images/9781668072110.jpg,,False,True,2025.0,click
BOOK01810,Never Stop,"[""Dan Hurley and Ian O'Connor""]",,[],,,,,,,,https://www.leadershipnow.com/leadershop/images/9781668095744.jpg,,False,True,2025.0,never stop
BOOK01811,A CEO for All Seasons,"['Carolyn Dewar, Scott Keller, Vikram Malhotra and Kurt Strovink']",,[],,,,,,,,https://www.leadershipnow.com/leadershop/images/9781668098349.jpg,,False,True,2025.0,a ceo for all seasons
BOOK01812,In the Arena,['David S. Brown'],,[],,,,,,,,https://www.leadershipnow.com/leadershop/images/9781668204191.jpg,,False,True,2025.0,in the arena
BOOK01813,Sailing Upwind,['Admiral Sandy Winnefeld'],,[],,,,,,,,https://www.leadershipnow.com/leadershop/images/9781682478745.jpg,,False,True,2023.0,sailing upwind
BOOK01814,The Servant Leadership from the Middle,['Bernard Osborne'],,[],,,,,,,,https://www.leadershipnow.com/leadershop/images/9781682753385.jpg,,False,True,2022.0,the servant leadership from the middle
BOOK01815,The Genius of Empathy,['Judith Orloff'],,[],,,,,,,,https://www.leadershipnow.com/leadershop/images/9781683649717.jpg,,False,True,2024.0,the genius of empathy
BOOK01816,Robert E. Lee on Leadership,['H. W. Crocker III'],,[],,,,,,,,https://www.leadershipnow.com/leadershop/images/9781684514915.jpg,,False,True,2023.0,robert e. lee on leadership
BOOK01817,Adaptive Listening,['Nicole Lowenbraun and Maegan Stephens'],,[],,,,,,,,https://www.leadershipnow.com/leadershop/images/9781684812592.jpg,,False,True,2024.0,adaptive listening
BOOK01818,How to Untie a Balloon,['Ryan Dunlap'],,[],,,,,,,,https://www.leadershipnow.com/leadershop/images/9781684817306.jpg,,False,True,2025.0,how to untie a balloon
BOOK01819,The Truth (And Lies!) Of Entrepreneurship,['Larry Winget'],,[],,,,,,,,https://www.leadershipnow.com/leadershop/images/9781722506841.jpg,,False,True,2024.0,the truth (and lies!) of entrepreneurship
BOOK01820,"Right Leader, Right Time",['Robert Jordan and Olivia Wagner'],,[],,,,,,,,https://www.leadershipnow.com/leadershop/images/9781722510565.jpg,,False,True,2022.0,"right leader, right time"
BOOK01821,Elevate Your Team,['Robert Glazer'],,[],,,,,,,,https://www.leadershipnow.com/leadershop/images/9781728238784.jpg,,False,True,2023.0,elevate your team
BOOK01822,Who Does What By How Much?,['Jeff Gothelf and Josh Seiden'],,[],,,,,,,,https://www.leadershipnow.com/leadershop/images/9781732818446.jpg,,False,True,2024.0,who does what by how much?
BOOK01823,One Drop of Poison,['Sean Lemson'],,[],,,,,,,,https://www.leadershipnow.com/leadershop/images/9781733004237.jpg,,False,True,2024.0,one drop of poison
BOOK01824,The 3.3 Rule,['John Briggs'],,[],,,,,,,,https://www.leadershipnow.com/leadershop/images/9781733179027.jpg,,False,True,2024.0,the 3.3 rule
BOOK01825,Your Next Big Idea,['Samuel Sanders'],,[],,,,,,,,https://www.leadershipnow.com/leadershop/images/9781734913026.jpg,,False,True,2022.0,your next big idea
BOOK01826,Turns,['Steve McKee'],,[],,,,,,,,https://www.leadershipnow.com/leadershop/images/9781735610931.jpg,,False,True,2023.0,turns
BOOK01827,The Visionary Leader,['Bryan Smeltzer'],,[],,,,,,,,https://www.leadershipnow.com/leadershop/images/9781737188124.jpg,,False,True,2025.0,the visionary leader
BOOK01828,The Unconquerable Game,['Ely Callaway with Nicholas Callaway'],,[],,,,,,,,https://www.leadershipnow.com/leadershop/images/9781737205142.jpg,,False,True,2025.0,the unconquerable game
BOOK01829,Leadership Starts with You,['Whitney Breer'],,[],,,,,,,,https://www.leadershipnow.com/leadershop/images/9781737943976.jpg,,False,True,2023.0,leadership starts with you
BOOK01830,Committed,['Eldon Sprickerhoff'],,[],,,,,,,,https://www.leadershipnow.com/leadershop/images/9781738396429.jpg,,False,True,2024.0,committed
BOOK01831,Developing Coaching Leaders,['Scott Clancy'],,[],,,,,,,,https://www.leadershipnow.com/leadershop/images/9781738867707.jpg,,False,True,2023.0,developing coaching leaders
BOOK01832,Dancing with Disruption,['Jeff Skipper'],,[],,,,,,,,https://www.leadershipnow.com/leadershop/images/9781738903801.jpg,,False,True,2023.0,dancing with disruption
BOOK01833,The Resilience Mindset,['Terry Healey'],,[],,,,,,,,https://www.leadershipnow.com/leadershop/images/9781770418561.jpg,,False,True,2025.0,the resilience mindset
BOOK01834,The Emotionally Strong Leader,['Carolyn Stern'],,[],,,,,,,,https://www.leadershipnow.com/leadershop/images/9781773271682.jpg,,False,True,2022.0,the emotionally strong leader
BOOK01835,Leading to Greatness,['Jim Reid'],,[],,,,,,,,https://www.leadershipnow.com/leadershop/images/9781773271712.jpg,,False,True,2022.0,leading to greatness
BOOK01836,Leading Inclusion,['Gene Cox'],,[],,,,,,,,https://www.leadershipnow.com/leadershop/images/9781774581797.jpg,,False,True,2022.0,leading inclusion
BOOK01837,How to Work with (Almost) Anyone,['Michael Bungay Stanier'],,[],,,,,,,,https://www.leadershipnow.com/leadershop/images/9781774582657.jpg,,False,True,2023.0,how to work with (almost) anyone
BOOK01838,Positive Chaos,['Dan Thurmon'],,[],,,,,,,,https://www.leadershipnow.com/leadershop/images/9781774582886.jpg,,False,True,2023.0,positive chaos
BOOK01839,Say What They Can't Unhear,['Tamsen Webster'],,[],,,,,,,,https://www.leadershipnow.com/leadershop/images/9781774583531.jpg,,False,True,2024.0,say what they can't unhear
BOOK01840,Lean Marketing,['Allan Dib'],,[],,,,,,,,https://www.leadershipnow.com/leadershop/images/9781774583944.jpg,,False,True,2024.0,lean marketing
BOOK01841,"Good Team, Bad Team",['Sarah Thurber and Blair Miller'],,[],,,,,,,,https://www.leadershipnow.com/leadershop/images/9781774584217.jpg,,False,True,2024.0,"good team, bad team"
BOOK01842,We're Gonna Need Cake,['Valerie Garcia'],,[],,,,,,,,https://www.leadershipnow.com/leadershop/images/9781774584484.jpg,,False,True,2024.0,we're gonna need cake
BOOK01843,The Empathy Dilemma,['Maria Ross'],,[],,,,,,,,https://www.leadershipnow.com/leadershop/images/9781774584743.jpg,,False,True,2024.0,the empathy dilemma
BOOK01844,Exceptional Experiences,['Neen James'],,[],,,,,,,,https://www.leadershipnow.com/leadershop/images/9781774586259.jpg,,False,True,2025.0,exceptional experiences
BOOK01845,Starting a StartUp,['James Sinclair'],,[],,,,,,,,https://www.leadershipnow.com/leadershop/images/9781774586396.jpg,,False,True,2025.0,starting a startup
BOOK01846,The Success Complex,['Adrian Kelly'],,[],,,,,,,,https://www.leadershipnow.com/leadershop/images/9781788603799.jpg,,False,True,2024.0,the success complex
BOOK01847,Collabor(h)ate,['Deb Mashek'],,[],,,,,,,,https://www.leadershipnow.com/leadershop/images/9781788603829.jpg,,False,True,2023.0,collabor(h)ate
BOOK01848,Top of Heart,['Grant Muller'],,[],,,,,,,,https://www.leadershipnow.com/leadershop/images/9781788605090.jpg,,False,True,2023.0,top of heart
BOOK01849,Move by Move,['Maurice Ashley'],,[],,,,,,,,https://www.leadershipnow.com/leadershop/images/9781797223650.jpg,,False,True,2024.0,move by move
BOOK01850,"Why listen to, work with and follow you?",['Larry Heugh Robertson'],,[],,,,,,,,https://www.leadershipnow.com/leadershop/images/9781800817517.jpg,,False,True,2023.0,"why listen to, work with and follow you?"
BOOK01851,Be Different,['Marty Strong Navy SEAL Officer (retired)'],,[],,,,,,,,https://www.leadershipnow.com/leadershop/images/9781803411330.jpg,,False,True,2024.0,be different
BOOK01852,Hidden Genius,['Polina Marinova Pompliano'],,[],,,,,,,,https://www.leadershipnow.com/leadershop/images/9781804090039.jpg,,False,True,2023.0,hidden genius
BOOK01853,The Psychology of Leadership,['Sébastien Page'],,[],,,,,,,,https://www.leadershipnow.com/leadershop/images/9781804090923.jpg,,False,True,2025.0,the psychology of leadership
BOOK01854,The Next Crisis,['Danny Dorling'],,[],,,,,,,,https://www.leadershipnow.com/leadershop/images/9781804294345.jpg,,False,True,2025.0,the next crisis
BOOK01855,Pitch,['Danny Fontaine'],,[],,,,,,,,https://www.leadershipnow.com/leadershop/images/9781805221043.jpg,,False,True,2025.0,pitch
BOOK01856,The Not To Do List,['Rolf Dobelli'],,[],,,,,,,,https://www.leadershipnow.com/leadershop/images/9781805463283.jpg,,False,True,2025.0,the not to do list
BOOK01857,When Everyone Leads,['Ed O’Malley and Julia Fabris McBride'],,[],,,,,,,,https://www.leadershipnow.com/leadershop/images/9781885167903.jpg,,False,True,2023.0,when everyone leads
BOOK01858,How Organizations Should Work,['N. Dean Meyer'],,[],,,,,,,,https://www.leadershipnow.com/leadershop/images/9781892606334.jpg,,False,True,2022.0,how organizations should work
BOOK01859,You're the Leader. Now What?,['Richard Winters'],,[],,,,,,,,https://www.leadershipnow.com/leadershop/images/9781893005709.jpg,,False,True,2022.0,you're the leader. now what?
BOOK01860,The Career Workbook,['The School of Life'],,[],,,,,,,,https://www.leadershipnow.com/leadershop/images/9781915087058.jpg,,False,True,2023.0,the career workbook
BOOK01861,De-Positioning,['Todd Irwin'],,[],,,,,,,,https://www.leadershipnow.com/leadershop/images/9781917391184.jpg,,False,True,2025.0,de-positioning
BOOK01862,Positive Influence,['Tsun-yan Hsieh and Huijin Kong'],,[],,,,,,,,https://www.leadershipnow.com/leadershop/images/9781944660567.jpg,,False,True,2023.0,positive influence
BOOK01863,Disruptable,['Allan Young'],,[],,,,,,,,https://www.leadershipnow.com/leadershop/images/978194663316X.jpg,,False,True,2023.0,disruptable
BOOK01864,Get Off the X,['Michele Rigby Assad'],,[],,,,,,,,https://www.leadershipnow.com/leadershop/images/9781947297999.jpg,,False,True,2025.0,get off the x
BOOK01865,The Legacy Navigator,['Lance E Welch'],,[],,,,,,,,https://www.leadershipnow.com/leadershop/images/9781950476787.jpg,,False,True,2024.0,the legacy navigator
BOOK01866,Wiring the Winning Organization,['Gene Kim and Steven Spear'],,[],,,,,,,,https://www.leadershipnow.com/leadershop/images/9781950508426.jpg,,False,True,2023.0,wiring the winning organization
BOOK01867,"Wrong Fit, Right Fit",['Andre Martin'],,[],,,,,,,,https://www.leadershipnow.com/leadershop/images/9781950508754.jpg,,False,True,2023.0,"wrong fit, right fit"
BOOK01868,Civility Rules!,['Shelby Joy Scarbrough'],,[],,,,,,,,https://www.leadershipnow.com/leadershop/images/9781950863402.jpg,,False,True,2022.0,civility rules!
BOOK01869,Outfocus,['Bill Adams Jr.'],,[],,,,,,,,https://www.leadershipnow.com/leadershop/images/9781950863976.jpg,,False,True,2022.0,outfocus
BOOK01870,Leading with Light,['Jennifer Mulholland and Jeff Shuck'],,[],,,,,,,,https://www.leadershipnow.com/leadershop/images/9781951692360.jpg,,False,True,2024.0,leading with light
BOOK01871,The Rules of Mentorship,['Brad Keywell'],,[],,,,,,,,https://www.leadershipnow.com/leadershop/images/9781951963248.jpg,,False,True,2024.0,the rules of mentorship
BOOK01872,Promotions Are So Yesterday,['Julie Winkle Giulioni'],,[],,,,,,,,https://www.leadershipnow.com/leadershop/images/9781952157738.jpg,,False,True,2022.0,promotions are so yesterday
BOOK01873,Smart Leadership,['Mark Miller'],,[],,,,,,,,https://www.leadershipnow.com/leadershop/images/9781953295750.jpg,,False,True,2022.0,smart leadership
BOOK01874,Unconditional Power,['Steven Gaffney'],,[],,,,,,,,https://www.leadershipnow.com/leadershop/images/9781953943088.jpg,,False,True,2023.0,unconditional power
BOOK01875,Scaling People,['Claire Hughes Johnson'],,[],,,,,,,,https://www.leadershipnow.com/leadershop/images/9781953953216.jpg,,False,True,2023.0,scaling people
BOOK01876,Poor Charlie’s Almanack,['Charles T. Munger'],,[],,,,,,,,https://www.leadershipnow.com/leadershop/images/9781953953230.jpg,,False,True,2023.0,poor charlie’s almanack
BOOK01877,Imaginable,['Jane McGonigal'],,[],,,,,,,,https://www.leadershipnow.com/leadershop/images/9781954118096.jpg,,False,True,2022.0,imaginable
BOOK01878,Make It Count,['Hunter Ballew'],,[],,,,,,,,https://www.leadershipnow.com/leadershop/images/9781954759770.jpg,,False,True,2022.0,make it count
BOOK01879,The Most Unlikely Leader,['Roger Smith'],,[],,,,,,,,https://www.leadershipnow.com/leadershop/images/9781955026130.jpg,,False,True,2022.0,the most unlikely leader
BOOK01880,Beyond the Sea,"['Robert ""Navy Bob"" Roncska']",,[],,,,,,,,https://www.leadershipnow.com/leadershop/images/9781955026208.jpg,,False,True,2024.0,beyond the sea
BOOK01881,The FUD Factor,['Brendan P. Keegann'],,[],,,,,,,,https://www.leadershipnow.com/leadershop/images/9781955884464.jpg,,False,True,2023.0,the fud factor
BOOK01882,Start. Scale. Exit. Repeat.,['Colin C. Campbell'],,[],,,,,,,,https://www.leadershipnow.com/leadershop/images/9781955884969.jpg,,False,True,2023.0,start. scale. exit. repeat.
BOOK01883,The Leadership Pause,['Chris L. Johnson'],,[],,,,,,,,https://www.leadershipnow.com/leadershop/images/9781956072044.jpg,,False,True,2022.0,the leadership pause
BOOK01884,The #PACE Process for Early Career Success,['Mark Zides'],,[],,,,,,,,https://www.leadershipnow.com/leadershop/images/9781956450163.jpg,,False,True,2022.0,the #pace process for early career success
BOOK01885,Hacking the Corporate Jungle,['Sean McMann'],,[],,,,,,,,https://www.leadershipnow.com/leadershop/images/9781957077796.jpg,,False,True,2025.0,hacking the corporate jungle
BOOK01886,Performance Feedback Strategies,['Sandra Mashihi and Kenneth M. Nowack'],,[],,,,,,,,https://www.leadershipnow.com/leadershop/images/9781957157863.jpg,,False,True,2025.0,performance feedback strategies
BOOK01887,Ideas on a Deadline,['Phil Cooke'],,[],,,,,,,,https://www.leadershipnow.com/leadershop/images/9781957369044.jpg,,False,True,2022.0,ideas on a deadline
BOOK01888,Leading With Care in a Tough World,['Phillip G. Clampitt and Bob DeKoch'],,[],,,,,,,,https://www.leadershipnow.com/leadershop/images/9781957588100.jpg,,False,True,2022.0,leading with care in a tough world
BOOK01889,The Long Game,['Eric Becker'],,[],,,,,,,,https://www.leadershipnow.com/leadershop/images/9781957588322.jpg,,False,True,2025.0,the long game
BOOK01890,Your Company Is Your Castle,['Sandeep Chennakeshu'],,[],,,,,,,,https://www.leadershipnow.com/leadershop/images/9781957616049.jpg,,False,True,2023.0,your company is your castle
BOOK01891,Settle for More,['Chris Meyer'],,[],,,,,,,,https://www.leadershipnow.com/leadershop/images/9781957616858.jpg,,False,True,2024.0,settle for more
BOOK01892,Levi's Unbuttoned,['Jennifer Sey'],,[],,,,,,,,https://www.leadershipnow.com/leadershop/images/9781958682241.jpg,,False,True,2022.0,levi's unbuttoned
BOOK01893,The Accidental Network,['Rouzbeh Yassini-Fard with Stewart Schley'],,[],,,,,,,,https://www.leadershipnow.com/leadershop/images/9781959000600.jpg,,False,True,2025.0,the accidental network
BOOK01894,Scaling Smart,['Rich and Kathy Fettke'],,[],,,,,,,,https://www.leadershipnow.com/leadershop/images/9781960178169.jpg,,False,True,2024.0,scaling smart
BOOK01895,ReLeader,['Jon Chasteen'],,[],,,,,,,,https://www.leadershipnow.com/leadershop/images/9781960870100.jpg,,False,True,2024.0,releader
BOOK01896,The Steady Leader,['Schuyler Williamson'],,[],,,,,,,,https://www.leadershipnow.com/leadershop/images/9781964934327.jpg,,False,True,2025.0,the steady leader
BOOK01897,American Rascal,['Greg Steinmetz'],,[],,,,,,,,https://www.leadershipnow.com/leadershop/images/9781982107406.jpg,,False,True,2022.0,american rascal
BOOK01898,The Wolves of K Street,['Brody Mullins and Luke Mullins'],,[],,,,,,,,https://www.leadershipnow.com/leadershop/images/9781982120597.jpg,,False,True,2024.0,the wolves of k street
BOOK01899,The Right Call,['Sally Jenkins'],,[],,,,,,,,https://www.leadershipnow.com/leadershop/images/9781982122553.jpg,,False,True,2023.0,the right call
BOOK01900,Watergate,['Garrett M. Graff'],,[],,,,,,,,https://www.leadershipnow.com/leadershop/images/9781982139162.jpg,,False,True,2022.0,watergate
BOOK01901,A Man of Iron,['Troy Senik'],,[],,,,,,,,https://www.leadershipnow.com/leadershop/images/9781982140748.jpg,,False,True,2022.0,a man of iron
BOOK01902,Trust and Inspire,['Stephen M.R. Covey'],,[],,,,,,,,https://www.leadershipnow.com/leadershop/images/9781982143725.jpg,,False,True,2022.0,trust and inspire
BOOK01903,On Power,['Mark R. Levin'],,[],,,,,,,,https://www.leadershipnow.com/leadershop/images/9781982146191.jpg,,False,True,2025.0,on power
BOOK01904,Tomorrowmind,['Gabriella Rosen Kellerman and Martin E. P. Seligman'],,[],,,,,,,,https://www.leadershipnow.com/leadershop/images/9781982159764.jpg,,False,True,2023.0,tomorrowmind
BOOK01905,The Winner's Curse,['Richard H. Thaler and Alex Imas'],,[],,,,,,,,https://www.leadershipnow.com/leadershop/images/9781982165116.jpg,,False,True,2025.0,the winner's curse
BOOK01906,Making Numbers Count,['Chip Heath and Karla Starr'],,[],,,,,,,,https://www.leadershipnow.com/leadershop/images/9781982165444.jpg,,False,True,2022.0,making numbers count
BOOK01907,The Power of Crisis,['Ian Bremmer'],,[],,,,,,,,https://www.leadershipnow.com/leadershop/images/9781982167509.jpg,,False,True,2022.0,the power of crisis
BOOK01908,When Women Lead,['Julia Boorstin'],,[],,,,,,,,https://www.leadershipnow.com/leadershop/images/9781982168216.jpg,,False,True,2022.0,when women lead
BOOK01909,Cultures of Growth,['Mary C. Murphy Ph.D.'],,[],,,,,,,,https://www.leadershipnow.com/leadershop/images/9781982172749.jpg,,False,True,2024.0,cultures of growth
BOOK01910,Up Close and All In,['John Mack'],,[],,,,,,,,https://www.leadershipnow.com/leadershop/images/9781982174279.jpg,,False,True,2022.0,up close and all in
BOOK01911,CEO Excellence,"['Carolyn Dewar, Scott Keller and Vikram Malhotra']",,[],,,,,,,,https://www.leadershipnow.com/leadershop/images/9781982179670.jpg,,False,True,2022.0,ceo excellence
BOOK01912,Elon Musk,['Walter Isaacson'],,[],,,,,,,,https://www.leadershipnow.com/leadershop/images/9781982181284.jpg,,False,True,2023.0,elon musk
BOOK01913,Anatomy of a Breakthrough,['Adam Alter'],,[],,,,,,,,https://www.leadershipnow.com/leadershop/images/9781982182960.jpg,,False,True,2023.0,anatomy of a breakthrough
BOOK01914,Surf When You Can,['Brett Crozier with Michael Vlessides'],,[],,,,,,,,https://www.leadershipnow.com/leadershop/images/9781982191009.jpg,,False,True,2023.0,surf when you can
BOOK01915,Right Kind of Wrong,['Amy C. Edmondson'],,[],,,,,,,,https://www.leadershipnow.com/leadershop/images/9781982195069.jpg,,False,True,2023.0,right kind of wrong
BOOK01916,Live Life in Crescendo,['Stephen R. Covey and Cynthia Covey'],,[],,,,,,,,https://www.leadershipnow.com/leadershop/images/9781982195472.jpg,,False,True,2022.0,live life in crescendo
BOOK01917,Make No Small Plans,"['Elliott Bisnow, Brett Leve, Jeff Rosenthal and Jeremy Schwartz']",,[],,,,,,,,https://www.leadershipnow.com/leadershop/images/9781984822642.jpg,,False,True,2022.0,make no small plans
BOOK01918,Influence Is Your Superpower,['Zoe Chance'],,[],,,,,,,,https://www.leadershipnow.com/leadershop/images/9781984854339.jpg,,False,True,2022.0,influence is your superpower
BOOK01919,Strong Ground,['Brené Brown'],,[],,,,,,,,https://www.leadershipnow.com/leadershop/images/9781984855749.jpg,,False,True,2025.0,strong ground
BOOK01920,Make Possibilities Happen,['Grace Hawthorne with Stanford d.school - Designed by Celia Leung'],,[],,,,,,,,https://www.leadershipnow.com/leadershop/images/9781984858122.jpg,,False,True,2023.0,make possibilities happen
BOOK01921,Assembling Tomorrow,['Scott Doorley and Carissa Carter'],,[],,,,,,,,https://www.leadershipnow.com/leadershop/images/9781984858184.jpg,,False,True,2024.0,assembling tomorrow
BOOK01922,The New China Playbook,['Keyu Jin'],,[],,,,,,,,https://www.leadershipnow.com/leadershop/images/9781984878281.jpg,,False,True,2023.0,the new china playbook
BOOK01923,Unscripted,['James B Stewart and Rachel Abrams'],,[],,,,,,,,https://www.leadershipnow.com/leadershop/images/9781984879424.jpg,,False,True,2023.0,unscripted
BOOK01924,Stewards of the Future,['Helle Bank Jorgensen'],,[],,,,,,,,https://www.leadershipnow.com/leadershop/images/9781988025766.jpg,,False,True,2022.0,stewards of the future
BOOK01925,Collaborative Advantage,['Oliver Gassmann and Raphael Bömelburg'],,[],,,,,,,,https://www.leadershipnow.com/leadershop/images/9783031363054.jpg,,False,True,2023.0,collaborative advantage
BOOK01926,Leading Organizational Transformation,['Alejandro Reyes'],,[],,,,,,,,https://www.leadershipnow.com/leadershop/images/9783031897627.jpg,,False,True,2025.0,leading organizational transformation
BOOK01927,When McKinsey Comes to Town,['Walt Bogdanich and Michael Forsythe'],,[],,,,,,,,https://www.leadershipnow.com/leadershop/images/978385546232.jpg,,False,True,2022.0,when mckinsey comes to town
BOOK01928,"Remove, Replace, Restart",['Christian Greiser'],,[],,,,,,,,https://www.leadershipnow.com/leadershop/images/9783967391763.jpg,,False,True,2023.0,"remove, replace, restart"
BOOK01929,The Art of Slicing Work,['Anton Skornyakov'],,[],,,,,,,,https://www.leadershipnow.com/leadershop/images/9783982609225.jpg,,False,True,2024.0,the art of slicing work
BOOK01930,Family Reins,['Billy Busch'],,[],,,,,,,,https://www.leadershipnow.com/leadershop/images/9788200798827.jpg,,False,True,2023.0,family reins
BOOK01931,Areté,['Brian Johnson'],,[],,,,,,,,https://www.leadershipnow.com/leadershop/images/9788212414074.jpg,,False,True,2023.0,areté
BOOK01932,Become a Super Leader,['Gary C Laney'],,[],,,,,,,,https://www.leadershipnow.com/leadershop/images/9788218394301.jpg,,False,True,2024.0,become a super leader
BOOK01933,Leadership Legacy,['Kerry Fierke'],,[],,,,,,,,https://www.leadershipnow.com/leadershop/images/9788350934663.jpg,,False,True,2024.0,leadership legacy
BOOK01934,Leadership by Example,['Frank Sonnenberg'],,[],,,,,,,,https://www.leadershipnow.com/leadershop/images/9788370856235.jpg,,False,True,2023.0,leadership by example
BOOK01935,Profit with Presence,['Eric J. Holsapple'],,[],,,,,,,,https://www.leadershipnow.com/leadershop/images/9788886450101.jpg,,False,True,2023.0,profit with presence
BOOK01936,Leading with Significance,['Joey Havens'],,[],,,,,,,,https://www.leadershipnow.com/leadershop/images/9788886450484.jpg,,False,True,2023.0,leading with significance
BOOK01937,Fixing Work,['David G. Henkin and Thomas Bertels'],,[],,,,,,,,https://www.leadershipnow.com/leadershop/images/9788886450774.jpg,,False,True,2023.0,fixing work
BOOK01938,How to Make a Few Billion Dollars,['Brad Jacobs'],,[],,,,,,,,https://www.leadershipnow.com/leadershop/images/9788886451740.jpg,,False,True,2024.0,how to make a few billion dollars
BOOK01939,A New Kind of Diversity,['Tim Elmore'],,[],,,,,,,,https://www.leadershipnow.com/leadershop/images/9788887100005.jpg,,False,True,2022.0,a new kind of diversity
BOOK01940,Becoming More,['Dianna Kokoszka'],,[],,,,,,,,https://www.leadershipnow.com/leadershop/images/9788887100067.jpg,,False,True,2023.0,becoming more
BOOK01941,The 16 Undeniable Laws of Communication,['John C. Maxwell'],,[],,,,,,,,https://www.leadershipnow.com/leadershop/images/9788887100081.jpg,,False,True,2023.0,the 16 undeniable laws of communication
BOOK01942,Rebel Leadership,['Luis Urdaneta'],,[],,,,,,,,https://www.leadershipnow.com/leadershop/images/9788887100128.jpg,,False,True,2023.0,rebel leadership
BOOK01943,High Road Leadership,['John C. Maxwell'],,[],,,,,,,,https://www.leadershipnow.com/leadershop/images/9788887100340.jpg,,False,True,2024.0,high road leadership
BOOK01944,Knowledge Mindfulness,['Laila Marouf'],,[],,,,,,,,https://www.leadershipnow.com/leadershop/images/9788887500249.jpg,,False,True,2023.0,knowledge mindfulness
BOOK01945,"Results, Not Reports",['Peter Follows'],,[],,,,,,,,https://www.leadershipnow.com/leadershop/images/9788887500508.jpg,,False,True,2023.0,"results, not reports"
BOOK01946,The Success Paradox,['Gary C. Cooper with Will T. Wilkinson'],,[],,,,,,,,https://www.leadershipnow.com/leadershop/images/9788887500522.jpg,,False,True,2023.0,the success paradox
BOOK01947,Get It Together,['Puja Rios'],,[],,,,,,,,https://www.leadershipnow.com/leadershop/images/9788887501147.jpg,,False,True,2023.0,get it together
BOOK01948,The CQ Edge,['Su Bridgman'],,[],,,,,,,,https://www.leadershipnow.com/leadershop/images/9788887501567.jpg,,False,True,2024.0,the cq edge
BOOK01949,Leading What Matters Most,['Phil Geldart'],,[],,,,,,,,https://www.leadershipnow.com/leadershop/images/9788887502472.jpg,,False,True,2024.0,leading what matters most
BOOK01950,deComplify,['Gary S. Michel'],,[],,,,,,,,https://www.leadershipnow.com/leadershop/images/9788887503417.jpg,,False,True,2024.0,decomplify
BOOK01951,Self Less,['Len Jessup'],,[],,,,,,,,https://www.leadershipnow.com/leadershop/images/9788887504476.jpg,,False,True,2024.0,self less
BOOK01952,Get Clear Career Assessment,['Ken Coleman'],,[],,,,,,,,https://www.leadershipnow.com/leadershop/images/9788887820231.jpg,,False,True,2024.0,get clear career assessment
BOOK01953,The 80/20 CEO,['Bill Canady'],,[],,,,,,,,https://www.leadershipnow.com/leadershop/images/9788888242469.jpg,,False,True,2024.0,the 80/20 ceo
BOOK01954,Passion Struck,['John R. Miles'],,[],,,,,,,,https://www.leadershipnow.com/leadershop/images/9788888451403.jpg,,False,True,2024.0,passion struck
BOOK01955,The Gouge!,['Admiral Bob Harward'],,[],,,,,,,,https://www.leadershipnow.com/leadershop/images/9788888453124.jpg,,False,True,2024.0,the gouge!
BOOK01956,The Soil of Leadership,['Britt Yamamoto'],,[],,,,,,,,https://www.leadershipnow.com/leadershop/images/9788891380554.jpg,,False,True,2024.0,the soil of leadership
BOOK01957,The Virtue Proposition,['Sig Berg'],,[],,,,,,,,https://www.leadershipnow.com/leadershop/images/9788891380592.jpg,,False,True,2024.0,the virtue proposition
BOOK01958,The Purposeful Decision Maker,['Pádraig Ó Céidigh'],,[],,,,,,,,https://www.leadershipnow.com/leadershop/images/9788891381322.jpg,,False,True,2024.0,the purposeful decision maker
BOOK01959,Brilliant Leadership,['Suzanne Martin'],,[],,,,,,,,https://www.leadershipnow.com/leadershop/images/9788891381346.jpg,,False,True,2024.0,brilliant leadership
BOOK01960,The Reset Mindset,['Penny Zenker'],,[],,,,,,,,https://www.leadershipnow.com/leadershop/images/9788891382299.jpg,,False,True,2024.0,the reset mindset
BOOK01961,The Turnaround Leader,['Wes Wheeler'],,[],,,,,,,,https://www.leadershipnow.com/leadershop/images/9788891880344.jpg,,False,True,2024.0,the turnaround leader
BOOK01962,The Unconventional Entrepreneur,['Alexandra Nicole Nolan'],,[],,,,,,,,https://www.leadershipnow.com/leadershop/images/9788985071313.jpg,,False,True,2022.0,the unconventional entrepreneur
BOOK01963,The Nine,['Phil Simon'],,[],,,,,,,,https://www.leadershipnow.com/leadershop/images/9788985814767.jpg,,False,True,2023.0,the nine
BOOK01964,Executive Presence,['Joel A. Garfinkle'],,[],,,,,,,,https://www.leadershipnow.com/leadershop/images/9788985936605.jpg,,False,True,2022.0,executive presence
BOOK01965,The Conscious Workplace,['Shaara Roman'],,[],,,,,,,,https://www.leadershipnow.com/leadershop/images/9788986128702.jpg,,False,True,2022.0,the conscious workplace
BOOK01966,Life on the X,['Stephen Drum'],,[],,,,,,,,https://www.leadershipnow.com/leadershop/images/9788986304502.jpg,,False,True,2023.0,life on the x
BOOK01967,The Shortcut,['Ruben Gonzalez'],,[],,,,,,,,https://www.leadershipnow.com/leadershop/images/9788986518800.jpg,,False,True,2022.0,the shortcut
BOOK01968,Conquer Your Culture,['David Komar'],,[],,,,,,,,https://www.leadershipnow.com/leadershop/images/9788987216415.jpg,,False,True,2024.0,conquer your culture
BOOK01969,Strategy Realized - The Business Hierarchy of Needs,['Jim Gitney'],,[],,,,,,,,https://www.leadershipnow.com/leadershop/images/9788987262603.jpg,,False,True,2023.0,strategy realized - the business hierarchy of needs
BOOK01970,The 9th Stratum,['Aaron Salko'],,[],,,,,,,,https://www.leadershipnow.com/leadershop/images/9788988492818.jpg,,False,True,2023.0,the 9th stratum
BOOK01971,Can't Tame a Mongoose,['Stan Rose'],,[],,,,,,,,https://www.leadershipnow.com/leadershop/images/9788988611202.jpg,,False,True,2024.0,can't tame a mongoose
BOOK01972,Meta-Leadership,['Andrea Iorio'],,[],,,,,,,,https://www.leadershipnow.com/leadershop/images/9788988668404.jpg,,False,True,2023.0,meta-leadership
BOOK01973,Get Scalable,['Ryan Deiss'],,[],,,,,,,,https://www.leadershipnow.com/leadershop/images/9788988673729.jpg,,False,True,2023.0,get scalable
BOOK01974,Burned Out to Lit Up,['Cara E. Houser'],,[],,,,,,,,https://www.leadershipnow.com/leadershop/images/9788988925200.jpg,,False,True,2024.0,burned out to lit up
BOOK01975,Tell Me My Story,['Dimple D Dhabalia'],,[],,,,,,,,https://www.leadershipnow.com/leadershop/images/9788988958208.jpg,,False,True,2024.0,tell me my story
BOOK01976,Synergea,['Andy Hilliard'],,[],,,,,,,,https://www.leadershipnow.com/leadershop/images/9788989865413.jpg,,False,True,2024.0,synergea
BOOK01977,The Seven Frequencies of Communication,['Erwin Raphael McManus'],,[],,,,,,,,https://www.leadershipnow.com/leadershop/images/9788991045612.jpg,,False,True,2024.0,the seven frequencies of communication
BOOK01978,Why Innovation Fails,['Joachim De Vos'],,[],,,,,,,,https://www.leadershipnow.com/leadershop/images/9789401478465.jpg,,False,True,2022.0,why innovation fails
BOOK01979,AI Snake Oil,['Arvind Narayanan and Sayash Kapoor'],,[],,,,,,,,https://www.leadershipnow.com/leadershop/images/9790691249131.jpg,,False,True,2024.0,ai snake oil
BOOK01980,Front-Line Leadership,['Patrick Nelson'],,[],,,,,,,,https://www.leadershipnow.com/leadershop/images/9791394240753.jpg,,False,True,2024.0,front-line leadership
BOOK01981,The New Emotional Intelligence,['Travis Bradberry'],,[],,,,,,,,https://www.leadershipnow.com/leadershop/images/979218589660.jpg,,False,True,2025.0,the new emotional intelligence
BOOK01982,Human Edge in the AI Age,['Nitin Seth'],,[],,,,,,,,https://www.leadershipnow.com/leadershop/images/9798216391746.jpg,,False,True,2025.0,human edge in the ai age
BOOK01983,Read Your Mind,['Oz Pearlman'],,[],,,,,,,,https://www.leadershipnow.com/leadershop/images/9798217059041.jpg,,False,True,2025.0,read your mind
BOOK01984,Influence Elevated,['Stacey Hanke'],,[],,,,,,,,https://www.leadershipnow.com/leadershop/images/9798218491598.jpg,,False,True,2024.0,influence elevated
BOOK01985,Creating Excellence,['Bentley Nettles'],,[],,,,,,,,https://www.leadershipnow.com/leadershop/images/9798218509224.jpg,,False,True,2024.0,creating excellence
BOOK01986,Build Something,['Michael Cerdá'],,[],,,,,,,,https://www.leadershipnow.com/leadershop/images/9798218584894.jpg,,False,True,2025.0,build something
BOOK01987,Break The Mold,['Alan Whitman'],,[],,,,,,,,https://www.leadershipnow.com/leadershop/images/9798218759681.jpg,,False,True,2025.0,break the mold
BOOK01988,Visualize,['Maya Raichoora'],,[],,,,,,,,https://www.leadershipnow.com/leadershop/images/9798318601132.jpg,,False,True,2025.0,visualize
BOOK01989,Curative Culture,['Douglas K Shaw'],,[],,,,,,,,https://www.leadershipnow.com/leadershop/images/9798319152701.jpg,,False,True,2025.0,curative culture
BOOK01990,Professional Careers by Design,['Sharon Hull'],,[],,,,,,,,https://www.leadershipnow.com/leadershop/images/9798350922622.jpg,,False,True,2024.0,professional careers by design
BOOK01991,Always Squeezing Lemons,['Kayla Logue'],,[],,,,,,,,https://www.leadershipnow.com/leadershop/images/9798350947748.jpg,,False,True,2024.0,always squeezing lemons
BOOK01992,Reflecting on History,['Peter Spitz'],,[],,,,,,,,https://www.leadershipnow.com/leadershop/images/9798350959703.jpg,,False,True,2024.0,reflecting on history
BOOK01993,Team Lead Model of Self-Leadership,['Joe Wolemonwu'],,[],,,,,,,,https://www.leadershipnow.com/leadershop/images/9798842906161.jpg,,False,True,2022.0,team lead model of self-leadership
BOOK01994,Conflict Is an Opportunity,['Dana Caspersen'],,[],,,,,,,,https://www.leadershipnow.com/leadershop/images/9798881802691.jpg,,False,True,2025.0,conflict is an opportunity
BOOK01995,The Journey To Reinvention,['Roger Osorio'],,[],,,,,,,,https://www.leadershipnow.com/leadershop/images/9798885045261.jpg,,False,True,2022.0,the journey to reinvention
BOOK01996,I See You!,['Erin Diehl'],,[],,,,,,,,https://www.leadershipnow.com/leadershop/images/9798886451467.jpg,,False,True,2024.0,i see you!
BOOK01997,The Bravery Effect,['Jill Schulman'],,[],,,,,,,,https://www.leadershipnow.com/leadershop/images/9798886453966.jpg,,False,True,2025.0,the bravery effect
BOOK01998,Honing the Human Edge,['Edward Mady'],,[],,,,,,,,https://www.leadershipnow.com/leadershop/images/9798886454048.jpg,,False,True,2025.0,honing the human edge
BOOK01999,How to Make a Few More Billion Dollars,['Brad Jacobs'],,[],,,,,,,,https://www.leadershipnow.com/leadershop/images/9798886454659.jpg,,False,True,2025.0,how to make a few more billion dollars
BOOK02000,A New Kind of Diversity,['Tim Elmore / Foreward by John C. Maxwell'],,[],,,,,,,,https://www.leadershipnow.com/leadershop/images/9798887100005.jpg,,False,True,2023.0,a new kind of diversity
BOOK02001,Culture Matters,['Jenni Catron'],,[],,,,,,,,https://www.leadershipnow.com/leadershop/images/9798887100364.jpg,,False,True,2025.0,culture matters
BOOK02002,How to Work with Complicated People,['Ryan Leak'],,[],,,,,,,,https://www.leadershipnow.com/leadershop/images/9798887100432.jpg,,False,True,2025.0,how to work with complicated people
BOOK02003,Firm Feedback in a Fragile World,['Jeff Hancher'],,[],,,,,,,,https://www.leadershipnow.com/leadershop/images/9798887100470.jpg,,False,True,2025.0,firm feedback in a fragile world
BOOK02004,Time is Now,['Raj Verma'],,[],,,,,,,,https://www.leadershipnow.com/leadershop/images/9798887502038.jpg,,False,True,2024.0,time is now
BOOK02005,Seeing Around Corners,['R. Christopher Whalen'],,[],,,,,,,,https://www.leadershipnow.com/leadershop/images/9798887504087.jpg,,False,True,2024.0,seeing around corners
BOOK02006,Beyond the Hammer,['Brian Gottlieb'],,[],,,,,,,,https://www.leadershipnow.com/leadershop/images/9798887504315.jpg,,False,True,2024.0,beyond the hammer
BOOK02007,Undoing Urgency,['Ryan Matt Reynolds'],,[],,,,,,,,https://www.leadershipnow.com/leadershop/images/9798887505480.jpg,,False,True,2024.0,undoing urgency
BOOK02008,The AI Ecosystems Revolution,['Joe Hudicka'],,[],,,,,,,,https://www.leadershipnow.com/leadershop/images/9798887505664.jpg,,False,True,2025.0,the ai ecosystems revolution
BOOK02009,Less than One Percent,['Imamu Tomlinson'],,[],,,,,,,,https://www.leadershipnow.com/leadershop/images/9798887506029.jpg,,False,True,2025.0,less than one percent
BOOK02010,The Detour CEO,['Paul Perreault'],,[],,,,,,,,https://www.leadershipnow.com/leadershop/images/9798887506524.jpg,,False,True,2025.0,the detour ceo
BOOK02011,Deep Future,['Pablos Holman'],,[],,,,,,,,https://www.leadershipnow.com/leadershop/images/9798887507248.jpg,,False,True,2025.0,deep future
BOOK02012,Sharp,['Therese Huston'],,[],,,,,,,,https://www.leadershipnow.com/leadershop/images/9798887702018.jpg,,False,True,2025.0,sharp
BOOK02013,Build a Business You Love,['Dave Ramsey'],,[],,,,,,,,https://www.leadershipnow.com/leadershop/images/9798887820422.jpg,,False,True,2025.0,build a business you love
BOOK02014,Outsmart the Learning Curve,['Joe Sipher'],,[],,,,,,,,https://www.leadershipnow.com/leadershop/images/9798888245477.jpg,,False,True,2024.0,outsmart the learning curve
BOOK02015,All the Presidents' Money,['Megan Gorman'],,[],,,,,,,,https://www.leadershipnow.com/leadershop/images/9798888450802.jpg,,False,True,2024.0,all the presidents' money
BOOK02016,Behind Closed Doors,['Ken Khachigian'],,[],,,,,,,,https://www.leadershipnow.com/leadershop/images/9798888452721.jpg,,False,True,2024.0,behind closed doors
BOOK02017,Creative Insecurity,['James M. Sweeney and Rhonda Lauritzen'],,[],,,,,,,,https://www.leadershipnow.com/leadershop/images/9798888455395.jpg,,False,True,2024.0,creative insecurity
BOOK02018,The Relatable Leader,['Rachel DeAlto'],,[],,,,,,,,https://www.leadershipnow.com/leadershop/images/9798888458983.jpg,,False,True,2025.0,the relatable leader
BOOK02019,Walk Your Talk,['Ted McKinney'],,[],,,,,,,,https://www.leadershipnow.com/leadershop/images/9798889262466.jpg,,False,True,2024.0,walk your talk
BOOK02020,Question to Learn,['Joe Lalley'],,[],,,,,,,,https://www.leadershipnow.com/leadershop/images/9798889264835.jpg,,False,True,2025.0,question to learn
BOOK02021,Presencing,['C. Otto Scharmer and Katrin Kaufer'],,[],,,,,,,,https://www.leadershipnow.com/leadershop/images/9798890570284.jpg,,False,True,2025.0,presencing
BOOK02022,The Win-Win Workplace,['Angela Jackson'],,[],,,,,,,,https://www.leadershipnow.com/leadershop/images/9798890570543.jpg,,False,True,2025.0,the win-win workplace
BOOK02023,The Science of Leadership,['Jeffrey Hull and Margaret Moore'],,[],,,,,,,,https://www.leadershipnow.com/leadershop/images/9798890570765.jpg,,False,True,2025.0,the science of leadership
BOOK02024,The Laughter Factor,['Adam Christing'],,[],,,,,,,,https://www.leadershipnow.com/leadershop/images/9798890570802.jpg,,False,True,2025.0,the laughter factor
BOOK02025,Humble Inquiry,['Edgar H. Schein and Peter A. Schein'],,[],,,,,,,,https://www.leadershipnow.com/leadershop/images/9798890570956.jpg,,False,True,2025.0,humble inquiry
BOOK02026,Trust at a Distance,['David Horsager and Peggy Kendall'],,[],,,,,,,,https://www.leadershipnow.com/leadershop/images/9798890571083.jpg,,False,True,2025.0,trust at a distance
BOOK02027,The Power of Employee Well-Being,['Mark C. Crowley'],,[],,,,,,,,https://www.leadershipnow.com/leadershop/images/9798890571298.jpg,,False,True,2025.0,the power of employee well-being
BOOK02028,Think Your Way to the Top,['Des Hague'],,[],,,,,,,,https://www.leadershipnow.com/leadershop/images/9798891382008.jpg,,False,True,2024.0,think your way to the top
BOOK02029,Lessons from the Admiral,['Mark C. Fava'],,[],,,,,,,,https://www.leadershipnow.com/leadershop/images/9798891382176.jpg,,False,True,2025.0,lessons from the admiral
BOOK02030,Shoveling $h!t,['Kass Lazerow and Michael Lazerow'],,[],,,,,,,,https://www.leadershipnow.com/leadershop/images/9798891383517.jpg,,False,True,2025.0,shoveling $h!t
BOOK02031,Masters of Uncertainty,['Rich Diviney'],,[],,,,,,,,https://www.leadershipnow.com/leadershop/images/9798891383999.jpg,,False,True,2025.0,masters of uncertainty
BOOK02032,The Secure Leader,['Jaime Goff'],,[],,,,,,,,https://www.leadershipnow.com/leadershop/images/9798891384316.jpg,,False,True,2025.0,the secure leader
BOOK02033,The Seismic Shift in You,['Michelle Johnston and Marshall Goldsmith'],,[],,,,,,,,https://www.leadershipnow.com/leadershop/images/9798891386211.jpg,,False,True,2025.0,the seismic shift in you
BOOK02034,Next Play,['Alan Stein Jr.'],,[],,,,,,,,https://www.leadershipnow.com/leadershop/images/9798891386624.jpg,,False,True,2025.0,next play
BOOK02035,Relationship Currency,['Ravi Rajani'],,[],,,,,,,,https://www.leadershipnow.com/leadershop/images/9798891389663.jpg,,False,True,2025.0,relationship currency
BOOK02036,Stay at Risk and Live Forever,['Byron Wien and Taylor Becker'],,[],,,,,,,,https://www.leadershipnow.com/leadershop/images/9798891881181.jpg,,False,True,2024.0,stay at risk and live forever
BOOK02037,The Tao of Leadership,['Jack Myers'],,[],,,,,,,,https://www.leadershipnow.com/leadershop/images/9798891881716.jpg,,False,True,2025.0,the tao of leadership
BOOK02038,"Believer, Bulldog, Coach",['Steve Smithwick'],,[],,,,,,,,https://www.leadershipnow.com/leadershop/images/9798891881730.jpg,,False,True,2025.0,"believer, bulldog, coach"
BOOK02039,The Power of Mattering,['Zach Mercurio'],,[],,,,,,,,https://www.leadershipnow.com/leadershop/images/9798892790123.jpg,,False,True,2025.0,the power of mattering
BOOK02040,There's Nothing Like This,['Kevin Evers'],,[],,,,,,,,https://www.leadershipnow.com/leadershop/images/9798892790178.jpg,,False,True,2025.0,there's nothing like this
BOOK02041,Blindspotting,['Martin Dubin'],,[],,,,,,,,https://www.leadershipnow.com/leadershop/images/9798892790536.jpg,,False,True,2025.0,blindspotting
BOOK02042,The Activator Advantage,"['Matthew Dixon, Rory Channer, Karen Freeman and Ted McKenna']",,[],,,,,,,,https://www.leadershipnow.com/leadershop/images/9798892790574.jpg,,False,True,2025.0,the activator advantage
BOOK02043,More Human,['Rasmus Hougaard and Jacqueline Carter with Marissa Afton and Rob Stembridge'],,[],,,,,,,,https://www.leadershipnow.com/leadershop/images/9798892790628.jpg,,False,True,2025.0,more human
BOOK02044,Bag Man,['Lew Frankfort'],,[],,,,,,,,https://www.leadershipnow.com/leadershop/images/9798892790727.jpg,,False,True,2025.0,bag man
BOOK02045,Culture Design,['James D. White and Krista White'],,[],,,,,,,,https://www.leadershipnow.com/leadershop/images/9798892790772.jpg,,False,True,2025.0,culture design
BOOK02046,Another Way,['Dave Whorton with Bo Burlingham'],,[],,,,,,,,https://www.leadershipnow.com/leadershop/images/9798892791137.jpg,,False,True,2025.0,another way
BOOK02047,The Octopus Organization,['Phil Le-Brun and Jana Werner'],,[],,,,,,,,https://www.leadershipnow.com/leadershop/images/9798892791403.jpg,,False,True,2025.0,the octopus organization
BOOK02048,The Happiness Files,['Arthur C. Brooks'],,[],,,,,,,,https://www.leadershipnow.com/leadershop/images/9798892792264.jpg,,False,True,2025.0,the happiness files
BOOK02049,Superagency,['Reid Hoffman and Greg Beato'],,[],,,,,,,,https://www.leadershipnow.com/leadershop/images/9798893310108.jpg,,False,True,2025.0,superagency
BOOK02050,This Is Strategy,['Seth Godin'],,[],,,,,,,,https://www.leadershipnow.com/leadershop/images/9798893310160.jpg,,False,True,2024.0,this is strategy
BOOK02051,The Overthinker's Guide to Making Decisions,['Joseph Nguyen'],,[],,,,,,,,https://www.leadershipnow.com/leadershop/images/9798893310665.jpg,,False,True,2025.0,the overthinker's guide to making decisions
BOOK02052,Transcend,['Faisal Hoque'],,[],,,,,,,,https://www.leadershipnow.com/leadershop/images/9798895650103.jpg,,False,True,2025.0,transcend
BOOK02053,Seeing Around Corners,['Ken Banta'],,[],,,,,,,,https://www.leadershipnow.com/leadershop/images/9798895651384.jpg,,False,True,2025.0,seeing around corners
BOOK02054,Six Dimes and a Nickel,['Damon West'],,[],,,,,,,,https://www.leadershipnow.com/leadershop/images/9798895651896.jpg,,False,True,2025.0,six dimes and a nickel
BOOK02055,Extraordinary Transformation,['Nido Qubein'],,[],,,,,,,,https://www.leadershipnow.com/leadershop/images/9788986666303.jpg,,False,True,2024.0,extraordinary transformation
BOOK02056,Becoming a Leader Worth Following,['Mike Easley'],,[],,,,,,,,https://www.leadershipnow.com/leadershop/images/9798990085008.jpg,,False,True,2024.0,becoming a leader worth following
BOOK02057,Always Learning,['Gary Kusin'],,[],,,,,,,,https://www.leadershipnow.com/leadershop/images/9798990108509.jpg,,False,True,2024.0,always learning
BOOK02058,Left and Right of the Boom,['Rob Campbell'],,[],,,,,,,,https://www.leadershipnow.com/leadershop/images/9798990712607.jpg,,False,True,2024.0,left and right of the boom
BOOK02059,Mega Thinking,['Dave Martin'],,[],,,,,,,,https://www.leadershipnow.com/leadershop/images/9798990768406.jpg,,False,True,2024.0,mega thinking
BOOK02060,Ready to Win,['Matthew Mitchell'],,[],,,,,,,,https://www.leadershipnow.com/leadershop/images/9798991554206.jpg,,False,True,2024.0,ready to win
BOOK02061,The Wellness Ethic,['Mark Reinisch'],,[],,,,,,,,https://www.leadershipnow.com/leadershop/images/9798991604901.jpg,,False,True,2025.0,the wellness ethic
BOOK02062,A Platform Mindset,['Marcus Fontoura'],,[],,,,,,,,https://www.leadershipnow.com/leadershop/images/9798991762328.jpg,,False,True,2025.0,a platform mindset
BOOK02063,The Most Powerful Sentence of All Time,['Neil Gordon'],,[],,,,,,,,https://www.leadershipnow.com/leadershop/images/9798991824507.jpg,,False,True,2025.0,the most powerful sentence of all time
BOOK02064,Soul Venture,['Ashwin Gulati'],,[],,,,,,,,https://www.leadershipnow.com/leadershop/images/9798992188257.jpg,,False,True,2025.0,soul venture
BOOK02065,Soulgery,['Ahmet Bozer'],,[],,,,,,,,https://www.leadershipnow.com/leadershop/images/9798998507205.jpg,,False,True,2025.0,soulgery
BOOK02066,I Can Fit That In,['Erin Coupe'],,[],,,,,,,,https://www.leadershipnow.com/leadershop/images/9798998608100.jpg,,False,True,2025.0,i can fit that in
BOOK02067,Break The Bottle,['Michael W Allison'],,[],,,,,,,,https://www.leadershipnow.com/leadershop/images/9798999366566.jpg,,False,True,2025.0,break the bottle
