openlibrary_author_key,author_name,candidate_rank,wikidata_id,wikidata_label,wikidata_description,wikidata_url
OL383159A,Stephen R. Covey,1,Q313482,Stephen Covey,"American educator, author, businessman and motivational speaker (1932-2012)",http://www.wikidata.org/entity/Q313482
OL383159A,Stephen R. Covey,2,Q123654696,"Stephen R. Covey, Herald of Good Habits, Dies at 79","The New York Times article (July 17, 2012)",http://www.wikidata.org/entity/Q123654696
OL400156A,Gary A. Yukl,1,Q130733922,Gary A. Yukl,"psychologist, business manager, university teacher (1940-)",http://www.wikidata.org/entity/Q130733922
OL26423A,John C. Maxwell,1,Q3304739,John C. Maxwell,"American author, speaker and neopentecostal pastor",http://www.wikidata.org/entity/Q3304739
OL26423A,John C. Maxwell,2,Q60220754,John C. Maxwell,geologist,http://www.wikidata.org/entity/Q60220754
OL333669A,Bernard M. Bass,1,Q52162437,Bernard M. Bass,American psychologist and leadership pioneer,http://www.wikidata.org/entity/Q52162437
OL7442788A,James Comey,1,Q167607,James Comey,American lawyer and 7th director of the Federal Bureau of Investigation (born 1960),http://www.wikidata.org/entity/Q167607
OL8118723A,James B. Comey,1,Q167607,James Comey,American lawyer and 7th director of the Federal Bureau of Investigation (born 1960),http://www.wikidata.org/entity/Q167607
OL2762041A,Erich Joachimsthaler,1,Q5388045,Erich Joachimsthaler,American businessman,http://www.wikidata.org/entity/Q5388045
OL772556A,Stephen P. Gordon,1,Q114569791,Stephen P. Gordon,American academic in educational leadership,http://www.wikidata.org/entity/Q114569791
OL772556A,Stephen P. Gordon,2,Q7610171,Stephen P. Gordon,American activist (1962-2018),http://www.wikidata.org/entity/Q7610171
OL2672226A,Jovita M. Ross-Gordon,1,Q112517260,Jovita M. Ross-Gordon,academic in adult education,http://www.wikidata.org/entity/Q112517260
OL3714825A,Simon Western,1,Q120188564,Simon Western,British academic,http://www.wikidata.org/entity/Q120188564
OL7524018A,Jocko Willink,1,Q22935809,Jocko Willink,American author,http://www.wikidata.org/entity/Q22935809
OL7524018A,Jocko Willink,2,Q109279392,The Jordan B. Peterson Podcast - S4E13: Jocko Willink,episode of the Jordan B Peterson Podcast,http://www.wikidata.org/entity/Q109279392
OL7524018A,Jocko Willink,3,Q110188812,"Lex Fridman Podcast #197 – Jocko Willink: War, Leadership, and Discipline",podcast episode of the Lex Fridman Podcast,http://www.wikidata.org/entity/Q110188812
OL7524018A,Jocko Willink,4,Q110087557,Jocko Willink | The Ben Shapiro Show Sunday Special Ep. 23,episode of the Ben Shapiro Show,http://www.wikidata.org/entity/Q110087557
OL7524018A,Jocko Willink,5,Q110268138,The Megyn Kelly Show Ep. 77,episode of the Megyn Kelly Show,http://www.wikidata.org/entity/Q110268138
OL236243A,Henry Kissinger,1,Q66107,Henry Kissinger,"American diplomat and geopolitical advisor, served as U.S. Secretary of State from 1973 to 1977 (1923–2023)",http://www.wikidata.org/entity/Q66107
OL236243A,Henry Kissinger,2,Q47510605,Henry Kissinger,painting by James Richard Campbell,http://www.wikidata.org/entity/Q47510605
OL236243A,Henry Kissinger,3,Q47509190,Henry Kissinger,painting by Stanislaw Zagorski,http://www.wikidata.org/entity/Q47509190
OL236243A,Henry Kissinger,4,Q47512269,Henry Kissinger,painting by Gardner Cox,http://www.wikidata.org/entity/Q47512269
OL236243A,Henry Kissinger,5,Q47511912,Henry Kissinger,painting by Robert M. Peak,http://www.wikidata.org/entity/Q47511912
OL241136A,Bruce J. Avolio,1,Q52152510,Bruce Avolio,American leadership studies scholar,http://www.wikidata.org/entity/Q52152510
OL770456A,Ann Lieberman,1,Q112520504,Ann Lieberman,,http://www.wikidata.org/entity/Q112520504
OL1862946A,Lynne Miller,1,Q112542883,Lynne Miller,,http://www.wikidata.org/entity/Q112542883
OL1862946A,Lynne Miller,2,Q6709394,Lynne Miller,actress,http://www.wikidata.org/entity/Q6709394
OL1862946A,Lynne Miller,3,Q124622527,Lynne Miller Franco,researcher,http://www.wikidata.org/entity/Q124622527
OL3411846A,Karen Sobel Lojeski,1,Q112554706,Karen Sobel Lojeski,,http://www.wikidata.org/entity/Q112554706
OL3237212A,Miltiadis D. Lytras,1,Q112443481,Miltiadis D. Lytras,,http://www.wikidata.org/entity/Q112443481
OL1478161A,Terry Anderson,1,Q7704060,Terry Anderson,English association footballer (1944-1980),http://www.wikidata.org/entity/Q7704060
OL1478161A,Terry Anderson,2,Q111511944,Terry Anderson,,http://www.wikidata.org/entity/Q111511944
OL1478161A,Terry Anderson,3,Q100720908,Terry Anderson,college basketball player (2008–2008) Northern Colorado,http://www.wikidata.org/entity/Q100720908
OL1478161A,Terry Anderson,4,Q112436082,Terry Anderson,,http://www.wikidata.org/entity/Q112436082
OL1478161A,Terry Anderson,5,Q7704058,Terry Anderson,Wikimedia disambiguation page,http://www.wikidata.org/entity/Q7704058
OL8064184A,Joan Hernandez,1,Q1455806,Joan Hernández Pijuan,Spanish painter (1931-2005),http://www.wikidata.org/entity/Q1455806
OL8064184A,Joan Hernandez,2,Q11927743,Joan Hernàndez i Baiges,Spanish composer (1911-1988),http://www.wikidata.org/entity/Q11927743
OL8064184A,Joan Hernandez,3,Q20099358,Joan Hernàndez,Wikimedia disambiguation page,http://www.wikidata.org/entity/Q20099358
OL8064184A,Joan Hernandez,4,Q17300950,Joan Hernández Mora,Spanish historian,http://www.wikidata.org/entity/Q17300950
OL8064184A,Joan Hernandez,5,Q20003460,Joan Casellas,Catalan plastic artist and documentary photographer,http://www.wikidata.org/entity/Q20003460
OL390077A,Harold Kerzner,1,Q16262001,Harold Kerzner,"American engineer, management consultant",http://www.wikidata.org/entity/Q16262001
OL442735A,Mary Kay Ash,1,Q610716,Mary Kay Ash,entrepreneure (1918–2001),http://www.wikidata.org/entity/Q610716
OL1126608A,"Taylor, Stephen",1,Q97583345,"Taylor, Stephen Taswell","entry in Alumni Oxonienses: the Members of the University of Oxford, 1715-1886",http://www.wikidata.org/entity/Q97583345
OL1126608A,"Taylor, Stephen",2,Q108773872,"Taylor, Stephen James",entry in Men-at-the-Bar,http://www.wikidata.org/entity/Q108773872
OL2021138A,Anna Sutton,1,Q118108991,Anna Sutton,occupational psychologist in New Zealand,http://www.wikidata.org/entity/Q118108991
OL2021138A,Anna Sutton,2,Q76185562,Anna Houson,(died 1846),http://www.wikidata.org/entity/Q76185562
OL2021138A,Anna Sutton,3,Q140825617,Anna Sutton,epidemiologist at University of Washington,http://www.wikidata.org/entity/Q140825617
OL786466A,Mick Marchington,1,Q112429200,Mick Marchington,,http://www.wikidata.org/entity/Q112429200
OL535417A,Donald C. Mosley,1,Q124635735,Donald C. Mosley,,http://www.wikidata.org/entity/Q124635735
OL770018A,Leon C. Megginson,1,Q93253605,Leon C. Megginson,American business academic,http://www.wikidata.org/entity/Q93253605
OL2847832A,John Purcell,1,Q1274635,John Purcell,American jazz saxophonist,http://www.wikidata.org/entity/Q1274635
OL2847832A,John Purcell,2,Q115904093,John Purcell,,http://www.wikidata.org/entity/Q115904093
OL2847832A,John Purcell,3,Q6253553,John Purcell,"Irish soldier in the British Army, recipient of the Victoria Cross",http://www.wikidata.org/entity/Q6253553
OL2847832A,John Purcell,4,Q131732834,John Purcell,1 Jan 1744 - 9 Nov 1806,http://www.wikidata.org/entity/Q131732834
OL2847832A,John Purcell,5,Q112421994,John Purcell,,http://www.wikidata.org/entity/Q112421994
OL2804440A,Jason Fried,1,Q23795888,Jason Fried,software entrepreneur,http://www.wikidata.org/entity/Q23795888
OL2804440A,Jason Fried,2,Q936338,Jason Friedberg,"American screenwriter and film director, primarily in joint work with Aaron Seltzer",http://www.wikidata.org/entity/Q936338
OL2804440A,Jason Fried,3,Q48257524,Jason Friedman,researcher,http://www.wikidata.org/entity/Q48257524
OL2804440A,Jason Fried,4,Q117457265,Jason Friedman,"Managing Director, J.M.Friedman&Co.",http://www.wikidata.org/entity/Q117457265
OL2804440A,Jason Fried,5,Q15410499,Jason Friedberg and Aaron Seltzer,American and Canadian screenwriter and filmmaker duo,http://www.wikidata.org/entity/Q15410499
OL953741A,Everett E. Adam,1,Q112392394,Everett E. Adam,,http://www.wikidata.org/entity/Q112392394
OL397998A,Richard B. Chase,1,Q16902252,Richard B. Chase,American academic,http://www.wikidata.org/entity/Q16902252
OL589008A,Joseph G. Monks,1,Q123224797,Joseph G. Monks,American industrial engineer,http://www.wikidata.org/entity/Q123224797
OL3278571A,Gregory Frazier,1,Q11924708,Gregory Frazier,,http://www.wikidata.org/entity/Q11924708
OL236061A,Jack R. Meredith,1,Q15429284,Jack R. Meredith,American engineer,http://www.wikidata.org/entity/Q15429284
OL392324A,Andrew Greasley,1,Q4757168,Andrew Greasley,English cricketer (born 1960),http://www.wikidata.org/entity/Q4757168
OL392324A,Andrew Greasley,2,Q132949377,Andrew Greasley,,http://www.wikidata.org/entity/Q132949377
OL38917A,Robert Kreitner,1,Q139463390,Robert Kreitner,,http://www.wikidata.org/entity/Q139463390
OL342981A,John W. Slocum,1,Q110085635,John W. Slocum,American lawyer and politician,http://www.wikidata.org/entity/Q110085635
OL342981A,John W. Slocum,2,Q106292601,John W. Slocum,,http://www.wikidata.org/entity/Q106292601
OL491328A,Nancy J. Adler,1,Q61783042,Nancy J. Adler,Canadian academic,http://www.wikidata.org/entity/Q61783042
OL128085A,Keith Davis,1,Q64831603,Keith Davis,,http://www.wikidata.org/entity/Q64831603
OL128085A,Keith Davis,2,Q104585662,Keith Davis,American economist (1918-2002),http://www.wikidata.org/entity/Q104585662
OL128085A,Keith Davis,3,Q112387200,Keith Davis,,http://www.wikidata.org/entity/Q112387200
OL128085A,Keith Davis,4,Q134737877,Keith Davis,badminton player,http://www.wikidata.org/entity/Q134737877
OL128085A,Keith Davis,5,Q120924673,Keith Davis,African American person killed due to interaction with a California Law Enforcement Agency,http://www.wikidata.org/entity/Q120924673
OL2639584A,Robert Konopaske,1,Q111365302,Rob Konopaske,International Business Management Academic,http://www.wikidata.org/entity/Q111365302
OL3038563A,James Campbell Quick,1,Q95993783,James Campbell Quick,researcher,http://www.wikidata.org/entity/Q95993783
OL2178985A,Alan Barker,1,Q37838941,Alan R. Barker,researcher,http://www.wikidata.org/entity/Q37838941
OL2178985A,Alan Barker,2,Q116475235,Alan Barker,rugby league footballer,http://www.wikidata.org/entity/Q116475235
OL2178985A,Alan Barker,3,Q109854460,Alan Barker,,http://www.wikidata.org/entity/Q109854460
OL2178985A,Alan Barker,4,Q112423913,Alan Barker,,http://www.wikidata.org/entity/Q112423913
OL2178985A,Alan Barker,5,Q19932758,Alan Robert Barker,British general,http://www.wikidata.org/entity/Q19932758
OL219084A,Stephen W. Littlejohn,1,Q139003122,Stephen W. Littlejohn,American communication researcher,http://www.wikidata.org/entity/Q139003122
OL228612A,Karen A. Foss,1,Q29833555,Karen A. Foss,American communication scholar,http://www.wikidata.org/entity/Q29833555
OL39038A,Deepak Chopra,1,Q318506,Deepak Chopra,"Indian-born American author and alternative-medicine advocate, physician and public speaker",http://www.wikidata.org/entity/Q318506
OL39038A,Deepak Chopra,2,Q80189305,Deepak Chopra,researcher (ORCID 0000-0002-0018-6007),http://www.wikidata.org/entity/Q80189305
OL39038A,Deepak Chopra,3,Q91122244,Deepak Chopra,researcher (ORCID 0000-0002-8493-8930),http://www.wikidata.org/entity/Q91122244
OL39038A,Deepak Chopra,4,Q98648389,Deepak Chopra,researcher ORCID 0000-0001-5817-3551,http://www.wikidata.org/entity/Q98648389
OL39038A,Deepak Chopra,5,Q5250497,Deepak Chopra,Canadian businessman,http://www.wikidata.org/entity/Q5250497
OL2763830A,Rosenberg,1,Q1159003,Rosenberg,family name,http://www.wikidata.org/entity/Q1159003
OL2763830A,Rosenberg,2,Q2167017,Rosenberg,noble family (Franconia),http://www.wikidata.org/entity/Q2167017
OL2763830A,Rosenberg,3,Q27541,Ružomberok,town in Slovakia,http://www.wikidata.org/entity/Q27541
OL2763830A,Rosenberg,4,Q4396534,Rosenberg,noble family (Kurland),http://www.wikidata.org/entity/Q4396534
OL2763830A,Rosenberg,5,Q65657138,Rosenberg,"village in Sund, Åland Islands, Finland",http://www.wikidata.org/entity/Q65657138
OL342495A,Theodore S. Rappaport,1,Q18619463,Theodore Rappaport,American electrical engineering professor,http://www.wikidata.org/entity/Q18619463
OL2974978A,Rappaport,1,Q21469784,Rappaport,family name,http://www.wikidata.org/entity/Q21469784
OL2974978A,Rappaport,2,Q6582199,Rappaport Prize,Israeli award,http://www.wikidata.org/entity/Q6582199
OL2974978A,Rappaport,3,Q12406897,Rappaport Faculty of Medicine,medical facility in Haifa,http://www.wikidata.org/entity/Q12406897
OL2974978A,Rappaport,4,Q106113303,Rappaportová,family name,http://www.wikidata.org/entity/Q106113303
OL2974978A,Rappaport,5,Q89641940,"Rappaport, Moriz (BLKÖ)","entry in the Biographisches Lexikon des Kaiserthums Oesterreich (vol. 24, p. 365)",http://www.wikidata.org/entity/Q89641940
OL39286A,Behrouz A. Forouzan,1,Q4880998,Behrouz A. Forouzan,American academic,http://www.wikidata.org/entity/Q4880998
OL5318188A,Xi Zhang,1,Q100737136,Xi Zhang,researcher ORCID 0000-0002-8548-2832,http://www.wikidata.org/entity/Q100737136
OL5318188A,Xi Zhang,2,Q104065548,Xi Zhang,researcher ORCID 0000-0003-0815-4007,http://www.wikidata.org/entity/Q104065548
OL5318188A,Xi Zhang,3,Q102350706,Xi Zhang,Ph.D. Kungliga Tekniska Högskolan 2008,http://www.wikidata.org/entity/Q102350706
OL5318188A,Xi Zhang,4,Q102308832,Xi Zhang,Ph.D. Columbia University 2006,http://www.wikidata.org/entity/Q102308832
OL5318188A,Xi Zhang,5,Q102361564,Xi Zhang,Ph.D. State University of New York at Buffalo 2010,http://www.wikidata.org/entity/Q102361564
OL7964852A,James Comey,1,Q167607,James Comey,American lawyer and 7th director of the Federal Bureau of Investigation (born 1960),http://www.wikidata.org/entity/Q167607
OL3010393A,Dick Ruhe,1,Q123247117,Dick Ruhe,,http://www.wikidata.org/entity/Q123247117
OL233688A,Richard L. Hughes,1,Q127751718,Richard Hughes,United States academic,http://www.wikidata.org/entity/Q127751718
OL957796A,Richard Hughes,1,Q302433,Richard Hughes,British writer (1900–1976),http://www.wikidata.org/entity/Q302433
OL957796A,Richard Hughes,2,Q137049093,Richard Hughes,Chair of the Office for Budget Responsibility,http://www.wikidata.org/entity/Q137049093
OL957796A,Richard Hughes,3,Q132574107,Richard Hughes,Australian director and reality television contestant,http://www.wikidata.org/entity/Q132574107
OL957796A,Richard Hughes,4,Q42533857,Richard K Hughes,researcher,http://www.wikidata.org/entity/Q42533857
OL957796A,Richard Hughes,5,Q20734280,Richard Hughes,Welsh printer and publisher,http://www.wikidata.org/entity/Q20734280
OL2639184A,Robert Ginnett,1,Q64011255,Robert Ginnetti,Canadian-born Italian ice hockey player,http://www.wikidata.org/entity/Q64011255
OL216820A,Donald T. Phillips,1,Q5295213,Donald T. Phillips,American writer,http://www.wikidata.org/entity/Q5295213
OL216820A,Donald T. Phillips,2,Q102270729,Don T. Phillips,Ph.D. University of Arkansas 1969,http://www.wikidata.org/entity/Q102270729
OL27560A,James MacGregor Burns,1,Q1529607,James MacGregor Burns,American historian and political scientist (1918–2014),http://www.wikidata.org/entity/Q1529607
OL27560A,James MacGregor Burns,2,Q123599451,"James MacGregor Burns, Scholar of Presidents and Leadership, Dies at 95","The New York Times article (July 16, 2014)",http://www.wikidata.org/entity/Q123599451
OL217763A,Robert N. Lussier,1,Q112485435,Robert N. Lussier,,http://www.wikidata.org/entity/Q112485435
OL237290A,James M. Kouzes,1,Q55865983,James M. Kouzes,1945-,http://www.wikidata.org/entity/Q55865983
OL2648679A,Barry Z. Posner,1,Q16137225,Barry Posner,American leadership academic,http://www.wikidata.org/entity/Q16137225
OL218730A,Elaine Biech,1,Q112444018,Elaine Biech,,http://www.wikidata.org/entity/Q112444018
OL4148975A,Barry Posner,1,Q16137225,Barry Posner,American leadership academic,http://www.wikidata.org/entity/Q16137225
OL4148975A,Barry Posner,2,Q4864617,Barry Posner,Canadian physician,http://www.wikidata.org/entity/Q4864617
OL4148975A,Barry Posner,3,Q16859272,Barry Posner,Wikimedia disambiguation page,http://www.wikidata.org/entity/Q16859272
OL8082877A,Peter Schein,1,Q119582967,Peter A. Schein,,http://www.wikidata.org/entity/Q119582967
OL8082877A,Peter Schein,2,Q102213292,Peter Scheinost,Ph.D. Ludwig-Maximilians-Universität München 1992,http://www.wikidata.org/entity/Q102213292
OL8082877A,Peter Schein,3,Q113811846,Peter Scheinpflug,,http://www.wikidata.org/entity/Q113811846
OL8082877A,Peter Schein,4,Q55875946,Peter Scheiner,1554-1603; Superintendent in Oschatz,http://www.wikidata.org/entity/Q55875946
OL8082877A,Peter Schein,5,Q139150011,Peter Scheiner,,http://www.wikidata.org/entity/Q139150011
OL222155A,Doris Kearns Goodwin,1,Q442008,Doris Kearns Goodwin,American biographer and historian (born 1943),http://www.wikidata.org/entity/Q442008
OL222155A,Doris Kearns Goodwin,2,Q22980266,Doris Kearns Goodwin: Lessons from past presidents,TED2008,http://www.wikidata.org/entity/Q22980266
OL9310463A,Doris Kearns Goodwin,1,Q442008,Doris Kearns Goodwin,American biographer and historian (born 1943),http://www.wikidata.org/entity/Q442008
OL9310463A,Doris Kearns Goodwin,2,Q22980266,Doris Kearns Goodwin: Lessons from past presidents,TED2008,http://www.wikidata.org/entity/Q22980266
OL659144A,Ronald E. Riggio,1,Q72594844,Ronald E. Riggio,researcher,http://www.wikidata.org/entity/Q72594844
OL4929480A,David Logan,1,Q509794,David Logan,American basketball player,http://www.wikidata.org/entity/Q509794
OL4929480A,David Logan,2,Q57891506,David Logan,"British diplomat (-1943). Counsellor and Head of Chancery, Embassy, Norway 1982-1986, Head of Personnel Operations Department, Foreign and Commonwealth Office 1986-1988, Minister, U.S.S.R./Russia 1989-1992, Assistant Under-Secretary for Foreign and C",http://www.wikidata.org/entity/Q57891506
OL4929480A,David Logan,3,Q124200926,David Logan,,http://www.wikidata.org/entity/Q124200926
OL4929480A,David Logan,4,Q120416079,David Logan,1780 - est. 1821,http://www.wikidata.org/entity/Q120416079
OL4929480A,David Logan,5,Q43170241,David C Logan,researcher,http://www.wikidata.org/entity/Q43170241
OL2632097A,Dave Logan,1,Q16731592,Dave Logan,American author and professor,http://www.wikidata.org/entity/Q16731592
OL2632097A,Dave Logan,2,Q5229217,Dave Logan,American football player (born 1954),http://www.wikidata.org/entity/Q5229217
OL2632097A,Dave Logan,3,Q5236735,David Logan,American football player (1956-1999),http://www.wikidata.org/entity/Q5236735
OL2632097A,Dave Logan,4,Q5229218,Dave Logan,Canadian ice hockey defenceman,http://www.wikidata.org/entity/Q5229218
OL2632097A,Dave Logan,5,Q137681686,David Logan,Canadian political candidate,http://www.wikidata.org/entity/Q137681686
OL2632098A,John King,1,Q671520,John King,English writer (born 1960),http://www.wikidata.org/entity/Q671520
OL2632098A,John King,2,Q6243132,John King,American music producer (born 1953),http://www.wikidata.org/entity/Q6243132
OL2632098A,John King,3,Q6243110,John King Jr.,American politician (born 1975); 10th United States Secretary of Education,http://www.wikidata.org/entity/Q6243110
OL2632098A,John King,4,Q6243129,John King,American journalist (born 1963),http://www.wikidata.org/entity/Q6243129
OL2632098A,John King,5,Q1700706,John King,Irish soldier and Australian explorer (1838–1872),http://www.wikidata.org/entity/Q1700706
OL2632099A,Halee Fischer-Wright,1,Q43110878,Halee Fischer-Wright,American physician,http://www.wikidata.org/entity/Q43110878
OL386286A,Joe D. Batten,1,Q112373371,Joe D. Batten,,http://www.wikidata.org/entity/Q112373371
OL54602A,Rudolph W. Giuliani,1,Q212648,Rudy Giuliani,American attorney and politician (born 1944),http://www.wikidata.org/entity/Q212648
OL219764A,Patrick Lencioni,1,Q7147004,Patrick Lencioni,American writer,http://www.wikidata.org/entity/Q7147004
OL1236399A,John Heider,1,Q112418595,John Heider,,http://www.wikidata.org/entity/Q112418595
OL9507985A,Martin Tan,1,Q113503900,Martin Tank,- 1627 Wismar,http://www.wikidata.org/entity/Q113503900
OL9507985A,Martin Tan,2,Q100366657,Martín Tanaka,Peruvian sociologist and political scientist,http://www.wikidata.org/entity/Q100366657
OL9507985A,Martin Tan,3,Q62058462,Martin Tancer,Czech computer scientist,http://www.wikidata.org/entity/Q62058462
OL9507985A,Martin Tan,4,Q12326315,Martin Tancke,Danish diplomat,http://www.wikidata.org/entity/Q12326315
OL9507985A,Martin Tan,5,Q114326700,Martin Tancar,researcher,http://www.wikidata.org/entity/Q114326700
OL545889A,Lee G. Bolman,1,Q93239421,Lee G. Bolman,,http://www.wikidata.org/entity/Q93239421
OL2637309A,John Wooden,1,Q551032,John Wooden,American basketball coach (1910–2010),http://www.wikidata.org/entity/Q551032
OL2637309A,John Wooden,2,Q1702215,UCLA John Wooden Center,"building on the University of California, Los Angeles campus",http://www.wikidata.org/entity/Q1702215
OL2637309A,John Wooden,3,Q105695192,UCLA John Wooden Center West,"building on the University of California, Los Angeles campus",http://www.wikidata.org/entity/Q105695192
OL2637309A,John Wooden,4,Q22992234,John Wooden: The difference between winning and succeeding,TED2001,http://www.wikidata.org/entity/Q22992234
OL2637309A,John Wooden,5,Q11928245,John Woodenlegs,American Indian chief,http://www.wikidata.org/entity/Q11928245
OL220279A,David A. Aaker,1,Q1173491,David Allen Aaker,American economist,http://www.wikidata.org/entity/Q1173491
OL3480923A,Jill Barr,1,Q65018279,Jill Barrie,badminton player,http://www.wikidata.org/entity/Q65018279
OL3480923A,Jill Barr,2,Q57571533,Jill Barr-Walker,researcher ORCID ID = 0000-0002-8448-1184,http://www.wikidata.org/entity/Q57571533
OL3480923A,Jill Barr,3,Q105199208,Jill Barry,American politician from Connecticut (born 1973),http://www.wikidata.org/entity/Q105199208
OL3480923A,Jill Barr,4,Q75338767,Jill Kathleen Barrett-Lennard,(born 1946),http://www.wikidata.org/entity/Q75338767
OL3480923A,Jill Barr,5,Q43095225,Jill Barrow,British company director and public administrator,http://www.wikidata.org/entity/Q43095225
OL21502A,Kenneth H. Blanchard,1,Q320595,Kenneth Hartley Blanchard,American business writer,http://www.wikidata.org/entity/Q320595
OL2623346A,Patricia Zigarmi,1,Q120602364,Patricia Zigarmi,,http://www.wikidata.org/entity/Q120602364
OL2623347A,Drea Zigarmi,1,Q120602365,Drea Zigarmi,,http://www.wikidata.org/entity/Q120602365
OL778253A,Richard A. Gorton,1,Q139446157,Richard A. Gorton,,http://www.wikidata.org/entity/Q139446157
OL1478504A,Judy A. Alston,1,Q139443948,Judy A. Alston,,http://www.wikidata.org/entity/Q139443948
OL3925630A,Max DePree,1,Q3302067,Max De Pree,American businessman and writer (1924–2017),http://www.wikidata.org/entity/Q3302067
OL221968A,Robin S. Sharma,1,Q2604952,Robin Sharma,Canadian self-help writer,http://www.wikidata.org/entity/Q2604952
OL1386640A,David Cottrell,1,Q112509983,David Cottrell,psychiatrist (born 1956),http://www.wikidata.org/entity/Q112509983
OL1386640A,David Cottrell,2,Q112480696,David Cottrell,,http://www.wikidata.org/entity/Q112480696
OL1386640A,David Cottrell,3,Q71543601,David S. Cottrell,researcher,http://www.wikidata.org/entity/Q71543601
OL1386640A,David Cottrell,4,Q53784066,David J. Cottrell,researcher,http://www.wikidata.org/entity/Q53784066
OL1386640A,David Cottrell,5,Q25350303,David Cottrell,British academic (1947–2009),http://www.wikidata.org/entity/Q25350303
OL35741A,Marshall Loeb,1,Q6773687,Marshall Loeb,American journalist,http://www.wikidata.org/entity/Q6773687
OL35741A,Marshall Loeb,2,Q123577175,"Marshall Loeb, Editor Who Shaped Money and Fortune Magazines, Dies at 88","The New York Times article (December 11, 2017)",http://www.wikidata.org/entity/Q123577175
OL383301A,Allan A. Glatthorn,1,Q52008212,Allan A. Glatthorn,1924-,http://www.wikidata.org/entity/Q52008212
OL72319A,Karen Lawson,1,Q112444520,Karen Lawson,,http://www.wikidata.org/entity/Q112444520
OL72319A,Karen Lawson,2,Q75473415,Karen Janet Welsh,(born 1964),http://www.wikidata.org/entity/Q75473415
OL562669A,Rosemary Ryan,1,Q113698112,Rosemary Ryan,Australian artist (1926–1996),http://www.wikidata.org/entity/Q113698112
OL562669A,Rosemary Ryan,2,Q22415175,Rosemary Ryan,Irish female distance runner,http://www.wikidata.org/entity/Q22415175
OL389858A,Ellen Van Velsor,1,Q112549518,Ellen Van Velsor,,http://www.wikidata.org/entity/Q112549518
OL657508A,Edwin M. Bridges,1,Q112407027,Edwin Michael Bridges,pedologist,http://www.wikidata.org/entity/Q112407027
OL736784A,Susan Edwards,1,Q105682224,Susan Edwards,(1771-1855),http://www.wikidata.org/entity/Q105682224
OL736784A,Susan Edwards,2,Q112376510,Susan Edwards,,http://www.wikidata.org/entity/Q112376510
OL736784A,Susan Edwards,3,Q107209539,Susan Edwards,"Director, Enforcement, Insolvency and Corporate Law, Department for Business, Innovation and Skills, 2009–12",http://www.wikidata.org/entity/Q107209539
OL736784A,Susan Edwards,4,Q45292427,Susan Edwards,Australian physiologist and academic administrator,http://www.wikidata.org/entity/Q45292427
OL736784A,Susan Edwards,5,Q57333687,Susan Edwards,"education academic, researcher",http://www.wikidata.org/entity/Q57333687
OL948501A,Terry F. Buss,1,Q112443627,Terry F. Buss,,http://www.wikidata.org/entity/Q112443627
OL387435A,Frances A. Karnes,1,Q112478718,Frances A. Karnes,American writer and educator,http://www.wikidata.org/entity/Q112478718
OL7978852A,Dirk van Dierendonck,1,Q58173568,Dirk Van Dierendonck,"researcher, ORCID id # 0000-0002-3545-1798",http://www.wikidata.org/entity/Q58173568
OL7978852A,Dirk van Dierendonck,2,Q133788744,Dirk van Dierendonck,,http://www.wikidata.org/entity/Q133788744
OL6456967A,K. Patterson,1,Q122225779,Kevin Patterson,researcher at Plant & Food Research in New Zealand,http://www.wikidata.org/entity/Q122225779
OL8154264A,Steve Kempster,1,Q58076270,Steve Kempster,researcher,http://www.wikidata.org/entity/Q58076270
OL1747377A,Sue Smith,1,Q57451503,Sue Smith,researcher,http://www.wikidata.org/entity/Q57451503
OL1747377A,Sue Smith,2,Q15040075,Sue Smith,British horse trainer,http://www.wikidata.org/entity/Q15040075
OL1747377A,Sue Smith,3,Q24809547,Sue Smith,Australian screenwriter and playwright,http://www.wikidata.org/entity/Q24809547
OL1747377A,Sue Smith,4,Q16150449,Sue Smith,Australian politician,http://www.wikidata.org/entity/Q16150449
OL1747377A,Sue Smith,5,Q530143,Sue Smith,British footballer (born 1979),http://www.wikidata.org/entity/Q530143
OL8081136A,Gelaye Debebe,1,Q61133441,Gelaye Debebe,(born 1966),http://www.wikidata.org/entity/Q61133441
OL28563A,Manuel London,1,Q112416244,Manuel London,,http://www.wikidata.org/entity/Q112416244
OL4174624A,Shuang Ren,1,Q130948953,Shuang Ren,researcher (ORCID 0009-0008-7381-487X),http://www.wikidata.org/entity/Q130948953
OL4174624A,Shuang Ren,2,Q96048424,Shuang Ren,researcher,http://www.wikidata.org/entity/Q96048424
OL4174624A,Shuang Ren,3,Q137090748,Shuang Ren,,http://www.wikidata.org/entity/Q137090748
OL4174624A,Shuang Ren,4,Q133594523,Shuang Ren,,http://www.wikidata.org/entity/Q133594523
OL395327A,Robert Wood,1,Q550926,Robert W. Wood,American physicist and inventor (1868–1955),http://www.wikidata.org/entity/Q550926
OL395327A,Robert Wood,2,Q110138747,Robert Wood,British American atmospheric scientist,http://www.wikidata.org/entity/Q110138747
OL395327A,Robert Wood,3,Q110067482,Robert Wood,1430 - certain 1456,http://www.wikidata.org/entity/Q110067482
OL395327A,Robert Wood,4,Q7345996,Robert J. Wood,American army general (1905–1986),http://www.wikidata.org/entity/Q7345996
OL395327A,Robert Wood,5,Q15052600,Robert Wood,British psychologist,http://www.wikidata.org/entity/Q15052600
OL5535617A,Ying Zhu,1,Q104131505,Ying Zhu,researcher ORCID 0000-0003-0949-0475,http://www.wikidata.org/entity/Q104131505
OL5535617A,Ying Zhu,2,Q102361196,Ying Zhu,Ph.D. North Carolina State University 2009,http://www.wikidata.org/entity/Q102361196
OL5535617A,Ying Zhu,3,Q102851686,Ying Zhu,"Ph.D. University of California, Berkeley 2015",http://www.wikidata.org/entity/Q102851686
OL5535617A,Ying Zhu,4,Q104284319,Ying Zhu,researcher ORCID 0000-0002-4535-8546,http://www.wikidata.org/entity/Q104284319
OL5535617A,Ying Zhu,5,Q102317214,Ying Zhu,Ph.D. George Mason University 2000,http://www.wikidata.org/entity/Q102317214
OL7582479A,Wendy Wagner,1,Q111820212,Wendy N. Wagner,American writer and editor,http://www.wikidata.org/entity/Q111820212
OL7582479A,Wendy Wagner,2,Q9371962,Wendy Kay Wagner,American skier,http://www.wikidata.org/entity/Q9371962
OL7582479A,Wendy Wagner,3,Q139063060,Wendy Wagner,,http://www.wikidata.org/entity/Q139063060
OL7582479A,Wendy Wagner,4,Q139518184,Wendy Wagner,,http://www.wikidata.org/entity/Q139518184
OL7582479A,Wendy Wagner,5,Q516627,Wende Wagner,American film and television actress (1941-1997),http://www.wikidata.org/entity/Q516627
OL8048521A,Susan Elaine Murphy,1,Q117839246,Susan Elaine Murphy,"psychologist, graduated from University of Washington with a Graduate Degree in Psychology",http://www.wikidata.org/entity/Q117839246
OL8048521A,Susan Elaine Murphy,2,Q112449276,Susan E. Murphy,,http://www.wikidata.org/entity/Q112449276
OL542112A,Carol A. Mullen,1,Q91914357,Carol A Mullen,American academic researcher and scholar of alternative mentoring,http://www.wikidata.org/entity/Q91914357
OL10188240A,Janine Williams,1,Q112574706,Janine Williams,marketing and international business lecturer in New Zealand,http://www.wikidata.org/entity/Q112574706
OL10188240A,Janine Williams,2,Q135656973,Janine Williams,New Zealand artist,http://www.wikidata.org/entity/Q135656973
OL7297514A,Mark A. Brennan,1,Q6766442,Mark A. Brennan,Canadian artist,http://www.wikidata.org/entity/Q6766442
OL1326651A,Ted Johns,1,Q7693343,Ted Johns,Canadian writer,http://www.wikidata.org/entity/Q7693343
OL1326651A,Ted Johns,2,Q100850715,Ted Johnson,college basketball player (1981–1982) Lafayette,http://www.wikidata.org/entity/Q100850715
OL1326651A,Ted Johns,3,Q113726470,Ted Johnson South,,http://www.wikidata.org/entity/Q113726470
OL1326651A,Ted Johns,4,Q58422144,E. R. Johnson,Ph.D. University of Cambridge 1977,http://www.wikidata.org/entity/Q58422144
OL1326651A,Ted Johns,5,Q5237318,David McDaniel,American writer (1939–1977),http://www.wikidata.org/entity/Q5237318
OL720844A,Lee Barr,1,Q6513033,Lee Barrow,English footballer (born 1973),http://www.wikidata.org/entity/Q6513033
OL720844A,Lee Barr,2,Q126848775,Lee Barron,British politician,http://www.wikidata.org/entity/Q126848775
OL720844A,Lee Barr,3,Q111724418,Lee Barron,Irish rugby union player,http://www.wikidata.org/entity/Q111724418
OL720844A,Lee Barr,4,Q112519610,Lee Barron,,http://www.wikidata.org/entity/Q112519610
OL720844A,Lee Barr,5,Q83494,Lee Cattermole,English footballer (born 1988),http://www.wikidata.org/entity/Q83494
OL2877334A,Louis Carter,1,Q6686867,Louis Carter,American football player,http://www.wikidata.org/entity/Q6686867
OL2877334A,Louis Carter,2,Q1650207,Lou Carter,American musician and pianist (1918–2005),http://www.wikidata.org/entity/Q1650207
OL2877334A,Louis Carter,3,Q133652888,Louis Carter,American businessperson and organizational psychologist,http://www.wikidata.org/entity/Q133652888
OL2877334A,Louis Carter,4,Q6686872,Louis Carter Smith,American archer,http://www.wikidata.org/entity/Q6686872
OL236847A,David Ulrich,1,Q58436082,David Ulrich,,http://www.wikidata.org/entity/Q58436082
OL236847A,David Ulrich,2,Q133343604,David Ulrich,,http://www.wikidata.org/entity/Q133343604
OL236847A,David Ulrich,3,Q53498364,David Ulrich Böcklin,,http://www.wikidata.org/entity/Q53498364
OL236847A,David Ulrich,4,Q133005766,David Ulrich Seidel,,http://www.wikidata.org/entity/Q133005766
OL236847A,David Ulrich,5,Q132977361,David Ulrich Schmidlin,,http://www.wikidata.org/entity/Q132977361
OL2652676A,Marshall Goldsmith,1,Q1274760,Marshall Goldsmith,American author of leadership and management literature,http://www.wikidata.org/entity/Q1274760
OL2652676A,Marshall Goldsmith,2,Q6773599,Marshall Goldsmith School of Management,Business school of Alliant International University,http://www.wikidata.org/entity/Q6773599
OL230540A,Alma Harris,1,Q106638408,Alma Harris,Welsh pedagogue,http://www.wikidata.org/entity/Q106638408
OL443596A,Christopher Mabey,1,Q112467277,Christopher Mabey,,http://www.wikidata.org/entity/Q112467277
OL2434686A,Jack Gordon,1,Q117100642,Jack Gordon,English footballer (1911–?),http://www.wikidata.org/entity/Q117100642
OL2434686A,Jack Gordon,2,Q75479444,Jack Gordon,Peerage person ID=167271,http://www.wikidata.org/entity/Q75479444
OL2434686A,Jack Gordon,3,Q54827679,Jack Gordon,English actor,http://www.wikidata.org/entity/Q54827679
OL2434686A,Jack Gordon,4,Q10465653,John Gordon,Scottish footballer (1899-1964),http://www.wikidata.org/entity/Q10465653
OL2434686A,Jack Gordon,5,Q6112747,Jack Gordon,Scottish footballer (1863-?),http://www.wikidata.org/entity/Q6112747
OL19864A,Albert Ellis,1,Q313931,Albert Ellis,American psychologist (1913–2007),http://www.wikidata.org/entity/Q313931
OL19864A,Albert Ellis,2,Q15970047,Albert Ellissen,French private banker and engineer,http://www.wikidata.org/entity/Q15970047
OL19864A,Albert Ellis,3,Q4710143,Albert Ellis,English footballer (1889-1961),http://www.wikidata.org/entity/Q4710143
OL19864A,Albert Ellis,4,Q4710144,Albert Ellis,Wikimedia disambiguation page,http://www.wikidata.org/entity/Q4710144
OL19864A,Albert Ellis,5,Q106918213,Albert Ellis Allin,"physician, naturalist and writer (1906–1966)",http://www.wikidata.org/entity/Q106918213
OL389943A,Elliott Jaques,1,Q1332333,Elliott Jaques,Canadian psychoanalyst and organizational psychologist (1917-2003),http://www.wikidata.org/entity/Q1332333
OL833791A,Chris Argyris,1,Q1076951,Chris Argyris,American business theorist (1923-2013),http://www.wikidata.org/entity/Q1076951
OL833791A,Chris Argyris,2,Q123012334,"Chris Argyris, Integrating the Individual and the Organization, Wiley, London, 1964, 330 sider.",scientific article published in January 1966,http://www.wikidata.org/entity/Q123012334
OL833791A,Chris Argyris,3,Q108536093,"Chris Argyris, Intervention Theory and Method, a Behavioral Science View, Addison-Wesley, London, 1970, 374 s.",scientific article published on 01 January 1972,http://www.wikidata.org/entity/Q108536093
OL6812521A,Joseph Olmstead,1,Q99370568,Joseph Olmstead,deacon (1674 - certain 25 Feb 1762),http://www.wikidata.org/entity/Q99370568
OL6812521A,Joseph Olmstead,2,Q99370576,Joseph Olmstead,deacon (1654-1726),http://www.wikidata.org/entity/Q99370576
OL4345625A,Peter F. Drucker,1,Q84238,Peter Drucker,American business consultant (1909–2005),http://www.wikidata.org/entity/Q84238
OL4345625A,Peter F. Drucker,2,Q7173902,Peter F. Drucker and Masatoshi Ito Graduate School of Management,"Business school in California, U.S.",http://www.wikidata.org/entity/Q7173902
OL4345625A,Peter F. Drucker,3,Q77682997,Peter F. Drucker: the dynamics of health care administration,scientific article published on 01 February 1978,http://www.wikidata.org/entity/Q77682997
OL4345625A,Peter F. Drucker,4,Q108536120,"Peter F. Drucker, ed., Preparing Tomorrows Businessleaders Today, Prentice/Hall, London, 1969, 100 sh, 290 s.",,http://www.wikidata.org/entity/Q108536120
OL4345625A,Peter F. Drucker,5,Q52411096,Peter F. Drucker and Karl D. Bays discuss the toughest job--running a hospital. Part 2.,scientific article published in January 1982,http://www.wikidata.org/entity/Q52411096
OL717679A,Joseph A. Maciariello,1,Q112398200,Joseph A. Maciariello,,http://www.wikidata.org/entity/Q112398200
OL1802361A,Jim Collins,1,Q114575424,Jim Collins,"American businessperson and board member, former CEO of Corteva",http://www.wikidata.org/entity/Q114575424
OL1802361A,Jim Collins,2,Q110263723,Jim Collins,Australian rugby league footballer (1923– 1996),http://www.wikidata.org/entity/Q110263723
OL1802361A,Jim Collins,3,Q6131576,James J. Collins,American professor of biomedical engineering,http://www.wikidata.org/entity/Q6131576
OL1802361A,Jim Collins,4,Q1680733,James M. Collins,American politician (1916-1989),http://www.wikidata.org/entity/Q1680733
OL1802361A,Jim Collins,5,Q1134293,James C. Collins,American business consultant and writer,http://www.wikidata.org/entity/Q1134293
OL383503A,M. Scott Norton,1,Q130640309,M. Scott Norton,,http://www.wikidata.org/entity/Q130640309
OL5714840A,Marvin Bower,1,Q1906048,Marvin Bower,American business theorist (1903–2003),http://www.wikidata.org/entity/Q1906048
OL5714840A,Marvin Bower,2,Q100756891,Marvin Bowerman,college basketball player (1951–1951) San Francisco,http://www.wikidata.org/entity/Q100756891
OL3236048A,Nathan Axelrod,1,Q2687017,Nathan Axelrod,"Israeli cinematographer, screenwriter, director (1905–1987)",http://www.wikidata.org/entity/Q2687017
OL3236048A,Nathan Axelrod,2,Q113641909,Nathan Axelrod Speaking on the Introduction of Sound,newsreel,http://www.wikidata.org/entity/Q113641909
OL11546536A,abraham holtzman,1,Q23722834,Abraham Holtzman,American political scientist,http://www.wikidata.org/entity/Q23722834
OL5574571A,James Frederick Bender,1,Q112464590,James Frederick Bender,,http://www.wikidata.org/entity/Q112464590
OL542945A,Marvin Bower,1,Q1906048,Marvin Bower,American business theorist (1903–2003),http://www.wikidata.org/entity/Q1906048
OL542945A,Marvin Bower,2,Q100756891,Marvin Bowerman,college basketball player (1951–1951) San Francisco,http://www.wikidata.org/entity/Q100756891
OL340685A,"Campbell, Colin",1,Q106190522,"Campbell, Colin","entry in Alumni Oxonienses: the Members of the University of Oxford, 1715-1886",http://www.wikidata.org/entity/Q106190522
OL340685A,"Campbell, Colin",2,Q24015112,"Campbell, Colin (a) (NBD)",entry in the Naval Biographical Dictionary,http://www.wikidata.org/entity/Q24015112
OL340685A,"Campbell, Colin",3,Q24015122,"Campbell, Colin Yorke (NBD)",entry in the Naval Biographical Dictionary,http://www.wikidata.org/entity/Q24015122
OL340685A,"Campbell, Colin",4,Q19021146,"Campbell, Colin (d.1729) (DNB00)",entry in Dictionary of National Biography,http://www.wikidata.org/entity/Q19021146
OL340685A,"Campbell, Colin",5,Q19021136,"Campbell, Colin (d.1584) (DNB00)",entry in Dictionary of National Biography,http://www.wikidata.org/entity/Q19021136
OL2933997A,Margaret Jane Wyszomirski,1,Q139433622,Margaret Jane Wyszomirski,,http://www.wikidata.org/entity/Q139433622
OL9482201A,Richard D. Heimovics,1,Q112385927,Richard Heimovics,,http://www.wikidata.org/entity/Q112385927
OL2955129A,Ludger Helms,1,Q112551609,Ludger Helms,,http://www.wikidata.org/entity/Q112551609
OL371014A,Stephen J. Zaccaro,1,Q16221621,Stephen Zaccaro,American psychologist,http://www.wikidata.org/entity/Q16221621
OL1346979A,Abraham Holtzman,1,Q23722834,Abraham Holtzman,American political scientist,http://www.wikidata.org/entity/Q23722834
OL1756685A,Ordway Tead,1,Q7100953,Ordway Tead,American academic,http://www.wikidata.org/entity/Q7100953
OL11510748A,JAMES FREDERICK BENDER,1,Q112464590,James Frederick Bender,,http://www.wikidata.org/entity/Q112464590
OL5554142A,John Apps,1,Q87846390,John Richard Apps,researcher,http://www.wikidata.org/entity/Q87846390
OL400406A,Graham Kelly,1,Q5592972,Graham Kelly,English football administrator,http://www.wikidata.org/entity/Q5592972
OL400406A,Graham Kelly,2,Q5592971,Graham Kelly,New Zealand politician,http://www.wikidata.org/entity/Q5592971
OL400406A,Graham Kelly,3,Q30122221,Graham Kelly,footballer,http://www.wikidata.org/entity/Q30122221
OL400406A,Graham Kelly,4,Q44741847,Graham Kelly,association football player,http://www.wikidata.org/entity/Q44741847
OL400406A,Graham Kelly,5,Q92778478,Graham Kelly,Wikimedia disambiguation page,http://www.wikidata.org/entity/Q92778478
OL3600663A,Donna Weiss,1,Q133408510,Donna Weiss,,http://www.wikidata.org/entity/Q133408510
OL3600663A,Donna Weiss,2,Q17385849,Donna Terry Weiss,American singer-songwriter,http://www.wikidata.org/entity/Q17385849
OL235247A,Kenneth O. Gangel,1,Q111680926,Kenneth O. Gangel,,http://www.wikidata.org/entity/Q111680926
OL235247A,Kenneth O. Gangel,2,Q130122230,Kenneth O. Gangel: A True Educational Leader,scholarly article published in May 2004,http://www.wikidata.org/entity/Q130122230
OL8358679A,Christine Johnson McPhail,1,Q124544159,Christine Johnson McPhail,American academic administrator,http://www.wikidata.org/entity/Q124544159
OL8358680A,Eloy Ortiz Oakley,1,Q117222114,Eloy Ortiz Oakley,"Chancellor, California Community Colleges",http://www.wikidata.org/entity/Q117222114
OL2948637A,Don Page,1,Q3035873,Don Page,Canadian physicist,http://www.wikidata.org/entity/Q3035873
OL2948637A,Don Page,2,Q117120694,Don Page,,http://www.wikidata.org/entity/Q117120694
OL2948637A,Don Page,3,Q126208951,Don Page,lacrosse official,http://www.wikidata.org/entity/Q126208951
OL2948637A,Don Page,4,Q5293273,Don Page,New South Wales politician,http://www.wikidata.org/entity/Q5293273
OL2948637A,Don Page,5,Q5293270,Don Page,Wikimedia disambiguation page,http://www.wikidata.org/entity/Q5293270
OL410958A,Peter Hawkins,1,Q7174587,Peter Hawkins,British actor (1924–2006),http://www.wikidata.org/entity/Q7174587
OL410958A,Peter Hawkins,2,Q7174588,Peter Hawkins,English footballer (born 1978),http://www.wikidata.org/entity/Q7174588
OL410958A,Peter Hawkins,3,Q64678784,Peter Hawkins,UK bank clerk and author (1924- ),http://www.wikidata.org/entity/Q64678784
OL410958A,Peter Hawkins,4,Q117034651,Peter Hawkins,,http://www.wikidata.org/entity/Q117034651
OL410958A,Peter Hawkins,5,Q117034847,Peter Hawkins,British psychologist (*1950),http://www.wikidata.org/entity/Q117034847
OL474603A,Graham Little,1,Q91320618,Graham Little,researcher (ORCID 0000-0002-2511-6945),http://www.wikidata.org/entity/Q91320618
OL474603A,Graham Little,2,Q21465395,Graham Little,British artist (born 1972),http://www.wikidata.org/entity/Q21465395
OL474603A,Graham Little,3,Q5593029,Graham Little,British journalist and television presenter,http://www.wikidata.org/entity/Q5593029
OL474603A,Graham Little,4,Q5884126,Graham Little,Scottish footballer (born 1971),http://www.wikidata.org/entity/Q5884126
OL474603A,Graham Little,5,Q135507972,Frank Graham Little,(1939–2000) political scientist,http://www.wikidata.org/entity/Q135507972
OL6645079A,Simon Sinek,1,Q7519777,Simon Sinek,British/American author and motivational speaker,http://www.wikidata.org/entity/Q7519777
OL6645079A,Simon Sinek,2,Q22990780,Simon Sinek: Why good leaders make you feel safe,TED2014,http://www.wikidata.org/entity/Q22990780
OL6645079A,Simon Sinek,3,Q110188975,"Lex Fridman Podcast #82 – Simon Sinek: Leadership, Hard Work, Optimism and the Infinite Game",podcast episode of the Lex Fridman Podcast,http://www.wikidata.org/entity/Q110188975
OL6645079A,Simon Sinek,4,Q23465053,Simon Sinek: How great leaders inspire action,TEDxPuget Sound,http://www.wikidata.org/entity/Q23465053
OL870626A,Peter Saul,1,Q127720012,Peter Saul,modern dancer,http://www.wikidata.org/entity/Q127720012
OL870626A,Peter Saul,2,Q128250678,Peter Saul,1868-,http://www.wikidata.org/entity/Q128250678
OL870626A,Peter Saul,3,Q3376863,Peter Saul,American artist (born 1934),http://www.wikidata.org/entity/Q3376863
OL870626A,Peter Saul,4,Q23662569,Peter Saul,"doctor, intensive care specialist",http://www.wikidata.org/entity/Q23662569
OL870626A,Peter Saul,5,Q133469645,Peter Saul,,http://www.wikidata.org/entity/Q133469645
OL3031908A,Douglas A. Johnson,1,Q87184251,Douglas Anthony Johnson,historian,http://www.wikidata.org/entity/Q87184251
OL13202475A,Mark Abraham,1,Q3849432,Mark Abraham,American astronomer,http://www.wikidata.org/entity/Q3849432
OL13202475A,Mark Abraham,2,Q21257729,Mark Abraham,American businessperson and politician,http://www.wikidata.org/entity/Q21257729
OL13202475A,Mark Abraham,3,Q83790640,Mark J Abraham,researcher,http://www.wikidata.org/entity/Q83790640
OL13202475A,Mark Abraham,4,Q109836201,Mark Abrahamson,Artist,http://www.wikidata.org/entity/Q109836201
OL13202475A,Mark Abraham,5,Q20675810,Mark Abrahams,American fashion and portrait photographer,http://www.wikidata.org/entity/Q20675810
OL588234A,Richard L. Nolan,1,Q2150035,Richard L. Nolan,"American business theorist, and Emeritus Professor of Business Administration at the Harvard Business School",http://www.wikidata.org/entity/Q2150035
OL577733A,Pat Wellington,1,Q7144106,Pat Wellington,Australian rules footballer,http://www.wikidata.org/entity/Q7144106
OL8036471A,Niall Foster,1,Q75748447,Niall James Foster,Peerage person ID=314184,http://www.wikidata.org/entity/Q75748447
OL2657201A,Peter Fleming,1,Q2605075,Peter Fleming,"British adventurer, journalist, soldier & travel writer (1907–1971)",http://www.wikidata.org/entity/Q2605075
OL2657201A,Peter Fleming,2,Q112461290,Peter Fleming,economist (born 1972),http://www.wikidata.org/entity/Q112461290
OL2657201A,Peter Fleming,3,Q112488981,Peter Fleming,historian (born 1958),http://www.wikidata.org/entity/Q112488981
OL2657201A,Peter Fleming,4,Q729789,Peter Fleming,American tennis player,http://www.wikidata.org/entity/Q729789
OL2657201A,Peter Fleming,5,Q7174866,Peter J. Fleming,Professor of Industrial Systems,http://www.wikidata.org/entity/Q7174866
OL3377846A,Paul Newton,1,Q2313675,Paul Newton,British musician,http://www.wikidata.org/entity/Q2313675
OL3377846A,Paul Newton,2,Q81143001,Paul N. Newton,epidemiologist,http://www.wikidata.org/entity/Q81143001
OL3377846A,Paul Newton,3,Q7152716,Paul Newton,Australian artist (born 1961),http://www.wikidata.org/entity/Q7152716
OL3377846A,Paul Newton,4,Q79965121,Paul D Newton,English health sociologist,http://www.wikidata.org/entity/Q79965121
OL3377846A,Paul Newton,5,Q60057461,Paul Newton,"Aerospace, Mechanical Engineering, Mathematics researcher",http://www.wikidata.org/entity/Q60057461
OL3434034A,Rosenberger,1,Q21449958,Rosenberger,family name,http://www.wikidata.org/entity/Q21449958
OL3434034A,Rosenberger,2,Q132234198,Rosenberger,,http://www.wikidata.org/entity/Q132234198
OL3434034A,Rosenberger,3,Q2167037,Rosenberger,lunar impact crater,http://www.wikidata.org/entity/Q2167037
OL3434034A,Rosenberger,4,Q106113617,Rosenbergerová,family name,http://www.wikidata.org/entity/Q106113617
OL3434034A,Rosenberger,5,Q14399844,Rosenberger,,http://www.wikidata.org/entity/Q14399844
OL2920399A,David Parkes,1,Q91932103,David C. Parkes,British-American computer scientist,http://www.wikidata.org/entity/Q91932103
OL2920399A,David Parkes,2,Q18756642,David Parkes,schoolmaster and antiquary (1763–1833),http://www.wikidata.org/entity/Q18756642
OL2920399A,David Parkes,3,Q75862289,David Brian Parkes,Peerage person ID=363225,http://www.wikidata.org/entity/Q75862289
OL2920399A,David Parkes,4,Q19023824,"Parkes, David (DNB00)",entry in Dictionary of National Biography,http://www.wikidata.org/entity/Q19023824
OL2920399A,David Parkes,5,Q5238390,David Parkes,"Irish footballer, played in the League of Ireland 1967-1977",http://www.wikidata.org/entity/Q5238390
OL7155908A,Stanley A. McChrystal,1,Q374338,Stanley A. McChrystal,American general,http://www.wikidata.org/entity/Q374338
OL8083074A,Tantum Collins,1,Q130461376,Tantum Collins,,http://www.wikidata.org/entity/Q130461376
OL8937874A,David Silverman,1,Q919608,David Silverman,American animator and director,http://www.wikidata.org/entity/Q919608
OL8937874A,David Silverman,2,Q107128070,David Silverman,British sociologist (1943-),http://www.wikidata.org/entity/Q107128070
OL8937874A,David Silverman,3,Q20815807,David Silverman,Wikimedia disambiguation page,http://www.wikidata.org/entity/Q20815807
OL8937874A,David Silverman,4,Q5239795,David Silverman,American Atheist activist,http://www.wikidata.org/entity/Q5239795
OL8937874A,David Silverman,5,Q89536475,David Silverman,researcher,http://www.wikidata.org/entity/Q89536475
OL7662892A,Chris Fussell,1,Q131261928,Chris Fussell,,http://www.wikidata.org/entity/Q131261928
OL7662892A,Chris Fussell,2,Q5106608,Chris Fussell,American baseball player,http://www.wikidata.org/entity/Q5106608
OL3879444A,LeaderTreks,1,Q114552285,LeaderTreks Youth Ministry,Christian Community for Youth,http://www.wikidata.org/entity/Q114552285
OL3317804A,Tammy Roberts,1,Q100378079,Tammy Peterson,,http://www.wikidata.org/entity/Q100378079
OL1607910A,Carolyn M. Shields,1,Q112467419,Carolyn M. Shields,,http://www.wikidata.org/entity/Q112467419
OL579626A,Leighton Ford,1,Q135436992,Leighton Ford,canadian-American evangelist and author (born 1931),http://www.wikidata.org/entity/Q135436992
OL10997841A,Glenn Walter,1,Q91890750,Glenn A Walter,researcher (ORCID 0000-0002-7346-2244),http://www.wikidata.org/entity/Q91890750
OL10997841A,Glenn Walter,2,Q89807185,Glenn D Walters,researcher,http://www.wikidata.org/entity/Q89807185
OL10997841A,Glenn Walter,3,Q132564774,Glenn Walters,researcher (ORCID 0000-0001-8305-4976),http://www.wikidata.org/entity/Q132564774
OL10997841A,Glenn Walter,4,Q48987503,Glenn Walters Dam,"dam in Washington County, Oregon, United States of America",http://www.wikidata.org/entity/Q48987503
OL10997841A,Glenn Walter,5,Q105397249,Glenn Walters,Wikimedia disambiguation page,http://www.wikidata.org/entity/Q105397249
OL7122754A,Monica Sharma,1,Q101573250,Monica Sharma,researcher ORCID 0000-0003-3599-0596,http://www.wikidata.org/entity/Q101573250
OL7122754A,Monica Sharma,2,Q79372452,Monica Sharma,researcher (ORCID 0000-0002-7029-293X),http://www.wikidata.org/entity/Q79372452
OL7122754A,Monica Sharma,3,Q87813327,Monica Sharma,researcher (ORCID 0000-0002-5078-5518),http://www.wikidata.org/entity/Q87813327
OL7122754A,Monica Sharma,4,Q64149112,Monica Sharma,researcher (ORCID 0000-0001-6212-2853),http://www.wikidata.org/entity/Q64149112
OL7122754A,Monica Sharma,5,Q19898333,Monica Sharma,Indian television actress,http://www.wikidata.org/entity/Q19898333
OL2850369A,Dennis Tourish,1,Q59140026,Dennis Tourish,professor of leadership studies,http://www.wikidata.org/entity/Q59140026
OL40032A,John D. Adams,1,Q116251743,John D. Adams,journalist and co-owner of the Arkansas Gazette,http://www.wikidata.org/entity/Q116251743
OL40032A,John D. Adams,2,Q41690335,John Donley Adams,American lawyer,http://www.wikidata.org/entity/Q41690335
OL40032A,John D. Adams,3,Q6218170,John Adams,current Chief of the Communications Security Establishment Canada and Associate Deputy Minister of National Defence,http://www.wikidata.org/entity/Q6218170
OL953196A,Richard Higginson,1,Q75952876,Richard Higginson Lowe,Peerage person ID=426117,http://www.wikidata.org/entity/Q75952876
OL953196A,Richard Higginson,2,Q139460411,Richard Higginson,,http://www.wikidata.org/entity/Q139460411
OL7000993A,Issa M. Saleh,1,Q139466667,Issa M. Saleh,,http://www.wikidata.org/entity/Q139466667
OL3227622A,Myint Swe Khine,1,Q130775381,Myint Swe Khine,,http://www.wikidata.org/entity/Q130775381
OL9266383A,William Torbert,1,Q133463417,William T. Leonard,American writer on film and theatre,http://www.wikidata.org/entity/Q133463417
OL5480270A,Terry Anderson,1,Q7704060,Terry Anderson,English association footballer (1944-1980),http://www.wikidata.org/entity/Q7704060
OL5480270A,Terry Anderson,2,Q111511944,Terry Anderson,,http://www.wikidata.org/entity/Q111511944
OL5480270A,Terry Anderson,3,Q100720908,Terry Anderson,college basketball player (2008–2008) Northern Colorado,http://www.wikidata.org/entity/Q100720908
OL5480270A,Terry Anderson,4,Q112436082,Terry Anderson,,http://www.wikidata.org/entity/Q112436082
OL5480270A,Terry Anderson,5,Q7704058,Terry Anderson,Wikimedia disambiguation page,http://www.wikidata.org/entity/Q7704058
OL440459A,John E. Roueche,1,Q102202487,"John E. Roueche, Jr.",Ph.D. Florida State University 1964,http://www.wikidata.org/entity/Q102202487
OL2938000A,George A. Baker,1,Q20007054,George Augustus Baker,American painter (1821–1880),http://www.wikidata.org/entity/Q20007054
OL2938000A,George A. Baker,2,Q109725444,George Augustus Baker,author and lawyer 1849-1906,http://www.wikidata.org/entity/Q109725444
OL2938000A,George A. Baker,3,Q102144720,George Baker,American statistician,http://www.wikidata.org/entity/Q102144720
OL2938000A,George A. Baker,4,Q112377666,George Allen Baker,,http://www.wikidata.org/entity/Q112377666
OL2938000A,George A. Baker,5,Q141435154,George A. Baker,,http://www.wikidata.org/entity/Q141435154
OL1711554A,Robert R. Rose,1,Q64020339,Robert R. Rose,,http://www.wikidata.org/entity/Q64020339
OL1711554A,Robert R. Rose,2,Q18681522,Robert R. Rosenbaum,American medical doctor and philanthropist,http://www.wikidata.org/entity/Q18681522
OL1711554A,Robert R. Rose,3,Q62018363,Robert R. Rose Jr.,American judge,http://www.wikidata.org/entity/Q62018363
OL6265933A,Ken Wiltshire,1,Q6390837,Kenneth Wiltshire,Australian academic,http://www.wikidata.org/entity/Q6390837
OL16039789A,Ismael sanchez,1,Q1674335,Ismael Sánchez,Dominican bicycle racer,http://www.wikidata.org/entity/Q1674335
OL16039789A,Ismael sanchez,2,Q122964945,Ismael Sánchez,Argentinian soldier,http://www.wikidata.org/entity/Q122964945
OL16039789A,Ismael sanchez,3,Q50737636,Ismael Sánchez Estevan,,http://www.wikidata.org/entity/Q50737636
OL16039789A,Ismael sanchez,4,Q124650221,Ismael Sánchez-Jiménez,researcher,http://www.wikidata.org/entity/Q124650221
OL16039789A,Ismael sanchez,5,Q73470033,Ismael Sánchez-Ramos,researcher,http://www.wikidata.org/entity/Q73470033
OL227813A,Robert K. Greenleaf,1,Q7346224,Robert K. Greenleaf,American consultant (1904–1990),http://www.wikidata.org/entity/Q7346224
OL1171623A,Kent M. Keith,1,Q11301302,Kent M. Keith,American writer and sociologist,http://www.wikidata.org/entity/Q11301302
OL3478629A,Geoff Watts,1,Q64497023,Geoff Watts,researcher,http://www.wikidata.org/entity/Q64497023
OL3478629A,Geoff Watts,2,Q112537130,Geoff Watts,,http://www.wikidata.org/entity/Q112537130
OL5218702A,Mike Cohn,1,Q6846351,Mike Cohn,American software developer,http://www.wikidata.org/entity/Q6846351
OL3032412A,Esther Derby,1,Q130767212,Esther Derby,,http://www.wikidata.org/entity/Q130767212
OL399219A,Alfons Trompenaars,1,Q712041,Fons Trompenaars,Dutch-French anthropologist,http://www.wikidata.org/entity/Q712041
OL6973134A,Larry C. Spears,1,Q112505992,Larry C. Spears,,http://www.wikidata.org/entity/Q112505992
OL7039356A,Dirk van Dierendonck,1,Q58173568,Dirk Van Dierendonck,"researcher, ORCID id # 0000-0002-3545-1798",http://www.wikidata.org/entity/Q58173568
OL7039356A,Dirk van Dierendonck,2,Q133788744,Dirk van Dierendonck,,http://www.wikidata.org/entity/Q133788744
OL2732590A,Larry C. Spears,1,Q112505992,Larry C. Spears,,http://www.wikidata.org/entity/Q112505992
OL6893146A,Michele Lawrence,1,Q123687765,Michele Jawondo,Snr VP of Omidyar Network,http://www.wikidata.org/entity/Q123687765
OL2623924A,Ken Blanchard,1,Q320595,Kenneth Hartley Blanchard,American business writer,http://www.wikidata.org/entity/Q320595
OL5310633A,Michael Rucker,1,Q107736835,Michael Rucker,American baseball player (born 1994),http://www.wikidata.org/entity/Q107736835
OL5310633A,Michael Rucker,2,Q139226574,Michael Rucker,,http://www.wikidata.org/entity/Q139226574
OL5310633A,Michael Rucker,3,Q87656359,Michael Rückert,researcher,http://www.wikidata.org/entity/Q87656359
OL5310633A,Michael Rucker,4,Q139141292,Michael Rückert,,http://www.wikidata.org/entity/Q139141292
OL5310633A,Michael Rucker,5,Q114565775,Michael Rucker,Wikimedia disambiguation page,http://www.wikidata.org/entity/Q114565775
OL2994264A,Holly Spence,1,Q100561183,Holly Spence,researcher,http://www.wikidata.org/entity/Q100561183
OL2994264A,Holly Spence,2,Q111576962,Holly Spence,,http://www.wikidata.org/entity/Q111576962
OL2994264A,Holly Spence,3,Q115694198,Holly Spencer,,http://www.wikidata.org/entity/Q115694198
OL8049704A,Mary Culver,1,Q98696988,Mary Culver,,http://www.wikidata.org/entity/Q98696988
OL8049704A,Mary Culver,2,Q94628047,Mary Culver,,http://www.wikidata.org/entity/Q94628047
OL217423A,James C. Hunter,1,Q47118636,James C. Hunter,,http://www.wikidata.org/entity/Q47118636
OL6231358A,Ursula Thomas,1,Q133654313,Ursula Thomas,,http://www.wikidata.org/entity/Q133654313
OL6231358A,Ursula Thomas,2,Q99394439,Ursula Thomas-Stein,,http://www.wikidata.org/entity/Q99394439
OL3311046A,Philip Mathew,1,Q33683965,Philip Mathew,botanist,http://www.wikidata.org/entity/Q33683965
OL3311046A,Philip Mathew,2,Q7184044,Philip Mathews,American basketball coach (born 1950),http://www.wikidata.org/entity/Q7184044
OL3311046A,Philip Mathew,3,Q21544705,Philip Mathews,English artist,http://www.wikidata.org/entity/Q21544705
OL3311046A,Philip Mathew,4,Q64624446,Philip Mathews,Wikimedia disambiguation page,http://www.wikidata.org/entity/Q64624446
OL3311046A,Philip Mathew,5,Q43375742,Philip Mathews,Archdeacon of Connor from 1689 to 1694,http://www.wikidata.org/entity/Q43375742
OL221620A,Mary Elizabeth O'Brien,1,Q112456610,Mary Elizabeth O'Brien,,http://www.wikidata.org/entity/Q112456610
OL221620A,Mary Elizabeth O'Brien,2,Q139523605,Mary-Elizabeth O'Brien,,http://www.wikidata.org/entity/Q139523605
OL579275A,Ralph Lewis,1,Q684079,Ralph Lewis,American actor (1872-1937),http://www.wikidata.org/entity/Q684079
OL579275A,Ralph Lewis,2,Q109651356,Ralph Lewis,"psychiatrist at Sunnybrook Health Sciences Centre in Toronto, Canada",http://www.wikidata.org/entity/Q109651356
OL579275A,Ralph Lewis,3,Q69142484,Ralph L Sacco,American neurologist,http://www.wikidata.org/entity/Q69142484
OL579275A,Ralph Lewis,4,Q3929794,Ralph Lewis,American basketball player-coach,http://www.wikidata.org/entity/Q3929794
OL579275A,Ralph Lewis,5,Q107369515,Ralph Lewis,British QC,http://www.wikidata.org/entity/Q107369515
OL1084157A,"Noble, John",1,Q19076539,"Noble, John (DNB00)",entry in Dictionary of National Biography,http://www.wikidata.org/entity/Q19076539
OL1084157A,"Noble, John",2,Q108579294,"Noble, John","entry in Alumni Oxonienses: the Members of the University of Oxford, 1715-1886",http://www.wikidata.org/entity/Q108579294
OL1084157A,"Noble, John",3,Q108579295,"Noble, John Henry Brunel","entry in Alumni Oxonienses: the Members of the University of Oxford, 1715-1886",http://www.wikidata.org/entity/Q108579295
OL1084157A,"Noble, John",4,Q103873299,"Noble, John Willock (1831-1912), secretary of the interior",encyclopedia article,http://www.wikidata.org/entity/Q103873299
OL1084157A,"Noble, John",5,Q927490,John Willock Noble,American politician (1831–1912),http://www.wikidata.org/entity/Q927490
OL1546981A,James Hunter,1,Q108284778,James Hunter,"British Royal Navy officer, lieutenant in 1815 (1794-?)",http://www.wikidata.org/entity/Q108284778
OL1546981A,James Hunter,2,Q110629692,James Hunter,Represented Essex from 1818 to 1823,http://www.wikidata.org/entity/Q110629692
OL1546981A,James Hunter,3,Q109856731,James Hunter,,http://www.wikidata.org/entity/Q109856731
OL1546981A,James Hunter,4,Q108054893,James Hunter,football player (born 1957),http://www.wikidata.org/entity/Q108054893
OL1546981A,James Hunter,5,Q133269355,James Hunter,,http://www.wikidata.org/entity/Q133269355
OL10259926A,Shahid Kamal,1,Q7461675,Shahid Kamal,Pakistani career diplomat,http://www.wikidata.org/entity/Q7461675
OL10439210A,Pierre Walter,1,Q128819045,Pierre Walter,Person shot in the Mont-Valérien in 1942,http://www.wikidata.org/entity/Q128819045
OL10439210A,Pierre Walter,2,Q133649027,Pierre Walter,,http://www.wikidata.org/entity/Q133649027
OL10439210A,Pierre Walter,3,Q23794945,Waltch,cartoonist,http://www.wikidata.org/entity/Q23794945
OL10439210A,Pierre Walter,4,Q7192489,Pierre Walters,American football player,http://www.wikidata.org/entity/Q7192489
OL10439210A,Pierre Walter,5,Q110049125,Pierre Walter Politz,German theatre director,http://www.wikidata.org/entity/Q110049125
OL8347278A,Mathias Hartmann,1,Q22692218,Mathias Hartmann,,http://www.wikidata.org/entity/Q22692218
OL2695440A,G. Roberts,1,Q1537931,Gordie Roberts,American ice hockey player (born 1957),http://www.wikidata.org/entity/Q1537931
OL2695440A,G. Roberts,2,Q114412171,G. W. Roberts-Borsani,researcher,http://www.wikidata.org/entity/Q114412171
OL2695440A,G. Roberts,3,Q138582881,Gary Robertson,researcher,http://www.wikidata.org/entity/Q138582881
OL216799A,Philip Kotler,1,Q164170,Philip Kotler,"American marketing author, consultant, and professor",http://www.wikidata.org/entity/Q164170
OL216799A,Philip Kotler,2,Q139809105,Philip Kotler: some of my adventures in marketing,,http://www.wikidata.org/entity/Q139809105
OL34717A,Kenneth C. Laudon,1,Q16731279,Kenneth C. Laudon,American academic,http://www.wikidata.org/entity/Q16731279
OL2624937A,Jane P. Laudon,1,Q106329947,Jane Price Laudon,,http://www.wikidata.org/entity/Q106329947
OL2624938A,Jane Price Laudon,1,Q106329947,Jane Price Laudon,,http://www.wikidata.org/entity/Q106329947
OL391962A,Kevin Lane Keller,1,Q6396753,Kevin Lane Keller,American business theorist,http://www.wikidata.org/entity/Q6396753
OL238534A,Gary Dessler,1,Q93386547,Gary Dessler,,http://www.wikidata.org/entity/Q93386547
OL226049A,Jay H. Heizer,1,Q93412593,Jay H. Heizer,,http://www.wikidata.org/entity/Q93412593
OL2648619A,Jay Heizer,1,Q93412593,Jay H. Heizer,,http://www.wikidata.org/entity/Q93412593
OL457089A,Barry Render,1,Q112418918,Barry Render,,http://www.wikidata.org/entity/Q112418918
OL1308528A,George Robert Terry,1,Q38625882,George Robert Terry,American gestor,http://www.wikidata.org/entity/Q38625882
OL2101074A,John le Carré,1,Q209641,John le Carré,British novelist and spy (1931–2020),http://www.wikidata.org/entity/Q209641
OL2101074A,John le Carré,2,Q47512678,John Le Carre,painting by Don Ivan Punchatz,http://www.wikidata.org/entity/Q47512678
OL2101074A,John le Carré,3,Q104413918,John le Carré bibliography,list of works,http://www.wikidata.org/entity/Q104413918
OL2101074A,John le Carré,4,Q21775777,John le Carré: The Biography,2015 book by Adam Sisman,http://www.wikidata.org/entity/Q21775777
OL2101074A,John le Carré,5,Q12126899,A Perfect Spy,1987 TV Mini Series,http://www.wikidata.org/entity/Q12126899
OL2640639A,Alan B. Eisner,1,Q139478718,Alan B. Eisner,,http://www.wikidata.org/entity/Q139478718
OL2986109A,Gerry McNamara,1,Q3761260,Gerry McNamara,American basketball player and coach (born 1983),http://www.wikidata.org/entity/Q3761260
OL2986109A,Gerry McNamara,2,Q5552909,Gerry McNamara,Canadian ice hockey player,http://www.wikidata.org/entity/Q5552909
OL7807029A,Seung-Hyun Lee,1,Q57010537,Seung Hyun Lee,researcher (ORCID 0000-0002-0311-6565),http://www.wikidata.org/entity/Q57010537
OL7807029A,Seung-Hyun Lee,2,Q61142977,Seung-Hyun Lee,researcher ORCID ID = 0000-0001-7549-9430,http://www.wikidata.org/entity/Q61142977
OL7807029A,Seung-Hyun Lee,3,Q109657440,Seung-hyun Lee,South Korean legal scholar and human rights activist,http://www.wikidata.org/entity/Q109657440
OL7807029A,Seung-Hyun Lee,4,Q91790563,Seung Hyun Lee,researcher (ORCID 0000-0002-1109-6787),http://www.wikidata.org/entity/Q91790563
OL7807029A,Seung-Hyun Lee,5,Q88487774,Seung Hyun Lee,researcher (ORCID 0000-0002-4113-5118),http://www.wikidata.org/entity/Q88487774
OL33897A,Stephen P. Robbins,1,Q112386596,Stephen P. Robbins,,http://www.wikidata.org/entity/Q112386596
OL33897A,Stephen P. Robbins,2,Q46249969,Stephen Paul Robbins,American business theorist,http://www.wikidata.org/entity/Q46249969
OL319610A,Andrew S. Grove,1,Q432929,Andrew Grove,"Hungarian-born American businessman, engineer and author (1936–2016)",http://www.wikidata.org/entity/Q432929
OL319610A,Andrew S. Grove,2,Q123589625,Andrew S. Grove Dies at 79; Intel Chief Spurred Semiconductor Revolution,"The New York Times article (March 23, 2016)",http://www.wikidata.org/entity/Q123589625
OL244414A,Eugene F. Brigham,1,Q112383110,Eugene F. Brigham,1930-,http://www.wikidata.org/entity/Q112383110
OL715490A,Michael C. Ehrhardt,1,Q112390984,Michael C. Ehrhardt,1955-,http://www.wikidata.org/entity/Q112390984
OL221453A,R. Wayne Mondy,1,Q7350714,Robert W. Mondy,American historian (1908–1997),http://www.wikidata.org/entity/Q7350714
OL2648916A,Shane R. Premeaux,1,Q134622746,Shane R. Premeaux,management scientist (1954-),http://www.wikidata.org/entity/Q134622746
OL455363A,Ronald Knowles,1,Q112380398,Ronald Knowles,,http://www.wikidata.org/entity/Q112380398
OL544809A,Joseph J. Martocchio,1,Q113481605,Joseph J. Martocchio,American psychologist,http://www.wikidata.org/entity/Q113481605
OL27304A,Thomas L. Wheelen,1,Q112445340,Thomas L. Wheelen,,http://www.wikidata.org/entity/Q112445340
OL29722A,J. David Hunger,1,Q112383715,J. David Hunger,,http://www.wikidata.org/entity/Q112383715
OL450116A,Dennis Lock,1,Q104099076,Dennis Lock,"Danish cyclist, born 2002",http://www.wikidata.org/entity/Q104099076
OL450116A,Dennis Lock,2,Q5258663,Dennis Lock,English cricketer (born 1950),http://www.wikidata.org/entity/Q5258663
OL450116A,Dennis Lock,3,Q112409558,Dennis Lock,,http://www.wikidata.org/entity/Q112409558
OL218836A,Charles T. Horngren,1,Q13583393,Charles Thomas Horngren,American accounting scholar (1926-2011),http://www.wikidata.org/entity/Q13583393
OL223463A,Frederick Winslow Taylor,1,Q203906,Frederick Winslow Taylor,American mechanical engineer (1856–1915),http://www.wikidata.org/entity/Q203906
OL223463A,Frederick Winslow Taylor,2,Q106941794,Frederick Winslow Taylor (1856-1915),scientific article,http://www.wikidata.org/entity/Q106941794
OL223463A,Frederick Winslow Taylor,3,Q129857740,Frederick Winslow Taylor Revisited,scholarly article published in August 1961,http://www.wikidata.org/entity/Q129857740
OL526722A,Paul Hersey,1,Q1474230,Paul Hersey,American academic (1931-2012),http://www.wikidata.org/entity/Q1474230
OL2655496A,Blanchard Hersey,1,Q1859321,situational leadership theory,business model,http://www.wikidata.org/entity/Q1859321
OL392962A,Michael Levy,1,Q103381030,Michael Levy,Ph.D. Rensselaer Polytechnic Institute 2014,http://www.wikidata.org/entity/Q103381030
OL392962A,Michael Levy,2,Q105362915,Michael Levy,Holocaust victim (born 1870),http://www.wikidata.org/entity/Q105362915
OL392962A,Michael Levy,3,Q112475874,Michael Levy,,http://www.wikidata.org/entity/Q112475874
OL392962A,Michael Levy,4,Q60394390,Michael Levy,American neurologist,http://www.wikidata.org/entity/Q60394390
OL392962A,Michael Levy,5,Q89077871,Michael S Levy,researcher,http://www.wikidata.org/entity/Q89077871
OL240891A,Arthur A. Thompson,1,Q112386104,Arthur A. Thompson,,http://www.wikidata.org/entity/Q112386104
OL1080210A,Alonzo J. Strickland,1,Q140330104,Alonzo J. Strickland,,http://www.wikidata.org/entity/Q140330104
OL395336A,A. J. Strickland,1,Q140330104,Alonzo J. Strickland,,http://www.wikidata.org/entity/Q140330104
OL224399A,Lee J. Krajewski,1,Q112420778,Lee J. Krajewski,,http://www.wikidata.org/entity/Q112420778
OL389425A,Gareth R. Jones,1,Q43031731,Gareth R. Jones,researcher,http://www.wikidata.org/entity/Q43031731
OL389425A,Gareth R. Jones,2,Q136309019,Gareth R. Jones,business manager,http://www.wikidata.org/entity/Q136309019
OL226973A,Jennifer M. George,1,Q112487789,Jennifer M. George,,http://www.wikidata.org/entity/Q112487789
OL25513A,David A. Whetten,1,Q19666912,David A. Whetten,American organizational theorist,http://www.wikidata.org/entity/Q19666912
OL226671A,Kim S. Cameron,1,Q16107244,Kim S. Cameron,American academic,http://www.wikidata.org/entity/Q16107244
OL3011780A,Whetten,1,Q37248928,Whetten,family name,http://www.wikidata.org/entity/Q37248928
OL3011780A,Whetten,2,Q33220019,Whetten Ditch,"canal in Dubois County, Indiana, United States of America",http://www.wikidata.org/entity/Q33220019
OL3011780A,Whetten,3,Q67472934,R.L. Whetten,researcher,http://www.wikidata.org/entity/Q67472934
OL5413970A,David A. Whetten,1,Q19666912,David A. Whetten,American organizational theorist,http://www.wikidata.org/entity/Q19666912
OL6519846A,DAVID A. WHETTEN,1,Q19666912,David A. Whetten,American organizational theorist,http://www.wikidata.org/entity/Q19666912
OL2622498A,Kim Cameron,1,Q76294362,Kim Sonia Cameron,(born 1955),http://www.wikidata.org/entity/Q76294362
OL2622498A,Kim Cameron,2,Q6408423,Kim Cameron,American computer scientist,http://www.wikidata.org/entity/Q6408423
OL2622498A,Kim Cameron,3,Q16196393,Kim Cameron,American singer,http://www.wikidata.org/entity/Q16196393
OL2622498A,Kim Cameron,4,Q6408422,Kim Cameron,Wikimedia disambiguation page,http://www.wikidata.org/entity/Q6408422
OL2635200A,Harold Koontz,1,Q16010961,Harold Koontz,American business consultant,http://www.wikidata.org/entity/Q16010961
OL29513A,Project Management Institute,1,Q1545010,Project Management Institute,U.S.-based non-profit corporation,http://www.wikidata.org/entity/Q1545010
OL29513A,Project Management Institute,2,Q139037534,PMI Memphis Chapter,"Project Management Institute chapter serving Memphis, Tennessee and the Mid-South region since 1999",http://www.wikidata.org/entity/Q139037534
OL2634617A,John A. Pearce,1,Q22279613,John A. Pearce,American judge,http://www.wikidata.org/entity/Q22279613
OL5476227A,Michael Levy,1,Q103381030,Michael Levy,Ph.D. Rensselaer Polytechnic Institute 2014,http://www.wikidata.org/entity/Q103381030
OL5476227A,Michael Levy,2,Q105362915,Michael Levy,Holocaust victim (born 1870),http://www.wikidata.org/entity/Q105362915
OL5476227A,Michael Levy,3,Q112475874,Michael Levy,,http://www.wikidata.org/entity/Q112475874
OL5476227A,Michael Levy,4,Q60394390,Michael Levy,American neurologist,http://www.wikidata.org/entity/Q60394390
OL5476227A,Michael Levy,5,Q89077871,Michael S Levy,researcher,http://www.wikidata.org/entity/Q89077871
OL391217A,Barton A. Weitz,1,Q112527136,Barton A. Weitz,,http://www.wikidata.org/entity/Q112527136
OL453548A,Donald J. Bowersox,1,Q112396964,Donald J. Bowersox,,http://www.wikidata.org/entity/Q112396964
OL223174A,Spencer Johnson,1,Q108054924,Spencer Johnson,football player (born 1988),http://www.wikidata.org/entity/Q108054924
OL223174A,Spencer Johnson,2,Q200760,Patrick Spencer Johnson,American writer,http://www.wikidata.org/entity/Q200760
OL223174A,Spencer Johnson,3,Q42289499,Spencer Johnson,cricketer,http://www.wikidata.org/entity/Q42289499
OL223174A,Spencer Johnson,4,Q7576097,Spencer Johnson,Wikimedia disambiguation page,http://www.wikidata.org/entity/Q7576097
OL223174A,Spencer Johnson,5,Q7576096,Spencer Johnson,American football player,http://www.wikidata.org/entity/Q7576096
OL392669A,Robert D. Hisrich,1,Q112446160,Robert D. Hisrich,,http://www.wikidata.org/entity/Q112446160
OL383803A,James C. Van Horne,1,Q29524967,James C. Van Horne,American economist,http://www.wikidata.org/entity/Q29524967
OL383803A,James C. Van Horne,2,Q92304423,James C. Van Horne Professorship,endowed academic position at Stanford University,http://www.wikidata.org/entity/Q92304423
OL26542A,James A. O'Brien,1,Q112400512,James A. O'Brien,,http://www.wikidata.org/entity/Q112400512
OL26542A,James A. O'Brien,2,Q105338343,"James Anthony O'Brien, Jr","politician in Massachusetts, US (born 1919)",http://www.wikidata.org/entity/Q105338343
OL26542A,James A. O'Brien,3,Q105553327,James Anthony O'Brien,"politician in Massachusetts, US (born 1886)",http://www.wikidata.org/entity/Q105553327
OL26542A,James A. O'Brien,4,Q94506629,James A. O'Brien,,http://www.wikidata.org/entity/Q94506629
OL398560A,Barry Berman,1,Q95785077,Barry Berman,screenwriter,http://www.wikidata.org/entity/Q95785077
OL398560A,Barry Berman,2,Q809007,Barry Bermange,British author,http://www.wikidata.org/entity/Q809007
OL398560A,Barry Berman,3,Q95785094,Barry Bermange,screenwriter,http://www.wikidata.org/entity/Q95785094
OL30298A,Jerrold S. Greenberg,1,Q112516443,Jerrold S. Greenberg,,http://www.wikidata.org/entity/Q112516443
OL10856242A,Cyril O'Donnell,1,Q5200774,Cyril J. O'Donnell,American professor,http://www.wikidata.org/entity/Q5200774
OL8088432A,Mairead Brady,1,Q139446636,Mairead Brady,,http://www.wikidata.org/entity/Q139446636
OL2946043A,Torben Hansen,1,Q29583803,Torben Hansen,Danish professor,http://www.wikidata.org/entity/Q29583803
OL2946043A,Torben Hansen,2,Q12006907,Torben Hansen,Danish politician,http://www.wikidata.org/entity/Q12006907
OL2946043A,Torben Hansen,3,Q111722816,Torben Hansen,Danish mayor in Køge,http://www.wikidata.org/entity/Q111722816
OL2946043A,Torben Hansen,4,Q65965218,Torben Hansen,badminton player,http://www.wikidata.org/entity/Q65965218
OL2946043A,Torben Hansen,5,Q111709349,Torben Hansen,Danish mayor,http://www.wikidata.org/entity/Q111709349
OL1519807A,William Cron,1,Q8007305,William Cronon,American historian,http://www.wikidata.org/entity/Q8007305
OL1519807A,William Cron,2,Q75737651,William Crone,(born 1736),http://www.wikidata.org/entity/Q75737651
OL1519807A,William Cron,3,Q75737909,William Frederick Crone,(born 1915),http://www.wikidata.org/entity/Q75737909
OL1519807A,William Cron,4,Q105837698,William N. Cronin,"politician in Massachusetts, US",http://www.wikidata.org/entity/Q105837698
OL1519807A,William Cron,5,Q75743372,William Crone,(1687-1715),http://www.wikidata.org/entity/Q75743372
OL224314A,Charles W. L. Hill,1,Q23303093,Charles W.L. Hill,British-born academic,http://www.wikidata.org/entity/Q23303093
OL562491A,Thomas R. Hoffmann,1,Q131865202,Thomas R. Hoffmann,,http://www.wikidata.org/entity/Q131865202
OL1193951A,Aaron Antonovsky,1,Q301653,Aaron Antonovsky,Israeli American sociologist,http://www.wikidata.org/entity/Q301653
OL1193951A,Aaron Antonovsky,2,Q95529921,"Aaron Antonovsky’s Development of Salutogenesis, 1979 to 1994",,http://www.wikidata.org/entity/Q95529921
OL1193951A,Aaron Antonovsky,3,Q95529906,"Aaron Antonovsky, the Scholar and the Man Behind Salutogenesis",,http://www.wikidata.org/entity/Q95529906
OL1193951A,Aaron Antonovsky,4,Q48869978,Aaron Antonovsky: editor and idealist.,scientific article published on 01 March 1996,http://www.wikidata.org/entity/Q48869978
OL5686405A,Michael Armstrong,1,Q14946817,Michael Armstrong,British politician (1924-1982),http://www.wikidata.org/entity/Q14946817
OL5686405A,Michael Armstrong,2,Q6828266,Michael Armstrong,British writer and director,http://www.wikidata.org/entity/Q6828266
OL5686405A,Michael Armstrong,3,Q106082173,Michael Armstrong,British politician,http://www.wikidata.org/entity/Q106082173
OL5686405A,Michael Armstrong,4,Q112352177,Michael Armstrong,British economist (1928-),http://www.wikidata.org/entity/Q112352177
OL5686405A,Michael Armstrong,5,Q80553023,Michael Armstrong,US newspaperman and author (1956- ),http://www.wikidata.org/entity/Q80553023
OL4727974A,Mick Marchington,1,Q112429200,Mick Marchington,,http://www.wikidata.org/entity/Q112429200
OL2694332A,Adrian Wilkinson,1,Q112427096,Adrian Wilkinson,,http://www.wikidata.org/entity/Q112427096
OL2694332A,Adrian Wilkinson,2,Q56929027,Adrian Wilkinson,researcher,http://www.wikidata.org/entity/Q56929027
OL2694332A,Adrian Wilkinson,3,Q19595687,Adrian Wilkinson,Irish priest,http://www.wikidata.org/entity/Q19595687
OL8266107A,Evangelia Marinakou,1,Q132158377,Evangelia Marinakou,,http://www.wikidata.org/entity/Q132158377
OL3134337A,Yvonne Byron,1,Q133018221,Yvonne Byron,,http://www.wikidata.org/entity/Q133018221
OL2800692A,Gary Rees,1,Q3098605,Gary Rees,English rugby union footballer and coach,http://www.wikidata.org/entity/Q3098605
OL2800692A,Gary Rees,2,Q136708096,Gary Reese,Virginia politician (born 1945),http://www.wikidata.org/entity/Q136708096
OL2800692A,Gary Rees,3,Q112484190,Professor Gary Rees,Psychologist and author,http://www.wikidata.org/entity/Q112484190
OL8077721A,Raymond French,1,Q76275890,Raymond William French,(died 1937),http://www.wikidata.org/entity/Q76275890
OL2657848A,David Rees,1,Q96195509,David Rees,Spanish singer,http://www.wikidata.org/entity/Q96195509
OL2657848A,David Rees,2,Q105218317,David Rees,"QC 2017; a Recorder, since 2012; a Deputy High Court Judge, since 2018",http://www.wikidata.org/entity/Q105218317
OL2657848A,David Rees,3,Q42708686,David Rees,researcher at King's College London,http://www.wikidata.org/entity/Q42708686
OL2657848A,David Rees,4,Q116502083,David Rees,rugby league footballer,http://www.wikidata.org/entity/Q116502083
OL2657848A,David Rees,5,Q118793362,David Rees,health systems researcher in New Zealand,http://www.wikidata.org/entity/Q118793362
OL3461954A,Richard McBain,1,Q76060447,Richard McBain,(1865-1954),http://www.wikidata.org/entity/Q76060447
OL478428A,David Farnham,1,Q124738278,David Farnham,gravitational wave researcher,http://www.wikidata.org/entity/Q124738278
OL478428A,David Farnham,2,Q86999518,David J Farnham,researcher,http://www.wikidata.org/entity/Q86999518
OL478428A,David Farnham,3,Q1174381,David F. Emery,American politician from Maine,http://www.wikidata.org/entity/Q1174381
OL5293406A,PEOPLE MANAGEMENT.,1,Q47211491,People management. Under pressure.,scientific article published in March 2006,http://www.wikidata.org/entity/Q47211491
OL4915492A,Juani Swart,1,Q58178664,Juani Swart,"researcher, ORCID id # 0000-0002-5365-0686",http://www.wikidata.org/entity/Q58178664
OL9489252A,Bruce Rayton,1,Q57090207,Bruce Rayton,researcher,http://www.wikidata.org/entity/Q57090207
OL1461878A,Susan Hutchinson,1,Q112463294,Susan Hutchinson,,http://www.wikidata.org/entity/Q112463294
OL1461878A,Susan Hutchinson,2,Q59511344,Susan Hutchinson,researcher ORCID ID = 0000-0001-8107-6557,http://www.wikidata.org/entity/Q59511344
OL1461878A,Susan Hutchinson,3,Q76012594,Susan Margaretta Susie Newell,(1893-1986),http://www.wikidata.org/entity/Q76012594
OL1461878A,Susan Hutchinson,4,Q109131679,Susan Hutchinson,American botanical collector (1880-1970),http://www.wikidata.org/entity/Q109131679
OL6994615A,Pawan S. Budhwar,1,Q58655935,Pawan S. Budhwar,researcher ORCID ID = 0000-0001-8915-6172,http://www.wikidata.org/entity/Q58655935
OL6994615A,Pawan S. Budhwar,2,Q58178035,"Pawan S. Budhwar and Yaw A. Debrah (Eds.). Human Resource Management in Developing Countries.London: Routledge, 2001, 384 pages",,http://www.wikidata.org/entity/Q58178035
OL223415A,Ricky W. Griffin,1,Q112451098,Ricky W. Griffin,,http://www.wikidata.org/entity/Q112451098
OL7320384A,Jean M. Phillips,1,Q112484316,Jean Phillips,,http://www.wikidata.org/entity/Q112484316
OL8049214A,Stanley M. Gully,1,Q71971150,Stanley Gully,researcher,http://www.wikidata.org/entity/Q71971150
OL44633A,Jack London,1,Q45765,Jack London,"American author, journalist and social activist (1876–1916)",http://www.wikidata.org/entity/Q45765
OL44633A,Jack London,2,Q109982296,Jack London,person identified in the Museu da Pessoa collection,http://www.wikidata.org/entity/Q109982296
OL44633A,Jack London,3,Q744313,2625 Jack London,asteroid,http://www.wikidata.org/entity/Q744313
OL44633A,Jack London,4,Q1384076,Jack London,British athlete (1905–1966),http://www.wikidata.org/entity/Q1384076
OL44633A,Jack London,5,Q3213588,Jack London,1943 film by Alfred Santell,http://www.wikidata.org/entity/Q3213588
OL6346643A,Paul Kearns,1,Q108113173,Paul Kearns,"biology researcher, academic",http://www.wikidata.org/entity/Q108113173
OL6346643A,Paul Kearns,2,Q112485884,Paul Kearns,economist,http://www.wikidata.org/entity/Q112485884
OL6346643A,Paul Kearns,3,Q112421163,Paul Kearns,law researcher,http://www.wikidata.org/entity/Q112421163
OL226543A,Ellen Hawley,1,Q50709411,Ellen Hawley McWhirter,"Professor in Counseling Psychology, researcher",http://www.wikidata.org/entity/Q50709411
OL4814507A,Ian Fleming,1,Q82104,Ian Fleming,British author (1908–1964),http://www.wikidata.org/entity/Q82104
OL4814507A,Ian Fleming,2,Q18756785,Ian Fleming,"Fleming, Ian (1906–1994), artist and art teacher (1906–1994)",http://www.wikidata.org/entity/Q18756785
OL4814507A,Ian Fleming,3,Q1916242,Ian Fleming,Australian character actor (1888–1969),http://www.wikidata.org/entity/Q1916242
OL4814507A,Ian Fleming,4,Q908452,Ian Fleming,English organic chemist,http://www.wikidata.org/entity/Q908452
OL4814507A,Ian Fleming,5,Q2548502,Ian Fleming,Wikimedia disambiguation page,http://www.wikidata.org/entity/Q2548502
OL7950578A,Ashish Malik,1,Q90288688,Ashish A. Malik,researcher (ORCID 0000-0003-4866-9072),http://www.wikidata.org/entity/Q90288688
OL7950578A,Ashish Malik,2,Q60023542,Ashish Malik,researcher ORCID ID = 0000-0002-2422-4194,http://www.wikidata.org/entity/Q60023542
OL7950578A,Ashish Malik,3,Q92458196,Ashish Malik,researcher (ORCID 0000-0003-3626-5556),http://www.wikidata.org/entity/Q92458196
OL7950578A,Ashish Malik,4,Q136580876,Ashish Malik,,http://www.wikidata.org/entity/Q136580876
OL2698142A,Chris Rowley,1,Q115329218,Chris Rowley,researcher,http://www.wikidata.org/entity/Q115329218
OL2698142A,Chris Rowley,2,Q112422410,Chris Rowley,,http://www.wikidata.org/entity/Q112422410
OL2698142A,Chris Rowley,3,Q36562790,Chris Rowley,baseball player (1990-),http://www.wikidata.org/entity/Q36562790
OL2698142A,Chris Rowley,4,Q133710790,Chris Rowley,,http://www.wikidata.org/entity/Q133710790
OL3874125A,David W. Griffiths,1,Q75855774,David Wood Griffiths,American military officer (1896–1967),http://www.wikidata.org/entity/Q75855774
OL11451297A,JAMES RICHARDSON,1,Q180599,James Armstrong Richardson,Canadian politician (1922-2004),http://www.wikidata.org/entity/Q180599
OL11451297A,JAMES RICHARDSON,2,Q109740833,James Richardson,,http://www.wikidata.org/entity/Q109740833
OL11451297A,JAMES RICHARDSON,3,Q121012982,James Richardson,lawyer,http://www.wikidata.org/entity/Q121012982
OL11451297A,JAMES RICHARDSON,4,Q110887302,James Richardson,,http://www.wikidata.org/entity/Q110887302
OL11451297A,JAMES RICHARDSON,5,Q128792598,James Richardson,successful doctoral candidate at the University of York,http://www.wikidata.org/entity/Q128792598
OL8211725A,David Creelman,1,Q132875436,David Creelman,,http://www.wikidata.org/entity/Q132875436
OL3392140A,PAGE,1,Q13563379,Page,family name,http://www.wikidata.org/entity/Q13563379
OL3392140A,PAGE,2,Q1069725,page,unit of extent that consists of a single side of a leaf,http://www.wikidata.org/entity/Q1069725
OL3392140A,PAGE,3,Q15471528,Page,given name,http://www.wikidata.org/entity/Q15471528
OL3392140A,PAGE,4,Q2102713,polyacrylamide gel electrophoresis,analytical technique,http://www.wikidata.org/entity/Q2102713
OL3392140A,PAGE,5,Q110218573,Page,English printmaker (active 1776-1793),http://www.wikidata.org/entity/Q110218573
OL230346A,Peter Dowling,1,Q125492296,Peter Dowling,New Zealand publisher,http://www.wikidata.org/entity/Q125492296
OL230346A,Peter Dowling,2,Q110208729,Peter Dowling,researcher (business school operations),http://www.wikidata.org/entity/Q110208729
OL230346A,Peter Dowling,3,Q112436586,Peter Dowling,Australian marketing specialist and lecturer,http://www.wikidata.org/entity/Q112436586
OL230346A,Peter Dowling,4,Q7173722,Peter Dowling,Australian politician,http://www.wikidata.org/entity/Q7173722
OL230346A,Peter Dowling,5,Q133737835,Peter Dowling,,http://www.wikidata.org/entity/Q133737835
OL3289459A,Peter J. Dowling,1,Q112436586,Peter Dowling,Australian marketing specialist and lecturer,http://www.wikidata.org/entity/Q112436586
OL393423A,Randall S. Schuler,1,Q93261857,Randall S. Schuler,,http://www.wikidata.org/entity/Q93261857
OL12915435A,Diana Dias,1,Q87106585,Diana Dias,researcher (ORCID 0000-0002-5065-8068),http://www.wikidata.org/entity/Q87106585
OL12915435A,Diana Dias,2,Q57790059,Diana Dias,researcher ORCID ID = 0000-0003-2067-5243,http://www.wikidata.org/entity/Q57790059
OL12915435A,Diana Dias,3,Q59160761,Diana Dias da Silva,researcher ORCID ID = 0000-0002-7331-9157,http://www.wikidata.org/entity/Q59160761
OL12915436A,Carla Magalhães,1,Q87884221,Carla Magalhães,researcher,http://www.wikidata.org/entity/Q87884221
OL333708A,Patricia Wellington,1,Q76292862,Patricia Wellington,Peerage person ID=668197,http://www.wikidata.org/entity/Q76292862
OL389341A,Carol J. Pierce Colfer,1,Q122897576,Carol Colfer,forestry researcher,http://www.wikidata.org/entity/Q122897576
OL389341A,Carol J. Pierce Colfer,2,Q115468290,"Carol J. Pierce Colfer (ed): The Equitable Forest: Diversity, Community, and Resource Management",scientific article published in 2006,http://www.wikidata.org/entity/Q115468290
OL225835A,Michael A. Hitt,1,Q1927840,Michael Hitt,American economist,http://www.wikidata.org/entity/Q1927840
OL2654206A,Duane Ireland,1,Q108626265,R. Duane Ireland,American academic,http://www.wikidata.org/entity/Q108626265
OL2650732A,R. Duane Ireland,1,Q108626265,R. Duane Ireland,American academic,http://www.wikidata.org/entity/Q108626265
OL7000742A,Frank T. Rothaermel,1,Q5489871,Frank T. Rothaermel,American academic,http://www.wikidata.org/entity/Q5489871
OL1076211A,R. Edward Freeman,1,Q3938264,R. Edward Freeman,American philosopher (1951-),http://www.wikidata.org/entity/Q3938264
OL2653134A,Fred David,1,Q39060777,Fred David,austrian-born aircraft designer,http://www.wikidata.org/entity/Q39060777
OL2653134A,Fred David,2,Q102380484,Fred David John Bowden,Ph.D. University of Adelaide 2001,http://www.wikidata.org/entity/Q102380484
OL2653134A,Fred David,3,Q102512382,Fred D. Arditti,Ph.D. Massachusetts Institute of Technology 1966,http://www.wikidata.org/entity/Q102512382
OL2653134A,Fred David,4,Q139163344,Fred David,,http://www.wikidata.org/entity/Q139163344
OL2653134A,Fred David,5,Q5495438,Fred Herbold,American football coach,http://www.wikidata.org/entity/Q5495438
OL12578562A,Edward McDonnell,1,Q1292980,Edward McDonnell,producer,http://www.wikidata.org/entity/Q1292980
OL12578562A,Edward McDonnell,2,Q126811289,Edward McDonnell,Irish politician and businessman (1806–1860,http://www.wikidata.org/entity/Q126811289
OL12578562A,Edward McDonnell,3,Q121357809,Edward McDonnell,,http://www.wikidata.org/entity/Q121357809
OL12578562A,Edward McDonnell,4,Q5344694,Edward Orrick McDonnell,United States Navy Medal of Honor recipient,http://www.wikidata.org/entity/Q5344694
OL12578562A,Edward McDonnell,5,Q115745658,Edward McDonnell Lake,"lake in Manitoba, Canada",http://www.wikidata.org/entity/Q115745658
OL528859A,Jay B. Barney,1,Q1538942,Jay Barney,American economist,http://www.wikidata.org/entity/Q1538942
OL2652981A,Jay Barney,1,Q48774003,Jay Barney,American actor (1913-1985),http://www.wikidata.org/entity/Q48774003
OL2652981A,Jay Barney,2,Q1538942,Jay Barney,American economist,http://www.wikidata.org/entity/Q1538942
OL2663874A,Jeffrey H. Dyer,1,Q112444979,Jeffrey H. Dyer,,http://www.wikidata.org/entity/Q112444979
OL509421A,Paul Godfrey,1,Q105221977,Paul Godfrey,Royal Air Force officer,http://www.wikidata.org/entity/Q105221977
OL509421A,Paul Godfrey,2,Q126848216,Paul Godfrey,candidate in the 2024 United Kingdom general election,http://www.wikidata.org/entity/Q126848216
OL509421A,Paul Godfrey,3,Q99701129,Paul David Godfrey,British musician,http://www.wikidata.org/entity/Q99701129
OL509421A,Paul Godfrey,4,Q7150926,Paul Godfrey,Canadian politician and businessman (born 1939),http://www.wikidata.org/entity/Q7150926
OL2699582A,Robert Jensen,1,Q12333603,Robert Jensen,,http://www.wikidata.org/entity/Q12333603
OL2699582A,Robert Jensen,2,Q102395050,Robert Jensen,Ed.D. University of Georgia 1984,http://www.wikidata.org/entity/Q102395050
OL2699582A,Robert Jensen,3,Q122921281,Robert Jensen,American designer (born 1950),http://www.wikidata.org/entity/Q122921281
OL2699582A,Robert Jensen,4,Q111819028,Robert Jensen,"American architect and architectural historian, 1938-1990",http://www.wikidata.org/entity/Q111819028
OL2699582A,Robert Jensen,5,Q48743679,Robert Jensen,American economist,http://www.wikidata.org/entity/Q48743679
OL3136624A,David Bryce,1,Q113953885,David Bryce,ceramicist and sculptor,http://www.wikidata.org/entity/Q113953885
OL3136624A,David Bryce,2,Q59827905,David L Bryce,researcher ORCID ID = 0000-0001-9989-796X,http://www.wikidata.org/entity/Q59827905
OL3136624A,David Bryce,3,Q5231854,David Bryce,Scottish architect (1803-1876),http://www.wikidata.org/entity/Q5231854
OL3136624A,David Bryce,4,Q42268707,David Bryce Yaden,researcher,http://www.wikidata.org/entity/Q42268707
OL3136624A,David Bryce,5,Q20638853,David Lawrence Bryce,Scottish marine zoologist,http://www.wikidata.org/entity/Q20638853
OL5649743A,Melissa A. Schilling,1,Q55622741,Melissa Schilling,American innovation scholar and professor,http://www.wikidata.org/entity/Q55622741
OL2738537A,Garth Saloner,1,Q29032387,Garth Saloner,South African-born American economist,http://www.wikidata.org/entity/Q29032387
OL2738539A,Joel Podolny,1,Q6213706,Joel M. Podolny,American sociologist,http://www.wikidata.org/entity/Q6213706
OL24085A,Alan M. Rugman,1,Q16150461,Alan M. Rugman,,http://www.wikidata.org/entity/Q16150461
OL24085A,Alan M. Rugman,2,Q41802895,Alan M. Rugman,economist,http://www.wikidata.org/entity/Q41802895
OL4380294A,Richard M. Hodgetts,1,Q112395567,Richard M. Hodgetts,,http://www.wikidata.org/entity/Q112395567
OL401884A,Mark Harrison Moore,1,Q111357384,Mark Harrison Moore,,http://www.wikidata.org/entity/Q111357384
OL449222A,Philippe Lasserre,1,Q124637186,Philippe Lasserre,,http://www.wikidata.org/entity/Q124637186
OL2735682A,John Parnell,1,Q13377535,John Adrian Naicker Parnell,botanist,http://www.wikidata.org/entity/Q13377535
OL2735682A,John Parnell,2,Q6240076,John Howard Parnell,British politician,http://www.wikidata.org/entity/Q6240076
OL2735682A,John Parnell,3,Q16844952,John Parnell,English cricketer (1811-1859),http://www.wikidata.org/entity/Q16844952
OL2735682A,John Parnell,4,Q25927628,"John Parnell, 6th Baron Congleton",peer (1892-1932),http://www.wikidata.org/entity/Q25927628
OL2735682A,John Parnell,5,Q6251959,"John Parnell, 2nd Baron Congleton",British baron,http://www.wikidata.org/entity/Q6251959
OL386819A,Peter M. Ginter,1,Q112451990,Peter M. Ginter,,http://www.wikidata.org/entity/Q112451990
OL531979A,Linda E. Swayne,1,Q64706294,Linda E. Swayne,"American academic, professor of marketing, researcher",http://www.wikidata.org/entity/Q64706294
OL2837853A,David Williamson,1,Q115678119,David Williamson,hospitality researcher in New Zealand,http://www.wikidata.org/entity/Q115678119
OL2837853A,David Williamson,2,Q110228931,David Williamson,American metal artist (born 1949),http://www.wikidata.org/entity/Q110228931
OL2837853A,David Williamson,3,Q113867189,David Williamson,"Jeweler in Berea, OH",http://www.wikidata.org/entity/Q113867189
OL2837853A,David Williamson,4,Q112406600,David Williamson,American author and Civil War historian,http://www.wikidata.org/entity/Q112406600
OL2837853A,David Williamson,5,Q968980,David Williamson,Australian dramatist and playwright,http://www.wikidata.org/entity/Q968980
OL7607720A,Wyn Jenkins,1,Q139466730,Wyn Jenkins,,http://www.wikidata.org/entity/Q139466730
OL391735A,"Miller, Alex",1,Q23990310,"Miller, Alexander (NBD)",entry in the Naval Biographical Dictionary,http://www.wikidata.org/entity/Q23990310
OL391735A,"Miller, Alex",2,Q110138628,"Miller, Alexander Edward",entry in Men-at-the-Bar,http://www.wikidata.org/entity/Q110138628
OL6843931A,Allen C. Amason,1,Q124741367,Allen C. Amason,scientist,http://www.wikidata.org/entity/Q124741367
OL4357246A,John L. Thompson,1,Q112390986,John L. Thompson,,http://www.wikidata.org/entity/Q112390986
OL4357246A,John L. Thompson,2,Q6243715,John L. Thompson,American journalist (1869–1930),http://www.wikidata.org/entity/Q6243715
OL4357246A,John L. Thompson,3,Q18808917,John Thompson,"Australian rules footballer, born 1938",http://www.wikidata.org/entity/Q18808917
OL4357246A,John L. Thompson,4,Q16850534,John L. Thompson House,"historic house in The Dalles, Oregon, United States",http://www.wikidata.org/entity/Q16850534
OL283267A,Frank Martin,1,Q123910,Frank Martin,Swiss composer (1890–1974),http://www.wikidata.org/entity/Q123910
OL283267A,Frank Martin,2,Q15924537,Frank Martin,fictional character,http://www.wikidata.org/entity/Q15924537
OL283267A,Frank Martin,3,Q17309040,Frank Martin,"British sculptor, born 1914",http://www.wikidata.org/entity/Q17309040
OL283267A,Frank Martin,4,Q124790681,Frank-Martin,male given name,http://www.wikidata.org/entity/Q124790681
OL283267A,Frank Martin,5,Q130761810,Frank Martin,chemist,http://www.wikidata.org/entity/Q130761810
OL456615A,W. Edward Stead,1,Q112382368,W. Edward Stead,,http://www.wikidata.org/entity/Q112382368
OL2850421A,Jean Garner Stead,1,Q105592455,Jean Garner Stead,,http://www.wikidata.org/entity/Q105592455
OL2850422A,Mark Starik,1,Q133794280,Mark Starik,,http://www.wikidata.org/entity/Q133794280
OL1519065A,C. Gopinath,1,Q5006477,C. Gopinath,Indian television presenter,http://www.wikidata.org/entity/Q5006477
OL220074A,Henry Mintzberg,1,Q355277,Henry Mintzberg Storch,Canadian business theorist (born 1939),http://www.wikidata.org/entity/Q355277
OL220074A,Henry Mintzberg,2,Q62035706,Henry Mintzberg Fonds,Archival fonds held at the McGill University Archives,http://www.wikidata.org/entity/Q62035706
OL1433414A,Mason Andrew Carpenter,1,Q113802084,Mason Andrew Carpenter,,http://www.wikidata.org/entity/Q113802084
OL3378334A,Anthony Henry,1,Q16066161,Anthony Henry Ashley-Cooper,English politician and cricketer (1807-1858),http://www.wikidata.org/entity/Q16066161
OL3378334A,Anthony Henry,2,Q21866811,Anthony Henry,sprinter from Antigua and Barbuda,http://www.wikidata.org/entity/Q21866811
OL3378334A,Anthony Henry,3,Q7822561,Tony Henry,English footballer (born 1957),http://www.wikidata.org/entity/Q7822561
OL3378334A,Anthony Henry,4,Q106777103,Anthony Henry Ogozalek Jr.,"Mayor of Delran Township, New Jersey",http://www.wikidata.org/entity/Q106777103
OL3378334A,Anthony Henry,5,Q103005570,Anthony Henry Quan,Ph.D. University of Wisconsin-Milwaukee 1984,http://www.wikidata.org/entity/Q103005570
OL7664098A,Harry Sminia,1,Q112533206,Harry Sminia,,http://www.wikidata.org/entity/Q112533206
OL7929313A,R. Edward Freeman,1,Q3938264,R. Edward Freeman,American philosopher (1951-),http://www.wikidata.org/entity/Q3938264
OL3091571A,Zahirul Hoque,1,Q102411664,Zahirul Hoque,mathematics Ph.D. 2004,http://www.wikidata.org/entity/Q102411664
OL3091571A,Zahirul Hoque,2,Q110244600,Zahirul Hoque,researcher (accounting & data analytics),http://www.wikidata.org/entity/Q110244600
OL4598461A,J. David Hunger,1,Q112383715,J. David Hunger,,http://www.wikidata.org/entity/Q112383715
OL1479479A,Kamel Mellahi,1,Q113769537,Kamel Mellahi,,http://www.wikidata.org/entity/Q113769537
OL2669063A,Jedrzej George Frynas,1,Q106674855,Jedrzej George Frynas,British economist,http://www.wikidata.org/entity/Q106674855
OL2669064A,Paul Finlay,1,Q104473098,Paul Finlay,researcher,http://www.wikidata.org/entity/Q104473098
OL2669064A,Paul Finlay,2,Q102417084,Paul Finlayson,Ph.D. University of Utah 1987,http://www.wikidata.org/entity/Q102417084
OL2669064A,Paul Finlay,3,Q7150630,Paul Finlay,Gaelic football player,http://www.wikidata.org/entity/Q7150630
OL2669064A,Paul Finlay,4,Q75756734,Paul MacRae,(born 1955),http://www.wikidata.org/entity/Q75756734
OL609848A,Richard L. Lynch,1,Q112343906,Richard L. Lynch,,http://www.wikidata.org/entity/Q112343906
OL3101058A,Jeffrey M. Hiatt,1,Q124644188,Jeff Hiatt,,http://www.wikidata.org/entity/Q124644188
OL3101059A,Timothy J. Creasey,1,Q124644204,Timothy J. Creasey,,http://www.wikidata.org/entity/Q124644204
OL7544304A,Julian Randall,1,Q113997853,Julian Randall,"American poet, author",http://www.wikidata.org/entity/Q113997853
OL2657294A,Robert Sullivan,1,Q1689230,Robert Sullivan,"Māori poet, academic and editor",http://www.wikidata.org/entity/Q1689230
OL2657294A,Robert Sullivan,2,Q112391552,Robert Sullivan,,http://www.wikidata.org/entity/Q112391552
OL2657294A,Robert Sullivan,3,Q117121368,Robert Sullivan,,http://www.wikidata.org/entity/Q117121368
OL2657294A,Robert Sullivan,4,Q43968192,Robert Sullivan,neurologist,http://www.wikidata.org/entity/Q43968192
OL2657294A,Robert Sullivan,5,Q59667717,Robert Sullivan,researcher ORCID ID = 0000-0003-4191-598X,http://www.wikidata.org/entity/Q59667717
OL447504A,Thomas Lauer,1,Q102177982,Thomas Lauer,Ph.D. Freie Universität Berlin 1987,http://www.wikidata.org/entity/Q102177982
OL447504A,Thomas Lauer,2,Q95220498,Thomas Lauer,,http://www.wikidata.org/entity/Q95220498
OL447504A,Thomas Lauer,3,Q133364833,Thomas Lauer,,http://www.wikidata.org/entity/Q133364833
OL447504A,Thomas Lauer,4,Q139281404,Thomas Lauer,,http://www.wikidata.org/entity/Q139281404
OL447504A,Thomas Lauer,5,Q132919028,Thomas Lauer,,http://www.wikidata.org/entity/Q132919028
OL1515780A,Julian Randall,1,Q113997853,Julian Randall,"American poet, author",http://www.wikidata.org/entity/Q113997853
OL1603319A,Lyndon Pugh,1,Q112418308,Lyndon Pugh,,http://www.wikidata.org/entity/Q112418308
OL1603319A,Lyndon Pugh,2,Q104671714,"Lyndon Pugh, Change management in information services",scientific article published in Bollettino AIB,http://www.wikidata.org/entity/Q104671714
OL1427230A,Esther Cameron,1,Q6895576,Esther Cameron,Israeli-American writer (born 1941),http://www.wikidata.org/entity/Q6895576
OL1427230A,Esther Cameron,2,Q62414840,Esther Cameron,archaeologist,http://www.wikidata.org/entity/Q62414840
OL1427230A,Esther Cameron,3,Q112421996,Esther Cameron,,http://www.wikidata.org/entity/Q112421996
OL2824520A,Mike Green,1,Q112681299,Mike Green,archaeologist in Australia,http://www.wikidata.org/entity/Q112681299
OL2824520A,Mike Green,2,Q6847064,Mike Green,footballer (born 1946),http://www.wikidata.org/entity/Q6847064
OL2824520A,Mike Green,3,Q112443761,Mike Green,journalist b1972,http://www.wikidata.org/entity/Q112443761
OL2824520A,Mike Green,4,Q112421997,Mike Green,opinion journalist b1959,http://www.wikidata.org/entity/Q112421997
OL2824520A,Mike Green,5,Q100982383,Mike Green,college basketball player (2016–2017) Northern Arizona,http://www.wikidata.org/entity/Q100982383
OL3278672A,Darren McCabe,1,Q58068135,Darren McCabe,"researcher, ORCID id # 0000-0001-9938-2085",http://www.wikidata.org/entity/Q58068135
OL3182743A,Klaus Doppler,1,Q1745009,Klaus Doppler,German author,http://www.wikidata.org/entity/Q1745009
OL7953007A,Christoph Lauterburg,1,Q132265938,Christoph Lauterburg,,http://www.wikidata.org/entity/Q132265938
OL530471A,John Hayes,1,Q478686,John Hayes,British politician (born 1958),http://www.wikidata.org/entity/Q478686
OL530471A,John Hayes,2,Q16065822,John Hayes,"British portrait-painter, born 1786 (1786–1866)",http://www.wikidata.org/entity/Q16065822
OL530471A,John Hayes,3,Q6238378,John Hayes,British Royal Navy officer (18th century),http://www.wikidata.org/entity/Q6238378
OL530471A,John Hayes,4,Q30106529,John Hayes,American businessman (born 1965),http://www.wikidata.org/entity/Q30106529
OL530471A,John Hayes,5,Q38318853,John D. Hayes,researcher,http://www.wikidata.org/entity/Q38318853
OL834372A,Todd Jick,1,Q130279005,Todd Jick,,http://www.wikidata.org/entity/Q130279005
OL3258342A,Todd D. Jick,1,Q130279005,Todd Jick,,http://www.wikidata.org/entity/Q130279005
OL3243172A,Jeff Hiatt,1,Q124644188,Jeff Hiatt,,http://www.wikidata.org/entity/Q124644188
OL7275566A,Jason Little,1,Q4261023,Jason Little,cartoonist,http://www.wikidata.org/entity/Q4261023
OL7275566A,Jason Little,2,Q83157407,Jason G Little,researcher,http://www.wikidata.org/entity/Q83157407
OL7275566A,Jason Little,3,Q3162966,Jason Little,Australian rugby union player,http://www.wikidata.org/entity/Q3162966
OL7275566A,Jason Little,4,Q11775614,Jason Little,Wikimedia disambiguation page,http://www.wikidata.org/entity/Q11775614
OL7275566A,Jason Little,5,Q6162979,Jason Little,American singer and songwriter,http://www.wikidata.org/entity/Q6162979
OL686666A,James McCalman,1,Q112495581,James McCalman,,http://www.wikidata.org/entity/Q112495581
OL7699674A,Wouter ten Have,1,Q88399817,Wouter Ten Have,researcher,http://www.wikidata.org/entity/Q88399817
OL7699674A,Wouter ten Have,2,Q112536888,W. D. ten Have,,http://www.wikidata.org/entity/Q112536888
OL7699673A,Steven ten Have,1,Q89132205,Steven Ten Have,researcher,http://www.wikidata.org/entity/Q89132205
OL7699673A,Steven ten Have,2,Q2242018,Steven ten Have,Dutch writer,http://www.wikidata.org/entity/Q2242018
OL7564045A,Camille Fournier,1,Q51561371,Camille Fournier,French actor (1905-1989),http://www.wikidata.org/entity/Q51561371
OL7564045A,Camille Fournier,2,Q27335726,Camille Fournier,American businesswoman,http://www.wikidata.org/entity/Q27335726
OL7564045A,Camille Fournier,3,Q9387641,Zaza Fournier,French singer,http://www.wikidata.org/entity/Q9387641
OL7708458A,APMG,1,Q79847592,APMGS 222532.2-651956.8,galaxy,http://www.wikidata.org/entity/Q79847592
OL7708458A,APMG,2,Q93799614,LEDA 73916,galaxy in the constellation Sculptor,http://www.wikidata.org/entity/Q93799614
OL7708458A,APMG,3,Q88249548,APMGS 033230.8-290839,galaxy,http://www.wikidata.org/entity/Q88249548
OL7708458A,APMG,4,Q87703724,APMGS 030926.17-270705.8,galaxy in the constellation Fornax,http://www.wikidata.org/entity/Q87703724
OL7708458A,APMG,5,Q83845970,APMGS 215018.2-555049,galaxy in the constellation Indus,http://www.wikidata.org/entity/Q83845970
OL3329002A,Bennet Lientz,1,Q102179566,Bennet Price Lientz,Ph.D. University of Washington 1968,http://www.wikidata.org/entity/Q102179566
OL3329003A,Kathryn Rea,1,Q62518730,Kathryn Reardon-Smith,researcher,http://www.wikidata.org/entity/Q62518730
OL3329003A,Kathryn Rea,2,Q21341358,Kathryn Read,herpetologist,http://www.wikidata.org/entity/Q21341358
OL5450805A,Dean Anderson,1,Q104798769,Dean P Anderson,researcher,http://www.wikidata.org/entity/Q104798769
OL5450805A,Dean Anderson,2,Q107473471,Dean Anderson,Canadian ice hockey player,http://www.wikidata.org/entity/Q107473471
OL5450805A,Dean Anderson,3,Q5245982,Dean Anderson,Australian footballer,http://www.wikidata.org/entity/Q5245982
OL5450805A,Dean Anderson,4,Q100720574,Dean Anderson,college basketball player (1975–1977) Wisconsin,http://www.wikidata.org/entity/Q100720574
OL5450805A,Dean Anderson,5,Q133742253,Dean Anderson,,http://www.wikidata.org/entity/Q133742253
OL1003227A,Bernard Burnes,1,Q112444995,Bernard Burnes,,http://www.wikidata.org/entity/Q112444995
OL218130A,August-Wilhelm Scheer,1,Q95485,August-Wilhelm Scheer,German business theorist,http://www.wikidata.org/entity/Q95485
OL218130A,August-Wilhelm Scheer,2,Q64143653,AWS-Institute for digitized products and processes,"facility in Saarbrücken, Germany",http://www.wikidata.org/entity/Q64143653
OL7900742A,Frank Voehl,1,Q112518109,Frank Voehl,,http://www.wikidata.org/entity/Q112518109
OL2633920A,H. James Harrington,1,Q112398667,H. James Harrington,,http://www.wikidata.org/entity/Q112398667
OL2633920A,H. James Harrington,2,Q18593160,James Harrington,English lawyer,http://www.wikidata.org/entity/Q18593160
OL218618A,Marcus Gonçalves,1,Q56507044,Marcus D Goncalves,researcher,http://www.wikidata.org/entity/Q56507044
OL218618A,Marcus Gonçalves,2,Q131758748,Guellwaar Adún,Brazilian writer and poet,http://www.wikidata.org/entity/Q131758748
OL6789733A,John Hayes,1,Q478686,John Hayes,British politician (born 1958),http://www.wikidata.org/entity/Q478686
OL6789733A,John Hayes,2,Q16065822,John Hayes,"British portrait-painter, born 1786 (1786–1866)",http://www.wikidata.org/entity/Q16065822
OL6789733A,John Hayes,3,Q6238378,John Hayes,British Royal Navy officer (18th century),http://www.wikidata.org/entity/Q6238378
OL6789733A,John Hayes,4,Q30106529,John Hayes,American businessman (born 1965),http://www.wikidata.org/entity/Q30106529
OL6789733A,John Hayes,5,Q38318853,John D. Hayes,researcher,http://www.wikidata.org/entity/Q38318853
OL6933050A,Sarah Lewis,1,Q110559282,Sarah Lewis,24 Jul 1774 -,http://www.wikidata.org/entity/Q110559282
OL6933050A,Sarah Lewis,2,Q110413787,Sarah Lewis,,http://www.wikidata.org/entity/Q110413787
OL6933050A,Sarah Lewis,3,Q113336124,Sarah Lewis,9 Jul 1681 - certain 5 Jan 1718,http://www.wikidata.org/entity/Q113336124
OL6933050A,Sarah Lewis,4,Q131008252,Sarah Lewis,9 Nov 1698 - 8 Jun 1765,http://www.wikidata.org/entity/Q131008252
OL6933050A,Sarah Lewis,5,Q37613585,Sarah J Lewis,researcher (ORCID 0000-0003-4311-6890),http://www.wikidata.org/entity/Q37613585
OL64477A,Annabel C. Beerel,1,Q112387828,Annabel C. Beerel,1953-,http://www.wikidata.org/entity/Q112387828
OL1101366A,Mahmoud Ezzamel,1,Q16728891,Mahmoud Ezzamel,British academic,http://www.wikidata.org/entity/Q16728891
OL409080A,Chris Green,1,Q117193524,Chris Green,American poet,http://www.wikidata.org/entity/Q117193524
OL409080A,Chris Green,2,Q2048639,Chris Green,British cellist,http://www.wikidata.org/entity/Q2048639
OL409080A,Chris Green,3,Q19957945,Chris Green,British Conservative Party politician,http://www.wikidata.org/entity/Q19957945
OL409080A,Chris Green,4,Q76736678,Chris Green,Brexit Party candidate in the 2019 United Kingdom General Election,http://www.wikidata.org/entity/Q76736678
OL409080A,Chris Green,5,Q59162298,Chris Green,British archaeologist,http://www.wikidata.org/entity/Q59162298
OL381405A,Joseph Tidd,1,Q93372493,Joseph Tidd,Professor of technology and innovation management,http://www.wikidata.org/entity/Q93372493
OL2729737A,Joe Tidd,1,Q93372493,Joseph Tidd,Professor of technology and innovation management,http://www.wikidata.org/entity/Q93372493
OL2730078A,John Bessant,1,Q16009909,John Bessant,cricketer (1892-1982),http://www.wikidata.org/entity/Q16009909
OL2730078A,John Bessant,2,Q112404322,J. R. Bessant,,http://www.wikidata.org/entity/Q112404322
OL19869A,Keith Pavitt,1,Q3194763,Keith Pavitt,British economist (1937-2002),http://www.wikidata.org/entity/Q3194763
OL802404A,Dietmar Vahs,1,Q1223576,Dietmar Vahs,German economist,http://www.wikidata.org/entity/Q1223576
OL229230A,Jeffrey P. Davidson,1,Q112397006,Jeffrey P. Davidson,,http://www.wikidata.org/entity/Q112397006
OL2971609A,Michael Kenworthy,1,Q6831848,Michael Kenworthy,American actor,http://www.wikidata.org/entity/Q6831848
OL2971609A,Michael Kenworthy,2,Q139476853,Michael Kenworthy,,http://www.wikidata.org/entity/Q139476853
OL6605196A,Elizabeth A. Cudney,1,Q90264377,Elizabeth A Cudney,researcher (ORCID 0000-0002-3990-0474),http://www.wikidata.org/entity/Q90264377
OL15912311A,David Miller,1,Q927439,David Miller,film director (1909–1992),http://www.wikidata.org/entity/Q927439
OL15912311A,David Miller,2,Q108162609,David Miller,"British Royal Navy officer, lieutenant in 1840",http://www.wikidata.org/entity/Q108162609
OL15912311A,David Miller,3,Q104531266,David W. Miller,particle physicist,http://www.wikidata.org/entity/Q104531266
OL15912311A,David Miller,4,Q15455696,David Miller,"American architect, born 1944",http://www.wikidata.org/entity/Q15455696
OL15912311A,David Miller,5,Q118220866,David Miller,American mathematician,http://www.wikidata.org/entity/Q118220866
OL2812382A,Chip Heath,1,Q16252439,Chip Heath,American writer,http://www.wikidata.org/entity/Q16252439
OL231767A,John P. Kotter,1,Q935152,John Kotter,American economist (1947-),http://www.wikidata.org/entity/Q935152
OL2951994A,Daniel Bloom,1,Q9201283,Daniel Bloom,Polish musician,http://www.wikidata.org/entity/Q9201283
OL2951994A,Daniel Bloom,2,Q125356254,Daniel Bloomfield,Jamaican Rhodes Scholar,http://www.wikidata.org/entity/Q125356254
OL7618544A,David Heinemeier Hansson,1,Q719413,David Heinemeier Hansson,"programmer, racing driver, creator of Ruby on Rails",http://www.wikidata.org/entity/Q719413
OL390259A,Ronald J. Ebert,1,Q112392395,Ronald J. Ebert,,http://www.wikidata.org/entity/Q112392395
OL227233A,Norman Gaither,1,Q112397021,Norman Gaither,,http://www.wikidata.org/entity/Q112397021
OL402185A,Scott M. Shafer,1,Q112496868,Scott M. Shafer,,http://www.wikidata.org/entity/Q112496868
OL1518264A,Nigel Slack,1,Q10336827,Nigel Slack,,http://www.wikidata.org/entity/Q10336827
OL1518264A,Nigel Slack,2,Q139266343,Nigel Slack,election candidate,http://www.wikidata.org/entity/Q139266343
OL370287A,Robert Johnston,1,Q109806953,Robert Johnston,archaeologist,http://www.wikidata.org/entity/Q109806953
OL370287A,Robert Johnston,2,Q65045599,Robert Johnston,Australian naval officer (1792-1882),http://www.wikidata.org/entity/Q65045599
OL370287A,Robert Johnston,3,Q7346160,Robert Johnston,Irish recipient of the Victoria Cross (1872-1950),http://www.wikidata.org/entity/Q7346160
OL370287A,Robert Johnston,4,Q117051777,Robert Johnston,"Minister of the Church of Scotland, d. 1738",http://www.wikidata.org/entity/Q117051777
OL370287A,Robert Johnston,5,Q112422535,Robert Johnston,,http://www.wikidata.org/entity/Q112422535
OL1955312A,R. Panneerselvam,1,Q7273907,R. Panneerselvam,Indian film director,http://www.wikidata.org/entity/Q7273907
OL1193811A,Elwood Spencer Buffa,1,Q59627441,Elwood Spencer Buffa,"born:1923|died:2005|; Buffa, Elwood S.; Buffa, Elwood Spencer; Buffa, Elwood S. 1923-; Buffa, Elwood Spencer, 1923-2005; Buffa, Elwood S. (Elwood Spencer), 1923-",http://www.wikidata.org/entity/Q59627441
OL549981A,David K. Hayes,1,Q112453649,David K. Hayes,,http://www.wikidata.org/entity/Q112453649
OL721066A,Ray Wild,1,Q125402117,Ray Wild,,http://www.wikidata.org/entity/Q125402117
OL235937A,Mark M. Davis,1,Q1900227,Mark M. Davis,"American molecular biologist, Professor at Stanford University",http://www.wikidata.org/entity/Q1900227
OL38059A,James B. Dilworth,1,Q112383322,James B. Dilworth,,http://www.wikidata.org/entity/Q112383322
OL245994A,Steve Brown,1,Q7612051,Steve Brown,British composer (1954–2024),http://www.wikidata.org/entity/Q7612051
OL245994A,Steve Brown,2,Q114101427,Steve Brown,,http://www.wikidata.org/entity/Q114101427
OL245994A,Steve Brown,3,Q7612054,Steve Brown,"English former professional association football player, born 1973",http://www.wikidata.org/entity/Q7612054
OL245994A,Steve Brown,4,Q8990972,Steve Brown,English footballer (born 1966),http://www.wikidata.org/entity/Q8990972
OL245994A,Steve Brown,5,Q7612055,Steve Brown,"former English footballer now Assistant Manager, born 1972",http://www.wikidata.org/entity/Q7612055
OL7482935A,Fu Jia,1,Q106545441,Fu Jia,,http://www.wikidata.org/entity/Q106545441
OL7482935A,Fu Jia,2,Q41705,Fujian,"province of the People's Republic of China, covering the mountainous coast opposite Taiwan",http://www.wikidata.org/entity/Q41705
OL7482935A,Fu Jia,3,Q1048629,Fu Jia,Cao Wei state official (209-255),http://www.wikidata.org/entity/Q1048629
OL7482935A,Fu Jia,4,Q91113663,Fu Jia,researcher (ORCID 0000-0002-9830-121X),http://www.wikidata.org/entity/Q91113663
OL7482935A,Fu Jia,5,Q1071647,Fú Jiàn,founding emperor of the Di-led Chinese Former Qin dynasty during the Sixteen Kingdoms period,http://www.wikidata.org/entity/Q1071647
OL2626801A,Richard J. Schonberger,1,Q112378637,Richard Schonberger,economist,http://www.wikidata.org/entity/Q112378637
OL2655823A,L. Joseph Thomas,1,Q6456528,L. Joseph Thomas,American academic,http://www.wikidata.org/entity/Q6456528
OL2648632A,Larry P. Ritzman,1,Q112483191,Larry P. Ritzman,,http://www.wikidata.org/entity/Q112483191
OL2653346A,Manoj K. Malhotra,1,Q112483193,Manoj K. Malhotra,,http://www.wikidata.org/entity/Q112483193
OL1012230A,Robert D. Reid,1,Q102269600,Robert D. Reid,Ph.D. University of Warwick 2000,http://www.wikidata.org/entity/Q102269600
OL2737990A,Nada R. Sanders,1,Q66532068,Nada R. Sanders,American supply chain expert,http://www.wikidata.org/entity/Q66532068
OL1429410A,David Barnes,1,Q5231137,David Barnes,Australian archer,http://www.wikidata.org/entity/Q5231137
OL1429410A,David Barnes,2,Q5231133,David Barnes,boxer,http://www.wikidata.org/entity/Q5231133
OL1429410A,David Barnes,3,Q5231135,David Barnes,English association footballer (born 1961),http://www.wikidata.org/entity/Q5231135
OL1429410A,David Barnes,4,Q102371800,David Barnes,Ph.D. University of Georgia 1994,http://www.wikidata.org/entity/Q102371800
OL1429410A,David Barnes,5,Q125784421,David Barnes,British industrialist,http://www.wikidata.org/entity/Q125784421
OL7582321A,Chuck Munson,1,Q139465712,Chuck Munson,,http://www.wikidata.org/entity/Q139465712
OL36499A,Terry Hill,1,Q100803664,Terry Hill,college basketball player (1967–1969) American,http://www.wikidata.org/entity/Q100803664
OL36499A,Terry Hill,2,Q112367833,Terry Hill,1940-,http://www.wikidata.org/entity/Q112367833
OL36499A,Terry Hill,3,Q100803661,Terry Hill,college basketball player (2004–2005) Grambling,http://www.wikidata.org/entity/Q100803661
OL36499A,Terry Hill,4,Q100803662,Terry Hill,college basketball player (2006–2006) Savannah State,http://www.wikidata.org/entity/Q100803662
OL36499A,Terry Hill,5,Q59683361,Terry E Hill,researcher ORCID ID = 0000-0002-6771-8813,http://www.wikidata.org/entity/Q59683361
OL390608A,Jim Kilby,1,Q139453665,Jim Kilby,,http://www.wikidata.org/entity/Q139453665
OL2737594A,Jim Fox,1,Q378824,Jim Fox,British modern pentathlete,http://www.wikidata.org/entity/Q378824
OL2737594A,Jim Fox,2,Q126958562,Jim Fox,American football player,http://www.wikidata.org/entity/Q126958562
OL2737594A,Jim Fox,3,Q125244403,Jim Fox,"American architect, active in Highlands",http://www.wikidata.org/entity/Q125244403
OL2737594A,Jim Fox,4,Q100982153,Jim Fox,college basketball player (1967–1968) Drake,http://www.wikidata.org/entity/Q100982153
OL2737594A,Jim Fox,5,Q3808335,Jim Fox,American basketball player,http://www.wikidata.org/entity/Q3808335
OL257213A,Conrad Lashley,1,Q139436123,Conrad Lashley,,http://www.wikidata.org/entity/Q139436123
OL7203538A,Philip Gibson,1,Q112536432,Philip Gibson,,http://www.wikidata.org/entity/Q112536432
OL7203538A,Philip Gibson,2,Q10349147,Philip G. Hodge,American applied mathematician,http://www.wikidata.org/entity/Q10349147
OL7203538A,Philip Gibson,3,Q76096671,Philip Gibson in Haddington,Peerage person ID=528193,http://www.wikidata.org/entity/Q76096671
OL2730366A,Stanley E. Portny,1,Q116486036,Stanley E. Portny,"American engineer, project manager and entrepreneur",http://www.wikidata.org/entity/Q116486036
OL2825763A,Harvey Maylor,1,Q94654199,Harvey Maylor,researcher,http://www.wikidata.org/entity/Q94654199
OL5477272A,Bob Hughes,1,Q59282151,"Robert ""Judge"" Hughes",American football player and coach,http://www.wikidata.org/entity/Q59282151
OL5477272A,Bob Hughes,2,Q124071597,Bob Hughes,American lacrosse player (Syracuse),http://www.wikidata.org/entity/Q124071597
OL5477272A,Bob Hughes,3,Q2157626,Bob Hughes,British politician (1932-1922),http://www.wikidata.org/entity/Q2157626
OL5477272A,Bob Hughes,4,Q2512679,Bob Hughes,soap character,http://www.wikidata.org/entity/Q2512679
OL5477272A,Bob Hughes,5,Q100806307,Bob Hughes,college basketball player (1948–1950) Northwestern,http://www.wikidata.org/entity/Q100806307
OL2636200A,Erik W. Larson,1,Q112485914,Erik W. Larson,,http://www.wikidata.org/entity/Q112485914
OL2656011A,Nancy Joyce,1,Q63892664,Nancy Joyce,"musical character in the musical The Dancing Mistress; ""dancing mistress of """"Down House"""" """,http://www.wikidata.org/entity/Q63892664
OL2656011A,Nancy Joyce,2,Q75993102,Nancy Joyce Studdert,Peerage person ID=454168,http://www.wikidata.org/entity/Q75993102
OL2656011A,Nancy Joyce,3,Q6962912,Nancy Peters,American writer and publisher,http://www.wikidata.org/entity/Q6962912
OL2656011A,Nancy Joyce,4,Q75697750,Nancy Joyce Beale,Peerage person ID=292429,http://www.wikidata.org/entity/Q75697750
OL2656011A,Nancy Joyce,5,Q6962574,Nancy Buckingham,British writer of gothic and romance novels (born 1924),http://www.wikidata.org/entity/Q6962574
OL1424745A,Peter Fewings,1,Q139478043,Peter Fewings,,http://www.wikidata.org/entity/Q139478043
OL7342127A,Mark C. Layton,1,Q119268884,Mark C. Layton,,http://www.wikidata.org/entity/Q119268884
OL7277660A,Kory Kogon,1,Q120595797,Kory Kogon,,http://www.wikidata.org/entity/Q120595797
OL28562A,Jeffrey K. Pinto,1,Q112403690,Jeffrey K. Pinto,,http://www.wikidata.org/entity/Q112403690
OL365623A,Robert K. Wysocki,1,Q112441319,Robert K. Wysocki,,http://www.wikidata.org/entity/Q112441319
OL875828A,P. K. Joy,1,Q94648395,P. K. Joy,,http://www.wikidata.org/entity/Q94648395
OL2730966A,Brian E. Kramer,1,Q112452046,Brian Kramer,,http://www.wikidata.org/entity/Q112452046
OL397305A,Jack Gido,1,Q112480766,Jack Gido,,http://www.wikidata.org/entity/Q112480766
OL3291729A,James P. Clements,1,Q16973357,James P. Clements,American computer scientist and academic administrator,http://www.wikidata.org/entity/Q16973357
OL718530A,Avraham Shtub,1,Q87888792,Avraham Shtub,researcher,http://www.wikidata.org/entity/Q87888792
OL718530A,Avraham Shtub,2,Q118914936,Avraham Shtub,,http://www.wikidata.org/entity/Q118914936
OL238316A,Jonathan F. Bard,1,Q102260578,Jonathan F. Bard,Sc.D. The George Washington University 1979,http://www.wikidata.org/entity/Q102260578
OL1237529A,Shlomo Globerson,1,Q30527030,Shlomo Globerson,Israeli university teacher,http://www.wikidata.org/entity/Q30527030
OL4772139A,Jack Gido,1,Q112480766,Jack Gido,,http://www.wikidata.org/entity/Q112480766
OL7937732A,Jim Clements,1,Q100770268,Jim Clements,college basketball player (1973–1974) South Carolina,http://www.wikidata.org/entity/Q100770268
OL7937732A,Jim Clements,2,Q78416907,Jim Clements,American football coach and player,http://www.wikidata.org/entity/Q78416907
OL7937732A,Jim Clements,3,Q3161091,James Clements,"American ornithologist, author and businessman (1927-2005)",http://www.wikidata.org/entity/Q3161091
OL7937732A,Jim Clements,4,Q16973357,James P. Clements,American computer scientist and academic administrator,http://www.wikidata.org/entity/Q16973357
OL4440582A,Rose Baker,1,Q60058974,Rose D Baker,researcher ORCID ID = 0000-0003-3555-3425,http://www.wikidata.org/entity/Q60058974
OL4440582A,Rose Baker,2,Q75642150,Rose Hickman,Peerage person ID=265679,http://www.wikidata.org/entity/Q75642150
OL4440582A,Rose Baker,3,Q89163820,Rose Baker,researcher,http://www.wikidata.org/entity/Q89163820
OL4440582A,Rose Baker,4,Q43492460,Rose Baker,British statistician,http://www.wikidata.org/entity/Q43492460
OL4440582A,Rose Baker,5,Q4849102,Baker-Miller Pink,color,http://www.wikidata.org/entity/Q4849102
OL7485326A,Rory Burke,1,Q112479589,Rory Burke,1952-,http://www.wikidata.org/entity/Q112479589
OL7485326A,Rory Burke,2,Q141492355,Rory Burke,,http://www.wikidata.org/entity/Q141492355
OL7485326A,Rory Burke,3,Q137907320,Rory Burke,Irish hurler,http://www.wikidata.org/entity/Q137907320
OL7485326A,Rory Burke,4,Q29623907,Rory Burke,Irish rugby union player (1994-),http://www.wikidata.org/entity/Q29623907
OL7485326A,Rory Burke,5,Q137907323,Rory Burke,,http://www.wikidata.org/entity/Q137907323
OL1657128A,Clifford F. Gray,1,Q120432303,Clifford F. Gray,1930-,http://www.wikidata.org/entity/Q120432303
OL5849949A,John M. Nicholas,1,Q112486942,John M. Nicholas,,http://www.wikidata.org/entity/Q112486942
OL2734644A,Herman Steyn,1,Q139433827,Herman Steyn,,http://www.wikidata.org/entity/Q139433827
OL5795331A,David Shirley,1,Q91226344,David J Shirley,researcher (ORCID 0000-0003-4529-0403),http://www.wikidata.org/entity/Q91226344
OL5795331A,David Shirley,2,Q23879783,David A. Shirley,American chemist (1934-2021),http://www.wikidata.org/entity/Q23879783
OL5795331A,David Shirley,3,Q64176932,David Shirley Papers (NAID 66956626),series in the National Archives and Records Administration's holdings,http://www.wikidata.org/entity/Q64176932
OL5795331A,David Shirley,4,Q64208016,David Shirley's Program Files (NAID 66956636),series in the National Archives and Records Administration's holdings,http://www.wikidata.org/entity/Q64208016
OL5795331A,David Shirley,5,Q64206370,David Shirley's Program Correspondence Files (NAID 66799073),series in the National Archives and Records Administration's holdings,http://www.wikidata.org/entity/Q64206370
OL768789A,Lewis R. Ireland,1,Q112480252,Lewis R. Ireland,,http://www.wikidata.org/entity/Q112480252
OL3697781A,Clifford Gray,1,Q1101261,Clifford Gray,American bobsledder and actor (1892–1969),http://www.wikidata.org/entity/Q1101261
OL3697781A,Clifford Gray,2,Q100797126,Clifford Gray,college basketball player (2000–2000) Idaho,http://www.wikidata.org/entity/Q100797126
OL3697781A,Clifford Gray,3,Q1101276,Clifford Grey,"English songwriter, actor and screenwriter (1887–1941)",http://www.wikidata.org/entity/Q1101276
OL3697781A,Clifford Gray,4,Q5132952,Clifford Gray,American politician,http://www.wikidata.org/entity/Q5132952
OL3697781A,Clifford Gray,5,Q106604560,Clifford Gray Twombly,American clergyman (1869-1942),http://www.wikidata.org/entity/Q106604560
OL2650932A,Ken Schwaber,1,Q93032,Ken Schwaber,American computer scientist,http://www.wikidata.org/entity/Q93032
OL1438336A,Scott Berkun,1,Q7435985,Scott Berkun,"Author, speaker",http://www.wikidata.org/entity/Q7435985
OL19395A,Tom DeMarco,1,Q93115,Tom DeMarco,"American software engineer, author, and consultant",http://www.wikidata.org/entity/Q93115
OL2879818A,Greg Horine,1,Q139454091,Greg Horine,,http://www.wikidata.org/entity/Q139454091
OL235974A,Sidney M. Levy,1,Q112386587,Sidney M. Levy,,http://www.wikidata.org/entity/Q112386587
OL719205A,Michael Armstrong,1,Q14946817,Michael Armstrong,British politician (1924-1982),http://www.wikidata.org/entity/Q14946817
OL719205A,Michael Armstrong,2,Q6828266,Michael Armstrong,British writer and director,http://www.wikidata.org/entity/Q6828266
OL719205A,Michael Armstrong,3,Q106082173,Michael Armstrong,British politician,http://www.wikidata.org/entity/Q106082173
OL719205A,Michael Armstrong,4,Q112352177,Michael Armstrong,British economist (1928-),http://www.wikidata.org/entity/Q112352177
OL719205A,Michael Armstrong,5,Q80553023,Michael Armstrong,US newspaperman and author (1956- ),http://www.wikidata.org/entity/Q80553023
OL32869A,Aubrey C. Daniels,1,Q4819095,Aubrey C. Daniels,American psychologist,http://www.wikidata.org/entity/Q4819095
OL2817860A,Jon S. Bailey,1,Q133569030,Jon S. Bailey,American teacher and psychologist,http://www.wikidata.org/entity/Q133569030
OL1436313A,Herman Aguinis,1,Q22003019,Herman Aguinis,business theorist,http://www.wikidata.org/entity/Q22003019
OL7539915A,Jack Alexander,1,Q130527393,Jack Alexander,,http://www.wikidata.org/entity/Q130527393
OL7539915A,Jack Alexander,2,Q61107147,"John W. Alexander, Jr.",American mathematician and professor (1938-2022),http://www.wikidata.org/entity/Q61107147
OL7539915A,Jack Alexander,3,Q6110980,Jack Alexander,modern pentathlete,http://www.wikidata.org/entity/Q6110980
OL7539915A,Jack Alexander,4,Q1190693,Jack Huston,British actor,http://www.wikidata.org/entity/Q1190693
OL7539915A,Jack Alexander,5,Q102150700,Jack Alexander Lees,Ph.D. The University of Chicago 1967,http://www.wikidata.org/entity/Q102150700
OL2824602A,Angela Baron,1,Q52236834,Angela Baron,German pornographic actress,http://www.wikidata.org/entity/Q52236834
OL2824602A,Angela Baron,2,Q119582901,Angela Baron,,http://www.wikidata.org/entity/Q119582901
OL2824602A,Angela Baron,3,Q112481349,Angela Baroni,,http://www.wikidata.org/entity/Q112481349
OL2824602A,Angela Baron,4,Q112888535,Ángela Barón,Colombian-American soccer player,http://www.wikidata.org/entity/Q112888535
OL2824602A,Angela Baron,5,Q75366258,Angela Baronin Griessenbeck von Griessenbach,(born 1956),http://www.wikidata.org/entity/Q75366258
OL1437382A,Mike Bourne,1,Q112499304,Mike Bourne,,http://www.wikidata.org/entity/Q112499304
OL375198A,A. S. Kohli,1,Q113792851,Arbinder Singh Kohli,,http://www.wikidata.org/entity/Q113792851
OL4436663A,T. V. Rao,1,Q103635487,T. Venkata Rao,professor of clinical psychiatry,http://www.wikidata.org/entity/Q103635487
OL4436663A,T. V. Rao,2,Q7668794,T. V. Rao,Indian academic,http://www.wikidata.org/entity/Q7668794
OL7346974A,Ron Dimon,1,Q112467375,Ron Dimon,,http://www.wikidata.org/entity/Q112467375
OL8468832A,Poonam Khurana,1,Q87417067,Poonam Khurana,associate professor of clinical pediatrics,http://www.wikidata.org/entity/Q87417067
OL7200482A,Peter Wiggers,1,Q133477781,Peter Wiggers,,http://www.wikidata.org/entity/Q133477781
OL216889A,Kornel Terplan,1,Q112423517,Kornel Terplan,,http://www.wikidata.org/entity/Q112423517
OL236518A,Robert Bacal,1,Q58811297,Robert Bacallao,researcher ORCID ID = 0000-0002-5703-5701,http://www.wikidata.org/entity/Q58811297
OL236518A,Robert Bacal,2,Q130768108,Robert Bacalja,,http://www.wikidata.org/entity/Q130768108
OL1918598A,Lee Parker,1,Q116501514,Lee Parker,rugby league footballer,http://www.wikidata.org/entity/Q116501514
OL1918598A,Lee Parker,2,Q75684758,Lee Parker,(born 1970),http://www.wikidata.org/entity/Q75684758
OL9502284A,Wouter Van Dooren,1,Q139426629,Wouter Van Dooren,,http://www.wikidata.org/entity/Q139426629
OL2667214A,Geert Bouckaert,1,Q112398665,Geert Bouckaert,economist,http://www.wikidata.org/entity/Q112398665
OL2667214A,Geert Bouckaert,2,Q27963986,Geert Bouckaert,Belgian journalist,http://www.wikidata.org/entity/Q27963986
OL2806483A,John Halligan,1,Q112456587,John Halligan,"professor at University of Canberra, born 1945",http://www.wikidata.org/entity/Q112456587
OL2806483A,John Halligan,2,Q6237376,John Halligan,Irish politician,http://www.wikidata.org/entity/Q6237376
OL2806483A,John Halligan,3,Q14574117,"John Halligan, Jr.",admiral of the United States Navy in the early 20th century,http://www.wikidata.org/entity/Q14574117
OL2806483A,John Halligan,4,Q6237374,John Halligan,sportswriter,http://www.wikidata.org/entity/Q6237374
OL2806483A,John Halligan,5,Q6237371,John Halligan,Wikimedia disambiguation page,http://www.wikidata.org/entity/Q6237371
OL3118296A,Brian J. Hall,1,Q48236402,Brian J. Hall,researcher,http://www.wikidata.org/entity/Q48236402
OL3118296A,Brian J. Hall,2,Q124413971,Brian J. Hall,faculty at Harvard Business School,http://www.wikidata.org/entity/Q124413971
OL3118296A,Brian J. Hall,3,Q112493160,Brian John Hall,,http://www.wikidata.org/entity/Q112493160
OL2040906A,Richard Luecke,1,Q63864594,Richard A. Luecke,"has written on a wide range of business subjects, has an M.B.A. from the Univ. of St. Thomas",http://www.wikidata.org/entity/Q63864594
OL3399460A,HBR,1,Q25601729,historical register of persons,Norwegian database of past population,http://www.wikidata.org/entity/Q25601729
OL3399460A,HBR,2,Q2447,hydrogen bromide,chemical compound,http://www.wikidata.org/entity/Q2447
OL3399460A,HBR,3,Q423245,hydrobromic acid,aqueous solution of hydrogen bromide,http://www.wikidata.org/entity/Q423245
OL3399460A,HBR,4,Q62142165,LmxM.21.0250,Leishmania mexicana protein-coding gene,http://www.wikidata.org/entity/Q62142165
OL3399460A,HBR,5,Q62142102,LmxM.21.0240,Leishmania mexicana protein-coding gene,http://www.wikidata.org/entity/Q62142102
OL286362A,Richard Pettinger,1,Q130776002,Richard Pettinger,management scholar (1953-),http://www.wikidata.org/entity/Q130776002
OL286362A,Richard Pettinger,2,Q90101012,Richard Pettinger,researcher,http://www.wikidata.org/entity/Q90101012
OL7645420A,Herman Aguinis,1,Q22003019,Herman Aguinis,business theorist,http://www.wikidata.org/entity/Q22003019
OL455981A,Gary Cokins,1,Q112387923,Gary Cokins,,http://www.wikidata.org/entity/Q112387923
OL3149792A,Bernard Marr,1,Q130776205,Bernard Marr,,http://www.wikidata.org/entity/Q130776205
OL3149792A,Bernard Marr,2,Q117749923,Bernard Marr,Author,http://www.wikidata.org/entity/Q117749923
OL3149792A,Bernard Marr,3,Q112431907,Bernard Marrey,,http://www.wikidata.org/entity/Q112431907
OL3149792A,Bernard Marr,4,Q3428981,Bernard Marreau,,http://www.wikidata.org/entity/Q3428981
OL3149792A,Bernard Marr,5,Q133653173,Bernard Marrot,,http://www.wikidata.org/entity/Q133653173
OL3410032A,Dina Gray,1,Q112529553,Dina Gray,,http://www.wikidata.org/entity/Q112529553
OL585079A,Phil Baguley,1,Q139371980,Phil Baguley,,http://www.wikidata.org/entity/Q139371980
OL2729652A,Bob Paladino,1,Q112446555,Bob Paladino,,http://www.wikidata.org/entity/Q112446555
OL535855A,Robert L. Mathis,1,Q112366479,Robert L. Mathis,1944-,http://www.wikidata.org/entity/Q112366479
OL235972A,David A. DeCenzo,1,Q93431301,David A. DeCenzo,,http://www.wikidata.org/entity/Q93431301
OL3422129A,Kenneth G. Brown,1,Q71735155,Kenneth G. Brown,Psychologist; PhD Michigan State 1999,http://www.wikidata.org/entity/Q71735155
OL3422129A,Kenneth G. Brown,2,Q22101652,Kenneth G. Brown,screenwriter,http://www.wikidata.org/entity/Q22101652
OL466291A,John Bratton,1,Q1699398,John Bratton,Confederate Army general (1831-1898),http://www.wikidata.org/entity/Q1699398
OL466291A,John Bratton,2,Q112540449,John Bratton,,http://www.wikidata.org/entity/Q112540449
OL466291A,John Bratton,3,Q58207233,John Bratton,"researcher, ORCID id # 0000-0003-0376-4981",http://www.wikidata.org/entity/Q58207233
OL466291A,John Bratton,4,Q100994214,John Bratton Stanley,(1799-1873),http://www.wikidata.org/entity/Q100994214
OL2704923A,Jeffrey Gold,1,Q112399272,Jeffrey Gold,,http://www.wikidata.org/entity/Q112399272
OL2704923A,Jeffrey Gold,2,Q42708202,Jeffrey Gold,researcher (ORCID 0000-0001-6683-9907),http://www.wikidata.org/entity/Q42708202
OL2704923A,Jeffrey Gold,3,Q346895,Jeffrey Goldstone,British theoretical physicist,http://www.wikidata.org/entity/Q346895
OL2704923A,Jeffrey Gold,4,Q6176005,Jeffrey Goldberg,American journalist (born 1965),http://www.wikidata.org/entity/Q6176005
OL2704923A,Jeffrey Gold,5,Q100304170,Jeffrey P. Gold,member or fellow of the New York Academy of Medicine,http://www.wikidata.org/entity/Q100304170
OL238777A,Wendell L. French,1,Q85409823,Wendell L. French,,http://www.wikidata.org/entity/Q85409823
OL452017A,Lloyd L. Byars,1,Q112436490,LLoyd L. Byars,,http://www.wikidata.org/entity/Q112436490
OL223925A,John M. Ivancevich,1,Q109832605,John M. Ivancevich,,http://www.wikidata.org/entity/Q109832605
OL5891029A,Monica Belcourt,1,Q112427086,Monica Belcourt,,http://www.wikidata.org/entity/Q112427086
OL8043921A,Pieter Nel,1,Q122212367,Pieter Nel,business academic at Unitec in New Zealand,http://www.wikidata.org/entity/Q122212367
OL8043921A,Pieter Nel,2,Q84510289,Pieter W Nel,researcher,http://www.wikidata.org/entity/Q84510289
OL8043921A,Pieter Nel,3,Q90664647,Pieter Nelis,researcher (ORCID 0000-0001-8616-9664),http://www.wikidata.org/entity/Q90664647
OL8043921A,Pieter Nel,4,Q42293394,Pieter Neleman,Dutch jurist,http://www.wikidata.org/entity/Q42293394
OL8043921A,Pieter Nel,5,Q133335999,Pieter Nelis,,http://www.wikidata.org/entity/Q133335999
OL2627251A,Pamela L. Perrewe,1,Q137848812,Pamela L. Perrewé,academic in management and organizational behavior at Florida State University,http://www.wikidata.org/entity/Q137848812
OL2627252A,K. Michele Kacmar,1,Q117236858,K. Michele Kacmar,researcher,http://www.wikidata.org/entity/Q117236858
OL7644918A,John R. Hendon,1,Q139463264,John R. Hendon,,http://www.wikidata.org/entity/Q139463264
OL8201904A,Julie Beardwell,1,Q139455643,Julie Beardwell,,http://www.wikidata.org/entity/Q139455643
OL4427561A,Tim Claydon,1,Q52820031,Tim Claydon,,http://www.wikidata.org/entity/Q52820031
OL216674A,Raymond A. Noe,1,Q83190893,Raymond A Noe,researcher,http://www.wikidata.org/entity/Q83190893
OL5005634A,Paul E Smith,1,Q88452698,Paul E Smith,researcher (ORCID 0000-0002-5565-3274),http://www.wikidata.org/entity/Q88452698
OL5005634A,Paul E Smith,2,Q96229845,Paul E Smith,researcher ORCID 0000-0002-6663-0422,http://www.wikidata.org/entity/Q96229845
OL1207541A,Chris Brewster,1,Q56954539,Chris Brewster,researcher,http://www.wikidata.org/entity/Q56954539
OL1207541A,Chris Brewster,2,Q141520728,Chris Brewster,Canadian long-distance runner (born 1963),http://www.wikidata.org/entity/Q141520728
OL3147636A,Guy Vernon,1,Q439109,Guy Moon,American composer (1962–2026),http://www.wikidata.org/entity/Q439109
OL3147636A,Guy Vernon,2,Q76058855,Guy Fitzpatrick Roger Vernon,(1878-1914),http://www.wikidata.org/entity/Q76058855
OL3147636A,Guy Vernon,3,Q19902707,A Masque of Poets,published 1878,http://www.wikidata.org/entity/Q19902707
OL3147636A,Guy Vernon,4,Q4120771,Guy Lewis,American basketball player and coach (1922-2015),http://www.wikidata.org/entity/Q4120771
OL3147636A,Guy Vernon,5,Q5622596,Vernon Smith,British bishop (1880–1957),http://www.wikidata.org/entity/Q5622596
OL7915454A,Ronan Carbery,1,Q124643389,Ronan Carbery,,http://www.wikidata.org/entity/Q124643389
OL7915455A,Christine Cross,1,Q65964799,Christine Crossley,badminton player,http://www.wikidata.org/entity/Q65964799
OL7915455A,Christine Cross,2,Q64605245,christine cross,researcher ORCID 0000-0002-6582-7936,http://www.wikidata.org/entity/Q64605245
OL7915455A,Christine Cross,3,Q139100649,Christine Crößmann,,http://www.wikidata.org/entity/Q139100649
OL7900133A,Jonathan Crawshaw,1,Q117260095,Jonathan Crawshaw,researcher,http://www.wikidata.org/entity/Q117260095
OL2695887A,Pawan Budhwar,1,Q58655935,Pawan S. Budhwar,researcher ORCID ID = 0000-0001-8915-6172,http://www.wikidata.org/entity/Q58655935
OL739572A,Ann Davis,1,Q104448838,Ann Davis,American model,http://www.wikidata.org/entity/Q104448838
OL739572A,Ann Davis,2,Q112558562,Ann Davis,,http://www.wikidata.org/entity/Q112558562
OL739572A,Ann Davis,3,Q443015,Ann B. Davis,American actress (1926-2014),http://www.wikidata.org/entity/Q443015
OL739572A,Ann Davis,4,Q75679574,Ann Katherine Mary Bennison,(born 1955),http://www.wikidata.org/entity/Q75679574
OL739572A,Ann Davis,5,Q75765277,Ann Davis,(1630-1708),http://www.wikidata.org/entity/Q75765277
OL2639667A,John R. Hollenbeck,1,Q139455293,John R. Hollenbeck,,http://www.wikidata.org/entity/Q139455293
OL7455447A,Patrick M. Wright,1,Q112523532,Patrick M. Wright,,http://www.wikidata.org/entity/Q112523532
OL3477657A,Nick Wilton,1,Q7028162,Nick Wilton,actor and Scriptwriter,http://www.wikidata.org/entity/Q7028162
OL3477657A,Nick Wilton,2,Q21066544,Nick Wilton,Australian rules footballer,http://www.wikidata.org/entity/Q21066544
OL388469A,Fred Luthans,1,Q5495821,Fred Luthans,American academic,http://www.wikidata.org/entity/Q5495821
OL1480578A,Angelo Kinicki,1,Q4762900,Angelo Kinicki,American academic,http://www.wikidata.org/entity/Q4762900
OL3011892A,Hellriegel,1,Q1603059,Hellriegel,family name,http://www.wikidata.org/entity/Q1603059
OL3011892A,Hellriegel,2,Q27963571,Standschütze Hellriegel M1915,Austro-Hungarian water-cooled submachine gun produced during World War I in very limited prototype numbers,http://www.wikidata.org/entity/Q27963571
OL3011892A,Hellriegel,3,Q27605381,"Hellriegel, Hermann",entry in the Allgemeine Deutsche Biographie,http://www.wikidata.org/entity/Q27605381
OL3011892A,Hellriegel,4,Q103862003,"Hellriegel, Martin Balthasar (1890-1981), clergyman",encyclopedia article,http://www.wikidata.org/entity/Q103862003
OL3011892A,Hellriegel,5,Q111255738,Hellriegelstraße,"street in Steglitz-Zehlendorf district, Berlin, Germany",http://www.wikidata.org/entity/Q111255738
OL397106A,John W. Newstrom,1,Q118874081,John W. Newstrom,American economist and business scholar,http://www.wikidata.org/entity/Q118874081
OL1078587A,Michael T. Matteson,1,Q139482667,Michael T. Matteson,,http://www.wikidata.org/entity/Q139482667
OL5450786A,Jason Colquitt,1,Q139449355,Jason Colquitt,,http://www.wikidata.org/entity/Q139449355
OL3236149A,Debra L. Nelson,1,Q112475787,Debra L. Nelson,,http://www.wikidata.org/entity/Q112475787
OL2634548A,Christopher P. Neck,1,Q139468506,Christopher P. Neck,,http://www.wikidata.org/entity/Q139468506
OL7675120A,Jeffery D. Houghton,1,Q139468507,Jeffery D. Houghton,,http://www.wikidata.org/entity/Q139468507
OL7659105A,Emma L. Murray,1,Q139468508,Emma L. Murray,,http://www.wikidata.org/entity/Q139468508
OL230982A,Richard M. Steers,1,Q112374268,Richard M. Steers,American economist,http://www.wikidata.org/entity/Q112374268
OL391875A,Robert G. Owens,1,Q87137758,Robert G. Owens Jr.,US Marine Corps general,http://www.wikidata.org/entity/Q87137758
OL381981A,Dorothy Marcic,1,Q107395086,Dorothy Marcic,American dramatist,http://www.wikidata.org/entity/Q107395086
OL381981A,Dorothy Marcic,2,Q133720868,Dorothy Marcic,,http://www.wikidata.org/entity/Q133720868
OL3296061A,Hai,1,Q790,Haiti,country in the Caribbean Sea,http://www.wikidata.org/entity/Q790
OL3296061A,Hai,2,Q33303,Haida,endangered language spoken in Canada and Alaska,http://www.wikidata.org/entity/Q33303
OL3296061A,Hai,3,Q64210820,Hai,family name,http://www.wikidata.org/entity/Q64210820
OL3296061A,Hai,4,Q96081135,Hai,given name,http://www.wikidata.org/entity/Q96081135
OL3296061A,Hai,5,Q4131826,Hai,"village in Mahilioŭ district, Belarus",http://www.wikidata.org/entity/Q4131826
OL3307659A,Joe Seltzer,1,Q133786875,Joe Seltzer,,http://www.wikidata.org/entity/Q133786875
OL2877248A,Peter Vaill,1,Q14948774,Peter Vaill,American academic,http://www.wikidata.org/entity/Q14948774
OL2877248A,Peter Vaill,2,Q137344826,Peter Vaillancourt,researcher,http://www.wikidata.org/entity/Q137344826
OL3011854A,Marcic,1,Q20519525,Marčič,family name,http://www.wikidata.org/entity/Q20519525
OL3011854A,Marcic,2,Q111766437,Marcicz,family name,http://www.wikidata.org/entity/Q111766437
OL3011854A,Marcic,3,Q30669303,Marčić,family name,http://www.wikidata.org/entity/Q30669303
OL3011854A,Marcic,4,Q115675553,Márcico,family name,http://www.wikidata.org/entity/Q115675553
OL3011854A,Marcic,5,Q960525,Marčići,human settlement in Bosnia and Herzegovina,http://www.wikidata.org/entity/Q960525
OL2654440A,Tim Judge,1,Q130456829,Tim Judge,,http://www.wikidata.org/entity/Q130456829
OL2654440A,Tim Judge,2,Q7803747,Tim Judge,American bicycle motocross rider,http://www.wikidata.org/entity/Q7803747
OL658641A,Joyce Osland,1,Q112546978,Joyce Osland,,http://www.wikidata.org/entity/Q112546978
OL3247664A,Nancy Borkowski,1,Q98772150,Nancy Borkowski,researcher,http://www.wikidata.org/entity/Q98772150
OL725170A,Gregory B. Northcraft,1,Q125130524,Gregory B. Northcraft,American social psychologist,http://www.wikidata.org/entity/Q125130524
OL387911A,John A. Wagner,1,Q112343464,John A. Wagner,,http://www.wikidata.org/entity/Q112343464
OL387911A,John A. Wagner,2,Q56599649,John Alexander Wagner,US entomologist (1935 - 2012),http://www.wikidata.org/entity/Q56599649
OL387911A,John A. Wagner,3,Q6217971,John A. Wagner,"politician from Michigan, USA",http://www.wikidata.org/entity/Q6217971
OL2655520A,John A. Wagner,1,Q112343464,John A. Wagner,,http://www.wikidata.org/entity/Q112343464
OL2655520A,John A. Wagner,2,Q56599649,John Alexander Wagner,US entomologist (1935 - 2012),http://www.wikidata.org/entity/Q56599649
OL2655520A,John A. Wagner,3,Q6217971,John A. Wagner,"politician from Michigan, USA",http://www.wikidata.org/entity/Q6217971
OL395220A,Craig C. Pinder,1,Q112515910,Craig C. Pinder,,http://www.wikidata.org/entity/Q112515910
OL269584A,Paul Sweeney,1,Q113318234,Paul Sweeney,Scottish Footballer,http://www.wikidata.org/entity/Q113318234
OL269584A,Paul Sweeney,2,Q30163629,Paul Sweeney,Scottish politician (born 1989),http://www.wikidata.org/entity/Q30163629
OL269584A,Paul Sweeney,3,Q20790975,Paul Sweeney,,http://www.wikidata.org/entity/Q20790975
OL269584A,Paul Sweeney,4,Q63917503,Paul Sweeney's Files (NAID 7280784),series in the National Archives and Records Administration's holdings,http://www.wikidata.org/entity/Q63917503
OL3040839A,Terri A. Scandura,1,Q139468691,Terri A. Scandura,,http://www.wikidata.org/entity/Q139468691
OL833994A,Karlene H. Roberts,1,Q141520388,Karlene H. Roberts,"American organizational theorist, professor emerita at the Haas School of Business, UC Berkeley (born 1937)",http://www.wikidata.org/entity/Q141520388
OL2667355A,Hunt,1,Q16290303,Hunt,given name,http://www.wikidata.org/entity/Q16290303
OL2667355A,Hunt,2,Q36963,hunting,"human activity of searching for, pursuing, and catching wild animals",http://www.wikidata.org/entity/Q36963
OL2667355A,Hunt,3,Q111693843,hunt,video games 2020,http://www.wikidata.org/entity/Q111693843
OL2667355A,Hunt,4,Q254906,Hunt,family name,http://www.wikidata.org/entity/Q254906
OL2667355A,Hunt,5,Q67266168,Huntingdonshire,historic county of England,http://www.wikidata.org/entity/Q67266168
OL1435358A,Linda K. Stroh,1,Q139454046,Linda K. Stroh,,http://www.wikidata.org/entity/Q139454046
OL1394466A,John J. Wild,1,Q6241327,John J. Wild,American inventor,http://www.wikidata.org/entity/Q6241327
OL3327432A,Timothy A. Judge,1,Q130456829,Tim Judge,,http://www.wikidata.org/entity/Q130456829
OL25174A,Afsaneh Nahavandi,1,Q100154628,Afsaneh Nahavandi,,http://www.wikidata.org/entity/Q100154628
OL3012031A,Newstrom,1,Q36927775,Newstrom,family name,http://www.wikidata.org/entity/Q36927775
OL3012031A,Newstrom,2,Q49531438,Newstrom State Wildlife Management Area,"park in Aitkin County, Minnesota, United States of America",http://www.wikidata.org/entity/Q49531438
OL532682A,Michael R. Baye,1,Q6828511,Michael Baye,American economist,http://www.wikidata.org/entity/Q6828511
OL2639750A,Michael Baye,1,Q6828511,Michael Baye,American economist,http://www.wikidata.org/entity/Q6828511
OL2639750A,Michael Baye,2,Q1799852,Michael Bayersdörfer,German politician (1867-1940),http://www.wikidata.org/entity/Q1799852
OL2639750A,Michael Baye,3,Q102213044,Michael Bayer,Ph.D. Universität Kaiserslautern 2000,http://www.wikidata.org/entity/Q102213044
OL2639750A,Michael Baye,4,Q130620562,Michael Bayer,Canadian political candidate,http://www.wikidata.org/entity/Q130620562
OL2639750A,Michael Baye,5,Q130791142,Michael Bayer,,http://www.wikidata.org/entity/Q130791142
OL7657408A,Patrick Bet-David,1,Q16217194,Patrick Bet-David,American entrepreneur and YouTuber,http://www.wikidata.org/entity/Q16217194
OL2629810A,Greg Dinkin,1,Q130769258,Greg Dinkin,,http://www.wikidata.org/entity/Q130769258
OL1237664A,Marty Neumeier,1,Q12035941,Marty Neumeier,American writer,http://www.wikidata.org/entity/Q12035941
OL730657A,John Grieve Smith,1,Q105342856,John Grieve Smith,Fellow of Robinson College Cambridge,http://www.wikidata.org/entity/Q105342856
OL492603A,Alain Verbeke,1,Q59609905,Alain Verbeke,"born:1960|; Verbeke, Alain.; Verbeke, A. (Alain), jurist, 1960-; Verbeke, Alain, 19..-...., professeur de gestion",http://www.wikidata.org/entity/Q59609905
OL492603A,Alain Verbeke,2,Q112454518,Alain-Laurent Verbeke,,http://www.wikidata.org/entity/Q112454518
OL884162A,Wally Olins,1,Q7963452,Wally Olins,British brand consultant (1930-2014),http://www.wikidata.org/entity/Q7963452
OL1608050A,Jeremy Kourdi,1,Q139424023,Jeremy Kourdi,,http://www.wikidata.org/entity/Q139424023
OL237651A,Brian O'Neil,1,Q4964917,Brian O'Neil,English footballer (born 1944),http://www.wikidata.org/entity/Q4964917
OL237651A,Brian O'Neil,2,Q117222106,Brian O'Neil,"Chief Investment Officer, Robert Wood Johnson Foundation",http://www.wikidata.org/entity/Q117222106
OL237651A,Brian O'Neil,3,Q112496047,Brian O'Neill,"sociologist, university teacher",http://www.wikidata.org/entity/Q112496047
OL237651A,Brian O'Neil,4,Q4964924,Brian O'Neill,American ice hockey defenceman,http://www.wikidata.org/entity/Q4964924
OL237651A,Brian O'Neil,5,Q56754260,Brian O'Neil,British politician,http://www.wikidata.org/entity/Q56754260
OL52310A,Peter J. Buckley,1,Q7173038,Peter Buckley,British business professor,http://www.wikidata.org/entity/Q7173038
OL52310A,Peter J. Buckley,2,Q7174854,Peter J. Buckley,American politician,http://www.wikidata.org/entity/Q7174854
OL2641400A,Pervez Ghauri,1,Q21546586,Pervez N. Ghauri,researcher,http://www.wikidata.org/entity/Q21546586
OL7989361A,Aditya Agashe,1,Q27922197,Adi Agashé,"Indian singer, songwriter, actor, entrepreneur, writer, and book editor (born 1997)",http://www.wikidata.org/entity/Q27922197
OL7989361A,Aditya Agashe,2,Q107301879,Aditya Agashe,American computer scientist and author,http://www.wikidata.org/entity/Q107301879
OL7989362A,Parth Detroja,1,Q111982434,Parth Detroja,researcher,http://www.wikidata.org/entity/Q111982434
OL5202953A,David Campbell,1,Q5232113,David Campbell,Australian television presenter,http://www.wikidata.org/entity/Q5232113
OL5202953A,David Campbell,2,Q1173920,David Campbell,"cavalry officer of the British Army, amateur sportsman, and later Governor of Malta (1869-1936)",http://www.wikidata.org/entity/Q1173920
OL5202953A,David Campbell,3,Q24397525,David Ian Campbell,British diplomat,http://www.wikidata.org/entity/Q24397525
OL5202953A,David Campbell,4,Q112602676,David Campbell,performing artist in Canada,http://www.wikidata.org/entity/Q112602676
OL5202953A,David Campbell,5,Q1173917,David Campbell,American theoretical physicist,http://www.wikidata.org/entity/Q1173917
OL698759A,Myron S. Scholes,1,Q295647,Myron Scholes,Canadian economist,http://www.wikidata.org/entity/Q295647
OL2649362A,Terry Shevlin,1,Q57777136,Terry Shevlin,researcher,http://www.wikidata.org/entity/Q57777136
OL3391341A,Robin John,1,Q1116078,Robin John,German handball player,http://www.wikidata.org/entity/Q1116078
OL3391341A,Robin John,2,Q56179203,Robin John,linguist,http://www.wikidata.org/entity/Q56179203
OL3391341A,Robin John,3,Q326396,Robert John Tillyard,English–Australian entomologist and geologist (1881–1937),http://www.wikidata.org/entity/Q326396
OL3391341A,Robin John,4,Q76033683,Robin John,Peerage person ID=482706,http://www.wikidata.org/entity/Q76033683
OL3391341A,Robin John,5,Q84767097,Robin Shattock,Chair in Mucosal Infection and Immunity at Imperial College London,http://www.wikidata.org/entity/Q84767097
OL446800A,Jack Trout,1,Q100936781,Jack Trout,college basketball player (1971–1972) Southern Methodist,http://www.wikidata.org/entity/Q100936781
OL446800A,Jack Trout,2,Q983171,Jack Trout,American marketing man (1935-2017),http://www.wikidata.org/entity/Q983171
OL446800A,Jack Trout,3,Q15999593,J. Troutman Gougler,American football player and coach (1888-1961),http://www.wikidata.org/entity/Q15999593
OL446800A,Jack Trout,4,Q123577042,"Jack Trout, Who Fought for Consumers’ Minds and Money, Dies at 82","The New York Times article (June 7, 2017)",http://www.wikidata.org/entity/Q123577042
OL7466902A,Michael R. Baye,1,Q6828511,Michael Baye,American economist,http://www.wikidata.org/entity/Q6828511
OL7696713A,Jeff Prince,1,Q112467140,Jeff Prince,,http://www.wikidata.org/entity/Q112467140
OL7696713A,Jeff Prince,2,Q36597372,Jeffrey S. Prince,botanist,http://www.wikidata.org/entity/Q36597372
OL452035A,Cor Molenaar,1,Q19945907,Cor Molenaar,Dutch economist,http://www.wikidata.org/entity/Q19945907
OL452035A,Cor Molenaar,2,Q133585622,Cor Molenaar,,http://www.wikidata.org/entity/Q133585622
OL236414A,Robert Greene,1,Q433651,Robert Greene,English author (1558-1592),http://www.wikidata.org/entity/Q433651
OL236414A,Robert Greene,2,Q1386992,Robert Greene,American author,http://www.wikidata.org/entity/Q1386992
OL236414A,Robert Greene,3,Q820609,Robert Greene,Wikimedia disambiguation page,http://www.wikidata.org/entity/Q820609
OL236414A,Robert Greene,4,Q7344935,Robert Greene,English philosopher,http://www.wikidata.org/entity/Q7344935
OL236414A,Robert Greene,5,Q131008002,Robert Greene,American contemporary artist,http://www.wikidata.org/entity/Q131008002
OL3056495A,Don Leslie,1,Q327122,Donald Leslie,American inventor (1911-2004),http://www.wikidata.org/entity/Q327122
OL3056495A,Don Leslie,2,Q60734903,Don Leslie,American actor,http://www.wikidata.org/entity/Q60734903
OL3056495A,Don Leslie,3,Q5293003,Don Leslie Michael,U.S. Army Medal of Honor recipient (1947–1967),http://www.wikidata.org/entity/Q5293003
OL3056495A,Don Leslie,4,Q707626,Don L. Lind,American astronaut (1930–2022),http://www.wikidata.org/entity/Q707626
OL3056495A,Don Leslie,5,Q75689883,Don Leslie Pitt,(born 1959),http://www.wikidata.org/entity/Q75689883
OL2656470A,Myron Scholes,1,Q295647,Myron Scholes,Canadian economist,http://www.wikidata.org/entity/Q295647
OL2656471A,Mark Wolfson,1,Q6770405,Mark Wolfson,British politician (1934-2018),http://www.wikidata.org/entity/Q6770405
OL2656471A,Mark Wolfson,2,Q88490455,Mark Wolfson,researcher,http://www.wikidata.org/entity/Q88490455
OL2634848A,Harvard Business School,1,Q49126,Harvard Business School,"business school in Boston, Massachusetts, USA",http://www.wikidata.org/entity/Q49126
OL2634848A,Harvard Business School,2,Q3783574,Harvard Business Publishing,United States publishing company,http://www.wikidata.org/entity/Q3783574
OL2634848A,Harvard Business School,3,Q5676306,Harvard Business School RFC,"rugby union team based at Harvard Business School in Boston, Massachusetts, USA",http://www.wikidata.org/entity/Q5676306
OL2634848A,Harvard Business School,4,Q27478414,Harvard Business School Working Paper,,http://www.wikidata.org/entity/Q27478414
OL2634848A,Harvard Business School,5,Q114239845,Harvard Business School Association,alumni association of the Harvard Business School,http://www.wikidata.org/entity/Q114239845
OL828245A,S. Tamer Cavusgil,1,Q60024331,S. Tamer Cavusgil,Turkish-American economist (born 1947),http://www.wikidata.org/entity/Q60024331
OL2866738A,Tamer Cavusgil,1,Q60024331,S. Tamer Cavusgil,Turkish-American economist (born 1947),http://www.wikidata.org/entity/Q60024331
OL768925A,Gary Knight,1,Q124125631,Gary Knight,American composer,http://www.wikidata.org/entity/Q124125631
OL768925A,Gary Knight,2,Q5525380,Gary Knight,British photographer,http://www.wikidata.org/entity/Q5525380
OL768925A,Gary Knight,3,Q3098572,Gary Albert Knight,New Zealand rugby union player,http://www.wikidata.org/entity/Q3098572
OL768925A,Gary Knight,4,Q23304241,Gary Knight,cricketer,http://www.wikidata.org/entity/Q23304241
OL768925A,Gary Knight,5,Q137031126,Gary Knight,,http://www.wikidata.org/entity/Q137031126
OL9990496A,Nicole F. Richter,1,Q61864333,Nicole Franziska Richter,researcher ORCID ID = 0000-0002-1278-176X,http://www.wikidata.org/entity/Q61864333
OL7080504A,Jesper Strandskov,1,Q12319668,Jesper Strandskov,Danish scientist,http://www.wikidata.org/entity/Q12319668
OL7080504A,Jesper Strandskov,2,Q141054168,"Jesper Strandskov: Konkurrence og koncentration. Slagteriernes fusionshistorie 1960-2010. Bind I-II. (University of Southern Denmark Studies in History and Social Sciences vol. 422). Odense, Syddansk Universitetsforlag, 2011.",scholarly article published in Historisk Tidsskrift (2013) (DOI: 10.7146/HT.V111I2.56540),http://www.wikidata.org/entity/Q141054168
OL9990497A,Sven Hauff,1,Q132926476,Sven Hauff,,http://www.wikidata.org/entity/Q132926476
OL9990498A,Vasyl Taras,1,Q12160003,Vasyl A. Tarasenko,Ukrainian diplomat,http://www.wikidata.org/entity/Q12160003
OL9990498A,Vasyl Taras,2,Q43260861,Vasyl Tarasovych,,http://www.wikidata.org/entity/Q43260861
OL9990498A,Vasyl Taras,3,Q30961456,Vasyl Tarasiuk,Ukrainian military personnel,http://www.wikidata.org/entity/Q30961456
OL9990498A,Vasyl Taras,4,Q28358675,Vasyl Tarasiuk,,http://www.wikidata.org/entity/Q28358675
OL2648409A,David Travis,1,Q112562460,David Travis,,http://www.wikidata.org/entity/Q112562460
OL2648409A,David Travis,2,Q75478863,David Travis,(born 1954),http://www.wikidata.org/entity/Q75478863
OL2648409A,David Travis,3,Q5230012,Dave Travis,British javelin thrower,http://www.wikidata.org/entity/Q5230012
OL2648409A,David Travis,4,Q5240486,David Travis,American politician,http://www.wikidata.org/entity/Q5240486
OL2648409A,David Travis,5,Q122889213,Dave Monk,British radio presenter,http://www.wikidata.org/entity/Q122889213
OL3154865A,Philip Hodgson,1,Q87874640,Philip Hodgson,researcher,http://www.wikidata.org/entity/Q87874640
OL3154865A,Philip Hodgson,2,Q7183742,Philip Hodgson,English county cricketer (1935-2015),http://www.wikidata.org/entity/Q7183742
OL3154865A,Philip Hodgson,3,Q133654897,Philip Hodgson,,http://www.wikidata.org/entity/Q133654897
OL5064299A,Annmarie Hanlon,1,Q139461172,Annmarie Hanlon,,http://www.wikidata.org/entity/Q139461172
OL2732133A,George Stonehouse,1,Q5544877,"Sir George Stonhouse, 3rd Baronet",English politician,http://www.wikidata.org/entity/Q5544877
OL2732133A,George Stonehouse,2,Q19325833,George Stonehouse,estranged Church of England clergyman and philanthropist,http://www.wikidata.org/entity/Q19325833
OL2732133A,George Stonehouse,3,Q28549914,George Stonehouse,1 Jul 1808 - certain 24 Jul 1871,http://www.wikidata.org/entity/Q28549914
OL2732133A,George Stonehouse,4,Q119700770,"George Stonehouse (1662–1724), Fellow (1689–?)","painting by Michael Dahl (1656/1659–1743) (circle of), Magdalen College, University of Oxford",http://www.wikidata.org/entity/Q119700770
OL7791069A,Bill Houston,1,Q61741950,Bill Houston,"American football player, wide receiver",http://www.wikidata.org/entity/Q61741950
OL7791069A,Bill Houston,2,Q19874431,Bill Houston,Australian rules footballer (1918-1982),http://www.wikidata.org/entity/Q19874431
OL7791069A,Bill Houston,3,Q112389225,Bill Houston,,http://www.wikidata.org/entity/Q112389225
OL7791069A,Bill Houston,4,Q98766208,Bill Houston,,http://www.wikidata.org/entity/Q98766208
OL3056082A,Marc English,1,Q105091956,Marc English,print by Bryce McCloud,http://www.wikidata.org/entity/Q105091956
OL1098126A,Janice Burn,1,Q126298110,Janice Burnett,"New Zealand community leader, netball umpire and Guiding leader",http://www.wikidata.org/entity/Q126298110
OL2909853A,Nigel Seel,1,Q16089787,"Sir Nigel Seely, 5th Baronet",British baronet,http://www.wikidata.org/entity/Q16089787
OL2909853A,Nigel Seel,2,Q75346340,Nigel Seely,(1902-1943),http://www.wikidata.org/entity/Q75346340
OL2909853A,Nigel Seel,3,Q89187854,Nigel Seeley,(1942-2004),http://www.wikidata.org/entity/Q89187854
OL926801A,Terry Garrison,1,Q30113294,Terry Garrison,American politician,http://www.wikidata.org/entity/Q30113294
OL7276987A,Peter Zámborský,1,Q124839952,Peter Zamborsky,business academic,http://www.wikidata.org/entity/Q124839952
OL225203A,Jerry J. Weygandt,1,Q93434078,Jerry J. Weygandt,,http://www.wikidata.org/entity/Q93434078
OL425147A,Ken Black,1,Q6387330,Ken Black,Canadian politician (1932-2016),http://www.wikidata.org/entity/Q6387330
OL425147A,Ken Black,2,Q6387335,Ken Blackburn,American aerospace engineer,http://www.wikidata.org/entity/Q6387335
OL425147A,Ken Black,3,Q27918305,Ken Black,Canadian architect,http://www.wikidata.org/entity/Q27918305
OL425147A,Ken Black,4,Q18693042,Ken Blackwell,American film editor,http://www.wikidata.org/entity/Q18693042
OL425147A,Ken Black,5,Q100752335,Ken Blackmon,basketball player,http://www.wikidata.org/entity/Q100752335
OL146690A,Morris Hamburg,1,Q107488326,Morris Hamburg,American statistician,http://www.wikidata.org/entity/Q107488326
OL236063A,Max H. Bazerman,1,Q16246142,Max H. Bazerman,Negotiation theorist and teacher,http://www.wikidata.org/entity/Q16246142
OL121675A,Herbert Alexander Simon,1,Q181529,Herbert Simon,"American political scientist, economist, sociologist, and psychologist (1916–2001)",http://www.wikidata.org/entity/Q181529
OL121675A,Herbert Alexander Simon,2,Q69905650,Herbert Alexander Simon,scientific article published on 01 January 1970,http://www.wikidata.org/entity/Q69905650
OL37425A,O. C. Ferrell,1,Q112417372,O. C. Ferrell,,http://www.wikidata.org/entity/Q112417372
OL2733865A,John Fraedrich,1,Q112419769,John Fraedrich,,http://www.wikidata.org/entity/Q112419769
OL2640453A,Linda Ferrell,1,Q130815305,Linda Ferrell,,http://www.wikidata.org/entity/Q130815305
OL239935A,S. Christian Albright,1,Q112426101,S. Christian Albright,Professor (1946-,http://www.wikidata.org/entity/Q112426101
OL452854A,Wayne L. Winston,1,Q30074498,Wayne L. Winston,American information scientist,http://www.wikidata.org/entity/Q30074498
OL422889A,Peter Juslin,1,Q117251839,Peter Juslin,researcher,http://www.wikidata.org/entity/Q117251839
OL2333737A,Henry Montgomery,1,Q94656603,Henry Eglinton Montgomery,American cleric (1820–1874),http://www.wikidata.org/entity/Q94656603
OL2333737A,Henry Montgomery,2,Q16059347,Henry Montgomery,American politician from South Dakota,http://www.wikidata.org/entity/Q16059347
OL2333737A,Henry Montgomery,3,Q5992219,Henry Montgomery,Swedish psychologist,http://www.wikidata.org/entity/Q5992219
OL2333737A,Henry Montgomery,4,Q96480319,Henry Montgomery,May 1868 New York - 1922 New York,http://www.wikidata.org/entity/Q96480319
OL2333737A,Henry Montgomery,5,Q366956,Robert Montgomery,American actor (1904-1981),http://www.wikidata.org/entity/Q366956
OL591198A,Ronald C. Doll,1,Q112767040,Ronald C. Doll,American educator and author,http://www.wikidata.org/entity/Q112767040
OL836577A,Scott Plous,1,Q16734588,Scott Plous,American social psychologist (1959-),http://www.wikidata.org/entity/Q16734588
OL835181A,John J. Hampton,1,Q112446749,John J. Hampton,,http://www.wikidata.org/entity/Q112446749
OL2685917A,Deborah Stone,1,Q120610979,Deborah Stone,UK travel writer,http://www.wikidata.org/entity/Q120610979
OL2685917A,Deborah Stone,2,Q107638604,Deborah A. Stone,American political scientist,http://www.wikidata.org/entity/Q107638604
OL2685917A,Deborah Stone,3,Q76026072,Deborah Carlene Stone,(born 1965),http://www.wikidata.org/entity/Q76026072
OL2685917A,Deborah Stone,4,Q138130993,Deborah Stone,American travel writer,http://www.wikidata.org/entity/Q138130993
OL2685917A,Deborah Stone,5,Q138132771,Deborah Stone,American dancer & singer,http://www.wikidata.org/entity/Q138132771
OL78984A,David Ray Anderson,1,Q112352068,David Ray Anderson,,http://www.wikidata.org/entity/Q112352068
OL550262A,Thomas N. Ingram,1,Q139468725,Thomas N. Ingram,,http://www.wikidata.org/entity/Q139468725
OL2627350A,Michael R. Williams,1,Q16499868,Michael R. Williams,American physician,http://www.wikidata.org/entity/Q16499868
OL2627350A,Michael R. Williams,2,Q112412252,Michael Roy Williams,,http://www.wikidata.org/entity/Q112412252
OL129765A,Irving Lester Janis,1,Q3080462,Irving Janis,American psychologist (1918–1990),http://www.wikidata.org/entity/Q3080462
OL2776999A,Wayne Winston,1,Q102186780,Wayne Winston,Ph.D. Yale University 1975,http://www.wikidata.org/entity/Q102186780
OL2776999A,Wayne Winston,2,Q30074498,Wayne L. Winston,American information scientist,http://www.wikidata.org/entity/Q30074498
OL2776999A,Wayne Winston,3,Q23008773,Wayne W. Lambert,United States Air Force general,http://www.wikidata.org/entity/Q23008773
OL7447258A,Donald E. Kieso,1,Q93434081,Donald E. Kieso,,http://www.wikidata.org/entity/Q93434081
OL234151A,James G. March,1,Q1352604,James G. March,American sociologist (1928–2018),http://www.wikidata.org/entity/Q1352604
OL234151A,James G. March,2,Q93298893,James G. March Professorship in Organizational Studies in Education and Business,endowed academic position at Stanford University,http://www.wikidata.org/entity/Q93298893
OL234151A,James G. March,3,Q109943162,"James G. March and Johan P. Olsen, Rediscovering Institutions. The Organizational of Politics, New York: Free Press, 1989, $ 24.95.",scientific article,http://www.wikidata.org/entity/Q109943162
OL3118694A,David J. Pauleen,1,Q113531347,David J Pauleen,professor of technology management in New Zealand,http://www.wikidata.org/entity/Q113531347
OL8298978A,Nazim Taskin,1,Q130616572,Nazim Taskin,researcher,http://www.wikidata.org/entity/Q130616572
OL2626708A,Irving L. Janis,1,Q3080462,Irving Janis,American psychologist (1918–1990),http://www.wikidata.org/entity/Q3080462
OL2626708A,Irving L. Janis,2,Q55969711,Irving L. Janis' Victims of Groupthink,scholarly article published in 1991,http://www.wikidata.org/entity/Q55969711
OL2626708A,Irving L. Janis,3,Q56334820,Irving L. Janis (1918-1990): Obituary,obituary published in 1992,http://www.wikidata.org/entity/Q56334820
OL10366460A,Ali AbdulHussein,1,Q135356180,Ali Abdulhussein Hasan Al-Sudani,Iraqi basketball player (born 2004),http://www.wikidata.org/entity/Q135356180
OL1434833A,Milan Zeleny,1,Q12037337,Milan Zelený,"Czech economist, professor and university educator (1942-2023)",http://www.wikidata.org/entity/Q12037337
OL1434833A,Milan Zeleny,2,Q17165277,Milan Zeleny bibliography,,http://www.wikidata.org/entity/Q17165277
OL1434833A,Milan Zeleny,3,Q140907106,"Milan Zeleny (Ed): Autopoiesis: A-theory of living organization. New York: Elsevier North Holland Inc., 1981, 314 pp.","scholarly article published in Systems Research and Behavioral Science, vol. 27, no. 3 (1982) (DOI: 10.1002/BS.3830270308)",http://www.wikidata.org/entity/Q140907106
OL2852718A,Rick Daniels,1,Q100775008,Rick Daniels-Mulholland,college basketball player (2007–2008) Tennessee,http://www.wikidata.org/entity/Q100775008
OL2852718A,Rick Daniels,2,Q113906217,Rick Danielson,American actor,http://www.wikidata.org/entity/Q113906217
OL542424A,Jerold L. Zimmerman,1,Q41800554,Jerold Zimmerman,economist (University of Rochester),http://www.wikidata.org/entity/Q41800554
OL2865625A,Zimmerman,1,Q17053995,Zimmerman,family name,http://www.wikidata.org/entity/Q17053995
OL2865625A,Zimmerman,2,Q5994029,Zimmermann,family name,http://www.wikidata.org/entity/Q5994029
OL2865625A,Zimmerman,3,Q1334388,Elwood Zimmerman,American entomologist (1912-2004),http://www.wikidata.org/entity/Q1334388
OL2865625A,Zimmerman,4,Q1360732,Ernst Zimmermann,German painter (1852-1901),http://www.wikidata.org/entity/Q1360732
OL2865625A,Zimmerman,5,Q1047543,3100 Zimmerman,asteroid,http://www.wikidata.org/entity/Q1047543
OL4438445A,Mervyn King,1,Q116672557,Mervyn King,former Governor of the Bank of England,http://www.wikidata.org/entity/Q116672557
OL4438445A,Mervyn King,2,Q1375680,Mervyn King,British economist (born 1948),http://www.wikidata.org/entity/Q1375680
OL4438445A,Mervyn King,3,Q1922188,Mervyn King,English darts player,http://www.wikidata.org/entity/Q1922188
OL4438445A,Mervyn King,4,Q75465276,Mervyn King,Peerage person ID=159150,http://www.wikidata.org/entity/Q75465276
OL4438445A,Mervyn King,5,Q75465277,Mervyn King,Peerage person ID=159151,http://www.wikidata.org/entity/Q75465277
OL676066A,John Kay,1,Q140683,John Kay,British inventor,http://www.wikidata.org/entity/Q140683
OL676066A,John Kay,2,Q1556464,John Kay,British artist (1742–1826),http://www.wikidata.org/entity/Q1556464
OL676066A,John Kay,3,Q111382270,John Kay,Mayor of Salford 1845 to 1846,http://www.wikidata.org/entity/Q111382270
OL676066A,John Kay,4,Q10441079,John Kay,English footballer (born 1964),http://www.wikidata.org/entity/Q10441079
OL676066A,John Kay,5,Q13738353,John Kay,,http://www.wikidata.org/entity/Q13738353
OL7773959A,Nancy S. Kim,1,Q139419343,Nancy S. Kim,,http://www.wikidata.org/entity/Q139419343
OL236843A,Allan Savory,1,Q4730957,Allan Savory,Zimbabwean scientist,http://www.wikidata.org/entity/Q4730957
OL236843A,Allan Savory,2,Q22988752,Allan Savory: How to fight desertification and reverse climate change,TED2013,http://www.wikidata.org/entity/Q22988752
OL119802A,George Leland Bach,1,Q59629195,George Leland Bach,American economist (1915-1994),http://www.wikidata.org/entity/Q59629195
OL119802A,George Leland Bach,2,Q58537238,George Leland Bach: 1915–1994,,http://www.wikidata.org/entity/Q58537238
OL2778455A,Dennis J. Sweeney,1,Q102277817,Dennis J. Sweeney,D.B.A. Indiana University 1971,http://www.wikidata.org/entity/Q102277817
OL2778456A,Thomas Arthur Williams,1,Q93429028,Thomas Arthur Williams,,http://www.wikidata.org/entity/Q93429028
OL7501910A,Jeffrey D. Camm,1,Q102311299,Jeffrey D. Camm,,http://www.wikidata.org/entity/Q102311299
OL7501910A,Jeffrey D. Camm,2,Q112505995,Jeffrey D. Camm,,http://www.wikidata.org/entity/Q112505995
OL7501911A,James J. Cochran,1,Q102311298,James J. Cochran,statistics researcher; Ph.D. University of Cincinnati 1997,http://www.wikidata.org/entity/Q102311298
OL8126027A,Jacqueline Birt,1,Q139027944,Jacqueline Birt,,http://www.wikidata.org/entity/Q139027944
OL8126027A,Jacqueline Birt,2,Q61864133,Jacqueline C Birtwistle,researcher ORCID ID = 0000-0002-6083-589X,http://www.wikidata.org/entity/Q61864133
OL8126028A,Keryn Chalmers,1,Q130312592,Keryn Chalmers,accounting researcher,http://www.wikidata.org/entity/Q130312592
OL16223750A,Suzanne Byrne,1,Q88083711,Suzanne C Byrne,researcher,http://www.wikidata.org/entity/Q88083711
OL2729090A,John Adair,1,Q11595,John Adair,American politician (1757–1840),http://www.wikidata.org/entity/Q11595
OL2729090A,John Adair,2,Q6218135,John Adair,Scottish surveyor,http://www.wikidata.org/entity/Q6218135
OL2729090A,John Adair,3,Q3180864,John Adair,"author, military historian and leadership theorist",http://www.wikidata.org/entity/Q3180864
OL2729090A,John Adair,4,Q672370,John Adair,football referee (b. 1919),http://www.wikidata.org/entity/Q672370
OL2729090A,John Adair,5,Q96089363,John Adair,,http://www.wikidata.org/entity/Q96089363
OL534204A,Ray H. Garrison,1,Q93430950,Ray H. Garrison,,http://www.wikidata.org/entity/Q93430950
OL243612A,Marshall B. Rosenberg,1,Q732048,Marshall Rosenberg,American psychologist (1934-2015),http://www.wikidata.org/entity/Q732048
OL226490A,M. N. Hegde,1,Q136449879,M. N. Hegde,,http://www.wikidata.org/entity/Q136449879
OL397900A,Paul A. Argenti,1,Q116174830,Paul A. Argenti,,http://www.wikidata.org/entity/Q116174830
OL398394A,Lynn H. Turner,1,Q112537384,Lynn H. Turner,,http://www.wikidata.org/entity/Q112537384
OL2640350A,Richard West,1,Q127424869,Richard West,"British actor, producer and director",http://www.wikidata.org/entity/Q127424869
OL2640350A,Richard West,2,Q130972153,Richard West,,http://www.wikidata.org/entity/Q130972153
OL2640350A,Richard West,3,Q57044486,Richard H West,researcher,http://www.wikidata.org/entity/Q57044486
OL2640350A,Richard West,4,Q6238282,Richard Westmacott,British sculptor (1775–1856),http://www.wikidata.org/entity/Q6238282
OL2640350A,Richard West,5,Q88742372,Richard G West,researcher,http://www.wikidata.org/entity/Q88742372
OL1382017A,Lynn Turner,1,Q104439408,Lynn Turner,American model,http://www.wikidata.org/entity/Q104439408
OL1382017A,Lynn Turner,2,Q109674347,Lynn Turner,American ceramist (b. 1943),http://www.wikidata.org/entity/Q109674347
OL1382017A,Lynn Turner,3,Q16018932,Lynn Turner,American convicted murderer (1968-2010),http://www.wikidata.org/entity/Q16018932
OL1382017A,Lynn Turner,4,Q1878891,Lynn Turner,American musician,http://www.wikidata.org/entity/Q1878891
OL1382017A,Lynn Turner,5,Q6709259,Lynn Turner,Wikimedia disambiguation page,http://www.wikidata.org/entity/Q6709259
OL2939178A,Sanjay Kumar,1,Q100725719,Sanjay Kumar,researcher ORCID 0000-0002-8951-5996,http://www.wikidata.org/entity/Q100725719
OL2939178A,Sanjay Kumar,2,Q115899044,Sanjay Kumar,researcher at Banaras Hindu University,http://www.wikidata.org/entity/Q115899044
OL2939178A,Sanjay Kumar,3,Q115899029,Sanjay Kumar,Professor at Florida State University,http://www.wikidata.org/entity/Q115899029
OL2939178A,Sanjay Kumar,4,Q114862452,Sanjay Kumar,Strategic Sourcing Director - LafargeHolcim,http://www.wikidata.org/entity/Q114862452
OL2939178A,Sanjay Kumar,5,Q102292686,Sanjay Kumar,Ph.D. California Institute of Technology 1992,http://www.wikidata.org/entity/Q102292686
OL35572A,Ronald B. Adler,1,Q108473142,Ronald Alber,1946-,http://www.wikidata.org/entity/Q108473142
OL1961519A,Ronald Adler,1,Q106474785,Ronald Adler,"prisoner in Theresienstadt Ghetto, b. 1935-04-09",http://www.wikidata.org/entity/Q106474785
OL1961519A,Ronald Adler,2,Q133001837,Ronald Adler,,http://www.wikidata.org/entity/Q133001837
OL3372657A,Ronald Adler,1,Q106474785,Ronald Adler,"prisoner in Theresienstadt Ghetto, b. 1935-04-09",http://www.wikidata.org/entity/Q106474785
OL3372657A,Ronald Adler,2,Q133001837,Ronald Adler,,http://www.wikidata.org/entity/Q133001837
OL3383392A,Ron Adler,1,Q6889110,Ron Adler,Israeli poet,http://www.wikidata.org/entity/Q6889110
OL3383392A,Ron Adler,2,Q108473142,Ronald Alber,1946-,http://www.wikidata.org/entity/Q108473142
OL4593553A,RONALD ADLER,1,Q106474785,Ronald Adler,"prisoner in Theresienstadt Ghetto, b. 1935-04-09",http://www.wikidata.org/entity/Q106474785
OL4593553A,RONALD ADLER,2,Q133001837,Ronald Adler,,http://www.wikidata.org/entity/Q133001837
OL7232157A,Ronald B. Adler,1,Q108473142,Ronald Alber,1946-,http://www.wikidata.org/entity/Q108473142
OL7582287A,Ronald B. Adler,1,Q108473142,Ronald Alber,1946-,http://www.wikidata.org/entity/Q108473142
OL2627896A,Neil Towne,1,Q135272150,Neil Towne,"Towne, Neil, 1928-",http://www.wikidata.org/entity/Q135272150
OL1862774A,John W. Blassingame,1,Q6263525,John Wesley Blassingame,American historian (1940–2000),http://www.wikidata.org/entity/Q6263525
OL1862774A,John W. Blassingame,2,Q128751462,John W. Blassingame: A Remembrance,scholarly article,http://www.wikidata.org/entity/Q128751462
OL1862774A,John W. Blassingame,3,Q130018290,"John W. Blassingame: March 23, 1940-February 13, 2000",scholarly article published in July 2001,http://www.wikidata.org/entity/Q130018290
OL5017718A,John W. Blassingame,1,Q6263525,John Wesley Blassingame,American historian (1940–2000),http://www.wikidata.org/entity/Q6263525
OL5017718A,John W. Blassingame,2,Q128751462,John W. Blassingame: A Remembrance,scholarly article,http://www.wikidata.org/entity/Q128751462
OL5017718A,John W. Blassingame,3,Q130018290,"John W. Blassingame: March 23, 1940-February 13, 2000",scholarly article published in July 2001,http://www.wikidata.org/entity/Q130018290
OL22053A,Stewart L. Tubbs,1,Q112360354,Stewart L. Tubbs,American communication researcher,http://www.wikidata.org/entity/Q112360354
OL218771A,Mary Ellen Guffey,1,Q112436893,Mary Ellen Guffey,,http://www.wikidata.org/entity/Q112436893
OL27525A,Larry A. Samovar,1,Q112448013,Larry A. Samovar,,http://www.wikidata.org/entity/Q112448013
OL2777276A,Richard E. Porter,1,Q112448014,Richard E. Porter,professor,http://www.wikidata.org/entity/Q112448014
OL193997A,Benedict Anderson,1,Q212993,Benedict Anderson,American political scientist (1936-2015),http://www.wikidata.org/entity/Q212993
OL193997A,Benedict Anderson,2,Q124639063,Benedict Anderson,,http://www.wikidata.org/entity/Q124639063
OL193997A,Benedict Anderson,3,Q123590606,"Benedict Anderson, Scholar Who Saw Nations as ‘Imagined,’ Dies at 79","The New York Times article (December 15, 2015)",http://www.wikidata.org/entity/Q123590606
OL193997A,Benedict Anderson,4,Q136947606,Benedict Anderson : un pensador copernicano sobre el nacionalismo,,http://www.wikidata.org/entity/Q136947606
OL193997A,Benedict Anderson,5,Q139975142,"Benedict Anderson, Imagined Communities (1983)",,http://www.wikidata.org/entity/Q139975142
OL25012A,Emory A. Griffin,1,Q93237665,Emory A. Griffin,,http://www.wikidata.org/entity/Q93237665
OL31351A,Alan O. Ebenstein,1,Q19787390,Alan O. Ebenstein,"American political scientist, educator and author",http://www.wikidata.org/entity/Q19787390
OL2649381A,Alan Ebenstein,1,Q19787390,Alan O. Ebenstein,"American political scientist, educator and author",http://www.wikidata.org/entity/Q19787390
OL2274431A,William Ebenstein,1,Q18911354,William Ebenstein,political science scholar,http://www.wikidata.org/entity/Q18911354
OL5717154A,William Ebenstein,1,Q18911354,William Ebenstein,political science scholar,http://www.wikidata.org/entity/Q18911354
OL21503A,Sarah Trenholm,1,Q112393583,Sarah Trenholm,,http://www.wikidata.org/entity/Q112393583
OL1879979A,Arthur Jensen,1,Q441910,Arthur Jensen,Danish actor (1897-1981),http://www.wikidata.org/entity/Q441910
OL1879979A,Arthur Jensen,2,Q710027,Arthur R. Jensen,American professor of educational psychology (1923-2012),http://www.wikidata.org/entity/Q710027
OL1879979A,Arthur Jensen,3,Q123937869,Arthur Jensen,American professor emeritus at Syracuse University Department of Communication & Rhetorical Studies,http://www.wikidata.org/entity/Q123937869
OL1879979A,Arthur Jensen,4,Q112393578,Arthur Jensen,1954-,http://www.wikidata.org/entity/Q112393578
OL1879979A,Arthur Jensen,5,Q95308145,Arthur Jensen,German artist,http://www.wikidata.org/entity/Q95308145
OL226398A,Malcolm Barnard,1,Q96606655,Malcolm A Barnard,researcher,http://www.wikidata.org/entity/Q96606655
OL226398A,Malcolm Barnard,2,Q61182641,Barnard Malcolm,(born 1958),http://www.wikidata.org/entity/Q61182641
OL454516A,Paul Martin Lester,1,Q7152242,Paul Martin Lester,American academic,http://www.wikidata.org/entity/Q7152242
OL541535A,Roy Blake,1,Q141036465,"Roy Blakey, Ice Show Performer and Archivist, Is Dead at 94","The New York Times article (September 30, 2024)",http://www.wikidata.org/entity/Q141036465
OL541535A,Roy Blake,2,Q6112987,Roy Blakey,American photographer (1930–2024),http://www.wikidata.org/entity/Q6112987
OL541535A,Roy Blake,3,Q108541519,Roy Blake,Wikimedia disambiguation page,http://www.wikidata.org/entity/Q108541519
OL395659A,John G. Proakis,1,Q20203470,John G. Proakis,American electrical engineer,http://www.wikidata.org/entity/Q20203470
OL536194A,Leon W. Couch,1,Q112458670,Leon W. Couch,,http://www.wikidata.org/entity/Q112458670
OL219702A,William B. Gudykunst,1,Q20723884,William Gudykunst,sociologist (1947-2005),http://www.wikidata.org/entity/Q20723884
OL1121414A,Young Yun Kim,1,Q122582777,Young Yun Kim,,http://www.wikidata.org/entity/Q122582777
OL1121414A,Young Yun Kim,2,Q93115797,Young Yun Kim,researcher (ORCID 0000-0002-6305-0182),http://www.wikidata.org/entity/Q93115797
OL1121414A,Young Yun Kim,3,Q91495926,Young Yun Kim,researcher (ORCID 0000-0002-4425-9976),http://www.wikidata.org/entity/Q91495926
OL2638683A,William Gudykunst,1,Q20723884,William Gudykunst,sociologist (1947-2005),http://www.wikidata.org/entity/Q20723884
OL223621A,Katherine Miller,1,Q25273299,Katherine Miller,translator,http://www.wikidata.org/entity/Q25273299
OL223621A,Katherine Miller,2,Q75520188,Katherine Miller,(born 1957),http://www.wikidata.org/entity/Q75520188
OL223621A,Katherine Miller,3,Q43396000,Katherine Miller,Accused of witchcraft,http://www.wikidata.org/entity/Q43396000
OL223621A,Katherine Miller,4,Q43392017,Katherine Miller,accused of witchcraft,http://www.wikidata.org/entity/Q43392017
OL223621A,Katherine Miller,5,Q26260221,Katherine Miller,Brazilian-American fencer,http://www.wikidata.org/entity/Q26260221
OL444993A,Mark L. Knapp,1,Q6768451,Mark L. Knapp,American academic,http://www.wikidata.org/entity/Q6768451
OL1239241A,Judith A. Hall,1,Q89263098,Judith A. Hall,American social psychologist,http://www.wikidata.org/entity/Q89263098
OL2635513A,Locker,1,Q16872405,Locker,family name,http://www.wikidata.org/entity/Q16872405
OL2635513A,Locker,2,Q106042725,Locker,given name,http://www.wikidata.org/entity/Q106042725
OL2635513A,Locker,3,Q105763610,Löcker,family name,http://www.wikidata.org/entity/Q105763610
OL2635513A,Locker,4,Q216045,Lockerbie,"town in Dumfries and Galloway, Scotland, UK",http://www.wikidata.org/entity/Q216045
OL2635513A,Locker,5,Q1195470,locker,lockable storage compartment,http://www.wikidata.org/entity/Q1195470
OL229901A,John Vivian,1,Q6227494,John Vivian,English Liberal politician; (1818-1879),http://www.wikidata.org/entity/Q6227494
OL229901A,John Vivian,2,Q116026111,John Vivian,Abt 1525 - Bef 7 Feb 1590,http://www.wikidata.org/entity/Q116026111
OL229901A,John Vivian,3,Q116026113,John Vivian,"Abt 1458 Trenowith, Cornwall - 8 Oct 1545 St.Columb Major, Cornwall",http://www.wikidata.org/entity/Q116026113
OL229901A,John Vivian,4,Q137718165,John Vivian,"English barrister, 1756-1828",http://www.wikidata.org/entity/Q137718165
OL229901A,John Vivian,5,Q100942271,John Vivian,college basketball player (1993–1993) Illinois,http://www.wikidata.org/entity/Q100942271
OL886345A,Albert Mehrabian,1,Q609529,Albert Mehrabian,American psychologist,http://www.wikidata.org/entity/Q609529
OL220594A,B. P. Lathi,1,Q112431724,Bhagwandas Pannalal Lathi,,http://www.wikidata.org/entity/Q112431724
OL2870600A,Zhi Ding,1,Q102704022,Zhi Ding,Ph.D. Cornell University 1990,http://www.wikidata.org/entity/Q102704022
OL2870600A,Zhi Ding,2,Q112433511,Zhi Ding,1962-,http://www.wikidata.org/entity/Q112433511
OL2870600A,Zhi Ding,3,Q60668041,Zhi Ding,researcher ORCID ID = 0000-0002-2649-2125,http://www.wikidata.org/entity/Q60668041
OL2870600A,Zhi Ding,4,Q88260838,Zhi Ding,researcher (ORCID 0000-0002-2112-1835),http://www.wikidata.org/entity/Q88260838
OL2870600A,Zhi Ding,5,Q45602901,Zhi Ding,Ming dynasty person CBDB = 131679,http://www.wikidata.org/entity/Q45602901
OL21137A,Julia T. Wood,1,Q29583260,Julia Wood,professor and author,http://www.wikidata.org/entity/Q29583260
OL26076A,Joseph R. Dominick,1,Q112388328,Joseph R. Dominick,,http://www.wikidata.org/entity/Q112388328
OL4331371A,Everett M. Rogers,1,Q3061477,Everett Rogers,American academic,http://www.wikidata.org/entity/Q3061477
OL1122332A,Timothy Pratt,1,Q112358326,Timothy Pratt,researcher in New Zealand,http://www.wikidata.org/entity/Q112358326
OL2778097A,Agency for Instructional Technology,1,Q4692009,Agency for Instructional Technology,US non-profit distributor of educational television programs,http://www.wikidata.org/entity/Q4692009
OL27404A,Stanley J. Baran,1,Q93261840,Stanley J. Baran,,http://www.wikidata.org/entity/Q93261840
OL1655495A,Dennis K. Davis,1,Q112510316,Dennis K. Davis,"(1945–?) American university professor emeritus in the field of media studies, dealing with mass communication.",http://www.wikidata.org/entity/Q112510316
OL224907A,Daniel Goleman,1,Q351701,Daniel Goleman,American psychologist and journalist,http://www.wikidata.org/entity/Q351701
OL224907A,Daniel Goleman,2,Q22980031,Daniel Goleman: Why aren't we more compassionate?,TED2007,http://www.wikidata.org/entity/Q22980031
OL224907A,Daniel Goleman,3,Q115229046,"Daniel Goleman and Richard J. Davidson: Altered Traits: Science Reveals How Meditation Changes Your Mind, Brain, and Body. Avery, New York, NY, 2017, 336 pp",scientific article published in 2021,http://www.wikidata.org/entity/Q115229046
OL1433906A,Travis Bradberry,1,Q17986043,Travis Bradberry,American business writer,http://www.wikidata.org/entity/Q17986043
OL3010389A,Jean Greaves,1,Q130797164,Jean Greaves,,http://www.wikidata.org/entity/Q130797164
OL3010389A,Jean Greaves,2,Q119428227,"Jean Greaves, Nursing Officer, Theatre Unit","painting by C. Hilton, The Robert Jones and Agnes Hunt Orthopaedic and District Hospital",http://www.wikidata.org/entity/Q119428227
OL619876A,Tom Parks,1,Q116501531,Tom Parks,rugby league footballer,http://www.wikidata.org/entity/Q116501531
OL619876A,Tom Parks,2,Q100896101,Tom Parks,basketball player,http://www.wikidata.org/entity/Q100896101
OL619876A,Tom Parks,3,Q100896100,Tom Parks,college basketball player (2009–2010) Youngstown State,http://www.wikidata.org/entity/Q100896100
OL619876A,Tom Parks,4,Q53369536,Tom Parks,researcher,http://www.wikidata.org/entity/Q53369536
OL2877610A,Peter Salovey,1,Q2077999,Peter Salovey,American social psychologist and former president of Yale University,http://www.wikidata.org/entity/Q2077999
OL384616A,Jeanne Segal,1,Q126265779,Jeanne Segal,,http://www.wikidata.org/entity/Q126265779
OL387802A,Gerald Matthews,1,Q112475877,Gerald Matthews,research professor,http://www.wikidata.org/entity/Q112475877
OL387802A,Gerald Matthews,2,Q96066221,Gerald Matthews,researcher (ORCID 0000-0003-4869-338X),http://www.wikidata.org/entity/Q96066221
OL387802A,Gerald Matthews,3,Q90589346,Gerald Matthews,researcher (ORCID 0000-0002-2789-9955),http://www.wikidata.org/entity/Q90589346
OL387802A,Gerald Matthews,4,Q75768381,Gerald Matthews Balding,Peerage person ID=324368,http://www.wikidata.org/entity/Q75768381
OL387802A,Gerald Matthews,5,Q5548923,"Gerald Barnard Balding, Sr.",British polo player,http://www.wikidata.org/entity/Q5548923
OL10170844A,Emotional Pathway,1,Q137435786,Emotional Pathways of Embodied Health Vulnerability: Maternal Health Risk and Emotional Distress among First‐ and Second‐Generation Immigrants on the US‐Mexico Border,scholarly article published in Ethos (2020),http://www.wikidata.org/entity/Q137435786
OL10170844A,Emotional Pathway,2,Q74847540,Emotional pathways--ways to raise sinking staff morale,scientific article published on 01 February 1996,http://www.wikidata.org/entity/Q74847540
OL10170844A,Emotional Pathway,3,Q89933546,Emotional Pathways to the Biological Embodiment of Racial Discrimination Experiences,scientific article published on 26 February 2020,http://www.wikidata.org/entity/Q89933546
OL2828055A,Annie McKee,1,Q112374564,Annie McKee,,http://www.wikidata.org/entity/Q112374564
OL2828055A,Annie McKee,2,Q141355257,Annie McKee Henry,(1840-1895),http://www.wikidata.org/entity/Q141355257
OL2828055A,Annie McKee,3,Q76371265,Annie McKee Armstrong,Peerage person ID=717752,http://www.wikidata.org/entity/Q76371265
OL401772A,Richard E. Boyatzis,1,Q7324289,Richard Boyatzis,American business theorist,http://www.wikidata.org/entity/Q7324289
OL3477155A,Jill Dann,1,Q15994393,Jill Dann,"British IT Professional and Manager,",http://www.wikidata.org/entity/Q15994393
OL11026215A,Tanvir Shakil,1,Q61283843,Tanvir S. Joy,Bangladeshi politician,http://www.wikidata.org/entity/Q61283843
OL1520541A,Ralf Schulze,1,Q102400689,Ralf Schulze,Dr. rer. nat. Universität Leipzig 1982,http://www.wikidata.org/entity/Q102400689
OL1520541A,Ralf Schulze,2,Q74318893,Ralf Schulze,researcher (ORCID 0000-0002-7880-0046),http://www.wikidata.org/entity/Q74318893
OL1520541A,Ralf Schulze,3,Q91755565,Ralf Schulze,researcher (ORCID 0000-0001-5780-8973),http://www.wikidata.org/entity/Q91755565
OL1520541A,Ralf Schulze,4,Q139326891,Ralf Schulze,,http://www.wikidata.org/entity/Q139326891
OL1520541A,Ralf Schulze,5,Q139510513,Ralf Schulze,,http://www.wikidata.org/entity/Q139510513
OL3288778A,Richard D. Roberts,1,Q2149270,Richard D. Roberts,badminton player,http://www.wikidata.org/entity/Q2149270
OL2795790A,Chris Hinton,1,Q1086746,Christopher Hinton,Canadian film animator and professor,http://www.wikidata.org/entity/Q1086746
OL2795790A,Chris Hinton,2,Q2964738,Chris Hinton,American football player,http://www.wikidata.org/entity/Q2964738
OL2804175A,Steven J. Stein,1,Q102152794,Steven J. Steinsaltz,Ph.D. The Johns Hopkins University 1991,http://www.wikidata.org/entity/Q102152794
OL2804175A,Steven J. Stein,2,Q91268738,Steven J. Steiner,professor of pediatrics,http://www.wikidata.org/entity/Q91268738
OL27373A,Hendrie Weisinger,1,Q132131512,Hendrie Weisinger,,http://www.wikidata.org/entity/Q132131512
OL3203461A,Harvard Business Review Press,1,Q3783574,Harvard Business Publishing,United States publishing company,http://www.wikidata.org/entity/Q3783574
OL391748A,Claude Steiner,1,Q130253530,Claude Steiner,artist,http://www.wikidata.org/entity/Q130253530
OL391748A,Claude Steiner,2,Q2978179,Claude Steiner,American psychotherapist & psychologist,http://www.wikidata.org/entity/Q2978179
OL2629173A,Paul Perry,1,Q7152918,Paul Perry,Australian horse trainer,http://www.wikidata.org/entity/Q7152918
OL2629173A,Paul Perry,2,Q7152920,Paul Perry,American writer,http://www.wikidata.org/entity/Q7152920
OL2629173A,Paul Perry,3,Q60036897,Paul Perry,"1972-; b. Dublin; author of The Drowning of the Saints (2003), d&eacute;but poetry collection from 1998 Hennessy New Irish Writer; James Michener fellow of creative writing, Miami Univ.; poetry fellow, Houston, Texas; and 2002 Listowel Poetry prizewi",http://www.wikidata.org/entity/Q60036897
OL2629173A,Paul Perry,4,Q16824744,Paul Perry,Wikimedia disambiguation page,http://www.wikidata.org/entity/Q16824744
OL2629173A,Paul Perry,5,Q83962713,Paul Perry,American cinematographer (1891-1963),http://www.wikidata.org/entity/Q83962713
OL8387486A,Daniel Brain,1,Q125417260,"Daniel Brainerd, Jr.",,http://www.wikidata.org/entity/Q125417260
OL8387486A,Daniel Brain,2,Q5216645,Daniel Brainard,American surgeon (1812–1866),http://www.wikidata.org/entity/Q5216645
OL8387486A,Daniel Brain,3,Q43372473,Daniel Brainard,entry in American Medical Biographies,http://www.wikidata.org/entity/Q43372473
OL8387486A,Daniel Brain,4,Q36642246,Daniel Brainard--pioneering surgeon and teacher,scientific article published on January 1981,http://www.wikidata.org/entity/Q36642246
OL7949151A,James W. Williams,1,Q110228630,James W. Williams,American painter (1787–1872),http://www.wikidata.org/entity/Q110228630
OL7949151A,James W. Williams,2,Q96211579,James W. Williams,Confederate soldier who served in the 4th and 16th Georgia Infantry Regiments during the Civil War,http://www.wikidata.org/entity/Q96211579
OL7949151A,James W. Williams,3,Q109886364,James W. Williamson,,http://www.wikidata.org/entity/Q109886364
OL2664659A,Linda Wasmer Andrews,1,Q112444358,Linda Wasmer Andrews,,http://www.wikidata.org/entity/Q112444358
OL223996A,Moshe Zeidner,1,Q112420836,Moshe Zeidner,,http://www.wikidata.org/entity/Q112420836
OL3138260A,Joseph Ciarrochi,1,Q47503195,Joseph Ciarrochi,researcher,http://www.wikidata.org/entity/Q47503195
OL1158001A,Daniel Coleman,1,Q104842230,Daniel Coleman,American judge,http://www.wikidata.org/entity/Q104842230
OL1158001A,Daniel Coleman,2,Q126849112,Daniel Coleman,candidate in the 2024 United Kingdom general election,http://www.wikidata.org/entity/Q126849112
OL1158001A,Daniel Coleman,3,Q112537730,Daniel Coleman,,http://www.wikidata.org/entity/Q112537730
OL1158001A,Daniel Coleman,4,Q85190915,Daniel J Coleman,researcher,http://www.wikidata.org/entity/Q85190915
OL1158001A,Daniel Coleman,5,Q75838725,Daniel Coleman,Scottish politician,http://www.wikidata.org/entity/Q75838725
OL1008395A,Margaret Chapman,1,Q107198452,Margaret Chapman,New Zealand rural community leader,http://www.wikidata.org/entity/Q107198452
OL1008395A,Margaret Chapman,2,Q124725816,Margaret Chapman,10 Dec 1675 - est. 21 Dec 1750,http://www.wikidata.org/entity/Q124725816
OL1008395A,Margaret Chapman,3,Q6759262,Margaret Chapman,British artist (1940-2000),http://www.wikidata.org/entity/Q6759262
OL1008395A,Margaret Chapman,4,Q92268216,Margaret P Chapman,researcher (ORCID 0000-0002-2483-6545),http://www.wikidata.org/entity/Q92268216
OL1008395A,Margaret Chapman,5,Q75907439,Margaret Daisy Echlin,Peerage person ID=395691,http://www.wikidata.org/entity/Q75907439
OL3094702A,Ryan James,1,Q110717720,Ryan James,"PhD, University of Washington, 2019",http://www.wikidata.org/entity/Q110717720
OL3094702A,Ryan James,2,Q109282984,Ryan James,United States rugby union player,http://www.wikidata.org/entity/Q109282984
OL3094702A,Ryan James,3,Q514020,Ryan Eggold,"American actor, musician and singer",http://www.wikidata.org/entity/Q514020
OL3094702A,Ryan James,4,Q48123201,Ryan G. James,computer scientist,http://www.wikidata.org/entity/Q48123201
OL3094702A,Ryan James,5,Q705213,Ryan Howard,American baseball player (born 1979),http://www.wikidata.org/entity/Q705213
OL14948835A,Eric Robertson,1,Q18875853,Eric Robertson,Scottish painter; (1887-1941),http://www.wikidata.org/entity/Q18875853
OL14948835A,Eric Robertson,2,Q125630933,Eric Robertson,writer,http://www.wikidata.org/entity/Q125630933
OL14948835A,Eric Robertson,3,Q121130219,Eric Robertson,"jewelry artist, mixed-media artist (born 1959)",http://www.wikidata.org/entity/Q121130219
OL14948835A,Eric Robertson,4,Q1351592,Eric Robertson,Scottish composer and musician in Canada,http://www.wikidata.org/entity/Q1351592
OL14948835A,Eric Robertson,5,Q5386499,Eric Forbes-Robertson,British artist (1865-1935),http://www.wikidata.org/entity/Q5386499
OL1357185A,John Eaton,1,Q100447264,John Eaton,"Abt 1487 Rowington, Warwickshire - 4 Jan 1548 Rowington, Warwickshire",http://www.wikidata.org/entity/Q100447264
OL1357185A,John Eaton,2,Q6231077,John Eaton,Royal Navy admiral,http://www.wikidata.org/entity/Q6231077
OL1357185A,John Eaton,3,Q117317984,John Eaton,illustrator (1942-),http://www.wikidata.org/entity/Q117317984
OL1357185A,John Eaton,4,Q125324681,John Eaton,British architect,http://www.wikidata.org/entity/Q125324681
OL1357185A,John Eaton,5,Q878759,John Eaton,American politician and diplomat (1790-1856),http://www.wikidata.org/entity/Q878759
OL2879317A,Roy Johnson,1,Q111323754,Louis L. 'Roy' Johnson,American politician,http://www.wikidata.org/entity/Q111323754
OL2879317A,Roy Johnson,2,Q111318547,Roy M. Johnson,American politician (1908–1994),http://www.wikidata.org/entity/Q111318547
OL2879317A,Roy Johnson,3,Q60735979,Roy Johnson,Bermudian boxer,http://www.wikidata.org/entity/Q60735979
OL2879317A,Roy Johnson,4,Q75759234,Roy Johnson,Peerage person ID=319586,http://www.wikidata.org/entity/Q75759234
OL2879317A,Roy Johnson,5,Q16011597,Roy Johnson,American baseball player and coach,http://www.wikidata.org/entity/Q16011597
OL11121520A,Tyler Dawson,1,Q136623935,Tyler Dawson,Israeli basketball player (born 1997),http://www.wikidata.org/entity/Q136623935
OL385663A,Allan Afuah,1,Q139435257,Allan Afuah,,http://www.wikidata.org/entity/Q139435257
OL3083143A,Paul Trott,1,Q114567519,Paul Trott,,http://www.wikidata.org/entity/Q114567519
OL3083143A,Paul Trott,2,Q100936777,Paul Trotti,college basketball player (1997–2000) Georgia Tech,http://www.wikidata.org/entity/Q100936777
OL7504235A,John R. Bessant,1,Q112404322,J. R. Bessant,,http://www.wikidata.org/entity/Q112404322
OL2476984A,Keith Goffin,1,Q112424583,Keith Goffin,,http://www.wikidata.org/entity/Q112424583
OL7208428A,Mark Dodgson,1,Q6767387,Mark Dodgson,Australian academic,http://www.wikidata.org/entity/Q6767387
OL834892A,Mark Dodgson,1,Q6767387,Mark Dodgson,Australian academic,http://www.wikidata.org/entity/Q6767387
OL2952465A,Rick Mitchell,1,Q2095228,Rick Mitchell,Australian sprinter (1955–2021),http://www.wikidata.org/entity/Q2095228
OL2952465A,Rick Mitchell,2,Q112424584,Rick Mitchell,,http://www.wikidata.org/entity/Q112424584
OL2952465A,Rick Mitchell,3,Q102128811,Rick Mitchell,Ph.D. University of Wyoming,http://www.wikidata.org/entity/Q102128811
OL27182A,Mohamed Zairi,1,Q6891571,Mohamed Zairi,"British academic, author",http://www.wikidata.org/entity/Q6891571
OL240826A,Clayton M. Christensen,1,Q5130292,Clayton Christensen,American economist (1952-2020),http://www.wikidata.org/entity/Q5130292
OL9988320A,Andreas Tan,1,Q106971302,Andreas Tanuseputra,,http://www.wikidata.org/entity/Q106971302
OL9988320A,Andreas Tan,2,Q109698097,Andreas Tanadjaya,Indonesian political candidate,http://www.wikidata.org/entity/Q109698097
OL9988320A,Andreas Tan,3,Q113843054,Andreas Tandler-Schneider,,http://www.wikidata.org/entity/Q113843054
OL9988320A,Andreas Tan,4,Q95845790,Andreas Tanner,,http://www.wikidata.org/entity/Q95845790
OL9988320A,Andreas Tan,5,Q4755641,Andreas Tanberg Gløersen,Norwegian forest manager (1836-1904),http://www.wikidata.org/entity/Q4755641
OL9745658A,Jan van den Ende,1,Q102351630,Jan van den Ende,Ph.D. Technische Universiteit Delft 1994,http://www.wikidata.org/entity/Q102351630
OL9745658A,Jan van den Ende,2,Q2138371,Jan van den Ende,Dutch film director (1922-2008),http://www.wikidata.org/entity/Q2138371
OL9745658A,Jan van den Ende,3,Q19664782,Jan van den Ende,Dutch business theorist,http://www.wikidata.org/entity/Q19664782
OL9745658A,Jan van den Ende,4,Q82985262,Jan van den Ende,,http://www.wikidata.org/entity/Q82985262
OL9745658A,Jan van den Ende,5,Q64614644,Jan van den Enden,drawing in the National Gallery of Art (NGA 158362),http://www.wikidata.org/entity/Q64614644
OL7526080A,Ina Goller,1,Q112545666,Ina Goller,,http://www.wikidata.org/entity/Q112545666
OL3410106A,Pervaiz Ahmed,1,Q59627624,Pervaiz Ahmed,politician in Pakistan,http://www.wikidata.org/entity/Q59627624
OL3410106A,Pervaiz Ahmed,2,Q138843018,Pervaiz Ahmed,Pakistani footballer (born 1967),http://www.wikidata.org/entity/Q138843018
OL1398890A,Pervaiz K. Ahmed,1,Q104671323,Pervaiz K. Ahmed – Lim Kwang Kok – Ann Y.E. Loh. Learning through knowledge management,scientific article published in Bollettino AIB,http://www.wikidata.org/entity/Q104671323
OL7084372A,Alexander Brem,1,Q43196955,Alexander Brem,German researcher and professor,http://www.wikidata.org/entity/Q43196955
OL7084372A,Alexander Brem,2,Q16937609,Alexander Brem,German voice actor,http://www.wikidata.org/entity/Q16937609
OL7084372A,Alexander Brem,3,Q139511742,Alexander Bremer,,http://www.wikidata.org/entity/Q139511742
OL7084372A,Alexander Brem,4,Q137328600,Alexander Bremer,,http://www.wikidata.org/entity/Q137328600
OL7084372A,Alexander Brem,5,Q87180380,Alexander Minorita,,http://www.wikidata.org/entity/Q87180380
OL225185A,Eric Viardot,1,Q101560156,Eric Viardot,"Éric Viardot, EADA Business School",http://www.wikidata.org/entity/Q101560156
OL7349537A,Stefano Biazzo,1,Q139447974,Stefano Biazzo,,http://www.wikidata.org/entity/Q139447974
OL9575127A,Roberto Filippini,1,Q130921881,Roberto Filippini,researcher (ORCID 0009-0007-3443-1174),http://www.wikidata.org/entity/Q130921881
OL9575127A,Roberto Filippini,2,Q21553194,Roberto Filippini,Italian bishop,http://www.wikidata.org/entity/Q21553194
OL7356617A,Carolina Machado,1,Q57018851,Carolina B Machado,researcher,http://www.wikidata.org/entity/Q57018851
OL7356617A,Carolina Machado,2,Q100390566,Carolina Machado Martinelli Lobo,researcher,http://www.wikidata.org/entity/Q100390566
OL7356617A,Carolina Machado,3,Q5044879,Carolina Oliveira,actress,http://www.wikidata.org/entity/Q5044879
OL7356617A,Carolina Machado,4,Q112506906,Carolina Feliciana de Sá Cunha Machado,,http://www.wikidata.org/entity/Q112506906
OL6582933A,J. Paulo Davim,1,Q64691563,J. Paulo Davim,"born:1964-02-05|; Davim, J. Paulo 1964-; Davim, João Paulo; Davim, J. P., 1964-; Davim, João Paulo, 1964-",http://www.wikidata.org/entity/Q64691563
OL6862634A,Patrick van der Duin,1,Q112539001,Patrick van der Duin,,http://www.wikidata.org/entity/Q112539001
OL6862634A,Patrick van der Duin,2,Q20895325,Patrick van der Duin,cyclist,http://www.wikidata.org/entity/Q20895325
OL7888682A,Roland Ortt,1,Q112343175,Joan Roland Ortt,,http://www.wikidata.org/entity/Q112343175
OL4155296A,Jin Chen,1,Q27613218,Jin Chen,badminton player,http://www.wikidata.org/entity/Q27613218
OL4155296A,Jin Chen,2,Q101051974,Jin Chen,researcher ORCID 0000-0002-0259-7483,http://www.wikidata.org/entity/Q101051974
OL4155296A,Jin Chen,3,Q112041220,Jin Chen,Art und performance,http://www.wikidata.org/entity/Q112041220
OL4155296A,Jin Chen,4,Q56420302,Jin Chen,researcher ORCID: 0000-0002-6497-4141,http://www.wikidata.org/entity/Q56420302
OL4155296A,Jin Chen,5,Q55189464,Jin Chen,physician,http://www.wikidata.org/entity/Q55189464
OL7112037A,Poh Kam Wong,1,Q102621966,Poh Kam Wong,Ph.D. Massachusetts Institute of Technology 1979,http://www.wikidata.org/entity/Q102621966
OL7112037A,Poh Kam Wong,2,Q133766355,Poh-Kam Wong,,http://www.wikidata.org/entity/Q133766355
OL8469889A,David Sarpong,1,Q105181629,David Sarpong Boateng,Ghanaian politician,http://www.wikidata.org/entity/Q105181629
OL4114926A,Dirk Meissner,1,Q1227970,Dirk Meissner,German draughtsperson,http://www.wikidata.org/entity/Q1227970
OL4114926A,Dirk Meissner,2,Q58064401,Dirk Meissner,"researcher, ORCID id # 0000-0003-4573-0376",http://www.wikidata.org/entity/Q58064401
OL4114926A,Dirk Meissner,3,Q138957760,Dirk Meißner,,http://www.wikidata.org/entity/Q138957760
OL389509A,Stuart Macdonald,1,Q112546051,Stuart MacDonald,British professor of criminal law,http://www.wikidata.org/entity/Q112546051
OL389509A,Stuart Macdonald,2,Q57317387,Stuart J Macdonald,British American professor of genetics,http://www.wikidata.org/entity/Q57317387
OL389509A,Stuart Macdonald,3,Q123371071,Stuart Elaine Macdonald,American professor of political science,http://www.wikidata.org/entity/Q123371071
OL389509A,Stuart Macdonald,4,Q137136102,Stuart Macdonald,,http://www.wikidata.org/entity/Q137136102
OL389509A,Stuart Macdonald,5,Q111686711,Stuart Brown,American philosopher and academic administrator,http://www.wikidata.org/entity/Q111686711
OL541941A,David Schwartzman,1,Q131374734,David Schwartzman,geologist,http://www.wikidata.org/entity/Q131374734
OL541941A,David Schwartzman,2,Q85246428,David J Schwartzman,researcher,http://www.wikidata.org/entity/Q85246428
OL541941A,David Schwartzman,3,Q95627290,David Schwartzman,researcher,http://www.wikidata.org/entity/Q95627290
OL541941A,David Schwartzman,4,Q24566026,David Schwartzman,Canadian-American economist,http://www.wikidata.org/entity/Q24566026
OL541941A,David Schwartzman,5,Q140408626,David Schwartzman,Wikimedia disambiguation page,http://www.wikidata.org/entity/Q140408626
OL5642597A,Robert Blackburn,1,Q115226576,Robert Blackburn,"English merchant, established in Funchal, Madeira",http://www.wikidata.org/entity/Q115226576
OL5642597A,Robert Blackburn,2,Q75266838,Robert Blackburn,Peerage person ID=23732,http://www.wikidata.org/entity/Q75266838
OL5642597A,Robert Blackburn,3,Q7342130,Robert Blackburn,"African American visual artist, printmaker (1920–2003)",http://www.wikidata.org/entity/Q7342130
OL5642597A,Robert Blackburn,4,Q2156577,Robert Blackburn,British aviation pioneer (1885–1955),http://www.wikidata.org/entity/Q2156577
OL5642597A,Robert Blackburn,5,Q7342131,Robert Blackburn,Irish educator (1927-1990),http://www.wikidata.org/entity/Q7342131
OL3751286A,Ravi Jain,1,Q102304696,Ravi Jain,mathematics researcher; Ph.D. University of Adelaide 1999,http://www.wikidata.org/entity/Q102304696
OL3751286A,Ravi Jain,2,Q140443628,Ravi Jain,engineering researcher,http://www.wikidata.org/entity/Q140443628
OL3751286A,Ravi Jain,3,Q141322167,Ravi Jain Kattula,"Indian politician, District Official Spokesperson YSRCP Eluru",http://www.wikidata.org/entity/Q141322167
OL3751286A,Ravi Jain,4,Q29533519,Ravinder K. Jain,(born 1935),http://www.wikidata.org/entity/Q29533519
OL2671747A,Harry C. Triandis,1,Q43253933,Harry C. Triandis,Greek-American cross-cultural social psychologist,http://www.wikidata.org/entity/Q43253933
OL9730645A,Kristian Wasén,1,Q112545640,Kristian Wasén,scientist,http://www.wikidata.org/entity/Q112545640
OL10520311A,Jordi Diaz,1,Q57413095,Jordi Diaz,researcher ORCID id 0000-0003-1801-0541,http://www.wikidata.org/entity/Q57413095
OL10520311A,Jordi Diaz,2,Q61758337,Jordi Diaz,researcher ORCID ID = 0000-0002-3413-9380,http://www.wikidata.org/entity/Q61758337
OL10520311A,Jordi Diaz,3,Q11928295,Jordi Díaz,Spanish actor,http://www.wikidata.org/entity/Q11928295
OL10520311A,Jordi Diaz,4,Q50717158,Jordi Díaz-Manera,researcher,http://www.wikidata.org/entity/Q50717158
OL10520311A,Jordi Diaz,5,Q58273582,Jordi Díaz-Ferrero,"researcher, ORCID id # 0000-0002-5899-7048",http://www.wikidata.org/entity/Q58273582
OL952123A,Tom R. Burns,1,Q2440014,Tom R. Burns,American sociologist,http://www.wikidata.org/entity/Q2440014
OL7411684A,G. M. Stalker,1,Q124644134,G. M. Stalker,,http://www.wikidata.org/entity/Q124644134
OL7411684A,G. M. Stalker,2,Q106427710,Gilbert M. Stalker,"politician in Massachusetts, US",http://www.wikidata.org/entity/Q106427710
OL2680351A,Rob Dekkers,1,Q112530278,Rob Dekkers,scientist,http://www.wikidata.org/entity/Q112530278
OL9987515A,Patricia Ordoñez de,1,Q105882967,Patricia Ordóñez de Pablos,,http://www.wikidata.org/entity/Q105882967
OL7770816A,Kwok Tai Chui,1,Q60372505,Kwok Tai Chui,researcher ORCID ID = 0000-0001-7992-9901,http://www.wikidata.org/entity/Q60372505
OL7770816A,Kwok Tai Chui,2,Q133681041,Kwok Tai Chui,,http://www.wikidata.org/entity/Q133681041
OL9362244A,Wendy Wu,1,Q101052057,Wendy Wu,researcher,http://www.wikidata.org/entity/Q101052057
OL9362244A,Wendy Wu,2,Q951101,Wendy Wu: Homecoming Warrior,2006 television film directed by John Laing,http://www.wikidata.org/entity/Q951101
OL9362244A,Wendy Wu,3,Q42522035,Wendy Wu,character from 2006 film 'Wendy Wu: Homecoming Warrior',http://www.wikidata.org/entity/Q42522035
OL9362244A,Wendy Wu,4,Q79517760,Wendy G Wu,researcher,http://www.wikidata.org/entity/Q79517760
OL9362244A,Wendy Wu,5,Q75260258,Wendy Margaret Wuerzer,(born 1951),http://www.wikidata.org/entity/Q75260258
OL15010118A,Patricia Ordonez,1,Q105882967,Patricia Ordóñez de Pablos,,http://www.wikidata.org/entity/Q105882967
OL13696132A,Andreea Claudia Serban,1,Q140137286,Andreea Claudia Şerban,,http://www.wikidata.org/entity/Q140137286
